iteration,Episode_Reward/action_rate,Episode_Reward/batting,Episode_Reward/failure,Episode_Reward/upright,Episode_Termination/fallen,Episode_Termination/invalid_contact,Episode_Termination/time_out,Loss/entropy,Loss/learning_rate,Loss/surrogate,Loss/value,Perf/collection_time,Perf/learning_time,Perf/total_fps,Policy/mean_std,Train/mean_episode_length,Train/mean_reward,reward/action_rate,reward/batting,reward/failure,reward/upright
0,,,,,,,,-1.3485685586929321,2.9629629352712072e-05,-0.03065662644803524,5.374235153198242,0.10857081413269043,0.03396916389465332,673.0,0.1992369145154953,14.0,-4.6896491050720215,-0.0055766236037015915,1.3122481107711792,-7.8125,0.9999095797538757
1,,,,,,,,-1.3646504878997803,0.0005062500131316483,-0.010111873969435692,4.973903179168701,0.08705902099609375,0.013683080673217773,952.0,0.19888551533222198,14.285714149475098,-4.690367221832275,-0.005575126502662897,0.1563696712255478,-10.416666984558105,0.9997180104255676
2,,,,,,,,-1.3631699085235596,4.444444493856281e-05,-0.03502660617232323,3.6999034881591797,0.08864068984985352,0.01009821891784668,972.0,0.19933092594146729,18.799999237060547,-4.554034233093262,-0.005047904793173075,0.22434969246387482,-7.8125,0.9998242259025574
3,,,,,,,,-1.3569955825805664,9.999999747378752e-05,-0.017846500501036644,0.9616206884384155,0.0875098705291748,0.010390758514404297,980.0,0.1993122100830078,24.33333396911621,-3.836153030395508,-0.00530967116355896,0.21222162246704102,-2.6041667461395264,0.9997443556785583
4,,,,,,,,-1.3620877265930176,9.999999747378752e-05,-0.013562190346419811,0.09124518930912018,0.07759714126586914,0.010259151458740234,1092.0,0.19908049702644348,24.33333396911621,-3.836153030395508,-0.006289450917392969,0.16248424351215363,0.0,0.9996358752250671
5,,,,,,,,-1.3588730096817017,6.666666740784422e-05,-0.012679527513682842,0.03273887559771538,0.07586097717285156,0.009950876235961914,1118.0,0.19953159987926483,24.33333396911621,-3.836153030395508,-0.005773937329649925,4.8930556658888236e-05,0.0,0.9997375011444092
6,,,,,,,,-1.342552900314331,0.0001500000071246177,-0.016816971823573112,0.023403972387313843,0.0807349681854248,0.009937763214111328,1058.0,0.2001127004623413,35.14285659790039,-2.975247383117676,-0.005961614195257425,0.0010782616445794702,0.0,0.9997943043708801
7,,,,,,,,-1.31818425655365,0.0001500000071246177,-0.023042764514684677,0.05363473668694496,0.08316588401794434,0.009871959686279297,1031.0,0.20087286829948425,43.25,-2.3294332027435303,-0.005353904794901609,0.22710025310516357,0.0,0.9997450709342957
8,,,,,,,,-1.297080397605896,6.666666740784422e-05,-0.027183111757040024,2.2908565998077393,0.08549785614013672,0.011039972305297852,994.0,0.20118874311447144,41.82352828979492,-2.453773260116577,-0.005558361764997244,1.6796709299087524,-2.6041667461395264,0.9996256828308105
9,,,,,,,,-1.292386770248413,0.0001500000071246177,-0.024959877133369446,0.055127065628767014,0.08019804954528809,0.009983062744140625,1064.0,0.20125757157802582,41.82352828979492,-2.453773260116577,-0.005896805319935083,0.11636928468942642,0.0,0.9996991753578186
10,,,,,,,,-1.2920770645141602,6.666666740784422e-05,-0.024349061772227287,2.010045289993286,0.08355522155761719,0.010630130767822266,1019.0,0.20121583342552185,46.894737243652344,-2.098457098007202,-0.005667844321578741,3.2577441743342206e-05,-2.6041667461395264,0.999769926071167
11,,,,,,,,-1.2905999422073364,9.999999747378752e-05,-0.028858603909611702,1.924753189086914,0.08550119400024414,0.010026931762695312,1004.0,0.20135407149791718,50.47618865966797,-1.9556612968444824,-0.006853241007775068,0.32244428992271423,-2.6041667461395264,0.9997236132621765
12,,,,,,,,-1.2842917442321777,6.666666740784422e-05,-0.03327705338597298,0.06226213276386261,0.07570886611938477,0.010476112365722656,1113.0,0.20153886079788208,50.47618865966797,-1.9556612968444824,-0.0053766765631735325,0.11003831028938293,0.0,0.9995589256286621
13,,,,,,,,-1.282444715499878,0.00022499999613501132,-0.00744966184720397,0.024608425796031952,0.07592916488647461,0.010601043701171875,1109.0,0.2014615684747696,50.47618865966797,-1.9556612968444824,-0.005786230321973562,4.601028251727257e-07,0.0,0.9997372627258301
14,,,,,,,,-1.284563660621643,6.666666740784422e-05,-0.01180355530232191,0.013211581856012344,0.08167600631713867,0.010653018951416016,1039.0,0.2015444040298462,54.78260803222656,-1.5944961309432983,-0.005828680004924536,3.266902526277704e-09,0.0,0.9997696876525879
15,,,,,,,,-1.278957486152649,0.0001500000071246177,-0.020871983841061592,0.5375446677207947,0.08937597274780273,0.010594844818115234,960.0,0.20172813534736633,58.400001525878906,-1.291521430015564,-0.0059269187040627,1.2994060516357422,0.0,0.9997833371162415
16,,,,,,,,-1.2811219692230225,9.999999747378752e-05,-0.015277894213795662,0.02740981988608837,0.07738399505615234,0.010509014129638672,1092.0,0.20135442912578583,58.400001525878906,-1.291521430015564,-0.005634377244859934,0.23609542846679688,0.0,0.9995388388633728
17,,,,,,,,-1.2887238264083862,9.999999747378752e-05,-0.03036005236208439,0.00980572123080492,0.07499480247497559,0.009843111038208008,1131.0,0.2014203816652298,58.400001525878906,-1.291521430015564,-0.006234526168555021,7.147591531975195e-05,0.0,0.9997417330741882
18,,,,,,,,-1.2779521942138672,9.999999747378752e-05,-0.016898933798074722,0.008204052224755287,0.07652521133422852,0.010087966918945312,1108.0,0.20195671916007996,60.0,-1.1561588048934937,-0.005776859819889069,4.2223768426975783e-13,0.0,0.999771773815155
19,,,,,,,,-1.2662194967269897,0.000759374990593642,-0.013839262537658215,0.06769033521413803,0.08783531188964844,0.010072708129882812,980.0,0.2019275724887848,64.13793182373047,-0.7375637292861938,-0.005641799420118332,0.21610133349895477,0.0,0.9998300075531006
20,,,,,,,,-1.2807689905166626,0.0001500000071246177,-0.022869354113936424,0.4687575101852417,0.08077883720397949,0.009952068328857422,1058.0,0.2013065665960312,64.13793182373047,-0.7375637292861938,-0.005874052178114653,2.0346081256866455,0.0,0.9995295405387878
21,,,,,,,,-1.3006185293197632,9.999999747378752e-05,-0.01478206180036068,0.0038822649512439966,0.07558608055114746,0.010413169860839844,1116.0,0.20081761479377747,64.13793182373047,-0.7375637292861938,-0.0055684894323349,1.2151916972680255e-10,0.0,0.9996529221534729
22,,,,,,,,-1.3194488286972046,0.0001500000071246177,-0.024137109518051147,2.10876727104187,0.07926774024963379,0.009925127029418945,1076.0,0.19995935261249542,64.26667022705078,-0.7691144347190857,-0.005407261196523905,0.03560832142829895,-2.6041667461395264,0.9998018741607666
23,,,,,,,,-1.3382551670074463,9.999999747378752e-05,-0.021134663373231888,0.059612199664115906,0.0832068920135498,0.01005697250366211,1029.0,0.20013427734375,66.5,-0.5832712650299072,-0.005133402068167925,0.274188756942749,0.0,0.9997376799583435
24,,,,,,,,-1.325819492340088,0.00022499999613501132,-0.02589203603565693,0.02642235718667507,0.08095002174377441,0.010573863983154297,1048.0,0.20042575895786285,67.51515197753906,-0.44699281454086304,-0.005991071462631226,0.17389605939388275,0.0,0.9996446967124939
25,,,,,,,,-1.3146485090255737,9.999999747378752e-05,-0.011698438785970211,0.0022655529901385307,0.07602310180664062,0.01010894775390625,1114.0,0.20089542865753174,67.51515197753906,-0.44699281454086304,-0.0056542824022471905,0.003187980270013213,0.0,0.9997095465660095
26,,,,,,,,-1.303195595741272,9.999999747378752e-05,-0.0228312686085701,0.012913588434457779,0.08022403717041016,0.010445117950439453,1058.0,0.20095039904117584,68.47058868408203,-0.3683061897754669,-0.005416214466094971,0.0004464452213142067,0.0,0.9998143315315247
27,,,,,,,,-1.3159704208374023,0.0003375000087544322,-0.016856631264090538,0.04468424990773201,0.08332586288452148,0.01054692268371582,1022.0,0.1997651606798172,70.22222137451172,-0.22400514781475067,-0.005664069205522537,0.24805916845798492,0.0,0.9997966885566711
28,,,,,,,,-1.367004632949829,9.999999747378752e-05,-0.024526476860046387,0.07365962862968445,0.08143186569213867,0.010531902313232422,1043.0,0.19861948490142822,71.02702331542969,-0.15847034752368927,-0.0050721787847578526,1.0147873163223267,0.0,0.9996418356895447
29,,,,,,,,-1.390405535697937,9.999999747378752e-05,-0.02466481924057007,0.005113194230943918,0.07620000839233398,0.010473012924194336,1107.0,0.19834482669830322,71.02702331542969,-0.15847034752368927,-0.0047590225003659725,0.06731949001550674,0.0,0.9997527003288269
30,,,,,,,,-1.3945845365524292,6.666666740784422e-05,-0.017344605177640915,0.007337911054491997,0.08089494705200195,0.009812355041503906,1058.0,0.1983746588230133,71.78947448730469,-0.09506040811538696,-0.005994707345962524,8.841313388074923e-07,0.0,0.9998784065246582
31,,,,,,,,-1.3924951553344727,9.999999747378752e-05,-0.01783665455877781,0.11943914741277695,0.08550286293029785,0.010965108871459961,995.0,0.1984923630952835,73.19999694824219,0.058656126260757446,-0.005274927709251642,0.9455261826515198,0.0,0.9998189806938171
32,,,,,,,,-1.3901419639587402,9.999999747378752e-05,-0.02882849983870983,0.07713285088539124,0.08131980895996094,0.010917186737060547,1040.0,0.1985180675983429,73.8536605834961,0.11335334926843643,-0.00541689433157444,1.0027923583984375,0.0,0.9996768832206726
33,,,,,,,,-1.3867648839950562,9.999999747378752e-05,-0.027848202735185623,0.014918784610927105,0.07527971267700195,0.010316133499145508,1121.0,0.1986992210149765,73.8536605834961,0.11335334926843643,-0.005460226442664862,0.14433492720127106,0.0,0.9997593760490417
34,,,,,,,,-1.372499942779541,0.0001500000071246177,-0.021355299279093742,0.005996846593916416,0.0776209831237793,0.010340213775634766,1091.0,0.19953779876232147,74.47618865966797,0.20112980902194977,-0.005512135103344917,8.215435087777223e-08,0.0,0.999869167804718
35,,,,,,,,-1.3371140956878662,6.666666740784422e-05,-0.026949699968099594,0.08637531101703644,0.08456182479858398,0.010370016098022461,1011.0,0.200432687997818,75.63636016845703,0.325931578874588,-0.005370394792407751,0.8817481398582458,0.0,0.999851644039154
36,,,,,,,,-1.3128596544265747,0.0001500000071246177,-0.01471068523824215,0.11644203215837479,0.08329987525939941,0.010924100875854492,1018.0,0.20113927125930786,76.17778015136719,0.3693353235721588,-0.006007397081702948,1.7088543176651,0.0,0.999692440032959
37,,,,,,,,-1.295095443725586,6.666666740784422e-05,-0.010060559026896954,0.019969606772065163,0.07667303085327148,0.010380983352661133,1102.0,0.20119069516658783,76.17778015136719,0.3693353235721588,-0.006131431553512812,0.1518556922674179,0.0,0.9997498393058777
38,,,,,,,,-1.3020992279052734,0.0005062500131316483,-0.014159944839775562,0.005888738203793764,0.07562518119812012,0.010355949401855469,1116.0,0.20056742429733276,76.6956558227539,0.44132688641548157,-0.005967176053673029,7.261066002683947e-06,0.0,0.999872624874115
39,,,,,,,,-1.3426177501678467,9.999999747378752e-05,-0.031253039836883545,0.08512739092111588,0.08386015892028809,0.010125875473022461,1021.0,0.19941075146198273,77.66666412353516,0.5741345286369324,-0.00548366317525506,0.8028718829154968,0.0,0.999871015548706
40,,,,,,,,-1.3601948022842407,9.999999747378752e-05,-0.03089163824915886,0.07804059237241745,0.0838310718536377,0.01041269302368164,1018.0,0.1993347853422165,78.12245178222656,0.6089146137237549,-0.0055396221578121185,0.9687123894691467,0.0,0.9997565150260925
41,,,,,,,,-1.3636480569839478,9.999999747378752e-05,-0.01604616455733776,0.01956520602107048,0.07844400405883789,0.010128021240234375,1083.0,0.1991967260837555,78.12245178222656,0.6089146137237549,-0.005865851882845163,0.6774461269378662,0.0,0.9997441172599792
42,,,,,,,,-1.3611888885498047,9.999999747378752e-05,-0.022148745134472847,0.001382520073093474,0.07561516761779785,0.010089874267578125,1120.0,0.19955852627754211,78.12245178222656,0.6089146137237549,-0.0050308858044445515,1.1859436672938527e-16,0.0,0.9998733997344971
43,,,,,,,,-1.3543851375579834,9.999999747378752e-05,-0.025033852085471153,0.021643387153744698,0.08059906959533691,0.01022791862487793,1056.0,0.19950462877750397,78.98039245605469,0.7244903445243835,-0.00591187784448266,0.16665595769882202,0.0,0.9999205470085144
44,,,,,,,,-1.3624413013458252,4.444444493856281e-05,-0.01811452955007553,0.07556945085525513,0.08391690254211426,0.010540008544921875,1016.0,0.199180006980896,79.7735824584961,0.8017505407333374,-0.005240915808826685,1.4573506116867065,0.0,0.9997808337211609
45,,,,,,,,-1.3754289150238037,0.0001500000071246177,-0.024604475125670433,0.02004510909318924,0.08084416389465332,0.00985097885131836,1058.0,0.19861871004104614,79.7735824584961,0.8017505407333374,-0.006439043674618006,0.9736043810844421,0.0,0.9997181296348572
46,,,,,,,,-1.405167579650879,6.666666740784422e-05,-0.018557287752628326,0.0007184346904978156,0.07390904426574707,0.009765863418579102,1147.0,0.19764427840709686,79.7735824584961,0.8017505407333374,-0.004957567434757948,0.0,0.0,0.9998600482940674
47,,,,,,,,-1.4430218935012817,0.0001500000071246177,-0.01891075074672699,0.008133690804243088,0.08034086227416992,0.010409116744995117,1057.0,0.196035698056221,80.14814758300781,0.8492382764816284,-0.005074128974229097,0.030918831005692482,0.0,0.9999324679374695
48,,,,,,,,-1.5063549280166626,9.999999747378752e-05,-0.022690720856189728,0.04257689043879509,0.08354401588439941,0.010597944259643555,1019.0,0.19460053741931915,80.85713958740234,0.9360242486000061,-0.005717544350773096,0.38780999183654785,0.0,0.999845027923584
49,,,,,,,,-1.5365309715270996,6.666666740784422e-05,-0.02891482785344124,0.02407548949122429,0.08206987380981445,0.010070085525512695,1041.0,0.19433839619159698,81.19298553466797,0.9725478291511536,-0.005357434507459402,0.8292953372001648,0.0,0.9997725486755371
50,,,,,,,,-1.5435317754745483,9.999999747378752e-05,-0.012054657563567162,0.00562081066891551,0.07690095901489258,0.009843111038208008,1106.0,0.19409070909023285,81.19298553466797,0.9725478291511536,-0.005415076855570078,0.06744369119405746,0.0,0.9998910427093506
51,,,,,,,,-1.5513393878936768,9.999999747378752e-05,-0.02110038325190544,0.004963531158864498,0.07771801948547363,0.009910106658935547,1095.0,0.19408199191093445,81.51724243164062,0.9972584843635559,-0.004888672847300768,0.02227025292813778,0.0,0.9999625086784363
52,,,,,,,,-1.5427476167678833,0.0001500000071246177,-0.020957570523023605,0.028478972613811493,0.08571720123291016,0.010440826416015625,998.0,0.1944659948348999,82.13333129882812,1.0585191249847412,-0.005678210873156786,0.7773483395576477,0.0,0.9998483657836914
53,,,,,,,,-1.5210156440734863,6.666666740784422e-05,-0.018815593793988228,0.03360627219080925,0.08121085166931152,0.010160207748413086,1050.0,0.19538238644599915,82.42623138427734,1.0813275575637817,-0.005866241175681353,0.4514649212360382,0.0,0.9997840523719788
54,,,,,,,,-1.4892232418060303,0.0001500000071246177,-0.01052384078502655,0.03615455701947212,0.07640290260314941,0.01064300537109375,1102.0,0.19624069333076477,82.42623138427734,1.0813275575637817,-0.005652903113514185,0.7567029595375061,0.0,0.9998231530189514
55,,,,,,,,-1.4813082218170166,0.00022499999613501132,-0.01845237798988819,0.004723374266177416,0.08120179176330566,0.010497093200683594,1046.0,0.1954893320798874,82.70967864990234,1.1175931692123413,-0.005407738033682108,0.00048232157132588327,0.0,0.9999426007270813
56,,,,,,,,-1.5104265213012695,4.444444493856281e-05,-0.03689916059374809,0.016585076227784157,0.08339405059814453,0.010139942169189453,1026.0,0.19498977065086365,83.25,1.158514142036438,-0.006223196629434824,0.5991300344467163,0.0,0.999870240688324
57,,,,,,,,-1.5194851160049438,0.00022499999613501132,-0.009052117355167866,0.04079914465546608,0.08035564422607422,0.010183334350585938,1060.0,0.19490675628185272,83.5076904296875,1.1957916021347046,-0.005300788674503565,0.9000193476676941,0.0,0.999737024307251
58,,,,,,,,-1.5199862718582153,0.0001500000071246177,-0.021421588957309723,0.00994859728962183,0.07729005813598633,0.010027647018432617,1099.0,0.19491860270500183,83.5076904296875,1.1957916021347046,-0.005368766840547323,0.14948366582393646,0.0,0.9998135566711426
59,,,,,,,,-1.5327911376953125,0.0001500000071246177,-0.022582698613405228,0.003150044707581401,0.07714509963989258,0.010288715362548828,1097.0,0.1940576285123825,83.75757598876953,1.225195050239563,-0.006237015128135681,1.0557246810094512e-07,0.0,0.9999154210090637
60,,,,,,,,-1.5667023658752441,9.999999747378752e-05,-0.0220938827842474,0.04208965599536896,0.08589792251586914,0.010135173797607422,999.0,0.1930101066827774,84.23529052734375,1.2729485034942627,-0.005648969206959009,0.7870530486106873,0.0,0.9998939633369446
61,,,,,,,,-1.5981473922729492,0.0005062500131316483,-0.011140295304358006,0.05449937283992767,0.08318305015563965,0.010221004486083984,1027.0,0.1925664246082306,84.4637680053711,1.287590503692627,-0.005679760128259659,0.988300621509552,0.0,0.9997265934944153
62,,,,,,,,-1.581859827041626,9.999999747378752e-05,-0.030123338103294373,0.030792172998189926,0.07579493522644043,0.010161876678466797,1116.0,0.19392047822475433,84.4637680053711,1.287590503692627,-0.004723445512354374,0.8096994757652283,0.0,0.9997614026069641
63,,,,,,,,-1.5547363758087158,6.666666740784422e-05,-0.03147302567958832,0.0008766940445639193,0.07756781578063965,0.010319232940673828,1092.0,0.19412004947662354,84.68571472167969,1.3192108869552612,-0.005487622693181038,1.0125390109694266e-12,0.0,0.9999057650566101
64,,,,,,,,-1.5574791431427002,0.0001500000071246177,-0.02124316617846489,0.03832531347870827,0.08189105987548828,0.01026296615600586,1041.0,0.1937284916639328,85.11111450195312,1.3642147779464722,-0.004820041358470917,0.16704101860523224,0.0,0.9999086856842041
65,,,,,,,,-1.570493459701538,6.666666740784422e-05,-0.017472853884100914,0.06224588677287102,0.0824728012084961,0.010308265686035156,1034.0,0.19352640211582184,85.31507110595703,1.3940387964248657,-0.005144989117980003,0.9555516242980957,0.0,0.9997819066047668
66,,,,,,,,-1.5760401487350464,0.00022499999613501132,-0.01758274808526039,0.014351272024214268,0.07630372047424316,0.01041102409362793,1107.0,0.19317296147346497,85.31507110595703,1.3940387964248657,-0.005093565676361322,0.13007591664791107,0.0,0.999746561050415
67,,,,,,,,-1.5993717908859253,6.666666740784422e-05,-0.026158209890127182,0.004596100654453039,0.07545614242553711,0.009917736053466797,1124.0,0.19245456159114838,85.31507110595703,1.3940387964248657,-0.004830329213291407,0.00037154703750275075,0.0,0.9998989105224609
68,,,,,,,,-1.6127159595489502,0.000759374990593642,-0.020889947190880775,0.011248063296079636,0.07992887496948242,0.010538101196289062,1061.0,0.19268672168254852,85.7066650390625,1.4176368713378906,-0.005411329213529825,0.13525545597076416,0.0,0.9999113082885742
69,,,,,,,,-1.6075447797775269,6.666666740784422e-05,-0.023500390350818634,0.06206374987959862,0.08353495597839355,0.010288238525390625,1023.0,0.19244293868541718,86.07791900634766,1.4562054872512817,-0.005186983849853277,1.185632348060608,0.0,0.9997542500495911
70,,,,,,,,-1.616999626159668,0.0003375000087544322,0.003068332327529788,0.029779553413391113,0.08047366142272949,0.01087331771850586,1050.0,0.19199398159980774,86.07791900634766,1.4562054872512817,-0.005033790599554777,0.8367147445678711,0.0,0.9996981620788574
71,,,,,,,,-1.6412067413330078,9.999999747378752e-05,-0.038209035992622375,0.0025472345296293497,0.07504892349243164,0.010223150253295898,1125.0,0.19138281047344208,86.07791900634766,1.4562054872512817,-0.004888813942670822,0.002665092470124364,0.0,0.999832808971405
72,,,,,,,,-1.6535842418670654,0.00022499999613501132,-0.016566351056098938,0.0017228012438863516,0.07930493354797363,0.010067939758300781,1074.0,0.19136574864387512,86.25640869140625,1.4863368272781372,-0.004878462757915258,0.037763144820928574,0.0,0.9999043345451355
73,,,,,,,,-1.6522661447525024,6.666666740784422e-05,-0.0183032788336277,0.004483924712985754,0.08302903175354004,0.00990605354309082,1032.0,0.19149892032146454,86.5999984741211,1.5245000123977661,-0.004591492470353842,0.3503899574279785,0.0,0.9998124241828918
74,,,,,,,,-1.6460880041122437,0.00022499999613501132,-0.015573861077427864,0.01722407154738903,0.08152508735656738,0.010528802871704102,1042.0,0.19191914796829224,86.76543426513672,1.5337601900100708,-0.0053436849266290665,0.952728807926178,0.0,0.9996874928474426
75,,,,,,,,-1.633389949798584,4.444444493856281e-05,-0.015391957946121693,0.007794954814016819,0.07491111755371094,0.01024174690246582,1127.0,0.19211360812187195,86.76543426513672,1.5337601900100708,-0.0049768355675041676,0.49235808849334717,0.0,0.999793529510498
76,,,,,,,,-1.627481460571289,0.0003375000087544322,-0.012584489770233631,0.0016914806328713894,0.07919907569885254,0.010230064392089844,1073.0,0.1923447549343109,86.92682647705078,1.5425468683242798,-0.004846416879445314,0.0004805733042303473,0.0,0.9999058842658997
77,,,,,,,,-1.6267179250717163,6.666666740784422e-05,-0.02085508592426777,0.004427439533174038,0.08255887031555176,0.010180234909057617,1035.0,0.1919744610786438,87.23809814453125,1.5755267143249512,-0.00471024215221405,0.19511209428310394,0.0,0.9998248219490051
78,,,,,,,,-1.6424775123596191,0.0001500000071246177,-0.027045082300901413,0.004727823194116354,0.08017992973327637,0.010560989379882812,1057.0,0.19152577221393585,87.38823699951172,1.5966378450393677,-0.005093311425298452,0.27546557784080505,0.0,0.9997178912162781
79,,,,,,,,-1.6584115028381348,0.0001500000071246177,-0.015952393412590027,0.0014821748482063413,0.07486176490783691,0.0099639892578125,1131.0,0.1911558359861374,87.38823699951172,1.5966378450393677,-0.005180768668651581,0.0420551560819149,0.0,0.9998094439506531
80,,,,,,,,-1.6698867082595825,9.999999747378752e-05,-0.020138967782258987,0.0015733832260593772,0.0814368724822998,0.010825872421264648,1040.0,0.1910504400730133,87.53488159179688,1.6041566133499146,-0.005089644808322191,7.062753297759627e-07,0.0,0.999925434589386
81,,,,,,,,-1.6689412593841553,6.666666740784422e-05,-0.01892061159014702,6.284407615661621,0.0825958251953125,0.010154008865356445,1035.0,0.19115698337554932,87.78651428222656,1.5096435546875,-0.005190965253859758,0.14903973042964935,-5.208333492279053,0.999866783618927
82,,,,,,,,-1.6611745357513428,6.666666740784422e-05,-0.024449646472930908,0.0018311424646526575,0.0808100700378418,0.0100860595703125,1056.0,0.19154734909534454,87.78651428222656,1.5096435546875,-0.005151401739567518,0.386747807264328,0.0,0.9997145533561707
83,,,,,,,,-1.6373968124389648,9.999999747378752e-05,-0.01633511483669281,0.0014700153842568398,0.07583904266357422,0.01018071174621582,1116.0,0.19256435334682465,87.78651428222656,1.5096435546875,-0.005359879229217768,0.0064298841170966625,0.0,0.9998230934143066
84,,,,,,,,-1.603915810585022,4.444444493856281e-05,-0.02536512166261673,0.0014597730478271842,0.07663226127624512,0.009860754013061523,1109.0,0.19303473830223083,87.92222595214844,1.5179929733276367,-0.004761032294481993,7.303092020016777e-10,0.0,0.9999236464500427
85,,,,,,,,-1.593627691268921,9.999999747378752e-05,-0.034496601670980453,0.05622224509716034,0.0830848217010498,0.009827136993408203,1033.0,0.19331346452236176,88.18478393554688,1.5337337255477905,-0.0049525718204677105,0.6924610137939453,0.0,0.9998791217803955
86,,,,,,,,-1.5770647525787354,6.666666740784422e-05,-0.030643390491604805,0.00576690211892128,0.08073592185974121,0.010647058486938477,1050.0,0.19385428726673126,88.31182861328125,1.5414766073226929,-0.0048523242585361,0.3846144676208496,0.0,0.9997254014015198
87,,,,,,,,-1.5599901676177979,9.999999747378752e-05,-0.00952429510653019,0.0029737893491983414,0.0755777359008789,0.009974002838134766,1122.0,0.19427408277988434,88.31182861328125,1.5414766073226929,-0.005017485003918409,0.015896696597337723,0.0,0.9998233914375305
88,,,,,,,,-1.5513819456100464,9.999999747378752e-05,-0.018059562891721725,0.0006316420040093362,0.07542014122009277,0.010784626007080078,1113.0,0.1941295862197876,88.43617248535156,1.5603855848312378,-0.005387086886912584,2.217546146709992e-09,0.0,0.9999287724494934
89,,,,,,,,-1.5549978017807007,0.0001500000071246177,-0.02320004254579544,0.050469473004341125,0.08539485931396484,0.010194063186645508,1004.0,0.19422051310539246,88.67708587646484,1.5750269889831543,-0.005681295413523912,0.6717062592506409,0.0,0.9999197125434875
90,,,,,,,,-1.5445759296417236,6.666666740784422e-05,-0.024226879701018333,0.051780857145786285,0.08152437210083008,0.009996652603149414,1048.0,0.19462621212005615,88.79381561279297,1.5815868377685547,-0.005227524321526289,0.826099157333374,0.0,0.9996981024742126
91,,,,,,,,-1.5252410173416138,0.0001500000071246177,-0.023189686238765717,0.007173122838139534,0.07746720314025879,0.010445117950439453,1091.0,0.19541674852371216,88.79381561279297,1.5815868377685547,-0.005513832438737154,0.08724003285169601,0.0,0.9997334480285645
92,,,,,,,,-1.4929481744766235,6.666666740784422e-05,-0.01194445788860321,0.000698756892234087,0.07565999031066895,0.010663986206054688,1112.0,0.1961478292942047,88.79381561279297,1.5815868377685547,-0.005434796214103699,2.705354695820006e-08,0.0,0.9999039173126221
93,,,,,,,,-1.4796315431594849,0.0001500000071246177,-0.0222134031355381,0.003723562229424715,0.0809793472290039,0.009975671768188477,1055.0,0.19626972079277039,89.12999725341797,1.6220886707305908,-0.004663835745304823,0.12139356136322021,0.0,0.9998920559883118
94,,,,,,,,-1.4690885543823242,6.666666740784422e-05,-0.015847984701395035,0.009104863740503788,0.0849909782409668,0.009695053100585938,1013.0,0.1967589557170868,90.0,1.691514492034912,-0.00543966656550765,0.27493175864219666,0.0,0.9997912049293518
95,,,,,,,,-1.4543862342834473,6.666666740784422e-05,-0.03001999296247959,3.0293655395507812,0.08086681365966797,0.01001119613647461,1056.0,0.19702062010765076,90.08999633789062,1.6950236558914185,-0.005392535123974085,0.1034521535038948,-2.6041667461395264,0.9997797012329102
96,,,,,,,,-1.446758508682251,9.999999747378752e-05,-0.02489701472222805,0.06542075425386429,0.07496976852416992,0.010080099105834961,1128.0,0.19715331494808197,90.08999633789062,1.6950236558914185,-0.00539392651990056,0.7569635510444641,0.0,0.9998103976249695
97,,,,,,,,-1.4425908327102661,6.666666740784422e-05,-0.02619035728275776,1.6657253503799438,0.08017182350158691,0.010315179824829102,1060.0,0.1972263604402542,90.91000366210938,1.7131990194320679,-0.0057227457873523235,0.10857360810041428,-2.6041667461395264,0.9999101758003235
98,,,,,,,,-1.4459737539291382,6.666666740784422e-05,-0.021790556609630585,0.05451851338148117,0.08274197578430176,0.01063394546508789,1028.0,0.1969165802001953,92.61000061035156,1.8513822555541992,-0.005472192075103521,1.2532631158828735,0.0,0.9997944831848145
99,,,,,,,,-1.4599426984786987,0.00022499999613501132,-0.01539433654397726,0.013590389862656593,0.08160614967346191,0.010378122329711914,1043.0,0.19639214873313904,93.4800033569336,1.9333099126815796,-0.00504771014675498,0.6058526635169983,0.0,0.9996950626373291
100,,,,,,,,-1.4789879322052002,9.999999747378752e-05,-0.020295921713113785,0.017401501536369324,0.07563900947570801,0.010200977325439453,1118.0,0.19596116244792938,93.4800033569336,1.9333099126815796,-0.006077282130718231,0.5427718758583069,0.0,0.9998245239257812
101,,,,,,,,-1.494184970855713,0.0001500000071246177,-0.014859753660857677,0.002904184628278017,0.08043026924133301,0.01043701171875,1056.0,0.19548507034778595,94.33000183105469,2.0120363235473633,-0.005396184045821428,0.0026130881160497665,0.0,0.9998607039451599
102,,,,,,,,-1.511495590209961,6.666666740784422e-05,-0.020581131801009178,0.011867739260196686,0.08182096481323242,0.010456085205078125,1040.0,0.19508811831474304,96.0,2.1677491664886475,-0.004421351943165064,0.1902732402086258,0.0,0.9998528957366943
103,,,,,,,,-1.520086646080017,9.999999747378752e-05,-0.014928270131349564,1.4012924432754517,0.08396220207214355,0.010689973831176758,1014.0,0.19492566585540771,96.5199966430664,2.237805128097534,-0.0050132316537201405,0.181406632065773,-2.6041667461395264,0.9998453259468079
104,,,,,,,,-1.529171109199524,6.666666740784422e-05,-0.01454918086528778,3.20204758644104,0.07938694953918457,0.010264873504638672,1070.0,0.19467639923095703,96.4800033569336,2.1646316051483154,-0.0056760720908641815,0.1144794449210167,-2.6041667461395264,0.9998394846916199
105,,,,,,,,-1.5327374935150146,9.999999747378752e-05,-0.02429663948714733,0.03903591260313988,0.0789179801940918,0.00974583625793457,1082.0,0.19474810361862183,96.4800033569336,2.1646316051483154,-0.005488113965839148,0.5961170196533203,0.0,0.9998875260353088
106,,,,,,,,-1.5353703498840332,9.999999747378752e-05,-0.029834764078259468,0.0042763748206198215,0.07927703857421875,0.009855031967163086,1077.0,0.19450587034225464,96.4800033569336,2.164741277694702,-0.005122766364365816,0.00105148961301893,0.0,0.9998353123664856
107,,,,,,,,-1.548346996307373,9.999999747378752e-05,-0.010875935666263103,0.040108729153871536,0.08138203620910645,0.010631799697875977,1043.0,0.19408048689365387,96.4800033569336,2.1645636558532715,-0.005074945744127035,0.6923008561134338,0.0,0.9998070597648621
108,,,,,,,,-1.5597659349441528,9.999999747378752e-05,-0.022133681923151016,0.041012242436409,0.0796358585357666,0.010756969451904297,1062.0,0.19396845996379852,96.4800033569336,2.1645636558532715,-0.005066219251602888,0.7034643292427063,0.0,0.9997726082801819
109,,,,,,,,-1.5612441301345825,0.0001500000071246177,-0.02839134819805622,0.003318137489259243,0.07891416549682617,0.010667800903320312,1071.0,0.19406922161579132,96.4800033569336,2.173935651779175,-0.004862482193857431,0.08027032017707825,0.0,0.9998083114624023
110,,,,,,,,-1.5555905103683472,0.0001500000071246177,-0.01991654373705387,0.00725136324763298,0.08012008666992188,0.010334968566894531,1061.0,0.1942053735256195,97.29000091552734,2.2508745193481445,-0.004891403950750828,0.020852381363511086,0.0,0.9998425841331482
111,,,,,,,,-1.554113745689392,6.666666740784422e-05,-0.02378377504646778,3.15106201171875,0.0828087329864502,0.010444164276123047,1029.0,0.19433748722076416,96.66999816894531,2.2089104652404785,-0.005326833110302687,0.059586718678474426,-2.6041667461395264,0.9999020099639893
112,,,,,,,,-1.5494147539138794,0.0001500000071246177,-0.00924751628190279,0.044919729232788086,0.08040094375610352,0.011152029037475586,1048.0,0.19446736574172974,96.66999816894531,2.218823194503784,-0.005952030420303345,0.8131034970283508,0.0,0.9997508525848389
113,,,,,,,,-1.5461302995681763,4.444444493856281e-05,-0.02372971922159195,0.0046632979065179825,0.07972097396850586,0.010659217834472656,1062.0,0.19451799988746643,96.9800033569336,2.2747042179107666,-0.005058251321315765,0.03902607038617134,0.0,0.9998557567596436
114,,,,,,,,-1.5477361679077148,9.999999747378752e-05,-0.02975429967045784,0.003965029492974281,0.0746159553527832,0.010815143585205078,1123.0,0.19446317851543427,96.9800033569336,2.2747042179107666,-0.005241259932518005,0.08649089932441711,0.0,0.9998535513877869
115,,,,,,,,-1.5455611944198608,4.444444493856281e-05,-0.03068728931248188,0.0015976845752447844,0.08207583427429199,0.01024007797241211,1039.0,0.1947096437215805,96.9800033569336,2.284451961517334,-0.006221718620508909,9.218943159794435e-05,0.0,0.999913215637207
116,,,,,,,,-1.5403532981872559,0.0001500000071246177,-0.011143653653562069,0.05951587110757828,0.08011794090270996,0.010060787200927734,1064.0,0.1947263479232788,96.9800033569336,2.284628391265869,-0.0052758012898266315,0.849956214427948,0.0,0.9997827410697937
117,,,,,,,,-1.5323486328125,0.0003375000087544322,-0.014325618743896484,0.021140282973647118,0.07916975021362305,0.009935140609741211,1077.0,0.1953686773777008,96.9800033569336,2.2847421169281006,-0.00582045828923583,0.46378007531166077,0.0,0.9997712969779968
118,,,,,,,,-1.5067068338394165,6.666666740784422e-05,-0.044791389256715775,0.040340155363082886,0.0737619400024414,0.009975910186767578,1146.0,0.19590945541858673,96.9800033569336,2.2847421169281006,-0.0054344553500413895,0.6552721858024597,0.0,0.999823272228241
119,,,,,,,,-1.5008798837661743,9.999999747378752e-05,-0.021441416814923286,0.0025366449262946844,0.08256411552429199,0.011049985885620117,1025.0,0.19577012956142426,96.9800033569336,2.2750566005706787,-0.005178296472877264,8.776220283834846e-08,0.0,0.9998604655265808
120,,,,,,,,-1.5023025274276733,6.666666740784422e-05,-0.02786272205412388,0.047621313482522964,0.08145570755004883,0.010496139526367188,1044.0,0.19598206877708435,96.9800033569336,2.2831673622131348,-0.005272308364510536,0.6778241991996765,0.0,0.9998155236244202
121,,,,,,,,-1.4928793907165527,0.0005062500131316483,-0.008950525894761086,0.015715504065155983,0.08019304275512695,0.010800838470458984,1055.0,0.1961383819580078,96.9800033569336,2.2931067943573,-0.005062274169176817,0.16125354170799255,0.0,0.9997559189796448
122,,,,,,,,-1.487945556640625,4.444444493856281e-05,-0.038189053535461426,0.010558373294770718,0.0748748779296875,0.009833812713623047,1133.0,0.1962064504623413,96.9800033569336,2.2931067943573,-0.00594414584338665,0.14151231944561005,0.0,0.999885082244873
123,,,,,,,,-1.4838825464248657,9.999999747378752e-05,-0.01754305511713028,0.0020853872410953045,0.07558417320251465,0.010725021362304688,1112.0,0.19640913605690002,97.30000305175781,2.340641975402832,-0.0056485687382519245,9.984476491808891e-05,0.0,0.9998810291290283
124,,,,,,,,-1.4761751890182495,6.666666740784422e-05,-0.02131098508834839,0.03840959444642067,0.08712220191955566,0.010206937789916992,986.0,0.19669505953788757,97.30000305175781,2.3416268825531006,-0.005363141652196646,0.8144731521606445,0.0,0.9998729825019836
125,,,,,,,,-1.4697226285934448,9.999999747378752e-05,-0.020728858187794685,0.020283637568354607,0.07827472686767578,0.010291337966918945,1083.0,0.19667771458625793,97.30000305175781,2.3250975608825684,-0.005772175267338753,0.5155008435249329,0.0,0.9997002482414246
126,,,,,,,,-1.473630666732788,9.999999747378752e-05,-0.0139451390132308,0.01873878389596939,0.07652616500854492,0.010988950729370117,1096.0,0.19654223322868347,97.30000305175781,2.3250975608825684,-0.005373795051127672,0.1609829217195511,0.0,0.9998701214790344
127,,,,,,,,-1.4752947092056274,4.444444493856281e-05,-0.034257084131240845,0.0009934258414432406,0.07525181770324707,0.010267257690429688,1122.0,0.19654205441474915,97.30000305175781,2.3250975608825684,-0.005068035330623388,0.001443833694793284,0.0,0.9998496174812317
128,-0.005339209455996752,0.42559170722961426,0.0,0.9998162388801575,0.0,0.0,1.0,-1.4777321815490723,9.999999747378752e-05,-0.02858925051987171,0.013453099876642227,0.08630919456481934,0.010062694549560547,996.0,0.1963607668876648,97.30000305175781,2.343435764312744,-0.005040897522121668,0.309770792722702,0.0,0.999910295009613
129,,,,,,,,-1.487004041671753,6.666666740784422e-05,-0.030070263892412186,0.0270024836063385,0.0784299373626709,0.010046958923339844,1085.0,0.19613520801067352,97.30000305175781,2.344430685043335,-0.005857829004526138,0.6485528349876404,0.0,0.9997397065162659
130,,,,,,,,-1.49277925491333,0.0001500000071246177,-0.019526585936546326,0.024680282920598984,0.0786139965057373,0.010397911071777344,1078.0,0.19600491225719452,97.30000305175781,2.344430685043335,-0.005313621833920479,0.3302125632762909,0.0,0.9998924136161804
131,,,,,,,,-1.4901906251907349,6.666666740784422e-05,-0.023635685443878174,0.0013444668147712946,0.07476997375488281,0.010746002197265625,1122.0,0.19647112488746643,97.30000305175781,2.344430685043335,-0.005738167557865381,3.949646804236573e-19,0.0,0.9998688101768494
132,,,,,,,,-1.4764196872711182,6.666666740784422e-05,-0.026601267978549004,0.0034648680593818426,0.08293890953063965,0.010807991027832031,1024.0,0.19678787887096405,97.30000305175781,2.3404154777526855,-0.005572126712650061,0.16428513824939728,0.0,0.9999327063560486
133,,,,,,,,-1.4756338596343994,9.999999747378752e-05,-0.028622861951589584,0.05287441611289978,0.07981204986572266,0.009911060333251953,1069.0,0.19647857546806335,97.30000305175781,2.3404154777526855,-0.005843997001647949,1.097129464149475,0.0,0.9996946454048157
134,,,,,,,,-1.4973125457763672,0.0001500000071246177,-0.026045067235827446,0.0022625476121902466,0.08121013641357422,0.010808944702148438,1043.0,0.19564807415008545,97.30000305175781,2.3436079025268555,-0.005540637765079737,0.1750832051038742,0.0,0.9998407959938049
135,,,,,,,,-1.5334129333496094,6.666666740784422e-05,-0.020316418260335922,0.014383974485099316,0.07454705238342285,0.010319948196411133,1131.0,0.19478543102741241,97.30000305175781,2.3436079025268555,-0.006152805406600237,0.5552030801773071,0.0,0.9998044967651367
136,,,,,,,,-1.554195523262024,9.999999747378752e-05,-0.014125548303127289,0.0024098209105432034,0.08198881149291992,0.010237932205200195,1040.0,0.19442984461784363,97.30000305175781,2.3232803344726562,-0.005360643845051527,0.025092462077736855,0.0,0.9998956322669983
137,,,,,,,,-1.564501404762268,6.666666740784422e-05,-0.019967444241046906,0.11615455895662308,0.08111691474914551,0.010184049606323242,1051.0,0.19427010416984558,97.30000305175781,2.3305320739746094,-0.0052488576620817184,1.5178412199020386,0.0,0.9997231364250183
138,,,,,,,,-1.5719329118728638,0.00022499999613501132,-0.020625190809369087,0.005594427231699228,0.07886004447937012,0.010664939880371094,1072.0,0.19384483993053436,97.30000305175781,2.3416502475738525,-0.005839554127305746,0.06618466228246689,0.0,0.9997671246528625
139,,,,,,,,-1.5935202836990356,6.666666740784422e-05,-0.015069318935275078,0.01867087185382843,0.07404899597167969,0.010278940200805664,1138.0,0.19347594678401947,97.30000305175781,2.3416502475738525,-0.005500833038240671,0.19264459609985352,0.0,0.9998025894165039
140,,,,,,,,-1.6031713485717773,0.00022499999613501132,-0.019093742594122887,0.0023071158211678267,0.08067202568054199,0.009868860244750977,1060.0,0.1932651847600937,97.30000305175781,2.3257017135620117,-0.005525580141693354,0.00018971966346725821,0.0,0.9998807311058044
141,,,,,,,,-1.6159634590148926,9.999999747378752e-05,-0.015917936339974403,0.05114829167723656,0.08130788803100586,0.01029205322265625,1048.0,0.19305665791034698,97.30000305175781,2.3217520713806152,-0.005107324570417404,1.2649847269058228,0.0,0.9997579455375671
142,,,,,,,,-1.629251480102539,0.00022499999613501132,-0.014823135919868946,0.019138693809509277,0.07921791076660156,0.010259866714477539,1072.0,0.19231028854846954,97.30000305175781,2.323638677597046,-0.005370156839489937,0.5606713891029358,0.0,0.9997472763061523
143,,,,,,,,-1.6624267101287842,9.999999747378752e-05,-0.016150953248143196,0.02759188413619995,0.0750284194946289,0.01062464714050293,1120.0,0.19156435132026672,97.30000305175781,2.323638677597046,-0.005753658711910248,0.7182134985923767,0.0,0.999802827835083
144,,,,,,,,-1.668730616569519,0.00022499999613501132,-0.02456217259168625,0.003929357510060072,0.08042502403259277,0.010148048400878906,1059.0,0.19206741452217102,97.30000305175781,2.314333438873291,-0.005302283447235823,2.2704296043229988e-07,0.0,0.9998669624328613
145,,,,,,,,-1.6479244232177734,6.666666740784422e-05,-0.009891961701214314,0.0431130975484848,0.08283329010009766,0.010767698287963867,1025.0,0.1922282874584198,97.30000305175781,2.3246068954467773,-0.005975548177957535,0.9986793398857117,0.0,0.9998015761375427
146,,,,,,,,-1.6458239555358887,0.0001500000071246177,-0.018939755856990814,0.032476283609867096,0.08093905448913574,0.01099085807800293,1044.0,0.19226619601249695,97.30000305175781,2.3254623413085938,-0.005303128156810999,0.22882258892059326,0.0,0.9997139573097229
147,,,,,,,,-1.642341136932373,9.999999747378752e-05,-0.00911762285977602,0.04618378356099129,0.07409214973449707,0.010571002960205078,1133.0,0.1924206018447876,97.30000305175781,2.3254623413085938,-0.00564503064379096,0.8070910573005676,0.0,0.9998167157173157
148,,,,,,,,-1.6434037685394287,6.666666740784422e-05,-0.01680164784193039,0.0022630803287029266,0.07558107376098633,0.010018110275268555,1121.0,0.19212237000465393,97.30000305175781,2.3158562183380127,-0.005495831370353699,9.959535279824294e-11,0.0,0.9998332858085632
149,,,,,,,,-1.6529110670089722,9.999999747378752e-05,-0.017790891230106354,0.0986957997083664,0.08714699745178223,0.010508060455322266,983.0,0.19196301698684692,97.30000305175781,2.309431314468384,-0.00543739041313529,1.637559413909912,0.0,0.9998257756233215
150,,,,,,,,-1.6537590026855469,6.666666740784422e-05,-0.01670144870877266,0.02283506467938423,0.07855916023254395,0.010509967803955078,1077.0,0.19208726286888123,97.30000305175781,2.3146369457244873,-0.0053696357645094395,0.7694681286811829,0.0,0.9996406435966492
151,,,,,,,,-1.650680422782898,0.0001500000071246177,-0.016909681260585785,0.049376875162124634,0.07732486724853516,0.01052999496459961,1092.0,0.19210129976272583,97.30000305175781,2.3146369457244873,-0.005305950995534658,0.24309153854846954,0.0,0.9998209476470947
152,,,,,,,,-1.6580997705459595,6.666666740784422e-05,-0.02069459855556488,0.0008343075751326978,0.07465720176696777,0.010214805603027344,1131.0,0.19157250225543976,97.30000305175781,2.3146369457244873,-0.005812471266835928,0.07837886363267899,0.0,0.9998107552528381
153,-0.005478353705257177,0.7702488303184509,0.0,0.9997711777687073,0.0,0.0,1.0,-1.672830581665039,9.999999747378752e-05,-0.01079513132572174,0.09193902462720871,0.08731293678283691,0.010136127471923828,985.0,0.19132673740386963,97.30000305175781,2.339750289916992,-0.006289917975664139,1.0427740812301636,0.0,0.9998721480369568
154,,,,,,,,-1.679708480834961,6.666666740784422e-05,-0.030391724780201912,0.06053373962640762,0.07628488540649414,0.010917186737060547,1100.0,0.19123445451259613,97.30000305175781,2.3415255546569824,-0.005144419614225626,0.6799118518829346,0.0,0.9996764063835144
155,,,,,,,,-1.6814682483673096,9.999999747378752e-05,-0.029626891016960144,0.03017623908817768,0.07759904861450195,0.00989675521850586,1097.0,0.19143716990947723,97.30000305175781,2.3415255546569824,-0.006007421761751175,0.14764459431171417,0.0,0.9998581409454346
156,,,,,,,,-1.668035626411438,9.999999747378752e-05,-0.01091444306075573,0.0024359358940273523,0.07262587547302246,0.00982522964477539,1164.0,0.1919156014919281,97.30000305175781,2.3415255546569824,-0.005292201414704323,0.008478036150336266,0.0,0.9998376965522766
157,,,,,,,,-1.6574714183807373,4.444444493856281e-05,-0.01748848333954811,0.002460900694131851,0.08395504951477051,0.010545969009399414,1015.0,0.19191844761371613,97.30000305175781,2.352198839187622,-0.005597909912467003,0.2896716296672821,0.0,0.9999023079872131
158,,,,,,,,-1.6580688953399658,0.0001500000071246177,-0.015450186096131802,0.06063514202833176,0.0801401138305664,0.010266780853271484,1061.0,0.19190293550491333,97.30000305175781,2.352198839187622,-0.005803674925118685,1.4574257135391235,0.0,0.9996929168701172
159,,,,,,,,-1.664888620376587,6.666666740784422e-05,-0.028052078559994698,0.0034721880219876766,0.07873034477233887,0.010001897811889648,1081.0,0.19151397049427032,97.30000305175781,2.339259147644043,-0.004796482622623444,0.1576470285654068,0.0,0.9998347759246826
160,,,,,,,,-1.6758061647415161,0.00022499999613501132,-0.019725024700164795,0.005737217143177986,0.07264423370361328,0.009803056716918945,1164.0,0.19139635562896729,97.30000305175781,2.339259147644043,-0.005283060017973185,0.014754260890185833,0.0,0.9998361468315125
161,,,,,,,,-1.6809273958206177,4.444444493856281e-05,-0.03562907129526138,0.0018105979543179274,0.08034205436706543,0.009830951690673828,1064.0,0.1914202868938446,97.30000305175781,2.354762554168701,-0.005127133801579475,0.03258305788040161,0.0,0.9998930096626282
162,,,,,,,,-1.679537296295166,6.666666740784422e-05,-0.01784411258995533,0.1557929664850235,0.08494019508361816,0.010759830474853516,1003.0,0.19157373905181885,97.30000305175781,2.344372272491455,-0.005520462989807129,1.8919988870620728,0.0,0.9997010231018066
163,,,,,,,,-1.6734981536865234,0.0003375000087544322,-0.019535504281520844,0.003094462910667062,0.07999897003173828,0.01060795783996582,1059.0,0.1918262243270874,97.30000305175781,2.3445053100585938,-0.005422387737780809,0.1638944149017334,0.0,0.9997923970222473
164,,,,,,,,-1.666594386100769,6.666666740784422e-05,-0.029620379209518433,0.05202941596508026,0.07587599754333496,0.010159969329833984,1115.0,0.19199684262275696,97.30000305175781,2.3445053100585938,-0.005022938828915358,0.8326797485351562,0.0,0.9997852444648743
165,,,,,,,,-1.672703742980957,0.0001500000071246177,-0.02097437158226967,0.001735394005663693,0.0812678337097168,0.010549068450927734,1045.0,0.19147682189941406,97.30000305175781,2.346743583679199,-0.005441165063530207,0.0018218365730717778,0.0,0.9998705983161926
166,,,,,,,,-1.6944481134414673,4.444444493856281e-05,-0.019813798367977142,0.0952010303735733,0.07889318466186523,0.009958982467651367,1080.0,0.19127078354358673,97.30000305175781,2.3495750427246094,-0.005238769110292196,1.2416459321975708,0.0,0.9997462630271912
167,,,,,,,,-1.700395941734314,9.999999747378752e-05,-0.011358573101460934,0.042755916714668274,0.08172082901000977,0.010192155838012695,1044.0,0.19099104404449463,97.30000305175781,2.3509628772735596,-0.005113610997796059,0.7550957202911377,0.0,0.9997303485870361
168,,,,,,,,-1.7125885486602783,9.999999747378752e-05,-0.01808575727045536,0.062439803034067154,0.07488203048706055,0.010076045989990234,1129.0,0.19060489535331726,97.30000305175781,2.3509628772735596,-0.004994210321456194,0.8899163603782654,0.0,0.9997784495353699
169,,,,,,,,-1.7219170331954956,4.444444493856281e-05,-0.03705007955431938,0.003999811131507158,0.07967782020568848,0.010004997253417969,1070.0,0.19045744836330414,97.30000305175781,2.3663148880004883,-0.005240788217633963,4.934462936034834e-07,0.0,0.9998548030853271
170,,,,,,,,-1.724036455154419,9.999999747378752e-05,-0.02397553250193596,0.05991052836179733,0.0816950798034668,0.00990605354309082,1048.0,0.19040250778198242,97.30000305175781,2.367723226547241,-0.004523433744907379,0.5170175433158875,0.0,0.9997851252555847
171,,,,,,,,-1.7287266254425049,2.9629629352712072e-05,-0.03934852033853531,0.036241792142391205,0.07883095741271973,0.010493278503417969,1074.0,0.19033780694007874,97.30000305175781,2.3823347091674805,-0.005476042628288269,0.3451977074146271,0.0,0.9997088313102722
172,,,,,,,,-1.7328429222106934,0.0003375000087544322,-0.005827546119689941,0.06907207518815994,0.07392477989196777,0.010009050369262695,1143.0,0.19016608595848083,97.30000305175781,2.3823347091674805,-0.005260832142084837,0.9599577784538269,0.0,0.9997795224189758
173,,,,,,,,-1.754838466644287,9.999999747378752e-05,-0.01994374766945839,0.0024701058864593506,0.07397294044494629,0.010876178741455078,1131.0,0.18937046825885773,97.30000305175781,2.3758890628814697,-0.005581373814493418,0.013924069702625275,0.0,0.9998243451118469
174,,,,,,,,-1.7735580205917358,6.666666740784422e-05,-0.013581562787294388,0.12654440104961395,0.08863997459411621,0.01022791862487793,970.0,0.1890927255153656,97.30000305175781,2.3620622158050537,-0.004939507693052292,1.7556730508804321,0.0,0.9998263716697693
175,,,,,,,,-1.7848484516143799,0.0001500000071246177,-0.030732853338122368,0.09010820835828781,0.07658100128173828,0.01013803482055664,1107.0,0.18863555788993835,97.30000305175781,2.376093626022339,-0.005000302102416754,0.1754077672958374,0.0,0.9996623396873474
176,,,,,,,,-1.8006020784378052,6.666666740784422e-05,-0.03535418584942818,0.050329409539699554,0.07394886016845703,0.010738134384155273,1133.0,0.18852302432060242,97.30000305175781,2.376093626022339,-0.005021629389375448,0.16207100450992584,0.0,0.9998194575309753
177,,,,,,,,-1.8000969886779785,4.444444493856281e-05,-0.017660098150372505,0.005150299984961748,0.07258915901184082,0.010172843933105469,1159.0,0.18846021592617035,97.30000305175781,2.376093626022339,-0.005343100521713495,0.00020785779634024948,0.0,0.9998102188110352
178,-0.00518513098359108,0.617946207523346,0.0,0.9997766613960266,0.0,0.0,1.0,-1.8009003400802612,0.00022499999613501132,-0.013690745458006859,0.12146627902984619,0.0859830379486084,0.009963035583496094,1000.0,0.18833637237548828,97.30000305175781,2.391749143600464,-0.0055591207928955555,1.0916823148727417,0.0,0.9998820424079895
179,,,,,,,,-1.8032747507095337,0.0001500000071246177,-0.01326302345842123,0.10886193811893463,0.07873988151550293,0.010679960250854492,1073.0,0.18840205669403076,97.30000305175781,2.381053924560547,-0.004977528937160969,1.6707485914230347,0.0,0.9996480941772461
180,,,,,,,,-1.799464464187622,6.666666740784422e-05,-0.017940081655979156,0.08519696444272995,0.07858085632324219,0.009969949722290039,1084.0,0.18840377032756805,97.30000305175781,2.381053924560547,-0.00524532375857234,0.8834643959999084,0.0,0.9998147487640381
181,,,,,,,,-1.8016875982284546,0.0001500000071246177,-0.017286350950598717,0.00740837724879384,0.07319116592407227,0.010300874710083008,1149.0,0.18838605284690857,97.30000305175781,2.381053924560547,-0.0048858169466257095,0.0,0.0,0.9997891783714294
182,,,,,,,,-1.8030774593353271,2.9629629352712072e-05,-0.03909854590892792,0.007759559899568558,0.08187079429626465,0.009833812713623047,1046.0,0.1884908229112625,97.3499984741211,2.477424383163452,-0.005280056968331337,0.2480042576789856,0.0,0.9998877048492432
183,,,,,,,,-1.7985458374023438,6.666666740784422e-05,-0.017856117337942123,0.19497644901275635,0.08062911033630371,0.010417938232421875,1054.0,0.18872056901454926,97.3499984741211,2.477424383163452,-0.00513153662905097,1.8728512525558472,0.0,0.999688446521759
184,,,,,,,,-1.786971092224121,0.0001500000071246177,-0.02238183096051216,0.012512117624282837,0.07804203033447266,0.009820938110351562,1092.0,0.1890484243631363,97.44999694824219,2.544184923171997,-0.005810936912894249,0.1860949844121933,0.0,0.9997913241386414
185,,,,,,,,-1.776474118232727,0.0001500000071246177,-0.012875417247414589,0.028315549716353416,0.07245683670043945,0.010385274887084961,1158.0,0.18931536376476288,97.44999694824219,2.544184923171997,-0.004713682923465967,0.7033987641334534,0.0,0.99978107213974
186,,,,,,,,-1.761094093322754,6.666666740784422e-05,-0.04240075871348381,0.0032526024151593447,0.08179402351379395,0.010308980941772461,1042.0,0.18979763984680176,97.44999694824219,2.558596134185791,-0.005292614456266165,0.0369260199368,0.0,0.9998791813850403
187,,,,,,,,-1.7495113611221313,9.999999747378752e-05,-0.008608268573880196,0.21121551096439362,0.08318185806274414,0.011030912399291992,1018.0,0.19000093638896942,97.44999694824219,2.5771324634552,-0.005515704397112131,2.752575635910034,0.0,0.9996669292449951
188,,,,,,,,-1.739693284034729,6.666666740784422e-05,-0.015715721994638443,0.01890794187784195,0.07836389541625977,0.010231971740722656,1083.0,0.19027628004550934,97.44999694824219,2.591550827026367,-0.0049269250594079494,0.08731070905923843,0.0,0.9997488856315613
189,,,,,,,,-1.7288765907287598,9.999999747378752e-05,-0.016710082069039345,0.04180849716067314,0.07439112663269043,0.010602951049804688,1129.0,0.1906120628118515,97.44999694824219,2.591550827026367,-0.005001382436603308,0.8951029181480408,0.0,0.9997608065605164
190,,,,,,,,-1.7153204679489136,4.444444493856281e-05,-0.026339372619986534,0.0015514024998992682,0.08269715309143066,0.01077890396118164,1027.0,0.19085848331451416,97.44999694824219,2.612464189529419,-0.005498042795807123,0.0003914231201633811,0.0,0.9998683333396912
191,,,,,,,,-1.7103643417358398,9.999999747378752e-05,-0.008815666660666466,0.12328849732875824,0.08130502700805664,0.010236978530883789,1048.0,0.19095125794410706,97.44999694824219,2.626345634460449,-0.005404846742749214,2.2331411838531494,0.0,0.999706506729126
192,,,,,,,,-1.7056325674057007,4.444444493856281e-05,-0.02369597740471363,0.03139907121658325,0.07927417755126953,0.010597705841064453,1068.0,0.191075399518013,97.44999694824219,2.6429741382598877,-0.005483702290803194,0.703610897064209,0.0,0.9997095465660095
193,,,,,,,,-1.7000854015350342,9.999999747378752e-05,-0.01909058913588524,0.03590162470936775,0.07521414756774902,0.010082006454467773,1125.0,0.19144579768180847,97.44999694824219,2.6429741382598877,-0.0050760190933942795,0.9352831840515137,0.0,0.9997894763946533
194,,,,,,,,-1.690232276916504,6.666666740784422e-05,-0.02072811871767044,0.002521001035347581,0.0803830623626709,0.010165929794311523,1060.0,0.19140569865703583,97.44999694824219,2.6676931381225586,-0.005272339563816786,3.772553043290827e-07,0.0,0.9998579621315002
195,,,,,,,,-1.694488286972046,0.00022499999613501132,-0.008981586433947086,0.05900584161281586,0.08160996437072754,0.010235071182250977,1045.0,0.19135992228984833,97.44999694824219,2.671067714691162,-0.005216807126998901,1.750784993171692,0.0,0.999786913394928
196,,,,,,,,-1.696394681930542,6.666666740784422e-05,-0.02198508009314537,0.17199528217315674,0.07805705070495605,0.010759115219116211,1080.0,0.19152429699897766,97.44999694824219,2.6869051456451416,-0.005318718496710062,0.14589668810367584,0.0,0.9997376799583435
197,,,,,,,,-1.6882215738296509,9.999999747378752e-05,-0.02010488510131836,0.20905928313732147,0.07274913787841797,0.010031938552856445,1159.0,0.1918753683567047,97.44999694824219,2.6869051456451416,-0.005605693906545639,0.14708413183689117,0.0,0.9998454451560974
198,,,,,,,,-1.6794710159301758,9.999999747378752e-05,-0.014460062608122826,0.009107353165745735,0.07524418830871582,0.010541677474975586,1119.0,0.19191156327724457,98.25,2.8316915035247803,-0.005175810772925615,2.839906665030867e-05,0.0,0.999870777130127
199,,,,,,,,-1.6871302127838135,9.999999747378752e-05,-0.010732730850577354,0.1110944151878357,0.08653593063354492,0.010693073272705078,987.0,0.191687673330307,98.25,2.832155227661133,-0.005366157274693251,1.74055814743042,0.0,0.9998571276664734
200,,,,,,,,-1.6976720094680786,0.0003375000087544322,-0.011279860511422157,0.045845553278923035,0.07749009132385254,0.01088404655456543,1086.0,0.1914636492729187,98.25,2.83256196975708,-0.0052779559046030045,0.9340413212776184,0.0,0.999681293964386
201,,,,,,,,-1.7040339708328247,2.9629629352712072e-05,-0.033292099833488464,0.04214660823345184,0.07625603675842285,0.010053157806396484,1112.0,0.19145415723323822,98.25,2.83256196975708,-0.005258982535451651,0.9641912579536438,0.0,0.9998342394828796
202,,,,,,,,-1.7044901847839355,4.444444493856281e-05,-0.0169350728392601,0.005752357188612223,0.07220888137817383,0.011043071746826172,1153.0,0.19141075015068054,98.25,2.83256196975708,-0.004858570639044046,0.0,0.0,0.9998331069946289
203,-0.005228099878877401,0.855871856212616,0.0,0.9998027682304382,0.0,0.0,1.0,-1.7071017026901245,6.666666740784422e-05,-0.022320210933685303,0.05493997409939766,0.08670306205749512,0.01039886474609375,988.0,0.19132721424102783,98.25,2.846559524536133,-0.005296977702528238,0.9904795289039612,0.0,0.9998869299888611
204,,,,,,,,-1.7103899717330933,0.00022499999613501132,-0.01587800681591034,0.3111189007759094,0.07571196556091309,0.010041952133178711,1119.0,0.1911696493625641,98.25,2.850027084350586,-0.005378202069550753,0.7532326579093933,0.0,0.9996932148933411
205,,,,,,,,-1.7213563919067383,4.444444493856281e-05,-0.013399719260632992,0.07745389640331268,0.07768583297729492,0.009976863861083984,1095.0,0.1908630132675171,98.25,2.850027084350586,-0.005707988049834967,0.8670177459716797,0.0,0.9998624920845032
206,,,,,,,,-1.729085922241211,0.0001500000071246177,-0.014453285373747349,0.01599997654557228,0.07295918464660645,0.009882926940917969,1158.0,0.19059017300605774,98.25,2.850027084350586,-0.0055048116482794285,1.1167998384138922e-16,0.0,0.9998188018798828
207,,,,,,,,-1.7406290769577026,4.444444493856281e-05,-0.01726892963051796,0.013545958325266838,0.08344602584838867,0.010294198989868164,1024.0,0.19035959243774414,99.18000030517578,2.988105297088623,-0.005769181996583939,0.2293439656496048,0.0,0.999906063079834
208,,,,,,,,-1.7433626651763916,0.0001500000071246177,-0.01282497588545084,0.23221510648727417,0.07897305488586426,0.010451793670654297,1073.0,0.1905035525560379,99.18000030517578,2.988105297088623,-0.005283960606902838,1.6093038320541382,0.0,0.9997267723083496
209,,,,,,,,-1.7398884296417236,6.666666740784422e-05,-0.03633398562669754,0.009083795361220837,0.07776284217834473,0.01046895980834961,1088.0,0.19037458300590515,99.18000030517578,3.002382755279541,-0.005288868676871061,0.2020590901374817,0.0,0.9998159408569336
210,,,,,,,,-1.744775414466858,4.444444493856281e-05,-0.013390460051596165,0.023830421268939972,0.07443690299987793,0.010050058364868164,1136.0,0.19028936326503754,99.18000030517578,3.002382755279541,-0.005205188877880573,0.6896514892578125,0.0,0.9998124241828918
211,,,,,,,,-1.747875452041626,0.0001500000071246177,-0.016822610050439835,0.009529698640108109,0.08134913444519043,0.01030111312866211,1047.0,0.19023513793945312,99.18000030517578,3.0172903537750244,-0.005500137340277433,0.036658551543951035,0.0,0.9999082088470459
212,,,,,,,,-1.7462642192840576,0.0003375000087544322,-0.0035069785080850124,0.3894173800945282,0.0806112289428711,0.010564804077148438,1052.0,0.19046133756637573,99.18000030517578,3.022684335708618,-0.005349698010832071,0.9890068173408508,0.0,0.9997455477714539
213,,,,,,,,-1.7463266849517822,6.666666740784422e-05,-0.031958259642124176,0.039858441799879074,0.07829499244689941,0.010045289993286133,1086.0,0.19039897620677948,99.18000030517578,3.0271875858306885,-0.005401128437370062,0.058270588517189026,0.0,0.9998318552970886
214,,,,,,,,-1.7575998306274414,9.999999747378752e-05,-0.032460883259773254,0.09394398331642151,0.07387089729309082,0.010055065155029297,1143.0,0.18996675312519073,99.18000030517578,3.0271875858306885,-0.0055590043775737286,0.8572787642478943,0.0,0.999817430973053
215,,,,,,,,-1.7746108770370483,2.9629629352712072e-05,-0.017041146755218506,0.008359723724424839,0.08178997039794922,0.010406017303466797,1041.0,0.1897972673177719,100.0,3.1077880859375,-0.005212950054556131,0.0002259822649648413,0.0,0.9998995661735535
216,,,,,,,,-1.7754789590835571,9.999999747378752e-05,-0.013410119339823723,0.37824368476867676,0.08255696296691895,0.010689973831176758,1029.0,0.1899801343679428,100.0,3.0982537269592285,-0.005151435267180204,1.1357005834579468,0.0,0.9997782707214355
217,,,,,,,,-1.7672948837280273,6.666666740784422e-05,-0.019551077857613564,0.031706977635622025,0.08139705657958984,0.010814905166625977,1041.0,0.19025534391403198,100.0,3.1137194633483887,-0.005129910074174404,0.7030158638954163,0.0,0.9997709393501282
218,,,,,,,,-1.7545952796936035,9.999999747378752e-05,-0.024790652096271515,0.07876545190811157,0.07677316665649414,0.010345935821533203,1101.0,0.19089753925800323,100.0,3.1137194633483887,-0.004954104777425528,0.8146867156028748,0.0,0.9998289942741394
219,,,,,,,,-1.7284945249557495,4.444444493856281e-05,-0.017430955544114113,0.008173950016498566,0.08057689666748047,0.010365009307861328,1055.0,0.19151528179645538,100.0,3.1189024448394775,-0.004983106162399054,4.4933918275091855e-07,0.0,0.9998838305473328
220,,,,,,,,-1.7184183597564697,6.666666740784422e-05,-0.014765354804694653,0.4059816002845764,0.08127188682556152,0.01041102409362793,1047.0,0.19158731400966644,100.0,3.132761001586914,-0.005861266050487757,0.9918177723884583,0.0,0.9998114109039307
221,,,,,,,,-1.7254524230957031,9.999999747378752e-05,-0.01742994412779808,0.08504625409841537,0.0797576904296875,0.010426044464111328,1064.0,0.19118788838386536,100.0,3.14640212059021,-0.005140360444784164,0.8895578384399414,0.0,0.9997246861457825
222,,,,,,,,-1.7485949993133545,0.0001500000071246177,-0.0250726118683815,0.06965542584657669,0.07562994956970215,0.010229110717773438,1118.0,0.19048655033111572,100.0,3.14640212059021,-0.005196412093937397,0.8204053044319153,0.0,0.9998334050178528
223,,,,,,,,-1.770200252532959,4.444444493856281e-05,-0.023955058306455612,0.014444279484450817,0.07640194892883301,0.010634899139404297,1102.0,0.19029757380485535,100.0,3.1505398750305176,-0.005182402674108744,8.573643878184711e-11,0.0,0.9998636841773987
224,,,,,,,,-1.771535038948059,9.999999747378752e-05,-0.010226934216916561,0.6464021801948547,0.08521914482116699,0.0101318359375,1006.0,0.19037005305290222,100.0,3.1573262214660645,-0.004517273046076298,0.9620583653450012,0.0,0.9998618960380554
225,,,,,,,,-1.770693063735962,0.00022499999613501132,-0.02311609871685505,0.45072898268699646,0.07617902755737305,0.010891914367675781,1102.0,0.19029080867767334,100.0,3.160494804382324,-0.005760371685028076,0.12798871099948883,0.0,0.9997382164001465
226,,,,,,,,-1.7871257066726685,4.444444493856281e-05,-0.015448004007339478,0.16250982880592346,0.07542681694030762,0.009878873825073242,1125.0,0.1897488385438919,100.0,3.160494804382324,-0.005260264966636896,0.9611720442771912,0.0,0.99984210729599
227,,,,,,,,-1.7969062328338623,0.0001500000071246177,-0.0072290292009711266,0.009619386866688728,0.07381510734558105,0.01078176498413086,1134.0,0.1898358017206192,100.0,3.160494804382324,-0.004559485241770744,8.860686343364434e-19,0.0,0.9998433589935303
228,-0.005137457046657801,0.3488156795501709,0.0,0.9998314380645752,0.0,0.0,1.0,-1.7886335849761963,2.9629629352712072e-05,-0.026882272213697433,0.24565726518630981,0.08598518371582031,0.010035991668701172,999.0,0.19008733332157135,100.0,3.1653385162353516,-0.005571525543928146,1.168061375617981,0.0,0.9998810887336731
229,,,,,,,,-1.7842611074447632,4.444444493856281e-05,-0.015788258984684944,0.11129113286733627,0.0759279727935791,0.009874105453491211,1118.0,0.1901307851076126,100.0,3.181075096130371,-0.004904184024780989,1.5060945749282837,0.0,0.9996448159217834
230,,,,,,,,-1.7817296981811523,9.999999747378752e-05,-0.018846822902560234,0.39933016896247864,0.07780098915100098,0.010630130767822266,1085.0,0.1902778148651123,100.0,3.181075096130371,-0.005676256492733955,0.11037641018629074,0.0,0.9998394846916199
231,,,,,,,,-1.7833542823791504,0.0003375000087544322,-0.010725945234298706,0.029795266687870026,0.07247614860534668,0.01035308837890625,1159.0,0.18982712924480438,100.0,3.181075096130371,-0.0056016226299107075,0.002716046990826726,0.0,0.9998205304145813
232,,,,,,,,-1.8084723949432373,6.666666740784422e-05,-0.02919461578130722,0.051713570952415466,0.08127903938293457,0.010129213333129883,1050.0,0.18930986523628235,100.0,3.206881046295166,-0.004531893879175186,0.28923484683036804,0.0,0.9998794198036194
233,,,,,,,,-1.8218660354614258,4.444444493856281e-05,-0.014867480844259262,0.1680559664964676,0.08116602897644043,0.010174036026000977,1051.0,0.18908734619617462,100.0,3.206881046295166,-0.005529018584638834,2.318997621536255,0.0,0.9996746182441711
234,,,,,,,,-1.8236898183822632,0.00022499999613501132,-0.02160494029521942,0.035053763538599014,0.07939791679382324,0.010916948318481445,1062.0,0.18942828476428986,100.0,3.2059333324432373,-0.004775588866323233,0.21031741797924042,0.0,0.9998128414154053
235,,,,,,,,-1.7972195148468018,6.666666740784422e-05,-0.013839532621204853,0.03839055448770523,0.07203102111816406,0.010236978530883789,1166.0,0.19028806686401367,100.0,3.2059333324432373,-0.0050607905723154545,0.7060250639915466,0.0,0.999782145023346
236,,,,,,,,-1.770730972290039,6.666666740784422e-05,-0.009615226648747921,0.010021792724728584,0.0797419548034668,0.010300159454345703,1066.0,0.19073541462421417,100.0,3.2239630222320557,-0.005309164524078369,0.035701919347047806,0.0,0.9998876452445984
237,,,,,,,,-1.7629640102386475,0.0001500000071246177,-0.011303309351205826,0.9003118276596069,0.07856988906860352,0.009978055953979492,1084.0,0.19049079716205597,100.0,3.2376222610473633,-0.005775467958301306,1.1725050210952759,0.0,0.9997474551200867
238,,,,,,,,-1.7845295667648315,4.444444493856281e-05,-0.023049045354127884,0.0666206106543541,0.07819509506225586,0.009855985641479492,1090.0,0.1899077594280243,100.0,3.248903512954712,-0.005384739022701979,0.0480680875480175,0.0,0.9998456835746765
239,,,,,,,,-1.799465537071228,0.0001500000071246177,-0.019611887633800507,0.2957131266593933,0.07342267036437988,0.01023411750793457,1147.0,0.1896948516368866,100.0,3.248903512954712,-0.005017227027565241,0.06948960572481155,0.0,0.9998655915260315
240,,,,,,,,-1.8090208768844604,9.999999747378752e-05,-0.01885368302464485,0.006531361024826765,0.0796058177947998,0.009843111038208008,1073.0,0.18942196667194366,100.0,3.2552106380462646,-0.005413403268903494,0.00031769333872944117,0.0,0.9999027848243713
241,,,,,,,,-1.8181017637252808,4.444444493856281e-05,-0.026750944554805756,0.7983720302581787,0.07968616485595703,0.009970903396606445,1070.0,0.1893107295036316,100.0,3.248011350631714,-0.005441400688141584,0.39953529834747314,0.0,0.9998127818107605
242,,,,,,,,-1.8230441808700562,0.0001500000071246177,-0.016801893711090088,0.10413441061973572,0.07728290557861328,0.010970115661621094,1087.0,0.18901307880878448,100.0,3.2361440658569336,-0.005149005446583033,0.02747420035302639,0.0,0.999810516834259
243,,,,,,,,-1.8489432334899902,0.00022499999613501132,-0.009827688336372375,0.18782128393650055,0.07384800910949707,0.010094881057739258,1143.0,0.18797385692596436,100.0,3.2361440658569336,-0.005260318983346224,0.8534087538719177,0.0,0.999809741973877
244,,,,,,,,-1.8818433284759521,9.999999747378752e-05,-0.028092900291085243,0.014378496445715427,0.08000421524047852,0.010536909103393555,1060.0,0.1874748021364212,100.0,3.2239441871643066,-0.005362922791391611,3.029211086413852e-07,0.0,0.999890148639679
245,,,,,,,,-1.8871879577636719,6.666666740784422e-05,-0.020739754661917686,0.41840028762817383,0.08246302604675293,0.010392904281616211,1033.0,0.18768873810768127,100.0,3.2145113945007324,-0.0049254754558205605,1.7293463945388794,0.0,0.9998021721839905
246,,,,,,,,-1.8811482191085815,4.444444493856281e-05,-0.027919866144657135,0.2757813036441803,0.07796096801757812,0.010344982147216797,1087.0,0.18768605589866638,100.0,3.2261459827423096,-0.005536892917007208,0.11393860727548599,0.0,0.9997797608375549
247,,,,,,,,-1.8834543228149414,6.666666740784422e-05,-0.023805640637874603,0.35223954916000366,0.07514810562133789,0.010710000991821289,1118.0,0.1876477301120758,100.0,3.2261459827423096,-0.0051380330696702,0.13518469035625458,0.0,0.9998779296875
248,,,,,,,,-1.8807973861694336,4.444444493856281e-05,-0.025861211121082306,0.009022458456456661,0.07380008697509766,0.010010957717895508,1145.0,0.18765012919902802,100.0,3.237124443054199,-0.00497626094147563,1.7988304534810595e-05,0.0,0.9998947978019714
249,,,,,,,,-1.8764855861663818,6.666666740784422e-05,-0.006271522492170334,0.5701500177383423,0.08611392974853516,0.01005697250366211,998.0,0.18777471780776978,100.0,3.2265188694000244,-0.004902879241853952,1.7341903448104858,0.0,0.9998653531074524
250,,,,,,,,-1.8637797832489014,0.0001500000071246177,-0.020228568464517593,0.25296512246131897,0.07771420478820801,0.010251045227050781,1091.0,0.188142329454422,100.0,3.2153286933898926,-0.00508303614333272,0.9429324269294739,0.0,0.9997183680534363
251,,,,,,,,-1.8520926237106323,4.444444493856281e-05,-0.020176183432340622,0.1733042150735855,0.07535982131958008,0.009919166564941406,1125.0,0.18800762295722961,100.0,3.2153286933898926,-0.00517299072816968,0.8590942025184631,0.0,0.9998548030853271
252,,,,,,,,-1.8582698106765747,6.666666740784422e-05,-0.019338620826601982,0.020074473693966866,0.07378911972045898,0.010458946228027344,1139.0,0.18773654103279114,100.0,3.2153286933898926,-0.005276814103126526,0.0,0.0,0.9998509287834167
253,-0.0052477214485406876,0.8566792607307434,0.0,0.9998216032981873,0.0,0.0,1.0,-1.8686766624450684,4.444444493856281e-05,-0.025799468159675598,0.3485363721847534,0.08624410629272461,0.01043081283569336,993.0,0.18743149936199188,100.0,3.2431890964508057,-0.005450084339827299,1.0702811479568481,0.0,0.9998862147331238
254,,,,,,,,-1.8794245719909668,6.666666740784422e-05,-0.013130797073245049,0.478042334318161,0.0756220817565918,0.010233879089355469,1118.0,0.1871478408575058,100.0,3.244191884994507,-0.005704517010599375,0.9551756381988525,0.0,0.9996792674064636
255,,,,,,,,-1.8892028331756592,4.444444493856281e-05,-0.022555982694029808,0.37758970260620117,0.07706904411315918,0.010566234588623047,1095.0,0.18688315153121948,100.0,3.244191884994507,-0.004848277661949396,1.0454341173171997,0.0,0.9998621344566345
256,,,,,,,,-1.8937807083129883,6.666666740784422e-05,-0.02130061388015747,0.01885840855538845,0.07254672050476074,0.010476112365722656,1156.0,0.18704946339130402,100.0,3.244191884994507,-0.005229951813817024,9.44381980661094e-17,0.0,0.9998025894165039
257,,,,,,,,-1.8819139003753662,4.444444493856281e-05,-0.021717065945267677,0.06422290951013565,0.08606290817260742,0.011325836181640625,985.0,0.18746618926525116,100.0,3.2368741035461426,-0.00551616633310914,0.2200099229812622,0.0,0.9998900294303894
258,,,,,,,,-1.870806336402893,6.666666740784422e-05,-0.013802136294543743,0.3311108946800232,0.08094477653503418,0.011637210845947266,1036.0,0.187617227435112,100.0,3.2368741035461426,-0.005100061651319265,1.6919775009155273,0.0,0.9997177720069885
259,,,,,,,,-1.8712332248687744,9.999999747378752e-05,-0.036100633442401886,0.05821506306529045,0.08420991897583008,0.012721776962280273,990.0,0.1875169277191162,100.0,3.2505619525909424,-0.005494093522429466,0.15219424664974213,0.0,0.9998231530189514
260,,,,,,,,-1.8814491033554077,4.444444493856281e-05,-0.022745024412870407,0.043882593512535095,0.07915592193603516,0.011138200759887695,1063.0,0.18731486797332764,100.0,3.2505619525909424,-0.0050820219330489635,0.8436753749847412,0.0,0.9997904896736145
261,,,,,,,,-1.8862900733947754,6.666666740784422e-05,-0.021536026149988174,0.013580272905528545,0.0854179859161377,0.01135110855102539,992.0,0.1873113512992859,100.0,3.240323543548584,-0.004952553194016218,0.03086574375629425,0.0,0.9998877644538879
262,,,,,,,,-1.8855650424957275,4.444444493856281e-05,-0.01953611895442009,1.2428871393203735,0.08278512954711914,0.010785102844238281,1025.0,0.18735621869564056,100.0,3.254450559616089,-0.005168579053133726,1.2239986658096313,0.0,0.9997689723968506
263,,,,,,,,-1.8882700204849243,6.666666740784422e-05,-0.02448507957160473,0.04479321092367172,0.07961702346801758,0.010670900344848633,1063.0,0.18710903823375702,100.0,3.270575761795044,-0.005400920286774635,0.0747436061501503,0.0,0.9997751116752625
264,,,,,,,,-1.898995280265808,4.444444493856281e-05,-0.018421288579702377,0.07120507955551147,0.07552886009216309,0.010762929916381836,1112.0,0.18689724802970886,100.0,3.270575761795044,-0.005125970114022493,0.8333170413970947,0.0,0.9997808933258057
265,,,,,,,,-1.9044744968414307,6.666666740784422e-05,-0.01892339438199997,0.004055317956954241,0.08295702934265137,0.010933637619018555,1022.0,0.18679359555244446,100.0,3.245575189590454,-0.005740182939916849,0.0002564044261816889,0.0,0.9998918175697327
266,,,,,,,,-1.9081273078918457,9.999999747378752e-05,-0.00847195740789175,1.1092700958251953,0.0810701847076416,0.010449886322021484,1048.0,0.18664255738258362,100.0,3.260887384414673,-0.005029236897826195,0.39411401748657227,0.0,0.9998140335083008
267,,,,,,,,-1.9135684967041016,6.666666740784422e-05,-0.025226140394806862,0.05472807586193085,0.07925200462341309,0.012279748916625977,1048.0,0.18656232953071594,100.0,3.2752561569213867,-0.005027615465223789,0.8609234690666199,0.0,0.999775230884552
268,,,,,,,,-1.913667917251587,6.666666740784422e-05,-0.02867041900753975,0.14253515005111694,0.08328390121459961,0.012101888656616211,1006.0,0.18674595654010773,100.0,3.2752561569213867,-0.005059761926531792,0.8685731887817383,0.0,0.9998092651367188
269,,,,,,,,-1.9037426710128784,0.00022499999613501132,-0.01467007678002119,0.007752123288810253,0.08694195747375488,0.012115955352783203,969.0,0.18721774220466614,100.0,3.2474205493927,-0.005117292050272226,4.225451846195938e-07,0.0,0.9998725056648254
270,,,,,,,,-1.8872289657592773,4.444444493856281e-05,-0.031431663781404495,0.73885178565979,0.08520221710205078,0.01220083236694336,985.0,0.18765823543071747,100.0,3.260134220123291,-0.005198549944907427,1.0060794353485107,0.0,0.9998056292533875
271,,,,,,,,-1.8755755424499512,9.999999747378752e-05,-0.022731224074959755,0.38689178228378296,0.11609601974487305,0.01597309112548828,726.0,0.18804852664470673,100.0,3.2599329948425293,-0.006128145847469568,0.09860572218894958,0.0,0.9997627139091492
272,,,,,,,,-1.8578972816467285,9.999999747378752e-05,-0.022885793820023537,0.4789745509624481,0.1206352710723877,0.015189886093139648,706.0,0.18839213252067566,100.0,3.2599329948425293,-0.004839073400944471,0.12346205860376358,0.0,0.9998493790626526
273,,,,,,,,-1.8510494232177734,4.444444493856281e-05,-0.023527415469288826,0.011834206990897655,0.09170675277709961,0.01306009292602539,916.0,0.18837907910346985,100.0,3.2578234672546387,-0.0058455257676541805,6.752223271178082e-06,0.0,0.9998882412910461
274,,,,,,,,-1.848510980606079,2.9629629352712072e-05,-0.03192293643951416,0.6966622471809387,0.0984649658203125,0.012104988098144531,868.0,0.18846890330314636,100.0,3.2427971363067627,-0.00489515857771039,0.23611553013324738,0.0,0.9998764395713806
275,,,,,,,,-1.8435274362564087,0.0003375000087544322,-0.010783963836729527,0.4037723243236542,0.07983279228210449,0.01087808609008789,1058.0,0.18857333064079285,100.0,3.228057861328125,-0.00536462152376771,0.9749860167503357,0.0,0.9997400641441345
276,,,,,,,,-1.8340498208999634,2.9629629352712072e-05,-0.026800714433193207,0.3449816107749939,0.08318305015563965,0.013181924819946289,996.0,0.18850114941596985,100.0,3.228057861328125,-0.0049720569513738155,1.0307890176773071,0.0,0.9998259544372559
277,,,,,,,,-1.832972764968872,9.999999747378752e-05,-0.012562291696667671,0.011365029029548168,0.07294511795043945,0.010637760162353516,1148.0,0.18865612149238586,100.0,3.228057861328125,-0.005371683742851019,2.1455256427366645e-30,0.0,0.9998295903205872
278,-0.005082090850919485,0.3875524699687958,0.0,0.9998263716697693,0.0,0.0,1.0,-1.8222630023956299,4.444444493856281e-05,-0.03161441162228584,0.646292507648468,0.08928203582763672,0.011150836944580078,955.0,0.18885409832000732,100.0,3.2329463958740234,-0.005458200350403786,1.2853779792785645,0.0,0.9998758435249329
279,,,,,,,,-1.8172789812088013,6.666666740784422e-05,-0.015055673196911812,0.3490753173828125,0.07830190658569336,0.010984182357788086,1075.0,0.1890125572681427,100.0,3.235846996307373,-0.005716815125197172,1.7990127801895142,0.0,0.9996539950370789
280,,,,,,,,-1.8096336126327515,4.444444493856281e-05,-0.026119215413928032,0.36259475350379944,0.07678413391113281,0.010236740112304688,1103.0,0.18925748765468597,100.0,3.235846996307373,-0.005085994955152273,0.14888432621955872,0.0,0.9998343586921692
281,,,,,,,,-1.8020951747894287,0.0001500000071246177,-0.015651846304535866,0.03983587771654129,0.0725259780883789,0.01037907600402832,1157.0,0.18946555256843567,100.0,3.235846996307373,-0.0047125737182796,0.0013469528639689088,0.0,0.9998241066932678
282,,,,,,,,-1.7933425903320312,9.999999747378752e-05,-0.012905167415738106,0.15630663931369781,0.08142805099487305,0.010258197784423828,1047.0,0.1897348165512085,100.0,3.2579939365386963,-0.005501023959368467,0.2612434923648834,0.0,0.9998747706413269
283,,,,,,,,-1.7840325832366943,4.444444493856281e-05,-0.03600747883319855,0.7236639261245728,0.08452010154724121,0.010668039321899414,1008.0,0.1897556185722351,100.0,3.2579939365386963,-0.004725079983472824,2.0793473720550537,0.0,0.9996991157531738
284,,,,,,,,-1.7822548151016235,4.444444493856281e-05,-0.01850721798837185,0.130645290017128,0.07721281051635742,0.01095438003540039,1088.0,0.18980289995670319,100.0,3.2577672004699707,-0.005053231958299875,0.1377885490655899,0.0,0.9997868537902832
285,,,,,,,,-1.7759391069412231,9.999999747378752e-05,-0.010954239405691624,0.060781195759773254,0.07230687141418457,0.010250091552734375,1162.0,0.1901627480983734,100.0,3.2577672004699707,-0.005898675415664911,0.0032259856816381216,0.0,0.9998170733451843
286,,,,,,,,-1.7667648792266846,4.444444493856281e-05,-0.04087745025753975,0.011689719744026661,0.07961821556091309,0.01053476333618164,1064.0,0.19029748439788818,100.0,3.2480762004852295,-0.0057510193437337875,0.05147147551178932,0.0,0.9998838305473328
287,,,,,,,,-1.768467664718628,6.666666740784422e-05,-0.014202365651726723,0.8613922595977783,0.07909083366394043,0.011677980422973633,1057.0,0.19022896885871887,100.0,3.2496607303619385,-0.0057230014353990555,2.2045462131500244,0.0,0.9996920228004456
288,,,,,,,,-1.7715058326721191,2.9629629352712072e-05,-0.025133928284049034,0.03868568688631058,0.07654404640197754,0.010618209838867188,1101.0,0.1901336908340454,100.0,3.2353901863098145,-0.005371927749365568,0.07348152250051498,0.0,0.99979567527771
289,,,,,,,,-1.7755476236343384,0.0001500000071246177,-0.013048448599874973,0.14911019802093506,0.07493305206298828,0.010418176651000977,1124.0,0.19003169238567352,100.0,3.2353901863098145,-0.0053631458431482315,0.08008391410112381,0.0,0.9998162388801575
290,,,,,,,,-1.779367208480835,4.444444493856281e-05,-0.021225787699222565,0.012154745869338512,0.0799562931060791,0.010609865188598633,1059.0,0.19008150696754456,100.0,3.2561392784118652,-0.005809356924146414,0.0004878824402112514,0.0,0.9998824000358582
291,,,,,,,,-1.7795253992080688,9.999999747378752e-05,-0.010921613313257694,1.4611833095550537,0.0803520679473877,0.010659933090209961,1054.0,0.19000652432441711,100.0,3.238027334213257,-0.006196858827024698,2.489729642868042,0.0,0.999711811542511
292,,,,,,,,-1.781238317489624,6.666666740784422e-05,-0.031282782554626465,0.07994741946458817,0.07739591598510742,0.010671138763427734,1090.0,0.18996044993400574,100.0,3.2238292694091797,-0.005489852745085955,0.023684555664658546,0.0,0.9997785687446594
293,,,,,,,,-1.7829515933990479,6.666666740784422e-05,-0.011637887917459011,0.46701765060424805,0.0724480152130127,0.010167121887207031,1162.0,0.18971875309944153,100.0,3.2238292694091797,-0.00498949596658349,1.0255056619644165,0.0,0.9997960925102234
294,,,,,,,,-1.7946141958236694,4.444444493856281e-05,-0.01701621524989605,0.005744407419115305,0.07748889923095703,0.009971857070922852,1097.0,0.18942435085773468,100.0,3.2323222160339355,-0.005240537226200104,3.547210383203492e-07,0.0,0.9998772144317627
295,,,,,,,,-1.804943561553955,6.666666740784422e-05,-0.0119944978505373,0.9140961766242981,0.08031702041625977,0.010799169540405273,1053.0,0.18928106129169464,100.0,3.2184805870056152,-0.00535821495577693,1.1691919565200806,0.0,0.9998102784156799
296,,,,,,,,-1.8068737983703613,6.666666740784422e-05,-0.02099565789103508,0.39831918478012085,0.07791709899902344,0.010576725006103516,1084.0,0.18938128650188446,100.0,3.2193522453308105,-0.005853589624166489,1.0740810632705688,0.0,0.9997363090515137
297,,,,,,,,-1.7996928691864014,0.0001500000071246177,-0.020700450986623764,0.3577401638031006,0.07448291778564453,0.01226186752319336,1106.0,0.1896265745162964,100.0,3.2193522453308105,-0.005436848849058151,0.14260004460811615,0.0,0.999853789806366
298,,,,,,,,-1.787815809249878,4.444444493856281e-05,-0.02352472022175789,0.013088183477520943,0.07715010643005371,0.010875940322875977,1090.0,0.19012495875358582,100.0,3.201772451400757,-0.006521869450807571,1.0892482350755017e-05,0.0,0.9998776912689209
299,,,,,,,,-1.7722538709640503,2.9629629352712072e-05,-0.029755158349871635,1.41542649269104,0.08606410026550293,0.01081085205078125,990.0,0.19040459394454956,100.0,3.2060201168060303,-0.005694785621017218,1.9419126510620117,0.0,0.9998371601104736
300,,,,,,,,-1.7654584646224976,0.0001500000071246177,-0.014093726873397827,0.6578696370124817,0.0769650936126709,0.010528087615966797,1097.0,0.19041413068771362,100.0,3.1907827854156494,-0.006045961752533913,1.16720712184906,0.0,0.999678373336792
301,,,,,,,,-1.7677178382873535,4.444444493856281e-05,-0.009020100347697735,0.3307398557662964,0.07541894912719727,0.01043391227722168,1118.0,0.19027893245220184,100.0,3.1907827854156494,-0.005228857975453138,0.8753387928009033,0.0,0.9998319745063782
302,,,,,,,,-1.7708168029785156,6.666666740784422e-05,-0.00979236513376236,0.0194464772939682,0.07246899604797363,0.010587215423583984,1155.0,0.19030964374542236,100.0,3.1907827854156494,-0.005180292762815952,0.0,0.0,0.9998292922973633
303,-0.00576421245932579,0.9949182868003845,0.0,0.9997928738594055,0.0,0.0,1.0,-1.7669450044631958,4.444444493856281e-05,-0.019959084689617157,0.810988187789917,0.08502078056335449,0.010517120361328125,1004.0,0.1904391497373581,100.0,3.214040517807007,-0.005313188303261995,1.0883506536483765,0.0,0.9998838305473328
304,,,,,,,,-1.7636871337890625,6.666666740784422e-05,-0.01919710822403431,0.5069020986557007,0.07546424865722656,0.010475635528564453,1117.0,0.19045689702033997,100.0,3.2280261516571045,-0.004965853411704302,0.15787188708782196,0.0,0.9997536540031433
305,,,,,,,,-1.7641611099243164,4.444444493856281e-05,-0.03318978473544121,0.6425156593322754,0.07723712921142578,0.010529756546020508,1093.0,0.19035297632217407,100.0,3.2280261516571045,-0.0051018246449530125,1.008198618888855,0.0,0.999884307384491
306,,,,,,,,-1.7687580585479736,0.0001500000071246177,-0.009632718749344349,0.01314929686486721,0.07257080078125,0.01056528091430664,1154.0,0.19024336338043213,100.0,3.2280261516571045,-0.005635236855596304,5.770322617663765e-17,0.0,0.9998624920845032
307,,,,,,,,-1.7710139751434326,4.444444493856281e-05,-0.03153875842690468,0.06187441945075989,0.08210396766662598,0.010514974594116211,1036.0,0.1902318000793457,100.0,3.200589418411255,-0.0062248497270047665,0.22863559424877167,0.0,0.9999352097511292
308,,,,,,,,-1.767194390296936,4.444444493856281e-05,-0.018831050023436546,0.5567461252212524,0.07963705062866211,0.010436058044433594,1065.0,0.1904880404472351,100.0,3.200589418411255,-0.005528956651687622,0.8896061778068542,0.0,0.9997569918632507
309,,,,,,,,-1.758404016494751,4.444444493856281e-05,-0.019716383889317513,0.14665061235427856,0.07708311080932617,0.010541915893554688,1095.0,0.19067738950252533,100.0,3.2014236450195312,-0.005837035831063986,0.10969975590705872,0.0,0.9998924136161804
310,,,,,,,,-1.7575801610946655,4.444444493856281e-05,-0.030767500400543213,0.04333639517426491,0.07364773750305176,0.010514974594116211,1140.0,0.19056719541549683,100.0,3.2014236450195312,-0.0051131038926541805,0.007420126348733902,0.0,0.9998945593833923
311,,,,,,,,-1.7598977088928223,9.999999747378752e-05,-0.0189759973436594,0.011619830504059792,0.08032417297363281,0.010208845138549805,1060.0,0.19068890810012817,100.0,3.1896955966949463,-0.006073953118175268,0.03562069311738014,0.0,0.9999427199363708
312,,,,,,,,-1.756807565689087,2.9629629352712072e-05,-0.034454815089702606,0.7494687438011169,0.08013200759887695,0.010535955429077148,1058.0,0.1906968057155609,100.0,3.189415216445923,-0.005411060992628336,1.2627310752868652,0.0,0.9997814297676086
313,,,,,,,,-1.760011911392212,6.666666740784422e-05,-0.01823270693421364,0.04947672411799431,0.0771782398223877,0.010022878646850586,1100.0,0.19056442379951477,100.0,3.175011157989502,-0.005107758101075888,0.071896493434906,0.0,0.9998598098754883
314,,,,,,,,-1.7681784629821777,6.666666740784422e-05,0.0027924447786062956,0.24900047481060028,0.07246589660644531,0.010101079940795898,1162.0,0.19038578867912292,100.0,3.175011157989502,-0.005437092389911413,0.9348461031913757,0.0,0.9998264312744141
315,,,,,,,,-1.773872971534729,6.666666740784422e-05,-0.015639573335647583,0.006121394224464893,0.07875823974609375,0.009946823120117188,1082.0,0.19033367931842804,100.0,3.178966999053955,-0.005645554978400469,0.0002975630050059408,0.0,0.9999211430549622
316,,,,,,,,-1.7760571241378784,9.999999747378752e-05,-0.010099310427904129,0.7303130030632019,0.07902693748474121,0.010020256042480469,1078.0,0.1902216672897339,100.0,3.1647019386291504,-0.005397107917815447,1.1512656211853027,0.0,0.9997896552085876
317,,,,,,,,-1.7783700227737427,6.666666740784422e-05,-0.019822675734758377,0.07134012877941132,0.0774688720703125,0.010111093521118164,1096.0,0.1901307851076126,100.0,3.16683292388916,-0.005106731783598661,0.021535808220505714,0.0,0.9998340606689453
318,,,,,,,,-1.7836822271347046,9.999999747378752e-05,-0.018334513530135155,0.40816280245780945,0.0734407901763916,0.010718107223510742,1140.0,0.18986937403678894,100.0,3.16683292388916,-0.004844592418521643,0.9285962581634521,0.0,0.9998529553413391
319,,,,,,,,-1.7967621088027954,6.666666740784422e-05,-0.02151269093155861,0.007606297731399536,0.08013105392456055,0.010886907577514648,1054.0,0.18951497972011566,100.0,3.169614791870117,-0.005145971663296223,2.403218388735695e-07,0.0,0.9999304413795471
320,,,,,,,,-1.8035540580749512,2.9629629352712072e-05,-0.02910393849015236,1.5585633516311646,0.08086776733398438,0.010416030883789062,1051.0,0.18947941064834595,100.0,3.169476270675659,-0.005414700135588646,2.271162509918213,0.0,0.9998157620429993
321,,,,,,,,-1.8044980764389038,4.444444493856281e-05,-0.028484495356678963,0.16743104159832,0.08585405349731445,0.012523889541625977,975.0,0.1894366443157196,100.0,3.16994571685791,-0.00521250581368804,0.11843416839838028,0.0,0.9997814297676086
322,,,,,,,,-1.8082183599472046,6.666666740784422e-05,-0.020331576466560364,0.2409524768590927,0.07853388786315918,0.011590242385864258,1065.0,0.1892305165529251,100.0,3.16994571685791,-0.004709412809461355,0.11765065789222717,0.0,0.9998764395713806
323,,,,,,,,-1.8172342777252197,6.666666740784422e-05,-0.024347664788365364,0.010258924216032028,0.08009600639343262,0.011928081512451172,1043.0,0.18898499011993408,100.0,3.1942813396453857,-0.005561645608395338,5.186680482438533e-06,0.0,0.9999019503593445
324,,,,,,,,-1.8274829387664795,2.9629629352712072e-05,-0.023233547806739807,0.8436607122421265,0.0870511531829834,0.010891914367675781,980.0,0.18878178298473358,100.0,3.1805195808410645,-0.005238128360360861,0.9929031729698181,0.0,0.9998894333839417
325,,,,,,,,-1.8309630155563354,0.00022499999613501132,-0.008165214210748672,0.4885961711406708,0.07694792747497559,0.01052093505859375,1097.0,0.188924178481102,100.0,3.1671268939971924,-0.005951527506113052,0.8734877109527588,0.0,0.9997692108154297
326,,,,,,,,-1.8179614543914795,4.444444493856281e-05,-0.02125701494514942,0.4328559339046478,0.07546210289001465,0.01032400131225586,1119.0,0.18933214247226715,100.0,3.1671268939971924,-0.005504584405571222,0.8882775902748108,0.0,0.9998741745948792
327,,,,,,,,-1.8047441244125366,0.00022499999613501132,-0.005131017882376909,0.012079349718987942,0.0721120834350586,0.010554790496826172,1161.0,0.18977530300617218,100.0,3.1671268939971924,-0.005121302325278521,2.8264021104080885e-31,0.0,0.9998767971992493
328,-0.005493026226758957,0.5972450971603394,0.0,0.9998559951782227,0.0,0.0,1.0,-1.7907676696777344,2.9629629352712072e-05,-0.008837844245135784,0.8453435301780701,0.08667302131652832,0.010279178619384766,990.0,0.18985478579998016,100.0,3.166829824447632,-0.005478206556290388,1.0450047254562378,0.0,0.9999158978462219
329,,,,,,,,-1.7930946350097656,4.444444493856281e-05,-0.018862292170524597,0.5561689138412476,0.07475686073303223,0.010185003280639648,1130.0,0.1897079348564148,100.0,3.1681203842163086,-0.005227244924753904,1.096022129058838,0.0,0.9997577667236328
330,,,,,,,,-1.8008426427841187,9.999999747378752e-05,-0.014211523346602917,0.4469139277935028,0.07603836059570312,0.010054826736450195,1115.0,0.1894056648015976,100.0,3.1681203842163086,-0.0057313269935548306,0.8863906264305115,0.0,0.999883234500885
331,,,,,,,,-1.8158771991729736,2.9629629352712072e-05,-0.0254963468760252,0.013024070300161839,0.0720057487487793,0.01011514663696289,1169.0,0.18910792469978333,100.0,3.1681203842163086,-0.005413507577031851,1.3162081033110406e-26,0.0,0.999878466129303
332,,,,,,,,-1.823096513748169,4.444444493856281e-05,-0.012003738433122635,0.15058401226997375,0.08291101455688477,0.010673761367797852,1025.0,0.18901418149471283,100.0,3.1882801055908203,-0.005606360733509064,0.2256333827972412,0.0,0.9999334216117859
333,,,,,,,,-1.8261281251907349,6.666666740784422e-05,-0.015125351026654243,0.2916988730430603,0.0805509090423584,0.010375022888183594,1055.0,0.18889686465263367,100.0,3.1882801055908203,-0.005451105535030365,1.5952168703079224,0.0,0.9997736811637878
334,,,,,,,,-1.8302087783813477,0.0003375000087544322,-0.004777979571372271,0.13258479535579681,0.0794980525970459,0.012209177017211914,1046.0,0.18859122693538666,100.0,3.186842441558838,-0.006176037713885307,0.16788823902606964,0.0,0.999883234500885
335,,,,,,,,-1.8415131568908691,2.9629629352712072e-05,-0.011956686154007912,0.038762662559747696,0.07498812675476074,0.011914968490600586,1104.0,0.1883438676595688,100.0,3.186842441558838,-0.005204956512898207,0.7557064890861511,0.0,0.9998746514320374
336,,,,,,,,-1.8462951183319092,9.999999747378752e-05,-0.01400594413280487,0.02147717960178852,0.0794980525970459,0.010329008102416992,1068.0,0.18826833367347717,100.0,3.1726489067077637,-0.005140733439475298,0.037037041038274765,0.0,0.9999475479125977
337,,,,,,,,-1.8469839096069336,4.444444493856281e-05,-0.009339711628854275,0.4446786046028137,0.08186888694763184,0.011196136474609375,1031.0,0.18821628391742706,100.0,3.170449733734131,-0.005544703453779221,2.458580732345581,0.0,0.9997708797454834
338,,,,,,,,-1.84830904006958,6.666666740784422e-05,-0.02094440534710884,0.04430515691637993,0.07762289047241211,0.010635137557983398,1087.0,0.18808405101299286,100.0,3.1860122680664062,-0.005322712007910013,0.05203646421432495,0.0,0.9998719096183777
339,,,,,,,,-1.8493964672088623,9.999999747378752e-05,-0.018417054787278175,0.09766031056642532,0.07289814949035645,0.010587930679321289,1149.0,0.18809808790683746,100.0,3.1860122680664062,-0.0048352256417274475,0.8389772772789001,0.0,0.9998845458030701
340,,,,,,,,-1.8374212980270386,9.999999747378752e-05,-0.018818791955709457,0.011783957481384277,0.0792839527130127,0.010448932647705078,1069.0,0.18864715099334717,100.0,3.1837685108184814,-0.00513317110016942,0.0001807463850127533,0.0,0.9999629855155945
341,,,,,,,,-1.8154292106628418,4.444444493856281e-05,-0.016878336668014526,1.367669939994812,0.07996010780334473,0.010481834411621094,1061.0,0.18900607526302338,100.0,3.1838490962982178,-0.0055890618823468685,0.32920846343040466,0.0,0.9998666644096375
342,,,,,,,,-1.8049501180648804,4.444444493856281e-05,-0.018039608374238014,0.04684697836637497,0.07986593246459961,0.011840105056762695,1046.0,0.18918941915035248,100.0,3.18335223197937,-0.005658091511577368,0.8098744750022888,0.0,0.999856173992157
343,,,,,,,,-1.80110502243042,6.666666740784422e-05,-0.02107621356844902,0.10541708767414093,0.07743382453918457,0.011015892028808594,1085.0,0.18919606506824493,100.0,3.18335223197937,-0.006145238410681486,0.8606660962104797,0.0,0.9998854994773865
344,,,,,,,,-1.8087676763534546,9.999999747378752e-05,-0.018173284828662872,0.00984523631632328,0.08119797706604004,0.010622024536132812,1045.0,0.18865090608596802,100.0,3.1666510105133057,-0.005900607910007238,2.275087922498642e-07,0.0,0.9999588131904602
345,,,,,,,,-1.832346796989441,4.444444493856281e-05,-0.020977700129151344,0.16787728667259216,0.08316779136657715,0.01044321060180664,1025.0,0.18825413286685944,100.0,3.1819114685058594,-0.005679760593920946,1.724879264831543,0.0,0.9998487830162048
346,,,,,,,,-1.84381902217865,0.0001500000071246177,-0.018908372148871422,0.603142261505127,0.07808184623718262,0.01024007797241211,1086.0,0.18802276253700256,100.0,3.1962740421295166,-0.005797822494059801,0.0986936092376709,0.0,0.9998322129249573
347,,,,,,,,-1.849176287651062,2.9629629352712072e-05,-0.008205445483326912,0.8076692223548889,0.0733788013458252,0.01098489761352539,1137.0,0.18814130127429962,100.0,3.1962740421295166,-0.00484361732378602,0.0940919816493988,0.0,0.9999205470085144
348,,,,,,,,-1.8455222845077515,2.9629629352712072e-05,-0.020045869052410126,0.009392044506967068,0.07644987106323242,0.011469125747680664,1091.0,0.1882217973470688,100.0,3.223677396774292,-0.005742441862821579,1.7211617887369357e-05,0.0,0.9999513626098633
349,,,,,,,,-1.8434991836547852,0.0001500000071246177,-0.015546482056379318,0.8494828343391418,0.08611893653869629,0.01116800308227539,986.0,0.18826884031295776,100.0,3.2231078147888184,-0.005207925569266081,0.9219738841056824,0.0,0.9999145865440369
350,,,,,,,,-1.842820405960083,6.666666740784422e-05,-0.012825548648834229,0.04900304228067398,0.07779717445373535,0.010968923568725586,1081.0,0.18824362754821777,100.0,3.208503007888794,-0.004613368306308985,0.5369929075241089,0.0,0.9998188018798828
351,,,,,,,,-1.8394876718521118,0.00022499999613501132,-0.0030390217434614897,0.13684464991092682,0.07613301277160645,0.010890960693359375,1103.0,0.1885603964328766,100.0,3.208503007888794,-0.005142664536833763,0.9059770107269287,0.0,0.999910831451416
352,,,,,,,,-1.8263007402420044,1.975308623514138e-05,-0.03261313959956169,0.008393923752009869,0.0737159252166748,0.010723114013671875,1136.0,0.18886253237724304,100.0,3.208503007888794,-0.004836409352719784,4.923158119413318e-29,0.0,0.9999241828918457
353,-0.005136916879564524,0.46686938405036926,0.0,0.9998974800109863,0.0,0.0,1.0,-1.822345495223999,0.0001500000071246177,-0.012888077646493912,0.6956450343132019,0.08768677711486816,0.01102590560913086,972.0,0.1889367252588272,100.0,3.201127052307129,-0.005942604038864374,0.28738224506378174,0.0,0.9999301433563232
354,,,,,,,,-1.8222029209136963,4.444444493856281e-05,-0.013990289531648159,0.6518430113792419,0.07722783088684082,0.010848045349121094,1089.0,0.18901841342449188,100.0,3.2159178256988525,-0.0053825522772967815,0.8109170794487,0.0,0.9997977614402771
355,,,,,,,,-1.8215887546539307,4.444444493856281e-05,-0.023369193077087402,0.2798099219799042,0.07685708999633789,0.010754823684692383,1095.0,0.18906226754188538,100.0,3.2159178256988525,-0.005599059164524078,0.9171561598777771,0.0,0.999917209148407
356,,,,,,,,-1.8215389251708984,4.444444493856281e-05,-0.0065819076262414455,0.012822060845792294,0.07296180725097656,0.010648965835571289,1148.0,0.18911179900169373,100.0,3.2159178256988525,-0.005486056208610535,2.1042717747652416e-16,0.0,0.9998898506164551
357,,,,,,,,-1.8187042474746704,9.999999747378752e-05,-0.010919006541371346,0.05600849539041519,0.08282089233398438,0.010710000991821289,1026.0,0.18922996520996094,100.0,3.1855976581573486,-0.00613124156370759,0.2837662994861603,0.0,0.9999464154243469
358,,,,,,,,-1.813289999961853,0.0001500000071246177,-0.012920564040541649,0.7271307110786438,0.07924580574035645,0.010210037231445312,1073.0,0.1894281506538391,100.0,3.1855976581573486,-0.005770914722234011,1.7890831232070923,0.0,0.9997348785400391
359,,,,,,,,-1.8043802976608276,4.444444493856281e-05,-0.02762077935039997,0.16539880633354187,0.07699799537658691,0.012076854705810547,1077.0,0.1895393431186676,100.0,3.1866939067840576,-0.00524401618167758,0.08269626647233963,0.0,0.9999112486839294
360,,,,,,,,-1.803983211517334,9.999999747378752e-05,-0.018412992358207703,0.0416903980076313,0.0729069709777832,0.011471033096313477,1137.0,0.18937250971794128,100.0,3.1866939067840576,-0.004796283785253763,0.005858416203409433,0.0,0.9999058246612549
361,,,,,,,,-1.8138364553451538,4.444444493856281e-05,-0.02181742899119854,0.017092999070882797,0.08140301704406738,0.010730981826782227,1041.0,0.1890397071838379,100.0,3.1880784034729004,-0.006467658560723066,0.028982216492295265,0.0,0.9999485015869141
362,,,,,,,,-1.8187313079833984,4.444444493856281e-05,-0.02040417119860649,0.8219702243804932,0.08052992820739746,0.010440349578857422,1055.0,0.18922331929206848,100.0,3.1876113414764404,-0.00532334903255105,1.848608136177063,0.0,0.9997916221618652
363,,,,,,,,-1.8118449449539185,6.666666740784422e-05,-0.021291976794600487,0.040862586349248886,0.07698416709899902,0.010323047637939453,1099.0,0.18941862881183624,100.0,3.169224739074707,-0.005199041683226824,0.03782940283417702,0.0,0.9998394846916199
364,,,,,,,,-1.8095433712005615,9.999999747378752e-05,-0.024410007521510124,0.1553320437669754,0.07336115837097168,0.010540962219238281,1144.0,0.18942983448505402,100.0,3.169224739074707,-0.005559657234698534,0.06648451834917068,0.0,0.9998831152915955
365,,,,,,,,-1.8103601932525635,2.9629629352712072e-05,-0.02361227199435234,0.00677197240293026,0.08138918876647949,0.010669946670532227,1042.0,0.18938325345516205,100.0,3.167567253112793,-0.006031444761902094,0.0001882517826743424,0.0,0.9999324679374695
366,,,,,,,,-1.81165611743927,4.444444493856281e-05,-0.014244774356484413,0.7785207629203796,0.08034372329711914,0.010478019714355469,1057.0,0.18937505781650543,100.0,3.168520450592041,-0.006495662033557892,0.36301755905151367,0.0,0.999847412109375
367,,,,,,,,-1.8079155683517456,6.666666740784422e-05,-0.02147510088980198,0.055491238832473755,0.07829403877258301,0.010442018508911133,1081.0,0.18953749537467957,100.0,3.1514015197753906,-0.005065342877060175,0.7761386036872864,0.0,0.9998396039009094
368,,,,,,,,-1.8004355430603027,4.444444493856281e-05,-0.027209892868995667,0.2515760362148285,0.07299184799194336,0.010467052459716797,1150.0,0.1896146535873413,100.0,3.1514015197753906,-0.005513480398803949,0.9073659777641296,0.0,0.9998667240142822
369,,,,,,,,-1.8028494119644165,4.444444493856281e-05,-0.018980134278535843,0.012011326849460602,0.07813501358032227,0.010027885437011719,1088.0,0.18941234052181244,100.0,3.1508705615997314,-0.00593957444652915,2.3498922985254467e-07,0.0,0.9999375343322754
370,,,,,,,,-1.8107150793075562,4.444444493856281e-05,-0.022619321942329407,0.7406200766563416,0.08130192756652832,0.010859966278076172,1041.0,0.18928954005241394,100.0,3.14912748336792,-0.005029380787163973,1.0361027717590332,0.0,0.999854326248169
371,,,,,,,,-1.818371057510376,6.666666740784422e-05,-0.012247075326740742,0.198029026389122,0.07815384864807129,0.010325193405151367,1085.0,0.1889846920967102,100.0,3.149142026901245,-0.005452526267617941,0.8101745247840881,0.0,0.9997994303703308
372,,,,,,,,-1.8407566547393799,9.999999747378752e-05,-0.022994229570031166,0.2763766646385193,0.07257699966430664,0.01006007194519043,1161.0,0.18806461989879608,100.0,3.149142026901245,-0.005145418923348188,0.9248928427696228,0.0,0.9998666644096375
373,,,,,,,,-1.8764582872390747,2.9629629352712072e-05,-0.026102006435394287,0.006423658225685358,0.07508587837219238,0.01076507568359375,1118.0,0.1874498426914215,100.0,3.1640968322753906,-0.00542721850797534,1.0138891809452488e-10,0.0,0.9999041557312012
374,,,,,,,,-1.8934504985809326,6.666666740784422e-05,-0.02092398703098297,0.5364161133766174,0.08526372909545898,0.010070085525512695,1006.0,0.1869695484638214,100.0,3.1605193614959717,-0.0051454780623316765,1.7000036239624023,0.0,0.9998700022697449
375,,,,,,,,-1.9140645265579224,9.999999747378752e-05,-0.008336072787642479,0.15103229880332947,0.07866024971008301,0.010188102722167969,1080.0,0.18657012283802032,100.0,3.1615686416625977,-0.006055638659745455,0.8274984359741211,0.0,0.9997393488883972
376,,,,,,,,-1.919506311416626,6.666666740784422e-05,-0.018806859850883484,0.1952294111251831,0.07541298866271973,0.010293006896972656,1120.0,0.1867252141237259,100.0,3.1615686416625977,-0.004830072168260813,0.9728413224220276,0.0,0.9998886585235596
377,,,,,,,,-1.9181952476501465,2.9629629352712072e-05,-0.007907615974545479,0.008488114923238754,0.07285118103027344,0.010046958923339844,1158.0,0.18663838505744934,100.0,3.1615686416625977,-0.004941387102007866,0.0,0.0,0.9998903274536133
378,-0.0052803377620875835,0.8088006377220154,0.0,0.9998524785041809,0.0,0.0,1.0,-1.9217685461044312,6.666666740784422e-05,-0.016529249027371407,0.31961730122566223,0.08577513694763184,0.010682821273803711,995.0,0.18656547367572784,100.0,3.188899040222168,-0.005811609327793121,1.0967072248458862,0.0,0.9999045729637146
379,,,,,,,,-1.925014853477478,4.444444493856281e-05,-0.028982894495129585,0.13849563896656036,0.07620501518249512,0.010679960250854492,1104.0,0.18645945191383362,100.0,3.2052090167999268,-0.005368365440517664,1.6379393339157104,0.0,0.9997259974479675
380,,,,,,,,-1.9292607307434082,9.999999747378752e-05,-0.011099394410848618,0.2329956293106079,0.0771028995513916,0.011137962341308594,1087.0,0.18637050688266754,100.0,3.2052090167999268,-0.005082417279481888,0.9871543049812317,0.0,0.9998807907104492
381,,,,,,,,-1.9361196756362915,6.666666740784422e-05,-0.021881330758333206,0.019996242597699165,0.07436084747314453,0.010526895523071289,1130.0,0.1860746592283249,100.0,3.2052090167999268,-0.005194746423512697,0.0,0.0,0.9998622536659241
382,,,,,,,,-1.952088713645935,9.999999747378752e-05,-0.026934897527098656,0.034811485558748245,0.08368802070617676,0.010541915893554688,1018.0,0.1854161024093628,100.0,3.2344489097595215,-0.006160501856356859,0.28320741653442383,0.0,0.9999266266822815
383,,,,,,,,-1.9720003604888916,6.666666740784422e-05,-0.022736165672540665,0.12733078002929688,0.07978701591491699,0.010496854782104492,1063.0,0.18514442443847656,100.0,3.2344489097595215,-0.006217156071215868,2.5114474296569824,0.0,0.9997131824493408
384,,,,,,,,-1.9777165651321411,2.9629629352712072e-05,-0.01937933638691902,0.011896925047039986,0.07619500160217285,0.010561943054199219,1106.0,0.18502147495746613,100.0,3.2336058616638184,-0.005380722228437662,0.15024331212043762,0.0,0.9998623728752136
385,,,,,,,,-1.9792288541793823,6.666666740784422e-05,-0.019953347742557526,0.0584731362760067,0.07180190086364746,0.010398149490356445,1167.0,0.18499916791915894,100.0,3.2336058616638184,-0.005079539492726326,0.6406202912330627,0.0,0.9998580813407898
386,,,,,,,,-1.981319785118103,6.666666740784422e-05,-0.017151232808828354,0.011894246563315392,0.08047890663146973,0.010351896286010742,1056.0,0.18482090532779694,100.0,3.2296571731567383,-0.005360791459679604,0.04190801456570625,0.0,0.9999387264251709
387,,,,,,,,-1.9919410943984985,0.0001500000071246177,-0.015332824550569057,0.5711485147476196,0.08061623573303223,0.010413885116577148,1054.0,0.1842772364616394,100.0,3.2280325889587402,-0.004950290080159903,1.2702864408493042,0.0,0.999779462814331
388,,,,,,,,-2.0108611583709717,4.444444493856281e-05,-0.030084414407610893,0.04463120549917221,0.07934117317199707,0.010339975357055664,1070.0,0.18399855494499207,100.0,3.2403273582458496,-0.006048505660146475,0.9990968704223633,0.0,0.9998238682746887
389,,,,,,,,-2.0184566974639893,9.999999747378752e-05,-0.015466054901480675,0.08319040387868881,0.07266998291015625,0.009992122650146484,1161.0,0.1837576925754547,100.0,3.2403273582458496,-0.005059539806097746,1.0482097864151,0.0,0.999823272228241
390,,,,,,,,-2.0263404846191406,2.9629629352712072e-05,-0.018740903586149216,0.004166724625974894,0.0790259838104248,0.009913921356201172,1079.0,0.18376895785331726,100.0,3.238227367401123,-0.005383070558309555,0.000303757784422487,0.0,0.9999136328697205
391,,,,,,,,-2.0253677368164062,9.999999747378752e-05,-0.013397516682744026,0.5972281098365784,0.08410406112670898,0.011098861694335938,1008.0,0.18385201692581177,100.0,3.2381012439727783,-0.00550118600949645,1.2192991971969604,0.0,0.9997920393943787
392,,,,,,,,-2.0255496501922607,4.444444493856281e-05,-0.014397921971976757,0.037501052021980286,0.07868003845214844,0.010384798049926758,1077.0,0.18374277651309967,100.0,3.257173776626587,-0.00571914529427886,0.7994861006736755,0.0,0.9997813701629639
393,,,,,,,,-2.032008171081543,0.0001500000071246177,-0.010486070066690445,0.07613003253936768,0.07450222969055176,0.010701656341552734,1126.0,0.18342658877372742,100.0,3.257173776626587,-0.005573208909481764,1.015801191329956,0.0,0.9998421669006348
394,,,,,,,,-2.0444648265838623,4.444444493856281e-05,-0.018707668408751488,0.0074670156463980675,0.0785369873046875,0.010202169418334961,1081.0,0.18314339220523834,100.0,3.2367987632751465,-0.00485717598348856,3.653730402675137e-07,0.0,0.9999255537986755
395,,,,,,,,-2.0494494438171387,6.666666740784422e-05,-0.02173142321407795,0.7868397831916809,0.0807039737701416,0.009927749633789062,1059.0,0.18305924534797668,100.0,3.2525475025177,-0.005224660038948059,1.129611849784851,0.0,0.9998403191566467
396,,,,,,,,-2.049748420715332,2.9629629352712072e-05,-0.029358521103858948,0.3901042938232422,0.0781393051147461,0.010138750076293945,1087.0,0.1830717772245407,100.0,3.2692134380340576,-0.004927912726998329,0.11550909280776978,0.0,0.999799907207489
397,,,,,,,,-2.0478689670562744,6.666666740784422e-05,-0.019559519365429878,0.6594653129577637,0.07242083549499512,0.010066986083984375,1163.0,0.18317067623138428,100.0,3.2692134380340576,-0.004292349796742201,0.12481654435396194,0.0,0.9998807907104492
398,,,,,,,,-2.0404579639434814,6.666666740784422e-05,-0.006236904766410589,0.005205359309911728,0.0738229751586914,0.011387825012207031,1126.0,0.18351300060749054,100.0,3.2451577186584473,-0.006103860680013895,7.736202860542107e-06,0.0,0.999923050403595
399,,,,,,,,-2.0291097164154053,4.444444493856281e-05,-0.029077624902129173,0.7226430177688599,0.0861201286315918,0.010705947875976562,991.0,0.18372617661952972,100.0,3.24491286277771,-0.005004968959838152,1.2134917974472046,0.0,0.9998859763145447
400,,,,,,,,-2.0270471572875977,4.444444493856281e-05,-0.020619774237275124,0.1271994560956955,0.07678008079528809,0.010355949401855469,1101.0,0.18373723328113556,100.0,3.227586030960083,-0.005538552533835173,0.9724512100219727,0.0,0.9997528195381165
401,,,,,,,,-2.029437780380249,6.666666740784422e-05,-0.027300508692860603,0.5229787230491638,0.07463383674621582,0.010076045989990234,1133.0,0.183711975812912,100.0,3.227586030960083,-0.004847016651183367,0.11403235793113708,0.0,0.9998863339424133
402,,,,,,,,-2.0334231853485107,4.444444493856281e-05,-0.009517722763121128,0.007208175491541624,0.07506513595581055,0.010213851928710938,1125.0,0.18371208012104034,100.0,3.227586030960083,-0.005025988444685936,0.0002151560183847323,0.0,0.9999112486839294
403,-0.005271448288112879,0.6995017528533936,0.0,0.999851644039154,0.0,0.0,1.0,-2.032909393310547,9.999999747378752e-05,-0.02015995979309082,0.4740641415119171,0.0862879753112793,0.009962081909179688,997.0,0.18373456597328186,100.0,3.226519823074341,-0.005423613358289003,0.3419404923915863,0.0,0.9999150633811951
404,,,,,,,,-2.0288946628570557,6.666666740784422e-05,-0.012464321218430996,0.16806353628635406,0.07529401779174805,0.010020971298217773,1125.0,0.18385376036167145,100.0,3.225984573364258,-0.005262747406959534,1.640356421470642,0.0,0.9997488856315613
405,,,,,,,,-2.0231881141662598,4.444444493856281e-05,-0.04276125133037567,0.25179630517959595,0.07927489280700684,0.010975360870361328,1063.0,0.18400846421718597,100.0,3.225984573364258,-0.005285588558763266,0.9522581696510315,0.0,0.999878466129303
406,,,,,,,,-2.0178463459014893,4.444444493856281e-05,-0.020091092213988304,0.015094711445271969,0.0722970962524414,0.010662078857421875,1157.0,0.18419167399406433,100.0,3.225984573364258,-0.005120912566781044,3.1889923575503007e-27,0.0,0.999872624874115
407,,,,,,,,-2.011043071746826,4.444444493856281e-05,-0.013098122552037239,0.13962599635124207,0.0806739330291748,0.010540008544921875,1052.0,0.18443663418293,100.0,3.2043843269348145,-0.005342983175069094,0.2068536877632141,0.0,0.9999355673789978
408,,,,,,,,-2.0066428184509277,4.444444493856281e-05,-0.02868867665529251,0.5846872925758362,0.07833719253540039,0.01049494743347168,1080.0,0.1843651533126831,100.0,3.2043843269348145,-0.0049135442823171616,0.21812306344509125,0.0,0.9998214244842529
409,,,,,,,,-2.00954008102417,6.666666740784422e-05,-0.017691055312752724,0.16391199827194214,0.0770111083984375,0.010226964950561523,1100.0,0.18428201973438263,100.0,3.2058513164520264,-0.004704904276877642,0.13713936507701874,0.0,0.9999035000801086
410,,,,,,,,-2.008518934249878,9.999999747378752e-05,-0.02052185870707035,0.026930944994091988,0.0752251148223877,0.010406970977783203,1121.0,0.18447339534759521,100.0,3.2058513164520264,-0.00533292954787612,0.01139687467366457,0.0,0.9999179840087891
411,,,,,,,,-2.0107078552246094,9.999999747378752e-05,-0.03236806392669678,0.019398825243115425,0.08121275901794434,0.010393142700195312,1047.0,0.1841527223587036,100.0,3.190464496612549,-0.006286243442445993,0.02263529598712921,0.0,0.9999656677246094
412,,,,,,,,-2.0281453132629395,9.999999747378752e-05,-0.011044362559914589,0.6984080076217651,0.08113789558410645,0.01027989387512207,1050.0,0.1838984340429306,100.0,3.190128803253174,-0.005374652799218893,2.380824327468872,0.0,0.999772846698761
413,,,,,,,,-2.0351479053497314,4.444444493856281e-05,-0.026422597467899323,0.034796662628650665,0.07892680168151855,0.011074066162109375,1066.0,0.18387576937675476,100.0,3.1736109256744385,-0.005288902670145035,0.05797354876995087,0.0,0.9998550415039062
414,,,,,,,,-2.0354881286621094,4.444444493856281e-05,-0.02202145755290985,0.12963417172431946,0.07357978820800781,0.010481119155883789,1142.0,0.18396741151809692,100.0,3.1736109256744385,-0.005285181570798159,0.7850461602210999,0.0,0.9998540878295898
415,,,,,,,,-2.030909299850464,2.9629629352712072e-05,-0.03315934166312218,0.0027900347486138344,0.08105587959289551,0.010289192199707031,1050.0,0.1840098649263382,100.0,3.183990240097046,-0.004909699782729149,0.0002941542770713568,0.0,0.9999440312385559
416,,,,,,,,-2.0330610275268555,0.00022499999613501132,-0.004096095450222492,0.4305296242237091,0.08090806007385254,0.010380983352661133,1051.0,0.18376381695270538,100.0,3.1983070373535156,-0.0053862519562244415,1.6947746276855469,0.0,0.9998016953468323
417,,,,,,,,-2.0449273586273193,4.444444493856281e-05,-0.011721692979335785,0.031157903373241425,0.07819199562072754,0.011433124542236328,1071.0,0.1837182641029358,100.0,3.212250232696533,-0.0055654109455645084,0.7128776907920837,0.0,0.9998189806938171
418,,,,,,,,-2.04311466217041,0.0001500000071246177,-0.008051197975873947,0.13452592492103577,0.07244396209716797,0.010518074035644531,1157.0,0.1838877648115158,100.0,3.212250232696533,-0.0056894994340837,0.8313683867454529,0.0,0.9998705983161926
419,,,,,,,,-2.0351667404174805,9.999999747378752e-05,-0.02225543186068535,0.005545090418308973,0.07866120338439941,0.010810136795043945,1072.0,0.18392761051654816,100.0,3.2198331356048584,-0.005423996597528458,2.1558768992235855e-07,0.0,0.9999332427978516
420,,,,,,,,-2.0342636108398438,4.444444493856281e-05,-0.031553395092487335,0.23781783878803253,0.08221817016601562,0.010194778442382812,1038.0,0.183904767036438,100.0,3.233445405960083,-0.005329229403287172,1.6756911277770996,0.0,0.9998294711112976
421,,,,,,,,-2.03285551071167,4.444444493856281e-05,-0.01930299401283264,0.22992534935474396,0.07898807525634766,0.010571956634521484,1071.0,0.18408861756324768,100.0,3.230184555053711,-0.005121862515807152,0.13520504534244537,0.0,0.9998140335083008
422,,,,,,,,-2.0204038619995117,9.999999747378752e-05,-0.0151741998270154,0.09758945554494858,0.07360100746154785,0.010508060455322266,1141.0,0.18451154232025146,100.0,3.230184555053711,-0.004714922048151493,0.2188306599855423,0.0,0.9998945593833923
423,,,,,,,,-2.007349967956543,4.444444493856281e-05,-0.02700471691787243,0.0030744289979338646,0.07456207275390625,0.010801315307617188,1124.0,0.18466056883335114,100.0,3.2421133518218994,-0.00631398381665349,0.009259977377951145,0.0,0.9999253153800964
424,,,,,,,,-2.00114107131958,6.666666740784422e-05,-0.020853443071246147,0.32946622371673584,0.08616995811462402,0.010184049606323242,996.0,0.18485501408576965,100.0,3.242441177368164,-0.005756167694926262,1.6651663780212402,0.0,0.9998844265937805
425,,,,,,,,-1.9957332611083984,0.0001500000071246177,-0.008786575868725777,0.3691508173942566,0.07703304290771484,0.01044774055480957,1097.0,0.18453389406204224,100.0,3.2289531230926514,-0.005848460365086794,0.1472262144088745,0.0,0.9997652173042297
426,,,,,,,,-2.0048153400421143,4.444444493856281e-05,-0.030790403485298157,0.08749975264072418,0.07579612731933594,0.010040998458862305,1118.0,0.18421056866645813,100.0,3.2289531230926514,-0.0049763391725718975,0.6813768744468689,0.0,0.9998967051506042
427,,,,,,,,-2.0072827339172363,4.444444493856281e-05,-0.01910739205777645,0.0033248073887079954,0.07271599769592285,0.010092020034790039,1159.0,0.1841859072446823,100.0,3.2289531230926514,-0.005385000258684158,2.8995116472458942e-22,0.0,0.999906599521637
428,-0.005793880205601454,0.5799594521522522,0.0,0.9998666644096375,0.0,0.0,1.0,-2.0081307888031006,9.999999747378752e-05,-0.012977494858205318,0.18511585891246796,0.08605289459228516,0.010068893432617188,998.0,0.18394538760185242,100.0,3.2178359031677246,-0.006104783620685339,0.9284437298774719,0.0,0.9999353289604187
429,,,,,,,,-2.0284817218780518,9.999999747378752e-05,-0.030418068170547485,0.08312734961509705,0.07567811012268066,0.010104894638061523,1119.0,0.18302513659000397,100.0,3.228671073913574,-0.005272823851555586,1.4224447011947632,0.0,0.99973064661026
430,,,,,,,,-2.055396556854248,6.666666740784422e-05,-0.01478711050003767,0.12784554064273834,0.07695794105529785,0.009965181350708008,1104.0,0.18274617195129395,100.0,3.228671073913574,-0.004678857047110796,0.8031975626945496,0.0,0.9998822212219238
431,,,,,,,,-2.0631463527679443,0.0001500000071246177,-0.009198897518217564,0.007474900223314762,0.07184481620788574,0.01058197021484375,1164.0,0.18261635303497314,100.0,3.228671073913574,-0.004780891351401806,0.0,0.0,0.9998769760131836
432,,,,,,,,-2.0725622177124023,4.444444493856281e-05,-0.024423222988843918,0.057056695222854614,0.08220195770263672,0.010387182235717773,1036.0,0.18247824907302856,100.0,3.2379822731018066,-0.005824610590934753,0.2645524740219116,0.0,0.9999381899833679
433,,,,,,,,-2.0740320682525635,2.9629629352712072e-05,-0.02733912691473961,0.09935066848993301,0.07839202880859375,0.010522127151489258,1079.0,0.18256305158138275,100.0,3.2379822731018066,-0.004843189846724272,2.2585084438323975,0.0,0.9997239708900452
434,,,,,,,,-2.0750699043273926,9.999999747378752e-05,-0.008742849342525005,0.01910489611327648,0.07719182968139648,0.010890007019042969,1089.0,0.18240346014499664,100.0,3.2363696098327637,-0.005161012057214975,0.18419814109802246,0.0,0.999854564666748
435,,,,,,,,-2.084273099899292,2.9629629352712072e-05,-0.01612929068505764,0.021295011043548584,0.07345819473266602,0.010032892227172852,1149.0,0.1823364943265915,100.0,3.2363696098327637,-0.004646535497158766,0.6690418720245361,0.0,0.9998438358306885
436,,,,,,,,-2.087758779525757,0.0001500000071246177,-0.012177896685898304,0.01011323370039463,0.08026528358459473,0.010230064392089844,1060.0,0.1821211874485016,100.0,3.248708963394165,-0.005340544506907463,0.033802278339862823,0.0,0.9999325275421143
437,,,,,,,,-2.0898277759552,4.444444493856281e-05,-0.027649249881505966,0.16572414338588715,0.08054280281066895,0.010136127471923828,1058.0,0.18231356143951416,100.0,3.2437257766723633,-0.005145832430571318,2.468623399734497,0.0,0.9997292160987854
438,,,,,,,,-2.085221529006958,1.975308623514138e-05,-0.03829674795269966,0.029446102678775787,0.07674694061279297,0.01016092300415039,1104.0,0.18231670558452606,100.0,3.2430975437164307,-0.004896853119134903,0.07207246869802475,0.0,0.999809741973877
439,,,,,,,,-2.0852203369140625,9.999999747378752e-05,-0.010506055317819118,0.031680114567279816,0.07333707809448242,0.010323047637939453,1147.0,0.1823512315750122,100.0,3.2430975437164307,-0.00512112258002162,0.7317317128181458,0.0,0.9998285174369812
440,,,,,,,,-2.08310604095459,2.9629629352712072e-05,-0.010306972078979015,0.008320371620357037,0.07961916923522949,0.010167121887207031,1069.0,0.18236859142780304,100.0,3.2542734146118164,-0.005525386426597834,0.00029186237952671945,0.0,0.9999136924743652
441,,,,,,,,-2.0843820571899414,9.999999747378752e-05,-0.019129281863570213,0.2567850649356842,0.08093690872192383,0.010532140731811523,1049.0,0.182242289185524,100.0,3.256444215774536,-0.004929979797452688,0.6224710941314697,0.0,0.9997972846031189
442,,,,,,,,-2.094978094100952,6.666666740784422e-05,-0.013796847313642502,0.02560568042099476,0.0767679214477539,0.010008096694946289,1106.0,0.18195529282093048,100.0,3.2539103031158447,-0.004893903620541096,0.1885136365890503,0.0,0.999809205532074
443,,,,,,,,-2.10546875,4.444444493856281e-05,-0.023078324273228645,0.06704617291688919,0.07353901863098145,0.01048898696899414,1142.0,0.18175151944160461,100.0,3.2539103031158447,-0.0052482918836176395,0.9643195271492004,0.0,0.999823272228241
444,,,,,,,,-2.108607053756714,9.999999747378752e-05,-0.0112233255058527,0.01896371878683567,0.08014297485351562,0.010535955429077148,1058.0,0.18176734447479248,100.0,3.235072612762451,-0.005260417237877846,0.027381038293242455,0.0,0.9998964667320251
445,,,,,,,,-2.1037521362304688,6.666666740784422e-05,-0.019118554890155792,0.238732248544693,0.08109188079833984,0.010119915008544922,1052.0,0.1820114701986313,100.0,3.2234208583831787,-0.004636366385966539,1.062403678894043,0.0,0.9998272061347961
446,,,,,,,,-2.096893548965454,6.666666740784422e-05,-0.02095222845673561,0.042469583451747894,0.07779788970947266,0.010033130645751953,1093.0,0.18205446004867554,100.0,3.2235107421875,-0.005503600928932428,0.6426172852516174,0.0,0.9997361302375793
447,,,,,,,,-2.0979833602905273,9.999999747378752e-05,-0.022485852241516113,0.07997140288352966,0.07415509223937988,0.010306835174560547,1136.0,0.18203602731227875,100.0,3.2235107421875,-0.0049678487703204155,0.3719500005245209,0.0,0.9998354315757751
448,,,,,,,,-2.1087636947631836,6.666666740784422e-05,-0.02033311501145363,0.00433742068707943,0.07329797744750977,0.010706186294555664,1142.0,0.18146049976348877,100.0,3.239685535430908,-0.005351615604013205,1.4312968865670683e-10,0.0,0.9998682141304016
449,,,,,,,,-2.1326510906219482,9.999999747378752e-05,-0.02671116404235363,0.20703941583633423,0.0856480598449707,0.010229825973510742,1001.0,0.18094049394130707,100.0,3.2343976497650146,-0.005373322870582342,0.48954036831855774,0.0,0.9998615384101868
450,,,,,,,,-2.1524860858917236,4.444444493856281e-05,-0.020915698260068893,0.09125462919473648,0.0760948657989502,0.010591983795166016,1107.0,0.18056532740592957,100.0,3.22503399848938,-0.005200078710913658,0.9197658896446228,0.0,0.9997325539588928
451,,,,,,,,-2.166757822036743,6.666666740784422e-05,-0.013735247775912285,0.0709981843829155,0.07462310791015625,0.010403871536254883,1129.0,0.18025337159633636,100.0,3.22503399848938,-0.004537568893283606,0.2860352694988251,0.0,0.999854326248169
452,,,,,,,,-2.183135747909546,2.9629629352712072e-05,-0.01747310720384121,0.002149638021364808,0.07051682472229004,0.010100126266479492,1190.0,0.1799180656671524,100.0,3.22503399848938,-0.00440633250400424,0.0015582861378788948,0.0,0.9998455047607422
453,-0.005066415760666132,0.4509788453578949,0.0,0.9998331665992737,0.0,0.0,1.0,-2.18764066696167,2.9629629352712072e-05,-0.01844305358827114,0.06868461519479752,0.08404922485351562,0.009994745254516602,1020.0,0.18015223741531372,100.0,3.2170920372009277,-0.00547850551083684,0.47964873909950256,0.0,0.9998810887336731
454,,,,,,,,-2.1735849380493164,4.444444493856281e-05,-0.02189818024635315,0.04205118492245674,0.07703113555908203,0.010939836502075195,1091.0,0.18055060505867004,100.0,3.2208170890808105,-0.0045819454826414585,0.24880333244800568,0.0,0.9997288584709167
455,,,,,,,,-2.1590569019317627,6.666666740784422e-05,-0.01742892526090145,0.19407528638839722,0.07634186744689941,0.01018214225769043,1109.0,0.18075625598430634,100.0,3.2208170890808105,-0.004840167239308357,0.9954599738121033,0.0,0.9998381733894348
456,,,,,,,,-2.1562459468841553,2.9629629352712072e-05,0.0009621066274121404,0.004964322317391634,0.07132196426391602,0.010100841522216797,1179.0,0.1806573122739792,100.0,3.2208170890808105,-0.004839388187974691,1.3028600702751257e-28,0.0,0.9998132586479187
457,,,,,,,,-2.1644461154937744,6.666666740784422e-05,-0.01935570500791073,0.026021240279078484,0.08111715316772461,0.0107879638671875,1044.0,0.18033674359321594,100.0,3.2067971229553223,-0.005446621682494879,0.26990240812301636,0.0,0.9999043941497803
458,,,,,,,,-2.174074649810791,9.999999747378752e-05,-0.010878174565732479,0.0878123864531517,0.07908987998962402,0.010161876678466797,1075.0,0.1804148107767105,100.0,3.2067971229553223,-0.00498179392889142,1.7459588050842285,0.0,0.9996601939201355
459,,,,,,,,-2.1683578491210938,6.666666740784422e-05,-0.027069367468357086,0.0426519513130188,0.0765829086303711,0.01001286506652832,1108.0,0.1805594265460968,100.0,3.2085208892822266,-0.004975910764187574,0.21887563169002533,0.0,0.9998307228088379
460,,,,,,,,-2.169201374053955,4.444444493856281e-05,-0.01378483697772026,0.02258644625544548,0.07251906394958496,0.010504007339477539,1156.0,0.18036630749702454,100.0,3.2085208892822266,-0.005159508436918259,0.690464973449707,0.0,0.9997853636741638
461,,,,,,,,-2.1769912242889404,0.0001500000071246177,-0.020561790093779564,0.005278138443827629,0.07937502861022949,0.01069188117980957,1065.0,0.18016460537910461,100.0,3.222770929336548,-0.004910867195576429,0.03129982575774193,0.0,0.9998960494995117
462,,,,,,,,-2.184384346008301,4.444444493856281e-05,-0.011198771186172962,0.10671764612197876,0.07970499992370605,0.010154962539672852,1068.0,0.18002255260944366,100.0,3.2261545658111572,-0.0062237889505922794,0.5729219913482666,0.0,0.9997620582580566
463,,,,,,,,-2.189652919769287,6.666666740784422e-05,-0.017121069133281708,0.018956303596496582,0.0777740478515625,0.010710954666137695,1084.0,0.17994840443134308,100.0,3.226024627685547,-0.004880180116742849,0.6626527309417725,0.0,0.9998027682304382
464,,,,,,,,-2.194186210632324,0.0001500000071246177,-0.00754908099770546,0.04697258770465851,0.07362890243530273,0.011403083801269531,1128.0,0.17974072694778442,100.0,3.226024627685547,-0.004941141698509455,0.7864055037498474,0.0,0.9998161792755127
465,,,,,,,,-2.2074975967407227,2.9629629352712072e-05,-0.03521176055073738,0.002729188185185194,0.08086013793945312,0.01174473762512207,1036.0,0.17937977612018585,100.0,3.195357322692871,-0.005518587771803141,0.0002891144249588251,0.0,0.9998965263366699
466,,,,,,,,-2.215891122817993,0.0001500000071246177,-0.012328533455729485,0.1590607613325119,0.08234405517578125,0.01098012924194336,1028.0,0.17929068207740784,100.0,3.2093284130096436,-0.0052956282161176205,1.7500721216201782,0.0,0.9997348189353943
467,,,,,,,,-2.2219765186309814,6.666666740784422e-05,-0.011279542930424213,0.027858855202794075,0.07710409164428711,0.010670900344848633,1093.0,0.17916405200958252,100.0,3.2239603996276855,-0.005366774741560221,0.7375443577766418,0.0,0.9997491240501404
468,,,,,,,,-2.2237586975097656,9.999999747378752e-05,-0.021522225812077522,0.05735800415277481,0.07297825813293457,0.010420799255371094,1151.0,0.1793973445892334,100.0,3.2239603996276855,-0.004678477067500353,0.8635725378990173,0.0,0.9997992515563965
469,,,,,,,,-2.2126410007476807,6.666666740784422e-05,-0.022695055231451988,0.00544630317017436,0.07896971702575684,0.011054039001464844,1066.0,0.17975565791130066,100.0,3.2369627952575684,-0.0054092793725430965,2.3443449492788204e-07,0.0,0.9998628497123718
470,,,,,,,,-2.2087173461914062,6.666666740784422e-05,-0.025455186143517494,0.1495288908481598,0.0808250904083252,0.010164022445678711,1055.0,0.1797982007265091,100.0,3.235682487487793,-0.004986315034329891,0.7410802841186523,0.0,0.9998193383216858
471,,,,,,,,-2.210496664047241,2.9629629352712072e-05,-0.02099325880408287,0.025488656014204025,0.07828187942504883,0.010204076766967773,1084.0,0.17966556549072266,100.0,3.2502939701080322,-0.005421515088528395,0.29311129450798035,0.0,0.999739944934845
472,,,,,,,,-2.217219829559326,9.999999747378752e-05,-0.015746721997857094,0.0950223058462143,0.0757150650024414,0.011210918426513672,1104.0,0.17947152256965637,100.0,3.2502939701080322,-0.004456175025552511,0.17495082318782806,0.0,0.9998407959938049
473,,,,,,,,-2.22461199760437,9.999999747378752e-05,-0.018328802660107613,0.004216679837554693,0.07430195808410645,0.010757684707641602,1128.0,0.17931370437145233,100.0,3.2600016593933105,-0.0056847776286304,3.664000905700959e-05,0.0,0.9998520016670227
474,,,,,,,,-2.2284722328186035,2.9629629352712072e-05,-0.02486417442560196,0.06467357277870178,0.08503603935241699,0.011061906814575195,998.0,0.1793951690196991,100.0,3.2483410835266113,-0.005065629258751869,0.5546374917030334,0.0,0.9998588562011719
475,,,,,,,,-2.221491575241089,9.999999747378752e-05,-0.013120662420988083,0.030076196417212486,0.07584476470947266,0.010471343994140625,1112.0,0.17976392805576324,100.0,3.2342522144317627,-0.004679887555539608,0.21080899238586426,0.0,0.9997360110282898
476,,,,,,,,-2.2134294509887695,9.999999747378752e-05,-0.007879330776631832,0.07314850389957428,0.07572793960571289,0.010416746139526367,1114.0,0.1797085553407669,100.0,3.2342522144317627,-0.004879834596067667,0.8213837742805481,0.0,0.9998437762260437
477,,,,,,,,-2.217686414718628,4.444444493856281e-05,-0.019862206652760506,0.0037178602069616318,0.07396769523620605,0.011202096939086914,1127.0,0.17966561019420624,100.0,3.2342522144317627,-0.004706280771642923,7.582441585143786e-15,0.0,0.9998337626457214
478,-0.004916256293654442,0.24495215713977814,0.0,0.9998299479484558,0.0,0.0,1.0,-2.2167489528656006,4.444444493856281e-05,-0.034324657171964645,0.1739008128643036,0.08657097816467285,0.01125192642211914,981.0,0.17970974743366241,100.0,3.213521718978882,-0.0054693943820893764,1.2072902917861938,0.0,0.9998974800109863
479,,,,,,,,-2.2159957885742188,9.999999747378752e-05,-0.013156802393496037,0.044158935546875,0.07602310180664062,0.010344982147216797,1111.0,0.17971302568912506,100.0,3.211543083190918,-0.005091250874102116,0.2254570871591568,0.0,0.9996932148933411
480,,,,,,,,-2.2128570079803467,4.444444493856281e-05,-0.020274879410862923,0.09609422087669373,0.07666492462158203,0.01001286506652832,1107.0,0.1797681599855423,100.0,3.211543083190918,-0.005052844062447548,0.7799060940742493,0.0,0.9998505711555481
481,,,,,,,,-2.2027926445007324,0.00022499999613501132,-0.005110425408929586,0.004277188330888748,0.07058978080749512,0.010123014450073242,1189.0,0.18030264973640442,100.0,3.211543083190918,-0.005490595940500498,6.591157063499595e-14,0.0,0.999802827835083
482,,,,,,,,-2.175571918487549,1.975308623514138e-05,-0.019343290477991104,0.034265752881765366,0.08305191993713379,0.009914159774780273,1032.0,0.18067415058612823,100.0,3.1905269622802734,-0.005417103413492441,0.2682335674762726,0.0,0.9998953342437744
483,,,,,,,,-2.1694891452789307,9.999999747378752e-05,-0.016558397561311722,0.11331778019666672,0.07924818992614746,0.010760784149169922,1066.0,0.18072392046451569,100.0,3.1905269622802734,-0.0048471479676663876,1.7539730072021484,0.0,0.9996646046638489
484,,,,,,,,-2.1710989475250244,4.444444493856281e-05,-0.023533938452601433,0.016663098707795143,0.07778596878051758,0.010832071304321289,1083.0,0.18063406646251678,100.0,3.1868226528167725,-0.004814563784748316,0.27716493606567383,0.0,0.999821662902832
485,,,,,,,,-2.171973705291748,9.999999747378752e-05,-0.014575029723346233,0.031252071261405945,0.07195806503295898,0.01059412956237793,1162.0,0.18068434298038483,100.0,3.1868226528167725,-0.004991824273020029,0.8787912726402283,0.0,0.9997787475585938
486,,,,,,,,-2.1703288555145264,6.666666740784422e-05,-0.014311209321022034,0.004114529583603144,0.07943606376647949,0.010102033615112305,1072.0,0.18063728511333466,100.0,3.185185432434082,-0.005587974097579718,0.09181530028581619,0.0,0.9998824000358582
487,,,,,,,,-2.1725661754608154,6.666666740784422e-05,-0.01882551610469818,0.1439257711172104,0.0810689926147461,0.010511159896850586,1048.0,0.18062618374824524,100.0,3.176988363265991,-0.004934421740472317,1.7158492803573608,0.0,0.9997028708457947
488,,,,,,,,-2.1729626655578613,4.444444493856281e-05,-0.027263714000582695,0.013393008150160313,0.07757210731506348,0.010751962661743164,1086.0,0.18068774044513702,100.0,3.177584648132324,-0.0052605862729251385,0.05731663480401039,0.0,0.9997949600219727
489,,,,,,,,-2.1677892208099365,0.0001500000071246177,-0.010675092227756977,0.018668606877326965,0.07277083396911621,0.010337114334106445,1155.0,0.1808961033821106,100.0,3.177584648132324,-0.005168362054973841,0.17775923013687134,0.0,0.9998083114624023
490,,,,,,,,-2.1568198204040527,6.666666740784422e-05,-0.03204550966620445,0.0037940016482025385,0.07934904098510742,0.010405778884887695,1069.0,0.18107770383358002,100.0,3.169811248779297,-0.0053016128949820995,0.0004121716192457825,0.0,0.9998919367790222
491,,,,,,,,-2.154231071472168,9.999999747378752e-05,-0.014067753218114376,0.18214821815490723,0.0808098316192627,0.011171102523803711,1043.0,0.1809561401605606,100.0,3.157648801803589,-0.004843141417950392,2.0074028968811035,0.0,0.9997257590293884
492,,,,,,,,-2.1583893299102783,4.444444493856281e-05,-0.01920490711927414,0.05434376746416092,0.07805418968200684,0.010138988494873047,1088.0,0.1809648722410202,100.0,3.146803617477417,-0.0049782381393015385,0.960932195186615,0.0,0.9997169375419617
493,,,,,,,,-2.1573357582092285,4.444444493856281e-05,-0.010813949629664421,0.11652567237615585,0.07193398475646973,0.010084152221679688,1170.0,0.18099525570869446,100.0,3.146803617477417,-0.005100746173411608,1.100988507270813,0.0,0.9997653961181641
494,,,,,,,,-2.158278465270996,6.666666740784422e-05,-0.02321394719183445,0.004796805325895548,0.07905411720275879,0.010175943374633789,1075.0,0.18103651702404022,100.0,3.160776138305664,-0.005172701086848974,4.103827961898787e-07,0.0,0.9998311996459961
495,,,,,,,,-2.1587109565734863,4.444444493856281e-05,-0.013312495313584805,0.2030806541442871,0.08208680152893066,0.010804891586303711,1033.0,0.1810595691204071,100.0,3.16107439994812,-0.00577309587970376,2.2000482082366943,0.0,0.9997552037239075
496,,,,,,,,-2.1573398113250732,6.666666740784422e-05,-0.02108023315668106,0.06727555394172668,0.07779788970947266,0.0108489990234375,1082.0,0.18112465739250183,100.0,3.1604700088500977,-0.004597758874297142,1.044094204902649,0.0,0.9996616244316101
497,,,,,,,,-2.1500296592712402,4.444444493856281e-05,-0.02857026271522045,0.06867922097444534,0.07246899604797363,0.010472297668457031,1157.0,0.18134239315986633,100.0,3.1604700088500977,-0.005209242459386587,0.28188326954841614,0.0,0.9997859001159668
498,,,,,,,,-2.136913299560547,0.0005062500131316483,-0.011187957599759102,0.007003284525126219,0.07220101356506348,0.00997304916381836,1168.0,0.18186628818511963,100.0,3.182034730911255,-0.005260871257632971,0.07081108540296555,0.0,0.9998006820678711
499,,,,,,,,-2.1131300926208496,4.444444493856281e-05,-0.029399190098047256,0.1329384595155716,0.0870511531829834,0.011024951934814453,978.0,0.18200086057186127,100.0,3.1840274333953857,-0.005463147070258856,0.7939780354499817,0.0,0.9998193383216858
500,,,,,,,,-2.111307382583618,6.666666740784422e-05,-0.009351340122520924,0.09120042622089386,0.07781100273132324,0.01076197624206543,1083.0,0.18198759853839874,100.0,3.172231435775757,-0.0051523856818675995,1.1010125875473022,0.0,0.9996504187583923
501,,,,,,,,-2.109184741973877,2.9629629352712072e-05,-0.025692369788885117,0.08424108475446701,0.07469797134399414,0.010368824005126953,1128.0,0.18213394284248352,100.0,3.172231435775757,-0.0047974600456655025,1.076371192932129,0.0,0.9997861981391907
502,,,,,,,,-2.1051809787750244,4.444444493856281e-05,-0.022167114540934563,0.0030767563730478287,0.0714879035949707,0.010190725326538086,1175.0,0.1822199672460556,100.0,3.172231435775757,-0.0048557547852396965,2.7633036917690257e-12,0.0,0.9997904896736145
503,-0.005143411457538605,0.5902726650238037,0.0,0.9997706413269043,0.0,0.0,1.0,-2.1062798500061035,6.666666740784422e-05,-0.0141819529235363,0.11648866534233093,0.08530211448669434,0.010360002517700195,1003.0,0.18206635117530823,100.0,3.1837270259857178,-0.0054857246577739716,0.636461079120636,0.0,0.9998586773872375
504,,,,,,,,-2.1149775981903076,2.9629629352712072e-05,-0.02813788689672947,0.19569604098796844,0.07581615447998047,0.010091066360473633,1117.0,0.18191106617450714,100.0,3.2020022869110107,-0.0044798641465604305,1.2778841257095337,0.0,0.999645471572876
505,,,,,,,,-2.1158275604248047,6.666666740784422e-05,-0.021309996023774147,0.30260610580444336,0.07670974731445312,0.010233163833618164,1104.0,0.1819988191127777,100.0,3.2020022869110107,-0.004307733383029699,1.2746860980987549,0.0,0.9997910857200623
506,,,,,,,,-2.110711097717285,6.666666740784422e-05,-0.014444820582866669,0.019190870225429535,0.07081770896911621,0.010141134262084961,1185.0,0.1820981353521347,100.0,3.2020022869110107,-0.005323253571987152,5.917148281769924e-12,0.0,0.9997789263725281
507,,,,,,,,-2.1133642196655273,9.999999747378752e-05,-0.018818430602550507,0.012984507717192173,0.08111429214477539,0.010432958602905273,1048.0,0.18200843036174774,100.0,3.19681715965271,-0.00539927976205945,0.3131372928619385,0.0,0.9998640418052673
508,,,,,,,,-2.1117265224456787,4.444444493856281e-05,-0.014268642291426659,0.2648872137069702,0.07872986793518066,0.010472297668457031,1076.0,0.18208982050418854,100.0,3.19681715965271,-0.004966263193637133,3.0753161907196045,0.0,0.9996141791343689
509,,,,,,,,-2.106966733932495,2.9629629352712072e-05,-0.019734442234039307,0.01141081377863884,0.07804512977600098,0.010561704635620117,1083.0,0.18206675350666046,100.0,3.219076633453369,-0.005382666364312172,0.20625674724578857,0.0,0.9997594952583313
510,,,,,,,,-2.1052956581115723,6.666666740784422e-05,-0.016516154631972313,0.036843571811914444,0.07264995574951172,0.01017904281616211,1159.0,0.18215437233448029,100.0,3.219076633453369,-0.005009665619581938,0.835978090763092,0.0,0.999734103679657
511,,,,,,,,-2.094803810119629,6.666666740784422e-05,-0.027083609253168106,0.008223536424338818,0.08179306983947754,0.01073598861694336,1037.0,0.1825048327445984,100.0,3.2401485443115234,-0.004432781133800745,0.04692760109901428,0.0,0.9998462796211243
512,,,,,,,,-2.0829873085021973,9.999999747378752e-05,-0.014749070629477501,0.19071997702121735,0.07875800132751465,0.010141134262084961,1079.0,0.18267636001110077,100.0,3.246086597442627,-0.0054162838496267796,1.6340357065200806,0.0,0.9996676445007324
513,,,,,,,,-2.0793750286102295,6.666666740784422e-05,-0.028586216270923615,0.010285582393407822,0.07711005210876465,0.010751008987426758,1092.0,0.18281269073486328,100.0,3.2478127479553223,-0.004716592840850353,0.1288387030363083,0.0,0.9997460842132568
514,,,,,,,,-2.0714244842529297,9.999999747378752e-05,-0.0069100637920200825,0.11442270874977112,0.07245206832885742,0.010081052780151367,1163.0,0.18299977481365204,100.0,3.2478127479553223,-0.004919629078358412,1.2088412046432495,0.0,0.9997145533561707
515,,,,,,,,-2.0650105476379395,6.666666740784422e-05,-0.034305889159440994,0.003719582222402096,0.07943201065063477,0.010289192199707031,1069.0,0.18290361762046814,100.0,3.2704107761383057,-0.005071850027889013,0.0008977375109679997,0.0,0.9998275637626648
516,,,,,,,,-2.069401264190674,2.9629629352712072e-05,-0.01204021368175745,0.18075436353683472,0.0801689624786377,0.010123014450073242,1063.0,0.1827119141817093,100.0,3.2730278968811035,-0.005150406621396542,2.428506851196289,0.0,0.999674379825592
517,,,,,,,,-2.072632312774658,4.444444493856281e-05,-0.018030107021331787,0.039874475449323654,0.07661604881286621,0.010128021240234375,1106.0,0.182795450091362,100.0,3.2947773933410645,-0.005109259858727455,0.7532805800437927,0.0,0.9996563792228699
518,,,,,,,,-2.064380168914795,4.444444493856281e-05,-0.012867357581853867,0.07232673466205597,0.07259106636047363,0.01041102409362793,1156.0,0.1831391155719757,100.0,3.2947773933410645,-0.004734257701784372,1.1447746753692627,0.0,0.9997074007987976
519,,,,,,,,-2.0523998737335205,2.9629629352712072e-05,-0.031110264360904694,0.003529064357280731,0.07740902900695801,0.010161161422729492,1096.0,0.18335412442684174,100.0,3.3081817626953125,-0.005900669377297163,5.462360945784894e-07,0.0,0.9997817873954773
520,,,,,,,,-2.0455074310302734,6.666666740784422e-05,-0.012411223724484444,0.19310817122459412,0.0808720588684082,0.010190963745117188,1054.0,0.18348312377929688,100.0,3.3096792697906494,-0.005232091993093491,2.5863239765167236,0.0,0.9997310042381287
521,,,,,,,,-2.0418264865875244,4.444444493856281e-05,-0.015471980907022953,0.09806520491838455,0.07673192024230957,0.011527299880981445,1087.0,0.1834649294614792,100.0,3.3155221939086914,-0.005512281786650419,1.343442440032959,0.0,0.9996396899223328
522,,,,,,,,-2.0383431911468506,4.444444493856281e-05,-0.026394793763756752,0.04741769656538963,0.07318496704101562,0.01067209243774414,1144.0,0.18361075222492218,100.0,3.3155221939086914,-0.0049894098192453384,1.080944538116455,0.0,0.9997393488883972
523,,,,,,,,-2.033395767211914,6.666666740784422e-05,-0.014199575409293175,0.008847673423588276,0.073760986328125,0.010826826095581055,1134.0,0.18362578749656677,100.0,3.3347408771514893,-0.006114995572715998,7.598532220098875e-11,0.0,0.9997555613517761
524,,,,,,,,-2.037736177444458,4.444444493856281e-05,-0.012956546619534492,0.2184334397315979,0.08449172973632812,0.01041722297668457,1011.0,0.18337270617485046,100.0,3.3447535037994385,-0.00562755623832345,1.4071627855300903,0.0,0.9997990131378174
525,,,,,,,,-2.047039031982422,1.975308623514138e-05,-0.02116357907652855,0.0984555333852768,0.07564687728881836,0.010380744934082031,1115.0,0.18317408859729767,100.0,3.3495123386383057,-0.00481972424313426,0.4333157241344452,0.0,0.9996521472930908
526,,,,,,,,-2.052443265914917,6.666666740784422e-05,-0.010917695239186287,0.20403598248958588,0.07428503036499023,0.010170936584472656,1136.0,0.18305079638957977,100.0,3.3495123386383057,-0.005271893460303545,0.4861781895160675,0.0,0.9997782707214355
527,,,,,,,,-2.057267665863037,4.444444493856281e-05,-0.008791272528469563,0.003513456555083394,0.07100796699523926,0.010392189025878906,1179.0,0.1829410195350647,100.0,3.3495123386383057,-0.004585623741149902,0.005903581622987986,0.0,0.9997642636299133
528,-0.005231148097664118,0.5890865325927734,0.0,0.9997572898864746,0.0,0.0,1.0,-2.0596978664398193,0.0001500000071246177,-0.006291654892265797,0.09491495043039322,0.08507323265075684,0.010383844375610352,1005.0,0.18296115100383759,100.0,3.3501062393188477,-0.006350008770823479,0.6356194019317627,0.0,0.999843418598175
529,,,,,,,,-2.0574452877044678,2.9629629352712072e-05,-0.03164379671216011,0.1527727246284485,0.07520675659179688,0.010917186737060547,1114.0,0.18313491344451904,100.0,3.355167865753174,-0.004768005106598139,0.3927863538265228,0.0,0.999635636806488
530,,,,,,,,-2.0528080463409424,6.666666740784422e-05,-0.008600756525993347,0.09300067275762558,0.07586097717285156,0.010118961334228516,1116.0,0.1832370012998581,100.0,3.355167865753174,-0.005575050134211779,0.21329732239246368,0.0,0.9997748732566833
531,,,,,,,,-2.051973819732666,4.444444493856281e-05,-0.01981409452855587,0.0037762161809951067,0.07104206085205078,0.01022481918334961,1181.0,0.1831151843070984,100.0,3.355167865753174,-0.004718737676739693,0.015935635194182396,0.0,0.9997587203979492
532,,,,,,,,-2.055410861968994,2.9629629352712072e-05,-0.01847006008028984,0.022974815219640732,0.08085179328918457,0.010257244110107422,1053.0,0.18311254680156708,100.0,3.340125799179077,-0.00655379006639123,0.337833046913147,0.0,0.9998413920402527
533,,,,,,,,-2.0551021099090576,6.666666740784422e-05,-0.011918267235159874,0.4301031231880188,0.08014893531799316,0.010636091232299805,1057.0,0.18312713503837585,100.0,3.340125799179077,-0.005028958898037672,3.77983021736145,0.0,0.999598503112793
534,,,,,,,,-2.0522725582122803,4.444444493856281e-05,-0.021057162433862686,0.017220811918377876,0.07692098617553711,0.010610103607177734,1096.0,0.1832275390625,100.0,3.331439256668091,-0.004952041897922754,0.1720990389585495,0.0,0.9997344613075256
535,,,,,,,,-2.047381639480591,4.444444493856281e-05,-0.010045340284705162,0.1411842405796051,0.0712130069732666,0.01019906997680664,1179.0,0.18326619267463684,100.0,3.331439256668091,-0.004513448569923639,1.4082261323928833,0.0,0.9996897578239441
536,,,,,,,,-2.046314001083374,4.444444493856281e-05,-0.016947634518146515,0.0036539798602461815,0.07966399192810059,0.010271072387695312,1067.0,0.18326666951179504,100.0,3.3535804748535156,-0.005472680553793907,0.05727795884013176,0.0,0.9998131394386292
537,,,,,,,,-2.044640302658081,6.666666740784422e-05,-0.015557399019598961,0.475828617811203,0.08016204833984375,0.009996891021728516,1064.0,0.18338105082511902,100.0,3.365358829498291,-0.005875242408365011,3.1508748531341553,0.0,0.9996126294136047
538,,,,,,,,-2.0419600009918213,4.444444493856281e-05,-0.030245739966630936,0.0035126267466694117,0.07666206359863281,0.009917974472045898,1108.0,0.18337395787239075,100.0,3.3802664279937744,-0.004470961168408394,0.1095275953412056,0.0,0.9997325539588928
539,,,,,,,,-2.041407585144043,4.444444493856281e-05,-0.022263601422309875,0.035010650753974915,0.07285213470458984,0.011138916015625,1142.0,0.1833924800157547,100.0,3.3802664279937744,-0.0051043531857430935,0.2476717233657837,0.0,0.9997272491455078
540,,,,,,,,-2.041614055633545,9.999999747378752e-05,-0.030400702729821205,0.0032756938599050045,0.07972192764282227,0.010263204574584961,1066.0,0.18331600725650787,100.0,3.405177354812622,-0.005861200392246246,0.0007411671685986221,0.0,0.9998161196708679
541,,,,,,,,-2.042720317840576,2.9629629352712072e-05,-0.017544535920023918,0.6915806531906128,0.08047723770141602,0.010074853897094727,1060.0,0.18341997265815735,100.0,3.393643617630005,-0.005649410653859377,3.6024672985076904,0.0,0.9996526837348938
542,,,,,,,,-2.039957284927368,6.666666740784422e-05,-0.011934955604374409,0.3253079950809479,0.07720685005187988,0.010081052780151367,1099.0,0.18342483043670654,100.0,3.383866548538208,-0.005125391762703657,1.7581003904342651,0.0,0.9996141791343689
543,,,,,,,,-2.0405170917510986,6.666666740784422e-05,-0.006223991513252258,0.16974128782749176,0.07331705093383789,0.010616064071655273,1143.0,0.18351557850837708,100.0,3.383866548538208,-0.005440893117338419,0.47015607357025146,0.0,0.9996864199638367
544,,,,,,,,-2.0363805294036865,2.9629629352712072e-05,-0.026566894724965096,0.012304965406656265,0.07953000068664551,0.010386943817138672,1067.0,0.18364045023918152,100.0,3.4180943965911865,-0.005114023108035326,0.00012664773385040462,0.0,0.9997531771659851
545,,,,,,,,-2.0313026905059814,4.444444493856281e-05,-0.0117477523162961,0.12351793795824051,0.0799260139465332,0.010859966278076172,1057.0,0.18385249376296997,100.0,3.4384217262268066,-0.005354788154363632,0.48065733909606934,0.0,0.9997543692588806
546,,,,,,,,-2.0245842933654785,2.9629629352712072e-05,-0.013679885305464268,0.040310535579919815,0.07799506187438965,0.0101470947265625,1089.0,0.18394528329372406,100.0,3.4323298931121826,-0.005179449450224638,0.3086908757686615,0.0,0.999654233455658
547,,,,,,,,-2.0218617916107178,9.999999747378752e-05,-0.010064673610031605,0.03487410396337509,0.07361984252929688,0.009958028793334961,1148.0,0.18396779894828796,100.0,3.4323298931121826,-0.004899699240922928,0.31612035632133484,0.0,0.9997225403785706
548,,,,,,,,-2.0174601078033447,2.9629629352712072e-05,-0.014989641495049,0.0019775968976318836,0.07264399528503418,0.009948968887329102,1162.0,0.18406252562999725,100.0,3.4281117916107178,-0.006170479580760002,1.3439110935209442e-10,0.0,0.9997525215148926
549,,,,,,,,-2.015134334564209,2.9629629352712072e-05,-0.016365470364689827,0.0671529620885849,0.08376884460449219,0.009845972061157227,1025.0,0.18397943675518036,100.0,3.4300425052642822,-0.0057689170353114605,0.5345363020896912,0.0,0.9997760653495789
550,,,,,,,,-2.021450996398926,9.999999747378752e-05,-0.012383579276502132,0.5169513821601868,0.07661199569702148,0.010605096817016602,1100.0,0.18366530537605286,100.0,3.4189131259918213,-0.005448374897241592,1.817172646522522,0.0,0.9995996952056885
551,,,,,,,,-2.035334587097168,4.444444493856281e-05,-0.020501431077718735,0.5840736031532288,0.0747828483581543,0.010062217712402344,1131.0,0.18339520692825317,100.0,3.4189131259918213,-0.004857914987951517,1.733850359916687,0.0,0.9996991157531738
552,,,,,,,,-2.0408923625946045,9.999999747378752e-05,-0.013458474539220333,0.0059909699484705925,0.07313704490661621,0.010829925537109375,1143.0,0.18326698243618011,100.0,3.4189131259918213,-0.004650585353374481,2.1691478704921087e-14,0.0,0.9996991157531738
553,-0.005406849551945925,0.7525472640991211,0.0,0.9997043013572693,0.0,0.0,1.0,-2.045231580734253,1.975308623514138e-05,-0.035903800278902054,0.04587843641638756,0.08665704727172852,0.010215044021606445,990.0,0.18316204845905304,100.0,3.4313108921051025,-0.0058193388395011425,0.4291146993637085,0.0,0.9997899532318115
554,,,,,,,,-2.0457522869110107,2.9629629352712072e-05,-0.024961644783616066,0.2903570234775543,0.07573413848876953,0.010019779205322266,1119.0,0.18320409953594208,100.0,3.4574496746063232,-0.004223932977765799,2.024132013320923,0.0,0.9995453357696533
555,,,,,,,,-2.040696144104004,9.999999747378752e-05,-0.014849402941763401,0.015050080604851246,0.07783079147338867,0.01056218147277832,1086.0,0.18339556455612183,100.0,3.4574496746063232,-0.005614344496279955,0.1984195113182068,0.0,0.9997027516365051
556,,,,,,,,-2.027754306793213,9.999999747378752e-05,-0.013226604089140892,0.07526594400405884,0.07303977012634277,0.010762929916381836,1145.0,0.18368524312973022,100.0,3.4574496746063232,-0.004505855962634087,1.5682281255722046,0.0,0.9996609687805176
557,,,,,,,,-2.0241968631744385,6.666666740784422e-05,-0.014550682157278061,0.06260921061038971,0.08227777481079102,0.010684013366699219,1032.0,0.18336300551891327,100.0,3.477485179901123,-0.006105286534875631,0.29703012108802795,0.0,0.9997925162315369
558,,,,,,,,-2.0393528938293457,4.444444493856281e-05,-0.01983003318309784,0.31066006422042847,0.08000397682189941,0.011929035186767578,1044.0,0.18299739062786102,100.0,3.477485179901123,-0.004145076032727957,2.595834493637085,0.0,0.9995510578155518
559,,,,,,,,-2.0496463775634766,2.9629629352712072e-05,-0.02781807817518711,0.025376975536346436,0.07782912254333496,0.010562658309936523,1086.0,0.1828342229127884,100.0,3.505868911743164,-0.005000145640224218,0.2107785940170288,0.0,0.9996845722198486
560,,,,,,,,-2.056612491607666,9.999999747378752e-05,-0.007990414276719093,0.24564379453659058,0.07236599922180176,0.010219097137451172,1162.0,0.1825329065322876,100.0,3.505868911743164,-0.004898732993751764,1.6255327463150024,0.0,0.9996337890625
561,,,,,,,,-2.0725481510162354,4.444444493856281e-05,-0.017172928899526596,0.004658181685954332,0.07982611656188965,0.010390758514404297,1064.0,0.18217092752456665,100.0,3.541646718978882,-0.005960227455943823,0.08206632733345032,0.0,0.9997798800468445
562,,,,,,,,-2.0841102600097656,6.666666740784422e-05,-0.017713775858283043,0.686924397945404,0.08265328407287598,0.010158777236938477,1034.0,0.18190808594226837,100.0,3.5475196838378906,-0.005763476714491844,3.8972291946411133,0.0,0.999563992023468
563,,,,,,,,-2.097756862640381,4.444444493856281e-05,-0.020281661301851273,0.1858358383178711,0.07837915420532227,0.010201692581176758,1083.0,0.1814904510974884,100.0,3.563552141189575,-0.005234333220869303,1.8246135711669922,0.0,0.9996017813682556
564,,,,,,,,-2.1084470748901367,6.666666740784422e-05,-0.013774971477687359,0.15161892771720886,0.0726768970489502,0.010101079940795898,1159.0,0.18141503632068634,100.0,3.563552141189575,-0.005699752364307642,0.2824864685535431,0.0,0.999638020992279
565,,,,,,,,-2.1087770462036133,6.666666740784422e-05,-0.012155846692621708,0.0072510563768446445,0.07997488975524902,0.010815143585205078,1057.0,0.18136274814605713,100.0,3.60280179977417,-0.005760945379734039,0.0008194369147531688,0.0,0.9997305870056152
566,,,,,,,,-2.1114919185638428,0.00022499999613501132,0.004767299629747868,0.2373056709766388,0.08237004280090332,0.010596752166748047,1032.0,0.18134653568267822,100.0,3.6341652870178223,-0.005265962332487106,1.8472380638122559,0.0,0.999650239944458
567,,,,,,,,-2.107208490371704,4.444444493856281e-05,-0.02241802215576172,0.06284206360578537,0.0779728889465332,0.010151147842407227,1089.0,0.1815316528081894,100.0,3.624199628829956,-0.005195904988795519,0.6738752722740173,0.0,0.9996259808540344
568,,,,,,,,-2.101288080215454,4.444444493856281e-05,-0.003854385344311595,0.21456266939640045,0.07256793975830078,0.010556936264038086,1154.0,0.1816520392894745,100.0,3.624199628829956,-0.004610465373843908,1.7243236303329468,0.0,0.9996554255485535
569,,,,,,,,-2.094438076019287,2.9629629352712072e-05,-0.01238251756876707,0.0035986853763461113,0.07782101631164551,0.010566949844360352,1086.0,0.18184761703014374,100.0,3.6489791870117188,-0.0058594197034835815,5.586985594163707e-07,0.0,0.9997385144233704
570,,,,,,,,-2.086909532546997,0.0001500000071246177,-0.007344353012740612,0.4271151125431061,0.08098006248474121,0.009994983673095703,1055.0,0.18206757307052612,100.0,3.649444341659546,-0.005722505506128073,3.3118064403533936,0.0,0.9996752142906189
571,,,,,,,,-2.0718696117401123,2.9629629352712072e-05,-0.013189771212637424,0.16675767302513123,0.07831907272338867,0.01011800765991211,1085.0,0.18247409164905548,100.0,3.6662919521331787,-0.004995191469788551,1.5315989255905151,0.0,0.9995431303977966
572,,,,,,,,-2.06301212310791,0.0001500000071246177,-0.01861133612692356,0.13042543828487396,0.07252097129821777,0.009898900985717773,1164.0,0.18252398073673248,100.0,3.6662919521331787,-0.0047307428903877735,0.2260221391916275,0.0,0.9996974468231201
573,,,,,,,,-2.0640206336975098,2.9629629352712072e-05,-0.014441309496760368,0.007668443489819765,0.07592511177062988,0.01056671142578125,1109.0,0.1824365109205246,100.0,3.6984944343566895,-0.005620433483272791,0.00431428337469697,0.0,0.9996991157531738
574,,,,,,,,-2.0667574405670166,6.666666740784422e-05,-0.006502869073301554,0.6912201046943665,0.08521485328674316,0.010326147079467773,1004.0,0.18231751024723053,100.0,3.711531400680542,-0.005084798205643892,2.212599992752075,0.0,0.9997448921203613
575,,,,,,,,-2.0680654048919678,2.9629629352712072e-05,-0.026945997029542923,0.3026597201824188,0.07790374755859375,0.01091623306274414,1080.0,0.1823764145374298,100.0,3.6993601322174072,-0.005040266085416079,0.5230506062507629,0.0,0.9995555281639099
576,,,,,,,,-2.0656332969665527,6.666666740784422e-05,-0.012276637367904186,0.22137059271335602,0.0759439468383789,0.010282039642333984,1113.0,0.1823606789112091,100.0,3.6993601322174072,-0.004569388460367918,1.4141688346862793,0.0,0.9996827244758606
577,,,,,,,,-2.066868782043457,0.0001500000071246177,-0.0016387898940593004,0.01521372888237238,0.07111692428588867,0.010072946548461914,1182.0,0.18224863708019257,100.0,3.6993601322174072,-0.004442222416400909,0.0,0.0,0.9996623992919922
578,-0.0050547863356769085,0.8755636215209961,0.0,0.9996709823608398,0.0,0.0,1.0,-2.0727291107177734,1.975308623514138e-05,-0.026926491409540176,0.04957300052046776,0.08648085594177246,0.010711193084716797,987.0,0.18218998610973358,100.0,3.732032537460327,-0.005690142046660185,0.6788756251335144,0.0,0.9997875094413757
579,,,,,,,,-2.0758142471313477,6.666666740784422e-05,-0.01485738717019558,0.14417801797389984,0.07584118843078613,0.010579109191894531,1110.0,0.18202447891235352,100.0,3.755809783935547,-0.004619776736944914,0.5014681220054626,0.0,0.9995675086975098
580,,,,,,,,-2.0843966007232666,4.444444493856281e-05,-0.011477373540401459,0.042715948075056076,0.07689785957336426,0.010921001434326172,1093.0,0.18180957436561584,100.0,3.755809783935547,-0.005034127738326788,0.6186563372612,0.0,0.9997086524963379
581,,,,,,,,-2.091378927230835,6.666666740784422e-05,-0.015909306704998016,0.0269525907933712,0.07217788696289062,0.011513233184814453,1147.0,0.18164846301078796,100.0,3.755809783935547,-0.00502938823774457,0.010268926620483398,0.0,0.99969083070755
582,,,,,,,,-2.0951478481292725,1.975308623514138e-05,-0.022477248683571815,0.01362497080117464,0.08192610740661621,0.01147603988647461,1027.0,0.1816677302122116,100.0,3.763775587081909,-0.005590343847870827,0.7210987210273743,0.0,0.999806821346283
583,,,,,,,,-2.0946359634399414,4.444444493856281e-05,-0.01529882475733757,0.5832687020301819,0.08286118507385254,0.011258840560913086,1019.0,0.18159987032413483,100.0,3.763775587081909,-0.005274072289466858,3.1179401874542236,0.0,0.9995453953742981
584,,,,,,,,-2.097179889678955,4.444444493856281e-05,-0.011992722749710083,0.03640291094779968,0.07821393013000488,0.010747909545898438,1079.0,0.18155254423618317,100.0,3.7600557804107666,-0.00505318446084857,0.2111101746559143,0.0,0.9996600151062012
585,,,,,,,,-2.0961108207702637,1.975308623514138e-05,-0.020142633467912674,0.042129818350076675,0.07211804389953613,0.010531187057495117,1161.0,0.1815900057554245,100.0,3.7600557804107666,-0.004850886296480894,0.003767305286601186,0.0,0.9996610283851624
586,,,,,,,,-2.0944719314575195,4.444444493856281e-05,-0.01896563358604908,0.009369858540594578,0.08014392852783203,0.010184049606323242,1062.0,0.18164899945259094,100.0,3.788759231567383,-0.005895599722862244,0.08594005554914474,0.0,0.9997655749320984
587,,,,,,,,-2.0913145542144775,6.666666740784422e-05,-0.012345649302005768,0.796935498714447,0.08129000663757324,0.010405778884887695,1046.0,0.181771919131279,100.0,3.8062357902526855,-0.004586471244692802,4.872401237487793,0.0,0.9995713233947754
588,,,,,,,,-2.092460870742798,4.444444493856281e-05,-0.017809905111789703,0.08878044784069061,0.07824301719665527,0.010318279266357422,1083.0,0.18161076307296753,100.0,3.7953951358795166,-0.005129704717546701,0.15763624012470245,0.0,0.9996317028999329
589,,,,,,,,-2.1008379459381104,1.975308623514138e-05,-0.01682380959391594,0.1273665577173233,0.07603931427001953,0.011834859848022461,1092.0,0.18144698441028595,100.0,3.7953951358795166,-0.004768348764628172,0.1953062266111374,0.0,0.999645471572876
590,,,,,,,,-2.104896306991577,2.9629629352712072e-05,-0.016133062541484833,0.0046293847262859344,0.08373308181762695,0.01129913330078125,1010.0,0.1814127415418625,100.0,3.8412411212921143,-0.00566389225423336,0.0012081059394404292,0.0,0.9997491240501404
591,,,,,,,,-2.105419397354126,2.9629629352712072e-05,-0.010208172723650932,0.888597309589386,0.08492016792297363,0.011760711669921875,992.0,0.18141016364097595,100.0,3.8488941192626953,-0.005653508007526398,4.594211578369141,0.0,0.9996252059936523
592,,,,,,,,-2.1097235679626465,6.666666740784422e-05,-0.01761956699192524,0.1246124804019928,0.08368515968322754,0.012192010879516602,1001.0,0.18116378784179688,100.0,3.8351566791534424,-0.005009582731872797,0.07197779417037964,0.0,0.999598503112793
593,,,,,,,,-2.1193294525146484,2.9629629352712072e-05,-0.01415158249437809,0.08517245948314667,0.0801229476928711,0.011791229248046875,1044.0,0.18105557560920715,100.0,3.8351566791534424,-0.003971480298787355,0.2883787453174591,0.0,0.999643862247467
594,,,,,,,,-2.1191978454589844,2.9629629352712072e-05,-0.01898571290075779,0.004941124469041824,0.0835261344909668,0.012399673461914062,1000.0,0.18112453818321228,100.0,3.8902649879455566,-0.005993040278553963,8.403881679441838e-07,0.0,0.9996932148933411
595,,,,,,,,-2.1183643341064453,2.9629629352712072e-05,-0.006619534455239773,1.012768268585205,0.08559083938598633,0.011014938354492188,993.0,0.181055948138237,100.0,3.8909661769866943,-0.005498405545949936,4.197136402130127,0.0,0.9996638298034668
596,,,,,,,,-2.1238579750061035,4.444444493856281e-05,-0.02372087351977825,0.6286118030548096,0.08278703689575195,0.011485099792480469,1018.0,0.18074610829353333,100.0,3.8922464847564697,-0.004961985629051924,2.3502743244171143,0.0,0.9995072484016418
597,,,,,,,,-2.1355202198028564,1.975308623514138e-05,-0.016855843365192413,0.5310319066047668,0.08400201797485352,0.010677099227905273,1013.0,0.1805606335401535,100.0,3.8922464847564697,-0.004555741790682077,2.2373716831207275,0.0,0.9995877146720886
598,,,,,,,,-2.139923334121704,2.9629629352712072e-05,-0.02819160744547844,0.011908980086445808,0.07444190979003906,0.010694026947021484,1127.0,0.18048295378684998,100.0,3.9365904331207275,-0.005886884406208992,1.1297360963391512e-10,0.0,0.9996108412742615
599,,,,,,,,-2.1434507369995117,4.444444493856281e-05,-0.005210690200328827,0.26456350088119507,0.08601021766662598,0.010863780975341797,990.0,0.18039529025554657,100.0,3.960993528366089,-0.005418031942099333,1.6480339765548706,0.0,0.9996808171272278
600,,,,,,,,-2.148052453994751,2.9629629352712072e-05,-0.023592660203576088,0.6634265184402466,0.07820487022399902,0.010447025299072266,1082.0,0.18030261993408203,100.0,3.9827768802642822,-0.0053514172323048115,4.328710079193115,0.0,0.999464213848114
601,,,,,,,,-2.148169755935669,0.00022499999613501132,-0.009833434596657753,0.2997021973133087,0.07557868957519531,0.01065516471862793,1113.0,0.18053004145622253,100.0,3.9827768802642822,-0.005263224244117737,0.35755857825279236,0.0,0.9996545910835266
602,,,,,,,,-2.1318013668060303,2.9629629352712072e-05,-0.022283747792243958,0.0154111972078681,0.07134699821472168,0.010164022445678711,1177.0,0.18086124956607819,100.0,3.9827768802642822,-0.004645282868295908,0.0,0.0,0.9996098875999451
603,-0.005535948555916548,1.9125580787658691,0.0,0.9995946884155273,0.0,0.0,1.0,-2.125204563140869,9.999999747378752e-05,-0.014057653024792671,0.379890114068985,0.08503293991088867,0.01135110855102539,996.0,0.181034654378891,100.0,4.035205364227295,-0.006014382466673851,0.4904309809207916,0.0,0.9997532367706299
604,,,,,,,,-2.1218597888946533,1.975308623514138e-05,-0.025699324905872345,0.46084752678871155,0.0778810977935791,0.010218143463134766,1089.0,0.18108132481575012,100.0,4.034327983856201,-0.005257220473140478,1.9408835172653198,0.0,0.9995747208595276
605,,,,,,,,-2.1214418411254883,9.999999747378752e-05,-0.02095627784729004,0.1979709267616272,0.07609987258911133,0.010087251663208008,1113.0,0.1811206042766571,100.0,4.034327983856201,-0.005172744393348694,0.4074519872665405,0.0,0.9996599555015564
606,,,,,,,,-2.118597984313965,1.975308623514138e-05,-0.015536610037088394,0.02784278243780136,0.07502317428588867,0.011060953140258789,1115.0,0.18118663132190704,100.0,4.034327983856201,-0.004743209108710289,0.0021228406112641096,0.0,0.9996502995491028
607,,,,,,,,-2.1153247356414795,4.444444493856281e-05,-0.019280437380075455,0.0470011830329895,0.08304095268249512,0.010174989700317383,1029.0,0.1812850683927536,100.0,4.045587062835693,-0.006506452802568674,0.3583098351955414,0.0,0.9997575879096985
608,,,,,,,,-2.109532117843628,6.666666740784422e-05,-0.01486963964998722,1.2993534803390503,0.0796349048614502,0.010337114334106445,1066.0,0.18144990503787994,100.0,4.045587062835693,-0.004764803219586611,6.0026421546936035,0.0,0.9995056986808777
609,,,,,,,,-2.09995698928833,4.444444493856281e-05,-0.016669385135173798,0.022107623517513275,0.07811307907104492,0.010074853897094727,1088.0,0.18173296749591827,100.0,4.032774925231934,-0.005480490624904633,0.20148546993732452,0.0,0.999652087688446
610,,,,,,,,-2.087444543838501,2.9629629352712072e-05,-0.018989380449056625,0.15421350300312042,0.0726931095123291,0.010682106018066406,1151.0,0.18196599185466766,100.0,4.032774925231934,-0.0037677327636629343,1.6223220825195312,0.0,0.9995811581611633
611,,,,,,,,-2.081697702407837,1.975308623514138e-05,-0.02198336459696293,0.009988462552428246,0.08080196380615234,0.010725021362304688,1048.0,0.18197427690029144,100.0,4.104233264923096,-0.005726518575102091,0.0811748281121254,0.0,0.9997243285179138
612,,,,,,,,-2.082858085632324,6.666666740784422e-05,-0.014263384975492954,0.48877984285354614,0.08085012435913086,0.010382890701293945,1052.0,0.18187516927719116,100.0,4.118114471435547,-0.005314867943525314,2.43412709236145,0.0,0.9995720982551575
613,,,,,,,,-2.089175224304199,6.666666740784422e-05,-0.017911212518811226,0.30482736229896545,0.08116912841796875,0.010452985763549805,1047.0,0.1815866231918335,100.0,4.128669738769531,-0.005119307432323694,2.03889799118042,0.0,0.9995901584625244
614,,,,,,,,-2.102778673171997,4.444444493856281e-05,-0.029128948226571083,0.029332246631383896,0.0730130672454834,0.010429859161376953,1150.0,0.1812320053577423,100.0,4.128669738769531,-0.005031098145991564,0.13929152488708496,0.0,0.9996296763420105
615,,,,,,,,-2.1139566898345947,9.999999747378752e-05,-0.006147235166281462,0.00395225640386343,0.08012080192565918,0.010802268981933594,1055.0,0.1810571551322937,100.0,4.129798889160156,-0.005689186509698629,0.0013563224347308278,0.0,0.9997134208679199
616,,,,,,,,-2.117637872695923,4.444444493856281e-05,-0.019779950380325317,1.0328819751739502,0.08068990707397461,0.010587930679321289,1051.0,0.18097259104251862,100.0,4.148947238922119,-0.004946797154843807,4.654684066772461,0.0,0.9995890259742737
617,,,,,,,,-2.1222984790802,4.444444493856281e-05,-0.017825106158852577,0.3509792387485504,0.07792901992797852,0.010329008102416992,1087.0,0.18075838685035706,100.0,4.133691787719727,-0.005048055201768875,1.972525715827942,0.0,0.9995471835136414
618,,,,,,,,-2.132749080657959,0.0001500000071246177,-0.007143011782318354,0.41945186257362366,0.07586383819580078,0.01242685317993164,1087.0,0.1804119348526001,100.0,4.133691787719727,-0.004972652066498995,2.1132285594940186,0.0,0.9995947480201721
619,,,,,,,,-2.145326614379883,4.444444493856281e-05,-0.005047412123531103,0.009650307707488537,0.0792388916015625,0.010368824005126953,1071.0,0.18021145462989807,100.0,4.191586494445801,-0.0057582245208323,1.0075367526951595e-06,0.0,0.9996640682220459
620,,,,,,,,-2.1484177112579346,6.666666740784422e-05,-0.013326607644557953,0.6164776086807251,0.07970905303955078,0.010421037673950195,1065.0,0.18019530177116394,100.0,4.22746467590332,-0.005573915783315897,2.195868730545044,0.0,0.9996843338012695
621,,,,,,,,-2.1496431827545166,2.9629629352712072e-05,-0.015411720611155033,0.2991901636123657,0.08013486862182617,0.010753154754638672,1056.0,0.18015028536319733,100.0,4.2435221672058105,-0.006160044576972723,2.0214169025421143,0.0,0.9995662569999695
622,,,,,,,,-2.1472561359405518,4.444444493856281e-05,-0.014816362410783768,0.13808925449848175,0.07415890693664551,0.010101079940795898,1139.0,0.18023960292339325,100.0,4.2435221672058105,-0.005143357906490564,0.27383413910865784,0.0,0.9996984004974365
623,,,,,,,,-2.143113136291504,9.999999747378752e-05,-0.006590156815946102,0.01470197457820177,0.07342410087585449,0.010684967041015625,1141.0,0.18022100627422333,100.0,4.241857051849365,-0.005596896167844534,1.0484298845758744e-10,0.0,0.9997093081474304
624,,,,,,,,-2.1448755264282227,4.444444493856281e-05,-0.01982373744249344,0.7458545565605164,0.08414793014526367,0.010416030883789062,1015.0,0.1801026314496994,100.0,4.263401985168457,-0.0054605379700660706,2.181286096572876,0.0,0.999748170375824
625,,,,,,,,-2.1472508907318115,4.444444493856281e-05,-0.009031031280755997,0.1596752107143402,0.07786107063293457,0.010483026504516602,1086.0,0.18003728985786438,100.0,4.246642589569092,-0.0052174110896885395,1.2621346712112427,0.0,0.9995830655097961
626,,,,,,,,-2.148468017578125,0.0001500000071246177,-0.013693473301827908,0.9537345170974731,0.07524704933166504,0.010802984237670898,1115.0,0.18009880185127258,100.0,4.246642589569092,-0.005208679940551519,2.3504927158355713,0.0,0.9996712803840637
627,,,,,,,,-2.143350124359131,4.444444493856281e-05,-0.01122245378792286,0.030299128964543343,0.07279372215270996,0.010428190231323242,1153.0,0.18031202256679535,100.0,4.246642589569092,-0.004569791257381439,1.5730801528757032e-23,0.0,0.9996230602264404
628,-0.005320515483617783,1.1018946170806885,0.0,0.9996616244316101,0.0,0.0,1.0,-2.1394073963165283,4.444444493856281e-05,-0.017639674246311188,0.17248892784118652,0.08564996719360352,0.01024007797241211,1001.0,0.1803482323884964,100.0,4.237314701080322,-0.005891369190067053,0.4032682180404663,0.0,0.9997429847717285
629,,,,,,,,-2.140136957168579,4.444444493856281e-05,-0.014676330611109734,1.081595778465271,0.07617712020874023,0.010293960571289062,1110.0,0.1802447885274887,100.0,4.261689186096191,-0.005154420156031847,4.489507675170898,0.0,0.9994855523109436
630,,,,,,,,-2.1426138877868652,4.444444493856281e-05,-0.017093589529395103,0.045110296458005905,0.07708072662353516,0.010340213775634766,1098.0,0.18021999299526215,100.0,4.261689186096191,-0.005433838348835707,0.17562519013881683,0.0,0.9996312260627747
631,,,,,,,,-2.1382951736450195,6.666666740784422e-05,-0.012101544067263603,0.21840046346187592,0.0742487907409668,0.010673284530639648,1130.0,0.18045897781848907,100.0,4.261689186096191,-0.004873062018305063,2.1361238956451416,0.0,0.9995701313018799
632,,,,,,,,-2.129399538040161,2.9629629352712072e-05,-0.011564134620130062,0.05575328692793846,0.08243107795715332,0.010664939880371094,1031.0,0.18048380315303802,100.0,4.320267200469971,-0.006518419831991196,0.35735630989074707,0.0,0.9997310042381287
633,,,,,,,,-2.1302900314331055,2.9629629352712072e-05,-0.018549496307969093,0.8101692199707031,0.08060503005981445,0.010330915451049805,1055.0,0.18044017255306244,100.0,4.320267200469971,-0.004707493353635073,4.446067810058594,0.0,0.9994685053825378
634,,,,,,,,-2.131040096282959,2.9629629352712072e-05,-0.01304077822715044,0.1632043421268463,0.07879829406738281,0.010588884353637695,1073.0,0.18046408891677856,100.0,4.355205535888672,-0.005390881095081568,2.447390556335449,0.0,0.9996080994606018
635,,,,,,,,-2.133995532989502,4.444444493856281e-05,-0.005649604834616184,0.33744412660598755,0.07124972343444824,0.009884119033813477,1183.0,0.1802494376897812,100.0,4.355205535888672,-0.004456667695194483,2.081864833831787,0.0,0.9995520710945129
636,,,,,,,,-2.1450090408325195,4.444444493856281e-05,-0.01388539094477892,0.01030681747943163,0.08083295822143555,0.010120153427124023,1055.0,0.17994002997875214,100.0,4.431407928466797,-0.005973270628601313,0.09193474054336548,0.0,0.9996967315673828
637,,,,,,,,-2.1553072929382324,4.444444493856281e-05,-0.01737864874303341,0.7444870471954346,0.08143210411071777,0.010160207748413086,1048.0,0.17966490983963013,100.0,4.471444606781006,-0.005792350973933935,4.668859481811523,0.0,0.9995258450508118
638,,,,,,,,-2.171290636062622,9.999999747378752e-05,-0.01323680393397808,0.25206759572029114,0.07749199867248535,0.009903192520141602,1098.0,0.17901137471199036,100.0,4.5102386474609375,-0.004985933657735586,2.142765522003174,0.0,0.9995917677879333
639,,,,,,,,-2.194152593612671,2.9629629352712072e-05,-0.012032385915517807,0.3216293454170227,0.07458901405334473,0.011046171188354492,1121.0,0.17883726954460144,100.0,4.5102386474609375,-0.004612794611603022,2.1637706756591797,0.0,0.9995772242546082
640,,,,,,,,-2.1952569484710693,4.444444493856281e-05,-0.01740424707531929,0.012308469042181969,0.07973504066467285,0.010673761367797852,1061.0,0.17898692190647125,100.0,4.5456109046936035,-0.005358567927032709,0.001233261195011437,0.0,0.9996864199638367
641,,,,,,,,-2.1901371479034424,2.9629629352712072e-05,-0.010607627220451832,0.5433309078216553,0.08056402206420898,0.010591983795166016,1053.0,0.1790989488363266,100.0,4.561241149902344,-0.004999242257326841,0.625846803188324,0.0,0.9996538162231445
642,,,,,,,,-2.186886787414551,2.9629629352712072e-05,-0.022820215672254562,0.2537810802459717,0.07925200462341309,0.010393857955932617,1070.0,0.17914888262748718,100.0,4.57493257522583,-0.004965946078300476,2.032054901123047,0.0,0.9995741844177246
643,,,,,,,,-2.1858761310577393,4.444444493856281e-05,-0.02114982157945633,0.29011672735214233,0.07340693473815918,0.01019597053527832,1148.0,0.17915908992290497,100.0,4.57493257522583,-0.004804450552910566,2.2519538402557373,0.0,0.9996050000190735
644,,,,,,,,-2.187410593032837,2.9629629352712072e-05,-0.021771568804979324,0.007283877581357956,0.07950115203857422,0.010318994522094727,1068.0,0.179007887840271,100.0,4.525524616241455,-0.00514178304001689,1.033493276736408e-06,0.0,0.9996997714042664
645,,,,,,,,-2.1930110454559326,2.9629629352712072e-05,-0.021922823041677475,0.6548037528991699,0.0812978744506836,0.010431051254272461,1046.0,0.17889247834682465,100.0,4.564058780670166,-0.004531512036919594,2.4247424602508545,0.0,0.999660313129425
646,,,,,,,,-2.199392795562744,4.444444493856281e-05,-0.019666224718093872,0.1405104547739029,0.07928991317749023,0.010230064392089844,1072.0,0.17866560816764832,100.0,4.600791931152344,-0.005040227901190519,0.1808207631111145,0.0,0.9995953440666199
647,,,,,,,,-2.206847667694092,4.444444493856281e-05,-0.005908384919166565,0.19118128716945648,0.07374310493469238,0.010148763656616211,1144.0,0.17860594391822815,100.0,4.600791931152344,-0.005091952160000801,2.088811159133911,0.0,0.9996514320373535
648,,,,,,,,-2.2113544940948486,4.444444493856281e-05,-0.018965162336826324,0.017141830176115036,0.07481193542480469,0.010013818740844727,1131.0,0.17832617461681366,100.0,4.580249309539795,-0.005869884043931961,1.0922764914766958e-09,0.0,0.9996779561042786
649,,,,,,,,-2.2234528064727783,9.999999747378752e-05,-0.01163534913212061,0.851355791091919,0.08480978012084961,0.009944915771484375,1013.0,0.17810018360614777,100.0,4.547971248626709,-0.004643073305487633,4.076223850250244,0.0,0.9997126460075378
650,,,,,,,,-2.230144739151001,4.444444493856281e-05,-0.023231731727719307,0.3797050714492798,0.07638311386108398,0.010071039199829102,1110.0,0.17807964980602264,100.0,4.57897424697876,-0.005388364661484957,0.24990403652191162,0.0,0.9994986653327942
651,,,,,,,,-2.2301580905914307,4.444444493856281e-05,-0.017355788499116898,0.38967373967170715,0.07498717308044434,0.010238885879516602,1126.0,0.17810548841953278,100.0,4.57897424697876,-0.004979649093002081,2.223090887069702,0.0,0.9996418952941895
652,,,,,,,,-2.230778932571411,2.9629629352712072e-05,-0.01588941179215908,0.03570942580699921,0.07141876220703125,0.010170221328735352,1176.0,0.17808814346790314,100.0,4.57897424697876,-0.004455852787941694,0.0,0.0,0.9995871186256409
653,-0.005128746386617422,1.384360909461975,0.0,0.9996197819709778,0.0,0.0,1.0,-2.2304017543792725,2.9629629352712072e-05,-0.01915235072374344,0.08125165104866028,0.08582091331481934,0.010198831558227539,999.0,0.17810708284378052,100.0,4.646874904632568,-0.00654825521633029,0.3437472879886627,0.0,0.9997455477714539
654,,,,,,,,-2.2257184982299805,6.666666740784422e-05,-0.006265980191528797,0.6474652290344238,0.07579708099365234,0.010593891143798828,1111.0,0.17837628722190857,100.0,4.683496952056885,-0.004539594054222107,6.139156818389893,0.0,0.9994590878486633
655,,,,,,,,-2.212829113006592,2.9629629352712072e-05,-0.02087796851992607,0.11444275081157684,0.0769658088684082,0.011112213134765625,1089.0,0.17868536710739136,100.0,4.683496952056885,-0.005124433431774378,0.16737425327301025,0.0,0.9996363520622253
656,,,,,,,,-2.2045822143554688,4.444444493856281e-05,-0.008226901292800903,0.15065336227416992,0.07168292999267578,0.010400056838989258,1169.0,0.17883777618408203,100.0,4.683496952056885,-0.0040977937169373035,1.9363027811050415,0.0,0.9995675086975098
657,,,,,,,,-2.201197624206543,2.9629629352712072e-05,-0.025432737544178963,0.017240766435861588,0.08173918724060059,0.010057926177978516,1045.0,0.178839772939682,100.0,4.762833595275879,-0.006085975561290979,0.3483067452907562,0.0,0.9997150301933289
658,,,,,,,,-2.201824426651001,4.444444493856281e-05,-0.023873142898082733,0.6964930295944214,0.07959604263305664,0.010252952575683594,1068.0,0.1788056641817093,100.0,4.762833595275879,-0.004347882233560085,4.2189130783081055,0.0,0.9994981288909912
659,,,,,,,,-2.203003168106079,1.975308623514138e-05,-0.021997282281517982,0.01960907131433487,0.0775611400604248,0.010513067245483398,1089.0,0.17875324189662933,100.0,4.7699384689331055,-0.004837279673665762,0.17907333374023438,0.0,0.9996636509895325
660,,,,,,,,-2.2042131423950195,6.666666740784422e-05,-0.01381109468638897,0.14287665486335754,0.07253313064575195,0.010104894638061523,1161.0,0.1787133663892746,100.0,4.7699384689331055,-0.004532648716121912,1.5162776708602905,0.0,0.9995836615562439
661,,,,,,,,-2.2081680297851562,1.975308623514138e-05,-0.027921006083488464,0.008997739292681217,0.07994699478149414,0.010225296020507812,1064.0,0.17856089770793915,100.0,4.812424182891846,-0.00562282232567668,0.07909999042749405,0.0,0.9997569918632507
662,,,,,,,,-2.213557004928589,2.9629629352712072e-05,-0.025106243789196014,1.1636053323745728,0.07902002334594727,0.010151147842407227,1076.0,0.1784147024154663,100.0,4.81053352355957,-0.0052922796458005905,0.4110809862613678,0.0,0.9996728301048279
663,,,,,,,,-2.219015121459961,2.9629629352712072e-05,-0.033089905977249146,0.07891816645860672,0.07796192169189453,0.010102033615112305,1090.0,0.17830383777618408,100.0,4.809165954589844,-0.005089858081191778,0.10793250799179077,0.0,0.9996935725212097
664,,,,,,,,-2.224043846130371,0.00022499999613501132,-0.005004709120839834,0.23695525527000427,0.07234621047973633,0.010121822357177734,1164.0,0.17805589735507965,100.0,4.809165954589844,-0.0038792069535702467,0.05161044001579285,0.0,0.9997232556343079
665,,,,,,,,-2.2388980388641357,1.975308623514138e-05,-0.020770596340298653,0.017334839329123497,0.08056187629699707,0.010235786437988281,1057.0,0.17769035696983337,100.0,4.770267009735107,-0.0054555125534534454,0.0016059401677921414,0.0,0.9998025894165039
666,,,,,,,,-2.2470977306365967,6.666666740784422e-05,-0.014111116528511047,0.6831567883491516,0.08033490180969238,0.010251045227050781,1059.0,0.17746220529079437,100.0,4.762946605682373,-0.004863296635448933,4.409212589263916,0.0,0.9996190667152405
667,,,,,,,,-2.2598297595977783,2.9629629352712072e-05,-0.02754191868007183,0.10811693966388702,0.07794880867004395,0.010397911071777344,1086.0,0.17707708477973938,100.0,4.7308573722839355,-0.004660032223910093,0.015189208090305328,0.0,0.9996325373649597
668,,,,,,,,-2.2687768936157227,4.444444493856281e-05,-0.00866161473095417,0.34742411971092224,0.07228207588195801,0.010362863540649414,1161.0,0.17694565653800964,100.0,4.7308573722839355,-0.004224786534905434,2.3448336124420166,0.0,0.9996107220649719
669,,,,,,,,-2.267273426055908,4.444444493856281e-05,-0.023479975759983063,0.017430737614631653,0.07851600646972656,0.010591983795166016,1077.0,0.1771819293498993,100.0,4.740111351013184,-0.00572474068030715,9.442360351386014e-07,0.0,0.9996988773345947
670,,,,,,,,-2.258528709411621,2.9629629352712072e-05,-0.027311868965625763,0.8208520412445068,0.08014416694641113,0.010709762573242188,1056.0,0.1772865504026413,100.0,4.706401824951172,-0.005388038232922554,0.3385066092014313,0.0,0.999736487865448
671,,,,,,,,-2.2583584785461426,9.999999747378752e-05,-0.010559389367699623,0.28666508197784424,0.07895302772521973,0.010367870330810547,1074.0,0.17719043791294098,100.0,4.74403715133667,-0.005398118402808905,0.1199709102511406,0.0,0.9996610283851624
672,,,,,,,,-2.2667524814605713,2.9629629352712072e-05,-0.02331497333943844,0.4268464744091034,0.07395505905151367,0.0106201171875,1135.0,0.17705067992210388,100.0,4.74403715133667,-0.004096353426575661,2.293623685836792,0.0,0.9996863007545471
673,,,,,,,,-2.271970272064209,6.666666740784422e-05,-0.01677052490413189,0.02443574368953705,0.07483100891113281,0.010431051254272461,1125.0,0.17689087986946106,100.0,4.717898845672607,-0.005581639241427183,1.247739966903083e-10,0.0,0.9997466206550598
674,,,,,,,,-2.279543876647949,2.9629629352712072e-05,0.003706027287989855,0.8659018278121948,0.08527278900146484,0.010154962539672852,1005.0,0.17678043246269226,100.0,4.704506874084473,-0.005229361820966005,2.442258596420288,0.0,0.9997097849845886
675,,,,,,,,-2.282085418701172,2.9629629352712072e-05,-0.02412514016032219,0.5950499176979065,0.0775759220123291,0.010241031646728516,1093.0,0.17676189541816711,100.0,4.715382099151611,-0.0050903321243822575,4.530003070831299,0.0,0.9994645118713379
676,,,,,,,,-2.2823596000671387,1.975308623514138e-05,-0.022802112624049187,0.7355226874351501,0.0758671760559082,0.010063886642456055,1117.0,0.17675749957561493,100.0,4.715382099151611,-0.004256234969943762,2.3602092266082764,0.0,0.999635636806488
677,,,,,,,,-2.282402753829956,4.444444493856281e-05,-0.008760485798120499,0.02495923824608326,0.07324075698852539,0.01036214828491211,1148.0,0.1767464429140091,100.0,4.715382099151611,-0.0043953415006399155,0.0,0.0,0.9996085166931152
678,-0.004902299493551254,2.231123924255371,0.0,0.9995991587638855,0.0,0.0,1.0,-2.2817184925079346,4.444444493856281e-05,-0.01052183099091053,0.06316612660884857,0.08669614791870117,0.010221004486083984,990.0,0.17681600153446198,100.0,4.756272315979004,-0.005693807732313871,0.36787256598472595,0.0,0.9997331500053406
679,,,,,,,,-2.2755300998687744,9.999999747378752e-05,-0.016031302511692047,0.7146686911582947,0.07665205001831055,0.010501861572265625,1101.0,0.17711323499679565,100.0,4.797163009643555,-0.004507778212428093,6.352758407592773,0.0,0.9994449615478516
680,,,,,,,,-2.2647318840026855,4.444444493856281e-05,-0.018253184854984283,0.07009746134281158,0.07554316520690918,0.010272979736328125,1118.0,0.17730610072612762,100.0,4.797163009643555,-0.005314002279192209,0.18576432764530182,0.0,0.9996426701545715
681,,,,,,,,-2.2623825073242188,2.9629629352712072e-05,-0.017975900322198868,0.17191347479820251,0.07165002822875977,0.009982109069824219,1176.0,0.1773158460855484,100.0,4.797163009643555,-0.004578806459903717,2.0880205631256104,0.0,0.9996110796928406
682,,,,,,,,-2.2619669437408447,6.666666740784422e-05,-0.01507844589650631,0.18785157799720764,0.08380508422851562,0.010588884353637695,1017.0,0.17746302485466003,100.0,4.873652935028076,-0.005677210632711649,0.3342806100845337,0.0,0.9997515082359314
683,,,,,,,,-2.259373664855957,2.9629629352712072e-05,-0.014205217361450195,0.7385832071304321,0.08051276206970215,0.011125326156616211,1047.0,0.1774020493030548,100.0,4.873652935028076,-0.004769278224557638,3.927316665649414,0.0,0.999575138092041
684,,,,,,,,-2.2616918087005615,4.444444493856281e-05,-0.01523570902645588,0.06943708658218384,0.07735800743103027,0.010800838470458984,1088.0,0.17744143307209015,100.0,4.890166282653809,-0.004818522837013006,0.21990656852722168,0.0,0.9996733665466309
685,,,,,,,,-2.2586841583251953,1.975308623514138e-05,-0.01851203851401806,0.16973504424095154,0.07461762428283691,0.010480165481567383,1128.0,0.17754311859607697,100.0,4.890166282653809,-0.00480373902246356,1.904026985168457,0.0,0.9996647834777832
686,,,,,,,,-2.256542682647705,6.666666740784422e-05,-0.014536199159920216,0.017280489206314087,0.0801699161529541,0.011410236358642578,1048.0,0.17760398983955383,100.0,4.91980504989624,-0.004994694143533707,0.09841538220643997,0.0,0.9997847676277161
687,,,,,,,,-2.2555904388427734,2.9629629352712072e-05,-0.027789736166596413,0.38879701495170593,0.08367109298706055,0.011255979537963867,1011.0,0.17757347226142883,100.0,4.949320316314697,-0.005155754741281271,4.36220121383667,0.0,0.9995668530464172
688,,,,,,,,-2.256645917892456,4.444444493856281e-05,-0.016117900609970093,0.2250111848115921,0.0774838924407959,0.010565996170043945,1090.0,0.17757079005241394,100.0,4.978042125701904,-0.005237946752458811,2.0663063526153564,0.0,0.9996231198310852
689,,,,,,,,-2.256455898284912,2.9629629352712072e-05,-0.024242600426077843,0.2863498628139496,0.07217884063720703,0.010704278945922852,1158.0,0.17753255367279053,100.0,4.978042125701904,-0.004677422344684601,0.07016732543706894,0.0,0.9996738433837891
690,,,,,,,,-2.2588963508605957,2.9629629352712072e-05,-0.02886958234012127,0.010411127470433712,0.0798330307006836,0.010124921798706055,1067.0,0.17748714983463287,100.0,5.008317947387695,-0.006211854051798582,0.001230614841915667,0.0,0.9997410774230957
691,,,,,,,,-2.2600367069244385,4.444444493856281e-05,-0.012287389487028122,0.8302688598632812,0.08017206192016602,0.00978398323059082,1067.0,0.17750999331474304,100.0,5.027709007263184,-0.004581706132739782,4.696112632751465,0.0,0.9996271133422852
692,,,,,,,,-2.2578787803649902,1.975308623514138e-05,-0.025640878826379776,0.04561867564916611,0.07983994483947754,0.0110931396484375,1055.0,0.17762097716331482,100.0,5.026875972747803,-0.005415167659521103,0.02142024226486683,0.0,0.9996535181999207
693,,,,,,,,-2.2555575370788574,6.666666740784422e-05,-0.010079322382807732,0.2901000678539276,0.07477807998657227,0.010464906692504883,1126.0,0.1776331067085266,100.0,5.026875972747803,-0.00429971469566226,2.2538375854492188,0.0,0.9996263980865479
694,,,,,,,,-2.255619764328003,2.9629629352712072e-05,-0.02312980592250824,0.010304528288543224,0.07824897766113281,0.010193109512329102,1085.0,0.1776660680770874,100.0,5.033790588378906,-0.00609646225348115,1.0311308642485528e-06,0.0,0.9997246861457825
695,,,,,,,,-2.2535719871520996,2.9629629352712072e-05,-0.01208183728158474,0.6995128393173218,0.09141683578491211,0.011003255844116211,937.0,0.17773164808750153,100.0,5.021206378936768,-0.004785319324582815,2.3629043102264404,0.0,0.9997081160545349
696,,,,,,,,-2.2512354850769043,4.444444493856281e-05,-0.006788602098822594,0.29183831810951233,0.0799717903137207,0.010361194610595703,1062.0,0.17775818705558777,100.0,5.058786869049072,-0.005007100757211447,2.2725508213043213,0.0,0.9995505213737488
697,,,,,,,,-2.2482924461364746,1.975308623514138e-05,-0.022334925830364227,0.8179442882537842,0.07358217239379883,0.010085821151733398,1147.0,0.17786219716072083,100.0,5.058786869049072,-0.004081878811120987,0.1648617386817932,0.0,0.9996862411499023
698,,,,,,,,-2.2446885108947754,6.666666740784422e-05,-0.011567000299692154,0.011144828982651234,0.07402896881103516,0.010171890258789062,1140.0,0.17790335416793823,100.0,5.020907878875732,-0.005359828472137451,1.1258878629405444e-07,0.0,0.9997041821479797
699,,,,,,,,-2.241915464401245,2.9629629352712072e-05,-0.013815770857036114,0.6295536756515503,0.0848240852355957,0.01144862174987793,997.0,0.17795740067958832,100.0,5.058272838592529,-0.005503564607352018,2.2941880226135254,0.0,0.9997283816337585
700,,,,,,,,-2.239076852798462,2.9629629352712072e-05,-0.013309880159795284,0.3877441883087158,0.07784795761108398,0.010432004928588867,1087.0,0.178069069981575,100.0,5.055825710296631,-0.004947850946336985,4.114744663238525,0.0,0.9995386004447937
701,,,,,,,,-2.235902786254883,4.444444493856281e-05,-0.013558846898376942,0.5466457605361938,0.07614016532897949,0.010555744171142578,1107.0,0.17803385853767395,100.0,5.055825710296631,-0.004784157499670982,2.2872416973114014,0.0,0.9996525645256042
702,,,,,,,,-2.2380928993225098,6.666666740784422e-05,-0.014669728465378284,0.04287515953183174,0.07158398628234863,0.010074138641357422,1175.0,0.17795440554618835,100.0,5.055825710296631,-0.00415163766592741,0.0,0.0,0.9996326565742493
703,-0.00513835996389389,2.050858497619629,0.0,0.9996328949928284,0.0,0.0,1.0,-2.2412614822387695,6.666666740784422e-05,-0.006833200342953205,0.08248642086982727,0.08610296249389648,0.010666131973266602,992.0,0.1778888702392578,100.0,5.053154468536377,-0.006295004393905401,0.4071073532104492,0.0,0.9997642636299133
704,,,,,,,,-2.243726968765259,2.9629629352712072e-05,-0.026279214769601822,0.7755873799324036,0.07732701301574707,0.01058506965637207,1092.0,0.17784136533737183,100.0,5.05412483215332,-0.0048788427375257015,6.346401691436768,0.0,0.9994955658912659
705,,,,,,,,-2.247365713119507,4.444444493856281e-05,-0.015919717028737068,0.09024034440517426,0.07802510261535645,0.01043391227722168,1085.0,0.17768611013889313,100.0,5.05412483215332,-0.005442361813038588,0.23162351548671722,0.0,0.9996805787086487
706,,,,,,,,-2.2542076110839844,1.975308623514138e-05,-0.026515398174524307,0.15613989531993866,0.07196712493896484,0.010658025741577148,1161.0,0.17761673033237457,100.0,5.05412483215332,-0.00430061761289835,2.083399534225464,0.0,0.9996047019958496
707,,,,,,,,-2.252833843231201,0.0001500000071246177,-0.012590643018484116,0.2386767864227295,0.08138799667358398,0.01041102409362793,1045.0,0.17777211964130402,100.0,5.069063186645508,-0.006519573274999857,0.3492875397205353,0.0,0.9997311234474182
708,,,,,,,,-2.24308705329895,4.444444493856281e-05,-0.025408565998077393,1.0906023979187012,0.07976889610290527,0.010540962219238281,1063.0,0.1780291050672531,100.0,5.069063186645508,-0.004308164585381746,4.377042293548584,0.0,0.9995338320732117
709,,,,,,,,-2.2362725734710693,2.9629629352712072e-05,-0.019900232553482056,0.4705783724784851,0.07830500602722168,0.010413885116577148,1082.0,0.1781219244003296,100.0,5.1066460609436035,-0.005514014046639204,0.16137126088142395,0.0,0.9996218681335449
710,,,,,,,,-2.2324459552764893,4.444444493856281e-05,-0.01637950725853443,0.10366809368133545,0.07183694839477539,0.010415077209472656,1167.0,0.1782924085855484,100.0,5.1066460609436035,-0.004826260264962912,0.0004459460324142128,0.0,0.9996519684791565
711,,,,,,,,-2.227095127105713,2.9629629352712072e-05,-0.017259813845157623,0.0267588272690773,0.08183598518371582,0.010184049606323242,1043.0,0.17843863368034363,100.0,5.143404483795166,-0.005150991957634687,0.12109050154685974,0.0,0.9997236132621765
712,,,,,,,,-2.22111439704895,0.00022499999613501132,-0.004384074825793505,0.5614364743232727,0.08153009414672852,0.01064610481262207,1041.0,0.17870379984378815,100.0,5.150701522827148,-0.005597847048193216,4.654440402984619,0.0,0.9995438456535339
713,,,,,,,,-2.2043113708496094,2.9629629352712072e-05,-0.0009721919777803123,0.3012368083000183,0.07814788818359375,0.009865045547485352,1090.0,0.17915058135986328,100.0,5.145946979522705,-0.005355294328182936,2.312347173690796,0.0,0.9995726943016052
714,,,,,,,,-2.193134307861328,2.9629629352712072e-05,-0.021706577390432358,0.2222839742898941,0.07258224487304688,0.009889841079711914,1164.0,0.17935484647750854,100.0,5.145946979522705,-0.0044907741248607635,0.04476983845233917,0.0,0.9996170401573181
715,,,,,,,,-2.1849262714385986,4.444444493856281e-05,-0.02044020965695381,0.016097210347652435,0.07953906059265137,0.010015010833740234,1071.0,0.17955200374126434,100.0,5.150269031524658,-0.0061186389066278934,0.0021708982530981302,0.0,0.9996781349182129
716,,,,,,,,-2.170916795730591,0.0001500000071246177,-0.004941103048622608,0.5246338844299316,0.08141303062438965,0.010061979293823242,1049.0,0.18024039268493652,100.0,5.1578874588012695,-0.005295782815665007,4.462547779083252,0.0,0.9995739459991455
717,,,,,,,,-2.142829656600952,2.9629629352712072e-05,-0.029789026826620102,0.1811443269252777,0.07834792137145996,0.010131120681762695,1085.0,0.1806662380695343,100.0,5.125732421875,-0.004683831240981817,1.8881902694702148,0.0,0.9995271563529968
718,,,,,,,,-2.1359620094299316,2.9629629352712072e-05,-0.02109677344560623,0.42523714900016785,0.073883056640625,0.010576963424682617,1136.0,0.1807294338941574,100.0,5.125732421875,-0.004931954201310873,0.13769561052322388,0.0,0.9995967745780945
719,,,,,,,,-2.133896827697754,2.9629629352712072e-05,-0.015530168078839779,0.015171905048191547,0.07926774024963379,0.010763168334960938,1066.0,0.18080875277519226,100.0,5.164173603057861,-0.005724796559661627,1.5253630181177869e-06,0.0,0.9996290802955627
720,,,,,,,,-2.1294426918029785,2.9629629352712072e-05,-0.022610483691096306,0.6687397956848145,0.08250904083251953,0.011095046997070312,1025.0,0.18097379803657532,100.0,5.162219047546387,-0.005245456472039223,1.8135923147201538,0.0,0.9996581077575684
721,,,,,,,,-2.1236400604248047,4.444444493856281e-05,-0.016236141324043274,0.4570003151893616,0.0807187557220459,0.010286092758178711,1054.0,0.18103885650634766,100.0,5.160233974456787,-0.005514200776815414,2.5300955772399902,0.0,0.9995295405387878
722,,,,,,,,-2.121145725250244,2.9629629352712072e-05,-0.008763693273067474,0.4830019772052765,0.07449579238891602,0.010444164276123047,1130.0,0.1811276227235794,100.0,5.160233974456787,-0.00526973744854331,0.14713968336582184,0.0,0.9996018409729004
723,,,,,,,,-2.1221487522125244,0.00022499999613501132,-0.00938869547098875,0.026451870799064636,0.07663893699645996,0.010277032852172852,1104.0,0.1808478683233261,100.0,5.10789155960083,-0.006355758756399155,7.940331059330674e-09,0.0,0.999612033367157
724,,,,,,,,-2.139756679534912,2.9629629352712072e-05,-0.021904196590185165,0.46786877512931824,0.08537602424621582,0.010486841201782227,1001.0,0.18060457706451416,100.0,5.116423606872559,-0.0049856980331242085,1.5879813432693481,0.0,0.9996514320373535
725,,,,,,,,-2.1382827758789062,9.999999747378752e-05,-0.009613148868083954,0.5262235403060913,0.07691812515258789,0.009992837905883789,1104.0,0.18096356093883514,100.0,5.0786051750183105,-0.005506464745849371,4.367539882659912,0.0,0.9994509816169739
726,,,,,,,,-2.115103244781494,4.444444493856281e-05,-0.008862967602908611,0.2894977033138275,0.0771939754486084,0.009880781173706055,1102.0,0.18156763911247253,100.0,5.0786051750183105,-0.004702060017734766,1.789273738861084,0.0,0.9995622038841248
727,,,,,,,,-2.100665807723999,6.666666740784422e-05,-0.011202402412891388,0.04752692952752113,0.07525396347045898,0.010216236114501953,1123.0,0.18177400529384613,100.0,5.0786051750183105,-0.004916691686958075,0.0,0.0,0.9995203018188477
728,-0.005135174375027418,1.9057668447494507,0.0,0.9995407462120056,0.0,0.0,1.0,-2.0966081619262695,1.975308623514138e-05,-0.024219632148742676,0.5608797669410706,0.08619093894958496,0.010161161422729492,996.0,0.18178454041481018,100.0,5.112003803253174,-0.00618719169870019,0.30711108446121216,0.0,0.999690055847168
729,,,,,,,,-2.096752166748047,4.444444493856281e-05,-0.014055621810257435,1.0620965957641602,0.07919788360595703,0.010457992553710938,1070.0,0.18178562819957733,100.0,5.141082763671875,-0.004678495693951845,5.077959060668945,0.0,0.9994654655456543
730,,,,,,,,-2.09468150138855,2.9629629352712072e-05,-0.021124597638845444,0.4794761836528778,0.07872223854064941,0.010645866394042969,1074.0,0.1819474846124649,100.0,5.141082763671875,-0.005652269814163446,0.15138308703899384,0.0,0.9995818138122559
731,,,,,,,,-2.091712474822998,6.666666740784422e-05,-0.022336263209581375,0.04728187248110771,0.07374215126037598,0.009994029998779297,1146.0,0.1819789856672287,100.0,5.141082763671875,-0.0045226155780255795,8.576057553000282e-06,0.0,0.9995761513710022
732,,,,,,,,-2.094083309173584,2.9629629352712072e-05,-0.019834479317069054,0.27208563685417175,0.08242511749267578,0.010483980178833008,1033.0,0.1818670928478241,100.0,5.178363800048828,-0.006321543827652931,0.3266696631908417,0.0,0.999687671661377
733,,,,,,,,-2.095292806625366,0.0001500000071246177,-0.0013113089371472597,0.5810397267341614,0.0821528434753418,0.010725975036621094,1033.0,0.18198849260807037,100.0,5.178363800048828,-0.004996336530894041,5.235275745391846,0.0,0.9994630813598633
734,,,,,,,,-2.080193042755127,0.0003375000087544322,-0.014306955970823765,0.7011361718177795,0.07795405387878418,0.010612010955810547,1083.0,0.1825421154499054,100.0,5.136135578155518,-0.005339661613106728,0.15347051620483398,0.0,0.9995444416999817
735,,,,,,,,-2.0678672790527344,4.444444493856281e-05,-0.007163219153881073,0.045938923954963684,0.073577880859375,0.010149240493774414,1146.0,0.18245132267475128,100.0,5.136135578155518,-0.004833646584302187,0.0001017062459141016,0.0,0.9995453953742981
736,,,,,,,,-2.0719680786132812,9.999999747378752e-05,-0.008721908554434776,0.07091917842626572,0.08122086524963379,0.010357856750488281,1048.0,0.18236784636974335,100.0,5.165426731109619,-0.005896508228033781,0.13735143840312958,0.0,0.9996423125267029
737,,,,,,,,-2.0703954696655273,2.9629629352712072e-05,-0.02610906958580017,0.9132362604141235,0.07989096641540527,0.010133981704711914,1066.0,0.1825217455625534,100.0,5.14898157119751,-0.0050535001792013645,2.371298313140869,0.0,0.9995639324188232
738,,,,,,,,-2.0595743656158447,6.666666740784422e-05,-0.01530584879219532,0.21229292452335358,0.07919716835021973,0.010974884033203125,1064.0,0.18296991288661957,100.0,5.107548236846924,-0.005533494055271149,0.1634313017129898,0.0,0.9995765686035156
739,,,,,,,,-2.0409929752349854,4.444444493856281e-05,-0.0154495257884264,0.17034155130386353,0.0760641098022461,0.011005878448486328,1102.0,0.18329012393951416,100.0,5.107548236846924,-0.005033714231103659,1.884191632270813,0.0,0.9995037913322449
740,,,,,,,,-2.0342137813568115,6.666666740784422e-05,-0.012176146730780602,0.014843098819255829,0.08260989189147949,0.010704278945922852,1028.0,0.18329612910747528,100.0,5.064244747161865,-0.0059476434253156185,0.0027118369471281767,0.0,0.9996591210365295
741,,,,,,,,-2.0395641326904297,2.9629629352712072e-05,-0.0330268032848835,1.0933948755264282,0.0823662281036377,0.010961771011352539,1028.0,0.18311777710914612,100.0,5.0197319984436035,-0.005378409754484892,2.6549532413482666,0.0,0.9995641708374023
742,,,,,,,,-2.0455775260925293,6.666666740784422e-05,-0.012704649940133095,0.06585975736379623,0.07980918884277344,0.010863780975341797,1058.0,0.18298828601837158,100.0,5.015829086303711,-0.004782354459166527,0.009291979484260082,0.0,0.9995443224906921
743,,,,,,,,-2.0498971939086914,2.9629629352712072e-05,-0.026465095579624176,0.2781464159488678,0.07633709907531738,0.011076927185058594,1098.0,0.18299445509910583,100.0,5.015829086303711,-0.004820951726287603,0.14310161769390106,0.0,0.9995729327201843
744,,,,,,,,-2.0520224571228027,0.0001500000071246177,-0.01255943812429905,0.02281802147626877,0.08147978782653809,0.011307001113891602,1034.0,0.18275438249111176,100.0,4.975841999053955,-0.006458660587668419,1.8165542314818595e-06,0.0,0.9996387362480164
745,,,,,,,,-2.067369222640991,2.9629629352712072e-05,-0.007726380135864019,1.5165092945098877,0.08195996284484863,0.010627985000610352,1036.0,0.1825166642665863,100.0,4.936827182769775,-0.005453585181385279,2.86628794670105,0.0,0.9996369481086731
746,,,,,,,,-2.073601722717285,9.999999747378752e-05,-0.012271999381482601,0.20040172338485718,0.0794978141784668,0.01040792465209961,1067.0,0.1825171709060669,100.0,4.895665645599365,-0.0054982248693704605,0.09846735745668411,0.0,0.9995527267456055
747,,,,,,,,-2.0773138999938965,2.9629629352712072e-05,-0.020810803398489952,0.26743513345718384,0.07384705543518066,0.011047840118408203,1130.0,0.1825401932001114,100.0,4.895665645599365,-0.004499526694417,0.14605368673801422,0.0,0.9995790123939514
748,,,,,,,,-2.0797383785247803,6.666666740784422e-05,-0.017113588750362396,0.028199056163430214,0.07749199867248535,0.010725021362304688,1088.0,0.182480588555336,100.0,4.941821098327637,-0.006123025435954332,1.8054938655254205e-09,0.0,0.9995825886726379
749,,,,,,,,-2.086604118347168,2.9629629352712072e-05,-0.012223271653056145,1.6338666677474976,0.08606386184692383,0.010348081588745117,995.0,0.18234460055828094,100.0,4.901617527008057,-0.004984680097550154,3.5436363220214844,0.0,0.9996511340141296
750,,,,,,,,-2.0894062519073486,0.00022499999613501132,-0.008429517038166523,0.5844284296035767,0.07864880561828613,0.010398387908935547,1078.0,0.18240274488925934,100.0,4.861064910888672,-0.005477942526340485,2.2722740173339844,0.0,0.9994294047355652
751,,,,,,,,-2.088395833969116,1.316872385359602e-05,-0.008547119796276093,0.36979514360427856,0.07741594314575195,0.010299921035766602,1094.0,0.18239058554172516,100.0,4.861064910888672,-0.004319807980209589,1.549920916557312,0.0,0.9995235800743103
752,,,,,,,,-2.0904605388641357,4.444444493856281e-05,-0.015313664451241493,0.032329075038433075,0.07450294494628906,0.010887861251831055,1124.0,0.1823607236146927,100.0,4.861064910888672,-0.004472410771995783,0.0,0.0,0.9994964599609375
753,-0.004991868976503611,1.8610912561416626,0.0,0.999506413936615,0.0,0.0,1.0,-2.093015670776367,6.666666740784422e-05,-0.009755457751452923,1.1543010473251343,0.08626770973205566,0.010232210159301758,994.0,0.18236044049263,100.0,4.922702312469482,-0.006551594939082861,1.4974523782730103,0.0,0.9996746182441711
754,,,,,,,,-2.1026790142059326,4.444444493856281e-05,-0.017025461420416832,1.2178181409835815,0.07717514038085938,0.009863853454589844,1102.0,0.18188372254371643,100.0,4.912341594696045,-0.005191096570342779,2.6701765060424805,0.0,0.9994640350341797
755,,,,,,,,-2.1237289905548096,4.444444493856281e-05,-0.014821530319750309,0.3978579044342041,0.07869958877563477,0.010641336441040039,1074.0,0.1815030872821808,100.0,4.912341594696045,-0.0053366366773843765,0.1463077813386917,0.0,0.99956876039505
756,,,,,,,,-2.137932538986206,4.444444493856281e-05,-0.014385432004928589,0.014868605881929398,0.07407903671264648,0.010169744491577148,1139.0,0.1811552196741104,100.0,4.912341594696045,-0.004683133214712143,2.0051162209711038e-05,0.0,0.9995529651641846
757,,,,,,,,-2.147810459136963,2.9629629352712072e-05,-0.01896510273218155,0.5677423477172852,0.0816042423248291,0.010438919067382812,1042.0,0.18114010989665985,100.0,4.909285068511963,-0.005792711395770311,0.28644564747810364,0.0,0.9996695518493652
758,,,,,,,,-2.147463798522949,9.999999747378752e-05,-0.012568753212690353,0.38418179750442505,0.07968425750732422,0.010217905044555664,1067.0,0.18110643327236176,100.0,4.909285068511963,-0.005926164332777262,0.16659386456012726,0.0,0.9996115565299988
759,,,,,,,,-2.1499712467193604,4.444444493856281e-05,-0.02258916385471821,0.33165717124938965,0.0802302360534668,0.011327028274536133,1048.0,0.1809975802898407,100.0,4.869411945343018,-0.00496645737439394,0.15800757706165314,0.0,0.9995997548103333
760,,,,,,,,-2.152055025100708,0.0003375000087544322,-0.004097419790923595,0.1540459394454956,0.07549381256103516,0.010387897491455078,1117.0,0.18100431561470032,100.0,4.869411945343018,-0.004791726358234882,1.7284694910049438,0.0,0.9995400309562683
761,,,,,,,,-2.1565961837768555,2.9629629352712072e-05,-0.02874043770134449,0.04202500730752945,0.08155298233032227,0.01069188117980957,1040.0,0.18089966475963593,100.0,4.791606426239014,-0.005623969715088606,0.1020224392414093,0.0,0.999700129032135
762,,,,,,,,-2.1577999591827393,9.999999747378752e-05,-0.01088998094201088,0.7821698188781738,0.08119726181030273,0.010596990585327148,1045.0,0.18092627823352814,100.0,4.753625392913818,-0.005282246042042971,2.5993993282318115,0.0,0.9995346069335938
763,,,,,,,,-2.159806489944458,4.444444493856281e-05,-0.028468791395425797,0.6304465532302856,0.07969284057617188,0.010448217391967773,1064.0,0.18092100322246552,100.0,4.7494354248046875,-0.004670440685003996,2.5279605388641357,0.0,0.9995259642601013
764,,,,,,,,-2.1586499214172363,9.999999747378752e-05,-0.010294540785253048,0.22812515497207642,0.07814908027648926,0.010859966278076172,1078.0,0.18102151155471802,100.0,4.7494354248046875,-0.005078896880149841,1.1084345579147339,0.0,0.9995155334472656
765,,,,,,,,-2.1542534828186035,2.9629629352712072e-05,-0.013598654419183731,0.00971760880202055,0.08232808113098145,0.0103759765625,1035.0,0.18120905756950378,100.0,4.714259147644043,-0.004816530738025904,0.0018461188301444054,0.0,0.9996351599693298
766,,,,,,,,-2.1497321128845215,2.9629629352712072e-05,-0.015563882887363434,1.39828360080719,0.0813448429107666,0.010531187057495117,1044.0,0.18128356337547302,100.0,4.759232997894287,-0.0048020645044744015,3.159782648086548,0.0,0.9995638728141785
767,,,,,,,,-2.1476891040802,6.666666740784422e-05,-0.017185619100928307,0.042780421674251556,0.07934212684631348,0.010463953018188477,1068.0,0.18131859600543976,100.0,4.750870227813721,-0.0053283148445189,0.012550127692520618,0.0,0.9995430111885071
768,,,,,,,,-2.1422410011291504,1.975308623514138e-05,-0.024471387267112732,0.3489243686199188,0.07431292533874512,0.010133028030395508,1136.0,0.18146024644374847,100.0,4.750870227813721,-0.0049848053604364395,1.789914608001709,0.0,0.9994904398918152
769,,,,,,,,-2.132364273071289,4.444444493856281e-05,-0.016150688752532005,0.012588059529662132,0.07980704307556152,0.010393857955932617,1064.0,0.18180565536022186,100.0,4.8024821281433105,-0.005753072444349527,1.7492926644990803e-06,0.0,0.9995813369750977
770,,,,,,,,-2.1169943809509277,0.00022499999613501132,-0.009866735897958279,1.6602177619934082,0.08225488662719727,0.010161161422729492,1038.0,0.18211959302425385,100.0,4.802196979522705,-0.005443654954433441,4.455891132354736,0.0,0.9995593428611755
771,,,,,,,,-2.106844425201416,2.9629629352712072e-05,-0.023881614208221436,0.13854916393756866,0.07966899871826172,0.010370969772338867,1066.0,0.18228623270988464,100.0,4.833683013916016,-0.004825436044484377,0.09955709427595139,0.0,0.9994742274284363
772,,,,,,,,-2.1034018993377686,0.00022499999613501132,-0.0022448082454502583,0.2334025353193283,0.07505297660827637,0.010290145874023438,1124.0,0.182281956076622,100.0,4.833683013916016,-0.005249537527561188,0.15261124074459076,0.0,0.9995412826538086
773,,,,,,,,-2.1147689819335938,4.444444493856281e-05,-0.02309761568903923,0.007407673634588718,0.07677006721496582,0.010203838348388672,1103.0,0.18186181783676147,100.0,4.836530685424805,-0.0057109505869448185,1.821209405505897e-09,0.0,0.9995119571685791
774,,,,,,,,-2.1260101795196533,4.444444493856281e-05,-0.013230175711214542,0.46640950441360474,0.08520126342773438,0.010146617889404297,1006.0,0.18186205625534058,100.0,4.836241245269775,-0.0055587501265108585,0.3248748481273651,0.0,0.9996199607849121
775,,,,,,,,-2.1231930255889893,4.444444493856281e-05,-0.0051160589791834354,1.3557995557785034,0.07906222343444824,0.010571002960205078,1071.0,0.1820141077041626,100.0,4.794039249420166,-0.004934578202664852,7.7629313468933105,0.0,0.9993436932563782
776,,,,,,,,-2.1201465129852295,4.444444493856281e-05,-0.01548027340322733,0.1939467191696167,0.07724809646606445,0.009988784790039062,1100.0,0.18200969696044922,100.0,4.794039249420166,-0.004405769985169172,0.16391964256763458,0.0,0.9994236826896667
777,,,,,,,,-2.1252994537353516,2.9629629352712072e-05,-0.008009820245206356,0.19666334986686707,0.07529783248901367,0.010154008865356445,1123.0,0.18186227977275848,100.0,4.794039249420166,-0.005094377789646387,2.69329571723938,0.0,0.9993667602539062
778,-0.0052622961811721325,2.5880982875823975,0.0,0.999413788318634,0.0,0.0,1.0,-2.1298651695251465,4.444444493856281e-05,-0.024852357804775238,0.3867301940917969,0.0886988639831543,0.010885000228881836,964.0,0.1818784475326538,100.0,4.940483570098877,-0.006614059675484896,0.32893529534339905,0.0,0.9996201992034912
779,,,,,,,,-2.1279754638671875,2.9629629352712072e-05,-0.018351199105381966,0.9997529983520508,0.07824897766113281,0.009930849075317383,1088.0,0.18198782205581665,100.0,4.951300144195557,-0.004385774489492178,4.697765827178955,0.0,0.9993570446968079
780,,,,,,,,-2.126682758331299,2.9629629352712072e-05,-0.024383006617426872,0.28403013944625854,0.07876110076904297,0.010055780410766602,1080.0,0.18194402754306793,100.0,4.951300144195557,-0.005215564277023077,0.15016210079193115,0.0,0.9994663596153259
781,,,,,,,,-2.129512310028076,6.666666740784422e-05,-0.013017318211495876,0.016684547066688538,0.0738382339477539,0.01003885269165039,1144.0,0.18190477788448334,100.0,4.951300144195557,-0.004793255124241114,9.222735570801888e-06,0.0,0.9994545578956604
782,,,,,,,,-2.1331446170806885,4.444444493856281e-05,-0.02078675478696823,0.46372899413108826,0.08292388916015625,0.010037899017333984,1032.0,0.18195746839046478,100.0,4.913911819458008,-0.006638835649937391,0.3355633318424225,0.0,0.9995911121368408
783,,,,,,,,-2.137402296066284,6.666666740784422e-05,-0.01328845601528883,1.2861988544464111,0.08189797401428223,0.010029077529907227,1044.0,0.18174974620342255,100.0,4.913911819458008,-0.005979936569929123,6.556402206420898,0.0,0.9993622899055481
784,,,,,,,,-2.151925563812256,4.444444493856281e-05,-0.024852551519870758,0.21534474194049835,0.07997512817382812,0.010323047637939453,1063.0,0.18144261837005615,100.0,4.871476173400879,-0.004919837228953838,0.1752607822418213,0.0,0.9994394183158875
785,,,,,,,,-2.169954538345337,6.666666740784422e-05,-0.01382368616759777,0.1575491726398468,0.07568001747131348,0.010240793228149414,1117.0,0.18104249238967896,100.0,4.871476173400879,-0.004850019235163927,1.738540530204773,0.0,0.9993312358856201
786,,,,,,,,-2.1859359741210938,2.9629629352712072e-05,-0.020269839093089104,0.09692820906639099,0.08260416984558105,0.010171175003051758,1034.0,0.18091237545013428,100.0,4.879429817199707,-0.006082396954298019,0.15928922593593597,0.0,0.9995233416557312
787,,,,,,,,-2.193349599838257,2.9629629352712072e-05,-0.02296910248696804,0.924967885017395,0.08196496963500977,0.01075601577758789,1035.0,0.1807299107313156,100.0,4.874719619750977,-0.005388212855905294,5.234335899353027,0.0,0.999356746673584
788,,,,,,,,-2.200061559677124,1.975308623514138e-05,-0.02484734170138836,0.7663859128952026,0.0834507942199707,0.010859012603759766,1017.0,0.18058058619499207,100.0,4.867797374725342,-0.00556362047791481,2.9979677200317383,0.0,0.999367892742157
789,,,,,,,,-2.204890727996826,2.9629629352712072e-05,-0.02960778772830963,0.24302159249782562,0.0744173526763916,0.010529756546020508,1130.0,0.18044358491897583,100.0,4.867797374725342,-0.00394362723454833,2.149091958999634,0.0,0.9993229508399963
790,,,,,,,,-2.210115671157837,4.444444493856281e-05,-0.012423270381987095,0.02162856236100197,0.0812828540802002,0.010183095932006836,1049.0,0.18024690449237823,100.0,4.925104141235352,-0.005976817104965448,0.0026533138006925583,0.0,0.9994538426399231
791,,,,,,,,-2.2134106159210205,4.444444493856281e-05,-0.01057831384241581,0.6120319366455078,0.08219695091247559,0.010354995727539062,1037.0,0.18018443882465363,100.0,4.94374418258667,-0.005417522508651018,2.144437551498413,0.0,0.9994671940803528
792,,,,,,,,-2.2126922607421875,4.444444493856281e-05,-0.02009156532585621,0.20792484283447266,0.08023190498352051,0.01075601577758789,1055.0,0.18027877807617188,100.0,4.947521209716797,-0.0050684986636042595,2.048189163208008,0.0,0.999356746673584
793,,,,,,,,-2.2067065238952637,2.9629629352712072e-05,-0.026064837351441383,0.5501645803451538,0.07628273963928223,0.010673046112060547,1104.0,0.1805853545665741,100.0,4.947521209716797,-0.004678601864725351,2.8385095596313477,0.0,0.9993488192558289
794,,,,,,,,-2.195004463195801,4.444444493856281e-05,-0.01656927354633808,0.018596744164824486,0.08059215545654297,0.010747909545898438,1051.0,0.18095211684703827,100.0,4.9038615226745605,-0.00600651977583766,1.7480430187788443e-06,0.0,0.9994602203369141
795,,,,,,,,-2.1812615394592285,6.666666740784422e-05,-0.006421681027859449,0.8267982602119446,0.08198285102844238,0.010118961334228516,1042.0,0.18129657208919525,100.0,4.9044671058654785,-0.004667896311730146,4.838815689086914,0.0,0.9994792342185974
796,,,,,,,,-2.1669509410858154,2.9629629352712072e-05,-0.017502663657069206,0.2948322892189026,0.07916784286499023,0.011382102966308594,1060.0,0.18161891400814056,100.0,4.955891132354736,-0.0051442221738398075,1.943989872932434,0.0,0.9993171691894531
797,,,,,,,,-2.158869504928589,2.9629629352712072e-05,-0.025266040116548538,0.2946787476539612,0.07480192184448242,0.010930061340332031,1119.0,0.1815924197435379,100.0,4.955891132354736,-0.004506015684455633,1.534265160560608,0.0,0.9993987679481506
798,,,,,,,,-2.162027359008789,6.666666740784422e-05,-0.007768526673316956,0.014086099341511726,0.07654213905334473,0.010648012161254883,1101.0,0.1814039945602417,100.0,4.960668563842773,-0.005388267338275909,1.4739463816138e-10,0.0,0.999392032623291
799,,,,,,,,-2.1713449954986572,2.9629629352712072e-05,-0.010690957307815552,0.23806039988994598,0.08877110481262207,0.011176824569702148,960.0,0.18113258481025696,100.0,4.995622634887695,-0.005038019735366106,2.974912405014038,0.0,0.9995419979095459
800,,,,,,,,-2.1717424392700195,6.666666740784422e-05,-0.012334262952208519,0.4819430410861969,0.07971692085266113,0.010537862777709961,1063.0,0.18142004311084747,100.0,4.9816789627075195,-0.0056615970097482204,1.6527137756347656,0.0,0.9992849826812744
801,,,,,,,,-2.1527926921844482,2.9629629352712072e-05,-0.018956536427140236,0.17098115384578705,0.0779421329498291,0.011152029037475586,1077.0,0.1816774606704712,100.0,4.9816789627075195,-0.004962136968970299,1.8492263555526733,0.0,0.9993999600410461
802,,,,,,,,-2.1489009857177734,4.444444493856281e-05,-0.012611613608896732,0.06576529890298843,0.07641005516052246,0.010503053665161133,1104.0,0.1815033257007599,100.0,4.9816789627075195,-0.004982917569577694,0.0,0.0,0.9993493556976318
803,-0.005136510822921991,1.4808403253555298,0.0,0.9993970990180969,0.0,0.0,1.0,-2.152235269546509,1.975308623514138e-05,-0.0119908656924963,0.1101016104221344,0.08826589584350586,0.010182857513427734,975.0,0.18145707249641418,100.0,4.981499195098877,-0.005752543453127146,0.34504982829093933,0.0,0.9995810389518738
804,,,,,,,,-2.1523520946502686,0.0001500000071246177,-0.006936582736670971,0.9728391766548157,0.07815194129943848,0.009983062744140625,1089.0,0.18139640986919403,100.0,5.013824939727783,-0.005453030113130808,6.494510650634766,0.0,0.9992594718933105
805,,,,,,,,-2.158531904220581,2.9629629352712072e-05,-0.019276700913906097,0.12350762635469437,0.07840466499328613,0.010910272598266602,1074.0,0.1812485009431839,100.0,5.013824939727783,-0.005590999964624643,0.16882510483264923,0.0,0.9994297623634338
806,,,,,,,,-2.1636338233947754,2.9629629352712072e-05,-0.02116890624165535,0.12768611311912537,0.0754702091217041,0.010436773300170898,1117.0,0.1810930371284485,100.0,5.013824939727783,-0.005489977542310953,1.8081544637680054,0.0,0.999339759349823
807,,,,,,,,-2.1745965480804443,6.666666740784422e-05,-0.0008657358703203499,0.09423166513442993,0.083221435546875,0.010709762573242188,1022.0,0.1806659698486328,100.0,5.022042751312256,-0.005917032714933157,0.33662864565849304,0.0,0.9995632767677307
808,,,,,,,,-2.197967529296875,2.9629629352712072e-05,-0.012759310193359852,0.713422954082489,0.08254528045654297,0.01046609878540039,1032.0,0.1801334172487259,100.0,5.022042751312256,-0.004565708804875612,6.136659145355225,0.0,0.9993250370025635
809,,,,,,,,-2.210977792739868,2.9629629352712072e-05,-0.005785088054835796,0.13394024968147278,0.08006405830383301,0.011255025863647461,1051.0,0.18008345365524292,100.0,5.016067981719971,-0.004560844507068396,0.17039144039154053,0.0,0.999416172504425
810,,,,,,,,-2.211115837097168,1.975308623514138e-05,-0.028360720723867416,0.17474615573883057,0.0756368637084961,0.010340213775634766,1116.0,0.18013550341129303,100.0,5.016067981719971,-0.005292292684316635,1.9366178512573242,0.0,0.9993536472320557
811,,,,,,,,-2.212108850479126,0.0001500000071246177,-0.012163827195763588,0.04988604784011841,0.0827488899230957,0.010954141616821289,1024.0,0.1800084412097931,100.0,5.022533416748047,-0.005412796977907419,0.14643682539463043,0.0,0.9995444416999817
812,,,,,,,,-2.220057725906372,1.316872385359602e-05,-0.021441075950860977,0.7333850860595703,0.08274698257446289,0.010442733764648438,1030.0,0.1799921691417694,100.0,5.010679721832275,-0.005348241422325373,4.121849060058594,0.0,0.9993966221809387
813,,,,,,,,-2.220392942428589,6.666666740784422e-05,-0.0143894013017416,0.2684224843978882,0.07996416091918945,0.01022481918334961,1064.0,0.1799880862236023,100.0,5.0066914558410645,-0.0049430388025939465,1.991300106048584,0.0,0.9993875622749329
814,,,,,,,,-2.2251720428466797,2.9629629352712072e-05,-0.016159875318408012,0.05112867057323456,0.07510614395141602,0.010595083236694336,1120.0,0.1798190474510193,100.0,5.0066914558410645,-0.005483980756253004,0.029167937114834785,0.0,0.999406099319458
815,,,,,,,,-2.2292561531066895,2.9629629352712072e-05,-0.030006418004631996,0.015389855019748211,0.08251118659973145,0.010627031326293945,1030.0,0.1797967255115509,100.0,5.038234233856201,-0.00526927225291729,0.0033595592249184847,0.0,0.999485969543457
816,,,,,,,,-2.2293477058410645,4.444444493856281e-05,-0.011893805116415024,0.5124959349632263,0.0803520679473877,0.010777711868286133,1053.0,0.1797359734773636,100.0,5.033866882324219,-0.005241554230451584,0.463743656873703,0.0,0.9995514750480652
817,,,,,,,,-2.2299633026123047,4.444444493856281e-05,-0.02558412030339241,0.6365868449211121,0.07996392250061035,0.01019430160522461,1064.0,0.17974251508712769,100.0,5.033567905426025,-0.0047507518902421,2.747683525085449,0.0,0.9993786811828613
818,,,,,,,,-2.221409797668457,4.444444493856281e-05,-0.024814095348119736,0.19831031560897827,0.0754079818725586,0.010154008865356445,1121.0,0.18005213141441345,100.0,5.033567905426025,-0.004419031552970409,1.5304850339889526,0.0,0.9993919730186462
819,,,,,,,,-2.2016305923461914,9.999999747378752e-05,-0.02026909962296486,0.011960714124143124,0.08059310913085938,0.010394811630249023,1055.0,0.18071304261684418,100.0,4.950375556945801,-0.0047949510626494884,2.0566080820572097e-06,0.0,0.9995233416557312
820,,,,,,,,-2.1783206462860107,4.444444493856281e-05,-0.03039296716451645,0.39075419306755066,0.08267688751220703,0.011368989944458008,1020.0,0.18078014254570007,100.0,4.960999965667725,-0.005143370479345322,4.074238300323486,0.0,0.9994832873344421
821,,,,,,,,-2.1797969341278076,4.444444493856281e-05,-0.021475180983543396,0.12053734809160233,0.08007407188415527,0.010502815246582031,1059.0,0.1806197613477707,100.0,4.9877448081970215,-0.004793278872966766,0.09621373564004898,0.0,0.9993823170661926
822,,,,,,,,-2.1809520721435547,2.9629629352712072e-05,-0.02721206285059452,0.20834662020206451,0.07460927963256836,0.010462760925292969,1128.0,0.18067963421344757,100.0,4.9877448081970215,-0.004924827255308628,1.7067617177963257,0.0,0.9993782043457031
823,,,,,,,,-2.1797800064086914,9.999999747378752e-05,-0.011292933486402035,0.015728812664747238,0.07755804061889648,0.010827064514160156,1086.0,0.180641308426857,100.0,4.982960224151611,-0.005065441131591797,1.5019623045287034e-10,0.0,0.9994053244590759
824,,,,,,,,-2.181356430053711,4.444444493856281e-05,-0.024263525381684303,0.6722483038902283,0.08651590347290039,0.010547161102294922,989.0,0.1807403266429901,100.0,4.945981502532959,-0.004791651386767626,2.0229780673980713,0.0,0.9996073246002197
825,,,,,,,,-2.1751933097839355,4.444444493856281e-05,-0.015320961363613605,0.2207147777080536,0.07856297492980957,0.010285139083862305,1080.0,0.1809786856174469,100.0,4.975990295410156,-0.005162552464753389,0.15798534452915192,0.0,0.9994174838066101
826,,,,,,,,-2.1726572513580322,6.666666740784422e-05,-0.021955667063593864,0.2156321406364441,0.07836198806762695,0.01052093505859375,1080.0,0.18088622391223907,100.0,4.975990295410156,-0.0047006625682115555,0.14870025217533112,0.0,0.9995027184486389
827,,,,,,,,-2.181229591369629,2.9629629352712072e-05,-0.021942179650068283,0.008694808930158615,0.0759422779083252,0.01044774055480957,1111.0,0.18068434298038483,100.0,4.975990295410156,-0.004350701812654734,4.885778253083117e-07,0.0,0.999507486820221
828,-0.004900165367871523,0.697908341884613,0.0,0.9995207786560059,0.0,0.0,1.0,-2.1881561279296875,4.444444493856281e-05,-0.019760074093937874,0.16815263032913208,0.0861349105834961,0.010091066360473633,997.0,0.18047107756137848,100.0,4.934497356414795,-0.006047308444976807,0.3246779441833496,0.0,0.9996600151062012
829,,,,,,,,-2.1935038566589355,1.975308623514138e-05,-0.01992851123213768,1.1965595483779907,0.07820487022399902,0.010614156723022461,1080.0,0.18039533495903015,100.0,4.93452787399292,-0.004802584648132324,6.986452102661133,0.0,0.9993268847465515
830,,,,,,,,-2.191779613494873,4.444444493856281e-05,-0.013098645024001598,0.12271848320960999,0.08017206192016602,0.010074853897094727,1063.0,0.180515319108963,100.0,4.93452787399292,-0.005354309920221567,0.16401775181293488,0.0,0.9994451403617859
831,,,,,,,,-2.1876046657562256,9.999999747378752e-05,-0.01429071743041277,0.08582745492458344,0.07643389701843262,0.01058506965637207,1103.0,0.18045277893543243,100.0,4.93452787399292,-0.004758304450660944,1.527405858039856,0.0,0.9993427395820618
832,,,,,,,,-2.1859922409057617,2.9629629352712072e-05,-0.05213836207985878,0.38815367221832275,0.08469510078430176,0.010668039321899414,1006.0,0.18054689466953278,100.0,4.960540771484375,-0.005588922183960676,0.3009508550167084,0.0,0.9995589256286621
833,,,,,,,,-2.180051326751709,6.666666740784422e-05,-0.01002946961671114,0.5880751609802246,0.0815730094909668,0.010171890258789062,1046.0,0.18063193559646606,100.0,4.960540771484375,-0.0051063052378594875,3.9441945552825928,0.0,0.9993900656700134
834,,,,,,,,-2.177318572998047,4.444444493856281e-05,-0.02009526640176773,0.4625738263130188,0.0799870491027832,0.010277032852172852,1063.0,0.1805390864610672,100.0,4.958675384521484,-0.005064958706498146,0.14146549999713898,0.0,0.9994380474090576
835,,,,,,,,-2.1797473430633545,4.444444493856281e-05,-0.021644340828061104,0.023106735199689865,0.07574009895324707,0.01011204719543457,1118.0,0.18046176433563232,100.0,4.958675384521484,-0.004940171260386705,7.279727287823334e-05,0.0,0.999434769153595
836,,,,,,,,-2.1802420616149902,2.9629629352712072e-05,-0.027684781700372696,0.06068187206983566,0.08335518836975098,0.010294198989868164,1025.0,0.1804739236831665,100.0,4.9589385986328125,-0.005198371130973101,0.14907027781009674,0.0,0.9995536208152771
837,,,,,,,,-2.1808135509490967,2.9629629352712072e-05,-0.01900641620159149,0.5589402914047241,0.08162498474121094,0.010225057601928711,1045.0,0.18042005598545074,100.0,4.936783790588379,-0.005062986630946398,4.694128513336182,0.0,0.9993919730186462
838,,,,,,,,-2.184583902359009,4.444444493856281e-05,-0.024483753368258476,0.2730267345905304,0.0799109935760498,0.010710954666137695,1059.0,0.18028634786605835,100.0,4.936601638793945,-0.005204421933740377,0.16300691664218903,0.0,0.9993977546691895
839,,,,,,,,-2.190664291381836,2.9629629352712072e-05,-0.039130840450525284,0.11909658461809158,0.0759890079498291,0.010150909423828125,1114.0,0.18017832934856415,100.0,4.936601638793945,-0.004455118905752897,1.4475107192993164,0.0,0.9993588328361511
840,,,,,,,,-2.193936586380005,2.9629629352712072e-05,-0.022404450923204422,0.013404818251729012,0.08214902877807617,0.010174036026000977,1039.0,0.18006208539009094,100.0,4.926342964172363,-0.005257688462734222,0.0021909144707024097,0.0,0.9995291233062744
841,,,,,,,,-2.1984407901763916,6.666666740784422e-05,-0.02151145413517952,0.36862027645111084,0.08091211318969727,0.010247945785522461,1053.0,0.17998157441616058,100.0,4.92282772064209,-0.005162095185369253,0.4487522840499878,0.0,0.9995660185813904
842,,,,,,,,-2.2002124786376953,2.9629629352712072e-05,-0.012709975242614746,0.13434624671936035,0.08176517486572266,0.010756969451904297,1037.0,0.17994791269302368,100.0,4.950793266296387,-0.005676804576069117,1.7646716833114624,0.0,0.9994511604309082
843,,,,,,,,-2.201287031173706,2.9629629352712072e-05,-0.01763220690190792,0.11585655808448792,0.07685494422912598,0.010744810104370117,1095.0,0.17989996075630188,100.0,4.950793266296387,-0.004643851425498724,1.3497017621994019,0.0,0.9994733929634094
844,,,,,,,,-2.2042644023895264,6.666666740784422e-05,-0.026194561272859573,0.013663542456924915,0.08080577850341797,0.010862112045288086,1047.0,0.1797281950712204,100.0,4.911011695861816,-0.005376860499382019,1.8375858417130075e-06,0.0,0.9995490908622742
845,,,,,,,,-2.2102913856506348,2.9629629352712072e-05,-0.015651628375053406,0.9626538753509521,0.08218502998352051,0.010757207870483398,1032.0,0.1795889139175415,100.0,4.94498348236084,-0.005313716363161802,2.7649409770965576,0.0,0.9995558261871338
846,,,,,,,,-2.210451126098633,4.444444493856281e-05,-0.013415619730949402,0.08630876243114471,0.0795440673828125,0.010046958923339844,1071.0,0.17969737946987152,100.0,4.931778907775879,-0.00503855524584651,0.09802495688199997,0.0,0.9994483590126038
847,,,,,,,,-2.206162691116333,4.444444493856281e-05,-0.016385644674301147,0.2665862441062927,0.0764310359954834,0.01082301139831543,1100.0,0.1797376424074173,100.0,4.931778907775879,-0.0049245017580688,1.2274616956710815,0.0,0.9994344711303711
848,,,,,,,,-2.2071361541748047,6.666666740784422e-05,-0.014471699483692646,0.005562254227697849,0.07777094841003418,0.010777950286865234,1084.0,0.17978045344352722,100.0,4.935885906219482,-0.005179723724722862,1.8619111807893773e-10,0.0,0.9994403719902039
849,,,,,,,,-2.2074317932128906,2.9629629352712072e-05,-0.0285498034209013,0.8177700638771057,0.08677792549133301,0.00999903678894043,991.0,0.1798401176929474,100.0,4.935689926147461,-0.005140853114426136,3.4557151794433594,0.0,0.9995617866516113
850,,,,,,,,-2.2053563594818115,2.9629629352712072e-05,-0.016854505985975266,0.201267808675766,0.0787498950958252,0.010915994644165039,1070.0,0.1800035685300827,100.0,4.956376552581787,-0.0048633660189807415,0.1445872187614441,0.0,0.9993284344673157
851,,,,,,,,-2.1975998878479004,9.999999747378752e-05,-0.01170069258660078,0.13717618584632874,0.07831883430480957,0.010651350021362305,1079.0,0.18028436601161957,100.0,4.956376552581787,-0.005129573401063681,1.3786131143569946,0.0,0.9994217753410339
852,,,,,,,,-2.1878015995025635,4.444444493856281e-05,-0.009378217160701752,0.01795767992734909,0.07636094093322754,0.010900020599365234,1100.0,0.18045936524868011,100.0,4.956376552581787,-0.004752785433083773,1.6437115042779585e-25,0.0,0.9993479251861572
853,-0.005157231818884611,1.1520968675613403,0.0,0.9994249939918518,0.0,0.0,1.0,-2.183422803878784,6.666666740784422e-05,-0.01365063525736332,0.5353728532791138,0.08968400955200195,0.01104879379272461,953.0,0.1805191934108734,100.0,4.968576908111572,-0.005686299875378609,0.2894871234893799,0.0,0.9996322989463806
854,,,,,,,,-2.183755397796631,1.975308623514138e-05,-0.01944565214216709,0.7188453078269958,0.07825899124145508,0.011224746704101562,1072.0,0.1804436892271042,100.0,4.992240905761719,-0.005132975056767464,2.6575374603271484,0.0,0.999423086643219
855,,,,,,,,-2.188314437866211,0.0001500000071246177,-0.011231797747313976,0.13336701691150665,0.08129525184631348,0.010567903518676758,1045.0,0.18019288778305054,100.0,4.992240905761719,-0.004675795789808035,0.15317083895206451,0.0,0.9994913935661316
856,,,,,,,,-2.2072370052337646,2.9629629352712072e-05,-0.010363536886870861,0.12272182106971741,0.07514691352844238,0.010243892669677734,1124.0,0.17984654009342194,100.0,4.992240905761719,-0.00459273299202323,2.0799763202667236,0.0,0.9994125366210938
857,,,,,,,,-2.216728448867798,6.666666740784422e-05,-0.014388780109584332,0.11753922700881958,0.08578920364379883,0.011485099792480469,986.0,0.17967626452445984,100.0,4.937162399291992,-0.00603082962334156,0.3272345960140228,0.0,0.9995700716972351
858,,,,,,,,-2.222468376159668,2.9629629352712072e-05,-0.0275855865329504,0.9990778565406799,0.0816950798034668,0.010693788528442383,1039.0,0.1795913577079773,100.0,4.937162399291992,-0.004946921020746231,4.315709590911865,0.0,0.9992801547050476
859,,,,,,,,-2.2261388301849365,9.999999747378752e-05,-0.0051178657449781895,0.6555385589599609,0.0802910327911377,0.010987997055053711,1051.0,0.17947828769683838,100.0,4.950282096862793,-0.004775766748934984,2.7275421619415283,0.0,0.9994062781333923
860,,,,,,,,-2.237149953842163,2.9629629352712072e-05,-0.027459975332021713,0.0268083605915308,0.07552790641784668,0.010622024536132812,1114.0,0.17915184795856476,100.0,4.950282096862793,-0.004697222728282213,8.793961023911834e-05,0.0,0.9993740916252136
861,,,,,,,,-2.249824047088623,9.999999747378752e-05,-0.009394826367497444,0.06298783421516418,0.08336114883422852,0.010695934295654297,1020.0,0.17879728972911835,100.0,5.007673263549805,-0.005369923543184996,0.14783917367458344,0.0,0.9995065331459045
862,,,,,,,,-2.265507698059082,2.9629629352712072e-05,-0.023905301466584206,1.4507461786270142,0.08223104476928711,0.010303020477294922,1037.0,0.17852595448493958,100.0,5.008821487426758,-0.005557894241064787,5.601707458496094,0.0,0.9993680119514465
863,,,,,,,,-2.2718396186828613,6.666666740784422e-05,-0.013557545840740204,0.7378826141357422,0.08155584335327148,0.010365009307861328,1044.0,0.17836003005504608,100.0,5.008971691131592,-0.0049934606067836285,2.8575496673583984,0.0,0.9993207454681396
864,,,,,,,,-2.2820310592651367,4.444444493856281e-05,-0.010255707427859306,0.03715522959828377,0.0766761302947998,0.010972023010253906,1095.0,0.1779518872499466,100.0,5.008971691131592,-0.005471730139106512,0.030722729861736298,0.0,0.9993393421173096
865,,,,,,,,-2.2905733585357666,4.444444493856281e-05,-0.02662849798798561,0.0044527603313326836,0.08258295059204102,0.010805130004882812,1027.0,0.17796243727207184,100.0,5.110271453857422,-0.00511476444080472,0.0032802384812384844,0.0,0.9994421601295471
866,,,,,,,,-2.2856175899505615,2.9629629352712072e-05,-0.02151937037706375,1.094041347503662,0.08169698715209961,0.010226011276245117,1044.0,0.17815355956554413,100.0,5.163219451904297,-0.005174958612769842,3.301452875137329,0.0,0.9994759559631348
867,,,,,,,,-2.280803680419922,6.666666740784422e-05,-0.012396934442222118,0.020978480577468872,0.08029723167419434,0.010592937469482422,1056.0,0.17820772528648376,100.0,5.12990140914917,-0.0050453501753509045,0.013460014946758747,0.0,0.9994223713874817
868,,,,,,,,-2.277066707611084,4.444444493856281e-05,-0.021442130208015442,0.816352128982544,0.07771897315979004,0.010334968566894531,1090.0,0.1784493774175644,100.0,5.12990140914917,-0.004720896948128939,2.9603445529937744,0.0,0.9993296265602112
869,,,,,,,,-2.2736525535583496,4.444444493856281e-05,-0.01380904484540224,0.005847044289112091,0.0824441909790039,0.01004481315612793,1037.0,0.1783769279718399,100.0,5.1412835121154785,-0.005336323287338018,1.697021616564598e-06,0.0,0.9994586110115051
870,,,,,,,,-2.27907657623291,0.0001500000071246177,-0.009621137753129005,0.7604442834854126,0.08298707008361816,0.010147809982299805,1030.0,0.1783122569322586,100.0,5.095894813537598,-0.005804756190627813,2.6771469116210938,0.0,0.9995365142822266
871,,,,,,,,-2.2810919284820557,4.444444493856281e-05,-0.014074590057134628,0.6002088785171509,0.08128929138183594,0.010261774063110352,1048.0,0.1782122701406479,100.0,5.128748893737793,-0.005607144441455603,2.808884382247925,0.0,0.9993260502815247
872,,,,,,,,-2.283820629119873,4.444444493856281e-05,-0.016825292259454727,0.15759629011154175,0.0758368968963623,0.010771989822387695,1108.0,0.17820274829864502,100.0,5.128748893737793,-0.004704826045781374,0.14812102913856506,0.0,0.9994399547576904
873,,,,,,,,-2.279214859008789,2.9629629352712072e-05,-0.02403450571000576,0.013817578554153442,0.07769203186035156,0.011424064636230469,1077.0,0.1783711165189743,100.0,5.120911598205566,-0.005226103588938713,1.2827280349014814e-09,0.0,0.9994070529937744
874,,,,,,,,-2.2715494632720947,4.444444493856281e-05,-0.012237269431352615,1.0955921411514282,0.0879518985748291,0.011558055877685547,964.0,0.1785878688097,100.0,5.173285007476807,-0.00499458983540535,4.204553604125977,0.0,0.9995376467704773
875,,,,,,,,-2.264622211456299,0.00022499999613501132,-0.0035693214740604162,0.4005495309829712,0.0806889533996582,0.010277748107910156,1055.0,0.17868292331695557,100.0,5.141579627990723,-0.005052139051258564,2.189744234085083,0.0,0.9993019700050354
876,,,,,,,,-2.2565176486968994,9.999999747378752e-05,-0.01588275283575058,0.23595018684864044,0.07666206359863281,0.010254144668579102,1104.0,0.17897909879684448,100.0,5.141579627990723,-0.0045846616849303246,0.1441773623228073,0.0,0.999461829662323
877,,,,,,,,-2.2404656410217285,1.975308623514138e-05,-0.029482237994670868,0.011507739312946796,0.07562494277954102,0.010277032852172852,1117.0,0.17938998341560364,100.0,5.141579627990723,-0.00463926512748003,4.875727768194338e-07,0.0,0.9993961453437805
878,-0.0048133255913853645,2.046175241470337,0.0,0.9993922114372253,0.0,0.0,1.0,-2.2319729328155518,6.666666740784422e-05,-0.013217712752521038,0.3700340986251831,0.0865480899810791,0.010094881057739258,993.0,0.17950530350208282,100.0,5.176920413970947,-0.005282888654619455,0.3081440329551697,0.0,0.9996135830879211
879,,,,,,,,-2.233684539794922,6.666666740784422e-05,-0.013657577335834503,0.6465677618980408,0.07908415794372559,0.010257244110107422,1074.0,0.1793714314699173,100.0,5.176751613616943,-0.005166459362953901,4.269409656524658,0.0,0.9993956685066223
880,,,,,,,,-2.2420294284820557,6.666666740784422e-05,-0.019246447831392288,0.15019744634628296,0.07923579216003418,0.00999903678894043,1075.0,0.17921607196331024,100.0,5.176751613616943,-0.005439558997750282,0.14557556807994843,0.0,0.9994626641273499
881,,,,,,,,-2.2517669200897217,2.9629629352712072e-05,-0.026477117091417313,0.00872049666941166,0.07554006576538086,0.010128021240234375,1120.0,0.17910993099212646,100.0,5.176751613616943,-0.004750268068164587,1.1473820450191852e-05,0.0,0.9993953704833984
882,,,,,,,,-2.2546815872192383,2.9629629352712072e-05,-0.02910449355840683,0.19086997210979462,0.08478498458862305,0.011292219161987305,999.0,0.1791338473558426,100.0,5.109359264373779,-0.006129542365670204,0.3206522762775421,0.0,0.999567449092865
883,,,,,,,,-2.2526931762695312,4.444444493856281e-05,-0.008516328409314156,0.4959970712661743,0.08140110969543457,0.010170936584472656,1048.0,0.1791587620973587,100.0,5.109359264373779,-0.005036656279116869,4.230218410491943,0.0,0.999340832233429
884,,,,,,,,-2.2530126571655273,4.444444493856281e-05,-0.02047235518693924,0.08561445772647858,0.0804440975189209,0.010216951370239258,1058.0,0.17914485931396484,100.0,5.0572991371154785,-0.0049140979535877705,0.16076166927814484,0.0,0.9994320273399353
885,,,,,,,,-2.254565954208374,2.9629629352712072e-05,-0.016335582360625267,0.33469104766845703,0.07579612731933594,0.011136054992675781,1104.0,0.17912247776985168,100.0,5.0572991371154785,-0.0040346127934753895,2.423967123031616,0.0,0.999300479888916
886,,,,,,,,-2.2601003646850586,9.999999747378752e-05,-0.014703983440995216,0.021782265976071358,0.08321094512939453,0.010226249694824219,1027.0,0.17873895168304443,100.0,5.069709777832031,-0.0052664149552583694,0.10760274529457092,0.0,0.9994921684265137
887,,,,,,,,-2.2831778526306152,4.444444493856281e-05,-0.0218312069773674,0.4226423501968384,0.08135509490966797,0.010153770446777344,1049.0,0.1781913936138153,100.0,5.048181056976318,-0.005630973726511002,2.576585531234741,0.0,0.9994135499000549
888,,,,,,,,-2.298269033432007,4.444444493856281e-05,-0.018185507506132126,0.025372324511408806,0.07931399345397949,0.010797977447509766,1065.0,0.17799963057041168,100.0,5.094915866851807,-0.005145627539604902,0.12568366527557373,0.0,0.9994404911994934
889,,,,,,,,-2.2992963790893555,6.666666740784422e-05,-0.01417061872780323,0.031539347022771835,0.07604002952575684,0.010117053985595703,1114.0,0.1781931221485138,100.0,5.094915866851807,-0.004687937442213297,0.03893080726265907,0.0,0.9994096755981445
890,,,,,,,,-2.28983211517334,1.975308623514138e-05,-0.016089215874671936,0.005985768511891365,0.0828857421875,0.010092020034790039,1032.0,0.1783733367919922,100.0,5.046609401702881,-0.004546008538454771,0.0028416141867637634,0.0,0.9995320439338684
891,,,,,,,,-2.286482810974121,2.9629629352712072e-05,-0.025257322937250137,0.5068264603614807,0.08198976516723633,0.010479211807250977,1038.0,0.17839355766773224,100.0,5.014174938201904,-0.005432222504168749,4.502668857574463,0.0,0.9994232058525085
892,,,,,,,,-2.289494037628174,4.444444493856281e-05,-0.015018445439636707,0.026144305244088173,0.08042216300964355,0.010429859161376953,1056.0,0.178304061293602,100.0,4.980593681335449,-0.0049923378974199295,0.011909176595509052,0.0,0.9993987083435059
893,,,,,,,,-2.296293258666992,2.9629629352712072e-05,-0.02858627215027809,0.16778072714805603,0.0758368968963623,0.010116100311279297,1116.0,0.17821763455867767,100.0,4.980593681335449,-0.0043250746093690395,2.075439691543579,0.0,0.9993135333061218
894,,,,,,,,-2.301241159439087,0.00022499999613501132,-0.006199651397764683,0.012188753113150597,0.08086299896240234,0.010499000549316406,1050.0,0.17819084227085114,100.0,4.964083194732666,-0.005276953335851431,1.3665271580975968e-06,0.0,0.9993903040885925
895,,,,,,,,-2.2995924949645996,1.975308623514138e-05,-0.020305005833506584,0.9768023490905762,0.08278775215148926,0.010342836380004883,1030.0,0.17836064100265503,100.0,4.909356117248535,-0.005299583077430725,4.725984573364258,0.0,0.9994718432426453
896,,,,,,,,-2.297501564025879,9.999999747378752e-05,-0.008181634359061718,0.3428124189376831,0.08196496963500977,0.010138988494873047,1042.0,0.17834660410881042,100.0,4.904819965362549,-0.005127789452672005,1.1699458360671997,0.0,0.9992687106132507
897,,,,,,,,-2.3043997287750244,1.975308623514138e-05,-0.02180873230099678,0.5627204179763794,0.07661890983581543,0.010189056396484375,1105.0,0.1782936304807663,100.0,4.904819965362549,-0.005069046281278133,2.8223392963409424,0.0,0.9992995858192444
898,,,,,,,,-2.308438777923584,1.316872385359602e-05,-0.02385031245648861,0.004882981535047293,0.07771706581115723,0.010677099227905273,1086.0,0.1782427728176117,100.0,4.955418109893799,-0.005002696067094803,1.8245088773127804e-10,0.0,0.9992391467094421
899,,,,,,,,-2.3108625411987305,2.9629629352712072e-05,-0.012279912829399109,0.39378729462623596,0.08651185035705566,0.010128259658813477,993.0,0.17819087207317352,100.0,4.937711238861084,-0.005031864624470472,1.4624522924423218,0.0,0.9994728565216064
900,,,,,,,,-2.312894821166992,2.9629629352712072e-05,-0.02601039595901966,0.34068992733955383,0.07695984840393066,0.010395050048828125,1098.0,0.17819173634052277,100.0,4.937158107757568,-0.005798845086246729,2.747446060180664,0.0,0.9992634654045105
901,,,,,,,,-2.310687780380249,2.9629629352712072e-05,-0.017544740810990334,0.14395776391029358,0.07807207107543945,0.010162115097045898,1088.0,0.17834866046905518,100.0,4.937158107757568,-0.004853293299674988,0.14807040989398956,0.0,0.9993926882743835
902,,,,,,,,-2.3058016300201416,6.666666740784422e-05,-0.007232028525322676,0.009426259435713291,0.07590293884277344,0.010797977447509766,1107.0,0.17834612727165222,100.0,4.937158107757568,-0.0048761796206235886,2.2826941403764067e-07,0.0,0.9992959499359131
903,-0.0053181033581495285,1.3471674919128418,0.0,0.9993600845336914,0.0,0.0,1.0,-2.3013741970062256,6.666666740784422e-05,-0.024386100471019745,0.08941132575273514,0.08733701705932617,0.01252293586730957,961.0,0.1784067153930664,100.0,4.887726783752441,-0.006099422927945852,0.3781810998916626,0.0,0.9995677471160889
904,,,,,,,,-2.2934699058532715,6.666666740784422e-05,-0.015599503181874752,1.2474178075790405,0.0788719654083252,0.01059103012084961,1073.0,0.17834055423736572,100.0,4.861123085021973,-0.005049192812293768,5.648116588592529,0.0,0.9992420673370361
905,,,,,,,,-2.293931007385254,2.9629629352712072e-05,-0.032722603529691696,0.5492689609527588,0.07908082008361816,0.01094508171081543,1066.0,0.17819343507289886,100.0,4.861123085021973,-0.005843470338732004,1.9812674522399902,0.0,0.9993960857391357
906,,,,,,,,-2.2965517044067383,2.9629629352712072e-05,-0.011555343866348267,0.14769189059734344,0.07571935653686523,0.010243654251098633,1116.0,0.1781497299671173,100.0,4.861123085021973,-0.004662440158426762,2.457645505345947e-23,0.0,0.9992305636405945
907,,,,,,,,-2.297055959701538,4.444444493856281e-05,-0.013429603539407253,0.06133108586072922,0.0857400894165039,0.010763883590698242,994.0,0.17814747989177704,100.0,4.8879570960998535,-0.006145029794424772,0.31960996985435486,0.0,0.9994876980781555
908,,,,,,,,-2.3022682666778564,9.999999747378752e-05,-0.008653208613395691,0.6461133360862732,0.08170795440673828,0.010492324829101562,1041.0,0.17779195308685303,100.0,4.8879570960998535,-0.004684037994593382,2.7991063594818115,0.0,0.9993031024932861
909,,,,,,,,-2.3284096717834473,6.666666740784422e-05,-0.01759752444922924,0.039392437785863876,0.08019375801086426,0.010931253433227539,1053.0,0.17728227376937866,100.0,4.890493869781494,-0.004666637629270554,0.16788513958454132,0.0,0.9993619918823242
910,,,,,,,,-2.3464229106903076,4.444444493856281e-05,-0.011826783418655396,0.6303548812866211,0.07665491104125977,0.010498046875,1101.0,0.17720115184783936,100.0,4.890493869781494,-0.004584250971674919,2.7929439544677734,0.0,0.999215304851532
911,,,,,,,,-2.3465142250061035,4.444444493856281e-05,-0.016499709337949753,0.008379395119845867,0.0864109992980957,0.010725975036621094,988.0,0.1774359941482544,100.0,4.845149993896484,-0.0051410323940217495,0.11408013105392456,0.0,0.9994654655456543
912,,,,,,,,-2.3350634574890137,4.444444493856281e-05,-0.027357326820492744,0.19810806214809418,0.08034181594848633,0.010954856872558594,1051.0,0.17777515947818756,100.0,4.819094657897949,-0.005285867024213076,0.3521254062652588,0.0,0.9994478225708008
913,,,,,,,,-2.326604127883911,2.9629629352712072e-05,-0.016466578468680382,0.07816138863563538,0.08012604713439941,0.010303020477294922,1061.0,0.1778678148984909,100.0,4.837992191314697,-0.005300099030137062,0.1692938357591629,0.0,0.9993717670440674
914,,,,,,,,-2.328232526779175,0.0001500000071246177,-0.005541044753044844,0.2643831670284271,0.07648825645446777,0.01069188117980957,1101.0,0.17761845886707306,100.0,4.837992191314697,-0.004653198644518852,2.20959734916687,0.0,0.9992580413818359
915,,,,,,,,-2.3330883979797363,2.9629629352712072e-05,-0.030634060502052307,0.011633509770035744,0.08295917510986328,0.010585784912109375,1026.0,0.17743803560733795,100.0,4.755483150482178,-0.005424071568995714,0.002437867457047105,0.0,0.9994224905967712
916,,,,,,,,-2.332515001296997,1.975308623514138e-05,-0.021284347400069237,0.5537599921226501,0.08270812034606934,0.010374784469604492,1031.0,0.17744247615337372,100.0,4.722656726837158,-0.005518779624253511,3.2212982177734375,0.0,0.9993885159492493
917,,,,,,,,-2.330471992492676,2.9629629352712072e-05,-0.016284309327602386,0.4682841897010803,0.08043074607849121,0.010141134262084961,1059.0,0.17751356959342957,100.0,4.727870941162109,-0.005189997609704733,0.8386885523796082,0.0,0.9992220997810364
918,,,,,,,,-2.3289778232574463,6.666666740784422e-05,-0.011354964226484299,0.09143804013729095,0.07680106163024902,0.01030588150024414,1102.0,0.1775258183479309,100.0,4.727870941162109,-0.005018595140427351,0.1401180624961853,0.0,0.9992762207984924
919,,,,,,,,-2.330980062484741,1.975308623514138e-05,-0.02511160634458065,0.00879986397922039,0.08349895477294922,0.011016845703125,1015.0,0.17745192348957062,100.0,4.708757400512695,-0.00492582144215703,1.6724130773582147e-06,0.0,0.9993059039115906
920,,,,,,,,-2.3310627937316895,6.666666740784422e-05,-0.018335236236453056,1.1505303382873535,0.08292508125305176,0.010388851165771484,1028.0,0.17750464379787445,100.0,4.687768936157227,-0.0052698454819619656,3.2703075408935547,0.0,0.9994292259216309
921,,,,,,,,-2.32645845413208,0.0001500000071246177,-0.012721025384962559,0.06846513599157333,0.0798940658569336,0.01076507568359375,1058.0,0.17760872840881348,100.0,4.687822341918945,-0.004930636379867792,0.09973093867301941,0.0,0.9992921948432922
922,,,,,,,,-2.31864333152771,1.975308623514138e-05,-0.015954848378896713,0.3864971697330475,0.07797980308532715,0.010535240173339844,1084.0,0.17766627669334412,100.0,4.687822341918945,-0.004124227445572615,1.1291754245758057,0.0,0.999241054058075
923,,,,,,,,-2.316237449645996,2.9629629352712072e-05,-0.012679623439908028,0.005113567225635052,0.0791170597076416,0.010702848434448242,1068.0,0.1776801347732544,100.0,4.743819713592529,-0.005251957569271326,1.1303871033652158e-10,0.0,0.9992222785949707
924,,,,,,,,-2.3135640621185303,6.666666740784422e-05,-0.012402070686221123,0.3712098300457001,0.08766794204711914,0.010663032531738281,976.0,0.17776033282279968,100.0,4.691002368927002,-0.005033600609749556,0.3194427192211151,0.0,0.9994735717773438
925,,,,,,,,-2.3094608783721924,2.9629629352712072e-05,-0.01149674504995346,0.6273362636566162,0.07927918434143066,0.010278940200805664,1071.0,0.17778660356998444,100.0,4.683078765869141,-0.005263397470116615,5.576959133148193,0.0,0.9991858601570129
926,,,,,,,,-2.309899091720581,6.666666740784422e-05,-0.023187831044197083,0.08715653419494629,0.07664012908935547,0.010503768920898438,1101.0,0.17779658734798431,100.0,4.683078765869141,-0.004133373964577913,0.15661658346652985,0.0,0.9993059039115906
927,,,,,,,,-2.307661771774292,1.975308623514138e-05,-0.028588026762008667,0.010835451073944569,0.07607674598693848,0.010906219482421875,1103.0,0.17795315384864807,100.0,4.683078765869141,-0.00476440554484725,1.320149038974705e-07,0.0,0.9991839528083801
928,-0.005149816162884235,1.8868484497070312,0.0,0.999272346496582,0.0,0.0,1.0,-2.300344467163086,0.0001500000071246177,-0.009240934625267982,0.1150510311126709,0.0875251293182373,0.01025080680847168,981.0,0.1782931387424469,100.0,4.716189384460449,-0.006067468319088221,0.3233901560306549,0.0,0.9994680881500244
929,,,,,,,,-2.2900643348693848,2.9629629352712072e-05,-0.016609951853752136,0.9636052846908569,0.08098196983337402,0.01254129409790039,1026.0,0.17847950756549835,100.0,4.686424255371094,-0.004821804352104664,5.415565013885498,0.0,0.9991796612739563
930,,,,,,,,-2.2879366874694824,0.0001500000071246177,-0.007040829863399267,0.11376339197158813,0.08232784271240234,0.012311220169067383,1014.0,0.178521066904068,100.0,4.686424255371094,-0.005248131230473518,0.1623135209083557,0.0,0.9993043541908264
931,,,,,,,,-2.281273603439331,1.975308623514138e-05,-0.004947314970195293,0.12418854981660843,0.07955694198608398,0.012090206146240234,1047.0,0.17865873873233795,100.0,4.686424255371094,-0.004867157433182001,1.9607771635055542,0.0,0.9990921020507812
932,,,,,,,,-2.278944492340088,0.0001500000071246177,-0.004618517123162746,0.2547338008880615,0.08734798431396484,0.012057781219482422,965.0,0.17863523960113525,100.0,4.754704475402832,-0.005539210978895426,0.31142011284828186,0.0,0.9994177222251892
933,,,,,,,,-2.2906346321105957,4.444444493856281e-05,-0.016720635816454887,0.15525496006011963,0.09521675109863281,0.0155792236328125,866.0,0.17831532657146454,100.0,4.754704475402832,-0.00485251797363162,0.1693616360425949,0.0,0.9993701577186584
934,,,,,,,,-2.3003768920898438,4.444444493856281e-05,-0.028595849871635437,0.05497163161635399,0.09499168395996094,0.015084028244018555,872.0,0.17838841676712036,100.0,4.7926106452941895,-0.005413122940808535,0.16443710029125214,0.0,0.9993327260017395
935,,,,,,,,-2.2960853576660156,1.975308623514138e-05,-0.0265977680683136,0.831608235836029,0.08585619926452637,0.012884855270385742,972.0,0.17855004966259003,100.0,4.7926106452941895,-0.0045809135772287846,2.9815263748168945,0.0,0.999143660068512
936,,,,,,,,-2.292048692703247,0.0001500000071246177,-0.009788320399820805,0.04845871403813362,0.08811306953430176,0.011446952819824219,964.0,0.17870651185512543,100.0,4.691964626312256,-0.005700573790818453,0.13896410167217255,0.0,0.9993970394134521
937,,,,,,,,-2.2902393341064453,1.975308623514138e-05,-0.016042381525039673,1.0717681646347046,0.08670687675476074,0.011576175689697266,976.0,0.17867526412010193,100.0,4.661466121673584,-0.005072718486189842,3.445310354232788,0.0,0.9992837905883789
938,,,,,,,,-2.2943906784057617,2.9629629352712072e-05,-0.009856639429926872,0.3838246166706085,0.08315300941467285,0.01137685775756836,1015.0,0.1785374879837036,100.0,4.6893839836120605,-0.005282543133944273,2.6596062183380127,0.0,0.9991808533668518
939,,,,,,,,-2.300441026687622,1.975308623514138e-05,-0.023061173036694527,0.04495269060134888,0.08103704452514648,0.011361122131347656,1038.0,0.17843878269195557,100.0,4.6893839836120605,-0.005020665470510721,0.028513727709650993,0.0,0.9991560578346252
940,,,,,,,,-2.303877830505371,4.444444493856281e-05,-0.019114810973405838,0.00630373926833272,0.08467698097229004,0.010930061340332031,1004.0,0.17833659052848816,100.0,4.701169967651367,-0.005773124750703573,0.003003152087330818,0.0,0.9992496371269226
941,,,,,,,,-2.3096630573272705,2.9629629352712072e-05,-0.029531117528676987,1.1652305126190186,0.08132767677307129,0.010483026504516602,1045.0,0.17823940515518188,100.0,4.7253031730651855,-0.004940112587064505,3.5270001888275146,0.0,0.9993262887001038
942,,,,,,,,-2.3120808601379395,1.975308623514138e-05,-0.0297233946621418,0.0475713387131691,0.08059525489807129,0.010272026062011719,1056.0,0.17823432385921478,100.0,4.7255682945251465,-0.004950451664626598,0.013304904103279114,0.0,0.9992191791534424
943,,,,,,,,-2.312453508377075,2.9629629352712072e-05,-0.01821133866906166,0.04594529792666435,0.07553219795227051,0.010715723037719727,1113.0,0.17818564176559448,100.0,4.7255682945251465,-0.004923952277749777,0.14823304116725922,0.0,0.9991827011108398
944,,,,,,,,-2.3162143230438232,6.666666740784422e-05,-0.010865561664104462,0.008641080930829048,0.08092594146728516,0.010820150375366211,1046.0,0.17800651490688324,100.0,4.723455429077148,-0.005129519384354353,1.8696654251471045e-06,0.0,0.9992208480834961
945,,,,,,,,-2.3203787803649902,4.444444493856281e-05,-0.011561729945242405,1.2792729139328003,0.0826869010925293,0.01093292236328125,1025.0,0.1780334711074829,100.0,4.700368404388428,-0.005081938114017248,3.210659980773926,0.0,0.9993476867675781
946,,,,,,,,-2.3192360401153564,2.9629629352712072e-05,-0.013664125464856625,0.5478742122650146,0.08126091957092285,0.01055002212524414,1045.0,0.1779603511095047,100.0,4.67250919342041,-0.005621092393994331,2.704875946044922,0.0,0.9990718960762024
947,,,,,,,,-2.323254346847534,2.9629629352712072e-05,-0.011809023097157478,0.22424228489398956,0.07650184631347656,0.010715961456298828,1100.0,0.17780205607414246,100.0,4.67250919342041,-0.0046746269799768925,0.18370650708675385,0.0,0.9991051554679871
948,,,,,,,,-2.3249950408935547,9.999999747378752e-05,-0.011077922768890858,0.036942318081855774,0.07709002494812012,0.010136127471923828,1100.0,0.1778486967086792,100.0,4.727008819580078,-0.00593927875161171,1.1996178272966063e-07,0.0,0.9990732073783875
949,,,,,,,,-2.3101508617401123,4.444444493856281e-05,-0.022231725975871086,0.4120916724205017,0.08723306655883789,0.01117086410522461,975.0,0.1782936304807663,100.0,4.743711471557617,-0.005165531765669584,0.28936877846717834,0.0,0.9993720054626465
950,,,,,,,,-2.2954680919647217,4.444444493856281e-05,-0.017008895054459572,1.1529967784881592,0.07971382141113281,0.010261058807373047,1066.0,0.17853954434394836,100.0,4.721116542816162,-0.0050261495634913445,6.241502285003662,0.0,0.9991071820259094
951,,,,,,,,-2.2894341945648193,1.975308623514138e-05,-0.01801743544638157,0.09164861589670181,0.07760500907897949,0.010168075561523438,1093.0,0.1786036193370819,100.0,4.721116542816162,-0.005123474169522524,0.15722113847732544,0.0,0.9991588592529297
952,,,,,,,,-2.287837505340576,9.999999747378752e-05,-0.004526796285063028,0.017785757780075073,0.07617998123168945,0.011106014251708984,1099.0,0.17875337600708008,100.0,4.721116542816162,-0.004883868154138327,7.107330191047367e-08,0.0,0.9990227818489075
953,-0.005026679951697588,2.089879035949707,0.0,0.9991434216499329,0.0,0.0,1.0,-2.2800850868225098,2.9629629352712072e-05,-0.023591456934809685,0.11563137173652649,0.08818197250366211,0.011014223098754883,967.0,0.17896513640880585,100.0,4.7915167808532715,-0.0065482803620398045,0.3345514237880707,0.0,0.9994149804115295
954,,,,,,,,-2.2738866806030273,0.00022499999613501132,-0.008983881212770939,1.4027838706970215,0.07817506790161133,0.010499000549316406,1082.0,0.17911437153816223,100.0,4.770958423614502,-0.004592888988554478,6.1257853507995605,0.0,0.9990846514701843
955,,,,,,,,-2.2626149654388428,2.9629629352712072e-05,-0.016488494351506233,0.13820335268974304,0.08033108711242676,0.010750055313110352,1054.0,0.17936915159225464,100.0,4.770958423614502,-0.005315346177667379,0.16964684426784515,0.0,0.9992034435272217
956,,,,,,,,-2.2564327716827393,6.666666740784422e-05,-0.014403712004423141,0.5911257863044739,0.07583212852478027,0.010452985763549805,1112.0,0.17932823300361633,100.0,4.770958423614502,-0.0047290511429309845,3.0089168548583984,0.0,0.9989624619483948
957,,,,,,,,-2.2589197158813477,2.9629629352712072e-05,-0.016814615577459335,0.252267062664032,0.08339476585388184,0.010956048965454102,1017.0,0.17927181720733643,100.0,4.825860500335693,-0.005347168538719416,0.29075393080711365,0.0,0.9993605017662048
958,,,,,,,,-2.261847972869873,2.9629629352712072e-05,-0.028681118041276932,0.8057612180709839,0.08011603355407715,0.010210990905761719,1062.0,0.17910394072532654,100.0,4.825860500335693,-0.004433671478182077,3.1403563022613525,0.0,0.9991992115974426
959,,,,,,,,-2.2676472663879395,4.444444493856281e-05,-0.01725189760327339,0.10084377974271774,0.08166313171386719,0.010354995727539062,1043.0,0.1790180206298828,100.0,4.860418796539307,-0.004906963091343641,0.16938923299312592,0.0,0.9992036819458008
960,,,,,,,,-2.269455909729004,2.9629629352712072e-05,-0.013910958543419838,0.6832022666931152,0.07609295845031738,0.011305093765258789,1098.0,0.1789737045764923,100.0,4.860418796539307,-0.004914843011647463,3.044452667236328,0.0,0.9989413619041443
961,,,,,,,,-2.2756004333496094,4.444444493856281e-05,-0.008752631954848766,0.09791465848684311,0.08349895477294922,0.01065516471862793,1019.0,0.17859962582588196,100.0,4.91769552230835,-0.005519060418009758,0.1682136505842209,0.0,0.9992243647575378
962,,,,,,,,-2.2888615131378174,1.975308623514138e-05,-0.01601608283817768,1.7258307933807373,0.08364200592041016,0.010759115219116211,1016.0,0.17838914692401886,100.0,4.869688987731934,-0.005475752521306276,4.228068828582764,0.0,0.9991133809089661
963,,,,,,,,-2.2943828105926514,4.444444493856281e-05,-0.009720905683934689,0.7657907009124756,0.08048582077026367,0.010249137878417969,1058.0,0.1781781017780304,100.0,4.888519287109375,-0.00582285737618804,3.187171697616577,0.0,0.9990043640136719
964,,,,,,,,-2.30271053314209,1.975308623514138e-05,-0.02333403192460537,0.6777247786521912,0.0763850212097168,0.010251045227050781,1108.0,0.17802923917770386,100.0,4.888519287109375,-0.004858393222093582,3.0773143768310547,0.0,0.9988784790039062
965,,,,,,,,-2.3075029850006104,9.999999747378752e-05,-0.011047269217669964,0.02124134637415409,0.08278608322143555,0.010174989700317383,1032.0,0.1778879165649414,100.0,4.884408950805664,-0.0052469768561422825,0.003851252840831876,0.0,0.999088704586029
966,,,,,,,,-2.3136398792266846,1.975308623514138e-05,-0.034091077744960785,1.3195655345916748,0.08098483085632324,0.010333061218261719,1051.0,0.17779865860939026,100.0,4.893067359924316,-0.005516460631042719,6.3661417961120605,0.0,0.9991869926452637
967,,,,,,,,-2.31225323677063,9.999999747378752e-05,-0.011848418042063713,0.6621119976043701,0.08244609832763672,0.010725736618041992,1030.0,0.1780029684305191,100.0,4.9516425132751465,-0.005266338121145964,3.106745958328247,0.0,0.9989650249481201
968,,,,,,,,-2.301276922225952,4.444444493856281e-05,-0.018402332440018654,1.006584882736206,0.07485485076904297,0.010745048522949219,1121.0,0.17821238934993744,100.0,4.9516425132751465,-0.004455445799976587,1.0401591062545776,0.0,0.9989002346992493
969,,,,,,,,-2.297112464904785,2.9629629352712072e-05,-0.02125602588057518,0.022784652188420296,0.08104610443115234,0.010300874710083008,1050.0,0.17826387286186218,100.0,4.964550971984863,-0.005210677161812782,2.0094080355193e-06,0.0,0.9989707469940186
970,,,,,,,,-2.2933971881866455,4.444444493856281e-05,-0.007764688692986965,0.4426915943622589,0.0823202133178711,0.010158061981201172,1038.0,0.1784462332725525,100.0,4.970385551452637,-0.005190743599087,2.6765425205230713,0.0,0.9992527365684509
971,,,,,,,,-2.28674578666687,4.444444493856281e-05,-0.007219896651804447,0.9509119987487793,0.08062291145324707,0.01049494743347168,1053.0,0.17855247855186462,100.0,4.987710952758789,-0.004755529575049877,0.9309446215629578,0.0,0.9990048408508301
972,,,,,,,,-2.286644458770752,4.444444493856281e-05,-0.018599869683384895,0.34644001722335815,0.0762639045715332,0.01045083999633789,1107.0,0.1784634292125702,100.0,4.987710952758789,-0.004821373615413904,0.6946809887886047,0.0,0.9989816546440125
973,,,,,,,,-2.296339988708496,6.666666740784422e-05,-0.014080398716032505,0.026999572291970253,0.07657814025878906,0.010232925415039062,1105.0,0.17817793786525726,100.0,4.977247714996338,-0.005309430416673422,2.398292963334825e-05,0.0,0.9989656805992126
974,,,,,,,,-2.3145456314086914,4.444444493856281e-05,-0.014001135714352131,0.4619941711425781,0.08741903305053711,0.010895013809204102,976.0,0.1778571903705597,100.0,4.993441581726074,-0.005294669419527054,1.1428232192993164,0.0,0.9993271827697754
975,,,,,,,,-2.325546979904175,4.444444493856281e-05,-0.023538686335086823,1.4424363374710083,0.08051609992980957,0.010328054428100586,1056.0,0.17767558991909027,100.0,4.949726104736328,-0.004746207036077976,4.042679309844971,0.0,0.9989213943481445
976,,,,,,,,-2.3281219005584717,6.666666740784422e-05,-0.016289297491312027,0.31538164615631104,0.07869315147399902,0.010085821151733398,1081.0,0.1777033805847168,100.0,4.949726104736328,-0.004625240340828896,0.23089705407619476,0.0,0.9990130066871643
977,,,,,,,,-2.322991371154785,6.666666740784422e-05,-0.010931555181741714,0.015373807400465012,0.0748908519744873,0.010057926177978516,1130.0,0.17773683369159698,100.0,4.949726104736328,-0.004607706796377897,0.0001514443865744397,0.0,0.9988842010498047
978,-0.0049089970998466015,1.6593610048294067,0.0,0.9989967346191406,0.0,0.0,1.0,-2.3193023204803467,1.975308623514138e-05,-0.019226040691137314,0.39078909158706665,0.08835983276367188,0.010259151458740234,973.0,0.17774422466754913,100.0,4.943961143493652,-0.005566196981817484,0.44181028008461,0.0,0.9992833137512207
979,,,,,,,,-2.31729793548584,9.999999747378752e-05,-0.017107807099819183,1.9726992845535278,0.07862472534179688,0.010554075241088867,1076.0,0.1776711642742157,100.0,4.945551872253418,-0.004849421791732311,6.140712738037109,0.0,0.9990063309669495
980,,,,,,,,-2.3201305866241455,1.975308623514138e-05,-0.01855250634253025,0.198130264878273,0.07890200614929199,0.010489940643310547,1073.0,0.17758898437023163,100.0,4.945551872253418,-0.004425168968737125,0.12768283486366272,0.0,0.9990432858467102
981,,,,,,,,-2.320070266723633,6.666666740784422e-05,-0.012495018541812897,0.5844385027885437,0.07581901550292969,0.010571002960205078,1111.0,0.17763850092887878,100.0,4.945551872253418,-0.0039153979159891605,2.87473201751709,0.0,0.9988483786582947
982,,,,,,,,-2.3155324459075928,2.9629629352712072e-05,-0.008973554708063602,0.03372332826256752,0.08457016944885254,0.010549068450927734,1009.0,0.177820086479187,100.0,4.949141979217529,-0.0056999907828867435,0.28199437260627747,0.0,0.9992404580116272
983,,,,,,,,-2.3095874786376953,6.666666740784422e-05,-0.013258097693324089,1.493371605873108,0.0812997817993164,0.01044011116027832,1046.0,0.1779923439025879,100.0,4.949141979217529,-0.004681070800870657,4.186488628387451,0.0,0.999041736125946
984,,,,,,,,-2.307353973388672,2.9629629352712072e-05,-0.009365806356072426,0.5130237340927124,0.08128499984741211,0.010740995407104492,1043.0,0.17794552445411682,100.0,5.004025936126709,-0.004571900703012943,3.1668834686279297,0.0,0.9991021156311035
985,,,,,,,,-2.3107478618621826,1.316872385359602e-05,-0.02149980142712593,0.6678156852722168,0.0775458812713623,0.010596036911010742,1089.0,0.17789986729621887,100.0,5.004025936126709,-0.004652779083698988,2.9917714595794678,0.0,0.9989220499992371
986,,,,,,,,-2.3125624656677246,6.666666740784422e-05,-0.008176769129931927,0.028221985325217247,0.08230829238891602,0.010336875915527344,1036.0,0.1778336465358734,100.0,5.049546241760254,-0.005742074456065893,0.14787642657756805,0.0,0.9991960525512695
987,,,,,,,,-2.3128530979156494,1.975308623514138e-05,-0.026690270751714706,0.7238335013389587,0.08182692527770996,0.010185003280639648,1043.0,0.17788046598434448,100.0,5.059383869171143,-0.005065889563411474,4.125422954559326,0.0,0.9991996884346008
988,,,,,,,,-2.30920147895813,2.9629629352712072e-05,-0.021266724914312363,0.47923967242240906,0.08190393447875977,0.010200023651123047,1042.0,0.17796628177165985,100.0,5.117364883422852,-0.005357623100280762,0.18442511558532715,0.0,0.9990810751914978
989,,,,,,,,-2.3076159954071045,0.0001500000071246177,0.0015829578042030334,0.07381661981344223,0.07702302932739258,0.010189056396484375,1100.0,0.17795895040035248,100.0,5.117364883422852,-0.005084372591227293,0.0657491683959961,0.0,0.9990420937538147
990,,,,,,,,-2.30763578414917,1.975308623514138e-05,-0.009512986056506634,0.008899914100766182,0.08269786834716797,0.010469913482666016,1030.0,0.1780555099248886,100.0,5.112990379333496,-0.0049853092059493065,0.0028889670502394438,0.0,0.9991729855537415
991,,,,,,,,-2.303199529647827,6.666666740784422e-05,-0.00217260280624032,1.5796105861663818,0.0824892520904541,0.010675907135009766,1030.0,0.1782815158367157,100.0,5.112020015716553,-0.00504629360511899,6.382715702056885,0.0,0.9992072582244873
992,,,,,,,,-2.2843894958496094,6.666666740784422e-05,-0.019259784370660782,0.27602100372314453,0.08095598220825195,0.010768890380859375,1046.0,0.17878831923007965,100.0,5.067187786102295,-0.005128720309585333,0.015275664627552032,0.0,0.9991263747215271
993,,,,,,,,-2.26994252204895,6.666666740784422e-05,-0.010153602808713913,0.9020615816116333,0.07707691192626953,0.01052999496459961,1095.0,0.17866694927215576,100.0,5.067187786102295,-0.005074332933872938,1.0238721370697021,0.0,0.9989722371101379
994,,,,,,,,-2.2787857055664062,2.9629629352712072e-05,-0.01285488624125719,0.008261964656412601,0.08156704902648926,0.010434150695800781,1043.0,0.17842410504817963,100.0,5.137627601623535,-0.005844455678015947,1.9798401353909867e-06,0.0,0.9990577697753906
995,,,,,,,,-2.2837297916412354,1.975308623514138e-05,-0.02140093967318535,1.037913203239441,0.08264613151550293,0.010644912719726562,1029.0,0.1784183830022812,100.0,5.138311386108398,-0.0049275364726781845,3.3313121795654297,0.0,0.9993364214897156
996,,,,,,,,-2.282741069793701,9.999999747378752e-05,-0.008623985573649406,0.7625710368156433,0.08138585090637207,0.010600090026855469,1043.0,0.17859996855258942,100.0,5.155006408691406,-0.005030014552175999,3.19708514213562,0.0,0.9990559220314026
997,,,,,,,,-2.272961378097534,2.9629629352712072e-05,-0.038630012422800064,0.4857899248600006,0.07612299919128418,0.010626077651977539,1106.0,0.17891356348991394,100.0,5.155006408691406,-0.004616893362253904,1.0313166379928589,0.0,0.9990763664245605
998,,,,,,,,-2.2682206630706787,1.975308623514138e-05,-0.022250909358263016,0.01247797254472971,0.07754087448120117,0.010810136795043945,1086.0,0.17888228595256805,100.0,5.133882999420166,-0.0054458328522741795,1.0342156991915985e-10,0.0,0.999021053314209
999,,,,,,,,-2.269650459289551,9.999999747378752e-05,-0.011515302583575249,0.5216948986053467,0.0867147445678711,0.010782003402709961,984.0,0.17881180346012115,100.0,5.19376802444458,-0.004944978281855583,0.2935914099216461,0.0,0.9993475079536438
1000,,,,,,,,-2.2713520526885986,2.9629629352712072e-05,-0.005667789839208126,1.2758355140686035,0.07926678657531738,0.011286020278930664,1060.0,0.17884697020053864,100.0,5.173548221588135,-0.005144167225807905,8.643204689025879,0.0,0.999009370803833
1001,,,,,,,,-2.2733638286590576,2.9629629352712072e-05,-0.01527971588075161,0.17278753221035004,0.07877969741821289,0.010389089584350586,1076.0,0.17880092561244965,100.0,5.173548221588135,-0.0045002964325249195,0.9404004216194153,0.0,0.9991147518157959
1002,,,,,,,,-2.2737202644348145,4.444444493856281e-05,-0.0039202990010380745,0.09051109105348587,0.07503676414489746,0.010106086730957031,1127.0,0.1789533495903015,100.0,5.173548221588135,-0.004550679121166468,0.0,0.0,0.9989543557167053
1003,-0.0051393695175647736,2.8597748279571533,0.0,0.9991192817687988,0.0,0.0,1.0,-2.267704963684082,4.444444493856281e-05,-0.01938888430595398,0.11734182387590408,0.0888681411743164,0.010267019271850586,968.0,0.17905902862548828,100.0,5.231902599334717,-0.0066756331361830235,0.33349844813346863,0.0,0.9993777871131897
1004,,,,,,,,-2.265138864517212,9.999999747378752e-05,-0.00881467666476965,1.4380353689193726,0.08223080635070801,0.011945962905883789,1019.0,0.17912742495536804,100.0,5.195789337158203,-0.005080736707895994,6.79461669921875,0.0,0.9990115165710449
1005,,,,,,,,-2.2634010314941406,2.9629629352712072e-05,-0.030277850106358528,0.08030034601688385,0.08250117301940918,0.010670900344848633,1030.0,0.17904967069625854,100.0,5.195789337158203,-0.005041543394327164,0.9974218010902405,0.0,0.9991766810417175
1006,,,,,,,,-2.264847755432129,9.999999747378752e-05,-0.0004130966844968498,0.21676857769489288,0.07759308815002441,0.010926961898803711,1084.0,0.1790679544210434,100.0,5.195789337158203,-0.005305731203407049,0.0,0.0,0.9989721179008484
1007,,,,,,,,-2.261643886566162,4.444444493856281e-05,-0.010716184042394161,0.01814928650856018,0.08685111999511719,0.010481119155883789,986.0,0.1790759414434433,100.0,5.251780986785889,-0.0067743840627372265,0.3283653259277344,0.0,0.9993171691894531
1008,,,,,,,,-2.263390302658081,1.975308623514138e-05,-0.00844224076718092,1.5616270303726196,0.08391809463500977,0.01116800308227539,1009.0,0.1789616346359253,100.0,5.251780986785889,-0.0047561367973685265,5.8371100425720215,0.0,0.9991173148155212
1009,,,,,,,,-2.2644853591918945,6.666666740784422e-05,-0.016971450299024582,0.46634796261787415,0.08441901206970215,0.01055002212524414,1010.0,0.1790807545185089,100.0,5.268084526062012,-0.005193143617361784,3.118474245071411,0.0,0.9991673827171326
1010,,,,,,,,-2.2570958137512207,1.975308623514138e-05,-0.020034421235322952,0.7220062017440796,0.07612204551696777,0.010452032089233398,1108.0,0.1793310046195984,100.0,5.268084526062012,-0.004431983921676874,3.0704338550567627,0.0,0.9989824295043945
1011,,,,,,,,-2.2515954971313477,4.444444493856281e-05,-0.015506016090512276,0.022518092766404152,0.08390665054321289,0.010795116424560547,1013.0,0.17944523692131042,100.0,5.270561695098877,-0.004798888694494963,0.14310532808303833,0.0,0.9992243647575378
1012,,,,,,,,-2.2479147911071777,2.9629629352712072e-05,-0.02460627257823944,1.7565388679504395,0.08217597007751465,0.011211156845092773,1027.0,0.1795617640018463,100.0,5.326549053192139,-0.00517943874001503,6.373159885406494,0.0,0.9991647601127625
1013,,,,,,,,-2.2399742603302,9.999999747378752e-05,-0.003692932426929474,0.030855461955070496,0.0823209285736084,0.01040506362915039,1035.0,0.18006160855293274,100.0,5.351543426513672,-0.005212546791881323,0.1266329139471054,0.0,0.9991889595985413
1014,,,,,,,,-2.222158193588257,4.444444493856281e-05,-0.010454473085701466,0.08153194934129715,0.07609391212463379,0.011057853698730469,1101.0,0.18016056716442108,100.0,5.351543426513672,-0.005127775017172098,0.028845665976405144,0.0,0.9991002678871155
1015,,,,,,,,-2.2201051712036133,4.444444493856281e-05,-0.027063632383942604,0.01554068736732006,0.08257102966308594,0.010626792907714844,1030.0,0.18017256259918213,100.0,5.415064334869385,-0.005440620239824057,0.002775138011202216,0.0,0.999228298664093
1016,,,,,,,,-2.2154312133789062,2.9629629352712072e-05,-0.012363008223474026,1.046199083328247,0.08356380462646484,0.010882139205932617,1016.0,0.18035155534744263,100.0,5.416785717010498,-0.00549314683303237,6.038926601409912,0.0,0.9992942810058594
1017,,,,,,,,-2.209994077682495,6.666666740784422e-05,-0.00033937543048523366,0.6111348271369934,0.08081889152526855,0.010270833969116211,1053.0,0.18043436110019684,100.0,5.3628926277160645,-0.005007952451705933,2.929854154586792,0.0,0.9991269111633301
1018,,,,,,,,-2.2075858116149902,4.444444493856281e-05,-0.01193858589977026,0.5982888340950012,0.07631421089172363,0.010102987289428711,1110.0,0.1805463582277298,100.0,5.3628926277160645,-0.00541791832074523,3.069521903991699,0.0,0.9990453720092773
1019,,,,,,,,-2.2032814025878906,2.9629629352712072e-05,-0.017384206876158714,0.009927420876920223,0.08151793479919434,0.010086297988891602,1047.0,0.18066997826099396,100.0,5.4696784019470215,-0.004769974388182163,2.1252521946735214e-06,0.0,0.9991097450256348
1020,,,,,,,,-2.203186273574829,9.999999747378752e-05,-0.004457138944417238,0.982507050037384,0.0828239917755127,0.010183095932006836,1032.0,0.18047843873500824,100.0,5.5259785652160645,-0.00557565176859498,3.2925994396209717,0.0,0.9993389248847961
1021,,,,,,,,-2.2170331478118896,1.975308623514138e-05,-0.040254928171634674,0.13079607486724854,0.07920670509338379,0.010979175567626953,1064.0,0.18023931980133057,100.0,5.539425373077393,-0.006201382726430893,0.1031961739063263,0.0,0.9992111325263977
1022,,,,,,,,-2.223978042602539,9.999999747378752e-05,-0.008368524722754955,0.7991040945053101,0.07624411582946777,0.010650873184204102,1104.0,0.18009090423583984,100.0,5.539425373077393,-0.004615199752151966,3.104907989501953,0.0,0.9991726875305176
1023,,,,,,,,-2.234266757965088,2.9629629352712072e-05,-0.02659785933792591,0.05925954505801201,0.07944703102111816,0.01092982292175293,1062.0,0.1799190789461136,100.0,5.5428900718688965,-0.0055260248482227325,2.0293254576753128e-10,0.0,0.9991030693054199
1024,,,,,,,,-2.238069534301758,6.666666740784422e-05,-0.006981465965509415,0.22656606137752533,0.08599710464477539,0.010638952255249023,993.0,0.17983341217041016,100.0,5.526764392852783,-0.005030695348978043,0.3176408112049103,0.0,0.9994542598724365
1025,,,,,,,,-2.2475318908691406,0.00022499999613501132,-0.007252214942127466,0.42872536182403564,0.0814049243927002,0.011460065841674805,1033.0,0.17936688661575317,100.0,5.583515167236328,-0.005162491928786039,2.727618932723999,0.0,0.9991989135742188
1026,,,,,,,,-2.272451639175415,2.9629629352712072e-05,-0.01785128004848957,0.4349340498447418,0.07950115203857422,0.010892868041992188,1062.0,0.17908814549446106,100.0,5.583515167236328,-0.004766624420881271,0.12247882038354874,0.0,0.999198853969574
1027,,,,,,,,-2.275012493133545,2.9629629352712072e-05,-0.020355794578790665,0.2604217827320099,0.07599902153015137,0.010628938674926758,1108.0,0.1792459487915039,100.0,5.583515167236328,-0.00498809153214097,3.0293843746185303,0.0,0.9990499019622803
1028,-0.005174993071705103,0.974483072757721,0.0,0.9992590546607971,0.0,0.0,1.0,-2.2651596069335938,2.9629629352712072e-05,-0.017190128564834595,0.1059626042842865,0.0887761116027832,0.010833978652954102,963.0,0.17952126264572144,100.0,5.577277183532715,-0.0061835311353206635,0.2508693337440491,0.0,0.9993519186973572
1029,,,,,,,,-2.2518911361694336,6.666666740784422e-05,-0.012689443305134773,0.8979576230049133,0.07740187644958496,0.01065516471862793,1090.0,0.17986266314983368,100.0,5.616092205047607,-0.004896215628832579,5.214569091796875,0.0,0.9990723133087158
1030,,,,,,,,-2.2405853271484375,1.975308623514138e-05,-0.03581665828824043,0.08781405538320541,0.07995009422302246,0.01019287109375,1064.0,0.17994233965873718,100.0,5.616092205047607,-0.00475655822083354,0.17778469622135162,0.0,0.9992208480834961
1031,,,,,,,,-2.239722967147827,4.444444493856281e-05,-0.008790014311671257,0.25266551971435547,0.07628417015075684,0.010215997695922852,1109.0,0.17988869547843933,100.0,5.616092205047607,-0.004510692786425352,2.4005773067474365,0.0,0.9990178942680359
1032,,,,,,,,-2.2377047538757324,0.0001500000071246177,-0.011056927032768726,0.15642982721328735,0.08350682258605957,0.010529041290283203,1020.0,0.18010291457176208,100.0,5.607815265655518,-0.005587446037679911,0.3286861479282379,0.0,0.9993849396705627
1033,,,,,,,,-2.2249579429626465,2.9629629352712072e-05,-0.017357155680656433,0.6155353784561157,0.08079695701599121,0.01061701774597168,1050.0,0.18022623658180237,100.0,5.607815265655518,-0.004461757373064756,2.8429787158966064,0.0,0.9992549419403076
1034,,,,,,,,-2.2220919132232666,0.0001500000071246177,-0.011072544381022453,0.33293232321739197,0.07976031303405762,0.010082006454467773,1068.0,0.18022677302360535,100.0,5.654308795928955,-0.005117112770676613,0.18305446207523346,0.0,0.9992932677268982
1035,,,,,,,,-2.222524642944336,1.975308623514138e-05,-0.024034550413489342,0.19863906502723694,0.07673406600952148,0.010409832000732422,1101.0,0.18009284138679504,100.0,5.654308795928955,-0.004981744568794966,0.00014492122863885015,0.0,0.999173641204834
1036,,,,,,,,-2.227836847305298,6.666666740784422e-05,-0.010933215729892254,0.04366057738661766,0.08294820785522461,0.01050877571105957,1027.0,0.1799057424068451,100.0,5.604620933532715,-0.005655566696077585,0.1309577375650406,0.0,0.9993787407875061
1037,,,,,,,,-2.2420780658721924,4.444444493856281e-05,-0.02633475512266159,0.7178123593330383,0.0836789608001709,0.010874032974243164,1015.0,0.1794806867837906,100.0,5.6050214767456055,-0.005048622377216816,3.2756688594818115,0.0,0.9993335604667664
1038,,,,,,,,-2.261878252029419,6.666666740784422e-05,-0.011139987036585808,0.794547438621521,0.08084464073181152,0.010539054870605469,1050.0,0.17905747890472412,100.0,5.5677714347839355,-0.005247824359685183,3.224827527999878,0.0,0.9991753697395325
1039,,,,,,,,-2.2794179916381836,2.9629629352712072e-05,-0.016658436506986618,0.6273630261421204,0.07601213455200195,0.010802745819091797,1105.0,0.17886357009410858,100.0,5.5677714347839355,-0.0049177659675478935,3.0291566848754883,0.0,0.9990348815917969
1040,,,,,,,,-2.2847681045532227,2.9629629352712072e-05,-0.019338902086019516,0.01183660514652729,0.08326482772827148,0.010215997695922852,1026.0,0.1789010912179947,100.0,5.623773574829102,-0.005818301346153021,0.0033518215641379356,0.0,0.9992095828056335
1041,,,,,,,,-2.2825663089752197,4.444444493856281e-05,-0.013383871875703335,0.69136643409729,0.08072018623352051,0.010168075561523438,1056.0,0.178886279463768,100.0,5.682532787322998,-0.005811899900436401,3.1881496906280518,0.0,0.9993003010749817
1042,,,,,,,,-2.2835164070129395,0.0001500000071246177,-0.009099259972572327,0.04834314063191414,0.07992696762084961,0.010820865631103516,1057.0,0.17874467372894287,100.0,5.6836137771606445,-0.005433493759483099,0.01265354547649622,0.0,0.999204695224762
1043,,,,,,,,-2.289034366607666,4.444444493856281e-05,-0.017272768542170525,0.09624727815389633,0.07414698600769043,0.010118961334228516,1139.0,0.1785457730293274,100.0,5.6836137771606445,-0.004322662018239498,0.14773838222026825,0.0,0.9991886615753174
1044,,,,,,,,-2.294793128967285,0.0001500000071246177,-0.011526549234986305,0.02445296011865139,0.08077812194824219,0.010163068771362305,1055.0,0.17830653488636017,100.0,5.676180362701416,-0.004486671183258295,2.3409008917951724e-06,0.0,0.9992300868034363
1045,,,,,,,,-2.310591697692871,2.9629629352712072e-05,-0.021045038476586342,1.631105899810791,0.08248710632324219,0.010487079620361328,1032.0,0.17803233861923218,100.0,5.627498626708984,-0.005500535015016794,3.3240063190460205,0.0,0.9993141293525696
1046,,,,,,,,-2.3240911960601807,9.999999747378752e-05,-0.012311389669775963,0.44304490089416504,0.08114767074584961,0.010668039321899414,1045.0,0.17769423127174377,100.0,5.627555847167969,-0.004914323333650827,3.2298707962036133,0.0,0.9991009831428528
1047,,,,,,,,-2.3441410064697266,4.444444493856281e-05,-0.022426649928092957,0.1714680939912796,0.07688403129577637,0.01034998893737793,1100.0,0.17747966945171356,100.0,5.627555847167969,-0.004364634398370981,0.18900258839130402,0.0,0.9991256594657898
1048,,,,,,,,-2.3523998260498047,2.9629629352712072e-05,-0.020148886367678642,0.05101548135280609,0.07754707336425781,0.01048898696899414,1090.0,0.17737288773059845,100.0,5.685373306274414,-0.005275416653603315,2.6725265911409224e-07,0.0,0.9990696907043457
1049,,,,,,,,-2.3575291633605957,6.666666740784422e-05,-0.007648194674402475,0.2882731258869171,0.08697271347045898,0.010656118392944336,983.0,0.17721028625965118,100.0,5.685577392578125,-0.00589881232008338,0.36318811774253845,0.0,0.9994708895683289
1050,,,,,,,,-2.3680453300476074,2.9629629352712072e-05,-0.012573262676596642,0.7295246720314026,0.07936286926269531,0.010822057723999023,1064.0,0.17698995769023895,100.0,5.686148166656494,-0.004692073445767164,3.4413938522338867,0.0,0.999189555644989
1051,,,,,,,,-2.379034996032715,6.666666740784422e-05,-0.012139379046857357,0.1535700112581253,0.07943391799926758,0.011481046676635742,1055.0,0.17665399610996246,100.0,5.686148166656494,-0.0047688051126897335,0.18972359597682953,0.0,0.9992024302482605
1052,,,,,,,,-2.3908212184906006,6.666666740784422e-05,-0.008389024063944817,0.025238024070858955,0.07572507858276367,0.010879039764404297,1108.0,0.1765272468328476,100.0,5.686148166656494,-0.004503530450165272,0.00019321840954944491,0.0,0.999089241027832
1053,-0.005160414148122072,1.2178467512130737,0.0,0.999213695526123,0.0,0.0,1.0,-2.3905701637268066,1.975308623514138e-05,-0.009675833396613598,0.14309555292129517,0.08638119697570801,0.010413885116577148,991.0,0.1766202747821808,100.0,5.645647048950195,-0.006369987037032843,0.33005857467651367,0.0,0.9994577765464783
1054,,,,,,,,-2.3895397186279297,2.9629629352712072e-05,-0.005744476802647114,0.6799486875534058,0.07750391960144043,0.010107994079589844,1095.0,0.17667940258979797,100.0,5.645758628845215,-0.0048035611398518085,3.14901065826416,0.0,0.9992273449897766
1055,,,,,,,,-2.389943838119507,4.444444493856281e-05,-0.02138141728937626,0.11056292057037354,0.07966089248657227,0.010117053985595703,1069.0,0.17666342854499817,100.0,5.645758628845215,-0.004484295845031738,0.11561108380556107,0.0,0.9992430806159973
1056,,,,,,,,-2.393371105194092,4.444444493856281e-05,-0.01457876618951559,0.5306293964385986,0.0762629508972168,0.01066899299621582,1104.0,0.1766110211610794,100.0,5.645758628845215,-0.004603465553373098,3.0265657901763916,0.0,0.9990296363830566
1057,,,,,,,,-2.3951210975646973,2.9629629352712072e-05,-0.007560094352811575,0.16887354850769043,0.08462786674499512,0.010250091552734375,1011.0,0.1766206920146942,100.0,5.587172508239746,-0.006588207092136145,0.33013561367988586,0.0,0.9993569254875183
1058,,,,,,,,-2.397545337677002,2.9629629352712072e-05,-0.011367336846888065,1.2970527410507202,0.08273506164550781,0.010682106018066406,1027.0,0.17648297548294067,100.0,5.587172508239746,-0.004803607240319252,6.266038417816162,0.0,0.9990754723548889
1059,,,,,,,,-2.404303550720215,1.975308623514138e-05,-0.014881053008139133,0.6465644836425781,0.0808110237121582,0.010421037673950195,1052.0,0.17641861736774445,100.0,5.64448356628418,-0.005216659978032112,3.2912938594818115,0.0,0.9991495609283447
1060,,,,,,,,-2.4058775901794434,1.975308623514138e-05,-0.022359319031238556,0.020149629563093185,0.07486414909362793,0.01028299331665039,1127.0,0.17642168700695038,100.0,5.64448356628418,-0.004533340688794851,8.262600022135302e-05,0.0,0.9990734457969666
1061,,,,,,,,-2.40677809715271,4.444444493856281e-05,-0.014507223851978779,0.022881140932440758,0.08158421516418457,0.010093927383422852,1047.0,0.17633585631847382,100.0,5.647033214569092,-0.004857657942920923,0.1340164989233017,0.0,0.9992516040802002
1062,,,,,,,,-2.4089877605438232,6.666666740784422e-05,-0.010961930267512798,0.7878642082214355,0.08138394355773926,0.01007223129272461,1049.0,0.17633983492851257,100.0,5.707089900970459,-0.005868400912731886,3.4902656078338623,0.0,0.9992920756340027
1063,,,,,,,,-2.4070382118225098,4.444444493856281e-05,-0.01178047712892294,0.7049587368965149,0.08136487007141113,0.010350227355957031,1046.0,0.17651592195034027,100.0,5.649256706237793,-0.0047735851258039474,3.2784929275512695,0.0,0.9991571307182312
1064,,,,,,,,-2.4011754989624023,2.9629629352712072e-05,-0.014822440221905708,0.47948363423347473,0.07745218276977539,0.011661767959594727,1077.0,0.17669305205345154,100.0,5.649256706237793,-0.004431037697941065,2.937438726425171,0.0,0.9990034103393555
1065,,,,,,,,-2.394378185272217,4.444444493856281e-05,-0.023247715085744858,0.02250564470887184,0.08308100700378418,0.010873079299926758,1021.0,0.1768268346786499,100.0,5.652690887451172,-0.005106078460812569,0.002748616971075535,0.0,0.999178409576416
1066,,,,,,,,-2.3881773948669434,2.9629629352712072e-05,-0.016157323494553566,0.7779982686042786,0.08139634132385254,0.010857820510864258,1040.0,0.17698079347610474,100.0,5.71266508102417,-0.005562216509133577,3.420659303665161,0.0,0.999262273311615
1067,,,,,,,,-2.384164333343506,2.9629629352712072e-05,-0.02148001827299595,0.504193127155304,0.08081889152526855,0.010469913482666016,1051.0,0.17702634632587433,100.0,5.71061372756958,-0.00486119044944644,2.969489097595215,0.0,0.9990856647491455
1068,,,,,,,,-2.383272409439087,4.444444493856281e-05,-0.020961206406354904,0.14055697619915009,0.07662796974182129,0.01034402847290039,1103.0,0.17713294923305511,100.0,5.71061372756958,-0.004603821784257889,0.17355762422084808,0.0,0.999090850353241
1069,,,,,,,,-2.38238787651062,6.666666740784422e-05,-0.011626780964434147,0.10106083750724792,0.0871889591217041,0.011196136474609375,975.0,0.1770504117012024,100.0,5.692140579223633,-0.005416421219706535,1.912269681270118e-06,0.0,0.9991434216499329
1070,,,,,,,,-2.390132188796997,2.9629629352712072e-05,0.0011605694890022278,1.5981101989746094,0.08284592628479004,0.010283946990966797,1030.0,0.17697842419147491,100.0,5.690057277679443,-0.0055131311528384686,6.436410903930664,0.0,0.9993022084236145
1071,,,,,,,,-2.389972686767578,9.999999747378752e-05,-0.009001264348626137,0.8076485991477966,0.0821082592010498,0.010742902755737305,1033.0,0.1770235151052475,100.0,5.632028102874756,-0.005364641547203064,3.2546348571777344,0.0,0.9990474581718445
1072,,,,,,,,-2.377138376235962,2.9629629352712072e-05,-0.011634448543190956,0.6051327586174011,0.0769650936126709,0.011187076568603516,1089.0,0.177251398563385,100.0,5.632028102874756,-0.004773443564772606,3.206899881362915,0.0,0.999037504196167
1073,,,,,,,,-2.3681750297546387,4.444444493856281e-05,-0.00676161702722311,0.06692919880151749,0.0781559944152832,0.010320901870727539,1085.0,0.17744994163513184,100.0,5.634396553039551,-0.005622756201773882,1.240265112834038e-10,0.0,0.9989482760429382
1074,,,,,,,,-2.362274169921875,4.444444493856281e-05,-0.01729535311460495,0.7467616200447083,0.08628606796264648,0.010122060775756836,995.0,0.17753465473651886,100.0,5.636361122131348,-0.005163438152521849,0.33121034502983093,0.0,0.9993216395378113
1075,,,,,,,,-2.3618643283843994,4.444444493856281e-05,-0.018322860822081566,0.9857038259506226,0.0789339542388916,0.010627031326293945,1071.0,0.177519291639328,100.0,5.677717685699463,-0.004782696720212698,6.232343673706055,0.0,0.9990593791007996
1076,,,,,,,,-2.367084264755249,2.9629629352712072e-05,-0.01104491576552391,0.3398616909980774,0.07802295684814453,0.01047825813293457,1084.0,0.177290141582489,100.0,5.677717685699463,-0.004296975210309029,0.2705268859863281,0.0,0.9991852641105652
1077,,,,,,,,-2.377636194229126,6.666666740784422e-05,-0.017979664728045464,0.049655281007289886,0.07450485229492188,0.010280132293701172,1132.0,0.17698529362678528,100.0,5.677717685699463,-0.004193510860204697,1.7612571742198082e-31,0.0,0.9990302920341492
1078,-0.004728495609015226,2.100337266921997,0.0,0.9991631507873535,0.0,0.0,1.0,-2.3915512561798096,4.444444493856281e-05,-0.02517548017203808,0.11668553203344345,0.08892011642456055,0.010869979858398438,962.0,0.17666079103946686,100.0,5.734507083892822,-0.005983645096421242,0.2945031225681305,0.0,0.9994182586669922
1079,,,,,,,,-2.4022934436798096,4.444444493856281e-05,-0.03361896052956581,1.0015727281570435,0.07941102981567383,0.010512828826904297,1067.0,0.17660406231880188,100.0,5.726369857788086,-0.004667177330702543,6.093900203704834,0.0,0.9990513920783997
1080,,,,,,,,-2.405123710632324,1.975308623514138e-05,-0.01175370067358017,0.0959211140871048,0.0802910327911377,0.010589122772216797,1056.0,0.17659226059913635,100.0,5.726369857788086,-0.005773663520812988,1.0837990045547485,0.0,0.9992015957832336
1081,,,,,,,,-2.4047319889068604,4.444444493856281e-05,-0.011026836931705475,0.6320580840110779,0.07537007331848145,0.010040998458862305,1123.0,0.17675486207008362,100.0,5.726369857788086,-0.004620776046067476,4.117865728403558e-07,0.0,0.998920738697052
1082,,,,,,,,-2.397347927093506,2.9629629352712072e-05,-0.011261815205216408,0.2959117293357849,0.08334684371948242,0.01019287109375,1026.0,0.17693564295768738,100.0,5.749463081359863,-0.005715254694223404,0.35617390275001526,0.0,0.9993200302124023
1083,,,,,,,,-2.397376775741577,6.666666740784422e-05,-0.01809750311076641,0.7723578214645386,0.07967591285705566,0.01032400131225586,1066.0,0.1768549233675003,100.0,5.749463081359863,-0.004346484784036875,3.294598340988159,0.0,0.9991801381111145
1084,,,,,,,,-2.4094555377960205,9.999999747378752e-05,-0.010213017463684082,0.10792891681194305,0.08054089546203613,0.010410070419311523,1055.0,0.17645536363124847,100.0,5.765822410583496,-0.0049588121473789215,0.11744239181280136,0.0,0.9992230534553528
1085,,,,,,,,-2.424607753753662,1.975308623514138e-05,-0.028249025344848633,0.5679196715354919,0.07610392570495605,0.010174036026000977,1112.0,0.1763451248407364,100.0,5.765822410583496,-0.00488752918317914,3.239063262939453,0.0,0.9990005493164062
1086,,,,,,,,-2.428889751434326,6.666666740784422e-05,-0.012226252816617489,0.033396411687135696,0.08330702781677246,0.010775089263916016,1020.0,0.176146000623703,100.0,5.765422821044922,-0.00485512288287282,0.158529594540596,0.0,0.9992579817771912
1087,,,,,,,,-2.4377434253692627,1.316872385359602e-05,-0.025116970762610435,2.1235387325286865,0.08129191398620605,0.010837078094482422,1042.0,0.175982266664505,100.0,5.709539413452148,-0.004858262371271849,4.3360676765441895,0.0,0.999093234539032
1088,,,,,,,,-2.4386069774627686,2.9629629352712072e-05,-0.014669448137283325,0.03211045265197754,0.08017706871032715,0.01069784164428711,1056.0,0.1759996861219406,100.0,5.716323375701904,-0.005268773064017296,0.1162862554192543,0.0,0.9991441369056702
1089,,,,,,,,-2.433232545852661,4.444444493856281e-05,-0.009717106819152832,0.5318017601966858,0.07662010192871094,0.01078486442565918,1098.0,0.176143616437912,100.0,5.716323375701904,-0.004889966454356909,3.1312904357910156,0.0,0.9989389777183533
1090,,,,,,,,-2.4226157665252686,4.444444493856281e-05,-0.013099642470479012,0.012365133501589298,0.0839388370513916,0.010319232940673828,1018.0,0.17641711235046387,100.0,5.716497898101807,-0.00529403006657958,0.002884038956835866,0.0,0.9991433024406433
1091,,,,,,,,-2.4102792739868164,0.0001500000071246177,-0.015980254858732224,0.7978079915046692,0.08309006690979004,0.010495901107788086,1025.0,0.17663131654262543,100.0,5.659372806549072,-0.0051899137906730175,3.601526975631714,0.0,0.9992591738700867
1092,,,,,,,,-2.4014110565185547,2.9629629352712072e-05,-0.021918853744864464,0.09093225747346878,0.08029007911682129,0.010161876678466797,1061.0,0.17664384841918945,100.0,5.660943984985352,-0.005464707966893911,0.02001335285604,0.0,0.9991661906242371
1093,,,,,,,,-2.3996059894561768,1.975308623514138e-05,-0.01639736443758011,0.4974992275238037,0.07575511932373047,0.010442018508911133,1113.0,0.17665711045265198,100.0,5.660943984985352,-0.004804407712072134,3.1645004749298096,0.0,0.9990098476409912
1094,,,,,,,,-2.397040367126465,6.666666740784422e-05,-0.0105753717944026,0.008541801013052464,0.08138084411621094,0.010235071182250977,1047.0,0.17682239413261414,100.0,5.66408109664917,-0.005541086662560701,1.7146785467048176e-06,0.0,0.9990836977958679
1095,,,,,,,,-2.3849093914031982,2.9629629352712072e-05,-0.02685011364519596,0.7558653354644775,0.08399105072021484,0.010076045989990234,1020.0,0.17705461382865906,100.0,5.648252487182617,-0.005453887861222029,3.396756410598755,0.0,0.9993095397949219
1096,,,,,,,,-2.3769783973693848,4.444444493856281e-05,-0.022403329610824585,0.5947295427322388,0.08032679557800293,0.010650157928466797,1055.0,0.17708265781402588,100.0,5.704415798187256,-0.005344206001609564,3.3316619396209717,0.0,0.9990606307983398
1097,,,,,,,,-2.3788840770721436,4.444444493856281e-05,-0.014211524277925491,0.9182058572769165,0.07724428176879883,0.01069188117980957,1091.0,0.1769038289785385,100.0,5.704415798187256,-0.004563482943922281,1.0712110996246338,0.0,0.9990453720092773
1098,,,,,,,,-2.386366367340088,0.0001500000071246177,-0.01766127347946167,0.016515839844942093,0.07732510566711426,0.010233163833618164,1096.0,0.1766022890806198,100.0,5.649208068847656,-0.005108989309519529,1.625692774842591e-10,0.0,0.9989795684814453
1099,,,,,,,,-2.395939826965332,1.316872385359602e-05,-0.011951747350394726,0.3175889849662781,0.08629918098449707,0.010164976119995117,995.0,0.1764664351940155,100.0,5.710919380187988,-0.005476910155266523,0.39772239327430725,0.0,0.9993679523468018
1100,,,,,,,,-2.3966064453125,9.999999747378752e-05,-0.011735035106539726,0.4734261929988861,0.07879233360290527,0.010123968124389648,1079.0,0.17658111453056335,100.0,5.711617469787598,-0.00553642213344574,3.189490556716919,0.0,0.9991186261177063
1101,,,,,,,,-2.395660161972046,1.316872385359602e-05,-0.03404690697789192,0.6379498839378357,0.08005499839782715,0.010301828384399414,1062.0,0.17663682997226715,100.0,5.711617469787598,-0.005018007941544056,0.1205793246626854,0.0,0.9990987777709961
1102,,,,,,,,-2.3962512016296387,4.444444493856281e-05,-0.012998315505683422,0.2265307754278183,0.07565712928771973,0.01051187515258789,1114.0,0.1766011118888855,100.0,5.711617469787598,-0.004668320529162884,3.0295753479003906,0.0,0.9989367127418518
1103,-0.005134081933647394,1.147910714149475,0.0,0.9991651177406311,0.0,0.0,1.0,-2.4023149013519287,1.975308623514138e-05,-0.014924345538020134,0.46986016631126404,0.08785200119018555,0.010317802429199219,977.0,0.17647993564605713,100.0,5.6551513671875,-0.006308010313659906,1.3100651502609253,0.0,0.9992930889129639
1104,,,,,,,,-2.4053895473480225,6.666666740784422e-05,-0.011094470508396626,0.8353557586669922,0.07844996452331543,0.010477066040039062,1079.0,0.17645442485809326,100.0,5.695800304412842,-0.00579702528193593,0.160905122756958,0.0,0.99908047914505
1105,,,,,,,,-2.404968023300171,2.9629629352712072e-05,-0.029236432164907455,0.20312722027301788,0.07967209815979004,0.0101470947265625,1068.0,0.17646606266498566,100.0,5.695800304412842,-0.005143460351973772,0.1912481188774109,0.0,0.9991796016693115
1106,,,,,,,,-2.404569625854492,2.9629629352712072e-05,-0.016799569129943848,0.022162187844514847,0.0743098258972168,0.010426044464111328,1132.0,0.1765175312757492,100.0,5.695800304412842,-0.004831095691770315,8.282611815957353e-05,0.0,0.9989490509033203
1107,,,,,,,,-2.4047441482543945,2.9629629352712072e-05,-0.01735256239771843,0.07671530544757843,0.08300495147705078,0.010149002075195312,1030.0,0.1765209138393402,100.0,5.5524420738220215,-0.006169816479086876,0.2840821146965027,0.0,0.999326765537262
1108,,,,,,,,-2.4068820476531982,6.666666740784422e-05,-0.008680125698447227,1.446000576019287,0.08232283592224121,0.010168075561523438,1037.0,0.17647939920425415,100.0,5.5524420738220215,-0.004924444947391748,6.547161102294922,0.0,0.9990771412849426
1109,,,,,,,,-2.408027410507202,1.975308623514138e-05,-0.03327646106481552,0.468089759349823,0.08074116706848145,0.010406017303466797,1053.0,0.17647969722747803,100.0,5.538045406341553,-0.0054959761910140514,3.3117516040802,0.0,0.9990568161010742
1110,,,,,,,,-2.408686399459839,6.666666740784422e-05,-0.005937075242400169,0.4891527593135834,0.07521986961364746,0.010222196578979492,1123.0,0.17638757824897766,100.0,5.538045406341553,-0.00472970400005579,3.183128595352173,0.0,0.9987649917602539
1111,,,,,,,,-2.410845994949341,0.0001500000071246177,-0.025813329964876175,0.038129772990942,0.08349370956420898,0.010727167129516602,1018.0,0.17636144161224365,100.0,5.549845218658447,-0.005511028226464987,0.14446315169334412,0.0,0.9990927577018738
1112,,,,,,,,-2.4202001094818115,2.9629629352712072e-05,-0.016588911414146423,1.9036495685577393,0.08241391181945801,0.010187864303588867,1036.0,0.1760067194700241,100.0,5.593740940093994,-0.0052019101567566395,4.315863132476807,0.0,0.9990717768669128
1113,,,,,,,,-2.432708501815796,4.444444493856281e-05,-0.004634978715330362,0.4556007385253906,0.08059430122375488,0.010369062423706055,1055.0,0.17579732835292816,100.0,5.637923240661621,-0.004796929191797972,3.263848066329956,0.0,0.9990270733833313
1114,,,,,,,,-2.4413211345672607,2.9629629352712072e-05,-0.014886239543557167,0.46435630321502686,0.07494497299194336,0.010627031326293945,1121.0,0.17566293478012085,100.0,5.637923240661621,-0.004388229921460152,3.1270620822906494,0.0,0.9988512396812439
1115,,,,,,,,-2.4437787532806396,4.444444493856281e-05,-0.012874972075223923,0.009976190514862537,0.0826261043548584,0.010519027709960938,1030.0,0.17574626207351685,100.0,5.606235980987549,-0.005760620813816786,0.0034466052893549204,0.0,0.9990481734275818
1116,,,,,,,,-2.4434101581573486,4.444444493856281e-05,-0.01373514998704195,0.9965081214904785,0.0825338363647461,0.010431051254272461,1032.0,0.17569458484649658,100.0,5.609844207763672,-0.005692887585610151,6.663686275482178,0.0,0.9991605877876282
1117,,,,,,,,-2.4458911418914795,2.9629629352712072e-05,-0.021318338811397552,0.4133119285106659,0.08244490623474121,0.01311492919921875,1004.0,0.1756288707256317,100.0,5.609049320220947,-0.005017961375415325,3.0777623653411865,0.0,0.9990066885948181
1118,,,,,,,,-2.447510004043579,4.444444493856281e-05,-0.008076384663581848,0.15184563398361206,0.07753634452819824,0.010313034057617188,1092.0,0.17558419704437256,100.0,5.609049320220947,-0.004650923889130354,0.1722688227891922,0.0,0.9989936947822571
1119,,,,,,,,-2.4515576362609863,2.9629629352712072e-05,-0.02029184252023697,0.055642928928136826,0.08244180679321289,0.010878324508666992,1028.0,0.17544586956501007,100.0,5.613570690155029,-0.005699235945940018,1.7339219766654423e-06,0.0,0.9990034103393555
1120,,,,,,,,-2.454530715942383,6.666666740784422e-05,-0.017207354307174683,0.6313869953155518,0.08221793174743652,0.011139154434204102,1028.0,0.17549368739128113,100.0,5.6708149909973145,-0.005204224959015846,1.4618271589279175,0.0,0.9993657469749451
1121,,,,,,,,-2.4518251419067383,4.444444493856281e-05,-0.02115393429994583,0.4104108214378357,0.08086705207824707,0.010321855545043945,1052.0,0.17565323412418365,100.0,5.6713433265686035,-0.0049301390536129475,0.11114253848791122,0.0,0.9992466568946838
1122,,,,,,,,-2.448908805847168,0.0001500000071246177,-0.007683964911848307,0.5964568257331848,0.07650470733642578,0.010351181030273438,1105.0,0.17574521899223328,100.0,5.6713433265686035,-0.004474711138755083,3.3257808685302734,0.0,0.9991028308868408
1123,,,,,,,,-2.4496285915374756,4.444444493856281e-05,-0.01756524108350277,0.021059714257717133,0.07841277122497559,0.010794878005981445,1076.0,0.17577293515205383,100.0,5.585544586181641,-0.005268251523375511,1.412349126539425e-10,0.0,0.9989700317382812
1124,,,,,,,,-2.4561259746551514,9.999999747378752e-05,-0.005677498877048492,0.8427854776382446,0.08668208122253418,0.010508060455322266,987.0,0.17548015713691711,100.0,5.5295000076293945,-0.00513791386038065,0.28291431069374084,0.0,0.9993429183959961
1125,,,,,,,,-2.471188545227051,4.444444493856281e-05,0.008528666570782661,1.2003490924835205,0.08097505569458008,0.010430097579956055,1050.0,0.17537681758403778,100.0,5.534237861633301,-0.004844015929847956,9.614485740661621,0.0,0.9989593029022217
1126,,,,,,,,-2.4775891304016113,4.444444493856281e-05,-0.0060956524685025215,1.0764508247375488,0.07861089706420898,0.010416030883789062,1078.0,0.1750045120716095,100.0,5.534237861633301,-0.0050709242932498455,3.2732789516448975,0.0,0.9990389943122864
1127,,,,,,,,-2.4898781776428223,6.666666740784422e-05,-0.008586102165281773,0.16346296668052673,0.0760657787322998,0.010560035705566406,1108.0,0.17467214167118073,100.0,5.534237861633301,-0.004428992513567209,0.0,0.0,0.9988200664520264
1128,-0.005096613895148039,3.167167901992798,0.0,0.9990318417549133,0.0,0.0,1.0,-2.5033531188964844,4.444444493856281e-05,-0.008939175866544247,0.14022991061210632,0.08895015716552734,0.010393857955932617,966.0,0.17425677180290222,100.0,5.659082889556885,-0.005813866853713989,0.32073840498924255,0.0,0.9992912411689758
1129,,,,,,,,-2.5150609016418457,4.444444493856281e-05,-0.014589974656701088,1.484410047531128,0.08189105987548828,0.011473894119262695,1028.0,0.17407295107841492,100.0,5.662304878234863,-0.004820128902792931,9.401493072509766,0.0,0.998953640460968
1130,,,,,,,,-2.5208990573883057,6.666666740784422e-05,-0.007660323288291693,0.2184576541185379,0.0803987979888916,0.010376930236816406,1057.0,0.1740693747997284,100.0,5.662304878234863,-0.00512355612590909,0.16557097434997559,0.0,0.9991018772125244
1131,,,,,,,,-2.5214221477508545,1.316872385359602e-05,-0.02743832767009735,0.415583997964859,0.0761878490447998,0.010983943939208984,1101.0,0.17410564422607422,100.0,5.662304878234863,-0.004504153039306402,3.1168155670166016,0.0,0.9988131523132324
1132,,,,,,,,-2.5207040309906006,4.444444493856281e-05,-0.026433540508151054,0.26397278904914856,0.08431816101074219,0.011321067810058594,1003.0,0.17407754063606262,100.0,5.790496349334717,-0.006271094549447298,0.3413895070552826,0.0,0.999204158782959
1133,,,,,,,,-2.5190482139587402,1.975308623514138e-05,-0.006783678196370602,0.8932921290397644,0.08169078826904297,0.011333227157592773,1031.0,0.17412471771240234,100.0,5.790496349334717,-0.005174749996513128,3.2893574237823486,0.0,0.9991049766540527
1134,,,,,,,,-2.514429807662964,9.999999747378752e-05,-0.014364520087838173,0.3840859830379486,0.08136177062988281,0.010624170303344727,1043.0,0.17425991594791412,100.0,5.793008804321289,-0.004518607165664434,3.355499267578125,0.0,0.9990952610969543
1135,,,,,,,,-2.5066232681274414,2.9629629352712072e-05,-0.020525077357888222,0.4632202088832855,0.0772240161895752,0.011847972869873047,1077.0,0.17431727051734924,100.0,5.793008804321289,-0.004601536318659782,3.084892988204956,0.0,0.9988225102424622
1136,,,,,,,,-2.5038514137268066,1.975308623514138e-05,-0.005485839676111937,0.023072781041264534,0.08336305618286133,0.010524988174438477,1022.0,0.1743411421775818,100.0,5.757684707641602,-0.005172375589609146,0.1488318294286728,0.0,0.9990880489349365
1137,,,,,,,,-2.498922824859619,4.444444493856281e-05,-0.02164975367486477,1.1314218044281006,0.08053874969482422,0.010309219360351562,1056.0,0.1744781881570816,100.0,5.818889617919922,-0.005142951849848032,6.686343669891357,0.0,0.9990672469139099
1138,,,,,,,,-2.491452693939209,1.316872385359602e-05,-0.01538444310426712,0.16446103155612946,0.07993698120117188,0.010242700576782227,1064.0,0.17454135417938232,100.0,5.8319172859191895,-0.005179073195904493,0.14324498176574707,0.0,0.9990918636322021
1139,,,,,,,,-2.4888253211975098,4.444444493856281e-05,-0.015173172578215599,0.11912437528371811,0.07696700096130371,0.010390996932983398,1098.0,0.17461581528186798,100.0,5.8319172859191895,-0.004530246835201979,0.03328268229961395,0.0,0.9988973736763
1140,,,,,,,,-2.4839022159576416,1.975308623514138e-05,-0.024391455575823784,0.014524065889418125,0.08248496055603027,0.010674238204956055,1030.0,0.17469170689582825,100.0,5.902356147766113,-0.0049717118963599205,0.002705586841329932,0.0,0.9990522861480713
1141,,,,,,,,-2.485461950302124,2.9629629352712072e-05,-0.0011599496938288212,1.1135635375976562,0.08163905143737793,0.010265111923217773,1044.0,0.17455193400382996,100.0,5.902251720428467,-0.005294002592563629,6.803361415863037,0.0,0.9992033839225769
1142,,,,,,,,-2.4915056228637695,6.666666740784422e-05,-0.0103105204179883,0.4453623592853546,0.08064627647399902,0.010619878768920898,1051.0,0.1744573414325714,100.0,5.902127742767334,-0.00475116865709424,3.0052061080932617,0.0,0.9989933967590332
1143,,,,,,,,-2.491818428039551,2.9629629352712072e-05,-0.02193083055317402,0.4506019353866577,0.07615995407104492,0.010313987731933594,1110.0,0.1744939684867859,100.0,5.902127742767334,-0.00442002946510911,3.2506322860717773,0.0,0.9987890720367432
1144,,,,,,,,-2.4882497787475586,2.9629629352712072e-05,-0.02737315185368061,0.005082420073449612,0.08124303817749023,0.010603904724121094,1045.0,0.174600288271904,100.0,5.9673871994018555,-0.004942165222018957,1.5199120753095485e-06,0.0,0.9988231658935547
1145,,,,,,,,-2.4849228858947754,2.9629629352712072e-05,-0.015178521163761616,1.7307462692260742,0.08321881294250488,0.010575294494628906,1023.0,0.17462314665317535,100.0,5.96628475189209,-0.00510444724932313,6.488735675811768,0.0,0.9991759657859802
1146,,,,,,,,-2.486158847808838,2.9629629352712072e-05,-0.011064290069043636,0.6763519048690796,0.08111310005187988,0.010298728942871094,1050.0,0.1745205968618393,100.0,5.967446327209473,-0.004684522282332182,3.216566324234009,0.0,0.9989048838615417
1147,,,,,,,,-2.4891109466552734,4.444444493856281e-05,-0.02187412418425083,0.1449812650680542,0.07633519172668457,0.01023101806640625,1108.0,0.1743699610233307,100.0,5.967446327209473,-0.004634575918316841,0.17143847048282623,0.0,0.9989159107208252
1148,,,,,,,,-2.4979825019836426,6.666666740784422e-05,-0.014717726036906242,0.021779455244541168,0.07538676261901855,0.010272026062011719,1120.0,0.17386825382709503,100.0,6.03248929977417,-0.0056048124097287655,7.368270882324168e-09,0.0,0.9987972378730774
1149,,,,,,,,-2.517112970352173,1.975308623514138e-05,-0.021519910544157028,0.22125869989395142,0.08538198471069336,0.010637044906616211,999.0,0.17359888553619385,100.0,6.092457294464111,-0.004787643905729055,0.27256688475608826,0.0,0.9993618130683899
1150,,,,,,,,-2.521486759185791,6.666666740784422e-05,-0.021124841645359993,0.5399667620658875,0.08001399040222168,0.010452985763549805,1061.0,0.173597514629364,100.0,6.092709064483643,-0.0054033007472753525,3.3596770763397217,0.0,0.9992060661315918
1151,,,,,,,,-2.5217769145965576,2.9629629352712072e-05,-0.008159591816365719,1.2738018035888672,0.07800698280334473,0.010601997375488281,1083.0,0.17353105545043945,100.0,6.092709064483643,-0.00412116851657629,3.2273614406585693,0.0,0.9991567730903625
1152,,,,,,,,-2.5257978439331055,6.666666740784422e-05,-0.007384608965367079,0.17395338416099548,0.07459402084350586,0.010355949401855469,1130.0,0.17351119220256805,100.0,6.092709064483643,-0.004175539594143629,5.016537133693487e-28,0.0,0.9989256858825684
1153,-0.0049574668519198895,1.1623179912567139,0.0,0.999187707901001,0.0,0.0,1.0,-2.5242207050323486,9.999999747378752e-05,-0.02058843895792961,0.2126002013683319,0.08746719360351562,0.010730981826782227,977.0,0.1736495941877365,100.0,6.036613941192627,-0.00597845995798707,1.4343355894088745,0.0,0.999347984790802
1154,,,,,,,,-2.5166921615600586,1.975308623514138e-05,-0.02990000694990158,1.840128779411316,0.07737874984741211,0.010108232498168945,1097.0,0.17374615371227264,100.0,6.094954967498779,-0.00418845983222127,6.285574436187744,0.0,0.9989667534828186
1155,,,,,,,,-2.514578342437744,2.9629629352712072e-05,-0.016780201345682144,0.2141294628381729,0.08165693283081055,0.010695219039916992,1039.0,0.1737409085035324,100.0,6.094954967498779,-0.0053009516559541225,0.15818999707698822,0.0,0.9991464614868164
1156,,,,,,,,-2.5144801139831543,1.975308623514138e-05,-0.017416028305888176,0.38685715198516846,0.07608222961425781,0.010306835174560547,1111.0,0.1737637221813202,100.0,6.094954967498779,-0.004393920302391052,3.027583360671997,0.0,0.9988347887992859
1157,,,,,,,,-2.5167837142944336,9.999999747378752e-05,-0.015016467310488224,0.0473734587430954,0.08441805839538574,0.010692834854125977,1009.0,0.17352966964244843,100.0,6.170101165771484,-0.0063803126104176044,0.31307467818260193,0.0,0.9992354512214661
1158,,,,,,,,-2.53534197807312,2.9629629352712072e-05,-0.01162609364837408,0.5777983069419861,0.07996320724487305,0.010058879852294922,1066.0,0.17318221926689148,100.0,6.170101165771484,-0.004713996779173613,3.2968568801879883,0.0,0.9992081522941589
1159,,,,,,,,-2.544987440109253,0.0001500000071246177,-0.012283899821341038,0.08740288019180298,0.08232903480529785,0.010795116424560547,1030.0,0.17307575047016144,100.0,6.2276530265808105,-0.005224356893450022,0.16066712141036987,0.0,0.9992799162864685
1160,,,,,,,,-2.549912214279175,2.9629629352712072e-05,-0.015648741275072098,0.4388280510902405,0.07529282569885254,0.010343313217163086,1121.0,0.17288602888584137,100.0,6.2276530265808105,-0.0046136449091136456,3.0667543411254883,0.0,0.998985767364502
1161,,,,,,,,-2.5552666187286377,1.975308623514138e-05,-0.018388021737337112,0.016073599457740784,0.08164191246032715,0.010769128799438477,1038.0,0.17283478379249573,100.0,6.230339527130127,-0.005084000527858734,0.11159064620733261,0.0,0.9992639422416687
1162,,,,,,,,-2.5570080280303955,9.999999747378752e-05,-0.012723242864012718,0.5789719820022583,0.0824730396270752,0.010957956314086914,1027.0,0.17281439900398254,100.0,6.230147361755371,-0.005195498466491699,3.4160420894622803,0.0,0.9992383122444153
1163,,,,,,,,-2.5587518215179443,1.975308623514138e-05,-0.015125693753361702,0.42563867568969727,0.08083510398864746,0.010164976119995117,1054.0,0.17287476360797882,100.0,6.2317986488342285,-0.005439471919089556,3.020383596420288,0.0,0.9991821646690369
1164,,,,,,,,-2.5569186210632324,1.975308623514138e-05,-0.01090839970856905,0.32685476541519165,0.07613682746887207,0.010241031646728516,1111.0,0.17289137840270996,100.0,6.2317986488342285,-0.004828754346817732,2.741853952407837,0.0,0.9990143775939941
1165,,,,,,,,-2.5605902671813965,4.444444493856281e-05,-0.01404322125017643,0.01352863758802414,0.08275890350341797,0.010175943374633789,1032.0,0.17272603511810303,100.0,6.1731648445129395,-0.004984657745808363,0.002446481492370367,0.0,0.9991467595100403
1166,,,,,,,,-2.5692453384399414,4.444444493856281e-05,-0.011388326063752174,0.9295955300331116,0.08381009101867676,0.010576963424682617,1017.0,0.17254997789859772,100.0,6.16779899597168,-0.005050480365753174,6.5942254066467285,0.0,0.9992289543151855
1167,,,,,,,,-2.5737600326538086,4.444444493856281e-05,-0.020031224936246872,0.379764586687088,0.08214807510375977,0.01043701171875,1036.0,0.1724841147661209,100.0,6.220332145690918,-0.004873612895607948,2.870818853378296,0.0,0.9991076588630676
1168,,,,,,,,-2.5763652324676514,2.9629629352712072e-05,-0.012272688560187817,0.4158984422683716,0.07717776298522949,0.010448217391967773,1095.0,0.17233623564243317,100.0,6.220332145690918,-0.004639887250959873,3.1343467235565186,0.0,0.9990386366844177
1169,,,,,,,,-2.582784652709961,2.9629629352712072e-05,-0.014967204071581364,0.007926187478005886,0.08231878280639648,0.010217428207397461,1037.0,0.17217624187469482,100.0,6.277679920196533,-0.005652267951518297,1.7500950661997194e-06,0.0,0.9990614056587219
1170,,,,,,,,-2.5866928100585938,6.666666740784422e-05,-0.01706353761255741,0.972732663154602,0.08160614967346191,0.010146856307983398,1046.0,0.17211414873600006,100.0,6.272663116455078,-0.0054652877151966095,3.4591457843780518,0.0,0.999356746673584
1171,,,,,,,,-2.5835797786712646,2.9629629352712072e-05,-0.019240595400333405,0.4874533712863922,0.081298828125,0.010116100311279297,1050.0,0.17216864228248596,100.0,6.273338794708252,-0.005305978003889322,3.0692927837371826,0.0,0.9991472363471985
1172,,,,,,,,-2.5811259746551514,1.975308623514138e-05,-0.014936664141714573,0.3795231282711029,0.07701277732849121,0.010168075561523438,1101.0,0.17213137447834015,100.0,6.273338794708252,-0.004628949332982302,3.114481210708618,0.0,0.9991462826728821
1173,,,,,,,,-2.583097219467163,6.666666740784422e-05,-0.021474968641996384,0.013064056634902954,0.0776679515838623,0.010105133056640625,1093.0,0.17202256619930267,100.0,6.2751145362854,-0.004960272926837206,1.0019448465348191e-10,0.0,0.9989840984344482
1174,,,,,,,,-2.5870816707611084,2.9629629352712072e-05,-0.011287232860922813,0.6589484214782715,0.0863962173461914,0.010822772979736328,987.0,0.17190106213092804,100.0,6.276125431060791,-0.005448805168271065,0.31685182452201843,0.0,0.9993218779563904
1175,,,,,,,,-2.5901565551757812,2.9629629352712072e-05,-0.015855954959988594,0.9247409105300903,0.07912707328796387,0.01093292236328125,1065.0,0.17180827260017395,100.0,6.332401752471924,-0.005305097904056311,9.23991870880127,0.0,0.9990191459655762
1176,,,,,,,,-2.591749906539917,4.444444493856281e-05,-0.00523839145898819,0.7584280371665955,0.08010315895080566,0.010892152786254883,1054.0,0.17172349989414215,100.0,6.332401752471924,-0.004398936405777931,2.9972293376922607,0.0,0.9991579055786133
1177,,,,,,,,-2.5944948196411133,1.316872385359602e-05,-0.021259445697069168,0.07756011933088303,0.07847094535827637,0.011093854904174805,1071.0,0.17166005074977875,100.0,6.332401752471924,-0.004209862556308508,0.0,0.0,0.9989210963249207
1178,-0.0048731970600783825,3.05816650390625,0.0,0.9991140365600586,0.0,0.0,1.0,-2.5950732231140137,9.999999747378752e-05,-0.012209723703563213,0.3099744915962219,0.08856773376464844,0.011190176010131836,962.0,0.17166242003440857,100.0,6.329861164093018,-0.005714910104870796,0.31068798899650574,0.0,0.9993904232978821
1179,,,,,,,,-2.5885696411132812,2.9629629352712072e-05,-0.018758246675133705,0.4815567135810852,0.07726597785949707,0.010457992553710938,1094.0,0.17183662950992584,100.0,6.325830459594727,-0.0044839163310825825,2.9328114986419678,0.0,0.9992111325263977
1180,,,,,,,,-2.583949089050293,2.9629629352712072e-05,-0.020466899499297142,0.1389552801847458,0.08004522323608398,0.010442972183227539,1060.0,0.17187857627868652,100.0,6.325830459594727,-0.004874143283814192,0.15743571519851685,0.0,0.9993584752082825
1181,,,,,,,,-2.5852999687194824,6.666666740784422e-05,-0.014736229553818703,0.06787187606096268,0.07706284523010254,0.010443925857543945,1097.0,0.17177097499370575,100.0,6.325830459594727,-0.003735738107934594,1.6042680726968683e-05,0.0,0.9991324543952942
1182,,,,,,,,-2.586867332458496,4.444444493856281e-05,-0.017611738294363022,0.14499717950820923,0.08302092552185059,0.010151386260986328,1030.0,0.17171445488929749,100.0,6.2620930671691895,-0.00626440579071641,0.297004371881485,0.0,0.9994209408760071
1183,,,,,,,,-2.588582992553711,6.666666740784422e-05,-0.011901304125785828,0.19198177754878998,0.07936310768127441,0.010925769805908203,1063.0,0.17143471539020538,100.0,6.2620930671691895,-0.004553732927888632,0.16826961934566498,0.0,0.9994087219238281
1184,,,,,,,,-2.59675931930542,1.975308623514138e-05,-0.018846500664949417,0.13649143278598785,0.08003115653991699,0.011017084121704102,1054.0,0.1713038831949234,100.0,6.259929656982422,-0.005107074044644833,0.16474871337413788,0.0,0.9993677735328674
1185,,,,,,,,-2.599818229675293,4.444444493856281e-05,-0.01707230694591999,0.41455402970314026,0.0755620002746582,0.010804891586303711,1111.0,0.17125913500785828,100.0,6.259929656982422,-0.004600969608873129,2.9643945693969727,0.0,0.9990819096565247
1186,,,,,,,,-2.6064257621765137,4.444444493856281e-05,-0.009945238009095192,0.051360491663217545,0.08275890350341797,0.010825872421264648,1025.0,0.1710556596517563,100.0,6.147111415863037,-0.005429221782833338,0.1418779343366623,0.0,0.9993030428886414
1187,,,,,,,,-2.6160478591918945,6.666666740784422e-05,-0.010673747397959232,1.691709041595459,0.08180880546569824,0.010396957397460938,1041.0,0.1708168238401413,100.0,6.146214962005615,-0.00490216538310051,4.3998122215271,0.0,0.999121904373169
1188,,,,,,,,-2.627005100250244,6.666666740784422e-05,-0.02435019612312317,0.5814281105995178,0.08125615119934082,0.010959863662719727,1041.0,0.1706424057483673,100.0,6.185494422912598,-0.004364407155662775,3.1652917861938477,0.0,0.9990838170051575
1189,,,,,,,,-2.6299331188201904,1.316872385359602e-05,-0.016315415501594543,1.0639365911483765,0.07727289199829102,0.010964155197143555,1087.0,0.17069287598133087,100.0,6.185494422912598,-0.004109424073249102,0.9879743456840515,0.0,0.9988837242126465
1190,,,,,,,,-2.628368377685547,1.975308623514138e-05,-0.02450314350426197,0.029417725279927254,0.08294820785522461,0.010654926300048828,1025.0,0.17068307101726532,100.0,6.20278787612915,-0.0058004059828817844,0.002696121810004115,0.0,0.9990453124046326
1191,,,,,,,,-2.630434513092041,9.999999747378752e-05,-0.012800444848835468,0.7668004631996155,0.0830068588256836,0.010987997055053711,1021.0,0.17053422331809998,100.0,6.260264873504639,-0.005578428972512484,3.5950679779052734,0.0,0.9992418885231018
1192,,,,,,,,-2.6469266414642334,4.444444493856281e-05,-0.016714945435523987,0.4805069863796234,0.0802609920501709,0.010530948638916016,1057.0,0.16995951533317566,100.0,6.2179155349731445,-0.004274789709597826,3.0614025592803955,0.0,0.9990890622138977
1193,,,,,,,,-2.663135290145874,4.444444493856281e-05,-0.008452304638922215,1.0495219230651855,0.0752248764038086,0.010206222534179688,1123.0,0.16977739334106445,100.0,6.2179155349731445,-0.004569897893816233,1.109853744506836,0.0,0.9989615082740784
1194,,,,,,,,-2.6680688858032227,4.444444493856281e-05,-0.02657228708267212,0.014233090914785862,0.08150386810302734,0.010653972625732422,1041.0,0.16966331005096436,100.0,6.20088529586792,-0.0051968893967568874,2.0970649075024994e-06,0.0,0.9989903569221497
1195,,,,,,,,-2.675323724746704,6.666666740784422e-05,-0.014192948117852211,0.21287398040294647,0.0822751522064209,0.010640859603881836,1033.0,0.16953250765800476,100.0,6.259258270263672,-0.005007652100175619,0.3819858133792877,0.0,0.9993383288383484
1196,,,,,,,,-2.6813552379608154,1.975308623514138e-05,-0.019454969093203545,0.5905927419662476,0.08078694343566895,0.010584115982055664,1050.0,0.16948270797729492,100.0,6.218419551849365,-0.004402427468448877,3.235185384750366,0.0,0.999133825302124
1197,,,,,,,,-2.6845054626464844,6.666666740784422e-05,-0.00926668755710125,0.8827700018882751,0.07672905921936035,0.010190010070800781,1104.0,0.1692824363708496,100.0,6.218419551849365,-0.003817613236606121,3.424571990966797,0.0,0.9991127848625183
1198,,,,,,,,-2.7015318870544434,6.666666740784422e-05,-0.01646147109568119,0.02306664176285267,0.0776681900024414,0.010344982147216797,1090.0,0.16870224475860596,100.0,6.159072399139404,-0.005218794569373131,1.9334607526122483e-10,0.0,0.9989445805549622
1199,,,,,,,,-2.7223315238952637,1.975308623514138e-05,-0.02305002138018608,0.23691369593143463,0.08751916885375977,0.010760068893432617,976.0,0.16844499111175537,100.0,6.218538761138916,-0.004481725860387087,0.31188029050827026,0.0,0.9993385672569275
1200,,,,,,,,-2.7287709712982178,0.00022499999613501132,-0.0054518855176866055,0.17201372981071472,0.07850003242492676,0.010680913925170898,1076.0,0.1683494597673416,100.0,6.223338603973389,-0.00527106923982501,0.15486598014831543,0.0,0.9992340207099915
1201,,,,,,,,-2.728186845779419,1.975308623514138e-05,-0.03479611128568649,1.6234976053237915,0.07768392562866211,0.01029515266418457,1091.0,0.1683841049671173,100.0,6.223338603973389,-0.0044252616353333,3.1935694217681885,0.0,0.9992381930351257
1202,,,,,,,,-2.7284152507781982,9.999999747378752e-05,-0.012744612991809845,0.11987382173538208,0.07463312149047852,0.010151863098144531,1132.0,0.16831152141094208,100.0,6.223338603973389,-0.004843659698963165,4.217424984860988e-28,0.0,0.9989942908287048
1203,-0.004889384377747774,0.14935879409313202,0.0,0.999288022518158,0.0,0.0,1.0,-2.7349801063537598,1.975308623514138e-05,-0.03926588594913483,0.24541577696800232,0.08763289451599121,0.010177135467529297,981.0,0.16826388239860535,100.0,6.103133201599121,-0.00577308377251029,0.32334277033805847,0.0,0.9993689656257629
1204,,,,,,,,-2.7366790771484375,2.9629629352712072e-05,-0.01608208380639553,2.0793213844299316,0.07939291000366211,0.010186195373535156,1071.0,0.16825775802135468,100.0,6.143883228302002,-0.00413609528914094,6.732079982757568,0.0,0.9990351796150208
1205,,,,,,,,-2.735527992248535,2.9629629352712072e-05,-0.017687128856778145,0.18236319720745087,0.07987785339355469,0.010653972625732422,1060.0,0.16837355494499207,100.0,6.143883228302002,-0.004663932137191296,0.15728040039539337,0.0,0.9991750717163086
1206,,,,,,,,-2.733499765396118,2.9629629352712072e-05,-0.011886810883879662,0.02747693844139576,0.07666897773742676,0.010609149932861328,1099.0,0.1682971715927124,100.0,6.143883228302002,-0.0038245536852627993,1.0384716915723402e-05,0.0,0.9989144206047058
1207,,,,,,,,-2.739173173904419,4.444444493856281e-05,-0.017744313925504684,0.2112729698419571,0.08422684669494629,0.01036214828491211,1014.0,0.16802223026752472,100.0,6.210504531860352,-0.005238860379904509,0.3141957223415375,0.0,0.9992313385009766
1208,,,,,,,,-2.748819589614868,4.444444493856281e-05,-0.016483215615153313,0.2637130916118622,0.0802452564239502,0.010574817657470703,1057.0,0.16776616871356964,100.0,6.210504531860352,-0.00464162603020668,0.18286877870559692,0.0,0.9993253350257874
1209,,,,,,,,-2.759136199951172,2.9629629352712072e-05,-0.008700774051249027,0.649977445602417,0.0804140567779541,0.011715888977050781,1042.0,0.1675567626953125,100.0,6.153079032897949,-0.00465133273974061,3.365844488143921,0.0,0.9992144703865051
1210,,,,,,,,-2.7676899433135986,4.444444493856281e-05,-0.016903765499591827,0.638229250907898,0.07686400413513184,0.010821819305419922,1094.0,0.16745178401470184,100.0,6.153079032897949,-0.0043071541003882885,3.2420597076416016,0.0,0.9989345669746399
1211,,,,,,,,-2.7729897499084473,2.9629629352712072e-05,-0.01335105113685131,0.0629228800535202,0.08346390724182129,0.01022195816040039,1024.0,0.16738002002239227,100.0,6.134261608123779,-0.004972945433109999,0.13483023643493652,0.0,0.9991393089294434
1212,,,,,,,,-2.7773609161376953,2.9629629352712072e-05,-0.014818920753896236,0.8128412961959839,0.08163905143737793,0.010582923889160156,1040.0,0.16721446812152863,100.0,6.196002960205078,-0.004783635027706623,3.5240724086761475,0.0,0.9991748929023743
1213,,,,,,,,-2.7818095684051514,1.975308623514138e-05,-0.01879013516008854,0.786274790763855,0.07981181144714355,0.010162115097045898,1066.0,0.16712124645709991,100.0,6.257633209228516,-0.0044436329044401646,3.3916194438934326,0.0,0.9991068840026855
1214,,,,,,,,-2.785062313079834,2.9629629352712072e-05,-0.019982974976301193,0.6122592091560364,0.07660484313964844,0.0109710693359375,1096.0,0.1670360565185547,100.0,6.257633209228516,-0.004182241391390562,3.2937839031219482,0.0,0.9988649487495422
1215,,,,,,,,-2.786341905593872,0.0003375000087544322,-0.007491885684430599,0.018105216324329376,0.08335399627685547,0.010710000991821289,1020.0,0.166968435049057,100.0,6.195923328399658,-0.004825149197131395,0.002575824735686183,0.0,0.998999297618866
1216,,,,,,,,-2.7840096950531006,2.9629629352712072e-05,-0.022963788360357285,1.2155827283859253,0.0814049243927002,0.010165929794311523,1048.0,0.16700752079486847,100.0,6.197371006011963,-0.00467405142262578,3.7555835247039795,0.0,0.9991995692253113
1217,,,,,,,,-2.7777562141418457,4.444444493856281e-05,-0.00963381677865982,0.4937346577644348,0.0801401138305664,0.01046299934387207,1059.0,0.16726920008659363,100.0,6.200433254241943,-0.0043251123279333115,3.129035234451294,0.0,0.9990449547767639
1218,,,,,,,,-2.7642831802368164,1.975308623514138e-05,-0.020591361448168755,0.634938657283783,0.0770721435546875,0.010493040084838867,1096.0,0.16748368740081787,100.0,6.200433254241943,-0.0045766038820147514,3.4102323055267334,0.0,0.9989171028137207
1219,,,,,,,,-2.7575230598449707,2.9629629352712072e-05,-0.014299561269581318,0.023069506511092186,0.08265995979309082,0.01020503044128418,1033.0,0.16758503019809723,100.0,6.185929775238037,-0.005089286714792252,1.752894718265452e-06,0.0,0.9989014267921448
1220,,,,,,,,-2.7535183429718018,4.444444493856281e-05,-0.021801944822072983,2.954012870788574,0.08293414115905762,0.01194906234741211,1011.0,0.16759474575519562,100.0,6.186417579650879,-0.004742269869893789,7.026927947998047,0.0,0.9991825222969055
1221,,,,,,,,-2.7513976097106934,2.9629629352712072e-05,-0.021978536620736122,0.661409854888916,0.08211016654968262,0.010532855987548828,1036.0,0.16767069697380066,100.0,6.18984317779541,-0.005201555788516998,3.239288568496704,0.0,0.9989142417907715
1222,,,,,,,,-2.74931263923645,4.444444493856281e-05,-0.024425586685538292,0.839148759841919,0.07781195640563965,0.010840892791748047,1082.0,0.16755932569503784,100.0,6.18984317779541,-0.00431215763092041,3.4623401165008545,0.0,0.9989123940467834
1223,,,,,,,,-2.756674289703369,2.9629629352712072e-05,-0.019366756081581116,0.061355363577604294,0.07801508903503418,0.010416984558105469,1085.0,0.16744960844516754,100.0,6.198482036590576,-0.005274523515254259,1.4132438275193948e-10,0.0,0.9987439513206482
1224,,,,,,,,-2.7578768730163574,2.9629629352712072e-05,-0.023714961484074593,0.5670072436332703,0.08673501014709473,0.010161876678466797,990.0,0.16754986345767975,100.0,6.200059413909912,-0.004833619110286236,0.3693690001964569,0.0,0.9992971420288086
1225,,,,,,,,-2.7556543350219727,4.444444493856281e-05,-0.013163204304873943,0.6784614324569702,0.07819390296936035,0.01011204719543457,1087.0,0.16750161349773407,100.0,6.26303768157959,-0.004816397558897734,3.300386428833008,0.0,0.9991043210029602
1226,,,,,,,,-2.762974739074707,4.444444493856281e-05,-0.02070273831486702,0.23549474775791168,0.07786011695861816,0.010221004486083984,1089.0,0.16728010773658752,100.0,6.26303768157959,-0.004603326320648193,0.17981643974781036,0.0,0.9991922378540039
1227,,,,,,,,-2.7668662071228027,2.9629629352712072e-05,-0.008442563936114311,0.03296271711587906,0.07497310638427734,0.010103940963745117,1128.0,0.167414590716362,100.0,6.26303768157959,-0.003848741529509425,3.9227074921655e-06,0.0,0.9990221858024597
1228,-0.004590576980262995,1.1743216514587402,0.0,0.9991765022277832,0.0,0.0,1.0,-2.7578063011169434,2.9629629352712072e-05,-0.02216612920165062,0.4004240334033966,0.08742117881774902,0.010747909545898438,977.0,0.1676032692193985,100.0,6.303318500518799,-0.005908922757953405,0.31989890336990356,0.0,0.9993243217468262
1229,,,,,,,,-2.7478792667388916,0.0001500000071246177,-0.0010815374553203583,2.039780616760254,0.07927894592285156,0.010174989700317383,1073.0,0.16801674664020538,100.0,6.242908954620361,-0.0047812857665121555,9.789162635803223,0.0,0.9989943504333496
1230,,,,,,,,-2.724699020385742,2.9629629352712072e-05,-0.02002679742872715,0.25852614641189575,0.08055496215820312,0.010152101516723633,1058.0,0.16831552982330322,100.0,6.242908954620361,-0.00473777623847127,0.1658744364976883,0.0,0.9990904927253723
1231,,,,,,,,-2.7180068492889404,1.316872385359602e-05,-0.03791263327002525,0.4674667418003082,0.07762408256530762,0.010746002197265625,1086.0,0.1683223396539688,100.0,6.242908954620361,-0.004188134800642729,3.2011938095092773,0.0,0.998757541179657
1232,,,,,,,,-2.7180685997009277,4.444444493856281e-05,-0.005052468273788691,0.4680519104003906,0.08481502532958984,0.010535955429077148,1006.0,0.1682131439447403,100.0,6.246986389160156,-0.005716393236070871,0.34116169810295105,0.0,0.9991514682769775
1233,,,,,,,,-2.724794626235962,1.975308623514138e-05,-0.031195560470223427,0.8455088138580322,0.08057904243469238,0.011200904846191406,1045.0,0.16801826655864716,100.0,6.246986389160156,-0.004651830065995455,3.445878267288208,0.0,0.9991329312324524
1234,,,,,,,,-2.7292656898498535,4.444444493856281e-05,-0.02229306474328041,0.4762789011001587,0.07999801635742188,0.010488033294677734,1060.0,0.16799449920654297,100.0,6.24879264831543,-0.004431325476616621,0.15651895105838776,0.0,0.9992475509643555
1235,,,,,,,,-2.72662091255188,1.975308623514138e-05,-0.009583826176822186,0.09082906693220139,0.07571005821228027,0.010738849639892578,1110.0,0.1680726557970047,100.0,6.24879264831543,-0.0036712337750941515,8.767948747845367e-05,0.0,0.9990792274475098
1236,,,,,,,,-2.726306915283203,2.9629629352712072e-05,-0.018225371837615967,0.11645346134901047,0.08292722702026367,0.010350704193115234,1029.0,0.16797490417957306,100.0,6.194174766540527,-0.005254568997770548,0.1366100311279297,0.0,0.9992747902870178
1237,,,,,,,,-2.7316830158233643,2.9629629352712072e-05,-0.013366328552365303,1.1096035242080688,0.08291983604431152,0.01064610481262207,1026.0,0.16784003376960754,100.0,6.13486909866333,-0.004674490541219711,6.864198207855225,0.0,0.9991790652275085
1238,,,,,,,,-2.736706495285034,2.9629629352712072e-05,-0.026446299627423286,0.5529006123542786,0.08113694190979004,0.010480165481567383,1047.0,0.16772276163101196,100.0,6.07486629486084,-0.004586081486195326,3.3974058628082275,0.0,0.9990911483764648
1239,,,,,,,,-2.7418811321258545,6.666666740784422e-05,-0.019303487613797188,0.20908178389072418,0.07693004608154297,0.010509967803955078,1097.0,0.16751475632190704,100.0,6.07486629486084,-0.004710892681032419,0.03555794805288315,0.0,0.9989661574363708
1240,,,,,,,,-2.7508602142333984,4.444444493856281e-05,-0.012783842161297798,0.015262989327311516,0.08402705192565918,0.010795831680297852,1012.0,0.16728578507900238,100.0,6.139580726623535,-0.0050351968966424465,0.002749348757788539,0.0,0.9990889430046082
1241,,,,,,,,-2.7571849822998047,6.666666740784422e-05,-0.01859945058822632,0.8186529278755188,0.08138704299926758,0.010487794876098633,1044.0,0.16731473803520203,100.0,6.141264915466309,-0.004368811380118132,3.266465902328491,0.0,0.9993074536323547
1242,,,,,,,,-2.759432077407837,6.666666740784422e-05,-0.005894138477742672,0.08020364493131638,0.082122802734375,0.010866165161132812,1032.0,0.16735413670539856,100.0,6.081861972808838,-0.004583355505019426,0.011243035085499287,0.0,0.9992620348930359
1243,,,,,,,,-2.7585127353668213,6.666666740784422e-05,-0.02229652740061283,0.1864505261182785,0.07643795013427734,0.01084280014038086,1099.0,0.16751882433891296,100.0,6.081861972808838,-0.004264541435986757,0.16475562751293182,0.0,0.9991468787193298
1244,,,,,,,,-2.7553346157073975,2.9629629352712072e-05,-0.03320147469639778,0.30772894620895386,0.08214187622070312,0.010828018188476562,1032.0,0.16758295893669128,100.0,6.01353120803833,-0.004893822129815817,1.4702873158967122e-06,0.0,0.9991329312324524
1245,,,,,,,,-2.7584280967712402,2.9629629352712072e-05,-0.018450763076543808,2.7155566215515137,0.08160591125488281,0.010792255401611328,1038.0,0.16751043498516083,100.0,6.013492107391357,-0.004793796222656965,6.582225799560547,0.0,0.9992995858192444
1246,,,,,,,,-2.7631490230560303,4.444444493856281e-05,-0.021536491811275482,0.740740954875946,0.08209514617919922,0.010551929473876953,1036.0,0.1674307882785797,100.0,6.01343297958374,-0.004792316351085901,2.1821558475494385,0.0,0.9990481734275818
1247,,,,,,,,-2.767024040222168,6.666666740784422e-05,0.00034821368171833456,1.0969265699386597,0.0782318115234375,0.011020898818969727,1075.0,0.16735787689685822,100.0,6.01343297958374,-0.004580934997648001,3.4466943740844727,0.0,0.9990141987800598
1248,,,,,,,,-2.7695109844207764,2.9629629352712072e-05,-0.018480999395251274,0.031542178243398666,0.09265995025634766,0.013399124145507812,905.0,0.16744107007980347,100.0,6.011038780212402,-0.005357330199331045,1.5000191366798532e-10,0.0,0.9988265037536621
1249,,,,,,,,-2.7667133808135986,1.316872385359602e-05,-0.023412734270095825,0.40716490149497986,0.08859491348266602,0.011246204376220703,961.0,0.16754163801670074,100.0,5.993563175201416,-0.004656821023672819,0.3367276191711426,0.0,0.9993454813957214
1250,,,,,,,,-2.763025999069214,4.444444493856281e-05,-0.019178133457899094,0.6174988150596619,0.08112406730651855,0.01041102409362793,1048.0,0.16757018864154816,100.0,5.997098922729492,-0.0043955896981060505,3.097743272781372,0.0,0.9991462230682373
1251,,,,,,,,-2.766124725341797,2.9629629352712072e-05,-0.014077691361308098,0.4293730854988098,0.07836484909057617,0.010452032089233398,1080.0,0.16736677289009094,100.0,5.997098922729492,-0.004189108964055777,0.12069273740053177,0.0,0.9991392493247986
1252,,,,,,,,-2.7717630863189697,4.444444493856281e-05,-0.01692884974181652,0.3129006624221802,0.07608294486999512,0.010370969772338867,1110.0,0.16742542386054993,100.0,5.997098922729492,-0.004578149411827326,3.2612743377685547,0.0,0.9989015460014343
1253,-0.004646284505724907,1.0990307331085205,0.0,0.9991756081581116,0.0,0.0,1.0,-2.766427516937256,2.9629629352712072e-05,-0.029847338795661926,0.3045141398906708,0.08868694305419922,0.010882854461669922,964.0,0.16756123304367065,100.0,5.876733303070068,-0.0059328158386051655,0.2371039241552353,0.0,0.9992812275886536
1254,,,,,,,,-2.762477397918701,1.975308623514138e-05,-0.019405735656619072,1.2928690910339355,0.0793752670288086,0.011043787002563477,1061.0,0.16755914688110352,100.0,5.938375473022461,-0.004050724674016237,8.572535514831543,0.0,0.9989547729492188
1255,,,,,,,,-2.76183819770813,6.666666740784422e-05,-0.011489171534776688,0.25822967290878296,0.07972097396850586,0.010413646697998047,1065.0,0.1675805300474167,100.0,5.938375473022461,-0.004859391134232283,0.16068346798419952,0.0,0.9991347789764404
1256,,,,,,,,-2.7606635093688965,2.9629629352712072e-05,-0.019144730642437935,0.04580649733543396,0.07477116584777832,0.010174036026000977,1130.0,0.16757337749004364,100.0,5.938375473022461,-0.004108302760869265,3.990879577031592e-06,0.0,0.9989122748374939
1257,,,,,,,,-2.7611265182495117,4.444444493856281e-05,-0.023930635303258896,0.4492359757423401,0.08411502838134766,0.010710954666137695,1012.0,0.16757799685001373,100.0,6.037787914276123,-0.005782516207545996,0.28550049662590027,0.0,0.9992567896842957
1258,,,,,,,,-2.760831356048584,2.9629629352712072e-05,-0.01761893928050995,0.9901454448699951,0.08074331283569336,0.010689020156860352,1049.0,0.16762295365333557,100.0,6.037787914276123,-0.004286627750843763,5.993536472320557,0.0,0.9991661906242371
1259,,,,,,,,-2.7612524032592773,6.666666740784422e-05,-0.014466038905084133,0.18469378352165222,0.07971692085266113,0.010577201843261719,1063.0,0.16762879490852356,100.0,5.97890567779541,-0.004847545176744461,0.15953022241592407,0.0,0.9992262721061707
1260,,,,,,,,-2.7656264305114746,4.444444493856281e-05,-0.008516031317412853,0.4466722309589386,0.07585597038269043,0.011378049850463867,1100.0,0.16744782030582428,100.0,5.97890567779541,-0.004143123514950275,3.137505292892456,0.0,0.9989107251167297
1261,,,,,,,,-2.7727441787719727,4.444444493856281e-05,-0.018383722752332687,0.0808524340391159,0.08363890647888184,0.01032400131225586,1021.0,0.16734528541564941,100.0,6.011753559112549,-0.004543276969343424,0.14326725900173187,0.0,0.9992250800132751
1262,,,,,,,,-2.77728533744812,1.975308623514138e-05,-0.02359030395746231,1.0565279722213745,0.08252501487731934,0.010300159454345703,1034.0,0.16730928421020508,100.0,5.951271057128906,-0.005217220168560743,6.686474323272705,0.0,0.9991424083709717
1263,,,,,,,,-2.7785961627960205,1.975308623514138e-05,-0.0196242555975914,0.5410208106040955,0.08012223243713379,0.010254859924316406,1062.0,0.16733615100383759,100.0,5.953404426574707,-0.004482725635170937,3.373965263366699,0.0,0.9991051554679871
1264,,,,,,,,-2.780026912689209,9.999999747378752e-05,-0.014090606942772865,0.1293555647134781,0.07584190368652344,0.010245323181152344,1115.0,0.16724763810634613,100.0,5.953404426574707,-0.003992389887571335,0.028827644884586334,0.0,0.9990012049674988
1265,,,,,,,,-2.789679527282715,4.444444493856281e-05,-0.0171574167907238,0.01634421944618225,0.08219313621520996,0.010495185852050781,1035.0,0.16701573133468628,100.0,6.015243053436279,-0.0053796786814928055,0.002574171172454953,0.0,0.9990952610969543
1266,,,,,,,,-2.796407699584961,6.666666740784422e-05,-0.022985879331827164,0.8988121747970581,0.08078694343566895,0.010245084762573242,1054.0,0.16699224710464478,100.0,6.077640533447266,-0.005038122180849314,3.6074087619781494,0.0,0.9993168711662292
1267,,,,,,,,-2.7927911281585693,1.975308623514138e-05,-0.015246850438416004,0.08547919243574142,0.07879328727722168,0.010307788848876953,1077.0,0.16709700226783752,100.0,6.018626689910889,-0.004134673159569502,0.012687106616795063,0.0,0.9992660880088806
1268,,,,,,,,-2.788477659225464,6.666666740784422e-05,-0.006109912879765034,0.6549984812736511,0.07510590553283691,0.010119199752807617,1126.0,0.16715466976165771,100.0,6.018626689910889,-0.004438066389411688,2.059796094894409,0.0,0.9990738034248352
1269,,,,,,,,-2.784242630004883,1.975308623514138e-05,-0.02775902859866619,0.021918045356869698,0.08052706718444824,0.01017308235168457,1058.0,0.16725733876228333,100.0,6.020175457000732,-0.005591023713350296,1.762040824360156e-06,0.0,0.9991233348846436
1270,,,,,,,,-2.7808632850646973,9.999999747378752e-05,-0.010567733086645603,1.6012383699417114,0.08371186256408691,0.010209083557128906,1022.0,0.16735276579856873,100.0,5.965348243713379,-0.00479126675054431,6.005465030670166,0.0,0.9992902874946594
1271,,,,,,,,-2.780754327774048,4.444444493856281e-05,-6.011511504766531e-05,0.4861321449279785,0.08437609672546387,0.010802984237670898,1008.0,0.1672361195087433,100.0,5.949387550354004,-0.0043538291938602924,2.8834381103515625,0.0,0.9990500807762146
1272,,,,,,,,-2.786558151245117,6.666666740784422e-05,-0.02003011852502823,0.5099020600318909,0.07644271850585938,0.010487079620361328,1104.0,0.1670723259449005,100.0,5.949387550354004,-0.004165971651673317,2.9402153491973877,0.0,0.9990156292915344
1273,,,,,,,,-2.7895631790161133,2.9629629352712072e-05,-0.01930081658065319,0.020869461819529533,0.07775568962097168,0.010719060897827148,1085.0,0.16701671481132507,100.0,5.939759254455566,-0.005277838557958603,1.320596548781694e-10,0.0,0.9988786578178406
1274,,,,,,,,-2.7898573875427246,4.444444493856281e-05,-0.0085190050303936,0.6341066360473633,0.08864998817443848,0.011010169982910156,963.0,0.16701091825962067,100.0,5.938457489013672,-0.004952311981469393,2.3064942359924316,0.0,0.999319314956665
1275,,,,,,,,-2.7924065589904785,2.9629629352712072e-05,-0.022867534309625626,0.89873868227005,0.07862520217895508,0.01063084602355957,1075.0,0.1669599413871765,100.0,5.934585094451904,-0.004653026815503836,4.673903942108154,0.0,0.99904465675354
1276,,,,,,,,-2.7973268032073975,4.444444493856281e-05,-0.017450036481022835,0.7459984421730042,0.07900094985961914,0.010355949401855469,1074.0,0.166846364736557,100.0,5.934585094451904,-0.00471787853166461,2.744662046432495,0.0,0.9991239905357361
1277,,,,,,,,-2.802886962890625,1.975308623514138e-05,-0.023899085819721222,0.13698306679725647,0.07494711875915527,0.01100301742553711,1116.0,0.16674907505512238,100.0,5.934585094451904,-0.004208392929285765,0.0,0.0,0.9988833069801331
1278,-0.005053018685430288,2.23372745513916,0.0,0.99909907579422,0.0,0.0,1.0,-2.808229923248291,2.9629629352712072e-05,-0.012973240576684475,0.1852918416261673,0.08716011047363281,0.010251760482788086,985.0,0.16654516756534576,100.0,5.943258762359619,-0.006293714512139559,0.3283366560935974,0.0,0.9993266463279724
1279,,,,,,,,-2.8182661533355713,2.9629629352712072e-05,-0.03131674602627754,1.0174586772918701,0.07880592346191406,0.010528087615966797,1074.0,0.16634738445281982,100.0,5.936179161071777,-0.004004830028861761,4.853464603424072,0.0,0.9990768432617188
1280,,,,,,,,-2.8244943618774414,6.666666740784422e-05,-0.01454391609877348,0.15027321875095367,0.07967329025268555,0.010361909866333008,1066.0,0.16634945571422577,100.0,5.936179161071777,-0.0049709356389939785,0.16222678124904633,0.0,0.9992380142211914
1281,,,,,,,,-2.8204991817474365,1.975308623514138e-05,-0.020802805200219154,0.3859579265117645,0.07596015930175781,0.010921955108642578,1104.0,0.1664261817932129,100.0,5.936179161071777,-0.0044377651065588,2.9535882472991943,0.0,0.998924970626831
1282,,,,,,,,-2.8169634342193604,6.666666740784422e-05,-0.020271725952625275,0.39781713485717773,0.08426070213317871,0.01056218147277832,1012.0,0.1664866805076599,100.0,5.852180480957031,-0.0054453336633741856,0.3041553795337677,0.0,0.9993147253990173
1283,,,,,,,,-2.8143818378448486,9.999999747378752e-05,-0.012467722408473492,0.5652952790260315,0.08081316947937012,0.010911941528320312,1046.0,0.1665872186422348,100.0,5.852180480957031,-0.004567564930766821,2.060878038406372,0.0,0.999283492565155
1284,,,,,,,,-2.8124022483825684,1.975308623514138e-05,-0.0047164359129965305,0.2859160900115967,0.08210158348083496,0.010936260223388672,1031.0,0.16669966280460358,100.0,5.854461669921875,-0.004406954161822796,0.16348426043987274,0.0,0.9992308616638184
1285,,,,,,,,-2.8111965656280518,1.975308623514138e-05,-0.016262715682387352,0.38560208678245544,0.07760214805603027,0.010818004608154297,1085.0,0.16668619215488434,100.0,5.854461669921875,-0.004486984107643366,2.9352636337280273,0.0,0.9990162253379822
1286,,,,,,,,-2.8086581230163574,4.444444493856281e-05,-0.016476303339004517,0.07605186104774475,0.0846869945526123,0.011468887329101562,998.0,0.16679958999156952,100.0,5.801213264465332,-0.005107065197080374,0.14583496749401093,0.0,0.9992287158966064
1287,,,,,,,,-2.7981343269348145,9.999999747378752e-05,-0.007009763270616531,0.713283896446228,0.08142805099487305,0.010855913162231445,1040.0,0.1672031730413437,100.0,5.837584495544434,-0.004633503966033459,2.561551570892334,0.0,0.9992286562919617
1288,,,,,,,,-2.772467613220215,6.666666740784422e-05,-0.015527653507888317,0.17885832488536835,0.08076286315917969,0.010373115539550781,1053.0,0.16780178248882294,100.0,5.8940534591674805,-0.00473668472841382,0.16364461183547974,0.0,0.999239981174469
1289,,,,,,,,-2.7586262226104736,1.975308623514138e-05,-0.029551273211836815,0.3176935017108917,0.07671713829040527,0.011014938354492188,1094.0,0.16783808171749115,100.0,5.8940534591674805,-0.004478959832340479,2.6605563163757324,0.0,0.9989986419677734
1290,,,,,,,,-2.7570528984069824,2.9629629352712072e-05,-0.01942608319222927,0.017003165557980537,0.08321285247802734,0.010518074035644531,1024.0,0.16789931058883667,100.0,5.937151908874512,-0.005175046622753143,0.0032114034984260798,0.0,0.9991793632507324
1291,,,,,,,,-2.7573959827423096,4.444444493856281e-05,-0.0011578621342778206,0.9821488261222839,0.08278799057006836,0.010897159576416016,1024.0,0.16786234080791473,100.0,5.937135219573975,-0.004868647083640099,4.590884685516357,0.0,0.9992169737815857
1292,,,,,,,,-2.759916067123413,2.9629629352712072e-05,-0.028819337487220764,0.3045189082622528,0.07996702194213867,0.010972976684570312,1055.0,0.1679380089044571,100.0,5.931283950805664,-0.004472891800105572,2.125621795654297,0.0,0.9991106986999512
1293,,,,,,,,-2.758091688156128,1.316872385359602e-05,-0.022730594500899315,0.3506104648113251,0.07647705078125,0.010592937469482422,1102.0,0.16797587275505066,100.0,5.931283950805664,-0.0042087542824447155,2.540958881378174,0.0,0.9989973902702332
1294,,,,,,,,-2.759244441986084,0.00022499999613501132,-0.0067001632414758205,0.021258970722556114,0.08280587196350098,0.010511159896850586,1028.0,0.16775022447109222,100.0,5.932261943817139,-0.005689341574907303,2.076830924124806e-06,0.0,0.9990267753601074
1295,,,,,,,,-2.777153491973877,1.975308623514138e-05,-0.00046219490468502045,0.84295654296875,0.08409500122070312,0.010430097579956055,1015.0,0.1673644334077835,100.0,5.915262222290039,-0.004977738484740257,4.4295454025268555,0.0,0.9992461204528809
1296,,,,,,,,-2.7837307453155518,4.444444493856281e-05,-0.011253945529460907,0.31012725830078125,0.0830228328704834,0.010728120803833008,1023.0,0.1673232465982437,100.0,5.942131519317627,-0.0048055765219032764,2.402195692062378,0.0,0.9990582466125488
1297,,,,,,,,-2.7846150398254395,0.00022499999613501132,-0.006791846361011267,0.2962624132633209,0.0764153003692627,0.0107269287109375,1101.0,0.16751691699028015,100.0,5.942131519317627,-0.004059798549860716,2.5908620357513428,0.0,0.9990449547767639
1298,,,,,,,,-2.794919013977051,0.0003375000087544322,-0.018963580951094627,0.01238000113517046,0.07780599594116211,0.010185956954956055,1091.0,0.16732332110404968,100.0,5.959909439086914,-0.005804039072245359,1.841594238216615e-10,0.0,0.998940646648407
1299,,,,,,,,-2.824692964553833,1.975308623514138e-05,-0.018775267526507378,0.629844605922699,0.08411812782287598,0.010149002075195312,1018.0,0.167141854763031,100.0,5.9456562995910645,-0.005210865754634142,0.3118956983089447,0.0,0.9994120597839355
1300,,,,,,,,-2.8307442665100098,1.975308623514138e-05,-0.02405204437673092,0.4229415953159332,0.07747030258178711,0.010252714157104492,1094.0,0.1671459972858429,100.0,5.9738898277282715,-0.004705572966486216,1.7117403745651245,0.0,0.999222457408905
1301,,,,,,,,-2.8302433490753174,1.975308623514138e-05,-0.01986573450267315,0.16029250621795654,0.07811188697814941,0.010180234909057617,1087.0,0.16717684268951416,100.0,5.9738898277282715,-0.004272724501788616,1.9229525327682495,0.0,0.9992205500602722
1302,,,,,,,,-2.8295798301696777,6.666666740784422e-05,-0.015611616894602776,0.029669126495718956,0.07515811920166016,0.010185003280639648,1124.0,0.16714274883270264,100.0,5.9738898277282715,-0.004210181534290314,1.0705920267441602e-42,0.0,0.9990015029907227
1303,-0.0047593493945896626,0.6475635170936584,0.0,0.9992521405220032,0.0,0.0,1.0,-2.8319084644317627,4.444444493856281e-05,-0.0042658597230911255,0.9122680425643921,0.09037899971008301,0.010712146759033203,949.0,0.16715630888938904,100.0,5.943287372589111,-0.0057344683445990086,1.9604727029800415,0.0,0.9993297457695007
1304,,,,,,,,-2.8307127952575684,4.444444493856281e-05,-0.012268191203474998,0.5704919695854187,0.0788888931274414,0.011266946792602539,1064.0,0.1672821193933487,100.0,5.914453506469727,-0.004509009420871735,2.556535482406616,0.0,0.999119222164154
1305,,,,,,,,-2.8313748836517334,4.444444493856281e-05,-0.0284343883395195,0.4003012180328369,0.07944965362548828,0.010491132736206055,1067.0,0.1672624796628952,100.0,5.914453506469727,-0.004820928443223238,0.15505871176719666,0.0,0.9992052912712097
1306,,,,,,,,-2.8386361598968506,1.975308623514138e-05,-0.02422441355884075,0.015955856069922447,0.0755300521850586,0.010979175567626953,1109.0,0.16711300611495972,100.0,5.914453506469727,-0.003780738217756152,5.084093118057353e-06,0.0,0.9990060329437256
1307,,,,,,,,-2.848212480545044,0.00022499999613501132,-0.007921184413135052,0.19117538630962372,0.08517599105834961,0.010816097259521484,1000.0,0.16687345504760742,100.0,5.992213249206543,-0.006091464310884476,0.3184557259082794,0.0,0.999285876750946
1308,,,,,,,,-2.872607946395874,4.444444493856281e-05,-0.024072542786598206,0.4672323763370514,0.08106803894042969,0.010848045349121094,1044.0,0.16665717959403992,100.0,5.992213249206543,-0.004518410656601191,4.108340263366699,0.0,0.9992208480834961
1309,,,,,,,,-2.8777897357940674,2.9629629352712072e-05,-0.028171809390187263,0.1252044141292572,0.08053302764892578,0.01036381721496582,1056.0,0.16672876477241516,100.0,5.933888912200928,-0.005173226818442345,0.11722224205732346,0.0,0.9991665482521057
1310,,,,,,,,-2.8760435581207275,1.975308623514138e-05,-0.016598114743828773,0.17467708885669708,0.07503628730773926,0.01032400131225586,1124.0,0.16674554347991943,100.0,5.933888912200928,-0.00378830055706203,2.1141436100006104,0.0,0.9989369511604309
1311,,,,,,,,-2.877854347229004,2.9629629352712072e-05,-0.02099497616291046,0.05708632245659828,0.08499622344970703,0.010588884353637695,1004.0,0.16665327548980713,100.0,5.91470193862915,-0.005236742552369833,0.1458166092634201,0.0,0.9991812109947205
1312,,,,,,,,-2.8819475173950195,4.444444493856281e-05,0.0004222827556077391,0.8529170751571655,0.08127522468566895,0.010422706604003906,1046.0,0.1666480451822281,100.0,5.883408546447754,-0.005312927532941103,4.258697509765625,0.0,0.9991595149040222
1313,,,,,,,,-2.882513999938965,6.666666740784422e-05,-0.0045510465279221535,0.09986159205436707,0.07980680465698242,0.010330915451049805,1065.0,0.16668832302093506,100.0,5.923218250274658,-0.004576449748128653,0.12209820747375488,0.0,0.9991974830627441
1314,,,,,,,,-2.8835368156433105,2.9629629352712072e-05,-0.014414229430258274,0.1717865765094757,0.07607507705688477,0.010867834091186523,1104.0,0.16668154299259186,100.0,5.923218250274658,-0.0040407124906778336,1.9374526739120483,0.0,0.9989412426948547
1315,,,,,,,,-2.8838346004486084,0.0001500000071246177,-0.014873110689222813,0.014401388354599476,0.08269786834716797,0.010443687438964844,1030.0,0.16658273339271545,100.0,5.9984049797058105,-0.0058472901582717896,0.0022033306304365396,0.0,0.9991300702095032
1316,,,,,,,,-2.8906664848327637,1.975308623514138e-05,-0.01877303421497345,0.5118759274482727,0.08029794692993164,0.010828018188476562,1053.0,0.16644509136676788,100.0,5.936651706695557,-0.005271012429147959,0.4591970443725586,0.0,0.9993557929992676
1317,,,,,,,,-2.892062187194824,0.00022499999613501132,-0.009560950100421906,0.03389744833111763,0.08033370971679688,0.010326147079467773,1058.0,0.16654355823993683,100.0,5.910904884338379,-0.004420979414135218,0.012342522852122784,0.0,0.9992861747741699
1318,,,,,,,,-2.88051438331604,4.444444493856281e-05,-0.016369100660085678,0.5916381478309631,0.07763886451721191,0.010282039642333984,1091.0,0.16678769886493683,100.0,5.910904884338379,-0.003985942807048559,2.9504575729370117,0.0,0.999110221862793
1319,,,,,,,,-2.87522554397583,1.975308623514138e-05,-0.01639910787343979,0.014499496668577194,0.08188605308532715,0.011011123657226562,1033.0,0.16678489744663239,100.0,5.849640846252441,-0.005641578231006861,1.0621055253068334e-06,0.0,0.9991536140441895
1320,,,,,,,,-2.881809949874878,9.999999747378752e-05,-0.012007616460323334,0.9137037396430969,0.08321309089660645,0.010916948318481445,1019.0,0.1664717048406601,100.0,5.787568092346191,-0.00518043851479888,5.1674065589904785,0.0,0.9992935061454773
1321,,,,,,,,-2.901516914367676,1.975308623514138e-05,-0.022219382226467133,0.13127350807189941,0.07939600944519043,0.010077953338623047,1072.0,0.16631312668323517,100.0,5.778022289276123,-0.004881732165813446,0.10441872477531433,0.0,0.9991858601570129
1322,,,,,,,,-2.904592275619507,1.316872385359602e-05,-0.011801163665950298,0.19827711582183838,0.0752871036529541,0.010417938232421875,1120.0,0.16634143888950348,100.0,5.778022289276123,-0.004124247934669256,0.15293657779693604,0.0,0.9991868138313293
1323,,,,,,,,-2.9036097526550293,1.975308623514138e-05,-0.013567199930548668,0.00511595606803894,0.07692909240722656,0.01052999496459961,1097.0,0.16639214754104614,100.0,5.807316780090332,-0.005402319598942995,5.918460721510144e-10,0.0,0.9990641474723816
1324,,,,,,,,-2.9017202854156494,1.316872385359602e-05,-0.015159646049141884,0.6418814659118652,0.08707928657531738,0.010305643081665039,985.0,0.16643299162387848,100.0,5.747190952301025,-0.005144702736288309,1.9158692359924316,0.0,0.9994380474090576
1325,,,,,,,,-2.901554822921753,4.444444493856281e-05,-0.01812559925019741,0.6597121953964233,0.07840895652770996,0.01058506965637207,1078.0,0.16645005345344543,100.0,5.684470176696777,-0.0052663893438875675,5.5151286125183105,0.0,0.9991257786750793
1326,,,,,,,,-2.905700445175171,1.316872385359602e-05,-0.008345716632902622,0.3259899914264679,0.07844901084899902,0.010174036026000977,1083.0,0.1663825809955597,100.0,5.684470176696777,-0.004309366457164288,2.2228124141693115,0.0,0.9991582036018372
1327,,,,,,,,-2.908888339996338,1.316872385359602e-05,-0.018903540447354317,0.025626596063375473,0.07446670532226562,0.010866403579711914,1125.0,0.1663355827331543,100.0,5.684470176696777,-0.00430786469951272,0.0,0.0,0.9989233016967773
1328,-0.004974303301423788,2.3779191970825195,0.0,0.9991225600242615,0.0,0.0,1.0,-2.9096877574920654,1.975308623514138e-05,-0.016746098175644875,0.6748804450035095,0.08827996253967285,0.011445999145507812,962.0,0.16631408035755157,100.0,5.630030155181885,-0.006413551047444344,1.972528338432312,0.0,0.9993303418159485
1329,,,,,,,,-2.908442974090576,9.999999747378752e-05,-0.010549317114055157,0.7173696756362915,0.07753777503967285,0.010343313217163086,1092.0,0.166437029838562,100.0,5.60623836517334,-0.004848612006753683,4.62462854385376,0.0,0.9990916848182678
1330,,,,,,,,-2.9016294479370117,4.444444493856281e-05,-0.02728530578315258,0.295169860124588,0.07917094230651855,0.010310173034667969,1072.0,0.16648483276367188,100.0,5.60623836517334,-0.005406714975833893,0.15557976067066193,0.0,0.9992420077323914
1331,,,,,,,,-2.901580810546875,2.9629629352712072e-05,-0.02494971826672554,0.014082953333854675,0.0756070613861084,0.010246038436889648,1118.0,0.1664101779460907,100.0,5.60623836517334,-0.003837681608274579,7.647224265383556e-06,0.0,0.9990322589874268
1332,,,,,,,,-2.9019134044647217,1.975308623514138e-05,-0.014728047885000706,0.17507518827915192,0.08557391166687012,0.010344982147216797,1000.0,0.1664380133152008,100.0,5.662403106689453,-0.00694439560174942,0.31937626004219055,0.0,0.9993502497673035
1333,,,,,,,,-2.900617837905884,2.9629629352712072e-05,-0.009416145272552967,0.7662045955657959,0.08389902114868164,0.010715961456298828,1014.0,0.16644418239593506,100.0,5.662403106689453,-0.004128440748900175,4.958497524261475,0.0,0.9992371201515198
1334,,,,,,,,-2.8992557525634766,1.975308623514138e-05,-0.023914344608783722,0.10252497345209122,0.08063197135925293,0.010632038116455078,1051.0,0.16650153696537018,100.0,5.661945819854736,-0.005106700584292412,0.15421272814273834,0.0,0.9992628693580627
1335,,,,,,,,-2.8981635570526123,1.975308623514138e-05,-0.011696011759340763,0.18901769816875458,0.0772089958190918,0.010329961776733398,1096.0,0.16651466488838196,100.0,5.661945819854736,-0.003916056361049414,2.0460469722747803,0.0,0.9989809393882751
1336,,,,,,,,-2.8985209465026855,6.666666740784422e-05,-0.010363687761127949,0.01718422956764698,0.08401989936828613,0.010168075561523438,1019.0,0.16655388474464417,100.0,5.593790531158447,-0.005879504606127739,0.12405195087194443,0.0,0.999233067035675
1337,,,,,,,,-2.893317222595215,1.975308623514138e-05,-0.01952136494219303,0.6870275735855103,0.08021211624145508,0.010303974151611328,1060.0,0.16668112576007843,100.0,5.569183826446533,-0.004835307132452726,2.7648603916168213,0.0,0.9993131756782532
1338,,,,,,,,-2.8875088691711426,2.9629629352712072e-05,-0.019336625933647156,0.0809100940823555,0.07949185371398926,0.010452032089233398,1067.0,0.1667637974023819,100.0,5.546789646148682,-0.005069451406598091,0.11688968539237976,0.0,0.9993342757225037
1339,,,,,,,,-2.8829383850097656,1.316872385359602e-05,-0.021400175988674164,0.04333130642771721,0.07699203491210938,0.011171817779541016,1088.0,0.16683591902256012,100.0,5.546789646148682,-0.004341705236583948,0.03737826272845268,0.0,0.9991896152496338
1340,,,,,,,,-2.8806352615356445,6.666666740784422e-05,-0.01973576471209526,0.008779815398156643,0.08264589309692383,0.010381221771240234,1031.0,0.16683685779571533,100.0,5.529959201812744,-0.006100492551922798,0.0021648623514920473,0.0,0.9992849826812744
1341,,,,,,,,-2.882962226867676,1.316872385359602e-05,-0.010845407843589783,0.6391760110855103,0.08171391487121582,0.010977029800415039,1035.0,0.1668330729007721,100.0,5.529532432556152,-0.005065734963864088,3.4980194568634033,0.0,0.9993184208869934
1342,,,,,,,,-2.8834452629089355,2.9629629352712072e-05,-0.012487336993217468,0.2293524295091629,0.0789022445678711,0.010273933410644531,1076.0,0.16683170199394226,100.0,5.529478549957275,-0.0042858547531068325,1.3982504606246948,0.0,0.9992244839668274
1343,,,,,,,,-2.881969451904297,1.975308623514138e-05,-0.027640510350465775,0.09792575240135193,0.07677602767944336,0.010251998901367188,1103.0,0.1668899655342102,100.0,5.529478549957275,-0.0043457369320094585,0.14697295427322388,0.0,0.9991396069526672
1344,,,,,,,,-2.8792905807495117,1.316872385359602e-05,-0.014181500300765038,0.0034157435875386,0.08197593688964844,0.010788917541503906,1034.0,0.16691577434539795,100.0,5.4622602462768555,-0.005032127257436514,1.2317426580921165e-06,0.0,0.9991262555122375
1345,,,,,,,,-2.879263162612915,4.444444493856281e-05,-0.02265065163373947,0.5911500453948975,0.0812220573425293,0.010421037673950195,1047.0,0.1669338047504425,100.0,5.426170349121094,-0.005565220024436712,4.11557674407959,0.0,0.9993368983268738
1346,,,,,,,,-2.876110315322876,1.975308623514138e-05,-0.0117561100050807,0.19873565435409546,0.08149003982543945,0.011281967163085938,1034.0,0.1670539528131485,100.0,5.426018238067627,-0.004513062071055174,1.684514045715332,0.0,0.9991950392723083
1347,,,,,,,,-2.8716280460357666,6.666666740784422e-05,-0.005662867333739996,0.16768744587898254,0.07770633697509766,0.010429859161376953,1089.0,0.1670903116464615,100.0,5.426018238067627,-0.00394658325240016,0.15541084110736847,0.0,0.9991834759712219
1348,,,,,,,,-2.8706979751586914,1.316872385359602e-05,-0.020296089351177216,0.004596579819917679,0.07757997512817383,0.010789871215820312,1086.0,0.1670476645231247,100.0,5.444145679473877,-0.0055085644125938416,4.561341027109478e-10,0.0,0.9990549087524414
1349,,,,,,,,-2.870917797088623,1.316872385359602e-05,-0.021215785294771194,0.3863755166530609,0.0848538875579834,0.010402202606201172,1007.0,0.1670541614294052,100.0,5.4745330810546875,-0.004943322390317917,0.3016587197780609,0.0,0.9994828104972839
1350,,,,,,,,-2.869621515274048,1.316872385359602e-05,-0.018724819645285606,0.11070269346237183,0.07898521423339844,0.011744022369384766,1058.0,0.16708238422870636,100.0,5.474194049835205,-0.0048230658285319805,0.15140078961849213,0.0,0.999390184879303
1351,,,,,,,,-2.8697285652160645,6.666666740784422e-05,-0.017049264162778854,0.3691847324371338,0.0790708065032959,0.010743141174316406,1068.0,0.16698206961154938,100.0,5.474194049835205,-0.003876561066135764,2.173179864883423,0.0,0.9993228912353516
1352,,,,,,,,-2.8762786388397217,9.999999747378752e-06,-0.010965488851070404,0.022113900631666183,0.07505393028259277,0.010187149047851562,1126.0,0.1668657511472702,100.0,5.474194049835205,-0.003682218724861741,6.894318829471042e-29,0.0,0.9991407990455627
1353,-0.004652576986700296,0.1449790596961975,0.0,0.9993744492530823,0.0,0.0,1.0,-2.8795602321624756,5.062499985797331e-05,-0.012000548653304577,0.12690499424934387,0.08811807632446289,0.011093854904174805,967.0,0.1667676419019699,100.0,5.3146491050720215,-0.0064532570540905,0.30020058155059814,0.0,0.9994337558746338
1354,,,,,,,,-2.8851547241210938,1.4999999621068127e-05,-0.028741616755723953,0.7225393056869507,0.07669186592102051,0.010101079940795898,1106.0,0.1665980964899063,100.0,5.290205955505371,-0.004239244386553764,6.491466522216797,0.0,0.999100923538208
1355,,,,,,,,-2.8905270099639893,5.062499985797331e-05,-0.012840470299124718,0.19875593483448029,0.0789492130279541,0.010142803192138672,1077.0,0.16654670238494873,100.0,5.290205955505371,-0.004684528335928917,0.15328824520111084,0.0,0.9993090033531189
1356,,,,,,,,-2.8949599266052246,3.3749998692655936e-05,-0.010167333297431469,0.005420104134827852,0.0740199089050293,0.010183095932006836,1140.0,0.16656289994716644,100.0,5.290205955505371,-0.004399314522743225,1.573822009959258e-05,0.0,0.9990790486335754
1357,,,,,,,,-2.8990590572357178,3.3749998692655936e-05,-0.006551485508680344,0.13958372175693512,0.08433794975280762,0.010389089584350586,1013.0,0.16647356748580933,100.0,5.354640007019043,-0.005882965866476297,0.28736528754234314,0.0,0.9993721842765808
1358,,,,,,,,-2.901214361190796,5.062499985797331e-05,-0.02004564180970192,0.8077086210250854,0.08310604095458984,0.011062860488891602,1019.0,0.1665230542421341,100.0,5.354640007019043,-0.003925798926502466,6.27311897277832,0.0,0.9992397427558899
1359,,,,,,,,-2.900092124938965,3.3749998692655936e-05,-0.011924469843506813,0.07454737275838852,0.08189082145690918,0.011095046997070312,1032.0,0.16638292372226715,100.0,5.292667388916016,-0.004953412804752588,0.14630739390850067,0.0,0.9993116855621338
1360,,,,,,,,-2.9025840759277344,5.062499985797331e-05,-0.010170766152441502,0.1414114385843277,0.07588481903076172,0.010204076766967773,1115.0,0.16632716357707977,100.0,5.292667388916016,-0.004748135339468718,1.4913710355758667,0.0,0.9990582466125488
1361,,,,,,,,-2.897836685180664,2.2500000341096893e-05,-0.024004574865102768,0.018287239596247673,0.08571386337280273,0.010641813278198242,996.0,0.16650651395320892,100.0,5.264218807220459,-0.005489842966198921,0.11158353090286255,0.0,0.9992855191230774
1362,,,,,,,,-2.8909640312194824,7.593750342493877e-05,-0.01107634324580431,0.5322697758674622,0.08173775672912598,0.010409116744995117,1041.0,0.16666269302368164,100.0,5.249483108520508,-0.004714959766715765,2.796365737915039,0.0,0.9993439316749573
1363,,,,,,,,-2.88944673538208,3.3749998692655936e-05,-0.01449477020651102,0.5207820534706116,0.08158612251281738,0.01082301139831543,1038.0,0.16663452982902527,100.0,5.277834415435791,-0.005157070700079203,2.7307395935058594,0.0,0.9993067383766174
1364,,,,,,,,-2.8924803733825684,2.2500000341096893e-05,-0.023735642433166504,0.24039743840694427,0.07670998573303223,0.010356903076171875,1102.0,0.1666174829006195,100.0,5.277834415435791,-0.004652967676520348,2.259202480316162,0.0,0.9991275668144226
1365,,,,,,,,-2.8886523246765137,3.3749998692655936e-05,-0.023536071181297302,0.009882423095405102,0.08450007438659668,0.010522127151489258,1010.0,0.16684840619564056,100.0,5.213444709777832,-0.005929920356720686,0.0019502133363857865,0.0,0.9992440342903137
1366,,,,,,,,-2.8796775341033936,3.3749998692655936e-05,-0.026373889297246933,0.5345174670219421,0.07967495918273926,0.010804176330566406,1061.0,0.16695013642311096,100.0,5.262730598449707,-0.004823408555239439,2.1011126041412354,0.0,0.9993509650230408
1367,,,,,,,,-2.8800153732299805,1.4999999621068127e-05,-0.026146017014980316,0.04110525920987129,0.08136892318725586,0.010627031326293945,1043.0,0.1668703854084015,100.0,5.245599269866943,-0.004672083538025618,0.009436485357582569,0.0,0.9993802905082703
1368,,,,,,,,-2.884474754333496,7.593750342493877e-05,-0.006030586548149586,0.10676411539316177,0.07537579536437988,0.01093602180480957,1112.0,0.16671738028526306,100.0,5.245599269866943,-0.004544934723526239,0.14793945848941803,0.0,0.9992997050285339
1369,,,,,,,,-2.891160488128662,3.3749998692655936e-05,-0.017294026911258698,0.005626088939607143,0.0816187858581543,0.01083230972290039,1038.0,0.1666148453950882,100.0,5.155193328857422,-0.005003835074603558,1.036009280142025e-06,0.0,0.9992895126342773
1370,,,,,,,,-2.8917999267578125,2.2500000341096893e-05,-0.0202560406178236,0.6434146165847778,0.08194112777709961,0.010365009307861328,1040.0,0.16672252118587494,100.0,5.092543125152588,-0.0044520702213048935,2.817291021347046,0.0,0.9994542002677917
1371,,,,,,,,-2.887673854827881,7.593750342493877e-05,-0.012217513285577297,0.20410780608654022,0.08099198341369629,0.010463953018188477,1049.0,0.16670553386211395,100.0,5.092541694641113,-0.004851617384701967,1.6315451860427856,0.0,0.9992946982383728
1372,,,,,,,,-2.8867993354797363,3.3749998692655936e-05,-0.01688479259610176,0.13921169936656952,0.07730603218078613,0.01063084602355957,1091.0,0.16675984859466553,100.0,5.092541694641113,-0.004427426028996706,0.1527644693851471,0.0,0.9992690682411194
1373,,,,,,,,-2.882080316543579,1.4999999621068127e-05,-0.006106613669544458,0.004610647447407246,0.07660293579101562,0.010381937026977539,1103.0,0.16681070625782013,100.0,5.0793232917785645,-0.0051351734437048435,6.485597059402437e-10,0.0,0.9991472363471985
1374,,,,,,,,-2.879948616027832,5.062499985797331e-05,-0.010133689269423485,0.24690553545951843,0.0868840217590332,0.010352134704589844,987.0,0.16682004928588867,100.0,5.1086249351501465,-0.004522908013314009,0.30277737975120544,0.0,0.9995145797729492
1375,,,,,,,,-2.8801887035369873,2.2500000341096893e-05,-0.01885577104985714,0.0839332640171051,0.07924199104309082,0.010154247283935547,1073.0,0.16686828434467316,100.0,5.071805000305176,-0.004124469123780727,0.15226027369499207,0.0,0.9994068145751953
1376,,,,,,,,-2.8796989917755127,3.3749998692655936e-05,-0.019787505269050598,0.6441246271133423,0.07808375358581543,0.010118961334228516,1088.0,0.16688455641269684,100.0,5.071805000305176,-0.004803303629159927,2.3311944007873535,0.0,0.9993563294410706
1377,,,,,,,,-2.8838608264923096,3.3749998692655936e-05,-0.013988631777465343,0.019248588010668755,0.07369613647460938,0.010189056396484375,1144.0,0.16665726900100708,100.0,5.071805000305176,-0.004362025298178196,7.522422362234051e-29,0.0,0.9991798400878906
1378,-0.0047430857084691525,0.14561206102371216,0.0,0.9993970990180969,0.0,0.0,1.0,-2.895087957382202,2.2500000341096893e-05,-0.02683933638036251,0.14825654029846191,0.08908605575561523,0.010854244232177734,960.0,0.16655489802360535,100.0,4.909883499145508,-0.006209331098943949,0.29136228561401367,0.0,0.9994593262672424
1379,,,,,,,,-2.8969788551330566,3.3749998692655936e-05,-0.008286667987704277,0.63883376121521,0.07786393165588379,0.010674238204956055,1084.0,0.16658848524093628,100.0,4.898195266723633,-0.004296726547181606,5.800271511077881,0.0,0.9991464018821716
1380,,,,,,,,-2.8940365314483643,5.062499985797331e-05,-0.014579417183995247,0.11130647361278534,0.07945609092712402,0.010286808013916016,1069.0,0.1665864735841751,100.0,4.898195266723633,-0.0048386408016085625,0.14922334253787994,0.0,0.9993248581886292
1381,,,,,,,,-2.893904447555542,2.2500000341096893e-05,-0.019617939367890358,0.44099318981170654,0.07639288902282715,0.010030269622802734,1110.0,0.16644595563411713,100.0,4.898195266723633,-0.003933352883905172,2.7692654132843018,0.0,0.9989969730377197
1382,,,,,,,,-2.8992738723754883,7.593750342493877e-05,-0.014316899701952934,0.1575399786233902,0.08284497261047363,0.010204315185546875,1031.0,0.16633060574531555,100.0,4.881153583526611,-0.006096001714468002,0.30398035049438477,0.0,0.9993137717247009
1383,,,,,,,,-2.9050729274749756,2.2500000341096893e-05,-0.020986422896385193,1.0547984838485718,0.0832509994506836,0.010553121566772461,1023.0,0.1662740707397461,100.0,4.881153583526611,-0.004664864856749773,6.049795627593994,0.0,0.999168336391449
1384,,,,,,,,-2.9053587913513184,2.2500000341096893e-05,-0.017483193427324295,0.09075302630662918,0.08024096488952637,0.010731935501098633,1055.0,0.16625121235847473,100.0,4.884486198425293,-0.004892157390713692,0.1480240821838379,0.0,0.9992804527282715
1385,,,,,,,,-2.905632257461548,3.3749998692655936e-05,-0.010665315203368664,0.23073801398277283,0.07553791999816895,0.010215282440185547,1119.0,0.16627521812915802,100.0,4.884486198425293,-0.004370700102299452,2.2770159244537354,0.0,0.9990180134773254
1386,,,,,,,,-2.904120445251465,3.3749998692655936e-05,-0.029012002050876617,0.01659698784351349,0.08319211006164551,0.010796070098876953,1021.0,0.1663745492696762,100.0,4.865392684936523,-0.004966774955391884,0.10040942579507828,0.0,0.999247133731842
1387,,,,,,,,-2.9008092880249023,5.062499985797331e-05,-0.019516391679644585,0.4568944573402405,0.08191704750061035,0.010159015655517578,1042.0,0.16655848920345306,100.0,4.906979084014893,-0.004857270047068596,2.7360315322875977,0.0,0.9993039965629578
1388,,,,,,,,-2.901160478591919,5.062499985797331e-05,-0.015151477418839931,0.2167855054140091,0.08095788955688477,0.010283946990966797,1052.0,0.16641613841056824,100.0,4.8937249183654785,-0.004715378396213055,2.3321781158447266,0.0,0.9992596507072449
1389,,,,,,,,-2.913647174835205,1.4999999621068127e-05,-0.021383892744779587,0.0332435742020607,0.07608389854431152,0.010305166244506836,1111.0,0.1662682145833969,100.0,4.8937249183654785,-0.003916522022336721,0.03598453104496002,0.0,0.9991519451141357
1390,,,,,,,,-2.9188101291656494,3.3749998692655936e-05,-0.011449381709098816,0.0058703068643808365,0.0825958251953125,0.010201215744018555,1034.0,0.16624507308006287,100.0,4.939289093017578,-0.005516150500625372,0.002302056411281228,0.0,0.9992175102233887
1391,,,,,,,,-2.9222238063812256,3.3749998692655936e-05,-0.012508464977145195,0.655332088470459,0.08409285545349121,0.010629892349243164,1013.0,0.16616031527519226,100.0,4.945367336273193,-0.005701032001525164,4.492523193359375,0.0,0.9992886185646057
1392,,,,,,,,-2.9245707988739014,5.062499985797331e-05,-0.006324560847133398,0.035032354295253754,0.07886695861816406,0.010949134826660156,1068.0,0.16609413921833038,100.0,4.888760566711426,-0.004782837349921465,0.011640350334346294,0.0,0.9993159174919128
1393,,,,,,,,-2.926849603652954,5.062499985797331e-05,-0.02172030135989189,0.24463875591754913,0.07542872428894043,0.010368108749389648,1118.0,0.16595099866390228,100.0,4.888760566711426,-0.004139311145991087,1.730230450630188,0.0,0.9991154670715332
1394,,,,,,,,-2.9265499114990234,3.3749998692655936e-05,-0.017559180036187172,0.012260636314749718,0.08247089385986328,0.01026773452758789,1035.0,0.16591930389404297,100.0,4.923122882843018,-0.00512408884242177,1.4101184433457092e-06,0.0,0.9991382956504822
1395,,,,,,,,-2.92120623588562,9.999999747378752e-06,-0.026884417980909348,0.38626912236213684,0.08261775970458984,0.011085033416748047,1024.0,0.16591112315654755,100.0,4.923107147216797,-0.004699368495494127,1.8025151491165161,0.0,0.9993787407875061
1396,,,,,,,,-2.9203436374664307,5.062499985797331e-05,-0.010567189194262028,0.33211690187454224,0.08106184005737305,0.011393070220947266,1038.0,0.16592976450920105,100.0,4.902277946472168,-0.00466187996789813,2.3663034439086914,0.0,0.9992122054100037
1397,,,,,,,,-2.919440507888794,1.4999999621068127e-05,-0.027201492339372635,0.16136929392814636,0.07606196403503418,0.01049494743347168,1109.0,0.16595418751239777,100.0,4.902277946472168,-0.003673272905871272,0.15133136510849,0.0,0.9992334246635437
1398,,,,,,,,-2.920509099960327,3.3749998692655936e-05,-0.013052183203399181,0.0063393255695700645,0.07816004753112793,0.010898113250732422,1077.0,0.16586235165596008,100.0,4.8507399559021,-0.005030288826674223,4.063935021836329e-10,0.0,0.9991102814674377
1399,,,,,,,,-2.92376708984375,2.2500000341096893e-05,-0.008762898854911327,1.0866503715515137,0.0874948501586914,0.010568857192993164,978.0,0.16585251688957214,100.0,4.853499412536621,-0.0044989087618887424,2.484313488006592,0.0,0.9994614720344543
1400,,,,,,,,-2.921780586242676,0.00011390625149942935,-0.006663373205810785,0.2784385681152344,0.07863712310791016,0.010936737060546875,1071.0,0.16600218415260315,100.0,4.807459831237793,-0.005321356933563948,1.498196005821228,0.0,0.9992427825927734
1401,,,,,,,,-2.9137353897094727,1.4999999621068127e-05,-0.005170502699911594,0.31690162420272827,0.07722687721252441,0.010642290115356445,1092.0,0.16611121594905853,100.0,4.807459831237793,-0.0041361055336892605,2.1411728858947754,0.0,0.9992611408233643
1402,,,,,,,,-2.9121079444885254,1.4999999621068127e-05,-0.02223200909793377,0.022022608667612076,0.07572102546691895,0.010908126831054688,1108.0,0.16615383327007294,100.0,4.807459831237793,-0.003995765000581741,5.605193857299268e-45,0.0,0.9990453720092773
1403,-0.004690518602728844,1.2744029760360718,0.0,0.9992489814758301,0.0,0.0,1.0,-2.9101462364196777,5.062499985797331e-05,-0.011896100826561451,0.8039671182632446,0.08839011192321777,0.01065206527709961,969.0,0.1661567986011505,100.0,4.752780437469482,-0.0060953907668590546,1.8515092134475708,0.0,0.9993810057640076
1404,,,,,,,,-2.909931182861328,2.2500000341096893e-05,-0.022211648523807526,0.32140612602233887,0.0780949592590332,0.011761903762817383,1068.0,0.16618192195892334,100.0,4.744141578674316,-0.004035679157823324,0.157843679189682,0.0,0.9992278218269348
1405,,,,,,,,-2.9058330059051514,2.2500000341096893e-05,-0.02120383083820343,0.766406238079071,0.08120608329772949,0.010655879974365234,1045.0,0.1663031280040741,100.0,4.744141578674316,-0.0050153955817222595,2.1202003955841064,0.0,0.9993370175361633
1406,,,,,,,,-2.900158166885376,2.2500000341096893e-05,-0.02452242746949196,0.09587375074625015,0.075408935546875,0.010807037353515625,1113.0,0.1664748191833496,100.0,4.744141578674316,-0.004669543821364641,1.4625646042400798e-26,0.0,0.9990504384040833
1407,,,,,,,,-2.8960490226745605,5.062499985797331e-05,-0.007056425325572491,0.4234992265701294,0.0845479965209961,0.010597944259643555,1008.0,0.166458398103714,100.0,4.743870735168457,-0.005787534173578024,0.30285316705703735,0.0,0.9993782043457031
1408,,,,,,,,-2.896547555923462,2.2500000341096893e-05,-0.017158744856715202,0.5224037170410156,0.08283591270446777,0.011415958404541016,1018.0,0.16641920804977417,100.0,4.743870735168457,-0.004737818147987127,3.327054977416992,0.0,0.9992467761039734
1409,,,,,,,,-2.893009901046753,3.3749998692655936e-05,-0.015700045973062515,0.08350473642349243,0.08167505264282227,0.010572671890258789,1040.0,0.16655640304088593,100.0,4.747650146484375,-0.0045854696072638035,0.15435855090618134,0.0,0.9992837309837341
1410,,,,,,,,-2.8883094787597656,1.4999999621068127e-05,-0.01592567376792431,0.1561400592327118,0.07519698143005371,0.011056184768676758,1113.0,0.1666477471590042,100.0,4.747650146484375,-0.003775879740715027,1.4736133813858032,0.0,0.9990169405937195
1411,,,,,,,,-2.8868496417999268,2.2500000341096893e-05,-0.009121912531554699,0.016814149916172028,0.0834801197052002,0.010518789291381836,1021.0,0.16661250591278076,100.0,4.744241714477539,-0.005305467173457146,0.1272362619638443,0.0,0.9992378354072571
1412,,,,,,,,-2.889240264892578,2.2500000341096893e-05,-0.012823951430618763,0.28832006454467773,0.08114314079284668,0.01050710678100586,1047.0,0.1664852350950241,100.0,4.730621814727783,-0.005109078716486692,2.2764594554901123,0.0,0.9992819428443909
1413,,,,,,,,-2.8933589458465576,3.3749998692655936e-05,-0.010147297754883766,0.24281667172908783,0.07988595962524414,0.010406017303466797,1063.0,0.16640017926692963,100.0,4.758897304534912,-0.004717841278761625,2.3043065071105957,0.0,0.9992501139640808
1414,,,,,,,,-2.897317886352539,5.062499985797331e-05,-0.01153450645506382,0.15653228759765625,0.0755150318145752,0.010521888732910156,1115.0,0.16629908978939056,100.0,4.758897304534912,-0.004234169144183397,1.5288645029067993,0.0,0.9990413188934326
1415,,,,,,,,-2.900977849960327,0.00017085937724914402,-0.0032321810722351074,0.007365372031927109,0.0846869945526123,0.010789871215820312,1005.0,0.16620294749736786,100.0,4.753355503082275,-0.0057308911345899105,0.002164216712117195,0.0,0.9991652369499207
1416,,,,,,,,-2.9089746475219727,9.999999747378752e-06,0.002045694040134549,0.3902398347854614,0.08112096786499023,0.011024951934814453,1041.0,0.16610895097255707,100.0,4.761322498321533,-0.004796929191797972,0.460996150970459,0.0,0.9993669986724854
1417,,,,,,,,-2.910613536834717,5.062499985797331e-05,-0.01818537898361683,0.15727679431438446,0.08042407035827637,0.011029958724975586,1049.0,0.16613058745861053,100.0,4.7508087158203125,-0.005084716249257326,1.6570202112197876,0.0,0.9992446899414062
1418,,,,,,,,-2.9110569953918457,2.2500000341096893e-05,-0.029766930267214775,0.08037813752889633,0.0762491226196289,0.010695934295654297,1104.0,0.1661314219236374,100.0,4.7508087158203125,-0.004369039088487625,0.1447715163230896,0.0,0.9991814494132996
1419,,,,,,,,-2.9087672233581543,5.062499985797331e-05,-0.02339344471693039,0.003705713665112853,0.08162307739257812,0.01088094711303711,1037.0,0.1662711650133133,100.0,4.675136566162109,-0.005255289375782013,1.2437614032023703e-06,0.0,0.9991340637207031
1420,,,,,,,,-2.898505449295044,1.4999999621068127e-05,-0.02119610831141472,0.5054485201835632,0.08151507377624512,0.01061105728149414,1042.0,0.16648562252521515,100.0,4.706809043884277,-0.005413580220192671,2.3438100814819336,0.0,0.9993728995323181
1421,,,,,,,,-2.8929905891418457,3.3749998692655936e-05,-0.010371513664722443,0.06689273566007614,0.07872509956359863,0.010555028915405273,1075.0,0.16654065251350403,100.0,4.670180797576904,-0.005637284833937883,0.10978657752275467,0.0,0.9993131160736084
1422,,,,,,,,-2.8889107704162598,2.2500000341096893e-05,-0.012396357022225857,0.12703831493854523,0.07680010795593262,0.010833024978637695,1095.0,0.1666959524154663,100.0,4.670180797576904,-0.0043950569815933704,0.14877325296401978,0.0,0.999225914478302
1423,,,,,,,,-2.8808743953704834,1.4999999621068127e-05,-0.015333582647144794,0.006304130423814058,0.07720398902893066,0.010820865631103516,1090.0,0.1667940318584442,100.0,4.7084527015686035,-0.005248676985502243,3.062487208271847e-10,0.0,0.999087393283844
1424,,,,,,,,-2.8753859996795654,2.2500000341096893e-05,-0.020229700952768326,0.4528202712535858,0.08715701103210449,0.010885238647460938,979.0,0.166868656873703,100.0,4.708393096923828,-0.005028066225349903,3.2383782863616943,0.0,0.9994244575500488
1425,,,,,,,,-2.8690848350524902,7.593750342493877e-05,-0.004547798540443182,0.258817583322525,0.07777214050292969,0.010379552841186523,1089.0,0.1670314222574234,100.0,4.654402256011963,-0.005241743754595518,1.6630090475082397,0.0,0.9991536736488342
1426,,,,,,,,-2.859241008758545,3.3749998692655936e-05,-0.026910685002803802,0.17708231508731842,0.07803606986999512,0.010490894317626953,1084.0,0.16714301705360413,100.0,4.654402256011963,-0.004168765153735876,0.14999645948410034,0.0,0.9992306232452393
1427,,,,,,,,-2.8536462783813477,1.4999999621068127e-05,-0.017839545384049416,0.005600155331194401,0.07549500465393066,0.010840892791748047,1111.0,0.16724079847335815,100.0,4.654402256011963,-0.0038439601194113493,8.460008871225e-08,0.0,0.998961865901947
1428,-0.004815299529582262,1.5684441328048706,0.0,0.9991407990455627,0.0,0.0,1.0,-2.8485183715820312,5.062499985797331e-05,-0.008438916876912117,0.10086547583341599,0.0873262882232666,0.01031494140625,983.0,0.167340487241745,100.0,4.647289752960205,-0.006505196448415518,0.2947835624217987,0.0,0.9993788599967957
1429,,,,,,,,-2.841848373413086,1.4999999621068127e-05,-0.018335696309804916,0.5256531834602356,0.07895398139953613,0.010865211486816406,1068.0,0.16737955808639526,100.0,4.647222518920898,-0.004592190030962229,4.715824604034424,0.0,0.9991633892059326
1430,,,,,,,,-2.839808702468872,5.062499985797331e-05,-0.018538793548941612,0.4195813536643982,0.08125472068786621,0.010464191436767578,1046.0,0.16734936833381653,100.0,4.647222518920898,-0.0047402577474713326,1.7791846990585327,0.0,0.999260425567627
1431,,,,,,,,-2.8400142192840576,3.3749998692655936e-05,-0.008113760501146317,0.05145765095949173,0.07693123817443848,0.011592864990234375,1084.0,0.16729199886322021,100.0,4.647222518920898,-0.004371090326458216,2.9975304617679157e-27,0.0,0.9988959431648254
1432,,,,,,,,-2.8383383750915527,1.4999999621068127e-05,-0.01317833922803402,0.14289338886737823,0.08440399169921875,0.010726213455200195,1009.0,0.16730572283267975,100.0,4.600747585296631,-0.006077656056731939,0.3039819300174713,0.0,0.9992740750312805
1433,,,,,,,,-2.8367838859558105,0.00011390625149942935,-0.005202463828027248,0.9616031646728516,0.08073592185974121,0.010837078094482422,1048.0,0.16727511584758759,100.0,4.600747585296631,-0.004294657614082098,4.099530220031738,0.0,0.9991671442985535
1434,,,,,,,,-2.8455519676208496,5.062499985797331e-05,-0.011690160259604454,0.08039319515228271,0.08051896095275879,0.01051783561706543,1054.0,0.16682495176792145,100.0,4.592229843139648,-0.005035739857703447,0.16352097690105438,0.0,0.9991838335990906
1435,,,,,,,,-2.860215902328491,5.062499985797331e-05,-0.0027368825394660234,0.20146818459033966,0.07519698143005371,0.010323047637939453,1122.0,0.16660109162330627,100.0,4.592229843139648,-0.003951646853238344,2.117039680480957,0.0,0.9988727569580078
1436,,,,,,,,-2.8675930500030518,3.3749998692655936e-05,-0.013302826322615147,0.017497319728136063,0.08193087577819824,0.011188983917236328,1030.0,0.1664123833179474,100.0,4.548069000244141,-0.0053300210274755955,0.13326941430568695,0.0,0.9991286396980286
1437,,,,,,,,-2.8743808269500732,9.999999747378752e-06,-0.030646897852420807,0.6125075817108154,0.08433914184570312,0.011169910430908203,1005.0,0.1663348376750946,100.0,4.550142765045166,-0.004647587891668081,4.084221363067627,0.0,0.9991340637207031
1438,,,,,,,,-2.879481554031372,7.593750342493877e-05,-0.008947285823523998,0.07702281326055527,0.08089017868041992,0.010394811630249023,1051.0,0.1661401242017746,100.0,4.590940952301025,-0.004509453196078539,0.15562988817691803,0.0,0.9992277026176453
1439,,,,,,,,-2.896017551422119,1.4999999621068127e-05,-0.024479124695062637,0.28315481543540955,0.07604503631591797,0.010799169540405273,1105.0,0.16585320234298706,100.0,4.590940952301025,-0.0038547751028090715,2.35101580619812,0.0,0.9988968968391418
1440,,,,,,,,-2.9035961627960205,5.062499985797331e-05,-0.014821496792137623,0.009104765020310879,0.08268213272094727,0.010767698287963867,1027.0,0.16574612259864807,100.0,4.607483386993408,-0.005151540506631136,0.0020788093097507954,0.0,0.999093234539032
1441,,,,,,,,-2.9087891578674316,9.999999747378752e-06,-0.019077438861131668,0.4096757769584656,0.08264803886413574,0.010317087173461914,1032.0,0.16558414697647095,100.0,4.570608615875244,-0.005347203463315964,4.3853607177734375,0.0,0.9991725087165833
1442,,,,,,,,-2.9132072925567627,2.2500000341096893e-05,-0.013390242122113705,0.3125014305114746,0.08210992813110352,0.010874271392822266,1032.0,0.1655087023973465,100.0,4.576488494873047,-0.00467920396476984,2.4459495544433594,0.0,0.9991055130958557
1443,,,,,,,,-2.913384199142456,3.3749998692655936e-05,-0.016096198931336403,0.20565350353717804,0.07598996162414551,0.010499954223632812,1109.0,0.16563522815704346,100.0,4.576488494873047,-0.004629931412637234,1.8267598152160645,0.0,0.9989478588104248
1444,,,,,,,,-2.908928155899048,2.2500000341096893e-05,-0.016653133556246758,0.015886491164565086,0.07968902587890625,0.010756969451904297,1061.0,0.16567152738571167,100.0,4.605220794677734,-0.004853532183915377,1.2009651300104451e-06,0.0,0.9989604949951172
1445,,,,,,,,-2.904944896697998,2.2500000341096893e-05,-0.010883385315537453,0.6744019985198975,0.08148407936096191,0.01035165786743164,1045.0,0.16580581665039062,100.0,4.652080535888672,-0.004740952979773283,2.771216630935669,0.0,0.9993038177490234
1446,,,,,,,,-2.896589756011963,1.4999999621068127e-05,-0.005686920136213303,0.33418935537338257,0.08294868469238281,0.010450363159179688,1027.0,0.1659782975912094,100.0,4.684327602386475,-0.004603143315762281,2.555359125137329,0.0,0.9991500377655029
1447,,,,,,,,-2.888719320297241,2.2500000341096893e-05,-0.02131940796971321,0.26764997839927673,0.07666897773742676,0.011098146438598633,1093.0,0.16608406603336334,100.0,4.684327602386475,-0.0039011298213154078,1.854141116142273,0.0,0.999079704284668
1448,,,,,,,,-2.8858609199523926,3.3749998692655936e-05,-0.009697522036731243,0.024158593267202377,0.0779409408569336,0.010644912719726562,1083.0,0.16603267192840576,100.0,4.672406196594238,-0.004992928821593523,1.528207699275086e-10,0.0,0.9989261627197266
1449,,,,,,,,-2.8859262466430664,5.062499985797331e-05,-0.010473818518221378,0.47383666038513184,0.08685612678527832,0.011006832122802734,980.0,0.16612255573272705,100.0,4.6927289962768555,-0.004931240808218718,1.8196197748184204,0.0,0.9993455410003662
1450,,,,,,,,-2.881600856781006,2.2500000341096893e-05,-0.022774219512939453,0.40688711404800415,0.07856607437133789,0.01009678840637207,1082.0,0.16619400680065155,100.0,4.725347518920898,-0.005128147546201944,2.550246477127075,0.0,0.9991104006767273
1451,,,,,,,,-2.881319761276245,1.4999999621068127e-05,-0.01577790081501007,0.3224062919616699,0.0784461498260498,0.010370016098022461,1080.0,0.16614849865436554,100.0,4.725347518920898,-0.0041847992688417435,2.3385050296783447,0.0,0.9991409182548523
1452,,,,,,,,-2.883864641189575,7.593750342493877e-05,-0.0019898470491170883,0.028358280658721924,0.0759580135345459,0.010837078094482422,1106.0,0.1660606563091278,100.0,4.725347518920898,-0.004599562846124172,0.0,0.0,0.9988968968391418
1453,-0.005086548160761595,1.3983573913574219,0.0,0.9991356730461121,0.0,0.0,1.0,-2.8910372257232666,2.2500000341096893e-05,-0.01827992871403694,0.1266392469406128,0.08744120597839355,0.010187625885009766,983.0,0.16595260798931122,100.0,4.6978678703308105,-0.0067909336648881435,0.3152872622013092,0.0,0.9992983341217041
1454,,,,,,,,-2.8919174671173096,1.4999999621068127e-05,-0.017325572669506073,0.6035436391830444,0.0765841007232666,0.010526895523071289,1102.0,0.16601026058197021,100.0,4.739780426025391,-0.004048971924930811,3.9412763118743896,0.0,0.999082624912262
1455,,,,,,,,-2.888747215270996,3.3749998692655936e-05,-0.0065538338385522366,0.24963459372520447,0.07993817329406738,0.011520862579345703,1049.0,0.1660393327474594,100.0,4.739780426025391,-0.004574348218739033,1.7398033142089844,0.0,0.9992306232452393
1456,,,,,,,,-2.8900976181030273,5.062499985797331e-05,-0.008226287551224232,0.07818096876144409,0.07542610168457031,0.011081933975219727,1109.0,0.16593316197395325,100.0,4.739780426025391,-0.0034088778775185347,1.0945324689320015e-27,0.0,0.9989042282104492
1457,,,,,,,,-2.896712064743042,2.2500000341096893e-05,-0.027065996080636978,0.4113529622554779,0.08532404899597168,0.010513782501220703,1001.0,0.16587626934051514,100.0,4.812791347503662,-0.005844984203577042,0.28844916820526123,0.0,0.9992859959602356
1458,,,,,,,,-2.8954105377197266,3.3749998692655936e-05,-0.01244367379695177,0.2911156415939331,0.08153104782104492,0.010663032531738281,1041.0,0.1660841703414917,100.0,4.812791347503662,-0.004340146668255329,0.17158079147338867,0.0,0.9993133544921875
1459,,,,,,,,-2.8844218254089355,7.593750342493877e-05,-0.014165690168738365,0.029818013310432434,0.08148312568664551,0.010886907577514648,1039.0,0.16641642153263092,100.0,4.804474830627441,-0.004476545844227076,0.1529286950826645,0.0,0.9993402361869812
1460,,,,,,,,-2.875425338745117,3.3749998692655936e-05,-0.020402049645781517,0.23034946620464325,0.07590198516845703,0.010200977325439453,1114.0,0.16626790165901184,100.0,4.804474830627441,-0.003985184710472822,2.34633469581604,0.0,0.9990341663360596
1461,,,,,,,,-2.884453058242798,5.062499985797331e-05,-0.018689563497900963,0.03654789924621582,0.08346104621887207,0.010307073593139648,1023.0,0.16601932048797607,100.0,4.714468002319336,-0.0059603420086205006,0.1026986762881279,0.0,0.9992693066596985
1462,,,,,,,,-2.8900115489959717,2.2500000341096893e-05,-0.019003594294190407,0.6890891790390015,0.08026599884033203,0.01026606559753418,1060.0,0.1660093516111374,100.0,4.682928562164307,-0.004913284443318844,3.421048402786255,0.0,0.9992526173591614
1463,,,,,,,,-2.8895163536071777,2.2500000341096893e-05,-0.02813323773443699,0.22576598823070526,0.08096885681152344,0.010283946990966797,1052.0,0.16602735221385956,100.0,4.727950572967529,-0.0045523070730268955,0.11405416578054428,0.0,0.9992384314537048
1464,,,,,,,,-2.8859081268310547,5.062499985797331e-05,-0.016182146966457367,0.03103981539607048,0.07436323165893555,0.010265827178955078,1134.0,0.1661895513534546,100.0,4.727950572967529,-0.004663882777094841,0.038697339594364166,0.0,0.9990976452827454
1465,,,,,,,,-2.8755245208740234,2.2500000341096893e-05,-0.01656852662563324,0.004806597251445055,0.08174800872802734,0.010186910629272461,1044.0,0.16640117764472961,100.0,4.676754474639893,-0.005357570946216583,0.001853450550697744,0.0,0.9991599917411804
1466,,,,,,,,-2.8713154792785645,2.2500000341096893e-05,-0.01338095311075449,0.7026504278182983,0.08206391334533691,0.01027822494506836,1039.0,0.16643571853637695,100.0,4.669637203216553,-0.004814170766621828,4.622906684875488,0.0,0.9992685317993164
1467,,,,,,,,-2.870140314102173,3.3749998692655936e-05,-0.014433786273002625,0.16290517151355743,0.08052992820739746,0.010989189147949219,1048.0,0.16657452285289764,100.0,4.641141414642334,-0.004956264514476061,1.5939140319824219,0.0,0.9992022514343262
1468,,,,,,,,-2.8658268451690674,3.3749998692655936e-05,-0.018774360418319702,0.4692460894584656,0.07579612731933594,0.010387897491455078,1113.0,0.16666898131370544,100.0,4.641141414642334,-0.004615083336830139,2.775308847427368,0.0,0.9989852905273438
1469,,,,,,,,-2.8615434169769287,2.2500000341096893e-05,-0.013365590944886208,0.009325927123427391,0.08217215538024902,0.010554075241088867,1035.0,0.16674399375915527,100.0,4.673948287963867,-0.005073215812444687,1.2392337112032692e-06,0.0,0.9989838600158691
1470,,,,,,,,-2.854022264480591,5.062499985797331e-05,-0.020574577152729034,0.3677810728549957,0.08266687393188477,0.010341882705688477,1032.0,0.16694863140583038,100.0,4.654911041259766,-0.005231706891208887,1.8333104848861694,0.0,0.9992876648902893
1471,,,,,,,,-2.8439781665802,5.062499985797331e-05,-0.017308801412582397,0.08015916496515274,0.08188533782958984,0.011142969131469727,1031.0,0.1670328825712204,100.0,4.662181377410889,-0.0050926837138831615,0.11044817417860031,0.0,0.9992489814758301
1472,,,,,,,,-2.8400096893310547,1.4999999621068127e-05,-0.028042806312441826,0.53962242603302,0.07753109931945801,0.011153936386108398,1082.0,0.16707944869995117,100.0,4.662181377410889,-0.004183988552540541,2.925161600112915,0.0,0.9991567730903625
1473,,,,,,,,-2.8389642238616943,3.3749998692655936e-05,-0.01626812480390072,0.02405571937561035,0.07744193077087402,0.01033329963684082,1093.0,0.16709773242473602,100.0,4.658997535705566,-0.0053558372892439365,9.20183582109324e-11,0.0,0.9990325570106506
1474,,,,,,,,-2.8386757373809814,2.2500000341096893e-05,-0.010215576738119125,0.3932077884674072,0.08665871620178223,0.010554075241088867,987.0,0.16709744930267334,100.0,4.659034729003906,-0.005071435589343309,1.7806944847106934,0.0,0.9993777871131897
1475,,,,,,,,-2.8407950401306152,3.3749998692655936e-05,-0.012799027375876904,0.3267853260040283,0.07942914962768555,0.010739803314208984,1064.0,0.16697075963020325,100.0,4.712240219116211,-0.005606403108686209,2.4101927280426025,0.0,0.9991579055786133
1476,,,,,,,,-2.848658561706543,5.062499985797331e-05,-0.018463093787431717,0.17375989258289337,0.08022570610046387,0.010567188262939453,1057.0,0.166791632771492,100.0,4.712240219116211,-0.0035286834463477135,1.6808801889419556,0.0,0.9992368817329407
1477,,,,,,,,-2.8533082008361816,2.2500000341096893e-05,-0.014563523232936859,0.03099200502038002,0.07588005065917969,0.010835886001586914,1107.0,0.16681475937366486,100.0,4.712240219116211,-0.0037771619390696287,2.956739759725364e-43,0.0,0.9989575743675232
1478,-0.004740709904581308,1.3410840034484863,0.0,0.9991910457611084,0.0,0.0,1.0,-2.8514809608459473,2.2500000341096893e-05,-0.010535181500017643,0.42213571071624756,0.08840703964233398,0.010255098342895508,973.0,0.16679134964942932,100.0,4.707276344299316,-0.0057381377555429935,1.9656037092208862,0.0,0.9993376731872559
1479,,,,,,,,-2.8533177375793457,3.3749998692655936e-05,-0.008417045697569847,0.5343771576881409,0.07721805572509766,0.010759115219116211,1091.0,0.1667318493127823,100.0,4.736611843109131,-0.004491460043936968,1.8898357152938843,0.0,0.9991249442100525
1480,,,,,,,,-2.8526694774627686,3.3749998692655936e-05,-0.01796087995171547,0.30128830671310425,0.08005475997924805,0.010907173156738281,1055.0,0.16675780713558197,100.0,4.736611843109131,-0.005124525632709265,0.14101284742355347,0.0,0.999310314655304
1481,,,,,,,,-2.847235918045044,1.4999999621068127e-05,-0.009794450365006924,0.004713695030659437,0.07520008087158203,0.010284900665283203,1123.0,0.1668892204761505,100.0,4.736611843109131,-0.003905933117493987,1.3727162695431616e-05,0.0,0.9990026950836182
1482,,,,,,,,-2.8453638553619385,0.00011390625149942935,-0.01551258284598589,0.3791179358959198,0.08300185203552246,0.010935068130493164,1021.0,0.16676680743694305,100.0,4.801887512207031,-0.006205646321177483,0.26335084438323975,0.0,0.999355137348175
1483,,,,,,,,-2.8523383140563965,2.2500000341096893e-05,-0.026496153324842453,0.2136799544095993,0.0781559944152832,0.010221004486083984,1086.0,0.16670148074626923,100.0,4.801887512207031,-0.004193692933768034,0.1612435281276703,0.0,0.9994094967842102
1484,,,,,,,,-2.8552794456481934,5.062499985797331e-05,-0.012227093800902367,0.041479259729385376,0.07911992073059082,0.010257959365844727,1074.0,0.16659776866436005,100.0,4.759830951690674,-0.004992943722754717,0.1491960734128952,0.0,0.9994086623191833
1485,,,,,,,,-2.864501714706421,3.3749998692655936e-05,-0.007169804535806179,0.12143079936504364,0.07510089874267578,0.010172843933105469,1125.0,0.16639214754104614,100.0,4.759830951690674,-0.004143095575273037,1.5980373620986938,0.0,0.9990776181221008
1486,,,,,,,,-2.873661994934082,0.00011390625149942935,-0.012208870612084866,0.026929324492812157,0.0817861557006836,0.010574817657470703,1039.0,0.16623805463314056,100.0,4.680291652679443,-0.004674334544688463,0.11231239885091782,0.0,0.999269962310791
1487,,,,,,,,-2.8827013969421387,1.4999999621068127e-05,-0.022538471966981888,1.7949156761169434,0.08289527893066406,0.010916709899902344,1023.0,0.16619837284088135,100.0,4.651026725769043,-0.005321822594851255,6.119512557983398,0.0,0.999135434627533
1488,,,,,,,,-2.882838010787964,3.3749998692655936e-05,-0.021908896043896675,0.4435477554798126,0.08074712753295898,0.010766983032226562,1049.0,0.16623175144195557,100.0,4.628541946411133,-0.0047026388347148895,2.8109800815582275,0.0,0.9991445541381836
1489,,,,,,,,-2.8806891441345215,1.4999999621068127e-05,-0.00439430121332407,0.8963145017623901,0.07575702667236328,0.01028585433959961,1115.0,0.16620799899101257,100.0,4.628541946411133,-0.004166918341070414,3.0208323001861572,0.0,0.9988498091697693
1490,,,,,,,,-2.8817813396453857,5.062499985797331e-05,-0.016036324203014374,0.007850272580981255,0.0823969841003418,0.010273933410644531,1035.0,0.16612911224365234,100.0,4.667997360229492,-0.005058113485574722,0.0014757020398974419,0.0,0.999009907245636
1491,,,,,,,,-2.881577968597412,1.4999999621068127e-05,-0.020886851474642754,1.0904572010040283,0.08252310752868652,0.010581016540527344,1031.0,0.16612067818641663,100.0,4.677484512329102,-0.004898421932011843,3.380413055419922,0.0,0.999251127243042
1492,,,,,,,,-2.8819117546081543,5.062499985797331e-05,-0.009569086134433746,0.015330630354583263,0.08005380630493164,0.010788917541503906,1056.0,0.16604627668857574,100.0,4.691617012023926,-0.005241267383098602,0.00875028595328331,0.0,0.9992979168891907
1493,,,,,,,,-2.884336233139038,3.3749998692655936e-05,-0.008888129144906998,0.07134795188903809,0.0757608413696289,0.01065516471862793,1110.0,0.1661110818386078,100.0,4.691617012023926,-0.004218923393636942,0.13995422422885895,0.0,0.9991855621337891
1494,,,,,,,,-2.8790252208709717,5.062499985797331e-05,-0.020248182117938995,0.004102116916328669,0.08306026458740234,0.01098489761352539,1020.0,0.16628910601139069,100.0,4.7021636962890625,-0.005669684614986181,8.638514827907784e-07,0.0,0.9991765022277832
1495,,,,,,,,-2.8733139038085938,3.3749998692655936e-05,-0.024946045130491257,0.4061218202114105,0.0826108455657959,0.010313987731933594,1033.0,0.1663113534450531,100.0,4.659572601318359,-0.0045954082161188126,3.3772714138031006,0.0,0.9993730187416077
1496,,,,,,,,-2.8774282932281494,0.00017085937724914402,-0.006735249422490597,0.1863662451505661,0.08155179023742676,0.010224103927612305,1046.0,0.16615255177021027,100.0,4.659458637237549,-0.005528125446289778,1.9034987688064575,0.0,0.9992220997810364
1497,,,,,,,,-2.8929474353790283,1.4999999621068127e-05,-0.033314116299152374,0.19111409783363342,0.07520389556884766,0.010164976119995117,1124.0,0.1659470498561859,100.0,4.659458637237549,-0.004648805130273104,1.7635630369186401,0.0,0.9990857243537903
1498,,,,,,,,-2.8976857662200928,1.4999999621068127e-05,-0.011437135748565197,0.010818170383572578,0.07712388038635254,0.0103302001953125,1097.0,0.16594569385051727,100.0,4.639934062957764,-0.005532750394195318,8.608505575047332e-11,0.0,0.9989064335823059
1499,,,,,,,,-2.89697265625,5.062499985797331e-05,-0.016686780378222466,0.8621443510055542,0.0864400863647461,0.010657072067260742,988.0,0.16597314178943634,100.0,4.674485206604004,-0.004560759756714106,2.7398107051849365,0.0,0.9993559718132019
1500,,,,,,,,-2.8949339389801025,1.4999999621068127e-05,-0.028587374836206436,0.18274731934070587,0.07853388786315918,0.010377883911132812,1079.0,0.16600030660629272,100.0,4.6749491691589355,-0.005183854606002569,0.1475294530391693,0.0,0.9992401003837585
1501,,,,,,,,-2.894164562225342,1.4999999621068127e-05,-0.026648884639143944,0.1791970282793045,0.07831501960754395,0.010566949844360352,1080.0,0.16600486636161804,100.0,4.6749491691589355,-0.003877677721902728,0.1483539193868637,0.0,0.9993011355400085
1502,,,,,,,,-2.8930046558380127,2.2500000341096893e-05,-0.013998908922076225,0.004253554157912731,0.07728910446166992,0.010466814041137695,1093.0,0.1660926342010498,100.0,4.6749491691589355,-0.004231580067425966,2.0702312042431004e-07,0.0,0.9990260004997253
1503,-0.004807155579328537,0.9239488244056702,0.0,0.9992520213127136,0.0,0.0,1.0,-2.8875927925109863,1.4999999621068127e-05,-0.014517506584525108,0.37416815757751465,0.08770203590393066,0.010376930236816406,978.0,0.16619503498077393,100.0,4.650330543518066,-0.005838342010974884,0.2896849811077118,0.0,0.9994750022888184
1504,,,,,,,,-2.885741710662842,0.00017085937724914402,-0.007694755680859089,0.46035251021385193,0.07839512825012207,0.01028585433959961,1082.0,0.16618646681308746,100.0,4.6502685546875,-0.00438326271250844,2.626587152481079,0.0,0.9993035793304443
1505,,,,,,,,-2.8938117027282715,1.4999999621068127e-05,-0.03194209188222885,0.1684996634721756,0.07886004447937012,0.010299921035766602,1076.0,0.16606537997722626,100.0,4.6502685546875,-0.004421640187501907,0.14399784803390503,0.0,0.9993324279785156
1506,,,,,,,,-2.896122932434082,5.062499985797331e-05,-0.008653244003653526,0.004977800417691469,0.07472109794616699,0.01093602180480957,1120.0,0.1659909188747406,100.0,4.6502685546875,-0.0036675056908279657,1.1525793524924666e-05,0.0,0.9990580677986145
1507,,,,,,,,-2.900475025177002,2.2500000341096893e-05,-0.022926993668079376,0.1749609410762787,0.08420920372009277,0.010348796844482422,1015.0,0.1657244861125946,100.0,4.629805564880371,-0.005946566816419363,0.2643604278564453,0.0,0.9993014931678772
1508,,,,,,,,-2.905550241470337,2.2500000341096893e-05,-0.020905928686261177,0.746291995048523,0.08085107803344727,0.010735034942626953,1048.0,0.1657019406557083,100.0,4.629805564880371,-0.0041735474951565266,4.758303165435791,0.0,0.999261200428009
1509,,,,,,,,-2.9033713340759277,3.3749998692655936e-05,-0.01653711311519146,0.32786837220191956,0.08002781867980957,0.010626077651977539,1058.0,0.16575057804584503,100.0,4.591471195220947,-0.004988376516848803,0.14962999522686005,0.0,0.9992854595184326
1510,,,,,,,,-2.8996827602386475,2.2500000341096893e-05,-0.0009722068789415061,0.013069959357380867,0.07567214965820312,0.010294675827026367,1116.0,0.16582094132900238,100.0,4.591471195220947,-0.0038405617233365774,0.00022728636395186186,0.0,0.9990055561065674
1511,,,,,,,,-2.899878740310669,7.593750342493877e-05,-0.01051569078117609,0.013288491405546665,0.08350896835327148,0.010316848754882812,1023.0,0.16562223434448242,100.0,4.6101393699646,-0.005228642374277115,0.0908605083823204,0.0,0.9992022514343262
1512,,,,,,,,-2.9079837799072266,1.4999999621068127e-05,-0.0212639681994915,0.12058236449956894,0.08118200302124023,0.010207891464233398,1050.0,0.16553138196468353,100.0,4.649323463439941,-0.0053207166492938995,0.35237812995910645,0.0,0.9993855953216553
1513,,,,,,,,-2.9070334434509277,2.2500000341096893e-05,-0.015602079220116138,0.47018149495124817,0.08010172843933105,0.010721206665039062,1057.0,0.16557757556438446,100.0,4.6115007400512695,-0.0051700095646083355,2.869464635848999,0.0,0.9993017315864563
1514,,,,,,,,-2.9046599864959717,2.2500000341096893e-05,-0.01683490350842476,0.11585843563079834,0.07564687728881836,0.010293960571289062,1117.0,0.165678471326828,100.0,4.6115007400512695,-0.004632437136024237,1.6108474731445312,0.0,0.9990531802177429
1515,,,,,,,,-2.901108741760254,3.3749998692655936e-05,-0.02400142140686512,0.005617762915790081,0.08215618133544922,0.010260820388793945,1038.0,0.16573497653007507,100.0,4.583004474639893,-0.0048330663703382015,0.0015720390947535634,0.0,0.9991455078125
1516,,,,,,,,-2.8990533351898193,2.2500000341096893e-05,-0.01958571746945381,0.6535459756851196,0.08462309837341309,0.010512828826904297,1009.0,0.1657988727092743,100.0,4.602601528167725,-0.0053487070836126804,2.9554383754730225,0.0,0.9992895126342773
1517,,,,,,,,-2.895832061767578,5.062499985797331e-05,-0.009158923290669918,0.16516296565532684,0.07978296279907227,0.012022972106933594,1045.0,0.1658962517976761,100.0,4.605074882507324,-0.004817454144358635,2.0193517208099365,0.0,0.9992197155952454
1518,,,,,,,,-2.8883683681488037,3.3749998692655936e-05,-0.017601165920495987,0.0793059915304184,0.0765690803527832,0.010564804077148438,1101.0,0.16602036356925964,100.0,4.605074882507324,-0.004336111713200808,0.13951866328716278,0.0,0.9991349577903748
1519,,,,,,,,-2.883110523223877,5.062499985797331e-05,-0.0026685858611017466,0.005893349647521973,0.08202099800109863,0.010947942733764648,1032.0,0.16603799164295197,100.0,4.6157145500183105,-0.005163901019841433,9.219511412084103e-07,0.0,0.9990717768669128
1520,,,,,,,,-2.876290798187256,0.00017085937724914402,-0.017315426841378212,0.3186814785003662,0.08124184608459473,0.01064920425415039,1044.0,0.16619981825351715,100.0,4.6131110191345215,-0.0049583036452531815,1.8424839973449707,0.0,0.9993689656257629
1521,,,,,,,,-2.863229513168335,0.00011390625149942935,-0.02674284391105175,0.04387517645955086,0.07794308662414551,0.010345935821533203,1087.0,0.1666281372308731,100.0,4.583559036254883,-0.005399854853749275,0.11003748327493668,0.0,0.9993230700492859
1522,,,,,,,,-2.8485422134399414,1.4999999621068127e-05,-0.009909740649163723,0.36623987555503845,0.07645988464355469,0.010854959487915039,1099.0,0.1666964292526245,100.0,4.583559036254883,-0.004417940974235535,2.3351900577545166,0.0,0.9991500973701477
1523,,,,,,,,-2.8470404148101807,2.2500000341096893e-05,-0.011291750706732273,0.015278405509889126,0.07677388191223145,0.010235786437988281,1103.0,0.1666138917207718,100.0,4.6123738288879395,-0.005472916644066572,1.3790769914923118e-10,0.0,0.9990213513374329
1524,,,,,,,,-2.8497729301452637,2.2500000341096893e-05,-0.020361999049782753,0.36676904559135437,0.08571696281433105,0.010522127151489258,997.0,0.16654156148433685,100.0,4.580469608306885,-0.0049537536688148975,1.931121826171875,0.0,0.9993698596954346
1525,,,,,,,,-2.853166341781616,5.062499985797331e-05,-0.013247295282781124,0.21959151327610016,0.0788731575012207,0.010526895523071289,1073.0,0.16645172238349915,100.0,4.622386455535889,-0.004345726687461138,1.8470834493637085,0.0,0.9991535544395447
1526,,,,,,,,-2.8580360412597656,2.2500000341096893e-05,-0.009388923645019531,0.45194071531295776,0.07834124565124512,0.010834932327270508,1076.0,0.16639134287834167,100.0,4.622386455535889,-0.004298791289329529,2.439837694168091,0.0,0.9991722106933594
1527,,,,,,,,-2.8615219593048096,2.2500000341096893e-05,-0.010601385496556759,0.018863361328840256,0.07861709594726562,0.011420965194702148,1066.0,0.16634121537208557,100.0,4.622386455535889,-0.00451691634953022,7.006492321624085e-45,0.0,0.9988881945610046
1528,-0.004779516253620386,1.2090256214141846,0.0,0.9991567730903625,0.0,0.0,1.0,-2.864093780517578,5.062499985797331e-05,-0.027542129158973694,0.9412335753440857,0.08811306953430176,0.010509014129638672,973.0,0.16631647944450378,100.0,4.647817611694336,-0.006028591189533472,2.4817354679107666,0.0,0.9992892146110535
1529,,,,,,,,-2.8646788597106934,1.4999999621068127e-05,-0.01953917182981968,0.4469767212867737,0.07749295234680176,0.010347127914428711,1092.0,0.1663692593574524,100.0,4.69180965423584,-0.004193119239062071,3.3362178802490234,0.0,0.9990021586418152
1530,,,,,,,,-2.863574504852295,0.00011390625149942935,-0.005997882690280676,0.48425206542015076,0.08118414878845215,0.010186910629272461,1050.0,0.16644851863384247,100.0,4.69180965423584,-0.004710880573838949,2.1446120738983154,0.0,0.9991955757141113
1531,,,,,,,,-2.852879285812378,3.3749998692655936e-05,-0.012844972312450409,0.07194280624389648,0.07559394836425781,0.010635137557983398,1113.0,0.16688136756420135,100.0,4.69180965423584,-0.004393886309117079,0.0,0.0,0.9988409876823425
1532,,,,,,,,-2.8391761779785156,3.3749998692655936e-05,-0.012519079260528088,0.058535847812891006,0.08495593070983887,0.010339021682739258,1007.0,0.1670534908771515,100.0,4.709404468536377,-0.006204415112733841,0.3073848485946655,0.0,0.9992312788963318
1533,,,,,,,,-2.8364992141723633,1.4999999621068127e-05,-0.02601918950676918,0.6186450719833374,0.08003520965576172,0.010015010833740234,1066.0,0.16705383360385895,100.0,4.709404468536377,-0.004181448835879564,3.869668960571289,0.0,0.9991171956062317
1534,,,,,,,,-2.8362696170806885,7.593750342493877e-05,-0.01543008629232645,0.025944741442799568,0.07979393005371094,0.010239839553833008,1066.0,0.1670330911874771,100.0,4.747700214385986,-0.004908208269625902,0.1491507887840271,0.0,0.9992640018463135
1535,,,,,,,,-2.836805820465088,9.999999747378752e-06,-0.03043079748749733,0.24159294366836548,0.07710957527160645,0.010334253311157227,1097.0,0.16703753173351288,100.0,4.747700214385986,-0.004584088921546936,2.417559862136841,0.0,0.998906135559082
1536,,,,,,,,-2.8350203037261963,0.00011390625149942935,-0.008567086420953274,0.011371876113116741,0.08290934562683105,0.010821819305419922,1024.0,0.16717469692230225,100.0,4.731622219085693,-0.0053889877162873745,0.11945435404777527,0.0,0.9991922378540039
1537,,,,,,,,-2.825026273727417,1.4999999621068127e-05,-0.019832052290439606,0.3841157555580139,0.08169412612915039,0.010597944259643555,1040.0,0.1673521101474762,100.0,4.7317023277282715,-0.00503169558942318,2.6959850788116455,0.0,0.9992033839225769
1538,,,,,,,,-2.8235654830932617,2.2500000341096893e-05,-0.0182039774954319,0.25130024552345276,0.08087301254272461,0.010881185531616211,1046.0,0.16725808382034302,100.0,4.746818542480469,-0.005172983277589083,2.637664318084717,0.0,0.9991568922996521
1539,,,,,,,,-2.8276607990264893,2.2500000341096893e-05,-0.015331867150962353,0.12669521570205688,0.07531499862670898,0.010509014129638672,1118.0,0.1672089695930481,100.0,4.746818542480469,-0.004033404402434826,1.8246289491653442,0.0,0.9988837242126465
1540,,,,,,,,-2.8286101818084717,3.3749998692655936e-05,-0.016320491209626198,0.003981505520641804,0.08262395858764648,0.01044321060180664,1031.0,0.16729766130447388,100.0,4.760461330413818,-0.005511975381523371,0.002103532664477825,0.0,0.9990332722663879
1541,,,,,,,,-2.8252809047698975,3.3749998692655936e-05,-0.015302932821214199,0.43694794178009033,0.08040928840637207,0.01036381721496582,1057.0,0.16743901371955872,100.0,4.764004230499268,-0.005185349378734827,4.044887542724609,0.0,0.9991583824157715
1542,,,,,,,,-2.821068525314331,2.2500000341096893e-05,-0.02000521495938301,0.023127388209104538,0.07925105094909668,0.010250091552734375,1072.0,0.16756269335746765,100.0,4.758206844329834,-0.004892397206276655,0.010929497890174389,0.0,0.9992182850837708
1543,,,,,,,,-2.8186655044555664,5.062499985797331e-05,-0.019337158650159836,0.2844616174697876,0.0758512020111084,0.010325908660888672,1113.0,0.1676740199327469,100.0,4.758206844329834,-0.004205876030027866,2.4752635955810547,0.0,0.9989861845970154
1544,,,,,,,,-2.816926956176758,3.3749998692655936e-05,-0.011275792494416237,0.004748239181935787,0.08166313171386719,0.010320901870727539,1043.0,0.1677365005016327,100.0,4.754931449890137,-0.005803234875202179,1.3003376579945325e-06,0.0,0.9990069270133972
1545,,,,,,,,-2.8118817806243896,5.062499985797331e-05,-0.009094122797250748,0.373635858297348,0.08233499526977539,0.010815858840942383,1030.0,0.1679106503725052,100.0,4.754983425140381,-0.0058374120853841305,1.986548900604248,0.0,0.9993054270744324
1546,,,,,,,,-2.8007733821868896,2.2500000341096893e-05,-0.019349735230207443,0.23410922288894653,0.08248305320739746,0.011107683181762695,1025.0,0.16806481778621674,100.0,4.754498481750488,-0.004983112681657076,2.3170995712280273,0.0,0.9991418719291687
1547,,,,,,,,-2.796410322189331,0.00011390625149942935,-0.002297237515449524,0.1557317078113556,0.0758209228515625,0.010574102401733398,1111.0,0.16807682812213898,100.0,4.754498481750488,-0.0038841115310788155,1.7401657104492188,0.0,0.9990875720977783
1548,,,,,,,,-2.7977683544158936,1.4999999621068127e-05,-0.02011205442249775,0.005698722321540117,0.0778510570526123,0.011054039001464844,1079.0,0.16805775463581085,100.0,4.710449695587158,-0.005620412528514862,1.4735374032071036e-10,0.0,0.9989069104194641
1549,,,,,,,,-2.799089193344116,3.3749998692655936e-05,-0.009447895921766758,0.8819891214370728,0.08719897270202637,0.010975122451782227,977.0,0.16802257299423218,100.0,4.7060675621032715,-0.004852102603763342,2.6233675479888916,0.0,0.9993318915367126
1550,,,,,,,,-2.8011996746063232,1.4999999621068127e-05,-0.021862531080842018,0.21617287397384644,0.0767049789428711,0.010703802108764648,1098.0,0.16804005205631256,100.0,4.704262733459473,-0.004805312026292086,0.15332727134227753,0.0,0.9991898536682129
1551,,,,,,,,-2.801455497741699,0.00017085937724914402,-0.006384906824678183,0.21886369585990906,0.08129405975341797,0.012470006942749023,1023.0,0.16805630922317505,100.0,4.704262733459473,-0.005106909666210413,2.2110707759857178,0.0,0.9991974830627441
1552,,,,,,,,-2.806082010269165,3.3749998692655936e-05,-0.0005915915826335549,0.014779063872992992,0.0801401138305664,0.01190185546875,1043.0,0.16808302700519562,100.0,4.704262733459473,-0.004376756027340889,1.1515590288903922e-30,0.0,0.9989414215087891
1553,-0.005040046293288469,0.8885424137115479,0.0,0.9992101192474365,0.0,0.0,1.0,-2.8086228370666504,2.2500000341096893e-05,-0.022784080356359482,0.5247615575790405,0.0909261703491211,0.011343955993652344,938.0,0.16807517409324646,100.0,4.655271530151367,-0.00628783879801631,2.239124298095703,0.0,0.9993444085121155
1554,,,,,,,,-2.805846929550171,3.3749998692655936e-05,-0.015550163574516773,0.5849682688713074,0.08023405075073242,0.011105060577392578,1051.0,0.16815830767154694,100.0,4.6621174812316895,-0.004148378502577543,3.9835567474365234,0.0,0.9990315437316895
1555,,,,,,,,-2.800177812576294,2.2500000341096893e-05,-0.00867524929344654,0.3227458596229553,0.08178901672363281,0.01305079460144043,1012.0,0.16825735569000244,100.0,4.6621174812316895,-0.004936475772410631,0.14954467117786407,0.0,0.9992370009422302
1556,,,,,,,,-2.7959585189819336,5.062499985797331e-05,-0.01194499246776104,0.00845647044479847,0.10759401321411133,0.01082611083984375,810.0,0.1683981716632843,100.0,4.6621174812316895,-0.004019733518362045,7.869498404033948e-06,0.0,0.9988992810249329
1557,,,,,,,,-2.7887496948242188,3.3749998692655936e-05,-0.016269469633698463,0.29588615894317627,0.08351492881774902,0.010705232620239258,1018.0,0.16864481568336487,100.0,4.697702884674072,-0.006023508962243795,0.29389089345932007,0.0,0.9992613196372986
1558,,,,,,,,-2.780552864074707,2.2500000341096893e-05,-0.02045758068561554,0.52300626039505,0.08102607727050781,0.010949850082397461,1043.0,0.16870330274105072,100.0,4.697702884674072,-0.004710533656179905,4.517176628112793,0.0,0.9992596507072449
1559,,,,,,,,-2.7750890254974365,2.2500000341096893e-05,-0.018339961767196655,0.4383503198623657,0.07986998558044434,0.010675907135009766,1060.0,0.16891014575958252,100.0,4.6556806564331055,-0.005231618881225586,0.15215615928173065,0.0,0.9992690086364746
1560,,,,,,,,-2.764070510864258,1.4999999621068127e-05,-0.01403794251382351,0.008375558070838451,0.07594013214111328,0.01031494140625,1112.0,0.1690644770860672,100.0,4.6556806564331055,-0.00493744807317853,0.0001103088361560367,0.0,0.9990147948265076
1561,,,,,,,,-2.7611489295959473,3.3749998692655936e-05,-0.024690650403499603,0.022371644154191017,0.0832509994506836,0.012634754180908203,1001.0,0.16903254389762878,100.0,4.625346660614014,-0.006143881008028984,0.10146185010671616,0.0,0.9991955757141113
1562,,,,,,,,-2.7616560459136963,1.4999999621068127e-05,-0.026337429881095886,0.2946171760559082,0.08906316757202148,0.011853694915771484,951.0,0.1690550297498703,100.0,4.666297912597656,-0.005285158753395081,2.521754026412964,0.0,0.9992616176605225
1563,,,,,,,,-2.762845277786255,2.2500000341096893e-05,-0.017604030668735504,0.1533312052488327,0.0840461254119873,0.011893987655639648,1000.0,0.16901306807994843,100.0,4.635792255401611,-0.004997958894819021,1.7274001836776733,0.0,0.9992187023162842
1564,,,,,,,,-2.765341281890869,1.4999999621068127e-05,-0.014132129028439522,0.02056155726313591,0.07788801193237305,0.011050939559936523,1079.0,0.16897046566009521,100.0,4.635792255401611,-0.004533108323812485,0.03587169572710991,0.0,0.999042809009552
1565,,,,,,,,-2.7670154571533203,5.062499985797331e-05,-0.014082004316151142,0.004948258865624666,0.08328533172607422,0.010682821273803711,1021.0,0.1688981056213379,100.0,4.677212238311768,-0.005656329914927483,0.0019573685713112354,0.0,0.999114990234375
1566,,,,,,,,-2.7660915851593018,2.2500000341096893e-05,-0.019692437723279,0.5115041732788086,0.08093404769897461,0.010895013809204102,1045.0,0.16896265745162964,100.0,4.708305835723877,-0.00506849167868495,2.5592823028564453,0.0,0.9993022084236145
1567,,,,,,,,-2.7616024017333984,5.062499985797331e-05,-0.012122822925448418,0.018590319901704788,0.08137011528015137,0.011054754257202148,1038.0,0.16898614168167114,100.0,4.6631646156311035,-0.0045928675681352615,0.010802599601447582,0.0,0.9992920756340027
1568,,,,,,,,-2.762950897216797,1.4999999621068127e-05,-0.021658511832356453,0.05324051156640053,0.07476210594177246,0.010383844375610352,1127.0,0.1689237803220749,100.0,4.6631646156311035,-0.0045145004987716675,0.14672166109085083,0.0,0.9991257786750793
1569,,,,,,,,-2.7640132904052734,0.00011390625149942935,-0.015433898195624352,0.00781270768493414,0.07982015609741211,0.01021885871887207,1066.0,0.16906790435314178,100.0,4.675527095794678,-0.005270565394312143,1.2028513083350845e-06,0.0,0.9990974068641663
1570,,,,,,,,-2.7557084560394287,2.2500000341096893e-05,-0.013802463188767433,0.4801357686519623,0.08098030090332031,0.010030984878540039,1054.0,0.16923566162586212,100.0,4.644746780395508,-0.005123003851622343,3.883913040161133,0.0,0.9993071556091309
1571,,,,,,,,-2.7536776065826416,9.999999747378752e-06,-0.014938119798898697,0.2325352430343628,0.07895779609680176,0.010144948959350586,1077.0,0.16924135386943817,100.0,4.644771099090576,-0.005289806518703699,2.183579683303833,0.0,0.9991349577903748
1572,,,,,,,,-2.754016160964966,5.062499985797331e-05,-0.009335217997431755,0.1573273241519928,0.07657289505004883,0.010609865188598633,1101.0,0.16919063031673431,100.0,4.644771099090576,-0.004590734373778105,1.6147937774658203,0.0,0.9990375638008118
1573,,,,,,,,-2.757589817047119,3.3749998692655936e-05,-0.013982639648020267,0.010475968942046165,0.07824897766113281,0.010874748229980469,1077.0,0.16913345456123352,100.0,4.632388591766357,-0.006085070315748453,1.6249178391714025e-10,0.0,0.998883068561554
1574,,,,,,,,-2.7595036029815674,2.2500000341096893e-05,-0.006910630967468023,0.2430996149778366,0.0850229263305664,0.010398149490356445,1006.0,0.16915452480316162,100.0,4.642026901245117,-0.004952425602823496,0.30606040358543396,0.0,0.9993756413459778
1575,,,,,,,,-2.7571120262145996,3.3749998692655936e-05,-0.013144080527126789,0.18103830516338348,0.07827472686767578,0.01018214225769043,1085.0,0.16927869617938995,100.0,4.619566917419434,-0.005432176869362593,1.8061314821243286,0.0,0.9991710782051086
1576,,,,,,,,-2.7523882389068604,2.2500000341096893e-05,-0.02178766578435898,0.2405092418193817,0.07848501205444336,0.010226011276245117,1082.0,0.16936197876930237,100.0,4.619566917419434,-0.004034125711768866,2.0993168354034424,0.0,0.9992084503173828
1577,,,,,,,,-2.7506752014160156,3.3749998692655936e-05,-0.014621674083173275,0.01589130237698555,0.07351803779602051,0.010111093521118164,1147.0,0.16937850415706635,100.0,4.619566917419434,-0.004095026291906834,9.80908925027372e-45,0.0,0.9989665150642395
1578,-0.004967985209077597,0.6759014129638672,0.0,0.9992207884788513,0.0,0.0,1.0,-2.752708911895752,3.3749998692655936e-05,-0.019317984580993652,0.32276153564453125,0.09054780006408691,0.012784957885742188,929.0,0.16929280757904053,100.0,4.622795104980469,-0.006214050576090813,0.3026179075241089,0.0,0.9993278384208679
1579,,,,,,,,-2.7619247436523438,5.062499985797331e-05,-0.016322731971740723,0.12915565073490143,0.07962918281555176,0.012820005416870117,1038.0,0.16906535625457764,100.0,4.6069440841674805,-0.00506014795973897,0.15223290026187897,0.0,0.9992159008979797
1580,,,,,,,,-2.7805211544036865,5.062499985797331e-05,-0.0156677458435297,0.08931256830692291,0.08163928985595703,0.012578725814819336,1018.0,0.16865508258342743,100.0,4.6069440841674805,-0.00524834543466568,0.15261273086071014,0.0,0.9993179440498352
1581,,,,,,,,-2.797919988632202,2.2500000341096893e-05,-0.02469203993678093,0.0033448380418121815,0.07889413833618164,0.012709856033325195,1047.0,0.16853444278240204,100.0,4.6069440841674805,-0.00425731111317873,5.792658612335799e-06,0.0,0.9990603923797607
1582,,,,,,,,-2.798976421356201,7.593750342493877e-05,-0.013911855407059193,0.13596490025520325,0.0901029109954834,0.011301994323730469,946.0,0.16857406497001648,100.0,4.535192489624023,-0.006495147943496704,0.2997712790966034,0.0,0.9993141293525696
1583,,,,,,,,-2.7897531986236572,5.062499985797331e-05,-0.023849518969655037,0.5174870491027832,0.0850071907043457,0.011107206344604492,998.0,0.1687537431716919,100.0,4.535192489624023,-0.004454279318451881,4.0241618156433105,0.0,0.9991891980171204
1584,,,,,,,,-2.789478302001953,5.062499985797331e-05,-0.010408041998744011,0.08581040054559708,0.08370590209960938,0.011040210723876953,1013.0,0.1684856414794922,100.0,4.50584602355957,-0.0056174458004534245,0.16240890324115753,0.0,0.9991928935050964
1585,,,,,,,,-2.8082549571990967,2.2500000341096893e-05,-0.012365896254777908,0.1842685043811798,0.07621312141418457,0.010755062103271484,1103.0,0.16821643710136414,100.0,4.50584602355957,-0.004273212980479002,2.0788326263427734,0.0,0.9988793730735779
1586,,,,,,,,-2.811169385910034,7.593750342493877e-05,-0.012346369214355946,0.011032098904252052,0.09320592880249023,0.012504816055297852,908.0,0.16836543381214142,100.0,4.479780197143555,-0.005520123988389969,0.11854978650808334,0.0,0.9991263747215271
1587,,,,,,,,-2.797499179840088,3.3749998692655936e-05,-0.0014595389366149902,0.28643205761909485,0.09219908714294434,0.012891054153442383,913.0,0.16861775517463684,100.0,4.514810562133789,-0.005286072846502066,2.2197377681732178,0.0,0.9992187023162842
1588,,,,,,,,-2.79231858253479,5.062499985797331e-05,-0.014388134703040123,0.02854131907224655,0.08385610580444336,0.011183977127075195,1010.0,0.16854026913642883,100.0,4.555121421813965,-0.004723037593066692,0.11924415081739426,0.0,0.9992637634277344
1589,,,,,,,,-2.798656463623047,3.3749998692655936e-05,-0.019198359921574593,0.014807192608714104,0.0765080451965332,0.010571956634521484,1102.0,0.16849029064178467,100.0,4.555121421813965,-0.004222160670906305,0.03024887479841709,0.0,0.9990857243537903
1590,,,,,,,,-2.798151731491089,0.00011390625149942935,-0.017786936834454536,0.006278528831899166,0.08271503448486328,0.010760068893432617,1027.0,0.16859054565429688,100.0,4.591615200042725,-0.005363326519727707,0.0024602629709988832,0.0,0.9991709589958191
1591,,,,,,,,-2.7933599948883057,2.2500000341096893e-05,-0.025067472830414772,0.4581795930862427,0.08080506324768066,0.010541915893554688,1050.0,0.16872596740722656,100.0,4.591861724853516,-0.00490972027182579,3.938199758529663,0.0,0.9992204308509827
1592,,,,,,,,-2.78985857963562,3.3749998692655936e-05,-0.025016088038682938,0.018123233690857887,0.07938194274902344,0.010545015335083008,1067.0,0.16886299848556519,100.0,4.561173915863037,-0.00495882797986269,0.012522801756858826,0.0,0.9992309212684631
1593,,,,,,,,-2.7816684246063232,1.4999999621068127e-05,-0.023135505616664886,0.2149323970079422,0.07599997520446777,0.010744094848632812,1106.0,0.16908754408359528,100.0,4.561173915863037,-0.004909117706120014,2.1444084644317627,0.0,0.9989457726478577
1594,,,,,,,,-2.7738234996795654,2.2500000341096893e-05,-0.007178018800914288,0.0040670535527169704,0.08196115493774414,0.011646747589111328,1025.0,0.16921421885490417,100.0,4.51707124710083,-0.0055002509616315365,1.5922247484922991e-06,0.0,0.9989829659461975
1595,,,,,,,,-2.7672455310821533,0.00017085937724914402,-0.007453903090208769,0.3548205494880676,0.08274102210998535,0.010557889938354492,1028.0,0.16940180957317352,100.0,4.4659576416015625,-0.005135118495672941,3.755953073501587,0.0,0.9992063641548157
1596,,,,,,,,-2.7507495880126953,2.2500000341096893e-05,-0.00889852549880743,0.13740338385105133,0.07979321479797363,0.011062860488891602,1056.0,0.1696278303861618,100.0,4.4466071128845215,-0.0053035360760986805,1.5960909128189087,0.0,0.9990625381469727
1597,,,,,,,,-2.742689847946167,2.2500000341096893e-05,-0.01894397661089897,0.18850532174110413,0.07694697380065918,0.011056184768676758,1090.0,0.16973118484020233,100.0,4.4466071128845215,-0.004590087104588747,1.654905915260315,0.0,0.9989986419677734
1598,,,,,,,,-2.73689866065979,2.2500000341096893e-05,-0.011326679959893227,0.008090185932815075,0.07791686058044434,0.010395288467407227,1087.0,0.16985388100147247,100.0,4.455269813537598,-0.0057071722112596035,8.709723914313017e-11,0.0,0.9988563060760498
1599,,,,,,,,-2.7329280376434326,2.2500000341096893e-05,-0.011822456493973732,0.33244359493255615,0.08845114707946777,0.010542631149291992,969.0,0.1698920577764511,100.0,4.484325408935547,-0.005625312682241201,3.626004457473755,0.0,0.9992802143096924
1600,,,,,,,,-2.73523211479187,2.2500000341096893e-05,-0.03355083614587784,0.1536143720149994,0.0768270492553711,0.010432958602905273,1100.0,0.1697978973388672,100.0,4.5133056640625,-0.005117472261190414,0.15915434062480927,0.0,0.9990952014923096
1601,,,,,,,,-2.737921953201294,2.2500000341096893e-05,-0.012611419893801212,0.10414618253707886,0.07832217216491699,0.010591983795166016,1079.0,0.16979174315929413,100.0,4.5133056640625,-0.004253322258591652,1.5608688592910767,0.0,0.999086320400238
1602,,,,,,,,-2.73952054977417,3.3749998692655936e-05,-0.01153559423983097,0.009732156991958618,0.07376909255981445,0.010463953018188477,1139.0,0.16968870162963867,100.0,4.5133056640625,-0.004248292651027441,5.089986929597272e-31,0.0,0.9988417625427246
1603,-0.004857070278376341,1.2112507820129395,0.0,0.9991030693054199,0.0,0.0,1.0,-2.7485601902008057,5.062499985797331e-05,-0.010300680063664913,0.23895825445652008,0.08786892890930176,0.010920047760009766,971.0,0.1693112999200821,100.0,4.484594821929932,-0.006389051675796509,0.3289635479450226,0.0,0.999321460723877
1604,,,,,,,,-2.7619407176971436,2.2500000341096893e-05,-0.02230403572320938,0.20072795450687408,0.07818818092346191,0.010474920272827148,1082.0,0.16914008557796478,100.0,4.480700969696045,-0.004313871264457703,2.983719825744629,0.0,0.9990774989128113
1605,,,,,,,,-2.762742519378662,1.4999999621068127e-05,-0.02098541334271431,0.3917872905731201,0.08118009567260742,0.010745763778686523,1044.0,0.16912764310836792,100.0,4.480700969696045,-0.00567111000418663,2.007369041442871,0.0,0.9991952776908875
1606,,,,,,,,-2.760049819946289,5.062499985797331e-05,-0.010015349835157394,0.04603373631834984,0.07533097267150879,0.010916948318481445,1113.0,0.1692306250333786,100.0,4.480700969696045,-0.003996663261204958,0.0,0.0,0.9988961815834045
1607,,,,,,,,-2.7542147636413574,2.2500000341096893e-05,-0.02344457618892193,0.02873307466506958,0.08370113372802734,0.010776042938232422,1016.0,0.16933147609233856,100.0,4.488836288452148,-0.006834422703832388,0.32281604409217834,0.0,0.9992386698722839
1608,,,,,,,,-2.754373788833618,7.593750342493877e-05,-0.005127930548042059,0.27096232771873474,0.07941102981567383,0.010893106460571289,1063.0,0.16919152438640594,100.0,4.488836288452148,-0.004597025457769632,4.7072930335998535,0.0,0.9990814328193665
1609,,,,,,,,-2.7623798847198486,2.2500000341096893e-05,-0.024502912536263466,0.03202391788363457,0.08041119575500488,0.011107921600341797,1048.0,0.16898566484451294,100.0,4.524522304534912,-0.0051312753930687904,0.1579434722661972,0.0,0.99918133020401
1610,,,,,,,,-2.7677650451660156,2.2500000341096893e-05,-0.02156311646103859,0.21083977818489075,0.07517623901367188,0.010937929153442383,1114.0,0.16890005767345428,100.0,4.524522304534912,-0.004800132010132074,2.179877519607544,0.0,0.9988502860069275
1611,,,,,,,,-2.7694435119628906,2.2500000341096893e-05,-0.019042285159230232,0.01203920878469944,0.08287405967712402,0.010576963424682617,1027.0,0.16889967024326324,100.0,4.583674907684326,-0.006057621445506811,0.14185629785060883,0.0,0.999126136302948
1612,,,,,,,,-2.7669715881347656,1.4999999621068127e-05,-0.016224604099988937,0.2890265882015228,0.08058691024780273,0.010073184967041016,1058.0,0.16902737319469452,100.0,4.565047740936279,-0.005449748132377863,3.4536097049713135,0.0,0.9991250038146973
1613,,,,,,,,-2.762594699859619,5.062499985797331e-05,-0.010914807207882404,0.14294332265853882,0.08008980751037598,0.010206937789916992,1063.0,0.16917966306209564,100.0,4.607147216796875,-0.0049919686280190945,2.072293996810913,0.0,0.9991283416748047
1614,,,,,,,,-2.7576892375946045,2.2500000341096893e-05,-0.030289210379123688,0.1624118685722351,0.07604789733886719,0.010061979293823242,1114.0,0.16930405795574188,100.0,4.607147216796875,-0.003749124938622117,1.9764653444290161,0.0,0.9988698363304138
1615,,,,,,,,-2.7529242038726807,3.3749998692655936e-05,-0.011907131411135197,0.011654597707092762,0.08274102210998535,0.010311126708984375,1031.0,0.16945941746234894,100.0,4.618871212005615,-0.0064130122773349285,0.0025200238451361656,0.0,0.9990406036376953
1616,,,,,,,,-2.7498366832733154,2.2500000341096893e-05,-0.00859085377305746,0.38096678256988525,0.08070921897888184,0.010792016983032227,1049.0,0.16944918036460876,100.0,4.617251873016357,-0.005284251645207405,3.927389144897461,0.0,0.999194860458374
1617,,,,,,,,-2.7498607635498047,3.3749998692655936e-05,-0.016577765345573425,0.02030569687485695,0.07982897758483887,0.010828018188476562,1058.0,0.16938845813274384,100.0,4.65455961227417,-0.005067232996225357,0.012205820530653,0.0,0.9992138743400574
1618,,,,,,,,-2.750932216644287,2.2500000341096893e-05,-0.01180317997932434,0.17518652975559235,0.08481884002685547,0.012595891952514648,985.0,0.16936272382736206,100.0,4.65455961227417,-0.0042916857637465,2.1444272994995117,0.0,0.9989660382270813
1619,,,,,,,,-2.7530770301818848,1.4999999621068127e-05,-0.02139066532254219,0.005160665139555931,0.08458495140075684,0.010583162307739258,1008.0,0.1692962646484375,100.0,4.721350193023682,-0.006461483892053366,1.7770597651178832e-06,0.0,0.999021053314209
1620,,,,,,,,-2.7567858695983887,1.4999999621068127e-05,-0.035125382244586945,0.31840014457702637,0.08206319808959961,0.010472774505615234,1037.0,0.16924402117729187,100.0,4.669236183166504,-0.004667883273214102,0.36793121695518494,0.0,0.9993581771850586
1621,,,,,,,,-2.7582504749298096,5.062499985797331e-05,-0.012296974658966064,0.05278218165040016,0.0801999568939209,0.010746002197265625,1055.0,0.1692526638507843,100.0,4.676863670349121,-0.005213940516114235,0.10082035511732101,0.0,0.9992427229881287
1622,,,,,,,,-2.7575249671936035,3.3749998692655936e-05,-0.01673969067633152,0.11056464165449142,0.0750730037689209,0.010173797607421875,1126.0,0.16928927600383759,100.0,4.676863670349121,-0.004708152264356613,0.15586821734905243,0.0,0.9992049336433411
1623,,,,,,,,-2.7590689659118652,2.2500000341096893e-05,-0.01653442159295082,0.003005735343322158,0.07879304885864258,0.010946989059448242,1069.0,0.16925698518753052,100.0,4.6289801597595215,-0.005417548585683107,1.6335795216537718e-10,0.0,0.9990711212158203
1624,,,,,,,,-2.764901876449585,5.062499985797331e-05,-0.012301835231482983,0.4956951141357422,0.08732104301452637,0.010488033294677734,981.0,0.16910146176815033,100.0,4.590400218963623,-0.005378248170018196,2.358980655670166,0.0,0.9993900656700134
1625,,,,,,,,-2.774810314178467,5.062499985797331e-05,-0.006335529498755932,0.13350297510623932,0.07870793342590332,0.010785102844238281,1072.0,0.16896454989910126,100.0,4.590610027313232,-0.005308937281370163,1.6372910737991333,0.0,0.9991230964660645
1626,,,,,,,,-2.778963327407837,2.2500000341096893e-05,-0.01452606450766325,0.12258414179086685,0.07742476463317871,0.01024007797241211,1095.0,0.1688677966594696,100.0,4.590610027313232,-0.00510616647079587,1.8483328819274902,0.0,0.9990876317024231
1627,,,,,,,,-2.7810795307159424,3.3749998692655936e-05,-0.018878625705838203,0.011463582515716553,0.07520914077758789,0.011195898056030273,1111.0,0.16882944107055664,100.0,4.590610027313232,-0.004153240937739611,8.407790785948902e-45,0.0,0.9988372921943665
1628,-0.005180771928280592,1.2788070440292358,0.0,0.9990897178649902,0.0,0.0,1.0,-2.7789947986602783,2.2500000341096893e-05,-0.009008579887449741,0.22513656318187714,0.08735108375549316,0.010493040084838867,981.0,0.1689130663871765,100.0,4.6298370361328125,-0.0063547976315021515,0.27765950560569763,0.0,0.9993048310279846
1629,,,,,,,,-2.7755749225616455,7.593750342493877e-05,-0.005042822100222111,0.44652315974235535,0.07866024971008301,0.010464906692504883,1077.0,0.16885040700435638,100.0,4.62047815322876,-0.004877499770373106,4.426543235778809,0.0,0.9990477561950684
1630,,,,,,,,-2.779249906539917,1.4999999621068127e-05,-0.007733403239399195,0.5667077302932739,0.07902812957763672,0.010863065719604492,1067.0,0.1687183380126953,100.0,4.62047815322876,-0.005051245912909508,2.2864415645599365,0.0,0.9991443157196045
1631,,,,,,,,-2.780583381652832,0.00011390625149942935,-0.006683833431452513,0.06307972967624664,0.07683610916137695,0.010967016220092773,1093.0,0.1687164008617401,100.0,4.62047815322876,-0.004638873506337404,2.1494138018909924e-30,0.0,0.9988352656364441
1632,,,,,,,,-2.776801586151123,2.2500000341096893e-05,-0.005256464704871178,0.08118196576833725,0.0846099853515625,0.01032710075378418,1011.0,0.16884054243564606,100.0,4.638221740722656,-0.006678709294646978,0.2554207742214203,0.0,0.9992060661315918
1633,,,,,,,,-2.770746946334839,9.999999747378752e-06,-0.012080716900527477,0.21966007351875305,0.07903695106506348,0.01065206527709961,1070.0,0.16894905269145966,100.0,4.638221740722656,-0.004411258269101381,3.3734521865844727,0.0,0.999151885509491
1634,,,,,,,,-2.76594877243042,3.3749998692655936e-05,-0.0086063789203763,0.303987056016922,0.07817602157592773,0.010368108749389648,1084.0,0.16905653476715088,100.0,4.635265827178955,-0.004593952093273401,0.1528479903936386,0.0,0.9991634488105774
1635,,,,,,,,-2.7604854106903076,3.3749998692655936e-05,-0.01629164069890976,0.00914432667195797,0.07508707046508789,0.010769128799438477,1118.0,0.1691931039094925,100.0,4.635265827178955,-0.004735732916742563,4.351144889369607e-05,0.0,0.9989681243896484
1636,,,,,,,,-2.758784055709839,9.999999747378752e-06,-0.030474377796053886,0.01957094669342041,0.08384990692138672,0.011297941207885742,1008.0,0.169221431016922,100.0,4.591536998748779,-0.006151661276817322,0.11116782575845718,0.0,0.9991919994354248
1637,,,,,,,,-2.759186029434204,0.00011390625149942935,-0.008337052538990974,0.1231752261519432,0.0815119743347168,0.010185003280639648,1046.0,0.16920003294944763,100.0,4.593233585357666,-0.004729495849460363,0.31367799639701843,0.0,0.9993684887886047
1638,,,,,,,,-2.7606704235076904,1.4999999621068127e-05,-0.020977899432182312,0.23323822021484375,0.0790259838104248,0.01073002815246582,1069.0,0.1692522168159485,100.0,4.554997444152832,-0.005193821620196104,2.3248770236968994,0.0,0.9992051124572754
1639,,,,,,,,-2.7593636512756348,3.3749998692655936e-05,-0.014053458347916603,0.09232442080974579,0.07723808288574219,0.010753870010375977,1091.0,0.1692594289779663,100.0,4.554997444152832,-0.004277797881513834,1.4986330270767212,0.0,0.9989627003669739
1640,,,,,,,,-2.758086681365967,3.3749998692655936e-05,-0.021033059805631638,0.004511407110840082,0.08218693733215332,0.010975837707519531,1030.0,0.16938483715057373,100.0,4.483676910400391,-0.005722203757613897,0.003250271314755082,0.0,0.9990713596343994
1641,,,,,,,,-2.7537999153137207,2.2500000341096893e-05,-0.01799646206200123,0.37226027250289917,0.08022713661193848,0.010607242584228516,1056.0,0.16946527361869812,100.0,4.525264739990234,-0.005103969480842352,3.71713924407959,0.0,0.9991326928138733
1642,,,,,,,,-2.7514288425445557,7.593750342493877e-05,-0.007042238488793373,0.022157203406095505,0.07923102378845215,0.010953903198242188,1064.0,0.16947945952415466,100.0,4.507082462310791,-0.004985902924090624,0.013391104526817799,0.0,0.999128520488739
1643,,,,,,,,-2.74770450592041,3.3749998692655936e-05,-0.020971884950995445,0.09711815416812897,0.07606124877929688,0.01027679443359375,1111.0,0.1696491539478302,100.0,4.507082462310791,-0.004304036498069763,1.5291439294815063,0.0,0.9989015460014343
1644,,,,,,,,-2.743372678756714,2.2500000341096893e-05,-0.019865242764353752,0.005890450906008482,0.08196210861206055,0.010870695114135742,1034.0,0.16961753368377686,100.0,4.524247646331787,-0.0058234743773937225,2.3517015961260768e-06,0.0,0.9989768862724304
1645,,,,,,,,-2.7452712059020996,3.3749998692655936e-05,-0.011496555991470814,0.45588257908821106,0.08295297622680664,0.010226249694824219,1030.0,0.16953852772712708,100.0,4.476779937744141,-0.005478679668158293,2.486724615097046,0.0,0.9992795586585999
1646,,,,,,,,-2.7484498023986816,5.062499985797331e-05,-0.005898964125663042,0.03853495419025421,0.07856917381286621,0.010207891464233398,1081.0,0.16944926977157593,100.0,4.4683661460876465,-0.005122892092913389,0.09811993688344955,0.0,0.9991390705108643
1647,,,,,,,,-2.752068281173706,1.4999999621068127e-05,-0.031306199729442596,0.1617240458726883,0.07674598693847656,0.010908842086791992,1095.0,0.16941897571086884,100.0,4.4683661460876465,-0.003995895851403475,1.6560359001159668,0.0,0.9990163445472717
1648,,,,,,,,-2.7526071071624756,7.593750342493877e-05,-0.007144538220018148,0.011133811436593533,0.0780329704284668,0.01040506362915039,1085.0,0.16941021382808685,100.0,4.440114498138428,-0.005251595284789801,1.6735406116463736e-10,0.0,0.9989335536956787
1649,,,,,,,,-2.7580442428588867,1.4999999621068127e-05,-0.006075647659599781,0.23800669610500336,0.08715271949768066,0.010263204574584961,985.0,0.16929277777671814,100.0,4.4402174949646,-0.0055611650459468365,1.8584052324295044,0.0,0.9993329644203186
1650,,,,,,,,-2.762871265411377,7.593750342493877e-05,-0.011554817669093609,0.15756700932979584,0.0787820816040039,0.010838985443115234,1071.0,0.16916978359222412,100.0,4.424378395080566,-0.004581059794872999,1.6922025680541992,0.0,0.9990896582603455
1651,,,,,,,,-2.7725892066955566,1.4999999621068127e-05,-0.03728288784623146,0.07768133282661438,0.07786798477172852,0.010942935943603516,1080.0,0.16905121505260468,100.0,4.424378395080566,-0.004530631005764008,0.157226100564003,0.0,0.9991481900215149
1652,,,,,,,,-2.7753489017486572,5.062499985797331e-05,-0.019006023183465004,0.0033545359037816525,0.07426595687866211,0.010426998138427734,1133.0,0.16906307637691498,100.0,4.424378395080566,-0.004427621606737375,1.732149534916516e-08,0.0,0.9989044070243835
1653,-0.005281755700707436,1.1361944675445557,0.0,0.9991085529327393,0.0,0.0,1.0,-2.7741823196411133,9.999999747378752e-06,-0.023710081353783607,0.09156200289726257,0.0897359848022461,0.010442972183227539,958.0,0.16907274723052979,100.0,4.40989351272583,-0.007101283874362707,0.31783100962638855,0.0,0.9993360042572021
1654,,,,,,,,-2.773728370666504,1.4999999621068127e-05,-0.018230360001325607,0.5357869863510132,0.07900500297546387,0.010417938232421875,1073.0,0.16911332309246063,100.0,4.379513740539551,-0.0042448583990335464,4.284397602081299,0.0,0.9991127848625183
1655,,,,,,,,-2.7712841033935547,0.00011390625149942935,-0.0022222548723220825,0.3262321650981903,0.08059906959533691,0.010658025741577148,1051.0,0.16923578083515167,100.0,4.379513740539551,-0.004914867226034403,1.7835618257522583,0.0,0.9991388320922852
1656,,,,,,,,-2.767385721206665,2.2500000341096893e-05,-0.0198663342744112,0.035685114562511444,0.07480597496032715,0.010807991027832031,1121.0,0.16926297545433044,100.0,4.379513740539551,-0.0041698128916323185,1.64652569558166e-42,0.0,0.9988405704498291
1657,,,,,,,,-2.7691707611083984,1.4999999621068127e-05,-0.007264424115419388,0.05038636550307274,0.0837240219116211,0.01019597053527832,1022.0,0.16921165585517883,100.0,4.414552211761475,-0.0068241604603827,0.2417340725660324,0.0,0.9991714358329773
1658,,,,,,,,-2.771340847015381,2.2500000341096893e-05,-0.014369962736964226,0.35079360008239746,0.0792839527130127,0.010187864303588867,1072.0,0.16916903853416443,100.0,4.414552211761475,-0.0044767181389033794,3.570852279663086,0.0,0.999051034450531
1659,,,,,,,,-2.773822069168091,2.2500000341096893e-05,-0.022762177512049675,0.016604360193014145,0.07923102378845215,0.010243654251098633,1072.0,0.16910718381404877,100.0,4.406336307525635,-0.005527378525584936,0.12149054557085037,0.0,0.9991354942321777
1660,,,,,,,,-2.7757344245910645,1.4999999621068127e-05,-0.026804344728589058,0.09466120600700378,0.07584881782531738,0.010870218276977539,1107.0,0.16906577348709106,100.0,4.406336307525635,-0.004568242002278566,1.5608726739883423,0.0,0.9988210201263428
1661,,,,,,,,-2.776456832885742,0.00011390625149942935,-0.002529387827962637,0.02319934032857418,0.08274483680725098,0.011111259460449219,1022.0,0.16906273365020752,100.0,4.390107154846191,-0.005969492252916098,0.15216414630413055,0.0,0.9991387724876404
1662,,,,,,,,-2.7761497497558594,1.4999999621068127e-05,-0.01874629035592079,0.4449893534183502,0.08066368103027344,0.010306119918823242,1055.0,0.16897626221179962,100.0,4.360038757324219,-0.005531789734959602,3.9952402114868164,0.0,0.9991077780723572
1663,,,,,,,,-2.7789599895477295,7.593750342493877e-05,-0.009112869389355183,0.0391608364880085,0.08017110824584961,0.01034688949584961,1060.0,0.16881729662418365,100.0,4.389445781707764,-0.005083339288830757,0.12226476520299911,0.0,0.9991709589958191
1664,,,,,,,,-2.782228469848633,1.4999999621068127e-05,-0.01675145886838436,0.10186517983675003,0.07674479484558105,0.010551214218139648,1099.0,0.16879622638225555,100.0,4.389445781707764,-0.004534929059445858,1.5581973791122437,0.0,0.9988839626312256
1665,,,,,,,,-2.781949043273926,5.062499985797331e-05,-0.011734533123672009,0.003704588860273361,0.08110308647155762,0.011123895645141602,1040.0,0.16877467930316925,100.0,4.417600154876709,-0.006013391073793173,0.0029114282224327326,0.0,0.9990862011909485
1666,,,,,,,,-2.780344009399414,5.062499985797331e-05,-0.012612607330083847,0.346250981092453,0.08045697212219238,0.01038503646850586,1056.0,0.16893000900745392,100.0,4.376697540283203,-0.005244155880063772,3.8185875415802,0.0,0.9991530776023865
1667,,,,,,,,-2.7731521129608154,2.2500000341096893e-05,-0.013624392449855804,0.01976928301155567,0.07709026336669922,0.01028299331665039,1098.0,0.16910035908222198,100.0,4.4060492515563965,-0.004983235150575638,0.013451166450977325,0.0,0.9991539120674133
1668,,,,,,,,-2.768292188644409,2.2500000341096893e-05,-0.00969119556248188,0.17278757691383362,0.07694506645202637,0.010386228561401367,1099.0,0.16909152269363403,100.0,4.4060492515563965,-0.004603460896760225,2.0124003887176514,0.0,0.9989091753959656
1669,,,,,,,,-2.7672367095947266,7.593750342493877e-05,-0.010601435787975788,0.004261546302586794,0.08199095726013184,0.010931968688964844,1033.0,0.16914664208889008,100.0,4.429139614105225,-0.0058649503625929356,1.3906842468713876e-06,0.0,0.9989842772483826
1670,,,,,,,,-2.764356851577759,1.4999999621068127e-05,-0.007406157907098532,0.316058874130249,0.08247971534729004,0.010709047317504883,1030.0,0.16919581592082977,100.0,4.398070812225342,-0.00481448182836175,2.2632341384887695,0.0,0.9992706775665283
1671,,,,,,,,-2.7638423442840576,1.4999999621068127e-05,-0.020448897033929825,0.15880930423736572,0.08090496063232422,0.010845184326171875,1046.0,0.16924983263015747,100.0,4.434083938598633,-0.0051161134615540504,1.933073878288269,0.0,0.9990673661231995
1672,,,,,,,,-2.761981964111328,1.4999999621068127e-05,-0.015405548736453056,0.14744994044303894,0.07648730278015137,0.010583639144897461,1102.0,0.1693122237920761,100.0,4.434083938598633,-0.00467390613630414,1.6211824417114258,0.0,0.9989890456199646
1673,,,,,,,,-2.759690046310425,5.062499985797331e-05,-0.012679697945713997,0.00972787756472826,0.07696986198425293,0.011039972305297852,1090.0,0.16942326724529266,100.0,4.429766654968262,-0.005951687227934599,1.2212704458836043e-10,0.0,0.9988823533058167
1674,,,,,,,,-2.7584171295166016,5.062499985797331e-05,-0.01754574477672577,0.4745032489299774,0.08585119247436523,0.010428905487060547,997.0,0.16939787566661835,100.0,4.4654035568237305,-0.005450613796710968,3.9492671489715576,0.0,0.99924236536026
1675,,,,,,,,-2.7638001441955566,5.062499985797331e-05,-0.007317163050174713,0.1502455770969391,0.08092594146728516,0.011424064636230469,1039.0,0.16925568878650665,100.0,4.493546009063721,-0.005808336194604635,1.5420584678649902,0.0,0.998967170715332
1676,,,,,,,,-2.767843008041382,2.2500000341096893e-05,-0.012116935104131699,0.08655189722776413,0.07624197006225586,0.01028299331665039,1109.0,0.16915737092494965,100.0,4.493546009063721,-0.004209412727504969,1.5600595474243164,0.0,0.9989989399909973
1677,,,,,,,,-2.766857147216797,2.2500000341096893e-05,-0.013081998564302921,0.008942301385104656,0.07277798652648926,0.010252952575683594,1156.0,0.16926905512809753,100.0,4.493546009063721,-0.0038190335035324097,0.0,0.0,0.9987571835517883
1678,-0.005010999273508787,1.7572240829467773,0.0,0.9989919066429138,0.0,0.0,1.0,-2.7598962783813477,5.062499985797331e-05,-0.010242991149425507,0.6572847962379456,0.08555197715759277,0.01003718376159668,1004.0,0.16948813199996948,100.0,4.482470989227295,-0.006438510492444038,2.0847339630126953,0.0,0.9992725253105164
1679,,,,,,,,-2.755007028579712,2.2500000341096893e-05,-0.022880317643284798,0.2236660271883011,0.07650518417358398,0.01035165786743164,1105.0,0.16947229206562042,100.0,4.481441974639893,-0.00448197266086936,0.15663670003414154,0.0,0.9991498589515686
1680,,,,,,,,-2.7598984241485596,5.062499985797331e-05,-0.0064904093742370605,0.32091811299324036,0.07869887351989746,0.01022195816040039,1079.0,0.16930285096168518,100.0,4.481441974639893,-0.005366830620914698,1.942301869392395,0.0,0.9992017149925232
1681,,,,,,,,-2.772104024887085,3.3749998692655936e-05,-0.005634997971355915,0.04521806538105011,0.07404804229736328,0.010071992874145508,1141.0,0.16900600492954254,100.0,4.481441974639893,-0.00422897981479764,7.1256962011298355e-28,0.0,0.998905599117279
1682,,,,,,,,-2.781207799911499,1.4999999621068127e-05,-0.025978000834584236,0.21786054968833923,0.08206892013549805,0.01036381721496582,1038.0,0.1689143180847168,100.0,4.4839019775390625,-0.007134918589144945,0.3064500093460083,0.0,0.9992558360099792
1683,,,,,,,,-2.7796497344970703,1.4999999621068127e-05,-0.01954314485192299,0.14394308626651764,0.07874202728271484,0.010441064834594727,1076.0,0.16902796924114227,100.0,4.4839019775390625,-0.004549575503915548,0.16438953578472137,0.0,0.9992427229881287
1684,,,,,,,,-2.773186683654785,2.2500000341096893e-05,-0.01803142949938774,0.020688991993665695,0.08019590377807617,0.01025080680847168,1061.0,0.16911368072032928,100.0,4.480869770050049,-0.004719817545264959,0.12077797204256058,0.0,0.9992350935935974
1685,,,,,,,,-2.770153045654297,2.2500000341096893e-05,-0.021295960992574692,0.08481448143720627,0.07331085205078125,0.01017308235168457,1149.0,0.16907665133476257,100.0,4.480869770050049,-0.004118406679481268,1.5175524950027466,0.0,0.9989821314811707
1686,,,,,,,,-2.7712295055389404,3.3749998692655936e-05,-0.017795272171497345,0.03544360399246216,0.08374810218811035,0.010763168334960938,1015.0,0.1690703183412552,100.0,4.481107234954834,-0.0058730486780405045,0.15220923721790314,0.0,0.9992101788520813
1687,,,,,,,,-2.7676610946655273,3.3749998692655936e-05,-0.023903364315629005,0.1922128051519394,0.0813608169555664,0.010907888412475586,1040.0,0.1692136973142624,100.0,4.481188774108887,-0.005370067898184061,1.588734745979309,0.0,0.9991870522499084
1688,,,,,,,,-2.7625131607055664,9.999999747378752e-06,-0.030728323385119438,0.11392688751220703,0.07879805564880371,0.01012873649597168,1079.0,0.16920749843120575,100.0,4.50970983505249,-0.005476119462400675,1.903443455696106,0.0,0.9991394877433777
1689,,,,,,,,-2.7619762420654297,3.3749998692655936e-05,-0.01273222267627716,0.011419108137488365,0.07499885559082031,0.010308980941772461,1125.0,0.16921445727348328,100.0,4.50970983505249,-0.0037842101883143187,0.028852760791778564,0.0,0.9990174174308777
1690,,,,,,,,-2.7602858543395996,3.3749998692655936e-05,-0.012554616667330265,0.007243350613862276,0.08178830146789551,0.010963916778564453,1035.0,0.1692366898059845,100.0,4.495645523071289,-0.006228212267160416,0.0031880212482064962,0.0,0.999103307723999
1691,,,,,,,,-2.760654926300049,3.3749998692655936e-05,-0.00951748713850975,0.30007806420326233,0.08095288276672363,0.010882139205932617,1045.0,0.1690812110900879,100.0,4.494332313537598,-0.005596269387751818,2.288261651992798,0.0,0.9992647767066956
1692,,,,,,,,-2.764491319656372,5.062499985797331e-05,-0.00215974822640419,0.14382091164588928,0.0805211067199707,0.010303974151611328,1056.0,0.16900770366191864,100.0,4.454193592071533,-0.005122413393110037,1.8214186429977417,0.0,0.9991025924682617
1693,,,,,,,,-2.7616524696350098,7.593750342493877e-05,-0.015860749408602715,0.04960748553276062,0.07496786117553711,0.010632038116455078,1121.0,0.16915173828601837,100.0,4.454193592071533,-0.004294632468372583,0.14583909511566162,0.0,0.9989878535270691
1694,,,,,,,,-2.755462884902954,2.2500000341096893e-05,-0.007524560205638409,0.007498373277485371,0.08074307441711426,0.010720014572143555,1049.0,0.16916076838970184,100.0,4.453927993774414,-0.0064249238930642605,2.138441459464957e-06,0.0,0.9989789128303528
1695,,,,,,,,-2.7572779655456543,7.593750342493877e-05,-0.008098485879600048,0.16135194897651672,0.08266687393188477,0.010637044906616211,1028.0,0.1690693199634552,100.0,4.488028526306152,-0.006267633754760027,0.3867741525173187,0.0,0.9993669986724854
1696,,,,,,,,-2.762754440307617,3.3749998692655936e-05,-0.004808110650628805,0.09408832341432571,0.07895231246948242,0.0108489990234375,1069.0,0.16907726228237152,100.0,4.488139629364014,-0.0047585186548531055,1.4011417627334595,0.0,0.9991579055786133
1697,,,,,,,,-2.763782262802124,2.2500000341096893e-05,-0.029297085478901863,0.0537571907043457,0.07614612579345703,0.010373115539550781,1109.0,0.16908390820026398,100.0,4.488139629364014,-0.004201814532279968,0.1577892303466797,0.0,0.9991230368614197
1698,,,,,,,,-2.7637264728546143,2.2500000341096893e-05,-0.0236032884567976,0.005915991961956024,0.0768899917602539,0.010679960250854492,1096.0,0.16906842589378357,100.0,4.421383857727051,-0.005407241638749838,2.886221539544209e-10,0.0,0.998990535736084
1699,,,,,,,,-2.763209104537964,2.2500000341096893e-05,-0.005799558945000172,0.09965062141418457,0.0842142105102539,0.010141849517822266,1017.0,0.16905167698860168,100.0,4.446750164031982,-0.005259355995804071,0.3087739050388336,0.0,0.9993882179260254
1700,,,,,,,,-2.7644805908203125,1.4999999621068127e-05,-0.011096883565187454,0.1174762099981308,0.07645702362060547,0.01079702377319336,1100.0,0.1689896583557129,100.0,4.408417224884033,-0.005636893678456545,1.4596039056777954,0.0,0.9991750717163086
1701,,,,,,,,-2.7691211700439453,2.2500000341096893e-05,-0.01691349968314171,0.23982001841068268,0.07980203628540039,0.011334896087646484,1053.0,0.16882137954235077,100.0,4.408417224884033,-0.004466340411454439,1.8441729545593262,0.0,0.9991448521614075
1702,,,,,,,,-2.7749016284942627,2.2500000341096893e-05,-0.0182984359562397,0.012943815439939499,0.07647395133972168,0.010951042175292969,1098.0,0.1687343716621399,100.0,4.408417224884033,-0.003968639764934778,8.407790785948902e-45,0.0,0.9989436268806458
1703,-0.005160061176866293,0.5658809542655945,0.0,0.9991790652275085,0.0,0.0,1.0,-2.775634288787842,2.2500000341096893e-05,-0.022638902068138123,0.7255359888076782,0.08831405639648438,0.010229110717773438,974.0,0.1687418669462204,100.0,4.33962345123291,-0.00666418531909585,2.1696531772613525,0.0,0.9993063807487488
1704,,,,,,,,-2.774806261062622,3.3749998692655936e-05,-0.014342246577143669,0.10302841663360596,0.07713484764099121,0.010447978973388672,1096.0,0.16873224079608917,100.0,4.34327507019043,-0.004507364705204964,0.15188778936862946,0.0,0.999110758304596
1705,,,,,,,,-2.777439594268799,5.062499985797331e-05,-0.016632381826639175,0.049127258360385895,0.07736515998840332,0.010627031326293945,1091.0,0.16862753033638,100.0,4.34327507019043,-0.005142842419445515,0.15366245806217194,0.0,0.9991932511329651
1706,,,,,,,,-2.784451961517334,3.3749998692655936e-05,-0.02383401058614254,0.0018663624068722129,0.07434296607971191,0.010046005249023438,1137.0,0.1684655249118805,100.0,4.34327507019043,-0.004483767319470644,2.657756340340711e-06,0.0,0.9989814162254333
1707,,,,,,,,-2.7878973484039307,0.00011390625149942935,-0.01959371566772461,0.08157002925872803,0.08178091049194336,0.010193109512329102,1043.0,0.1684691607952118,100.0,4.315152645111084,-0.006632698234170675,0.30451107025146484,0.0,0.9993254542350769
1708,,,,,,,,-2.7834908962249756,9.999999747378752e-06,-0.00033947452902793884,0.2259087860584259,0.08144402503967285,0.011065959930419922,1037.0,0.1685338020324707,100.0,4.315152645111084,-0.004671783652156591,1.4570168256759644,0.0,0.9992936253547668
1709,,,,,,,,-2.7810208797454834,1.4999999621068127e-05,-0.02451157569885254,0.05317375436425209,0.08040499687194824,0.011229276657104492,1047.0,0.1685895323753357,100.0,4.288131237030029,-0.004894909914582968,0.11951399594545364,0.0,0.9992035031318665
1710,,,,,,,,-2.7773571014404297,7.593750342493877e-05,-0.011021580547094345,0.1404099464416504,0.0752251148223877,0.010735750198364258,1116.0,0.1686917245388031,100.0,4.288131237030029,-0.004189698491245508,1.7816834449768066,0.0,0.9989557266235352
1711,,,,,,,,-2.770862102508545,9.999999747378752e-06,-0.019500281661748886,0.0377337671816349,0.08314013481140137,0.010800838470458984,1021.0,0.16879956424236298,100.0,4.260011672973633,-0.0060904365964233875,0.14255674183368683,0.0,0.99916011095047
1712,,,,,,,,-2.76737904548645,2.2500000341096893e-05,-0.010137690231204033,0.8148027062416077,0.08110618591308594,0.010569095611572266,1047.0,0.16890254616737366,100.0,4.258355617523193,-0.004861283581703901,3.7727413177490234,0.0,0.9991758465766907
1713,,,,,,,,-2.762622117996216,3.3749998692655936e-05,-0.02223803848028183,0.0634443610906601,0.07911920547485352,0.010574817657470703,1070.0,0.16898910701274872,100.0,4.256324291229248,-0.005220901221036911,0.12639982998371124,0.0,0.9991340041160583
1714,,,,,,,,-2.761155843734741,3.3749998692655936e-05,-0.01786607876420021,0.011635107919573784,0.07509684562683105,0.010616064071655273,1120.0,0.16900809109210968,100.0,4.256324291229248,-0.003926083445549011,0.02773408591747284,0.0,0.9989674687385559
1715,,,,,,,,-2.761169672012329,3.3749998692655936e-05,-0.014316081069409847,0.003200432751327753,0.0832357406616211,0.010818958282470703,1020.0,0.16906407475471497,100.0,4.234564304351807,-0.005785410758107901,0.0032014260068535805,0.0,0.9990766644477844
1716,,,,,,,,-2.7561843395233154,3.3749998692655936e-05,-0.015027078799903393,0.23456363379955292,0.08224892616271973,0.010885000228881836,1030.0,0.16916902363300323,100.0,4.234940528869629,-0.004958020988851786,1.8959168195724487,0.0,0.9992627501487732
1717,,,,,,,,-2.7523086071014404,2.2500000341096893e-05,-0.020043643191456795,0.08342263847589493,0.08088493347167969,0.01036214828491211,1052.0,0.16922423243522644,100.0,4.193036079406738,-0.004216168075799942,1.4976893663406372,0.0,0.9991076588630676
1718,,,,,,,,-2.751077175140381,1.4999999621068127e-05,-0.012874449603259563,0.026557859033346176,0.07491803169250488,0.010431051254272461,1124.0,0.1692153364419937,100.0,4.193036079406738,-0.004304392263293266,0.14821310341358185,0.0,0.9989894032478333
1719,,,,,,,,-2.7524478435516357,3.3749998692655936e-05,-0.01383510697633028,0.0027109296061098576,0.08290576934814453,0.011162281036376953,1020.0,0.16914552450180054,100.0,4.160231590270996,-0.0055808424949646,2.3981071990419878e-06,0.0,0.9989853501319885
1720,,,,,,,,-2.7549803256988525,5.062499985797331e-05,-0.006778153590857983,0.20487697422504425,0.08214306831359863,0.010451793670654297,1036.0,0.16907955706119537,100.0,4.151510238647461,-0.005655007902532816,1.8134907484054565,0.0,0.9992802739143372
1721,,,,,,,,-2.758718967437744,3.3749998692655936e-05,-0.014344621449708939,0.18541909754276276,0.08054780960083008,0.011065244674682617,1047.0,0.16894549131393433,100.0,4.114357948303223,-0.005603352095931768,1.8813949823379517,0.0,0.999053955078125
1722,,,,,,,,-2.7686102390289307,3.3749998692655936e-05,-0.010158644989132881,0.1868506371974945,0.07673287391662598,0.010440349578857422,1101.0,0.16872024536132812,100.0,4.114357948303223,-0.004169559571892023,1.8003989458084106,0.0,0.9989287257194519
1723,,,,,,,,-2.7782418727874756,5.062499985797331e-05,-0.016020361334085464,0.008170709013938904,0.0785360336303711,0.010749101638793945,1075.0,0.168482705950737,100.0,4.075161457061768,-0.005598464515060186,1.9465849765420984e-10,0.0,0.9988193511962891
1724,,,,,,,,-2.7838094234466553,2.2500000341096893e-05,-0.02497379295527935,0.24472366273403168,0.08675098419189453,0.010602951049804688,986.0,0.1683226078748703,100.0,4.109790325164795,-0.004240578971803188,1.6922563314437866,0.0,0.9992725253105164
1725,,,,,,,,-2.784308671951294,1.4999999621068127e-05,-0.016683781519532204,0.1176219955086708,0.07815432548522949,0.010778665542602539,1079.0,0.1683347076177597,100.0,4.102998733520508,-0.004948507994413376,1.5192989110946655,0.0,0.9990313649177551
1726,,,,,,,,-2.7827560901641846,2.2500000341096893e-05,-0.022824961692094803,0.10511346906423569,0.07673430442810059,0.01045989990234375,1100.0,0.16834890842437744,100.0,4.102998733520508,-0.004236262291669846,0.15184079110622406,0.0,0.9990913271903992
1727,,,,,,,,-2.7831127643585205,3.3749998692655936e-05,-0.017901385203003883,0.004755483940243721,0.07572793960571289,0.01071310043334961,1110.0,0.1683628261089325,100.0,4.102998733520508,-0.004314296413213015,1.565777729695128e-08,0.0,0.9988596439361572
1728,-0.004806087352335453,1.0276976823806763,0.0,0.9990530014038086,0.0,0.0,1.0,-2.7808516025543213,2.2500000341096893e-05,-0.015459506772458553,0.1118939220905304,0.08872795104980469,0.010538101196289062,967.0,0.16847865283489227,100.0,4.155660629272461,-0.006965847685933113,0.23625017702579498,0.0,0.9993003010749817
1729,,,,,,,,-2.775844097137451,5.062499985797331e-05,-0.014821205288171768,0.4456409215927124,0.078125,0.011036872863769531,1076.0,0.16853749752044678,100.0,4.155583381652832,-0.004983261227607727,5.797946929931641,0.0,0.999000072479248
1730,,,,,,,,-2.781439781188965,3.3749998692655936e-05,-0.01472687441855669,0.5869168043136597,0.0805060863494873,0.010359764099121094,1056.0,0.16824465990066528,100.0,4.155583381652832,-0.005065812263637781,2.1760571002960205,0.0,0.999054491519928
1731,,,,,,,,-2.7926502227783203,1.4999999621068127e-05,-0.013548238202929497,0.034878458827733994,0.07520914077758789,0.010253667831420898,1123.0,0.16808634996414185,100.0,4.155583381652832,-0.004311536904424429,0.0,0.0,0.9987213015556335
1732,,,,,,,,-2.795504331588745,3.3749998692655936e-05,-0.013295970857143402,0.1552407443523407,0.08323001861572266,0.01083683967590332,1020.0,0.16805879771709442,100.0,4.194702625274658,-0.006875200662761927,0.27737268805503845,0.0,0.999144971370697
1733,,,,,,,,-2.7930197715759277,0.00011390625149942935,-0.007752974517643452,0.22063034772872925,0.08021807670593262,0.010989665985107422,1052.0,0.16812382638454437,100.0,4.194702625274658,-0.004553971812129021,3.261836290359497,0.0,0.9990999698638916
1734,,,,,,,,-2.7920079231262207,2.2500000341096893e-05,-0.02099062129855156,0.22476746141910553,0.07990908622741699,0.010203838348388672,1065.0,0.16803361475467682,100.0,4.201001167297363,-0.0050667268224060535,0.15664662420749664,0.0,0.9991195201873779
1735,,,,,,,,-2.795069456100464,2.2500000341096893e-05,-0.020733879879117012,0.006375850643962622,0.07536530494689941,0.01084589958190918,1113.0,0.1679709106683731,100.0,4.201001167297363,-0.003921229392290115,4.206219455227256e-05,0.0,0.9988977909088135
1736,,,,,,,,-2.7961654663085938,2.2500000341096893e-05,-0.022303104400634766,0.01806041970849037,0.08165621757507324,0.010329723358154297,1043.0,0.16794522106647491,100.0,4.187995910644531,-0.005868303123861551,0.14905934035778046,0.0,0.9991040825843811
1737,,,,,,,,-2.795989751815796,0.00011390625149942935,-0.00864452961832285,0.25831544399261475,0.08289194107055664,0.010451078414916992,1028.0,0.16792887449264526,100.0,4.178647041320801,-0.005011257249861956,3.178205728530884,0.0,0.999159038066864
1738,,,,,,,,-2.799757957458496,2.2500000341096893e-05,-0.010545725002884865,0.19897602498531342,0.08092284202575684,0.010239362716674805,1053.0,0.16774776577949524,100.0,4.137763023376465,-0.005148413125425577,2.1994192600250244,0.0,0.9990887641906738
1739,,,,,,,,-2.806117296218872,2.2500000341096893e-05,-0.02546241506934166,0.06915043294429779,0.07455992698669434,0.010315179824829102,1131.0,0.167690247297287,100.0,4.137763023376465,-0.00426145363599062,1.4281805753707886,0.0,0.9987921714782715
1740,,,,,,,,-2.8053033351898193,7.593750342493877e-05,-0.01032534334808588,0.002353300806134939,0.08088207244873047,0.011179924011230469,1042.0,0.16790497303009033,100.0,4.163759708404541,-0.005327405408024788,0.0026204136665910482,0.0,0.9989849925041199
1741,,,,,,,,-2.7949490547180176,2.2500000341096893e-05,-0.023174330592155457,0.41040658950805664,0.08303689956665039,0.011208772659301758,1018.0,0.16810938715934753,100.0,4.171924591064453,-0.005212483461946249,2.5836496353149414,0.0,0.9991828799247742
1742,,,,,,,,-2.7914984226226807,2.2500000341096893e-05,-0.021992884576320648,0.08240633457899094,0.08032417297363281,0.010976791381835938,1051.0,0.16814889013767242,100.0,4.198665618896484,-0.005267228931188583,1.4581303596496582,0.0,0.9990648627281189
1743,,,,,,,,-2.790656805038452,1.4999999621068127e-05,-0.01635259948670864,0.046465009450912476,0.0752410888671875,0.010640144348144531,1117.0,0.1681681126356125,100.0,4.198665618896484,-0.004025487694889307,0.14590077102184296,0.0,0.9989614486694336
1744,,,,,,,,-2.7903285026550293,5.062499985797331e-05,-0.017876196652650833,0.004896786995232105,0.08239579200744629,0.011263370513916016,1024.0,0.1681547909975052,100.0,4.2400078773498535,-0.006080555263906717,1.5572450138279237e-06,0.0,0.9989579319953918
1745,,,,,,,,-2.790987014770508,9.999999747378752e-06,-0.030479971319437027,0.2195541262626648,0.08045101165771484,0.011214256286621094,1047.0,0.1681378036737442,100.0,4.225658893585205,-0.005552242044359446,1.8317114114761353,0.0,0.9992772936820984
1746,,,,,,,,-2.791844367980957,3.3749998692655936e-05,-0.01364551205188036,0.11808636039495468,0.08076000213623047,0.01030111312866211,1054.0,0.16810639202594757,100.0,4.197547435760498,-0.004879030864685774,1.646565556526184,0.0,0.9991166591644287
1747,,,,,,,,-2.7894132137298584,2.2500000341096893e-05,-0.01680890843272209,0.06023652106523514,0.07539629936218262,0.01090097427368164,1112.0,0.16817551851272583,100.0,4.197547435760498,-0.003826915053650737,0.15498775243759155,0.0,0.9990265369415283
1748,,,,,,,,-2.782851219177246,9.999999747378752e-06,-0.016638394445180893,0.0051675718277692795,0.07766890525817871,0.01042318344116211,1089.0,0.16825489699840546,100.0,4.162937641143799,-0.005708975251764059,1.2788897718607473e-10,0.0,0.9988681674003601
1749,,,,,,,,-2.7797999382019043,3.3749998692655936e-05,-0.016095055267214775,0.44241711497306824,0.08663511276245117,0.010291814804077148,990.0,0.16825444996356964,100.0,4.192867279052734,-0.00486458046361804,3.418045997619629,0.0,0.999281644821167
1750,,,,,,,,-2.779745578765869,5.062499985797331e-05,-0.015930498018860817,0.07788877934217453,0.07724213600158691,0.010266780853271484,1097.0,0.1682818979024887,100.0,4.166271209716797,-0.0050535649061203,0.1528378278017044,0.0,0.9990639686584473
1751,,,,,,,,-2.7790534496307373,1.4999999621068127e-05,-0.017335182055830956,0.04966571927070618,0.07953405380249023,0.01067209243774414,1064.0,0.16827292740345,100.0,4.166271209716797,-0.004227538593113422,0.15405623614788055,0.0,0.9990378022193909
1752,,,,,,,,-2.779799222946167,5.062499985797331e-05,-0.007649144623428583,0.0014730560360476375,0.0817420482635498,0.011129140853881836,1033.0,0.1681855022907257,100.0,4.166271209716797,-0.003708137199282646,1.8851627814342464e-08,0.0,0.9987974166870117
1753,-0.004762197379022837,1.1426829099655151,0.0,0.9990072250366211,0.0,0.0,1.0,-2.784811496734619,1.4999999621068127e-05,-0.033974550664424896,0.0767456442117691,0.09637713432312012,0.012378692626953125,882.0,0.1680094599723816,100.0,4.185210227966309,-0.00692953122779727,0.26914525032043457,0.0,0.9993442893028259
1754,,,,,,,,-2.7906203269958496,2.2500000341096893e-05,-0.012151068076491356,0.812916100025177,0.08888006210327148,0.011807918548583984,953.0,0.16784675419330597,100.0,4.156359672546387,-0.004559810739010572,4.551966667175293,0.0,0.9990797638893127
1755,,,,,,,,-2.798614978790283,7.593750342493877e-05,-0.002344354521483183,0.23471581935882568,0.09026598930358887,0.011126041412353516,946.0,0.167573481798172,100.0,4.156359672546387,-0.004654299467802048,1.519992470741272,0.0,0.9990532398223877
1756,,,,,,,,-2.8101298809051514,1.4999999621068127e-05,-0.02463790401816368,0.022244924679398537,0.07515811920166016,0.010472774505615234,1121.0,0.16742350161075592,100.0,4.156359672546387,-0.003829660126939416,3.29305139116332e-43,0.0,0.9987263679504395
1757,,,,,,,,-2.812638759613037,2.2500000341096893e-05,-0.012977776117622852,0.06395262479782104,0.08441686630249023,0.010231256484985352,1014.0,0.16740213334560394,100.0,4.180769443511963,-0.006665369961410761,0.28763267397880554,0.0,0.999085009098053
1758,,,,,,,,-2.8168070316314697,0.00017085937724914402,-0.009789913892745972,0.3456932008266449,0.07987213134765625,0.010655879974365234,1060.0,0.1670314222574234,100.0,4.180769443511963,-0.004094232339411974,3.72599196434021,0.0,0.9989845156669617
1759,,,,,,,,-2.8346192836761475,3.3749998692655936e-05,-0.014767535030841827,0.13156910240650177,0.07993602752685547,0.010857105255126953,1057.0,0.16675440967082977,100.0,4.206927299499512,-0.004465485457330942,0.15011949837207794,0.0,0.9990665912628174
1760,,,,,,,,-2.838733196258545,9.999999747378752e-06,-0.005639515817165375,0.007142003159970045,0.0746469497680664,0.010809898376464844,1123.0,0.16667357087135315,100.0,4.206927299499512,-0.004273529164493084,3.79126904590521e-05,0.0,0.9987877011299133
1761,,,,,,,,-2.8416435718536377,5.062499985797331e-05,-0.0071212309412658215,0.04891161248087883,0.08157110214233398,0.010253190994262695,1045.0,0.1664913445711136,100.0,4.234373092651367,-0.0052642966620624065,0.15203098952770233,0.0,0.9991083145141602
1762,,,,,,,,-2.846165895462036,2.2500000341096893e-05,-0.0205119326710701,0.2287876456975937,0.08424711227416992,0.010936737060546875,1008.0,0.16649211943149567,100.0,4.195630073547363,-0.0048274570144712925,3.1676104068756104,0.0,0.9991108775138855
1763,,,,,,,,-2.843600034713745,1.4999999621068127e-05,-0.01908477209508419,0.24135664105415344,0.0806736946105957,0.010279178619384766,1055.0,0.1665586233139038,100.0,4.164282321929932,-0.004936445038765669,2.33628249168396,0.0,0.9990312457084656
1764,,,,,,,,-2.841993570327759,5.062499985797331e-05,-0.016939982771873474,0.35421222448349,0.07573199272155762,0.0104827880859375,1113.0,0.1665993630886078,100.0,4.164282321929932,-0.0037414804100990295,2.390775680541992,0.0,0.9986807703971863
1765,,,,,,,,-2.8449416160583496,5.062499985797331e-05,-0.024993743747472763,0.009372665546834469,0.08057093620300293,0.010239839553833008,1057.0,0.16637054085731506,100.0,4.155555248260498,-0.005347143858671188,0.002948787761852145,0.0,0.9988681674003601
1766,,,,,,,,-2.854766368865967,3.3749998692655936e-05,-0.012826818972826004,0.3124946355819702,0.08208107948303223,0.011223077774047852,1028.0,0.1662760078907013,100.0,4.196650981903076,-0.005645917262881994,3.795825242996216,0.0,0.9990403056144714
1767,,,,,,,,-2.85754132270813,1.4999999621068127e-05,-0.02526542916893959,0.20833271741867065,0.08154082298278809,0.012209177017211914,1024.0,0.16623501479625702,100.0,4.213314056396484,-0.00402956223115325,2.192368745803833,0.0,0.9989765286445618
1768,,,,,,,,-2.859025478363037,7.593750342493877e-05,-0.003836083458736539,0.25730621814727783,0.07710385322570801,0.010706186294555664,1093.0,0.1661958396434784,100.0,4.213314056396484,-0.004725664388388395,2.3831634521484375,0.0,0.9987353682518005
1769,,,,,,,,-2.8628926277160645,2.2500000341096893e-05,-0.011925323866307735,0.0121680973097682,0.07999682426452637,0.010543107986450195,1060.0,0.16603247821331024,100.0,4.207479000091553,-0.004810595419257879,1.556386905576801e-06,0.0,0.9987902641296387
1770,,,,,,,,-2.8721752166748047,3.3749998692655936e-05,-0.016809850931167603,0.3546980917453766,0.08156418800354004,0.010362863540649414,1044.0,0.165787473320961,100.0,4.248542308807373,-0.004750293679535389,4.488218784332275,0.0,0.9991183280944824
1771,,,,,,,,-2.8837389945983887,2.2500000341096893e-05,-0.0246054008603096,0.19282223284244537,0.08077383041381836,0.010196924209594727,1055.0,0.16567634046077728,100.0,4.262222766876221,-0.004850231576710939,2.1906867027282715,0.0,0.9989507794380188
1772,,,,,,,,-2.889176845550537,9.999999747378752e-06,-0.024145416915416718,0.2045644223690033,0.07484793663024902,0.010185956954956055,1128.0,0.16560423374176025,100.0,4.262222766876221,-0.0038736581336706877,2.3404173851013184,0.0,0.9988387227058411
1773,,,,,,,,-2.8915622234344482,3.3749998692655936e-05,-0.012848643586039543,0.017624057829380035,0.07796216011047363,0.010332822799682617,1087.0,0.16563235223293304,100.0,4.276725769042969,-0.005166153889149427,1.1713020831027876e-10,0.0,0.9986605644226074
1774,,,,,,,,-2.889878749847412,1.4999999621068127e-05,-0.017477570101618767,0.29759299755096436,0.08837580680847168,0.01053619384765625,970.0,0.16568215191364288,100.0,4.317083835601807,-0.004964835941791534,4.115541934967041,0.0,0.9991911053657532
1775,,,,,,,,-2.88932466506958,2.2500000341096893e-05,-0.015935804694890976,0.23872263729572296,0.07922196388244629,0.01037287712097168,1071.0,0.16571152210235596,100.0,4.32315731048584,-0.005033439490944147,2.3255343437194824,0.0,0.9989212155342102
1776,,,,,,,,-2.887521743774414,3.3749998692655936e-05,-0.015099647454917431,0.11043206602334976,0.07819890975952148,0.010478973388671875,1082.0,0.16572929918766022,100.0,4.32315731048584,-0.004018522333353758,1.9860506057739258,0.0,0.9989120960235596
1777,,,,,,,,-2.887166738510132,2.2500000341096893e-05,-0.023599963635206223,0.014951754361391068,0.07507491111755371,0.01030111312866211,1124.0,0.16569823026657104,100.0,4.32315731048584,-0.004214937333017588,0.0,0.0,0.9986045956611633
1778,-0.0046878415159881115,2.0611441135406494,0.0,0.9989036917686462,0.0,0.0,1.0,-2.8890647888183594,2.2500000341096893e-05,-0.015298547223210335,0.5757715702056885,0.08584880828857422,0.010189056396484375,999.0,0.16559246182441711,100.0,4.366270065307617,-0.006117787212133408,1.9080764055252075,0.0,0.9991958141326904
1779,,,,,,,,-2.893233060836792,2.2500000341096893e-05,-0.01450373511761427,0.45177993178367615,0.0778048038482666,0.010661125183105469,1085.0,0.16558650135993958,100.0,4.373281955718994,-0.0042036972008645535,2.6767139434814453,0.0,0.9989860653877258
1780,,,,,,,,-2.892637014389038,1.4999999621068127e-05,-0.023794015869498253,0.5644210577011108,0.08039331436157227,0.011140823364257812,1048.0,0.16565248370170593,100.0,4.373281955718994,-0.00460042804479599,2.395169496536255,0.0,0.9990754127502441
1781,,,,,,,,-2.8910632133483887,1.4999999621068127e-05,-0.010021534748375416,0.12997262179851532,0.07619309425354004,0.01111602783203125,1099.0,0.16564954817295074,100.0,4.373281955718994,-0.0034348771441727877,6.790552228271631e-41,0.0,0.9986951351165771
1782,,,,,,,,-2.8901007175445557,5.062499985797331e-05,-0.017472106963396072,0.06726552546024323,0.08452701568603516,0.010208845138549805,1013.0,0.16568052768707275,100.0,4.3559136390686035,-0.006367200519889593,0.32895660400390625,0.0,0.9990847110748291
1783,,,,,,,,-2.8852407932281494,3.3749998692655936e-05,-0.0036523148883134127,0.45665156841278076,0.08199882507324219,0.011472225189208984,1027.0,0.1657702624797821,100.0,4.3559136390686035,-0.004346754867583513,5.4821391105651855,0.0,0.9989526867866516
1784,,,,,,,,-2.8791182041168213,3.3749998692655936e-05,-0.0191955603659153,0.05450133979320526,0.08094000816345215,0.011141777038574219,1042.0,0.16584652662277222,100.0,4.371941089630127,-0.005323638673871756,0.15965747833251953,0.0,0.9990394711494446
1785,,,,,,,,-2.8752567768096924,3.3749998692655936e-05,-0.012417538091540337,0.14608848094940186,0.07586479187011719,0.0105133056640625,1111.0,0.16593919694423676,100.0,4.371941089630127,-0.003977327141910791,2.039118528366089,0.0,0.9986855387687683
1786,,,,,,,,-2.871934413909912,1.4999999621068127e-05,-0.020541250705718994,0.022983258590102196,0.08054113388061523,0.010173797607421875,1058.0,0.16599543392658234,100.0,4.411430358886719,-0.005466436501592398,0.14882797002792358,0.0,0.9990005493164062
1787,,,,,,,,-2.8702406883239746,3.3749998692655936e-05,-0.009693492203950882,0.6642888188362122,0.08092474937438965,0.011373043060302734,1040.0,0.16601862013339996,100.0,4.440476417541504,-0.005171575117856264,4.015797138214111,0.0,0.9990692138671875
1788,,,,,,,,-2.869832992553711,1.4999999621068127e-05,-0.02390442043542862,0.03108637034893036,0.08199501037597656,0.010601043701171875,1036.0,0.1660260707139969,100.0,4.445417404174805,-0.004636704456061125,0.1620606780052185,0.0,0.9991270899772644
1789,,,,,,,,-2.8714609146118164,3.3749998692655936e-05,-0.017522191628813744,0.1960333287715912,0.07538294792175293,0.010303020477294922,1120.0,0.16594019532203674,100.0,4.445417404174805,-0.004243070259690285,2.303358316421509,0.0,0.998760461807251
1790,,,,,,,,-2.872786521911621,2.2500000341096893e-05,-0.01208750531077385,0.0077739618718624115,0.0831301212310791,0.010452032089233398,1025.0,0.16599798202514648,100.0,4.516384124755859,-0.005289791617542505,0.0026826190296560526,0.0,0.9989897608757019
1791,,,,,,,,-2.868093729019165,2.2500000341096893e-05,-0.02129238471388817,0.5212434530258179,0.08064794540405273,0.010762214660644531,1050.0,0.16607001423835754,100.0,4.516322612762451,-0.004638019483536482,4.283760070800781,0.0,0.9991105198860168
1792,,,,,,,,-2.865745782852173,1.4999999621068127e-05,-0.028894592076539993,0.029153723269701004,0.08022403717041016,0.010801076889038086,1054.0,0.16607777774333954,100.0,4.5322113037109375,-0.0051648602820932865,0.012456187047064304,0.0,0.9991193413734436
1793,,,,,,,,-2.8634910583496094,2.2500000341096893e-05,-0.024465147405862808,0.10084474086761475,0.07521891593933105,0.010154008865356445,1124.0,0.1661653369665146,100.0,4.5322113037109375,-0.004261084832251072,1.7640409469604492,0.0,0.9988510012626648
1794,,,,,,,,-2.858334541320801,3.3749998692655936e-05,-0.011091940104961395,0.005280014593154192,0.08043599128723145,0.011434078216552734,1044.0,0.16622792184352875,100.0,4.5804362297058105,-0.004857690539211035,1.8033415472018532e-06,0.0,0.9989063739776611
1795,,,,,,,,-2.8581607341766357,3.3749998692655936e-05,-0.009265529923141003,0.23889902234077454,0.08508586883544922,0.010894060134887695,1000.0,0.16604964435100555,100.0,4.546926021575928,-0.00484130997210741,3.6228277683258057,0.0,0.9991826415061951
1796,,,,,,,,-2.863912343978882,2.2500000341096893e-05,-0.01927177421748638,0.2216227650642395,0.08044290542602539,0.010360002517700195,1057.0,0.1659642457962036,100.0,4.578123569488525,-0.0046246848069131374,2.2551891803741455,0.0,0.9989833831787109
1797,,,,,,,,-2.8655755519866943,9.999999747378752e-06,-0.016655784100294113,0.16388122737407684,0.07683300971984863,0.010438203811645508,1100.0,0.1659596562385559,100.0,4.578123569488525,-0.004338923841714859,1.814728856086731,0.0,0.9988724589347839
1798,,,,,,,,-2.8659253120422363,3.3749998692655936e-05,-0.017917217686772346,0.01398187130689621,0.07598209381103516,0.010278940200805664,1112.0,0.16592511534690857,100.0,4.604733467102051,-0.005471553187817335,1.0243774578588827e-10,0.0,0.9987218379974365
1799,,,,,,,,-2.868083953857422,5.062499985797331e-05,-0.01277169119566679,0.3527209460735321,0.08577680587768555,0.010235071182250977,999.0,0.16595689952373505,100.0,4.612236022949219,-0.00505394721403718,4.037041187286377,0.0,0.9991793036460876
1800,,,,,,,,-2.8653526306152344,3.3749998692655936e-05,-0.007366657257080078,0.20721538364887238,0.07591009140014648,0.010104894638061523,1116.0,0.166136234998703,100.0,4.644104480743408,-0.004821972921490669,0.15799494087696075,0.0,0.9990264773368835
1801,,,,,,,,-2.8604207038879395,3.3749998692655936e-05,-0.020345067605376244,0.21457846462726593,0.07646512985229492,0.010074853897094727,1109.0,0.16619093716144562,100.0,4.644104480743408,-0.004554525017738342,0.1585765928030014,0.0,0.9990451335906982
1802,,,,,,,,-2.8633928298950195,3.3749998692655936e-05,-0.01622169464826584,0.0023916843347251415,0.07381200790405273,0.01016378402709961,1143.0,0.16597239673137665,100.0,4.644104480743408,-0.003985499031841755,3.79617262069587e-08,0.0,0.9987953305244446
1803,-0.004960609599947929,1.3424115180969238,0.0,0.9990172386169434,0.0,0.0,1.0,-2.874734878540039,7.593750342493877e-05,-0.0026665255427360535,0.4190889298915863,0.08634328842163086,0.010383844375610352,992.0,0.16561421751976013,100.0,4.690317153930664,-0.006232425570487976,0.3139040768146515,0.0,0.9993545413017273
1804,,,,,,,,-2.888596773147583,9.999999747378752e-06,-0.022789616137742996,0.1370072364807129,0.07785916328430176,0.010996818542480469,1080.0,0.16541746258735657,100.0,4.690340518951416,-0.004255110863596201,0.15778085589408875,0.0,0.9992024302482605
1805,,,,,,,,-2.8917436599731445,5.062499985797331e-05,-0.006322341505438089,0.28830471634864807,0.08026003837585449,0.011134147644042969,1050.0,0.16534581780433655,100.0,4.690340518951416,-0.004775486420840025,1.8395963907241821,0.0,0.9991579055786133
1806,,,,,,,,-2.894092082977295,0.00011390625149942935,-0.001596740446984768,0.02711007371544838,0.0776669979095459,0.010659933090209961,1086.0,0.16529080271720886,100.0,4.690340518951416,-0.0047028255648911,5.0487564939800646e-23,0.0,0.9988365769386292
1807,,,,,,,,-2.888099193572998,3.3749998692655936e-05,-0.018105093389749527,0.20668435096740723,0.08726215362548828,0.01088571548461914,978.0,0.16539594531059265,100.0,4.665456295013428,-0.006631915923207998,0.28055432438850403,0.0,0.9991605877876282
1808,,,,,,,,-2.881927728652954,2.2500000341096893e-05,-0.019524790346622467,0.8652909398078918,0.08363485336303711,0.01065826416015625,1018.0,0.1654246598482132,100.0,4.665456295013428,-0.0042113931849598885,4.127437591552734,0.0,0.9990649223327637
1809,,,,,,,,-2.881237268447876,7.593750342493877e-05,-0.005265067797154188,0.04278732091188431,0.08298921585083008,0.010740995407104492,1024.0,0.16540157794952393,100.0,4.665353775024414,-0.005258535500615835,0.12244409322738647,0.0,0.9990456700325012
1810,,,,,,,,-2.8820321559906006,1.4999999621068127e-05,-0.02847166731953621,0.08632326871156693,0.07671284675598145,0.010331153869628906,1102.0,0.16542401909828186,100.0,4.665353775024414,-0.003829150227829814,1.6092084646224976,0.0,0.998731791973114
1811,,,,,,,,-2.8830461502075195,5.062499985797331e-05,-0.0046063438057899475,0.040313106030225754,0.08251309394836426,0.010688066482543945,1030.0,0.16540531814098358,100.0,4.65781831741333,-0.005476815160363913,0.12670141458511353,0.0,0.9989876747131348
1812,,,,,,,,-2.8859310150146484,1.4999999621068127e-05,-0.021575259044766426,0.6853475570678711,0.08550906181335449,0.011459112167358398,990.0,0.1653188019990921,100.0,4.705410480499268,-0.004978570621460676,2.7609968185424805,0.0,0.9991161823272705
1813,,,,,,,,-2.890047788619995,3.3749998692655936e-05,-0.017079759389162064,0.2262348085641861,0.08289980888366699,0.01064300537109375,1026.0,0.1652022749185562,100.0,4.735726356506348,-0.004807695280760527,2.3396575450897217,0.0,0.9990246891975403
1814,,,,,,,,-2.8937530517578125,2.2500000341096893e-05,-0.015890296548604965,0.008790994994342327,0.07776403427124023,0.01136016845703125,1077.0,0.16514916718006134,100.0,4.735726356506348,-0.0035697147250175476,0.026151401922106743,0.0,0.9988381266593933
1815,,,,,,,,-2.8947417736053467,9.999999747378752e-06,-0.01514840591698885,0.009778603911399841,0.08709001541137695,0.011144161224365234,977.0,0.16512662172317505,100.0,4.782777786254883,-0.005586845334619284,0.003220646409317851,0.0,0.9989468455314636
1816,,,,,,,,-2.8962836265563965,3.3749998692655936e-05,-0.009325006976723671,0.4026932120323181,0.08364701271057129,0.011056184768676758,1013.0,0.16506722569465637,100.0,4.799837589263916,-0.005014325026422739,3.6928293704986572,0.0,0.9991297125816345
1817,,,,,,,,-2.8964767456054688,2.2500000341096893e-05,-0.012515266425907612,0.2940339744091034,0.07931184768676758,0.010383129119873047,1070.0,0.16512873768806458,100.0,4.7662787437438965,-0.004758712835609913,2.25311279296875,0.0,0.9989698529243469
1818,,,,,,,,-2.8938796520233154,9.999999747378752e-06,-0.02214757911860943,0.031346794217824936,0.07413387298583984,0.010484933853149414,1134.0,0.16515347361564636,100.0,4.7662787437438965,-0.003904817858710885,0.145964115858078,0.0,0.9988018870353699
1819,,,,,,,,-2.893980026245117,5.062499985797331e-05,-0.011349158361554146,0.006295002996921539,0.08081412315368652,0.010343790054321289,1053.0,0.1650909185409546,100.0,4.7918853759765625,-0.0054422784596681595,2.116357336490182e-06,0.0,0.998822033405304
1820,,,,,,,,-2.896313190460205,2.2500000341096893e-05,-0.008970609866082668,0.5767126083374023,0.0812370777130127,0.010298967361450195,1048.0,0.165035218000412,100.0,4.805124282836914,-0.005247955676168203,4.199456691741943,0.0,0.9991496205329895
1821,,,,,,,,-2.8973095417022705,9.999999747378752e-06,-0.028566939756274223,0.1234741061925888,0.07864904403686523,0.010168075561523438,1080.0,0.16504552960395813,100.0,4.80516242980957,-0.005079406779259443,1.763048768043518,0.0,0.9989128112792969
1822,,,,,,,,-2.8981716632843018,3.3749998692655936e-05,-0.008796030655503273,0.2268551141023636,0.07426881790161133,0.010115861892700195,1137.0,0.1650112271308899,100.0,4.80516242980957,-0.003970948047935963,2.1128599643707275,0.0,0.998741626739502
1823,,,,,,,,-2.902327537536621,1.4999999621068127e-05,-0.017762264236807823,0.006646869704127312,0.07659912109375,0.010401010513305664,1103.0,0.16496409475803375,100.0,4.85111665725708,-0.005807282868772745,1.1360073992605635e-10,0.0,0.9986438751220703
1824,,,,,,,,-2.904237747192383,7.593750342493877e-05,-0.0020797078032046556,0.7767892479896545,0.0865781307220459,0.010354995727539062,990.0,0.1649586260318756,100.0,4.854596138000488,-0.0056147794239223,2.576552629470825,0.0,0.9991883635520935
1825,,,,,,,,-2.905837059020996,5.062499985797331e-05,0.0005491906777024269,0.15476852655410767,0.07816195487976074,0.010326862335205078,1084.0,0.16487649083137512,100.0,4.892115116119385,-0.00510590523481369,0.16051457822322845,0.0,0.9990198016166687
1826,,,,,,,,-2.909940004348755,2.2500000341096893e-05,-0.010033773258328438,0.40779533982276917,0.07782196998596191,0.010268926620483398,1089.0,0.16473592817783356,100.0,4.892115116119385,-0.0038404532242566347,2.2037017345428467,0.0,0.9989662170410156
1827,,,,,,,,-2.912792682647705,3.3749998692655936e-05,0.000526491436176002,0.012615303508937359,0.07435011863708496,0.010521888732910156,1131.0,0.1647081822156906,100.0,4.892115116119385,-0.004185579251497984,0.0,0.0,0.9987392425537109
1828,-0.004987132735550404,0.8758615851402283,0.0,0.999022901058197,0.0,0.0,1.0,-2.916328191757202,3.3749998692655936e-05,-0.0042942301370203495,0.5397243499755859,0.08775973320007324,0.010296106338500977,979.0,0.16451893746852875,100.0,4.873742580413818,-0.006306865718215704,1.9943608045578003,0.0,0.9991794228553772
1829,,,,,,,,-2.927213191986084,9.999999747378752e-06,-0.013496428728103638,0.4102116525173187,0.07697105407714844,0.01016998291015625,1101.0,0.16433100402355194,100.0,4.881481647491455,-0.0041731479577720165,3.610177755355835,0.0,0.9988583922386169
1830,,,,,,,,-2.932762622833252,5.062499985797331e-05,-0.009821230545639992,0.21956861019134521,0.07856297492980957,0.010207891464233398,1081.0,0.16428250074386597,100.0,4.881481647491455,-0.004894167184829712,0.15817928314208984,0.0,0.999001681804657
1831,,,,,,,,-2.9343435764312744,1.4999999621068127e-05,-0.030786901712417603,0.010150691494345665,0.07439589500427246,0.010248899459838867,1134.0,0.164306640625,100.0,4.881481647491455,-0.0039346530102193356,1.3955024087408674e-06,0.0,0.9987179636955261
1832,,,,,,,,-2.9325666427612305,2.2500000341096893e-05,-0.014776062220335007,0.2661363482475281,0.08266615867614746,0.010374784469604492,1031.0,0.1644098162651062,100.0,4.92741584777832,-0.007030540611594915,0.2842045724391937,0.0,0.999117910861969
1833,,,,,,,,-2.9279818534851074,3.3749998692655936e-05,-0.01110936515033245,0.5652668476104736,0.08089113235473633,0.010236024856567383,1053.0,0.16456076502799988,100.0,4.92741584777832,-0.003653692314401269,4.293416500091553,0.0,0.9990927577018738
1834,,,,,,,,-2.922656536102295,3.3749998692655936e-05,-0.012995664961636066,0.06638605147600174,0.07981395721435547,0.011041879653930664,1056.0,0.1646340787410736,100.0,4.927548885345459,-0.004165044520050287,0.12988275289535522,0.0,0.9990363717079163
1835,,,,,,,,-2.9188902378082275,3.3749998692655936e-05,-0.015951169654726982,0.11410587280988693,0.07439303398132324,0.010334014892578125,1133.0,0.1646941900253296,100.0,4.927548885345459,-0.003838031319901347,1.7601933479309082,0.0,0.9987096190452576
1836,,,,,,,,-2.909599542617798,0.00017085937724914402,-0.010194001719355583,0.04636010155081749,0.08207297325134277,0.010187864303588867,1040.0,0.16503529250621796,100.0,4.8884077072143555,-0.0054771569557487965,0.15602390468120575,0.0,0.998985767364502
1837,,,,,,,,-2.8898684978485107,9.999999747378752e-06,-0.01800394058227539,0.5672029256820679,0.07966995239257812,0.010135173797607422,1068.0,0.1651841402053833,100.0,4.899620532989502,-0.005410874728113413,3.867694139480591,0.0,0.9990755915641785
1838,,,,,,,,-2.8878865242004395,0.00011390625149942935,-0.009003443643450737,0.17500580847263336,0.07988309860229492,0.010245084762573242,1065.0,0.16522471606731415,100.0,4.894132614135742,-0.004947036970406771,0.1301071047782898,0.0,0.9990097880363464
1839,,,,,,,,-2.885533332824707,9.999999747378752e-06,-0.02214604802429676,0.1442641168832779,0.07429194450378418,0.010334968566894531,1134.0,0.16531586647033691,100.0,4.894132614135742,-0.004342963453382254,1.4987620115280151,0.0,0.9987530708312988
1840,,,,,,,,-2.884730577468872,0.00011390625149942935,-0.006747109815478325,0.004783334210515022,0.08082199096679688,0.01052713394165039,1050.0,0.16531027853488922,100.0,4.9034833908081055,-0.0058764866553246975,0.003673712955787778,0.0,0.9989306330680847
1841,,,,,,,,-2.8897571563720703,3.3749998692655936e-05,-0.01077236793935299,0.31291699409484863,0.08043098449707031,0.009996175765991211,1061.0,0.1652694046497345,100.0,4.903432369232178,-0.0052461470477283,2.0816702842712402,0.0,0.9991259574890137
1842,,,,,,,,-2.889341115951538,0.00011390625149942935,-0.012560324743390083,0.17703653872013092,0.07980990409851074,0.010740995407104492,1060.0,0.1654503494501114,100.0,4.93168830871582,-0.004951820243149996,2.0886447429656982,0.0,0.9989826083183289
1843,,,,,,,,-2.8792858123779297,9.999999747378752e-06,-0.02191251330077648,0.13046355545520782,0.07647204399108887,0.01011514663696289,1108.0,0.165532186627388,100.0,4.93168830871582,-0.003416255349293351,1.8463444709777832,0.0,0.9987809658050537
1844,,,,,,,,-2.877239942550659,2.2500000341096893e-05,-0.012332801707088947,0.005023576784878969,0.07913494110107422,0.010045051574707031,1076.0,0.1655537337064743,100.0,4.907675266265869,-0.005414098035544157,2.1077958081150427e-06,0.0,0.9988415837287903
1845,,,,,,,,-2.8779397010803223,3.3749998692655936e-05,-0.01020020805299282,0.4775031805038452,0.08153510093688965,0.010277748107910156,1045.0,0.1655115783214569,100.0,4.907755374908447,-0.005130002275109291,0.3924630582332611,0.0,0.999216616153717
1846,,,,,,,,-2.8796963691711426,2.2500000341096893e-05,-0.026683276519179344,0.11563682556152344,0.07998371124267578,0.010801076889038086,1057.0,0.1655215322971344,100.0,4.913763999938965,-0.004535882733762264,1.5586590766906738,0.0,0.9989960789680481
1847,,,,,,,,-2.879101037979126,7.593750342493877e-05,-0.01279222872108221,0.1376914381980896,0.07502388954162598,0.010289192199707031,1125.0,0.16548025608062744,100.0,4.913763999938965,-0.0038850102573633194,0.15749214589595795,0.0,0.9989376068115234
1848,,,,,,,,-2.884183168411255,2.2500000341096893e-05,-0.009412972256541252,0.0069370209239423275,0.0755767822265625,0.010174989700317383,1119.0,0.16525182127952576,100.0,4.872440814971924,-0.00517678540199995,1.278548239502797e-10,0.0,0.9987801909446716
1849,,,,,,,,-2.8890812397003174,3.3749998692655936e-05,-0.008319132961332798,0.6052932143211365,0.08491873741149902,0.010378360748291016,1007.0,0.16515953838825226,100.0,4.873773574829102,-0.005133716855198145,3.9723689556121826,0.0,0.9991990923881531
1850,,,,,,,,-2.892669677734375,1.4999999621068127e-05,-0.018299655988812447,0.48487570881843567,0.0780789852142334,0.01016688346862793,1087.0,0.1651032716035843,100.0,4.873820781707764,-0.004873753525316715,2.50740909576416,0.0,0.9988736510276794
1851,,,,,,,,-2.8950042724609375,5.062499985797331e-05,-0.008533385582268238,0.09186572581529617,0.07658100128173828,0.010764122009277344,1099.0,0.1650170087814331,100.0,4.873820781707764,-0.00408239895477891,1.6458220481872559,0.0,0.9988004565238953
1852,,,,,,,,-2.8997209072113037,2.2500000341096893e-05,-0.016699345782399178,0.007755081634968519,0.07424807548522949,0.010452985763549805,1133.0,0.16492998600006104,100.0,4.873820781707764,-0.004255997017025948,0.0,0.0,0.9985706210136414
1853,-0.00502167409285903,2.073529005050659,0.0,0.9988396763801575,0.0,0.0,1.0,-2.9012033939361572,3.3749998692655936e-05,-0.010776315815746784,0.2363707572221756,0.08982205390930176,0.010582923889160156,956.0,0.16495172679424286,100.0,4.931446075439453,-0.006432345137000084,1.837715983390808,0.0,0.9991304278373718
1854,,,,,,,,-2.900110960006714,2.2500000341096893e-05,-0.011428560130298138,0.3905434012413025,0.07872200012207031,0.010519027709960938,1075.0,0.1650191992521286,100.0,4.960056304931641,-0.0043944017961621284,3.880906105041504,0.0,0.9988107681274414
1855,,,,,,,,-2.897651433944702,3.3749998692655936e-05,-0.012044621631503105,0.23949658870697021,0.0793149471282959,0.010341167449951172,1070.0,0.16510933637619019,100.0,4.960056304931641,-0.004915182013064623,0.15308238565921783,0.0,0.9988929629325867
1856,,,,,,,,-2.8913094997406006,2.2500000341096893e-05,-0.014882839284837246,0.006614984478801489,0.07341694831848145,0.010324239730834961,1146.0,0.16529306769371033,100.0,4.960056304931641,-0.0042197746224701405,9.930923852152773e-07,0.0,0.9986271858215332
1857,,,,,,,,-2.8834993839263916,2.2500000341096893e-05,-0.01165574137121439,0.045821018517017365,0.08317112922668457,0.010429859161376953,1025.0,0.16533049941062927,100.0,5.0012617111206055,-0.006996460258960724,0.2609289586544037,0.0,0.9990779757499695
1858,,,,,,,,-2.884065628051758,2.2500000341096893e-05,-0.015206724405288696,0.4760255217552185,0.0806570053100586,0.010254144668579102,1055.0,0.1652711182832718,100.0,5.0012617111206055,-0.004341131541877985,3.784431219100952,0.0,0.998986542224884
1859,,,,,,,,-2.8867287635803223,3.3749998692655936e-05,-0.016965415328741074,0.27120691537857056,0.07817697525024414,0.01034688949584961,1084.0,0.1652505099773407,100.0,5.001247882843018,-0.004444063641130924,0.15642805397510529,0.0,0.9989972114562988
1860,,,,,,,,-2.8928186893463135,2.2500000341096893e-05,-0.009081494994461536,0.006027562078088522,0.07498693466186523,0.010485172271728516,1123.0,0.16507893800735474,100.0,5.001247882843018,-0.004499540198594332,2.1061821826151572e-05,0.0,0.9987566471099854
1861,,,,,,,,-2.8999791145324707,2.2500000341096893e-05,-0.015964586287736893,0.017746809870004654,0.08195281028747559,0.010281085968017578,1040.0,0.16499848663806915,100.0,5.028258800506592,-0.005651424173265696,0.14575736224651337,0.0,0.9990498423576355
1862,,,,,,,,-2.9003100395202637,3.3749998692655936e-05,-0.013049311935901642,0.2257339358329773,0.0803072452545166,0.010413169860839844,1058.0,0.16499002277851105,100.0,4.986343860626221,-0.005108847748488188,1.8451199531555176,0.0,0.9991458058357239
1863,,,,,,,,-2.9010822772979736,2.2500000341096893e-05,-0.026780541986227036,0.033360548317432404,0.08124709129333496,0.011220932006835938,1038.0,0.16483891010284424,100.0,4.960165977478027,-0.004759158007800579,0.13295525312423706,0.0,0.9990517497062683
1864,,,,,,,,-2.90251088142395,3.3749998692655936e-05,-0.015234928578138351,0.008604315109550953,0.0750730037689209,0.010934114456176758,1116.0,0.16488265991210938,100.0,4.960165977478027,-0.003962079528719187,0.020230377092957497,0.0,0.9988288879394531
1865,,,,,,,,-2.8955881595611572,7.593750342493877e-05,-0.018121453002095222,0.009268883615732193,0.08146810531616211,0.010911703109741211,1039.0,0.16510343551635742,100.0,4.921295166015625,-0.005139194428920746,0.004482388496398926,0.0,0.9989819526672363
1866,,,,,,,,-2.8859174251556396,1.4999999621068127e-05,-0.019207671284675598,0.25147873163223267,0.07991886138916016,0.010801076889038086,1058.0,0.16507010161876678,100.0,4.921346664428711,-0.005269814748317003,1.9399462938308716,0.0,0.9991537928581238
1867,,,,,,,,-2.8879153728485107,5.062499985797331e-05,-0.009610620327293873,0.1043478399515152,0.08019900321960449,0.010532140731811523,1058.0,0.16487662494182587,100.0,4.921401500701904,-0.004664611537009478,0.016967175528407097,0.0,0.9990132451057434
1868,,,,,,,,-2.894300937652588,3.3749998692655936e-05,-0.008589419536292553,0.1425231695175171,0.07597184181213379,0.010415315628051758,1111.0,0.1647951453924179,100.0,4.921401500701904,-0.004080710466951132,1.5916143655776978,0.0,0.9987056255340576
1869,,,,,,,,-2.8941001892089844,5.062499985797331e-05,-0.014853060245513916,0.010179910808801651,0.08041191101074219,0.01055598258972168,1055.0,0.16492800414562225,100.0,4.894371509552002,-0.0054106093011796474,1.8717609009399894e-06,0.0,0.9987966418266296
1870,,,,,,,,-2.8851876258850098,3.3749998692655936e-05,-0.012808655388653278,0.6593866348266602,0.0817558765411377,0.010865211486816406,1036.0,0.16520455479621887,100.0,4.8531928062438965,-0.005096979904919863,4.367256164550781,0.0,0.9990706443786621
1871,,,,,,,,-2.877098321914673,3.3749998692655936e-05,-0.026903783902525902,0.11208663135766983,0.0812838077545166,0.011338949203491211,1036.0,0.16531363129615784,100.0,4.835116386413574,-0.004697870463132858,1.5058797597885132,0.0,0.9988042712211609
1872,,,,,,,,-2.873735189437866,9.999999747378752e-06,-0.028764992952346802,0.12885062396526337,0.07416081428527832,0.010476112365722656,1134.0,0.16534960269927979,100.0,4.835116386413574,-0.003732040524482727,1.6332041025161743,0.0,0.9986926913261414
1873,,,,,,,,-2.872523307800293,5.062499985797331e-05,-0.01161254197359085,0.0065896762534976006,0.07553887367248535,0.010670185089111328,1113.0,0.16535250842571259,100.0,4.846455097198486,-0.005480282008647919,1.727104709248195e-10,0.0,0.9986147880554199
1874,,,,,,,,-2.866910934448242,2.2500000341096893e-05,-0.015674106776714325,0.29076987504959106,0.08718109130859375,0.011191844940185547,975.0,0.16556794941425323,100.0,4.833033084869385,-0.005367891397327185,3.2723207473754883,0.0,0.9991538524627686
1875,,,,,,,,-2.8574066162109375,1.4999999621068127e-05,-0.01795724406838417,0.1309707760810852,0.07728791236877441,0.01050114631652832,1093.0,0.1657603532075882,100.0,4.818446159362793,-0.0049235098995268345,1.6222100257873535,0.0,0.9988563060760498
1876,,,,,,,,-2.85296630859375,0.00011390625149942935,-0.00514600332826376,0.094932422041893,0.07621502876281738,0.01084589958190918,1102.0,0.1658124476671219,100.0,4.818446159362793,-0.0039032853674143553,0.1561579704284668,0.0,0.9988770484924316
1877,,,,,,,,-2.855565071105957,5.062499985797331e-05,-0.009685208089649677,0.0024836796801537275,0.07394194602966309,0.011327028274536133,1125.0,0.1658037304878235,100.0,4.818446159362793,-0.003988212440162897,2.944880117539128e-09,0.0,0.9986708164215088
1878,-0.004966357257217169,1.5662498474121094,0.0,0.9988693594932556,0.0,0.0,1.0,-2.858177900314331,2.2500000341096893e-05,-0.0250590518116951,0.1391555219888687,0.08793783187866211,0.010641098022460938,973.0,0.16574779152870178,100.0,4.7841572761535645,-0.006271152291446924,0.27483442425727844,0.0,0.9991858601570129
1879,,,,,,,,-2.862145185470581,3.3749998692655936e-05,-0.01021961122751236,0.4683724343776703,0.07682609558105469,0.011088848114013672,1091.0,0.16566045582294464,100.0,4.74222993850708,-0.003994940314441919,5.335508346557617,0.0,0.9988437294960022
1880,,,,,,,,-2.8673064708709717,2.2500000341096893e-05,-0.022792577743530273,0.069985032081604,0.07724738121032715,0.01050877571105957,1093.0,0.1655030995607376,100.0,4.74222993850708,-0.005058209877461195,0.15195222198963165,0.0,0.9988827705383301
1881,,,,,,,,-2.8715732097625732,1.4999999621068127e-05,-0.013724246993660927,0.003308460582047701,0.07234477996826172,0.010353326797485352,1160.0,0.16548027098178864,100.0,4.74222993850708,-0.004371678922325373,4.832415925193345e-07,0.0,0.9986515045166016
1882,,,,,,,,-2.871318817138672,5.062499985797331e-05,-0.0068901111371815205,0.15763135254383087,0.08366918563842773,0.010668039321899414,1017.0,0.16541555523872375,100.0,4.726256847381592,-0.006802728399634361,0.2912454605102539,0.0,0.9990885853767395
1883,,,,,,,,-2.8752100467681885,2.2500000341096893e-05,-0.01460392028093338,0.7116019129753113,0.08026599884033203,0.011138200759887695,1050.0,0.16528931260108948,100.0,4.726256847381592,-0.00423849793151021,3.781608819961548,0.0,0.999023973941803
1884,,,,,,,,-2.879180431365967,3.3749998692655936e-05,-0.022967657074332237,0.1313789337873459,0.07958698272705078,0.0106658935546875,1063.0,0.1651807576417923,100.0,4.691043853759766,-0.005003295373171568,0.1515396684408188,0.0,0.9989104866981506
1885,,,,,,,,-2.8851099014282227,5.062499985797331e-05,-0.015615031123161316,0.005168853793293238,0.07455325126647949,0.011274576187133789,1118.0,0.16508451104164124,100.0,4.691043853759766,-0.004195254296064377,2.0389348719618283e-05,0.0,0.9987347722053528
1886,,,,,,,,-2.88980770111084,2.2500000341096893e-05,-0.00953106489032507,0.008853522129356861,0.08216404914855957,0.011002063751220703,1030.0,0.16499285399913788,100.0,4.688497066497803,-0.005698626860976219,0.14603355526924133,0.0,0.9990180134773254
1887,,,,,,,,-2.892289161682129,1.4999999621068127e-05,-0.0149069307371974,0.3818272650241852,0.08004093170166016,0.010700225830078125,1057.0,0.16500861942768097,100.0,4.681172847747803,-0.0052467468194663525,2.2744922637939453,0.0,0.9991281628608704
1888,,,,,,,,-2.892616033554077,3.3749998692655936e-05,-0.009465323761105537,0.07348611950874329,0.07956624031066895,0.010850906372070312,1061.0,0.1649278849363327,100.0,4.638102054595947,-0.005203898996114731,0.13179631531238556,0.0,0.9990141987800598
1889,,,,,,,,-2.8979671001434326,1.4999999621068127e-05,-0.01616591215133667,0.16321471333503723,0.07377099990844727,0.010387897491455078,1140.0,0.16480930149555206,100.0,4.638102054595947,-0.00390052143484354,1.9234627485275269,0.0,0.9987015128135681
1890,,,,,,,,-2.901747941970825,3.3749998692655936e-05,-0.01891804113984108,0.004569662734866142,0.08076214790344238,0.010768890380859375,1048.0,0.16469664871692657,100.0,4.6020636558532715,-0.005290111061185598,0.004106984008103609,0.0,0.9989559054374695
1891,,,,,,,,-2.9073753356933594,2.2500000341096893e-05,-0.007128293626010418,0.29437506198883057,0.07996106147766113,0.010705947875976562,1058.0,0.16457009315490723,100.0,4.573012351989746,-0.004823293071240187,2.248352289199829,0.0,0.9991269111633301
1892,,,,,,,,-2.9145638942718506,7.593750342493877e-05,-0.008327171206474304,0.26783984899520874,0.07934284210205078,0.0103912353515625,1069.0,0.1644035130739212,100.0,4.570248603820801,-0.005149921867996454,2.271716833114624,0.0,0.9989102482795715
1893,,,,,,,,-2.9241864681243896,1.4999999621068127e-05,-0.008087409660220146,0.11993185430765152,0.07537007331848145,0.010312080383300781,1120.0,0.16434356570243835,100.0,4.570248603820801,-0.004273023456335068,1.4523907899856567,0.0,0.9987390041351318
1894,,,,,,,,-2.926435947418213,1.4999999621068127e-05,-0.01893160678446293,0.00794097688049078,0.07991194725036621,0.010644912719726562,1060.0,0.16430766880512238,100.0,4.534031867980957,-0.005502812098711729,2.0978775410185335e-06,0.0,0.9988102316856384
1895,,,,,,,,-2.929490327835083,1.4999999621068127e-05,-0.020726699382066727,0.23522058129310608,0.0798640251159668,0.01019597053527832,1065.0,0.16423293948173523,100.0,4.576878547668457,-0.005165310576558113,1.8485771417617798,0.0,0.9991540312767029
1896,,,,,,,,-2.9316179752349854,3.3749998692655936e-05,-0.008568378165364265,0.10316416621208191,0.07910776138305664,0.01120615005493164,1062.0,0.16422098875045776,100.0,4.557692527770996,-0.0051954095251858234,1.539400577545166,0.0,0.9989568591117859
1897,,,,,,,,-2.9307355880737305,1.4999999621068127e-05,-0.0123241376131773,0.25523626804351807,0.0766599178314209,0.01050710678100586,1101.0,0.16420021653175354,100.0,4.557692527770996,-0.0038720928132534027,2.2078769207000732,0.0,0.9988228678703308
1898,,,,,,,,-2.9316959381103516,5.062499985797331e-05,-0.010759800672531128,0.006674718111753464,0.07568097114562988,0.010375022888183594,1115.0,0.16411824524402618,100.0,4.512203216552734,-0.005630836356431246,1.3784777486147703e-10,0.0,0.9987218976020813
1899,,,,,,,,-2.935429334640503,1.4999999621068127e-05,-0.008174297399818897,0.22864575684070587,0.08608818054199219,0.010908842086791992,989.0,0.1640518456697464,100.0,4.540388584136963,-0.005261921789497137,1.7185031175613403,0.0,0.9991944432258606
1900,,,,,,,,-2.937856674194336,2.2500000341096893e-05,-0.010020585730671883,0.11304827034473419,0.07805609703063965,0.010651826858520508,1082.0,0.16399776935577393,100.0,4.548701286315918,-0.004528736229985952,1.5607786178588867,0.0,0.9989058375358582
1901,,,,,,,,-2.9402337074279785,5.062499985797331e-05,-0.008493038825690746,0.09414349496364594,0.07670283317565918,0.01035308837890625,1102.0,0.16399267315864563,100.0,4.548701286315918,-0.003983747214078903,1.6222175359725952,0.0,0.9988782405853271
1902,,,,,,,,-2.942474842071533,3.3749998692655936e-05,-0.013382596895098686,0.006648499518632889,0.07238483428955078,0.010859012603759766,1153.0,0.16393022239208221,100.0,4.548701286315918,-0.0039691743440926075,0.0,0.0,0.9986305832862854
1903,-0.004691747948527336,1.0493701696395874,0.0,0.9989268183708191,0.0,0.0,1.0,-2.9522016048431396,2.2500000341096893e-05,-0.016836723312735558,0.20686504244804382,0.08568191528320312,0.010917186737060547,993.0,0.16363932192325592,100.0,4.498809337615967,-0.006631266325712204,0.28656646609306335,0.0,0.9991680979728699
1904,,,,,,,,-2.964139461517334,1.4999999621068127e-05,-0.028016146272420883,0.2012251764535904,0.07699012756347656,0.011139869689941406,1089.0,0.1634715348482132,100.0,4.495103359222412,-0.00371829723007977,3.4019012451171875,0.0,0.9989033341407776
1905,,,,,,,,-2.9711904525756836,3.3749998692655936e-05,-0.008700654841959476,0.4007114768028259,0.07811093330383301,0.010687112808227539,1081.0,0.16332149505615234,100.0,4.495103359222412,-0.0051612863317132,2.0966618061065674,0.0,0.9989206194877625
1906,,,,,,,,-2.9777979850769043,1.4999999621068127e-05,-0.01832480914890766,0.03275710344314575,0.07197213172912598,0.010531902313232422,1163.0,0.16326220333576202,100.0,4.495103359222412,-0.003956539556384087,1.401298464324817e-45,0.0,0.9986104369163513
1907,,,,,,,,-2.978393316268921,3.3749998692655936e-05,-0.011639943346381187,0.2442626804113388,0.08464789390563965,0.011171817779541016,1001.0,0.16329240798950195,100.0,4.485372066497803,-0.006334973499178886,0.30183789134025574,0.0,0.9990466237068176
1908,,,,,,,,-2.9776487350463867,2.2500000341096893e-05,-0.013948217034339905,0.19738446176052094,0.07987403869628906,0.011034727096557617,1056.0,0.16318941116333008,100.0,4.485372066497803,-0.004418693017214537,1.8838863372802734,0.0,0.9990894198417664
1909,,,,,,,,-2.982027053833008,2.2500000341096893e-05,-0.013629546388983727,0.2198173999786377,0.0791170597076416,0.010790109634399414,1067.0,0.1630822867155075,100.0,4.522585391998291,-0.004657215904444456,0.15410585701465607,0.0,0.9989779591560364
1910,,,,,,,,-2.9887471199035645,3.3749998692655936e-05,-0.017456209287047386,0.004050523042678833,0.07444405555725098,0.010931968688964844,1124.0,0.16289256513118744,100.0,4.522585391998291,-0.0038456302136182785,1.7102964193327352e-05,0.0,0.9987786412239075
1911,,,,,,,,-2.9949798583984375,2.2500000341096893e-05,-0.02821517363190651,0.017862889915704727,0.08135604858398438,0.010220050811767578,1048.0,0.162819504737854,100.0,4.522485733032227,-0.0055453418754041195,0.13766814768314362,0.0,0.999014675617218
1912,,,,,,,,-2.9976348876953125,3.3749998692655936e-05,-0.016173219308257103,0.3279503583908081,0.08007097244262695,0.010836124420166016,1056.0,0.16275297105312347,100.0,4.555487632751465,-0.00455566868185997,1.7576565742492676,0.0,0.99920254945755
1913,,,,,,,,-2.99676513671875,5.062499985797331e-05,-0.017762532457709312,0.07820510119199753,0.0787348747253418,0.01031804084777832,1078.0,0.16297830641269684,100.0,4.523144245147705,-0.004638380836695433,0.1326977014541626,0.0,0.9989950060844421
1914,,,,,,,,-2.988630771636963,9.999999747378752e-06,-0.011825396679341793,0.009613561443984509,0.0846872329711914,0.012029886245727539,992.0,0.16301286220550537,100.0,4.523144245147705,-0.004489576444029808,0.021114656701683998,0.0,0.998856782913208
1915,,,,,,,,-2.9884302616119385,7.593750342493877e-05,-0.012079352512955666,0.005250445567071438,0.08373188972473145,0.01088714599609375,1014.0,0.1629825085401535,100.0,4.494828701019287,-0.0054792133159935474,0.004063257481902838,0.0,0.9989707469940186
1916,,,,,,,,-2.9895496368408203,3.3749998692655936e-05,-0.014722119085490704,0.19991569221019745,0.08170485496520996,0.010456085205078125,1041.0,0.16282615065574646,100.0,4.474924564361572,-0.005758960265666246,1.8662471771240234,0.0,0.9991648197174072
1917,,,,,,,,-2.9958255290985107,3.3749998692655936e-05,-0.009325409308075905,0.24342061579227448,0.07882380485534668,0.01064610481262207,1072.0,0.16262347996234894,100.0,4.444619655609131,-0.0049460469745099545,2.1015074253082275,0.0,0.9989503026008606
1918,,,,,,,,-3.002701759338379,9.999999747378752e-06,-0.016289521008729935,0.0926358550786972,0.07361316680908203,0.010718822479248047,1138.0,0.16251404583454132,100.0,4.444619655609131,-0.0039641112089157104,1.6722726821899414,0.0,0.9987464547157288
1919,,,,,,,,-3.0060157775878906,3.3749998692655936e-05,-0.012218477204442024,0.006834655534476042,0.08236312866210938,0.010829687118530273,1030.0,0.16242748498916626,100.0,4.425022125244141,-0.005660198163241148,2.640378625073936e-06,0.0,0.998823344707489
1920,,,,,,,,-3.0121452808380127,1.4999999621068127e-05,-0.014729269780218601,0.19642628729343414,0.08031177520751953,0.010328054428100586,1059.0,0.16231295466423035,100.0,4.422712326049805,-0.004757854621857405,1.5694422721862793,0.0,0.9991715550422668
1921,,,,,,,,-3.0145626068115234,3.3749998692655936e-05,-0.019747823476791382,0.030607184395194054,0.07802391052246094,0.010544061660766602,1083.0,0.16228055953979492,100.0,4.452094554901123,-0.004629132803529501,0.0881582573056221,0.0,0.9990320205688477
1922,,,,,,,,-3.0110106468200684,2.2500000341096893e-05,-0.01015214528888464,0.05936935544013977,0.07454466819763184,0.010613203048706055,1127.0,0.16243679821491241,100.0,4.452094554901123,-0.004099980928003788,0.14936943352222443,0.0,0.9989166259765625
1923,,,,,,,,-3.0064237117767334,3.3749998692655936e-05,-0.01727772317826748,0.004332440439611673,0.07716202735900879,0.01073002815246582,1092.0,0.16243067383766174,100.0,4.412441730499268,-0.005426710471510887,1.7412700448193874e-10,0.0,0.998796284198761
1924,,,,,,,,-3.009145736694336,3.3749998692655936e-05,-0.01025044359266758,0.5017839074134827,0.08552193641662598,0.010564088821411133,999.0,0.16227535903453827,100.0,4.369904041290283,-0.005163571331650019,2.2235641479492188,0.0,0.999270498752594
1925,,,,,,,,-3.0153043270111084,2.2500000341096893e-05,-0.024282405152916908,0.05482003837823868,0.07804679870605469,0.010640144348144531,1082.0,0.1622290164232254,100.0,4.369762420654297,-0.0049571986310184,0.1486091911792755,0.0,0.9990397095680237
1926,,,,,,,,-3.013410806655884,2.2500000341096893e-05,-0.019629770889878273,0.05023984611034393,0.07643604278564453,0.01096796989440918,1098.0,0.16226117312908173,100.0,4.369762420654297,-0.00377788208425045,0.1527836173772812,0.0,0.998988687992096
1927,,,,,,,,-3.0115928649902344,2.2500000341096893e-05,-0.013989614322781563,0.0017898032674565911,0.07409811019897461,0.010504961013793945,1134.0,0.16229507327079773,100.0,4.369762420654297,-0.0035209134221076965,6.250042261513045e-09,0.0,0.9987635016441345
1928,-0.00467049703001976,0.7590954303741455,0.0,0.9990062713623047,0.0,0.0,1.0,-3.0098867416381836,1.4999999621068127e-05,-0.016525128856301308,0.3040834665298462,0.08707284927368164,0.010941267013549805,979.0,0.1623258888721466,100.0,4.300851345062256,-0.006393382791429758,1.5618324279785156,0.0,0.9992282390594482
1929,,,,,,,,-3.010981559753418,3.3749998692655936e-05,-0.0051638288423419,0.28147202730178833,0.07610797882080078,0.01042318344116211,1109.0,0.1622609794139862,100.0,4.263240814208984,-0.003858667565509677,3.4107329845428467,0.0,0.9988959431648254
1930,,,,,,,,-3.018873691558838,2.2500000341096893e-05,-0.036034710705280304,0.06416083127260208,0.0773000717163086,0.010493993759155273,1093.0,0.16209927201271057,100.0,4.263240814208984,-0.004717384465038776,0.15041197836399078,0.0,0.9989848136901855
1931,,,,,,,,-3.0267746448516846,2.2500000341096893e-05,-0.023079214617609978,0.002860265551134944,0.07140612602233887,0.010650157928466797,1169.0,0.162017822265625,100.0,4.263240814208984,-0.003526533953845501,1.2252206715857028e-06,0.0,0.9987077713012695
1932,,,,,,,,-3.028362989425659,3.3749998692655936e-05,-0.00930359773337841,0.15047238767147064,0.08178901672363281,0.011554956436157227,1028.0,0.16211935877799988,100.0,4.306172847747803,-0.006654874887317419,0.28029486536979675,0.0,0.9991281032562256
1933,,,,,,,,-3.025439500808716,1.4999999621068127e-05,-0.021619046106934547,0.32482433319091797,0.08012509346008301,0.010818958282470703,1055.0,0.16210737824440002,100.0,4.306172847747803,-0.0044575887732207775,3.165757894515991,0.0,0.9990532994270325
1934,,,,,,,,-3.028644561767578,0.00011390625149942935,-0.006520254537463188,0.039775002747774124,0.07783985137939453,0.010699987411499023,1084.0,0.16191942989826202,100.0,4.266754627227783,-0.0049834405072033405,0.12485596537590027,0.0,0.9989764094352722
1935,,,,,,,,-3.0424160957336426,9.999999747378752e-06,-0.028987279161810875,0.11127223819494247,0.0724790096282959,0.010632991790771484,1155.0,0.16173183917999268,100.0,4.266754627227783,-0.003938040696084499,1.7727166414260864,0.0,0.9986620545387268
1936,,,,,,,,-3.0466148853302,3.3749998692655936e-05,-0.017528166994452477,0.014516694471240044,0.0805821418762207,0.01090693473815918,1049.0,0.16170895099639893,100.0,4.231241226196289,-0.00538259232416749,0.13021749258041382,0.0,0.9989945292472839
1937,,,,,,,,-3.048471212387085,2.2500000341096893e-05,-0.017017986625432968,0.3878176808357239,0.08140802383422852,0.010790109634399414,1041.0,0.16171333193778992,100.0,4.225311756134033,-0.004551031161099672,3.3900887966156006,0.0,0.9991067051887512
1938,,,,,,,,-3.0514109134674072,2.2500000341096893e-05,-0.01754670776426792,0.08270247280597687,0.07817792892456055,0.010622978210449219,1081.0,0.16165511310100555,100.0,4.258697032928467,-0.004601864144206047,0.1685335487127304,0.0,0.9990374445915222
1939,,,,,,,,-3.055819511413574,1.4999999621068127e-05,-0.016423778608441353,0.06392288953065872,0.0735621452331543,0.010430097579956055,1142.0,0.1616041511297226,100.0,4.258697032928467,-0.003972026519477367,1.1989835500717163,0.0,0.9987844824790955
1940,,,,,,,,-3.058497905731201,3.3749998692655936e-05,-0.012690368108451366,0.005197697784751654,0.08072900772094727,0.010326147079467773,1054.0,0.16155298054218292,100.0,4.253340244293213,-0.005520691629499197,0.0030609003733843565,0.0,0.9989664554595947
1941,,,,,,,,-3.060967445373535,2.2500000341096893e-05,-0.018011245876550674,0.299032062292099,0.08023881912231445,0.010876178741455078,1053.0,0.1615002304315567,100.0,4.238402843475342,-0.005127573851495981,3.3316428661346436,0.0,0.9990794062614441
1942,,,,,,,,-3.0632147789001465,1.4999999621068127e-05,-0.018394211307168007,0.011354357935488224,0.07897591590881348,0.01054692268371582,1072.0,0.16144973039627075,100.0,4.228368282318115,-0.004586854483932257,0.012723572552204132,0.0,0.9990920424461365
1943,,,,,,,,-3.0651681423187256,1.4999999621068127e-05,-0.014636537991464138,0.08198852092027664,0.07450222969055176,0.010648727416992188,1127.0,0.16141730546951294,100.0,4.228368282318115,-0.004147019702941179,1.444847583770752,0.0,0.9988093972206116
1944,,,,,,,,-3.0661935806274414,3.3749998692655936e-05,-0.02638818323612213,0.00380855705589056,0.07898497581481934,0.010755062103271484,1069.0,0.16140395402908325,100.0,4.24509334564209,-0.005623250734061003,2.034683120655245e-06,0.0,0.9988873600959778
1945,,,,,,,,-3.066307783126831,2.2500000341096893e-05,-0.015579087659716606,0.19337347149848938,0.07974720001220703,0.010614871978759766,1062.0,0.16143925487995148,100.0,4.21518611907959,-0.004795087035745382,1.637382984161377,0.0,0.9992149472236633
1946,,,,,,,,-3.0632567405700684,3.3749998692655936e-05,-0.011483239009976387,0.030598031356930733,0.07824397087097168,0.010461091995239258,1082.0,0.16160914301872253,100.0,4.211878776550293,-0.005176059436053038,0.09216897934675217,0.0,0.9991127848625183
1947,,,,,,,,-3.059687614440918,2.2500000341096893e-05,-0.012457914650440216,0.3226708769798279,0.07445096969604492,0.010155916213989258,1134.0,0.16161523759365082,100.0,4.211878776550293,-0.0042544882744550705,2.2686285972595215,0.0,0.9989175796508789
1948,,,,,,,,-3.0638926029205322,1.4999999621068127e-05,-0.019630765542387962,0.008394496515393257,0.0757906436920166,0.010439157485961914,1113.0,0.1614828258752823,100.0,4.204701900482178,-0.00507309241220355,1.6522964940701712e-10,0.0,0.9988228678703308
1949,,,,,,,,-3.0705349445343018,2.2500000341096893e-05,-0.017415795475244522,0.3772274851799011,0.08679485321044922,0.010625123977661133,985.0,0.16135847568511963,100.0,4.165178298950195,-0.0046041179448366165,2.076338052749634,0.0,0.9992874264717102
1950,,,,,,,,-3.07483172416687,3.3749998692655936e-05,-0.012605372816324234,0.11495760083198547,0.0774078369140625,0.010737895965576172,1089.0,0.16130344569683075,100.0,4.1730451583862305,-0.005160272587090731,1.5218321084976196,0.0,0.9990046620368958
1951,,,,,,,,-3.0765445232391357,2.2500000341096893e-05,-0.017321424558758736,0.17951594293117523,0.07663702964782715,0.010381937026977539,1103.0,0.16126611828804016,100.0,4.1730451583862305,-0.004158152732998133,2.042088031768799,0.0,0.9990214705467224
1952,,,,,,,,-3.0764880180358887,1.4999999621068127e-05,-0.01853122189640999,0.012222971767187119,0.07202816009521484,0.010393857955932617,1164.0,0.1612897366285324,100.0,4.1730451583862305,-0.0038207657635211945,0.0,0.0,0.9987320899963379
1953,-0.004575186874717474,1.151414394378662,0.0,0.9990329742431641,0.0,0.0,1.0,-3.073699951171875,5.062499985797331e-05,-0.013673471286892891,0.34009042382240295,0.08615899085998535,0.010847091674804688,989.0,0.1613331139087677,100.0,4.204676151275635,-0.006689720321446657,2.8915140628814697,0.0,0.9991949200630188
1954,,,,,,,,-3.072019100189209,9.999999747378752e-06,-0.025646952912211418,0.2217588722705841,0.07490897178649902,0.010247945785522461,1127.0,0.16131086647510529,100.0,4.240847587585449,-0.0037849899381399155,2.004009485244751,0.0,0.9989041686058044
1955,,,,,,,,-3.0747737884521484,3.3749998692655936e-05,-0.015513396821916103,0.0906328558921814,0.07742977142333984,0.01080322265625,1088.0,0.1611795723438263,100.0,4.240847587585449,-0.005231188610196114,1.522802472114563,0.0,0.9990460276603699
1956,,,,,,,,-3.0826635360717773,3.3749998692655936e-05,-0.016015050932765007,0.021107152104377747,0.0728609561920166,0.010185956954956055,1155.0,0.16113527119159698,100.0,4.240847587585449,-0.004126079846173525,0.0,0.0,0.9987006187438965
1957,,,,,,,,-3.0857136249542236,3.3749998692655936e-05,-0.010324579663574696,0.10753661394119263,0.08182287216186523,0.010223150253295898,1042.0,0.16112059354782104,100.0,4.210447311401367,-0.0066090598702430725,0.2967279255390167,0.0,0.9991424679756165
1958,,,,,,,,-3.086266040802002,2.2500000341096893e-05,-0.024689212441444397,0.20647650957107544,0.07916808128356934,0.011439085006713867,1059.0,0.16115133464336395,100.0,4.210447311401367,-0.004860603250563145,3.4995803833007812,0.0,0.9990856647491455
1959,,,,,,,,-3.0869927406311035,1.4999999621068127e-05,-0.01620098575949669,0.0372319296002388,0.0797739028930664,0.010439157485961914,1064.0,0.1610901951789856,100.0,4.208085060119629,-0.004966659005731344,0.1643548458814621,0.0,0.9991266131401062
1960,,,,,,,,-3.0882568359375,9.999999747378752e-06,-0.012890597805380821,0.059353359043598175,0.0727391242980957,0.011084794998168945,1145.0,0.16113042831420898,100.0,4.208085060119629,-0.003505504922941327,1.4064879417419434,0.0,0.9987668395042419
1961,,,,,,,,-3.0864133834838867,7.593750342493877e-05,-0.011926097795367241,0.024474110454320908,0.0816190242767334,0.01023411750793457,1045.0,0.16119319200515747,100.0,4.185743808746338,-0.0057313391007483006,0.11070835590362549,0.0,0.9990690350532532
1962,,,,,,,,-3.0868351459503174,2.2500000341096893e-05,-0.013107581995427608,0.255055695772171,0.07926011085510254,0.01025700569152832,1072.0,0.16125304996967316,100.0,4.1711883544921875,-0.004283677786588669,0.33482810854911804,0.0,0.9992513060569763
1963,,,,,,,,-3.088322162628174,7.593750342493877e-05,-0.008691120892763138,0.02484636940062046,0.07738494873046875,0.010238170623779297,1095.0,0.16125202178955078,100.0,4.198408126831055,-0.004978197626769543,0.15696048736572266,0.0,0.9992315173149109
1964,,,,,,,,-3.0903518199920654,1.4999999621068127e-05,-0.028992125764489174,0.11182975023984909,0.0742342472076416,0.01032400131225586,1135.0,0.16124920547008514,100.0,4.198408126831055,-0.003904515877366066,1.8405598402023315,0.0,0.9989449977874756
1965,,,,,,,,-3.0934641361236572,7.593750342493877e-05,-0.010217788629233837,0.004970904905349016,0.08152508735656738,0.010664224624633789,1041.0,0.16103903949260712,100.0,4.129501819610596,-0.00625726068392396,0.0033985141199082136,0.0,0.9990925788879395
1966,,,,,,,,-3.1085293292999268,2.2500000341096893e-05,-0.015930868685245514,0.17087072134017944,0.08011507987976074,0.010210752487182617,1062.0,0.1608046293258667,100.0,4.129333972930908,-0.005115714389830828,2.976381301879883,0.0,0.9990962147712708
1967,,,,,,,,-3.1153130531311035,1.4999999621068127e-05,-0.010182728059589863,0.06113247945904732,0.0785830020904541,0.010640859603881836,1075.0,0.16075757145881653,100.0,4.164670944213867,-0.0048608030192554,1.163928747177124,0.0,0.9990143775939941
1968,,,,,,,,-3.1170830726623535,7.593750342493877e-05,-0.010998447425663471,0.09676792472600937,0.07286882400512695,0.010555028915405273,1150.0,0.16079895198345184,100.0,4.164670944213867,-0.0036434538196772337,1.8044651746749878,0.0,0.9987949728965759
1969,,,,,,,,-3.1151297092437744,1.4999999621068127e-05,-0.029109712690114975,0.004235620144754648,0.07839417457580566,0.01017904281616211,1083.0,0.16082100570201874,100.0,4.183436870574951,-0.005656065419316292,1.772092673490988e-06,0.0,0.9988598227500916
1970,,,,,,,,-3.1162922382354736,2.2500000341096893e-05,-0.017505640164017677,0.29940265417099,0.08099699020385742,0.010841846466064453,1045.0,0.16075274348258972,100.0,4.205784320831299,-0.0053861564956605434,3.7279322147369385,0.0,0.9991362690925598
1971,,,,,,,,-3.1199793815612793,2.2500000341096893e-05,-0.014911562204360962,0.1403435915708542,0.07856392860412598,0.010979175567626953,1072.0,0.16069746017456055,100.0,4.237705230712891,-0.004856741521507502,2.020738124847412,0.0,0.9989671111106873
1972,,,,,,,,-3.122969627380371,5.062499985797331e-05,-0.010338089428842068,0.07507498562335968,0.07352590560913086,0.010570049285888672,1141.0,0.1606511026620865,100.0,4.237705230712891,-0.0042604790069162846,1.538973331451416,0.0,0.9988665580749512
1973,,,,,,,,-3.126495122909546,9.999999747378752e-06,-0.012583823874592781,0.007428998127579689,0.07367491722106934,0.010686159133911133,1137.0,0.16061410307884216,100.0,4.273624897003174,-0.005443457048386335,1.4793144487157406e-10,0.0,0.9987364411354065
1974,,,,,,,,-3.129990577697754,5.062499985797331e-05,-0.007055200636386871,0.2880515456199646,0.08382606506347656,0.010540962219238281,1017.0,0.16046862304210663,100.0,4.3107075691223145,-0.005119260400533676,1.805350422859192,0.0,0.9992288947105408
1975,,,,,,,,-3.1362087726593018,9.999999747378752e-06,-0.01726158894598484,0.08968648314476013,0.07744312286376953,0.010691165924072266,1089.0,0.16046984493732452,100.0,4.309386730194092,-0.005072515923529863,1.6053920984268188,0.0,0.9990050792694092
1976,,,,,,,,-3.1351804733276367,7.593750342493877e-05,-0.012528187595307827,0.1505822092294693,0.0756683349609375,0.010780811309814453,1110.0,0.16054414212703705,100.0,4.309386730194092,-0.004295972641557455,0.1556946039199829,0.0,0.9990388751029968
1977,,,,,,,,-3.133650064468384,1.4999999621068127e-05,-0.018052441999316216,0.0021556143183261156,0.07110309600830078,0.010288000106811523,1179.0,0.1605122685432434,100.0,4.309386730194092,-0.003967291675508022,1.1209134953560351e-08,0.0,0.9987623691558838
1978,-0.0049255783669650555,1.0914376974105835,0.0,0.9989956021308899,0.0,0.0,1.0,-3.137568473815918,0.00011390625149942935,-0.004392461385577917,0.21709711849689484,0.08641719818115234,0.010859012603759766,986.0,0.16028742492198944,100.0,4.262109279632568,-0.00717713451012969,1.6024361848831177,0.0,0.9992426037788391
1979,,,,,,,,-3.1510748863220215,1.4999999621068127e-05,-0.017532221972942352,0.19573043286800385,0.07547807693481445,0.010473012924194336,1116.0,0.16013391315937042,100.0,4.233734130859375,-0.0038643667940050364,1.6376291513442993,0.0,0.9989932179450989
1980,,,,,,,,-3.1550803184509277,2.2500000341096893e-05,-0.027459802106022835,0.1075306162238121,0.07781696319580078,0.010470867156982422,1087.0,0.16005839407444,100.0,4.233734130859375,-0.004923624452203512,0.14879260957241058,0.0,0.9990472793579102
1981,,,,,,,,-3.15824556350708,2.2500000341096893e-05,-0.00670673418790102,0.0022835973650217056,0.0723869800567627,0.010869979858398438,1153.0,0.16006262600421906,100.0,4.233734130859375,-0.0042512440122663975,1.5655123206670396e-06,0.0,0.9987962245941162
1982,,,,,,,,-3.1572999954223633,1.4999999621068127e-05,-0.009935173206031322,0.04532857611775398,0.08296704292297363,0.010771036148071289,1024.0,0.16006889939308167,100.0,4.201984882354736,-0.006381571292877197,0.26651129126548767,0.0,0.9992026686668396
1983,,,,,,,,-3.157524585723877,2.2500000341096893e-05,-0.01576482318341732,0.4270767867565155,0.07879495620727539,0.010706901550292969,1072.0,0.16004784405231476,100.0,4.201984882354736,-0.0041550686582922935,3.4500179290771484,0.0,0.9991002082824707
1984,,,,,,,,-3.156588554382324,9.999999747378752e-06,-0.01416076347231865,0.025211380794644356,0.07802796363830566,0.010792970657348633,1080.0,0.16009975969791412,100.0,4.201839447021484,-0.004682356026023626,0.12102027982473373,0.0,0.9990522861480713
1985,,,,,,,,-3.15309739112854,2.2500000341096893e-05,-0.014474819414317608,0.0775388851761818,0.07171988487243652,0.010685920715332031,1164.0,0.1601463109254837,100.0,4.201839447021484,-0.0041528004221618176,1.5332242250442505,0.0,0.998732328414917
1986,,,,,,,,-3.149557113647461,3.3749998692655936e-05,-0.008349722251296043,0.03397572413086891,0.0802302360534668,0.010535955429077148,1057.0,0.16019412875175476,100.0,4.166100025177002,-0.005462485831230879,0.14878474175930023,0.0,0.9990264773368835
1987,,,,,,,,-3.14848256111145,1.4999999621068127e-05,-0.02315330319106579,0.3142317235469818,0.08132600784301758,0.010988950729370117,1039.0,0.16015012562274933,100.0,4.165495872497559,-0.005673389881849289,2.1136152744293213,0.0,0.9991271495819092
1988,,,,,,,,-3.1488075256347656,7.593750342493877e-05,-0.009937545284628868,0.10308413207530975,0.07721710205078125,0.01050877571105957,1094.0,0.16018974781036377,100.0,4.194345474243164,-0.004818432033061981,1.9471244812011719,0.0,0.9990532994270325
1989,,,,,,,,-3.144670009613037,9.999999747378752e-06,-0.014420166611671448,0.06266528367996216,0.07356071472167969,0.010444164276123047,1142.0,0.16023509204387665,100.0,4.194345474243164,-0.003656827611848712,1.359418511390686,0.0,0.9988062977790833
1990,,,,,,,,-3.143848180770874,0.00011390625149942935,-0.007421053946018219,0.003329223720356822,0.0787811279296875,0.010309934616088867,1077.0,0.1601850837469101,100.0,4.201326370239258,-0.005334564950317144,0.0034331732895225286,0.0,0.9989880919456482
1991,,,,,,,,-3.1464180946350098,7.593750342493877e-05,-0.0027389696333557367,0.27696576714515686,0.07994985580444336,0.010512113571166992,1061.0,0.16018779575824738,100.0,4.1946563720703125,-0.004436953458935022,3.7122089862823486,0.0,0.9990925788879395
1992,,,,,,,,-3.147717237472534,1.4999999621068127e-05,-0.005425379611551762,0.16967202723026276,0.07835102081298828,0.010252952575683594,1083.0,0.16022901237010956,100.0,4.22017240524292,-0.005124399438500404,1.948156714439392,0.0,0.999004065990448
1993,,,,,,,,-3.146271228790283,5.062499985797331e-05,-0.004146527964621782,0.06481469422578812,0.07354426383972168,0.010618925094604492,1140.0,0.1603965014219284,100.0,4.22017240524292,-0.003881115233525634,0.14238779246807098,0.0,0.9988832473754883
1994,,,,,,,,-3.138113021850586,1.4999999621068127e-05,-0.023303229361772537,0.006278381682932377,0.07827210426330566,0.010741710662841797,1078.0,0.16056711971759796,100.0,4.245729923248291,-0.005164355039596558,1.8384972690910217e-06,0.0,0.9989005923271179
1995,,,,,,,,-3.1335997581481934,3.3749998692655936e-05,-0.01176027674227953,0.29752475023269653,0.07999420166015625,0.010371923446655273,1062.0,0.16061703860759735,100.0,4.282275199890137,-0.0051003918051719666,3.6466147899627686,0.0,0.9992000460624695
1996,,,,,,,,-3.131242036819458,9.999999747378752e-06,-0.02279404178261757,0.04617498442530632,0.07760119438171387,0.01090693473815918,1084.0,0.16062355041503906,100.0,4.2457451820373535,-0.004673991352319717,0.09678047895431519,0.0,0.9990942478179932
1997,,,,,,,,-3.131984233856201,3.3749998692655936e-05,-0.01625419408082962,0.095969058573246,0.0752260684967041,0.010933160781860352,1114.0,0.16057296097278595,100.0,4.2457451820373535,-0.0033778997603803873,0.15007133781909943,0.0,0.998964786529541
1998,,,,,,,,-3.1358609199523926,1.4999999621068127e-05,-0.007544416002929211,0.002807766431942582,0.08194684982299805,0.011573076248168945,1026.0,0.16049353778362274,100.0,4.273842811584473,-0.005364369601011276,1.8778463506397003e-10,0.0,0.99886155128479
1999,,,,,,,,-3.1376185417175293,1.4999999621068127e-05,-0.018222017213702202,0.43234574794769287,0.08802509307861328,0.011001110076904297,969.0,0.16050775349140167,100.0,4.231045722961426,-0.005337136331945658,2.254371166229248,0.0,0.9993348121643066
2000,,,,,,,,-3.1367454528808594,2.2500000341096893e-05,-0.02025146782398224,0.07785460352897644,0.07626581192016602,0.010404109954833984,1107.0,0.16053710877895355,100.0,4.205778121948242,-0.004635225981473923,0.15180183947086334,0.0,0.9991443753242493
2001,,,,,,,,-3.1348352432250977,3.3749998692655936e-05,-0.009314196184277534,0.05991955101490021,0.07529497146606445,0.010447978973388672,1119.0,0.16059711575508118,100.0,4.205778121948242,-0.0037073271814733744,0.15246780216693878,0.0,0.9991211891174316
2002,,,,,,,,-3.1325716972351074,2.2500000341096893e-05,-0.005226561333984137,0.0013231569901108742,0.07329106330871582,0.010370016098022461,1147.0,0.16064545512199402,100.0,4.205778121948242,-0.003801075043156743,1.978730956864183e-08,0.0,0.9988778233528137
2003,-0.004660951439291239,0.7699753642082214,0.0,0.9991028904914856,0.0,0.0,1.0,-3.1312310695648193,1.4999999621068127e-05,-0.017677612602710724,0.23825839161872864,0.08797216415405273,0.010316848754882812,976.0,0.16068913042545319,100.0,4.186954021453857,-0.006778121460229158,1.6628800630569458,0.0,0.9993257522583008
2004,,,,,,,,-3.1316397190093994,1.4999999621068127e-05,-0.02232729271054268,0.24766160547733307,0.07660794258117676,0.010972976684570312,1096.0,0.16063685715198517,100.0,4.147497653961182,-0.0036955641116946936,3.3533992767333984,0.0,0.9989859461784363
2005,,,,,,,,-3.1334381103515625,3.3749998692655936e-05,-0.005126757547259331,0.10228314995765686,0.07776689529418945,0.010490179061889648,1087.0,0.16058848798274994,100.0,4.147497653961182,-0.004975640214979649,0.15181709825992584,0.0,0.9990765452384949
2006,,,,,,,,-3.1383306980133057,2.2500000341096893e-05,-0.0012235576286911964,0.0020728129893541336,0.07330608367919922,0.010468006134033203,1145.0,0.16038569808006287,100.0,4.147497653961182,-0.003863295540213585,2.835990017047152e-06,0.0,0.998784601688385
2007,,,,,,,,-3.146474838256836,9.999999747378752e-06,-0.01785285584628582,0.09639883041381836,0.08154296875,0.010553121566772461,1042.0,0.16025249660015106,100.0,4.180846691131592,-0.006108516361564398,0.30958831310272217,0.0,0.9991948008537292
2008,,,,,,,,-3.1480352878570557,7.593750342493877e-05,-0.008343148976564407,0.14285491406917572,0.0790870189666748,0.010312080383300781,1073.0,0.16032740473747253,100.0,4.180846691131592,-0.00412664795294404,2.8394858837127686,0.0,0.999131977558136
2009,,,,,,,,-3.1384737491607666,1.4999999621068127e-05,-0.016438042744994164,0.029787372797727585,0.07807278633117676,0.010221242904663086,1087.0,0.16047273576259613,100.0,4.152621269226074,-0.004405784420669079,0.16276633739471436,0.0,0.9991312026977539
2010,,,,,,,,-3.1341004371643066,1.4999999621068127e-05,-0.014127170667052269,0.05766286700963974,0.07209396362304688,0.010097026824951172,1168.0,0.1605028361082077,100.0,4.152621269226074,-0.004029018338769674,1.2974662780761719,0.0,0.9988300800323486
2011,,,,,,,,-3.133740186691284,3.3749998692655936e-05,-0.01176090445369482,0.029790347442030907,0.0810549259185791,0.01043391227722168,1049.0,0.1605527549982071,100.0,4.145315170288086,-0.006038231309503317,0.14772529900074005,0.0,0.9991009831428528
2012,,,,,,,,-3.133636236190796,3.3749998692655936e-05,-0.019327515736222267,0.3728882074356079,0.07937192916870117,0.010289907455444336,1070.0,0.16056671738624573,100.0,4.142294406890869,-0.005129943136125803,3.8374526500701904,0.0,0.9990687966346741
2013,,,,,,,,-3.133718252182007,1.4999999621068127e-05,-0.01763560250401497,0.12263217568397522,0.07787299156188965,0.010504961013793945,1086.0,0.16059169173240662,100.0,4.130077838897705,-0.0042963470332324505,2.0012381076812744,0.0,0.9990803599357605
2014,,,,,,,,-3.131584882736206,5.062499985797331e-05,-0.01573212444782257,0.1402360051870346,0.07307767868041992,0.010219097137451172,1152.0,0.16069139540195465,100.0,4.130077838897705,-0.003983022179454565,1.8627920150756836,0.0,0.9988112449645996
2015,,,,,,,,-3.124523639678955,1.4999999621068127e-05,-0.013271945528686047,0.007304701488465071,0.08056402206420898,0.010442972183227539,1054.0,0.16075937449932098,100.0,4.197630405426025,-0.0055984933860599995,0.0024743296671658754,0.0,0.9989988207817078
2016,,,,,,,,-3.1237940788269043,3.3749998692655936e-05,-0.012790658511221409,0.21167583763599396,0.07966899871826172,0.010374784469604492,1066.0,0.1607208549976349,100.0,4.200007915496826,-0.0046716914512217045,1.7552894353866577,0.0,0.9992103576660156
2017,,,,,,,,-3.1266047954559326,1.4999999621068127e-05,-0.01862441748380661,0.07100564241409302,0.07788896560668945,0.010236978530883789,1089.0,0.16069886088371277,100.0,4.235857009887695,-0.004917774815112352,1.5303164720535278,0.0,0.9991328716278076
2018,,,,,,,,-3.1266791820526123,3.3749998692655936e-05,-0.009335231967270374,0.08178163319826126,0.07356905937194824,0.01071310043334961,1139.0,0.1606767475605011,100.0,4.235857009887695,-0.004004863556474447,1.7110689878463745,0.0,0.9989902377128601
2019,,,,,,,,-3.125013589859009,1.4999999621068127e-05,-0.023772764950990677,0.0048431879840791225,0.07853388786315918,0.010237932205200195,1081.0,0.16070877015590668,100.0,4.260672092437744,-0.005799930542707443,1.4967599781812169e-06,0.0,0.9989942908287048
2020,,,,,,,,-3.1249547004699707,3.3749998692655936e-05,-0.018966302275657654,0.3032058775424957,0.07965397834777832,0.01024007797241211,1067.0,0.16060450673103333,100.0,4.262405872344971,-0.0048548574559390545,2.0755832195281982,0.0,0.9992470145225525
2021,,,,,,,,-3.1306910514831543,5.062499985797331e-05,-0.014104903675615788,0.04932675138115883,0.07819080352783203,0.010584115982055664,1081.0,0.16046564280986786,100.0,4.292494297027588,-0.004561285953968763,0.09258925169706345,0.0,0.9991750717163086
2022,,,,,,,,-3.1381475925445557,2.2500000341096893e-05,-0.026176176965236664,0.0869700014591217,0.07343816757202148,0.010504961013793945,1143.0,0.16026571393013,100.0,4.292494297027588,-0.0042864237911999226,0.1414739042520523,0.0,0.9991433024406433
2023,,,,,,,,-3.1427481174468994,9.999999747378752e-06,-0.024682413786649704,0.0025893505662679672,0.07618427276611328,0.010477066040039062,1107.0,0.1601935625076294,100.0,4.297950744628906,-0.005043416749686003,3.170421702947124e-10,0.0,0.9990017414093018
2024,,,,,,,,-3.144223928451538,3.3749998692655936e-05,-0.009191533550620079,0.23864708840847015,0.08583712577819824,0.010411977767944336,997.0,0.1601233333349228,100.0,4.258124828338623,-0.004583380650728941,1.8919156789779663,0.0,0.9994170069694519
2025,,,,,,,,-3.1472487449645996,2.2500000341096893e-05,-0.01838279888033867,0.15903501212596893,0.07718801498413086,0.01024174690246582,1098.0,0.16007326543331146,100.0,4.228514671325684,-0.0046170256100595,1.844943642616272,0.0,0.9991634488105774
2026,,,,,,,,-3.1484763622283936,9.999999747378752e-06,-0.025220666080713272,0.11580084264278412,0.07645797729492188,0.01027989387512207,1106.0,0.1601036936044693,100.0,4.228514671325684,-0.003567829029634595,1.562369704246521,0.0,0.9991169571876526
2027,,,,,,,,-3.1489691734313965,5.062499985797331e-05,-0.00995638407766819,0.009760684333741665,0.07288670539855957,0.010193109512329102,1155.0,0.16004657745361328,100.0,4.228514671325684,-0.0035775378346443176,2.802596928649634e-45,0.0,0.9988554120063782
2028,-0.004380481317639351,1.1957950592041016,0.0,0.9991148114204407,0.0,0.0,1.0,-3.156550884246826,2.2500000341096893e-05,-0.018303044140338898,0.2919905483722687,0.08451986312866211,0.01014399528503418,1014.0,0.15992161631584167,100.0,4.2684760093688965,-0.0063706510700285435,0.2919871509075165,0.0,0.9993136525154114
2029,,,,,,,,-3.1610732078552246,1.4999999621068127e-05,-0.01699717901647091,0.09538877010345459,0.07587504386901855,0.010257959365844727,1114.0,0.15991681814193726,100.0,4.2956132888793945,-0.003963579423725605,1.4413877725601196,0.0,0.9991490244865417
2030,,,,,,,,-3.162451982498169,1.4999999621068127e-05,-0.013940582051873207,0.11968797445297241,0.0765540599822998,0.01019906997680664,1106.0,0.1599082052707672,100.0,4.2956132888793945,-0.004317646846175194,0.1464635580778122,0.0,0.9992472529411316
2031,,,,,,,,-3.1642513275146484,2.2500000341096893e-05,-0.01094774529337883,0.0021066605113446712,0.07518815994262695,0.010402679443359375,1121.0,0.1598820984363556,100.0,4.2956132888793945,-0.003660178044810891,4.2155675146204885e-06,0.0,0.9989809989929199
2032,,,,,,,,-3.165104627609253,2.2500000341096893e-05,-0.011835003271698952,0.04789809137582779,0.08257293701171875,0.011147022247314453,1024.0,0.1598571091890335,100.0,4.283365249633789,-0.006489980965852737,0.3177611827850342,0.0,0.9992459416389465
2033,,,,,,,,-3.1685903072357178,0.00011390625149942935,-0.006932027637958527,0.29996177554130554,0.07861590385437012,0.010812044143676758,1073.0,0.1596231907606125,100.0,4.283365249633789,-0.0038300908636301756,3.2415740489959717,0.0,0.9991359710693359
2034,,,,,,,,-3.177746295928955,1.4999999621068127e-05,-0.02003244310617447,0.025927048176527023,0.07926297187805176,0.010947942733764648,1064.0,0.15953414142131805,100.0,4.2832465171813965,-0.004797827918082476,0.16066275537014008,0.0,0.9992036819458008
2035,,,,,,,,-3.1770503520965576,2.2500000341096893e-05,0.004297199659049511,0.1039205938577652,0.07394170761108398,0.010632038116455078,1135.0,0.15954311192035675,100.0,4.2832465171813965,-0.0043232981115579605,1.7922163009643555,0.0,0.998829185962677
2036,,,,,,,,-3.1750473976135254,1.4999999621068127e-05,-0.02542928047478199,0.03033602610230446,0.08119606971740723,0.010656118392944336,1045.0,0.15953509509563446,100.0,4.281523704528809,-0.005527582485228777,0.1413147896528244,0.0,0.9991454482078552
2037,,,,,,,,-3.1767168045043945,5.062499985797331e-05,-0.012769540771842003,0.4645709991455078,0.0835568904876709,0.011875152587890625,1005.0,0.15938904881477356,100.0,4.256109714508057,-0.004713072441518307,4.669189929962158,0.0,0.9990975856781006
2038,,,,,,,,-3.186537504196167,2.2500000341096893e-05,-0.011905454099178314,0.09222118556499481,0.07974815368652344,0.010882854461669922,1059.0,0.15907011926174164,100.0,4.290711879730225,-0.004831131547689438,0.16556350886821747,0.0,0.9990919232368469
2039,,,,,,,,-3.198479652404785,3.3749998692655936e-05,-0.006786874495446682,0.07155071943998337,0.07410001754760742,0.010436058044433594,1135.0,0.15876851975917816,100.0,4.290711879730225,-0.0038099344819784164,1.6076604127883911,0.0,0.9988057613372803
2040,,,,,,,,-3.2124831676483154,2.2500000341096893e-05,-0.006388896610587835,0.007266704458743334,0.08074283599853516,0.01017904281616211,1055.0,0.15849439799785614,100.0,4.3235979080200195,-0.005170708987861872,0.002347068628296256,0.0,0.9989943504333496
2041,,,,,,,,-3.2219343185424805,2.2500000341096893e-05,-0.019031193107366562,0.2825161814689636,0.08010697364807129,0.010666131973266602,1057.0,0.15840457379817963,100.0,4.316926002502441,-0.004498271271586418,0.4586044251918793,0.0,0.9992851614952087
2042,,,,,,,,-3.222722053527832,1.4999999621068127e-05,-0.030608568340539932,0.10925009846687317,0.07828927040100098,0.010478019714355469,1081.0,0.15845125913619995,100.0,4.314558029174805,-0.004092949442565441,1.8227747678756714,0.0,0.9991510510444641
2043,,,,,,,,-3.220916509628296,9.999999747378752e-06,-0.013681323267519474,0.1345444619655609,0.07440781593322754,0.010198116302490234,1134.0,0.15847913920879364,100.0,4.314558029174805,-0.003917730413377285,1.9337519407272339,0.0,0.9989993572235107
2044,,,,,,,,-3.2220423221588135,5.062499985797331e-05,-0.009548889473080635,0.005066606216132641,0.07980203628540039,0.010833024978637695,1059.0,0.15833540260791779,100.0,4.280479431152344,-0.0054961503483355045,1.8284985117134056e-06,0.0,0.998988151550293
2045,,,,,,,,-3.2298192977905273,2.2500000341096893e-05,-0.022147120907902718,0.295490026473999,0.08033490180969238,0.010222196578979492,1060.0,0.15832310914993286,100.0,4.290653705596924,-0.004980179015547037,1.9330765008926392,0.0,0.999217689037323
2046,,,,,,,,-3.2317392826080322,2.2500000341096893e-05,-0.01552942581474781,0.07355354726314545,0.07889389991760254,0.010733842849731445,1071.0,0.15829341113567352,100.0,4.301705360412598,-0.0043277558870613575,1.4912358522415161,0.0,0.9990478157997131
2047,,,,,,,,-3.2336127758026123,2.2500000341096893e-05,-0.019648807123303413,0.09065023064613342,0.07413768768310547,0.010596275329589844,1132.0,0.15833953022956848,100.0,4.301705360412598,-0.0041487617418169975,0.14143162965774536,0.0,0.9990168213844299
2048,,,,,,,,-3.2308506965637207,5.062499985797331e-05,-0.01520103495568037,0.0020545562729239464,0.07573318481445312,0.010766029357910156,1109.0,0.1584479659795761,100.0,4.276269912719727,-0.005475256126374006,1.6263775048930285e-10,0.0,0.9988670945167542
2049,,,,,,,,-3.2263481616973877,2.2500000341096893e-05,-0.025969570502638817,0.36363884806632996,0.08542633056640625,0.010179758071899414,1004.0,0.158519446849823,100.0,4.303402900695801,-0.005020229611545801,3.5328633785247803,0.0,0.999262273311615
2050,,,,,,,,-3.222653865814209,2.2500000341096893e-05,-0.02290087565779686,0.08743605017662048,0.0774390697479248,0.01041102409362793,1092.0,0.15858186781406403,100.0,4.278167724609375,-0.004640656523406506,1.486836314201355,0.0,0.9989753365516663
2051,,,,,,,,-3.2203752994537354,3.3749998692655936e-05,-0.006653950549662113,0.10917847603559494,0.07595109939575195,0.010605096817016602,1109.0,0.1585741490125656,100.0,4.278167724609375,-0.004108082968741655,0.14910653233528137,0.0,0.9989973902702332
2052,,,,,,,,-3.2226343154907227,2.2500000341096893e-05,-0.008873124606907368,0.0018715764163061976,0.07192683219909668,0.01030421257019043,1167.0,0.15854060649871826,100.0,4.278167724609375,-0.003408193588256836,1.3545406574166918e-08,0.0,0.9987390637397766
2053,-0.004573540296405554,1.6063038110733032,0.0,0.9989457130432129,0.0,0.0,1.0,-3.22184157371521,5.062499985797331e-05,-0.0183761827647686,0.1937400996685028,0.0864410400390625,0.010617733001708984,989.0,0.15868237614631653,100.0,4.341352462768555,-0.005892679560929537,0.30025428533554077,0.0,0.9993081092834473
2054,,,,,,,,-3.2147512435913086,1.4999999621068127e-05,-4.769545193994418e-05,0.04239577054977417,0.07680201530456543,0.0106658935546875,1097.0,0.15877164900302887,100.0,4.3006696701049805,-0.003703021677210927,0.14590193331241608,0.0,0.9992170333862305
2055,,,,,,,,-3.2139906883239746,0.00011390625149942935,-0.006844019051641226,0.045417074114084244,0.07863402366638184,0.01033782958984375,1078.0,0.15881340205669403,100.0,4.3006696701049805,-0.004857958294451237,0.14931778609752655,0.0,0.9991893172264099
2056,,,,,,,,-3.2129828929901123,9.999999747378752e-06,-0.002982699777930975,0.001969491597265005,0.07354211807250977,0.01074981689453125,1138.0,0.15886647999286652,100.0,4.3006696701049805,-0.003929783124476671,1.6654799992465996e-06,0.0,0.998945415019989
2057,,,,,,,,-3.213574171066284,5.062499985797331e-05,-0.020953422412276268,0.11346174776554108,0.08255195617675781,0.010545015335083008,1031.0,0.15884798765182495,100.0,4.2401604652404785,-0.00664936751127243,0.27370527386665344,0.0,0.999255359172821
2058,,,,,,,,-3.215458631515503,1.4999999621068127e-05,-0.022013161331415176,0.2250601351261139,0.07859516143798828,0.010236978530883789,1080.0,0.15886597335338593,100.0,4.2401604652404785,-0.00351776578463614,1.9647358655929565,0.0,0.9991517663002014
2059,,,,,,,,-3.2160661220550537,2.2500000341096893e-05,-0.019386516883969307,0.0652976781129837,0.07849383354187012,0.010542154312133789,1078.0,0.15886858105659485,100.0,4.203830242156982,-0.004887434188276529,0.14661461114883423,0.0,0.9991372227668762
2060,,,,,,,,-3.2151708602905273,3.3749998692655936e-05,-0.01174408569931984,0.0055755674839019775,0.07372689247131348,0.010589361190795898,1138.0,0.15891169011592865,100.0,4.203830242156982,-0.003941392060369253,2.287360439368058e-05,0.0,0.9988889694213867
2061,,,,,,,,-3.2126970291137695,1.4999999621068127e-05,-0.0167387705296278,0.06861032545566559,0.08162593841552734,0.010333061218261719,1043.0,0.15894386172294617,100.0,4.188486576080322,-0.005623245146125555,0.16083835065364838,0.0,0.999135434627533
2062,,,,,,,,-3.214303493499756,5.062499985797331e-05,-0.010595203377306461,0.31738781929016113,0.08123278617858887,0.01058506965637207,1045.0,0.15888379514217377,100.0,4.1528239250183105,-0.005452106241136789,3.1434450149536133,0.0,0.9990903735160828
2063,,,,,,,,-3.2180094718933105,9.999999747378752e-06,-0.010117525234818459,0.14629992842674255,0.07847189903259277,0.010235309600830078,1082.0,0.1589180827140808,100.0,4.126412868499756,-0.005010186228901148,1.9165867567062378,0.0,0.9990180134773254
2064,,,,,,,,-3.21856689453125,2.2500000341096893e-05,-0.014140533283352852,0.10989516228437424,0.07368087768554688,0.010792970657348633,1136.0,0.1589169204235077,100.0,4.126412868499756,-0.003968869335949421,1.6938248872756958,0.0,0.9987223744392395
2065,,,,,,,,-3.2222375869750977,1.4999999621068127e-05,-0.023497454822063446,0.0042746043764054775,0.0800790786743164,0.011390924453735352,1049.0,0.1588161289691925,100.0,4.143642902374268,-0.0051587773486971855,0.002915057586506009,0.0,0.9989320635795593
2066,,,,,,,,-3.226426839828491,2.2500000341096893e-05,-0.013509909622371197,0.13392886519432068,0.07943487167358398,0.010352134704589844,1069.0,0.15879032015800476,100.0,4.151417255401611,-0.0051876637153327465,0.4140563905239105,0.0,0.999238908290863
2067,,,,,,,,-3.2275166511535645,2.2500000341096893e-05,-0.017659401521086693,0.13004207611083984,0.0794827938079834,0.010336160659790039,1068.0,0.158838152885437,100.0,4.156127452850342,-0.004939188715070486,1.8083487749099731,0.0,0.9990580081939697
2068,,,,,,,,-3.225907564163208,9.999999747378752e-06,-0.02651776559650898,0.09830076992511749,0.07465291023254395,0.010822057723999023,1123.0,0.15891797840595245,100.0,4.156127452850342,-0.004121874924749136,1.425162672996521,0.0,0.9988896250724792
2069,,,,,,,,-3.2247390747070312,2.2500000341096893e-05,-0.008134466595947742,0.0049415030516684055,0.08002829551696777,0.010713815689086914,1057.0,0.15894100069999695,100.0,4.156030178070068,-0.0053465296514332294,1.8859786905522924e-06,0.0,0.9989345669746399
2070,,,,,,,,-3.2256369590759277,2.2500000341096893e-05,-0.022328628227114677,0.25900086760520935,0.08035516738891602,0.010681867599487305,1054.0,0.158896803855896,100.0,4.190038204193115,-0.005074707325547934,2.1087920665740967,0.0,0.9992178082466125
2071,,,,,,,,-3.2270452976226807,3.3749998692655936e-05,-0.012257672846317291,0.0857037678360939,0.07980990409851074,0.010333061218261719,1064.0,0.15891201794147491,100.0,4.17929220199585,-0.004647679626941681,1.3833619356155396,0.0,0.9990293979644775
2072,,,,,,,,-3.227668285369873,2.2500000341096893e-05,-0.005210084840655327,0.1201113611459732,0.07630181312561035,0.01111602783203125,1098.0,0.1589210331439972,100.0,4.17929220199585,-0.004630048293620348,1.8593074083328247,0.0,0.9989547729492188
2073,,,,,,,,-3.2309587001800537,2.2500000341096893e-05,-0.015314610674977303,0.004662881605327129,0.07534909248352051,0.010558843612670898,1117.0,0.1588287651538849,100.0,4.164475440979004,-0.004963213112205267,1.381473130335209e-10,0.0,0.9988263249397278
2074,,,,,,,,-3.2344675064086914,1.4999999621068127e-05,-0.019908055663108826,0.28095850348472595,0.0853569507598877,0.010682106018066406,999.0,0.15883886814117432,100.0,4.167004108428955,-0.00490724528208375,3.2902908325195312,0.0,0.9992167353630066
2075,,,,,,,,-3.23323655128479,5.062499985797331e-05,-0.009500040672719479,0.13569375872612,0.077239990234375,0.010689973831176758,1091.0,0.1588541865348816,100.0,4.167842864990234,-0.00480034202337265,1.9073739051818848,0.0,0.9989364743232727
2076,,,,,,,,-3.233280658721924,2.2500000341096893e-05,-0.019996102899312973,0.10452737659215927,0.07683992385864258,0.010219097137451172,1102.0,0.15876920521259308,100.0,4.167842864990234,-0.004243724513798952,1.8831816911697388,0.0,0.9989539980888367
2077,,,,,,,,-3.239335298538208,3.3749998692655936e-05,-0.018785882741212845,0.0061279707588255405,0.0724031925201416,0.010542869567871094,1157.0,0.15855975449085236,100.0,4.167842864990234,-0.0038821145426481962,0.0,0.0,0.99869304895401
2078,-0.004889869596809149,1.6632527112960815,0.0,0.9989537596702576,0.0,0.0,1.0,-3.2440640926361084,1.4999999621068127e-05,-0.014917748980224133,0.16399794816970825,0.086669921875,0.010299921035766602,989.0,0.15858332812786102,100.0,4.157287120819092,-0.0063042850233614445,1.507874608039856,0.0,0.9991986155509949
2079,,,,,,,,-3.2429332733154297,5.062499985797331e-05,-0.009015185758471489,0.3115141987800598,0.07576704025268555,0.010715007781982422,1110.0,0.15851525962352753,100.0,4.1638898849487305,-0.004442177247256041,1.862971305847168,0.0,0.9989640116691589
