iteration,Episode_Reward/action_rate_l2,Episode_Reward/joint_limit,Episode_Reward/motion_body_ang_vel,Episode_Reward/motion_body_lin_vel,Episode_Reward/motion_body_ori,Episode_Reward/motion_body_pos,Episode_Reward/motion_global_root_ori,Episode_Reward/motion_global_root_pos,Episode_Reward/motion_joint_pos,Episode_Reward/motion_joint_vel,Episode_Termination/anchor_ori,Episode_Termination/anchor_pos,Episode_Termination/clip_end,Episode_Termination/ee_body_pos,Episode_Termination/fallen,Episode_Termination/incidental_bat_support,Episode_Termination/time_out,Loss/entropy,Loss/learning_rate,Loss/surrogate,Loss/value,Metrics/motion/error_anchor_ang_vel,Metrics/motion/error_anchor_lin_vel,Metrics/motion/error_anchor_pos,Metrics/motion/error_anchor_rot,Metrics/motion/error_body_ang_vel,Metrics/motion/error_body_lin_vel,Metrics/motion/error_body_pos,Metrics/motion/error_body_rot,Metrics/motion/error_joint_pos,Metrics/motion/error_joint_vel,Metrics/motion/sampling_entropy,Metrics/motion/sampling_top1_bin,Metrics/motion/sampling_top1_prob,Perf/collection_time,Perf/learning_time,Perf/total_fps,Policy/mean_std,Train/mean_episode_length,Train/mean_reward,reward/action_rate_l2,reward/joint_limit,reward/motion_body_ang_vel,reward/motion_body_lin_vel,reward/motion_body_ori,reward/motion_body_pos,reward/motion_global_root_ori,reward/motion_global_root_pos,reward/motion_joint_pos,reward/motion_joint_vel
0,,,,,,,,,,,,,,,,,,-25.677894592285156,2.60122942563612e-05,0.1810806691646576,0.730194628238678,,,,,,,,,,,,,,8.872801780700684,0.03828096389770508,21.0,0.09984654188156128,12.5,1.4838453531265259,-0.060613613575696945,0.0,0.9926877021789551,0.9985273480415344,0.997265100479126,0.9997816681861877,0.49850261211395264,0.49989891052246094,0.9976491928100586,0.0
1,,,,,,,,,,,,,,,,,,-25.67300796508789,9.999999747378752e-06,-0.027268771082162857,1.0114340782165527,,,,,,,,,,,,,,8.352765083312988,0.01848769187927246,22.0,0.09986381977796555,12.5,1.4838453531265259,-0.06111523509025574,-7.096867538081142e-09,0.9904056191444397,0.9969651103019714,0.990400493144989,0.999225914478302,0.49691328406333923,0.49904903769493103,0.9890391826629639,0.0
2,,,,,,,,,,,,,,,,,,-25.66988182067871,3.3749998692655936e-05,-0.03001517243683338,0.9567762017250061,,,,,,,,,,,,,,8.156390190124512,0.01816701889038086,23.0,0.09986566007137299,12.5,1.4838453531265259,-0.057041168212890625,0.0,0.9892187714576721,0.995699405670166,0.9821922183036804,0.9984428286552429,0.4947240352630615,0.49710914492607117,0.9820484519004822,0.0
3,,,,,,,,,,,,,,,,,,-25.657936096191406,1.4999999621068127e-05,-0.036747731268405914,0.8169830441474915,,,,,,,,,,,,,,9.16894817352295,0.019051790237426758,20.0,0.09995212405920029,12.5,1.4838453531265259,-0.058778066188097,0.0,0.9823293089866638,0.9782657027244568,0.9595505595207214,0.9931313991546631,0.48332682251930237,0.4854007661342621,0.9801743626594543,0.0
4,,,,,,,,,,,,,,,,,,-25.638315200805664,2.2500000341096893e-05,-0.03562777489423752,0.7587523460388184,,,,,,,,,,,,,,8.258609771728516,0.024229049682617188,23.0,0.10000258684158325,57.75,6.564896583557129,-0.059656109660863876,0.0,0.9757356643676758,0.9571544528007507,0.9411705136299133,0.9831182956695557,0.47276368737220764,0.47681745886802673,0.9767589569091797,0.0
5,,,,,,,,,,,,,,,,,,-25.621845245361328,1.4999999621068127e-05,-0.036856185644865036,0.7947791218757629,,,,,,,,,,,,,,8.357826232910156,0.018167972564697266,22.0,0.10006402432918549,57.75,6.564896583557129,-0.06047113612294197,0.0,0.9836926460266113,0.9922448992729187,0.9717329144477844,0.9976484179496765,0.49124613404273987,0.49645283818244934,0.9730443358421326,0.0
6,,,,,,,,,,,,,,,,,,-25.60283660888672,3.3749998692655936e-05,-0.02900208905339241,0.6949616074562073,,,,,,,,,,,,,,7.403310775756836,0.016340255737304688,25.0,0.1001502051949501,83.33333587646484,9.680811882019043,-0.0589551217854023,-3.0738107170691364e-08,0.9850212931632996,0.9931465983390808,0.9608023762702942,0.9961382746696472,0.48620137572288513,0.49343761801719666,0.9657546877861023,0.0
7,,,,,,,,,,,,,,,,,,-25.58745765686035,2.2500000341096893e-05,-0.04631742835044861,0.617035984992981,,,,,,,,,,,,,,7.255694389343262,0.026463031768798828,26.0,0.10014022886753082,96.0,11.205252647399902,-0.06025281548500061,0.0,0.9818413853645325,0.9886224865913391,0.9334384799003601,0.9924247860908508,0.47394004464149475,0.4849565327167511,0.947767972946167,0.0
8,,,,,,,,,,,,,,,,,,-25.59326934814453,1.4999999621068127e-05,-0.03563689813017845,0.5691106915473938,,,,,,,,,,,,,,7.232178688049316,0.016002178192138672,26.0,0.10012150555849075,96.0,11.205252647399902,-0.06161943078041077,0.0,0.9655666351318359,0.9330485463142395,0.8585658669471741,0.9694962501525879,0.44148778915405273,0.441413551568985,0.9398049712181091,0.0
9,,,,,,,,,,,,,,,,,,-25.594093322753906,2.2500000341096893e-05,-0.03128773346543312,0.6034024953842163,,,,,,,,,,,,,,7.242605209350586,0.020360946655273438,26.0,0.10014703124761581,113.5999984741211,13.047043800354004,-0.061370085924863815,-1.3885130556445802e-07,0.9536445736885071,0.8914711475372314,0.8384675979614258,0.9492222666740417,0.4288971424102783,0.4223521053791046,0.9513539671897888,0.0
10,,,,,,,,,,,,,,,,,,-25.586029052734375,3.3749998692655936e-05,-0.03699541836977005,0.5717580318450928,,,,,,,,,,,,,,7.601166248321533,0.0289459228515625,25.0,0.10016954690217972,123.33333587646484,14.054863929748535,-0.06291256099939346,0.0,0.9666840434074402,0.9565926194190979,0.9306957125663757,0.9805014133453369,0.46963798999786377,0.47425606846809387,0.9693403840065002,0.0
11,,,,,,,,,,,,,,,,,,-25.58426856994629,1.4999999621068127e-05,-0.04319115728139877,0.5321112871170044,,,,,,,,,,,,,,8.267074584960938,0.023663043975830078,23.0,0.10015999525785446,123.33333587646484,14.054863929748535,-0.06056910753250122,0.0,0.976835310459137,0.9885072708129883,0.9574628472328186,0.9962291717529297,0.48564425110816956,0.4927413761615753,0.959835946559906,0.0
12,,,,,,,,,,,,,,,,,,-25.582664489746094,3.3749998692655936e-05,-0.03468658775091171,0.38954561948776245,,,,,,,,,,,,,,7.5037946701049805,0.01774001121520996,25.0,0.10019989311695099,131.07142639160156,15.016606330871582,-0.060676220804452896,0.0,0.9658239483833313,0.9196889996528625,0.8700919151306152,0.9721379280090332,0.4490734040737152,0.44549641013145447,0.9481587409973145,0.0
13,,,,,,,,,,,,,,,,,,-25.55940055847168,2.2500000341096893e-05,-0.041172094643116,0.9975249767303467,,,,,,,,,,,,,,7.80281400680542,0.016093015670776367,24.0,0.10031267255544662,128.58824157714844,14.614383697509766,-0.06107473000884056,0.0,0.9498454928398132,0.8825317025184631,0.8576297760009766,0.953910768032074,0.43681153655052185,0.430106520652771,0.9667059779167175,0.0
14,,,,,,,,,,,,,,,,,,-25.53521156311035,3.3749998692655936e-05,-0.030257022008299828,0.7007209062576294,,,,,,,,,,,,,,7.9643707275390625,0.023408889770507812,24.0,0.10035400837659836,121.42105102539062,13.773988723754883,-0.06214341148734093,0.0,0.9665932655334473,0.9646444916725159,0.9591779708862305,0.987057626247406,0.47883856296539307,0.4843752086162567,0.986210823059082,0.0
15,,,,,,,,,,,,,,,,,,-25.536701202392578,2.2500000341096893e-05,-0.04182066023349762,0.43188685178756714,,,,,,,,,,,,,,7.57959508895874,0.01643085479736328,25.0,0.10030560195446014,121.42105102539062,13.773988723754883,-0.061726201325654984,0.0,0.9712123274803162,0.9875723719596863,0.9692239165306091,0.9973898530006409,0.48658862709999084,0.49633491039276123,0.9711458683013916,0.0
16,,,,,,,,,,,,,,,,,,-25.547744750976562,3.3749998692655936e-05,-0.04593420401215553,0.34672465920448303,,,,,,,,,,,,,,7.3015031814575195,0.015829086303710938,26.0,0.10029090195894241,128.39999389648438,14.607786178588867,-0.06062944605946541,0.0,0.9639341235160828,0.9513979554176331,0.9151935577392578,0.9846283793449402,0.4662691056728363,0.46954843401908875,0.9581237435340881,0.0
17,,,,,,,,,,,,,,,,,,-25.543121337890625,1.4999999621068127e-05,-0.041231270879507065,1.1417486667633057,,,,,,,,,,,,,,7.538405895233154,0.015716075897216797,25.0,0.1003454327583313,124.6956558227539,14.15969467163086,-0.06212329864501953,0.0,0.9487170577049255,0.8770620226860046,0.8485810160636902,0.9519016146659851,0.4336674213409424,0.42648184299468994,0.9614631533622742,0.0
18,-0.022898761555552483,0.0,0.3695506751537323,0.3634569048881531,0.35343921184539795,0.3797808587551117,0.17852583527565002,0.18086831271648407,0.37416642904281616,0.0,0.0,0.0,0.0,1.0,0.0,0.0,0.0,-25.525407791137695,2.2500000341096893e-05,-0.028443682938814163,0.4764782190322876,2.297065496444702,1.6139235496520996,0.5008379220962524,0.6095119118690491,2.1979682445526123,1.329893946647644,0.22479358315467834,0.635399580001831,0.3801194727420807,1.0224945545196533,1.0,0.5,0.09090909361839294,10.241534233093262,0.0184481143951416,18.0,0.10040607303380966,128.0,14.522096633911133,-0.05974198505282402,0.0,0.9752019047737122,0.9855780005455017,0.974747896194458,0.9955604076385498,0.48896753787994385,0.4940548241138458,0.9793668389320374,0.0
19,,,,,,,,,,,,,,,,,,-25.511985778808594,1.4999999621068127e-05,-0.0406210720539093,0.3001194894313812,,,,,,,,,,,,,,7.425174713134766,0.016941070556640625,25.0,0.1004338338971138,128.0,14.522096633911133,-0.05897735059261322,0.0,0.9734196066856384,0.9864027500152588,0.9501956105232239,0.9944972395896912,0.48335957527160645,0.488138347864151,0.9542880654335022,0.0
20,,,,,,,,,,,,,,,,,,-25.50556755065918,3.3749998692655936e-05,-0.03733376786112785,0.25106382369995117,,,,,,,,,,,,,,7.555008888244629,0.01609206199645996,25.0,0.10045714676380157,128.0,14.522096633911133,-0.06094126030802727,0.0,0.9542667269706726,0.9298908114433289,0.8760228157043457,0.9757786393165588,0.4438643157482147,0.45238232612609863,0.9458461403846741,0.0
21,,,,,,,,,,,,,,,,,,-25.49923324584961,2.2500000341096893e-05,-0.04870060086250305,2.442152261734009,,,,,,,,,,,,,,7.464221954345703,0.016343116760253906,25.0,0.1004699170589447,132.8518524169922,15.016663551330566,-0.06250464916229248,0.0,0.9228972792625427,0.869121253490448,0.8315885663032532,0.9371588826179504,0.41771557927131653,0.42344021797180176,0.9515472054481506,0.0
22,,,,,,,,,,,,,,,,,,-25.496044158935547,2.2500000341096893e-05,-0.04157889261841774,0.31450024247169495,,,,,,,,,,,,,,7.6784491539001465,0.017659902572631836,24.0,0.10048796236515045,132.8518524169922,15.016663551330566,-0.059181228280067444,0.0,0.9673460125923157,0.9675062298774719,0.9423564076423645,0.9905016422271729,0.47610294818878174,0.4791165590286255,0.9652897715568542,0.0
23,,,,,,,,,,,,,,,,,,-25.487382888793945,2.2500000341096893e-05,-0.027020035311579704,0.8856116533279419,,,,,,,,,,,,,,7.667527198791504,0.02239394187927246,24.0,0.10053827613592148,133.39285278320312,15.062453269958496,-0.059936631470918655,0.0,0.9598676562309265,0.9365403056144714,0.894171953201294,0.9756899476051331,0.44938230514526367,0.46154895424842834,0.9577993750572205,0.0
24,,,,,,,,,,,,,,,,,,-25.468761444091797,1.4999999621068127e-05,-0.04533142223954201,2.184525489807129,,,,,,,,,,,,,,7.4505510330200195,0.01567530632019043,25.0,0.10062132030725479,135.89999389648438,15.307543754577637,-0.06279034167528152,0.0,0.9282099604606628,0.8959179520606995,0.8365737795829773,0.9454169273376465,0.41743364930152893,0.4304886758327484,0.9513402581214905,0.0
25,,,,,,,,,,,,,,,,,,-25.447364807128906,2.2500000341096893e-05,-0.03855561465024948,0.24263951182365417,,,,,,,,,,,,,,7.914877891540527,0.016424894332885742,24.0,0.10068430751562119,138.15625,15.604796409606934,-0.061681658029556274,0.0,0.9727978706359863,0.9450028538703918,0.9197907447814941,0.9802031517028809,0.4663761556148529,0.4665696620941162,0.9709233641624451,0.0
26,-0.007407615426927805,0.0,0.11641374975442886,0.11248097568750381,0.1090443804860115,0.11669548600912094,0.05564223229885101,0.055242907255887985,0.11534139513969421,0.0,0.0,0.0,0.6666666865348816,0.3333333432674408,0.0,0.0,0.0,-25.429738998413086,2.2500000341096893e-05,-0.02299736998975277,0.30277904868125916,0.8942521214485168,0.5395200252532959,0.1657305508852005,0.20154441893100739,0.8069167137145996,0.45285308361053467,0.07365214079618454,0.21398764848709106,0.1558160036802292,0.7539403438568115,1.0,0.5,0.09090909361839294,9.025348663330078,0.018044233322143555,21.0,0.10074032098054886,131.6857147216797,14.873351097106934,-0.06027735397219658,-1.2887493738844569e-08,0.9665516018867493,0.9389840960502625,0.9207966923713684,0.9778618216514587,0.46591368317604065,0.46283772587776184,0.9700822830200195,0.0
27,-0.015435047447681427,0.0,0.24712476134300232,0.24580208957195282,0.2419234812259674,0.25498029589653015,0.12161910533905029,0.12298068404197693,0.25159862637519836,0.0,0.0,0.0,0.5,0.5,0.0,0.0,0.0,-25.41976547241211,3.3749998692655936e-05,-0.026810111477971077,0.3380345404148102,1.745120882987976,0.8605096936225891,0.24977046251296997,0.3158687949180603,1.4710447788238525,0.7399013042449951,0.11229406297206879,0.32810041308403015,0.28544706106185913,1.3705507516860962,1.0,0.5,0.09090909361839294,8.273759841918945,0.01669597625732422,23.0,0.10072598606348038,131.91891479492188,14.904047966003418,-0.06070372089743614,0.0,0.9784448146820068,0.9848870635032654,0.9743239879608154,0.9930083155632019,0.487812876701355,0.4862075746059418,0.9840893149375916,0.0
28,,,,,,,,,,,,,,,,,,-25.427701950073242,2.2500000341096893e-05,-0.03570741415023804,0.18941672146320343,,,,,,,,,,,,,,8.608101844787598,0.019543886184692383,22.0,0.10070524364709854,131.91891479492188,14.904047966003418,-0.05991572514176369,0.0,0.9694335460662842,0.9569852948188782,0.9312739372253418,0.9819542765617371,0.4638710021972656,0.4709484875202179,0.9743191599845886,0.0
29,,,,,,,,,,,,,,,,,,-25.427934646606445,1.4999999621068127e-05,-0.03109046444296837,1.086969256401062,,,,,,,,,,,,,,7.956076145172119,0.016743898391723633,24.0,0.10072236508131027,133.26315307617188,15.038763999938965,-0.059648171067237854,0.0,0.9608060717582703,0.955355167388916,0.9305839538574219,0.9773322939872742,0.46901771426200867,0.47614559531211853,0.9631369113922119,0.0
30,,,,,,,,,,,,,,,,,,-25.42156982421875,2.2500000341096893e-05,-0.03165721148252487,1.5467276573181152,,,,,,,,,,,,,,7.544594764709473,0.017939090728759766,25.0,0.10075671970844269,133.77499389648438,15.102211952209473,-0.06273461878299713,0.0,0.9573696255683899,0.9328298568725586,0.9005592465400696,0.9752926230430603,0.4605606496334076,0.4599054157733917,0.9588950276374817,0.0
31,,,,,,,,,,,,,,,,,,-25.41090202331543,2.2500000341096893e-05,-0.026639096438884735,1.6744651794433594,,,,,,,,,,,,,,7.044378280639648,0.015921831130981445,27.0,0.10078702121973038,134.5853729248047,15.179892539978027,-0.06336917728185654,-2.3026039741580462e-07,0.9593504071235657,0.9256760478019714,0.8796108365058899,0.9679935574531555,0.45586928725242615,0.4466399848461151,0.9445860981941223,0.0
32,,,,,,,,,,,,,,,,,,-25.398822784423828,2.2500000341096893e-05,-0.026417311280965805,1.3085089921951294,,,,,,,,,,,,,,6.959521293640137,0.016299009323120117,27.0,0.10085231065750122,134.5238037109375,15.165693283081055,-0.062417883425951004,0.0,0.9573033452033997,0.9305141568183899,0.8927268981933594,0.9746894836425781,0.4565763473510742,0.4573441445827484,0.9544240832328796,0.0
33,,,,,,,,,,,,,,,,,,-25.385231018066406,2.2500000341096893e-05,-0.024129195138812065,1.1657356023788452,,,,,,,,,,,,,,7.333081245422363,0.03299999237060547,26.0,0.10087399184703827,133.6976776123047,15.061391830444336,-0.06374441832304001,0.0,0.9487109184265137,0.8980526328086853,0.8578283190727234,0.9605502486228943,0.44077304005622864,0.43844830989837646,0.952664315700531,0.0
34,-0.022599615156650543,0.0,0.3535303473472595,0.3458114266395569,0.3368215560913086,0.36100947856903076,0.17038452625274658,0.1716514229774475,0.3572649359703064,0.0,0.0,0.0,0.0,1.0,0.0,0.0,0.0,-25.383689880371094,1.4999999621068127e-05,-0.027427498251199722,1.508362054824829,2.285266399383545,1.6072893142700195,0.49674636125564575,0.575551450252533,2.31162166595459,1.326326608657837,0.22129562497138977,0.6141042709350586,0.41335904598236084,3.0057408809661865,1.0,0.5,0.09090909361839294,8.116019248962402,0.017932891845703125,23.0,0.10086043924093246,136.37777709960938,15.3598051071167,-0.06350163370370865,0.0,0.9612460136413574,0.9404298663139343,0.9042609333992004,0.9750864505767822,0.4603711664676666,0.46493688225746155,0.9519743323326111,0.0
35,,,,,,,,,,,,,,,,,,-25.382469177246094,2.2500000341096893e-05,-0.03433895483613014,1.46622633934021,,,,,,,,,,,,,,7.459156036376953,0.01635289192199707,25.0,0.10089848190546036,135.5,15.249016761779785,-0.06339750438928604,-1.0400810168675889e-07,0.9554591774940491,0.9282259941101074,0.8944430947303772,0.9740503430366516,0.4555647075176239,0.45704832673072815,0.957409679889679,0.0
36,,,,,,,,,,,,,,,,,,-25.366979598999023,2.2500000341096893e-05,-0.028399834409356117,1.228878378868103,,,,,,,,,,,,,,7.671716690063477,0.016318082809448242,24.0,0.10096786916255951,135.4791717529297,15.255059242248535,-0.0644543245434761,0.0,0.9731038212776184,0.9560198187828064,0.9338376522064209,0.9826852679252625,0.47060492634773254,0.4757509231567383,0.968899667263031,0.0
37,,,,,,,,,,,,,,,,,,-25.34529685974121,1.4999999621068127e-05,-0.0354604572057724,0.16299618780612946,,,,,,,,,,,,,,7.547405242919922,0.024070024490356445,25.0,0.10104216635227203,135.4791717529297,15.255059242248535,-0.05975228548049927,0.0,0.9849417805671692,0.9935055375099182,0.9674444198608398,0.9977037906646729,0.49122393131256104,0.4970643222332001,0.9672562479972839,0.0
38,,,,,,,,,,,,,,,,,,-25.327543258666992,1.4999999621068127e-05,-0.03011297807097435,0.14262033998966217,,,,,,,,,,,,,,7.705595970153809,0.01606297492980957,24.0,0.10108787566423416,133.63265991210938,15.052398681640625,-0.059746816754341125,0.0,0.9834907650947571,0.9914812445640564,0.9596384167671204,0.9954630732536316,0.4891130030155182,0.4891493022441864,0.9673366546630859,0.0
39,,,,,,,,,,,,,,,,,,-25.318490982055664,2.2500000341096893e-05,-0.03247880935668945,0.1280609369277954,,,,,,,,,,,,,,7.698764801025391,0.016750097274780273,24.0,0.10110675543546677,132.67999267578125,14.954972267150879,-0.060661640018224716,0.0,0.9773735404014587,0.9703934788703918,0.9392910003662109,0.9857879281044006,0.47455093264579773,0.47095683217048645,0.9752984642982483,0.0
40,,,,,,,,,,,,,,,,,,-25.314077377319336,1.4999999621068127e-05,-0.027819737792015076,1.3183156251907349,,,,,,,,,,,,,,8.042173385620117,0.01560211181640625,23.0,0.10112546384334564,134.56863403320312,15.162458419799805,-0.05937836691737175,-2.784245189957346e-08,0.9707228541374207,0.9598904252052307,0.9457686543464661,0.9813373684883118,0.47474417090415955,0.47801563143730164,0.9750364422798157,0.0
41,,,,,,,,,,,,,,,,,,-25.311981201171875,2.2500000341096893e-05,-0.035885121673345566,0.10190143436193466,,,,,,,,,,,,,,9.260358810424805,0.017932891845703125,20.0,0.10111881047487259,134.56863403320312,15.162458419799805,-0.06668565422296524,0.0,0.9729217886924744,0.9815144538879395,0.967076301574707,0.9955975413322449,0.48429420590400696,0.49158844351768494,0.9811977744102478,0.0
42,-0.015653837472200394,0.0,0.2407429963350296,0.2374008297920227,0.23313981294631958,0.24541066586971283,0.11768138408660889,0.11808309704065323,0.24257254600524902,0.0,0.0,0.0,0.5,0.5,0.0,0.0,0.0,-25.308610916137695,2.2500000341096893e-05,-0.02872207760810852,1.649397611618042,1.310917615890503,0.817592978477478,0.25212836265563965,0.3048388659954071,1.2203044891357422,0.6857266426086426,0.11199330538511276,0.3249911665916443,0.26124244928359985,0.8474644422531128,1.0,0.5,0.09090909361839294,8.410131454467773,0.022686004638671875,22.0,0.1011672168970108,134.4339599609375,15.152685165405273,-0.062105078250169754,0.0,0.9615896344184875,0.9441452026367188,0.9358375668525696,0.980691134929657,0.4680943489074707,0.47138556838035583,0.9770435690879822,0.0
43,,,,,,,,,,,,,,,,,,-25.286657333374023,1.4999999621068127e-05,-0.04159608855843544,0.09025868773460388,,,,,,,,,,,,,,8.248078346252441,0.015730857849121094,23.0,0.10125841945409775,135.0181884765625,15.242385864257812,-0.059735286980867386,0.0,0.9768621325492859,0.9909674525260925,0.9862620234489441,0.9987910389900208,0.4904825687408447,0.49885186553001404,0.9872115254402161,0.0
44,,,,,,,,,,,,,,,,,,-25.263423919677734,1.4999999621068127e-05,-0.034023042768239975,0.08991549164056778,,,,,,,,,,,,,,7.770287990570068,0.01789093017578125,24.0,0.10133092105388641,142.46551513671875,16.143537521362305,-0.06410254538059235,0.0,0.9837921261787415,0.992732048034668,0.9784798622131348,0.9978848099708557,0.4927383363246918,0.49666762351989746,0.9814494252204895,0.0
45,,,,,,,,,,,,,,,,,,-25.254676818847656,2.2500000341096893e-05,-0.02900327369570732,0.10725212842226028,,,,,,,,,,,,,,7.696261405944824,0.017578840255737305,24.0,0.10129837691783905,142.46551513671875,16.143537521362305,-0.06402940303087234,0.0,0.9733921885490417,0.9553523659706116,0.9300615191459656,0.9850406646728516,0.4737818241119385,0.4724777042865753,0.9650313854217529,0.0
46,,,,,,,,,,,,,,,,,,-25.26679039001465,3.3749998692655936e-05,-0.02080865576863289,0.6415682435035706,,,,,,,,,,,,,,7.7450270652771,0.018085002899169922,24.0,0.10126644372940063,141.7118682861328,16.04901695251465,-0.06343557685613632,0.0,0.9731106758117676,0.9780222773551941,0.9502988457679749,0.9905223846435547,0.4848234951496124,0.48553192615509033,0.9637594223022461,0.0
47,,,,,,,,,,,,,,,,,,-25.2666072845459,2.2500000341096893e-05,-0.030058063566684723,0.06053870543837547,,,,,,,,,,,,,,7.222308158874512,0.017905235290527344,26.0,0.10129456967115402,141.21665954589844,16.001625061035156,-0.0622030608355999,0.0,0.9815147519111633,0.9811704754829407,0.927004337310791,0.9894623160362244,0.4796887934207916,0.47380325198173523,0.9511231780052185,0.0
48,,,,,,,,,,,,,,,,,,-25.262264251708984,1.4999999621068127e-05,-0.032998986542224884,5.009919166564941,,,,,,,,,,,,,,7.101377964019775,0.016433000564575195,26.0,0.101290263235569,141.96774291992188,16.069561004638672,-0.06269001215696335,-8.414784247179341e-08,0.951995849609375,0.899141252040863,0.8471700549125671,0.9536156058311462,0.4408954679965973,0.42938563227653503,0.9433431625366211,0.0
49,,,,,,,,,,,,,,,,,,-25.26226043701172,2.2500000341096893e-05,-0.03731979429721832,0.1020122617483139,,,,,,,,,,,,,,9.116133689880371,0.018121957778930664,21.0,0.1013055145740509,142.14285278320312,16.09918212890625,-0.062041785567998886,0.0,0.9786074161529541,0.9900996685028076,0.9746484756469727,0.9975211024284363,0.4889536201953888,0.4960648715496063,0.9777066707611084,0.0
50,,,,,,,,,,,,,,,,,,-25.260133743286133,2.2500000341096893e-05,-0.040116529911756516,0.0593334436416626,,,,,,,,,,,,,,8.331615447998047,0.022378921508789062,22.0,0.1012907326221466,142.14285278320312,16.09918212890625,-0.06283217668533325,0.0,0.9782999157905579,0.9718987345695496,0.9500415921211243,0.9918619990348816,0.4813271462917328,0.4818378686904907,0.9721524119377136,0.0
51,,,,,,,,,,,,,,,,,,-25.259126663208008,2.2500000341096893e-05,-0.024654917418956757,1.537947654724121,,,,,,,,,,,,,,7.890223026275635,0.01715683937072754,24.0,0.10132734477519989,141.421875,16.008655548095703,-0.060773104429244995,0.0,0.973253071308136,0.9611561894416809,0.9369152188301086,0.9848787188529968,0.4746643006801605,0.4771803915500641,0.9678120613098145,0.0
52,,,,,,,,,,,,,,,,,,-25.249427795410156,2.2500000341096893e-05,-0.031143223866820335,0.056614235043525696,,,,,,,,,,,,,,8.128618240356445,0.017850160598754883,23.0,0.10135896503925323,141.421875,16.008655548095703,-0.05874084308743477,0.0,0.9690301418304443,0.9556629657745361,0.9304570555686951,0.9854949116706848,0.4710475504398346,0.4692246913909912,0.9689896702766418,0.0
53,,,,,,,,,,,,,,,,,,-25.244571685791016,3.3749998692655936e-05,-0.02060762792825699,0.8577273488044739,,,,,,,,,,,,,,8.366580963134766,0.020552873611450195,22.0,0.1013532429933548,143.2205810546875,16.238529205322266,-0.06288687139749527,0.0,0.9695342183113098,0.9644832015037537,0.9395859837532043,0.9840647578239441,0.4719807207584381,0.47164198756217957,0.9766495823860168,0.0
54,,,,,,,,,,,,,,,,,,-25.24458122253418,1.4999999621068127e-05,-0.03443320840597153,2.503965377807617,,,,,,,,,,,,,,8.54494571685791,0.01645374298095703,22.0,0.1013721153140068,144.53521728515625,16.396465301513672,-0.06416220217943192,-5.497865629422449e-08,0.9743068814277649,0.9503228068351746,0.9334449768066406,0.9757311940193176,0.4712717831134796,0.4665163457393646,0.9779801368713379,0.0
55,,,,,,,,,,,,,,,,,,-25.24010467529297,2.2500000341096893e-05,-0.028670404106378555,0.07010476291179657,,,,,,,,,,,,,,8.462793350219727,0.01582813262939453,22.0,0.1013679951429367,143.19178771972656,16.256803512573242,-0.06297200918197632,0.0,0.9876251816749573,0.9952836632728577,0.9946338534355164,0.9995009303092957,0.4963587522506714,0.499619722366333,0.9944379925727844,0.0
56,,,,,,,,,,,,,,,,,,-25.247318267822266,1.4999999621068127e-05,-0.0352458581328392,0.04925713688135147,,,,,,,,,,,,,,10.042135238647461,0.017727375030517578,19.0,0.10132811218500137,143.19178771972656,16.256803512573242,-0.06269433349370956,0.0,0.9916828274726868,0.997223436832428,0.986267626285553,0.9991894364356995,0.49561455845832825,0.4991890490055084,0.983799159526825,0.0
57,,,,,,,,,,,,,,,,,,-25.256174087524414,2.2500000341096893e-05,-0.02396921068429947,0.0702691376209259,,,,,,,,,,,,,,8.175990104675293,0.016017913818359375,23.0,0.10131535679101944,142.29730224609375,16.160491943359375,-0.062129560858011246,0.0,0.9902596473693848,0.9916194081306458,0.9649600982666016,0.9966421127319336,0.4902079403400421,0.49332037568092346,0.9694948196411133,0.0
58,,,,,,,,,,,,,,,,,,-25.251718521118164,2.2500000341096893e-05,-0.041440948843955994,0.14406630396842957,,,,,,,,,,,,,,7.572573661804199,0.021748065948486328,25.0,0.10136183351278305,142.29730224609375,16.160491943359375,-0.06030257046222687,0.0,0.9700808525085449,0.9320888519287109,0.9002852439880371,0.9748503565788269,0.4651407301425934,0.45001354813575745,0.9641662240028381,0.0
59,-0.014487642794847488,-2.1405840655575048e-08,0.2222733497619629,0.21631406247615814,0.20901091396808624,0.22277754545211792,0.107196144759655,0.10574308782815933,0.21887367963790894,0.0,0.0,0.0,0.5,0.5,0.0,0.0,0.0,-25.244869232177734,2.2500000341096893e-05,-0.03503308817744255,2.446685314178467,1.2718610763549805,0.803270161151886,0.26565277576446533,0.29011672735214233,1.1884684562683105,0.6699753999710083,0.11205855011940002,0.31965309381484985,0.27048003673553467,1.3596270084381104,1.0,0.5,0.09090909361839294,7.741856098175049,0.016805171966552734,24.0,0.10135740786790848,141.12820434570312,16.025127410888672,-0.06393810361623764,-2.3412637517594703e-07,0.9694993495941162,0.9465449452400208,0.9255639910697937,0.974837601184845,0.47088226675987244,0.4662414491176605,0.9686331152915955,0.0
60,,,,,,,,,,,,,,,,,,-25.24404525756836,1.4999999621068127e-05,-0.028221147134900093,0.10276895761489868,,,,,,,,,,,,,,7.516158103942871,0.016079187393188477,25.0,0.10137049108743668,141.12820434570312,16.025127410888672,-0.05881567671895027,0.0,0.9731332659721375,0.9548261165618896,0.9314988255500793,0.9859011173248291,0.47570720314979553,0.4726206362247467,0.9621992707252502,0.0
61,,,,,,,,,,,,,,,,,,-25.240467071533203,2.2500000341096893e-05,-0.023401828482747078,0.6534974575042725,,,,,,,,,,,,,,7.354784965515137,0.023552894592285156,26.0,0.10138551890850067,140.94937133789062,15.999817848205566,-0.0631202906370163,-1.3772761064956285e-07,0.9704746603965759,0.9649453163146973,0.9266765713691711,0.9868780970573425,0.4774893522262573,0.47591719031333923,0.9526143074035645,0.0
62,,,,,,,,,,,,,,,,,,-25.232404708862305,2.2500000341096893e-05,-0.030576828867197037,1.9474443197250366,,,,,,,,,,,,,,7.378941059112549,0.016019105911254883,25.0,0.10142984241247177,141.64999389648438,16.077123641967773,-0.05964125692844391,0.0,0.947443962097168,0.8883170485496521,0.8436665534973145,0.9566261768341064,0.4414149522781372,0.41739583015441895,0.9458534717559814,0.0
63,,,,,,,,,,,,,,,,,,-25.216629028320312,2.2500000341096893e-05,-0.031527988612651825,2.0466525554656982,,,,,,,,,,,,,,9.126166343688965,0.023873090744018555,20.0,0.10150530189275742,142.1219482421875,16.120731353759766,-0.05895960330963135,-8.690243902265138e-08,0.957714855670929,0.9338154196739197,0.9214029312133789,0.9705575108528137,0.46161720156669617,0.46324148774147034,0.973438024520874,0.0
64,,,,,,,,,,,,,,,,,,-25.200149536132812,1.4999999621068127e-05,-0.04274403676390648,0.05462329462170601,,,,,,,,,,,,,,7.9964141845703125,0.016582965850830078,23.0,0.10153520852327347,142.1219482421875,16.120731353759766,-0.06257981806993484,0.0,0.9656925797462463,0.9696598649024963,0.9386675953865051,0.9889121055603027,0.46563437581062317,0.48108839988708496,0.971799373626709,0.0
65,,,,,,,,,,,,,,,,,,-25.192806243896484,2.2500000341096893e-05,-0.03078012354671955,2.7083580493927,,,,,,,,,,,,,,8.125625610351562,0.018132925033569336,23.0,0.10156819969415665,142.70237731933594,16.183074951171875,-0.0605846643447876,0.0,0.9451441168785095,0.9429677128791809,0.9185149073600769,0.968207597732544,0.4571187496185303,0.4679540693759918,0.9700953364372253,0.0
66,,,,,,,,,,,,,,,,,,-25.18100357055664,2.2500000341096893e-05,-0.033959995955228806,0.06814365088939667,,,,,,,,,,,,,,7.9108381271362305,0.0157778263092041,24.0,0.10161706805229187,142.70237731933594,16.183074951171875,-0.06302817910909653,0.0,0.968529999256134,0.9806671142578125,0.9603996872901917,0.995830774307251,0.4842311441898346,0.4917643070220947,0.9704734683036804,0.0
67,,,,,,,,,,,,,,,,,,-25.16015625,2.2500000341096893e-05,-0.035568710416555405,1.9078984260559082,,,,,,,,,,,,,,7.816462516784668,0.01806807518005371,24.0,0.10172390192747116,143.49411010742188,16.270782470703125,-0.06529847532510757,0.0,0.9453520774841309,0.9080440402030945,0.8822397589683533,0.9692389369010925,0.4504601061344147,0.44812726974487305,0.9594018459320068,0.0
68,,,,,,,,,,,,,,,,,,-25.13272476196289,2.2500000341096893e-05,-0.02549324929714203,0.6971856355667114,,,,,,,,,,,,,,7.995082855224609,0.01593303680419922,23.0,0.10179787129163742,144.1839141845703,16.352401733398438,-0.06261041760444641,0.0,0.963923454284668,0.9545236229896545,0.9348318576812744,0.9841542840003967,0.474397212266922,0.4750445783138275,0.9682384133338928,0.0
69,,,,,,,,,,,,,,,,,,-25.120344161987305,2.2500000341096893e-05,-0.03601764142513275,1.4782769680023193,,,,,,,,,,,,,,8.115893363952637,0.017965078353881836,23.0,0.10180680453777313,144.27272033691406,16.358108520507812,-0.061572808772325516,0.0,0.9531311988830566,0.9018511772155762,0.8864638209342957,0.9653031229972839,0.45052799582481384,0.4437521994113922,0.9725138545036316,0.0
70,,,,,,,,,,,,,,,,,,-25.119741439819336,1.4999999621068127e-05,-0.023356569930911064,0.2276984453201294,,,,,,,,,,,,,,8.680500984191895,0.028860807418823242,22.0,0.10181442648172379,145.522216796875,16.507505416870117,-0.059910207986831665,0.0,0.9629657864570618,0.9785638451576233,0.9762662053108215,0.9945138096809387,0.48417142033576965,0.49485746026039124,0.9889050126075745,0.0
71,,,,,,,,,,,,,,,,,,-25.11736488342285,2.2500000341096893e-05,-0.031750041991472244,0.10124761611223221,,,,,,,,,,,,,,9.44116497039795,0.01870107650756836,20.0,0.10181532055139542,144.85714721679688,16.436487197875977,-0.060275446623563766,0.0,0.9699996113777161,0.989362895488739,0.9840188026428223,0.9990112781524658,0.4903680384159088,0.4992251694202423,0.9850144386291504,0.0
72,,,,,,,,,,,,,,,,,,-25.11790657043457,2.2500000341096893e-05,-0.04544547200202942,0.0737137645483017,,,,,,,,,,,,,,7.513882637023926,0.015902996063232422,25.0,0.10181214660406113,144.85714721679688,16.436487197875977,-0.0625092089176178,0.0,0.9699795842170715,0.9814897179603577,0.9569736123085022,0.9956942200660706,0.48560044169425964,0.4912203848361969,0.9637919068336487,0.0
73,,,,,,,,,,,,,,,,,,-25.116464614868164,2.2500000341096893e-05,-0.03651471436023712,1.5326204299926758,,,,,,,,,,,,,,7.282155990600586,0.015461206436157227,26.0,0.10183674097061157,144.7391357421875,16.4176025390625,-0.0645231381058693,0.0,0.9512242674827576,0.9040281176567078,0.8739610314369202,0.9676464200019836,0.4529525339603424,0.44087252020835876,0.9525237083435059,0.0
74,,,,,,,,,,,,,,,,,,-25.110429763793945,1.4999999621068127e-05,-0.035470448434352875,1.7638906240463257,,,,,,,,,,,,,,7.565071105957031,0.021058082580566406,25.0,0.10183996707201004,145.90525817871094,16.552270889282227,-0.06450661271810532,0.0,0.9582768082618713,0.916923999786377,0.8918973803520203,0.9689565300941467,0.45556434988975525,0.45186352729797363,0.9636440873146057,0.0
75,,,,,,,,,,,,,,,,,,-25.111629486083984,3.3749998692655936e-05,-0.03340823948383331,1.0484931468963623,,,,,,,,,,,,,,7.750306606292725,0.016266345977783203,24.0,0.10183485597372055,145.9690704345703,16.560930252075195,-0.06450793892145157,0.0,0.9658483862876892,0.9527075290679932,0.9420726895332336,0.983365535736084,0.47623124718666077,0.47416749596595764,0.9773997664451599,0.0
76,,,,,,,,,,,,,,,,,,-25.103809356689453,2.2500000341096893e-05,-0.04354149475693703,0.08799205720424652,,,,,,,,,,,,,,8.06386661529541,0.015928983688354492,23.0,0.10190051794052124,145.9690704345703,16.560930252075195,-0.0635257288813591,0.0,0.9779489636421204,0.9930744171142578,0.988720178604126,0.9989621043205261,0.49320077896118164,0.4993269443511963,0.990177571773529,0.0
77,,,,,,,,,,,,,,,,,,-25.07939910888672,2.2500000341096893e-05,-0.0358860045671463,0.12128257751464844,,,,,,,,,,,,,,8.112993240356445,0.016043901443481445,23.0,0.10201219469308853,145.9690704345703,16.560930252075195,-0.06498146802186966,0.0,0.976597249507904,0.9906492829322815,0.979769229888916,0.9982171058654785,0.491260290145874,0.4986375868320465,0.9835367202758789,0.0
78,,,,,,,,,,,,,,,,,,-25.05418586730957,1.4999999621068127e-05,-0.03913101181387901,0.19254688918590546,,,,,,,,,,,,,,9.317713737487793,0.02383899688720703,20.0,0.10205862671136856,145.9690704345703,16.560930252075195,-0.06062319502234459,0.0,0.9673176407814026,0.9724404811859131,0.9510643482208252,0.9929534792900085,0.4778843820095062,0.4860994517803192,0.9721235632896423,0.0
79,,,,,,,,,,,,,,,,,,-25.041133880615234,5.062499985797331e-05,-0.02714010700583458,1.3059240579605103,,,,,,,,,,,,,,7.709510803222656,0.01628589630126953,24.0,0.102138452231884,146.7857208251953,16.65411949157715,-0.06386388093233109,0.0,0.952467143535614,0.9445037245750427,0.9335928559303284,0.980584442615509,0.46616289019584656,0.4668685495853424,0.9750769138336182,0.0
80,,,,,,,,,,,,,,,,,,-25.017873764038086,2.2500000341096893e-05,-0.04127063229680061,0.08496973663568497,,,,,,,,,,,,,,7.322930812835693,0.01786017417907715,26.0,0.10219985991716385,146.60606384277344,16.639169692993164,-0.06133477762341499,0.0,0.9668524861335754,0.973642110824585,0.9446321129798889,0.9897745251655579,0.4746064841747284,0.477595716714859,0.9659784436225891,0.0
81,,,,,,,,,,,,,,,,,,-25.00098991394043,1.4999999621068127e-05,-0.03265130892395973,2.7723965644836426,,,,,,,,,,,,,,7.228669166564941,0.016646862030029297,26.0,0.10226957499980927,149.3000030517578,16.946786880493164,-0.06739483028650284,0.0,0.9276211261749268,0.8635310530662537,0.7918533682823181,0.9292247891426086,0.399233341217041,0.41199398040771484,0.9328851699829102,0.0
82,-0.023474380373954773,0.0,0.35683634877204895,0.3491973876953125,0.3382103741168976,0.3646584451198578,0.17120075225830078,0.17164818942546844,0.3606491982936859,0.0,0.0,0.0,0.0,1.0,0.0,0.0,0.0,-24.980655670166016,2.2500000341096893e-05,-0.03484354540705681,2.58210825920105,2.4962618350982666,1.6335663795471191,0.5234928727149963,0.6600250601768494,2.6681206226348877,1.3868136405944824,0.2450770139694214,0.6806745529174805,0.4585965871810913,3.296165704727173,1.0,0.5,0.09090909361839294,7.5123291015625,0.016749858856201172,25.0,0.1023474931716919,152.97999572753906,17.351709365844727,-0.06420111656188965,0.0,0.9466983675956726,0.8888692855834961,0.8681573867797852,0.9579541087150574,0.4482080936431885,0.4348372220993042,0.9574062824249268,0.0
83,,,,,,,,,,,,,,,,,,-24.96453094482422,2.2500000341096893e-05,-0.028636964038014412,0.12072481215000153,,,,,,,,,,,,,,7.819929122924805,0.017673969268798828,24.0,0.10237307846546173,152.97999572753906,17.351709365844727,-0.06383715569972992,0.0,0.9778642654418945,0.9697415828704834,0.9467704892158508,0.991098940372467,0.48199889063835144,0.4812230169773102,0.9696175456047058,0.0
84,,,,,,,,,,,,,,,,,,-24.96120834350586,2.2500000341096893e-05,-0.034253980964422226,0.6332108974456787,,,,,,,,,,,,,,7.6685638427734375,0.017765045166015625,24.0,0.10238191485404968,152.6699981689453,17.302955627441406,-0.062134746462106705,0.0,0.9722962379455566,0.960308849811554,0.9303992390632629,0.9831497669219971,0.4759650230407715,0.4749128520488739,0.9636518955230713,0.0
85,,,,,,,,,,,,,,,,,,-24.95950698852539,2.2500000341096893e-05,-0.034750793129205704,0.24693548679351807,,,,,,,,,,,,,,7.434880256652832,0.016077756881713867,25.0,0.1023896113038063,152.6699981689453,17.302955627441406,-0.0650346651673317,0.0,0.9645271301269531,0.9421747326850891,0.9043204188346863,0.9776360988616943,0.4643026888370514,0.4571538269519806,0.9579622745513916,0.0
86,-0.01543884351849556,0.0,0.21890966594219208,0.20940932631492615,0.2021147459745407,0.22467656433582306,0.10434313118457794,0.10308124125003815,0.21874350309371948,0.0,0.0,0.0,0.0,1.0,0.0,0.0,0.0,-24.958452224731445,2.2500000341096893e-05,-0.0369090773165226,0.5461869239807129,2.3351492881774902,1.6041804552078247,0.49633508920669556,0.5638194680213928,2.2842676639556885,1.3279738426208496,0.21808530390262604,0.6133877635002136,0.46385684609413147,1.4771384000778198,1.0,0.5,0.09090909361839294,10.690613746643066,0.024446964263916016,17.0,0.10239133983850479,152.1699981689453,17.232351303100586,-0.06503856182098389,-1.620009015823598e-08,0.963428258895874,0.9406407475471497,0.8979365825653076,0.971355676651001,0.46183300018310547,0.45211291313171387,0.9552178978919983,0.0
87,,,,,,,,,,,,,,,,,,-24.958316802978516,2.2500000341096893e-05,-0.025509433820843697,0.427676260471344,,,,,,,,,,,,,,7.567986965179443,0.015993118286132812,25.0,0.10239151865243912,153.08999633789062,17.33609962463379,-0.06425254791975021,-3.353009958573239e-08,0.9715874791145325,0.9739478230476379,0.94411301612854,0.9866259098052979,0.47834673523902893,0.47441378235816956,0.9705628752708435,0.0
88,,,,,,,,,,,,,,,,,,-24.95468521118164,1.4999999621068127e-05,-0.03344954550266266,1.8314346075057983,,,,,,,,,,,,,,7.597429275512695,0.02080702781677246,25.0,0.10241887718439102,152.4199981689453,17.25968360900879,-0.06291893869638443,-2.5496087019405422e-08,0.9565423130989075,0.9333913326263428,0.8975076675415039,0.9687743186950684,0.4543968141078949,0.45533648133277893,0.9596818089485168,0.0
89,,,,,,,,,,,,,,,,,,-24.955883026123047,3.3749998692655936e-05,-0.030960528180003166,0.25943297147750854,,,,,,,,,,,,,,7.678915977478027,0.019942283630371094,24.0,0.10234725475311279,151.60000610351562,17.172603607177734,-0.0658944621682167,0.0,0.9521189332008362,0.9408795833587646,0.8939809203147888,0.9680108428001404,0.44500914216041565,0.46069908142089844,0.9579036235809326,0.0
90,,,,,,,,,,,,,,,,,,-24.9813289642334,1.4999999621068127e-05,-0.029117276892066002,1.0028010606765747,,,,,,,,,,,,,,7.626354217529297,0.017943143844604492,25.0,0.10228382796049118,150.88999938964844,17.08608627319336,-0.06571447849273682,0.0,0.9622056484222412,0.9552855491638184,0.924556314945221,0.9817028641700745,0.47037580609321594,0.47498416900634766,0.9567580223083496,0.0
91,,,,,,,,,,,,,,,,,,-24.989011764526367,3.3749998692655936e-05,-0.028855258598923683,0.7030115127563477,,,,,,,,,,,,,,7.446835994720459,0.016813039779663086,25.0,0.10228408873081207,150.16000366210938,16.99167823791504,-0.0640370324254036,0.0,0.9630929827690125,0.9530002474784851,0.9195851683616638,0.9806914329528809,0.46974918246269226,0.47009551525115967,0.9605011940002441,0.0
92,,,,,,,,,,,,,,,,,,-24.987709045410156,1.4999999621068127e-05,-0.04160691425204277,0.6368228197097778,,,,,,,,,,,,,,8.176307678222656,0.023422956466674805,23.0,0.10229317098855972,149.77000427246094,16.945302963256836,-0.06403551250696182,-2.6599296987228627e-08,0.9642090797424316,0.9353907704353333,0.8908150792121887,0.9693441987037659,0.45814013481140137,0.45037567615509033,0.9525297284126282,0.0
93,-0.024728944525122643,-5.393500313033428e-09,0.36987581849098206,0.3672565221786499,0.3567061126232147,0.37837421894073486,0.18084372580051422,0.18161995708942413,0.3716977536678314,0.0,0.0,0.0,0.3333333432674408,0.6666666865348816,0.0,0.0,0.0,-24.9825496673584,2.2500000341096893e-05,-0.02703915536403656,0.7796476483345032,1.8344134092330933,1.0916566848754883,0.35228344798088074,0.39155861735343933,1.677014708518982,0.9274447560310364,0.15227003395557404,0.4299696385860443,0.34985247254371643,1.5583664178848267,1.0,0.5,0.09090909361839294,8.604243278503418,0.018088102340698242,22.0,0.10233201831579208,152.3300018310547,17.25040054321289,-0.06646934896707535,-1.7644259386884187e-08,0.9706077575683594,0.943979799747467,0.915587842464447,0.9776843190193176,0.4677034914493561,0.4668995440006256,0.9600831866264343,0.0
94,,,,,,,,,,,,,,,,,,-24.969392776489258,2.2500000341096893e-05,-0.041237153112888336,0.11920025944709778,,,,,,,,,,,,,,7.407707214355469,0.016164064407348633,25.0,0.10238520056009293,152.3300018310547,17.25040054321289,-0.0618843249976635,0.0,0.9786990284919739,0.9821040034294128,0.9309368133544922,0.9917961955070496,0.47805774211883545,0.48141181468963623,0.9472160339355469,0.0
95,,,,,,,,,,,,,,,,,,-24.958831787109375,1.4999999621068127e-05,-0.03577829524874687,1.9393599033355713,,,,,,,,,,,,,,7.247605323791504,0.022072792053222656,26.0,0.10240331292152405,154.6199951171875,17.515783309936523,-0.06535196304321289,-2.397236471551878e-07,0.9467676281929016,0.8875734210014343,0.8081895709037781,0.9464197754859924,0.42046841979026794,0.41176578402519226,0.9306192398071289,0.0
96,-0.012411857023835182,0.0,0.17266583442687988,0.16035497188568115,0.15087774395942688,0.17318125069141388,0.08018457889556885,0.07678794115781784,0.16863834857940674,0.0,0.0,0.0,0.0,1.0,0.0,0.0,0.0,-24.954294204711914,2.2500000341096893e-05,-0.03860063478350639,0.46110445261001587,2.1816203594207764,1.614463448524475,0.49781861901283264,0.5547010898590088,2.309948444366455,1.328029990196228,0.21840447187423706,0.6045268774032593,0.37178343534469604,1.2545080184936523,1.0,0.5,0.09090909361839294,7.126611709594727,0.01743006706237793,26.0,0.10242068767547607,152.9600067138672,17.31316375732422,-0.06255465000867844,-1.191791739074688e-06,0.9702286720275879,0.9558188319206238,0.8823701739311218,0.9698427319526672,0.4485921561717987,0.45211172103881836,0.9402168393135071,0.0
97,,,,,,,,,,,,,,,,,,-24.950841903686523,1.4999999621068127e-05,-0.030525440350174904,0.3447679877281189,,,,,,,,,,,,,,6.825183868408203,0.015803098678588867,28.0,0.10242615640163422,154.41000366210938,17.472414016723633,-0.06515514850616455,-1.7228485660325532e-07,0.967759370803833,0.9438480734825134,0.8778378367424011,0.9726515412330627,0.46530255675315857,0.45391955971717834,0.9219057559967041,0.0
98,,,,,,,,,,,,,,,,,,-24.948341369628906,2.2500000341096893e-05,-0.03078644350171089,1.038277506828308,,,,,,,,,,,,,,6.8765130043029785,0.02430891990661621,27.0,0.10244999825954437,154.8300018310547,17.507999420166016,-0.061540637165308,-2.932763720764342e-07,0.9463836550712585,0.861155092716217,0.7715575695037842,0.9383230209350586,0.4238069951534271,0.38768061995506287,0.9081875681877136,0.0
99,,,,,,,,,,,,,,,,,,-24.94275665283203,2.2500000341096893e-05,-0.035737305879592896,1.3236767053604126,,,,,,,,,,,,,,7.416837692260742,0.01601099967956543,25.0,0.10246226191520691,155.22000122070312,17.545909881591797,-0.06540614366531372,-1.1270137889596299e-07,0.9436278343200684,0.8642425537109375,0.8164894580841064,0.9368070960044861,0.42940616607666016,0.4068354666233063,0.9412763714790344,0.0
100,,,,,,,,,,,,,,,,,,-24.938980102539062,2.2500000341096893e-05,-0.03615229204297066,0.8583201169967651,,,,,,,,,,,,,,7.743471145629883,0.016531944274902344,24.0,0.10247927904129028,154.2899932861328,17.442485809326172,-0.06534022837877274,-1.112667007419077e-07,0.9670304656028748,0.9403602480888367,0.8979838490486145,0.9707781672477722,0.46127697825431824,0.4542393684387207,0.9576349258422852,0.0
101,,,,,,,,,,,,,,,,,,-24.935447692871094,1.4999999621068127e-05,-0.040051840245723724,0.32908326387405396,,,,,,,,,,,,,,8.621204376220703,0.018409013748168945,22.0,0.10248316079378128,153.27999877929688,17.321744918823242,-0.06248243525624275,-7.762548648315715e-08,0.9646435379981995,0.9480979442596436,0.9314870834350586,0.9811657071113586,0.47033265233039856,0.46985873579978943,0.9714344143867493,0.0
102,,,,,,,,,,,,,,,,,,-24.93570327758789,2.2500000341096893e-05,-0.033556871116161346,0.2149052917957306,,,,,,,,,,,,,,7.71209716796875,0.016222000122070312,24.0,0.10247740149497986,154.0,17.40614891052246,-0.0627412274479866,0.0,0.9591236114501953,0.9612324833869934,0.9438014626502991,0.9862716794013977,0.47381484508514404,0.48251521587371826,0.9680050015449524,0.0
103,,,,,,,,,,,,,,,,,,-24.93773078918457,3.3749998692655936e-05,-0.027196422219276428,0.33055123686790466,,,,,,,,,,,,,,7.510705947875977,0.017889976501464844,25.0,0.10246404260396957,153.3300018310547,17.339181900024414,-0.061095234006643295,-5.440622885544144e-08,0.9629772305488586,0.9471328854560852,0.9081649780273438,0.9838184714317322,0.46339020133018494,0.46689271926879883,0.947745144367218,0.0
104,,,,,,,,,,,,,,,,,,-24.942012786865234,1.4999999621068127e-05,-0.04103756695985794,0.460628867149353,,,,,,,,,,,,,,7.22035026550293,0.01616811752319336,26.0,0.1024576798081398,150.69000244140625,17.038131713867188,-0.06497930735349655,-5.313000528417433e-08,0.9602801203727722,0.9191908836364746,0.8536503911018372,0.9587044715881348,0.43537792563438416,0.43930625915527344,0.9298577308654785,0.0
105,,,,,,,,,,,,,,,,,,-24.9414119720459,3.3749998692655936e-05,-0.025352895259857178,0.5799766182899475,,,,,,,,,,,,,,7.566306114196777,0.020044803619384766,25.0,0.10246143490076065,151.5500030517578,17.119266510009766,-0.06402518600225449,0.0,0.9464268684387207,0.904255211353302,0.8636928200721741,0.9588193297386169,0.4475151002407074,0.4367643892765045,0.945782482624054,0.0
106,,,,,,,,,,,,,,,,,,-24.936113357543945,2.2500000341096893e-05,-0.0316186398267746,0.5402740240097046,,,,,,,,,,,,,,7.800066947937012,0.017810821533203125,24.0,0.10250944644212723,150.83999633789062,17.033023834228516,-0.06656750291585922,-6.807467656244626e-08,0.9639472961425781,0.9383299350738525,0.8802196979522705,0.9689529538154602,0.4504527747631073,0.4543720781803131,0.9403651356697083,0.0
107,,,,,,,,,,,,,,,,,,-24.926179885864258,2.2500000341096893e-05,-0.03521522134542465,0.2402389943599701,,,,,,,,,,,,,,7.404921531677246,0.016436100006103516,25.0,0.10251165926456451,150.83999633789062,17.033023834228516,-0.06431577354669571,-1.5633069949672063e-07,0.948468029499054,0.9180414080619812,0.8360573649406433,0.9534671902656555,0.42676082253456116,0.4344639778137207,0.9224255681037903,0.0
108,-0.01655309647321701,-3.8578871652816815e-08,0.24028733372688293,0.22952890396118164,0.20829564332962036,0.239664226770401,0.10616675019264221,0.10787053406238556,0.23328208923339844,0.0,0.0,0.0,0.0,0.5,0.5,0.0,0.0,-24.926605224609375,2.2500000341096893e-05,-0.038336243480443954,0.4206230342388153,2.2317328453063965,1.5039578676223755,0.5368512868881226,0.7884280681610107,2.3271889686584473,1.2614444494247437,0.2444373369216919,0.695646345615387,0.48950642347335815,1.2411389350891113,1.0,0.5,0.09090909361839294,7.391181945800781,0.022207021713256836,25.0,0.10252264142036438,151.10000610351562,17.0498104095459,-0.06453656405210495,-2.4131882603306565e-10,0.9538751244544983,0.9131662249565125,0.8757204413414001,0.9684420228004456,0.4565795958042145,0.4420294761657715,0.9496774673461914,0.0
109,,,,,,,,,,,,,,,,,,-24.92395782470703,1.4999999621068127e-05,-0.04561011120676994,0.6264908313751221,,,,,,,,,,,,,,9.2241792678833,0.017759084701538086,20.0,0.10252737998962402,152.02000427246094,17.14411735534668,-0.0636359378695488,-7.462411133474234e-08,0.9482105374336243,0.9108664989471436,0.8829075694084167,0.9624261260032654,0.45408710837364197,0.44707295298576355,0.9530754089355469,0.0
110,,,,,,,,,,,,,,,,,,-24.921083450317383,2.2500000341096893e-05,-0.027705039829015732,0.3934386968612671,,,,,,,,,,,,,,7.478158950805664,0.016113996505737305,25.0,0.10255373269319534,151.57000732421875,17.095500946044922,-0.06510476022958755,-4.133673670025928e-08,0.9557744860649109,0.9332897663116455,0.911135196685791,0.9770126342773438,0.4640674293041229,0.46148478984832764,0.9670600891113281,0.0
111,,,,,,,,,,,,,,,,,,-24.905908584594727,2.2500000341096893e-05,-0.03621816635131836,0.36838293075561523,,,,,,,,,,,,,,7.5897016525268555,0.018919944763183594,25.0,0.1026444137096405,152.5,17.203720092773438,-0.0652732327580452,0.0,0.9609622359275818,0.9474698901176453,0.9363884925842285,0.9815604090690613,0.4702010154724121,0.47144341468811035,0.9771216511726379,0.0
112,,,,,,,,,,,,,,,,,,-24.881935119628906,1.4999999621068127e-05,-0.03341153264045715,0.22492042183876038,,,,,,,,,,,,,,7.365205764770508,0.016760826110839844,26.0,0.10270798206329346,152.5,17.203720092773438,-0.06415505707263947,0.0,0.9721574783325195,0.986981213092804,0.9634928703308105,0.9968768954277039,0.4843743145465851,0.49550628662109375,0.9653863906860352,0.0
113,,,,,,,,,,,,,,,,,,-24.867326736450195,2.2500000341096893e-05,-0.02947644703090191,0.4896043837070465,,,,,,,,,,,,,,6.939177989959717,0.017633914947509766,27.0,0.10276570916175842,152.5,17.203720092773438,-0.06407547742128372,0.0,0.9680294990539551,0.950632631778717,0.8841743469238281,0.9816498160362244,0.4536970555782318,0.4624943733215332,0.9312477707862854,0.0
114,,,,,,,,,,,,,,,,,,-24.85087013244629,1.4999999621068127e-05,-0.03604897856712341,1.5224210023880005,,,,,,,,,,,,,,6.469329833984375,0.01580810546875,29.0,0.10281122475862503,153.07000732421875,17.26315689086914,-0.06667709350585938,0.0,0.931882917881012,0.8690150380134583,0.7787947654724121,0.9320993423461914,0.4111853539943695,0.39787495136260986,0.9080877304077148,0.0
115,,,,,,,,,,,,,,,,,,-24.84351348876953,2.2500000341096893e-05,-0.03702908009290695,0.7658208012580872,,,,,,,,,,,,,,6.798039436340332,0.01696467399597168,28.0,0.10281898081302643,152.39999389648438,17.18161392211914,-0.06831023097038269,-3.548212035298093e-08,0.9469874501228333,0.85414057970047,0.7875048518180847,0.9398500919342041,0.41831398010253906,0.39408591389656067,0.9230566620826721,0.0
116,-0.021511701866984367,0.0,0.31716036796569824,0.3087409436702728,0.2985101640224457,0.3236687183380127,0.15159232914447784,0.151009663939476,0.32047197222709656,0.0,0.0,0.0,0.0,1.0,0.0,0.0,0.0,-24.842540740966797,1.4999999621068127e-05,-0.03271780163049698,2.1374399662017822,2.1892271041870117,1.6599844694137573,0.518726646900177,0.6500625014305115,2.531461715698242,1.382964015007019,0.24208684265613556,0.6809513568878174,0.3984135687351227,3.301652193069458,1.0,0.5,0.09090909361839294,7.622011184692383,0.016577959060668945,25.0,0.1028147041797638,154.0,17.353734970092773,-0.06615845113992691,0.0,0.9591501355171204,0.915123701095581,0.8565136790275574,0.9507455825805664,0.4449182450771332,0.42426788806915283,0.9506192207336426,0.0
117,,,,,,,,,,,,,,,,,,-24.84593391418457,2.2500000341096893e-05,-0.03681754693388939,4.15126371383667,,,,,,,,,,,,,,8.609214782714844,0.02153801918029785,22.0,0.10280102491378784,153.08999633789062,17.23307991027832,-0.06495878845453262,-1.782027965191446e-07,0.9430201649665833,0.8483663201332092,0.7886672019958496,0.9203009009361267,0.41126182675361633,0.38720789551734924,0.9446344375610352,0.0
118,,,,,,,,,,,,,,,,,,-24.852264404296875,1.4999999621068127e-05,-0.034677110612392426,0.1407192349433899,,,,,,,,,,,,,,8.022993087768555,0.01646900177001953,23.0,0.10276492685079575,153.8300018310547,17.315853118896484,-0.06303528696298599,-7.519813038925349e-08,0.9827321171760559,0.9852890968322754,0.97465580701828,0.9938790202140808,0.4909176826477051,0.4935356676578522,0.9804415702819824,0.0
119,,,,,,,,,,,,,,,,,,-24.862180709838867,2.2500000341096893e-05,-0.03243209049105644,0.19770993292331696,,,,,,,,,,,,,,7.814872741699219,0.015355110168457031,24.0,0.10274084657430649,152.80999755859375,17.197301864624023,-0.06456873565912247,0.0,0.979982852935791,0.9916378855705261,0.9714711308479309,0.9972140192985535,0.4927925765514374,0.49285057187080383,0.9769249558448792,0.0
120,,,,,,,,,,,,,,,,,,-24.874134063720703,2.2500000341096893e-05,-0.03301567584276199,0.3704432547092438,,,,,,,,,,,,,,7.879630088806152,0.018141984939575195,24.0,0.10267145931720734,152.80999755859375,17.197301864624023,-0.06142890453338623,0.0,0.9737828373908997,0.9779426455497742,0.949134111404419,0.9899568557739258,0.4804871082305908,0.47726204991340637,0.9764382839202881,0.0
121,,,,,,,,,,,,,,,,,,-24.89176368713379,1.4999999621068127e-05,-0.03607667610049248,0.42685240507125854,,,,,,,,,,,,,,8.160329818725586,0.016476154327392578,23.0,0.10263872891664505,151.66000366210938,17.051664352416992,-0.06338047236204147,-7.250957168025707e-08,0.9531561732292175,0.9429131150245667,0.927025318145752,0.9755304455757141,0.46591171622276306,0.4688781797885895,0.9704203009605408,0.0
122,,,,,,,,,,,,,,,,,,-24.896621704101562,2.2500000341096893e-05,-0.03231419250369072,0.26670214533805847,,,,,,,,,,,,,,8.190235137939453,0.016035795211791992,23.0,0.10263440757989883,150.47000122070312,16.912294387817383,-0.061718154698610306,0.0,0.9652307033538818,0.9874992370605469,0.9787552952766418,0.9984026551246643,0.48594847321510315,0.4994737207889557,0.9842837452888489,0.0
123,,,,,,,,,,,,,,,,,,-24.894107818603516,2.2500000341096893e-05,-0.03541352227330208,0.12976033985614777,,,,,,,,,,,,,,8.058929443359375,0.017815828323364258,23.0,0.10265510529279709,150.47000122070312,16.912294387817383,-0.06270293146371841,-7.541029845015146e-08,0.9692812561988831,0.987109363079071,0.9780375361442566,0.9982213973999023,0.4869036376476288,0.49888554215431213,0.9816786646842957,0.0
124,,,,,,,,,,,,,,,,,,-24.89021110534668,2.2500000341096893e-05,-0.03306150063872337,0.06766531616449356,,,,,,,,,,,,,,8.361830711364746,0.028504133224487305,22.0,0.10266589373350143,150.47000122070312,16.912294387817383,-0.06610148400068283,-1.188239062699381e-09,0.9623145461082458,0.9813995361328125,0.9660168290138245,0.99722820520401,0.4847155511379242,0.49469470977783203,0.9709680676460266,0.0
125,,,,,,,,,,,,,,,,,,-24.88763427734375,1.4999999621068127e-05,-0.03616233170032501,0.232634499669075,,,,,,,,,,,,,,9.47183895111084,0.019043684005737305,20.0,0.10265494138002396,148.85000610351562,16.731399536132812,-0.06340822577476501,0.0,0.9650440216064453,0.9631204009056091,0.9227204918861389,0.986971378326416,0.47278693318367004,0.4711761474609375,0.9518933296203613,0.0
126,,,,,,,,,,,,,,,,,,-24.895343780517578,1.4999999621068127e-05,-0.03429161012172699,0.5589169859886169,,,,,,,,,,,,,,7.407903671264648,0.01626110076904297,25.0,0.10262342542409897,149.22999572753906,16.774858474731445,-0.06472982466220856,-4.432164146805917e-08,0.9585908055305481,0.9140263199806213,0.862208366394043,0.9639708399772644,0.4450397193431854,0.4437990188598633,0.9376799464225769,0.0
127,,,,,,,,,,,,,,,,,,-24.90662956237793,3.3749998692655936e-05,-0.03227362781763077,0.5173460841178894,,,,,,,,,,,,,,7.2484049797058105,0.018054723739624023,26.0,0.10255388170480728,150.39999389648438,16.911842346191406,-0.06657279282808304,0.0,0.9515332579612732,0.9165744781494141,0.8471822142601013,0.9609003067016602,0.42723843455314636,0.436592698097229,0.9435093998908997,0.0
128,,,,,,,,,,,,,,,,,,-24.93045425415039,3.3749998692655936e-05,-0.03423285111784935,1.2267577648162842,,,,,,,,,,,,,,8.24581241607666,0.031110048294067383,23.0,0.10247298330068588,149.99000549316406,16.854684829711914,-0.06373004615306854,0.0,0.9488722681999207,0.9397923946380615,0.9077785015106201,0.9653902649879456,0.4588738679885864,0.459560364484787,0.9685704112052917,0.0
129,,,,,,,,,,,,,,,,,,-24.93790626525879,1.4999999621068127e-05,-0.02754763327538967,0.9481379389762878,,,,,,,,,,,,,,7.490608215332031,0.015837907791137695,25.0,0.10251494497060776,149.99000549316406,16.854684829711914,-0.06163248419761658,-1.5582473977815425e-08,0.9682745933532715,0.9469465613365173,0.9160447120666504,0.9748220443725586,0.4687453806400299,0.45915487408638,0.9661634564399719,0.0
130,,,,,,,,,,,,,,,,,,-24.921218872070312,2.2500000341096893e-05,-0.02750512585043907,0.22429753839969635,,,,,,,,,,,,,,7.120612144470215,0.0161590576171875,26.0,0.10258393734693527,148.50999450683594,16.668357849121094,-0.060161035507917404,-3.1566148805950434e-08,0.9778158664703369,0.981114387512207,0.9533953070640564,0.9919160008430481,0.486398309469223,0.4898292124271393,0.9600515365600586,0.0
131,,,,,,,,,,,,,,,,,,-24.90210723876953,2.2500000341096893e-05,-0.03680254518985748,0.6174424886703491,,,,,,,,,,,,,,7.039491653442383,0.01597118377685547,27.0,0.10264482349157333,149.44000244140625,16.775972366333008,-0.06545886397361755,0.0,0.9721166491508484,0.9484808444976807,0.9023335576057434,0.9821679592132568,0.4726475179195404,0.46226176619529724,0.9423335194587708,0.0
132,,,,,,,,,,,,,,,,,,-24.883281707763672,3.3749998692655936e-05,-0.02985592745244503,0.4567817747592926,,,,,,,,,,,,,,8.104569435119629,0.02536487579345703,23.0,0.10271869599819183,147.66000366210938,16.549163818359375,-0.06507021933794022,0.0,0.9656997323036194,0.934985339641571,0.8928239345550537,0.9720613360404968,0.45904088020324707,0.4548490345478058,0.9570278525352478,0.0
133,,,,,,,,,,,,,,,,,,-24.876018524169922,1.4999999621068127e-05,-0.03477324917912483,0.4388076663017273,,,,,,,,,,,,,,7.363838195800781,0.018602848052978516,26.0,0.1026834174990654,148.02000427246094,16.60572052001953,-0.06574887037277222,-3.4116874303435907e-06,0.9772042632102966,0.9864560961723328,0.9507600665092468,0.9925864338874817,0.48210540413856506,0.48265203833580017,0.9683537483215332,0.0
134,,,,,,,,,,,,,,,,,,-24.883432388305664,1.4999999621068127e-05,-0.039191026240587234,0.9547606110572815,,,,,,,,,,,,,,7.339837074279785,0.015932083129882812,26.0,0.10268498212099075,149.4199981689453,16.7551326751709,-0.06506621092557907,-6.907941951794783e-07,0.9604024887084961,0.9389143586158752,0.9017602801322937,0.9699106216430664,0.45940664410591125,0.4555239975452423,0.9543436169624329,0.0
135,,,,,,,,,,,,,,,,,,-24.873815536499023,2.2500000341096893e-05,-0.03243579715490341,0.2670907974243164,,,,,,,,,,,,,,7.377556800842285,0.017881155014038086,25.0,0.10275591164827347,149.6999969482422,16.786563873291016,-0.06752263754606247,0.0,0.975490391254425,0.9908865094184875,0.9601457715034485,0.9965667724609375,0.4832242429256439,0.49541887640953064,0.9617246985435486,0.0
136,,,,,,,,,,,,,,,,,,-24.85676383972168,2.2500000341096893e-05,-0.027214474976062775,0.24084728956222534,,,,,,,,,,,,,,7.416268348693848,0.017888784408569336,25.0,0.10279297828674316,149.6999969482422,16.786563873291016,-0.0677553340792656,0.0,0.9697272777557373,0.9870662689208984,0.9463005065917969,0.9945384860038757,0.476848840713501,0.49077892303466797,0.9563713669776917,0.0
137,-0.02611689642071724,0.0,0.40118640661239624,0.4047486484050751,0.381732314825058,0.40529564023017883,0.19806887209415436,0.19739922881126404,0.38429877161979675,0.0,0.0,0.0,1.0,0.0,0.0,0.0,0.0,-24.848979949951172,1.4999999621068127e-05,-0.032732993364334106,0.17553788423538208,0.35270705819129944,0.1659058928489685,0.10982714593410492,0.1369396150112152,0.35540616512298584,0.13918210566043854,0.03331613913178444,0.13552631437778473,0.322655588388443,1.1700197458267212,1.0,0.5,0.09090909361839294,7.509329795837402,0.01588916778564453,25.0,0.10282634943723679,151.07000732421875,16.941659927368164,-0.06347575038671494,-6.4019016754457425e-09,0.9762207865715027,0.9861800670623779,0.9478017687797546,0.9931774139404297,0.4778035879135132,0.4876234531402588,0.9618287682533264,0.0
138,,,,,,,,,,,,,,,,,,-24.84079933166504,2.2500000341096893e-05,-0.032043322920799255,0.5162458419799805,,,,,,,,,,,,,,12.676711082458496,0.03728199005126953,15.0,0.1028560996055603,151.07000732421875,16.941659927368164,-0.06370309740304947,0.0,0.9660108089447021,0.9506160616874695,0.9038407802581787,0.979037344455719,0.46643567085266113,0.45966777205467224,0.94809490442276,0.0
139,,,,,,,,,,,,,,,,,,-24.83010482788086,1.4999999621068127e-05,-0.038278285413980484,0.6190459728240967,,,,,,,,,,,,,,15.799044609069824,0.020557165145874023,12.0,0.10290687531232834,152.11000061035156,17.05310821533203,-0.06550811976194382,0.0,0.9753723740577698,0.9404385685920715,0.8865165710449219,0.9696938395500183,0.4659818708896637,0.44867292046546936,0.9447041153907776,0.0
140,,,,,,,,,,,,,,,,,,-24.814197540283203,2.2500000341096893e-05,-0.02596503496170044,0.4156600832939148,,,,,,,,,,,,,,10.151960372924805,0.021080732345581055,18.0,0.10298654437065125,153.24000549316406,17.169923782348633,-0.062245529145002365,0.0,0.9776609539985657,0.9516811966896057,0.9003316760063171,0.9735636711120605,0.4682846963405609,0.4536469876766205,0.95208340883255,0.0
141,,,,,,,,,,,,,,,,,,-24.786428451538086,2.2500000341096893e-05,-0.025277070701122284,0.3014274835586548,,,,,,,,,,,,,,8.65365982055664,0.021449804306030273,22.0,0.10309460759162903,154.02999877929688,17.263200759887695,-0.061895985156297684,-6.360063053989506e-08,0.974859893321991,0.9542197585105896,0.9123360514640808,0.9749617576599121,0.4679281711578369,0.4613080322742462,0.9565823078155518,0.0
142,,,,,,,,,,,,,,,,,,-24.770307540893555,2.2500000341096893e-05,-0.03487289696931839,0.3354652523994446,,,,,,,,,,,,,,8.484354019165039,0.02777695655822754,22.0,0.10307692736387253,154.02999877929688,17.263200759887695,-0.06431102752685547,0.0,0.9694421291351318,0.9610154032707214,0.8959181308746338,0.9805893898010254,0.4553491175174713,0.45900726318359375,0.949469268321991,0.0
143,,,,,,,,,,,,,,,,,,-24.78069305419922,2.2500000341096893e-05,-0.03251136094331741,1.5283873081207275,,,,,,,,,,,,,,7.486324310302734,0.020017147064208984,25.0,0.10303878784179688,154.89999389648438,17.36672019958496,-0.06650730967521667,-1.1265620969425072e-07,0.9401928782463074,0.8872075080871582,0.8154218792915344,0.9354743957519531,0.4248710572719574,0.41578102111816406,0.9244901537895203,0.0
144,,,,,,,,,,,,,,,,,,-24.784391403198242,1.4999999621068127e-05,-0.03939514979720116,1.3317888975143433,,,,,,,,,,,,,,8.166719436645508,0.020589113235473633,23.0,0.10304569453001022,152.22000122070312,17.050386428833008,-0.06492355465888977,-4.5733141718073966e-08,0.9579911828041077,0.8877699971199036,0.8222753405570984,0.949682891368866,0.4384043216705322,0.41669657826423645,0.9261003136634827,0.0
145,-0.02531524933874607,-1.2636549584499335e-08,0.37856826186180115,0.3716365694999695,0.3533504605293274,0.3807554244995117,0.18267670273780823,0.17902721464633942,0.3714195489883423,0.0,0.0,0.0,0.5,1.0,0.0,0.0,0.0,-24.782451629638672,3.3749998692655936e-05,-0.026442788541316986,1.1470869779586792,1.730101227760315,1.210512399673462,0.41936400532722473,0.438933789730072,1.6890559196472168,1.0068517923355103,0.1783512681722641,0.4925459325313568,0.39917463064193726,1.5443387031555176,1.0,0.5,0.09090909361839294,9.975292205810547,0.024219751358032227,19.0,0.10306353867053986,152.52999877929688,17.087581634521484,-0.06931755691766739,-2.33729924303816e-08,0.9617477059364319,0.9021010398864746,0.8675691485404968,0.962156355381012,0.44993898272514343,0.4346015453338623,0.960566520690918,0.0
146,,,,,,,,,,,,,,,,,,-24.775482177734375,2.2500000341096893e-05,-0.04215042293071747,0.4906529188156128,,,,,,,,,,,,,,9.27912425994873,0.02248692512512207,20.0,0.10309558361768723,149.82000732421875,16.792203903198242,-0.0676598772406578,-1.8575132543219297e-08,0.9783809185028076,0.9768479466438293,0.9473614692687988,0.9871132373809814,0.47932887077331543,0.4778313636779785,0.9758336544036865,0.0
147,,,,,,,,,,,,,,,,,,-24.76384925842285,2.2500000341096893e-05,-0.0313354954123497,0.6765133738517761,,,,,,,,,,,,,,8.001812934875488,0.021701812744140625,23.0,0.10314996540546417,149.0,16.68106460571289,-0.0649448037147522,-7.506903187959324e-08,0.9647852778434753,0.9386928677558899,0.9000844359397888,0.9703971743583679,0.4609144628047943,0.4538254737854004,0.9523348808288574,0.0
148,,,,,,,,,,,,,,,,,,-24.754060745239258,2.2500000341096893e-05,-0.035469405353069305,0.14642111957073212,,,,,,,,,,,,,,8.030118942260742,0.028213024139404297,23.0,0.10316048562526703,149.0,16.68106460571289,-0.06603071838617325,0.0,0.9777803421020508,0.9833405017852783,0.9451194405555725,0.9936111569404602,0.48433828353881836,0.48312267661094666,0.9532642960548401,0.0
149,,,,,,,,,,,,,,,,,,-24.745616912841797,2.2500000341096893e-05,-0.037087202072143555,1.084349513053894,,,,,,,,,,,,,,7.5503950119018555,0.022932052612304688,25.0,0.10321696102619171,148.64999389648438,16.639549255371094,-0.06439851969480515,0.0,0.9579222798347473,0.909933865070343,0.8137450218200684,0.960427463054657,0.4246790409088135,0.4247835576534271,0.9095103144645691,0.0
150,,,,,,,,,,,,,,,,,,-24.728612899780273,2.2500000341096893e-05,-0.04650821164250374,1.5786157846450806,,,,,,,,,,,,,,7.871065139770508,0.023221969604492188,24.0,0.10328090935945511,147.02999877929688,16.423025131225586,-0.06581515818834305,-7.3378491833864246e-06,0.919795036315918,0.8133369088172913,0.735098123550415,0.8975688815116882,0.3716542720794678,0.3797726333141327,0.9186188578605652,0.0
151,,,,,,,,,,,,,,,,,,-24.71328353881836,2.2500000341096893e-05,-0.02909424528479576,0.5134058594703674,,,,,,,,,,,,,,8.471675872802734,0.020152807235717773,22.0,0.1033230721950531,146.72999572753906,16.387542724609375,-0.06643354147672653,-5.3783338671564707e-08,0.9671255946159363,0.9530029892921448,0.9429956078529358,0.9822111129760742,0.47263550758361816,0.4755995571613312,0.9806199073791504,0.0
152,,,,,,,,,,,,,,,,,,-24.7003173828125,2.2500000341096893e-05,-0.0365099273622036,0.2932775914669037,,,,,,,,,,,,,,8.485946655273438,0.020416975021362305,22.0,0.10338147729635239,147.1199951171875,16.433349609375,-0.06794289499521255,0.0,0.9789674878120422,0.9927932620048523,0.9829995632171631,0.9984191060066223,0.4924737513065338,0.498786062002182,0.9840341210365295,0.0
153,,,,,,,,,,,,,,,,,,-24.684186935424805,2.2500000341096893e-05,-0.03799595683813095,0.15852975845336914,,,,,,,,,,,,,,11.209737777709961,0.020740032196044922,17.0,0.10343639552593231,147.1199951171875,16.433349609375,-0.0679386705160141,0.0,0.9807514548301697,0.9905254244804382,0.9632503390312195,0.9970667958259583,0.48992833495140076,0.49440670013427734,0.9621869921684265,0.0
154,,,,,,,,,,,,,,,,,,-24.670276641845703,1.4999999621068127e-05,-0.03299441188573837,0.20597423613071442,,,,,,,,,,,,,,7.703521728515625,0.01955580711364746,24.0,0.10348361730575562,147.1199951171875,16.433349609375,-0.06517448276281357,0.0,0.9805291295051575,0.9624869227409363,0.9055569767951965,0.9851968884468079,0.47471246123313904,0.4611016511917114,0.93980473279953,0.0
155,,,,,,,,,,,,,,,,,,-24.658340454101562,2.2500000341096893e-05,-0.03142012655735016,0.3704138398170471,,,,,,,,,,,,,,7.595139980316162,0.024742841720581055,25.0,0.1035214364528656,145.99000549316406,16.290050506591797,-0.06853406876325607,0.0,0.9485247135162354,0.873948872089386,0.8031387329101562,0.9435544610023499,0.42490819096565247,0.3967989981174469,0.9416422843933105,0.0
156,,,,,,,,,,,,,,,,,,-24.648733139038086,1.4999999621068127e-05,-0.033987343311309814,3.7713027000427246,,,,,,,,,,,,,,11.642970085144043,0.029042720794677734,16.0,0.10354583710432053,144.47999572753906,16.108678817749023,-0.06687565892934799,-1.7024110832153383e-07,0.9419447779655457,0.8565375208854675,0.79160475730896,0.9221175312995911,0.4159933030605316,0.39585959911346436,0.9347758293151855,0.0
157,,,,,,,,,,,,,,,,,,-24.644193649291992,2.2500000341096893e-05,-0.037668585777282715,0.4873550534248352,,,,,,,,,,,,,,8.090518951416016,0.0228269100189209,23.0,0.10356026142835617,144.47999572753906,16.108678817749023,-0.0661124512553215,0.0,0.9797731041908264,0.9570150375366211,0.9269303679466248,0.985430896282196,0.4758830964565277,0.47247323393821716,0.9613534808158875,0.0
158,,,,,,,,,,,,,,,,,,-24.640155792236328,2.2500000341096893e-05,-0.04255318641662598,0.3368578255176544,,,,,,,,,,,,,,8.982572555541992,0.021130084991455078,21.0,0.10357773303985596,145.52999877929688,16.23496437072754,-0.06816660612821579,0.0,0.9790143370628357,0.9712541103363037,0.9338988661766052,0.9870147705078125,0.4807104170322418,0.4760270118713379,0.9599472880363464,0.0
159,,,,,,,,,,,,,,,,,,-24.633636474609375,1.4999999621068127e-05,-0.030543044209480286,0.49484020471572876,,,,,,,,,,,,,,9.892389297485352,0.023945093154907227,19.0,0.10360566526651382,144.1999969482422,16.08968162536621,-0.06617517024278641,0.0,0.9746492505073547,0.9432182908058167,0.8706312775611877,0.9671518802642822,0.4607076644897461,0.4289196729660034,0.9445659518241882,0.0
160,,,,,,,,,,,,,,,,,,-24.626821517944336,2.2500000341096893e-05,-0.033234853297472,6.601521968841553,,,,,,,,,,,,,,8.860407829284668,0.02714085578918457,21.0,0.1036335825920105,143.2899932861328,15.97906494140625,-0.06684110313653946,-2.6189658441921893e-08,0.9405641555786133,0.8696317076683044,0.8186942934989929,0.9345006942749023,0.42690321803092957,0.40680620074272156,0.9460892677307129,0.0
161,,,,,,,,,,,,,,,,,,-24.614913940429688,2.2500000341096893e-05,-0.03193220496177673,0.5374084115028381,,,,,,,,,,,,,,8.342658042907715,0.019674062728881836,22.0,0.1037009209394455,142.75,15.902762413024902,-0.06842189282178879,-3.0720510579840266e-08,0.9548018574714661,0.922482967376709,0.8872038722038269,0.9629886746406555,0.453347772359848,0.44932007789611816,0.955909013748169,0.0
162,,,,,,,,,,,,,,,,,,-24.588197708129883,2.2500000341096893e-05,-0.03910224139690399,0.476698637008667,,,,,,,,,,,,,,8.721026420593262,0.023707151412963867,21.0,0.10383012145757675,143.60000610351562,15.992878913879395,-0.0662846788764,0.0,0.9588136076927185,0.9310042262077332,0.9087508320808411,0.9764259457588196,0.4639514684677124,0.45668864250183105,0.9627696871757507,0.0
163,,,,,,,,,,,,,,,,,,-24.558324813842773,2.2500000341096893e-05,-0.036182988435029984,0.37287214398384094,,,,,,,,,,,,,,8.683394432067871,0.02049112319946289,22.0,0.10390353947877884,143.52999877929688,15.99012279510498,-0.06579393893480301,0.0,0.9569482803344727,0.914533793926239,0.8835570812225342,0.9636699557304382,0.4547770917415619,0.43525657057762146,0.9655776023864746,0.0
164,,,,,,,,,,,,,,,,,,-24.539514541625977,2.2500000341096893e-05,-0.029183559119701385,5.1896467208862305,,,,,,,,,,,,,,8.39148235321045,0.01877880096435547,22.0,0.10396890342235565,143.33999633789062,15.96463680267334,-0.06613197177648544,0.0,0.953503429889679,0.946843147277832,0.9357602596282959,0.9732470512390137,0.46865108609199524,0.47273778915405273,0.9822431206703186,0.0
165,,,,,,,,,,,,,,,,,,-24.526447296142578,2.2500000341096893e-05,-0.033116236329078674,0.14783526957035065,,,,,,,,,,,,,,8.250757217407227,0.02331399917602539,23.0,0.10400783270597458,143.33999633789062,15.96463680267334,-0.06351586431264877,0.0,0.9682161808013916,0.9892627596855164,0.9818231463432312,0.9986875653266907,0.4901498854160309,0.4991508424282074,0.9823539853096008,0.0
166,,,,,,,,,,,,,,,,,,-24.51920509338379,2.2500000341096893e-05,-0.03967460244894028,0.25920113921165466,,,,,,,,,,,,,,9.570091247558594,0.02106618881225586,20.0,0.10401345044374466,143.33999633789062,15.96463680267334,-0.06787525117397308,0.0,0.9709384441375732,0.9864128232002258,0.9591150283813477,0.9967848658561707,0.4853683412075043,0.49449217319488525,0.9627923965454102,0.0
167,,,,,,,,,,,,,,,,,,-24.52524185180664,2.2500000341096893e-05,-0.03791480511426926,0.9151614904403687,,,,,,,,,,,,,,7.977937698364258,0.022814035415649414,23.0,0.10397336632013321,143.33999633789062,15.96463680267334,-0.06471149623394012,0.0,0.9628295302391052,0.9259324669837952,0.8854404091835022,0.9754306674003601,0.45543667674064636,0.4525109827518463,0.9539920687675476,0.0
168,,,,,,,,,,,,,,,,,,-24.533737182617188,2.2500000341096893e-05,-0.03780891001224518,0.8588463664054871,,,,,,,,,,,,,,7.968094825744629,0.020580053329467773,24.0,0.10397597402334213,143.52999877929688,15.980130195617676,-0.0666283592581749,0.0,0.9513568878173828,0.9028792381286621,0.8756833076477051,0.9626016616821289,0.44864562153816223,0.436982125043869,0.9588269591331482,0.0
169,,,,,,,,,,,,,,,,,,-24.53141975402832,1.4999999621068127e-05,-0.03644195571541786,0.2827449142932892,,,,,,,,,,,,,,8.162732124328613,0.025146961212158203,23.0,0.10398664325475693,142.72999572753906,15.886402130126953,-0.0663495883345604,0.0,0.9633838534355164,0.9365334510803223,0.8921136856079102,0.9641751646995544,0.46033263206481934,0.4417015314102173,0.9540683627128601,0.0
170,,,,,,,,,,,,,,,,,,-24.530208587646484,3.3749998692655936e-05,-0.02539105899631977,5.65875244140625,,,,,,,,,,,,,,8.322098731994629,0.020611047744750977,23.0,0.10399757325649261,144.41000366210938,16.079872131347656,-0.06718256324529648,0.0,0.9546880722045898,0.9136393666267395,0.8975796103477478,0.9603658318519592,0.4543043076992035,0.4509991705417633,0.9727423787117004,0.0
171,,,,,,,,,,,,,,,,,,-24.527904510498047,1.4999999621068127e-05,-0.038082219660282135,0.24010880291461945,,,,,,,,,,,,,,8.374266624450684,0.02573227882385254,22.0,0.10400009900331497,143.7100067138672,16.01801109313965,-0.0701136365532875,0.0,0.9781811833381653,0.9910958409309387,0.9805315136909485,0.9983677268028259,0.49111679196357727,0.4986315965652466,0.9808826446533203,0.0
172,,,,,,,,,,,,,,,,,,-24.531028747558594,2.2500000341096893e-05,-0.030726579949259758,0.12594257295131683,,,,,,,,,,,,,,8.507917404174805,0.020993947982788086,22.0,0.10398106276988983,144.63999938964844,16.141315460205078,-0.06772970408201218,-1.5284847165730753e-07,0.979642927646637,0.9888720512390137,0.9657532572746277,0.996576726436615,0.48883959650993347,0.4944988787174225,0.9688833355903625,0.0
173,,,,,,,,,,,,,,,,,,-24.535858154296875,2.2500000341096893e-05,-0.02852752059698105,0.07472596317529678,,,,,,,,,,,,,,11.195160865783691,0.025532245635986328,17.0,0.1039680689573288,144.63999938964844,16.141315460205078,-0.0640471950173378,0.0,0.9763586521148682,0.9873302578926086,0.9672225117683411,0.9956045150756836,0.48560795187950134,0.48842692375183105,0.9728136658668518,0.0
174,,,,,,,,,,,,,,,,,,-24.5372257232666,2.2500000341096893e-05,-0.0317712277173996,0.1118772029876709,,,,,,,,,,,,,,8.72608470916748,0.029803037643432617,21.0,0.10397213697433472,144.63999938964844,16.141315460205078,-0.06486167758703232,0.0,0.9695139527320862,0.9750661849975586,0.9373094439506531,0.990985631942749,0.4676069915294647,0.478005975484848,0.9618330597877502,0.0
175,,,,,,,,,,,,,,,,,,-24.537446975708008,2.2500000341096893e-05,-0.037175219506025314,1.0429911613464355,,,,,,,,,,,,,,9.694563865661621,0.026220083236694336,19.0,0.10397155582904816,145.0800018310547,16.213951110839844,-0.06760018318891525,0.0,0.9286513328552246,0.8697918057441711,0.7809674739837646,0.931998074054718,0.3893958032131195,0.4007391035556793,0.9279407858848572,0.0
176,-0.019612248986959457,-1.4677163484577704e-08,0.2786579728126526,0.2711305022239685,0.2538139224052429,0.28008198738098145,0.1281011402606964,0.1296244114637375,0.2752145826816559,0.0,0.0,0.0,0.25,0.5,0.5,0.0,0.0,-24.529869079589844,2.2500000341096893e-05,-0.030462130904197693,1.0968003273010254,1.7697240114212036,1.2632638216018677,0.44703778624534607,0.6613320708274841,1.9555186033248901,1.0670301914215088,0.21414795517921448,0.6132657527923584,0.4196711778640747,1.899193525314331,1.0,0.5,0.09090909361839294,10.608964920043945,0.021397113800048828,18.0,0.10403686761856079,144.36000061035156,16.129148483276367,-0.06731245666742325,-7.683008895753574e-09,0.9463961720466614,0.9288465976715088,0.9130042195320129,0.9591441750526428,0.4538346827030182,0.4616912305355072,0.9754793047904968,0.0
177,,,,,,,,,,,,,,,,,,-24.5153865814209,1.4999999621068127e-05,-0.03827020525932312,0.13834118843078613,,,,,,,,,,,,,,9.398601531982422,0.022760868072509766,20.0,0.10406478494405746,144.36000061035156,16.129148483276367,-0.06441257148981094,0.0,0.9730865955352783,0.9898061752319336,0.9881778359413147,0.99908846616745,0.49135223031044006,0.499551922082901,0.990710437297821,0.0
178,,,,,,,,,,,,,,,,,,-24.511640548706055,1.4999999621068127e-05,-0.03745155408978462,0.1586805135011673,,,,,,,,,,,,,,9.532480239868164,0.020910024642944336,20.0,0.10407215356826782,145.24000549316406,16.239376068115234,-0.06703801453113556,0.0,0.9710662961006165,0.9882606863975525,0.981748640537262,0.998513400554657,0.4897170960903168,0.49911007285118103,0.9841971397399902,0.0
179,,,,,,,,,,,,,,,,,,-24.507436752319336,1.4999999621068127e-05,-0.0366678386926651,0.1959848701953888,,,,,,,,,,,,,,12.047826766967773,0.024238109588623047,15.0,0.10410094261169434,144.8699951171875,16.214502334594727,-0.06747620552778244,0.0,0.9743964672088623,0.9834138751029968,0.9649068713188171,0.9956641793251038,0.48321399092674255,0.49295368790626526,0.9777860641479492,0.0
180,,,,,,,,,,,,,,,,,,-24.49458885192871,2.2500000341096893e-05,-0.02871353179216385,0.7106291651725769,,,,,,,,,,,,,,8.502801895141602,0.03589296340942383,22.0,0.10417889058589935,144.8699951171875,16.214502334594727,-0.06808656454086304,0.0,0.9561908841133118,0.914956271648407,0.8872180581092834,0.9682602882385254,0.45538535714149475,0.4409315586090088,0.9612610936164856,0.0
181,,,,,,,,,,,,,,,,,,-24.46831512451172,2.2500000341096893e-05,-0.034052591770887375,9.823697090148926,,,,,,,,,,,,,,8.499547958374023,0.0197908878326416,22.0,0.10427886247634888,145.72000122070312,16.298648834228516,-0.06974983960390091,0.0,0.9527409672737122,0.9248245358467102,0.8987352252006531,0.9606251120567322,0.4592064321041107,0.45493969321250916,0.9579045176506042,0.0
182,,,,,,,,,,,,,,,,,,-24.451902389526367,2.2500000341096893e-05,-0.03384359925985336,0.5130739808082581,,,,,,,,,,,,,,7.4525299072265625,0.018850088119506836,25.0,0.10427779704332352,145.72000122070312,16.298648834228516,-0.06711283326148987,0.0,0.9607672691345215,0.9348494410514832,0.9003103375434875,0.9767336845397949,0.4649026393890381,0.4488998353481293,0.9510833621025085,0.0
183,,,,,,,,,,,,,,,,,,-24.457796096801758,3.3749998692655936e-05,-0.03205592557787895,9.427386283874512,,,,,,,,,,,,,,10.269265174865723,0.021370887756347656,18.0,0.10425418615341187,147.07000732421875,16.462615966796875,-0.07098980993032455,0.0,0.9502429962158203,0.9034399390220642,0.8628480434417725,0.9495146870613098,0.44992923736572266,0.4355498254299164,0.9424230456352234,0.0
184,,,,,,,,,,,,,,,,,,-24.454172134399414,1.4999999621068127e-05,-0.048735279589891434,0.3310467004776001,,,,,,,,,,,,,,8.527569770812988,0.02353978157043457,22.0,0.10430138558149338,147.94000244140625,16.562801361083984,-0.06516987830400467,0.0,0.9685061573982239,0.9318014979362488,0.8964329361915588,0.9745407104492188,0.45852306485176086,0.4570731818675995,0.9605249762535095,0.0
185,,,,,,,,,,,,,,,,,,-24.44574737548828,3.3749998692655936e-05,-0.033073533326387405,0.2928503751754761,,,,,,,,,,,,,,8.029714584350586,0.03049612045288086,23.0,0.10430064052343369,147.0399932861328,16.458040237426758,-0.06855304539203644,0.0,0.9606966972351074,0.9152531623840332,0.884539783000946,0.9656714797019958,0.4561983644962311,0.43794354796409607,0.961635172367096,0.0
186,,,,,,,,,,,,,,,,,,-24.447418212890625,2.2500000341096893e-05,-0.037800706923007965,9.241827964782715,,,,,,,,,,,,,,12.11847972869873,0.024087190628051758,15.0,0.10430147498846054,145.8699951171875,16.328420639038086,-0.06706517189741135,0.0,0.9482168555259705,0.8876596093177795,0.8640405535697937,0.9458356499671936,0.4465170204639435,0.425792932510376,0.9559486508369446,0.0
187,,,,,,,,,,,,,,,,,,-24.44877815246582,2.2500000341096893e-05,-0.03566721826791763,0.10855740308761597,,,,,,,,,,,,,,16.918926239013672,0.02324390411376953,11.0,0.10428265482187271,145.47999572753906,16.29258918762207,-0.0684051439166069,0.0,0.9763261675834656,0.9672910571098328,0.9268739223480225,0.9820236563682556,0.4725809097290039,0.4659349024295807,0.960915744304657,0.0
188,,,,,,,,,,,,,,,,,,-24.4564266204834,1.4999999621068127e-05,-0.031718119978904724,4.214870452880859,,,,,,,,,,,,,,9.78184986114502,0.0214388370513916,19.0,0.10426667332649231,145.17999267578125,16.260759353637695,-0.06605113297700882,0.0,0.9632262587547302,0.950101375579834,0.9241817593574524,0.9736600518226624,0.4683396816253662,0.47038188576698303,0.9691475033760071,0.0
189,,,,,,,,,,,,,,,,,,-24.452903747558594,2.2500000341096893e-05,-0.03417828679084778,0.4827798008918762,,,,,,,,,,,,,,9.132843017578125,0.01966118812561035,20.0,0.10432326793670654,144.5500030517578,16.19976043701172,-0.07004887610673904,0.0,0.9750332832336426,0.9776015281677246,0.941079318523407,0.9886806011199951,0.4754079282283783,0.4783681631088257,0.9715497493743896,0.0
190,,,,,,,,,,,,,,,,,,-24.43964958190918,1.4999999621068127e-05,-0.03191852569580078,0.563225269317627,,,,,,,,,,,,,,8.824480056762695,0.01931166648864746,21.0,0.1043408066034317,142.75,15.993650436401367,-0.06562577933073044,0.0,0.9636473059654236,0.9410918354988098,0.9179679751396179,0.9721688628196716,0.461759477853775,0.46348071098327637,0.9705966114997864,0.0
191,,,,,,,,,,,,,,,,,,-24.436904907226562,2.2500000341096893e-05,-0.03410733863711357,0.297402948141098,,,,,,,,,,,,,,10.672674179077148,0.025727272033691406,17.0,0.10436176508665085,141.57000732421875,15.869702339172363,-0.06657040119171143,0.0,0.9637930989265442,0.931889533996582,0.8984368443489075,0.966744601726532,0.4654920995235443,0.4512835741043091,0.949261486530304,0.0
192,,,,,,,,,,,,,,,,,,-24.43128776550293,3.3749998692655936e-05,-0.02362542599439621,5.346524715423584,,,,,,,,,,,,,,11.702094078063965,0.024051904678344727,16.0,0.10437342524528503,142.7899932861328,15.99679946899414,-0.0681750699877739,0.0,0.9716646075248718,0.9444404244422913,0.9130855202674866,0.973869264125824,0.46632981300354004,0.46225082874298096,0.9602873921394348,0.0
193,,,,,,,,,,,,,,,,,,-24.427885055541992,1.4999999621068127e-05,-0.03475402668118477,0.35318365693092346,,,,,,,,,,,,,,9.095561027526855,0.020612716674804688,21.0,0.10439565777778625,142.75999450683594,15.996794700622559,-0.06646350026130676,0.0,0.9423688054084778,0.8547942042350769,0.8177502155303955,0.9364681243896484,0.4311443269252777,0.39987945556640625,0.9472385048866272,0.0
194,,,,,,,,,,,,,,,,,,-24.418781280517578,5.062499985797331e-05,-0.018531858921051025,3.0323567390441895,,,,,,,,,,,,,,9.28924560546875,0.02079486846923828,20.0,0.10444583743810654,143.57000732421875,16.09238052368164,-0.06800996512174606,0.0,0.9575245976448059,0.9583174586296082,0.9510510563850403,0.9815294742584229,0.4758089482784271,0.4824030101299286,0.9779601693153381,0.0
195,,,,,,,,,,,,,,,,,,-24.40185546875,1.4999999621068127e-05,-0.03637342527508736,0.17135445773601532,,,,,,,,,,,,,,8.832204818725586,0.020389080047607422,21.0,0.10449455678462982,143.57000732421875,16.09238052368164,-0.06434952467679977,0.0,0.9696903228759766,0.9871180653572083,0.9621038436889648,0.9968886375427246,0.48498162627220154,0.49596524238586426,0.9661576151847839,0.0
196,,,,,,,,,,,,,,,,,,-24.40302085876465,5.062499985797331e-05,-0.025351766496896744,0.36437541246414185,,,,,,,,,,,,,,8.306379318237305,0.020749807357788086,23.0,0.10439927875995636,144.9199981689453,16.249675750732422,-0.06625253707170486,0.0,0.9638564586639404,0.9451243281364441,0.9083325266838074,0.9840297698974609,0.4642752707004547,0.46445682644844055,0.9557206034660339,0.0
197,,,,,,,,,,,,,,,,,,-24.432661056518555,1.4999999621068127e-05,-0.04145495966076851,0.23342789709568024,,,,,,,,,,,,,,10.667591094970703,0.020873069763183594,17.0,0.10433341562747955,145.99000549316406,16.367216110229492,-0.06900563091039658,0.0,0.9445710778236389,0.8846495747566223,0.851482629776001,0.9530748724937439,0.4438069760799408,0.4174516499042511,0.9512215256690979,0.0
198,,,,,,,,,,,,,,,,,,-24.43545150756836,2.2500000341096893e-05,-0.03202873840928078,6.72529935836792,,,,,,,,,,,,,,8.46517276763916,0.020198822021484375,22.0,0.10438526421785355,146.0800018310547,16.35282325744629,-0.07027634233236313,0.0,0.946253776550293,0.9028187394142151,0.8816068768501282,0.9546528458595276,0.4493687152862549,0.4441927969455719,0.9607569575309753,0.0
199,,,,,,,,,,,,,,,,,,-24.41106605529785,3.3749998692655936e-05,-0.019148610532283783,0.2112007886171341,,,,,,,,,,,,,,8.60760498046875,0.019813060760498047,22.0,0.10451170802116394,145.80999755859375,16.33388328552246,-0.07031416147947311,0.0,0.9744089245796204,0.9910790324211121,0.9831388592720032,0.9988110661506653,0.4926937520503998,0.4986407458782196,0.9825558662414551,0.0
200,,,,,,,,,,,,,,,,,,-24.38019561767578,2.2500000341096893e-05,-0.04093463346362114,0.2228926420211792,,,,,,,,,,,,,,8.830815315246582,0.025253772735595703,21.0,0.1046045646071434,145.80999755859375,16.33388328552246,-0.06650931388139725,0.0,0.9741817116737366,0.9904818534851074,0.9830036163330078,0.9987270832061768,0.490275502204895,0.4988640248775482,0.9841089248657227,0.0
201,,,,,,,,,,,,,,,,,,-24.362316131591797,1.4999999621068127e-05,-0.04463712126016617,0.15682579576969147,,,,,,,,,,,,,,8.376968383789062,0.022256135940551758,22.0,0.10464762896299362,145.80999755859375,16.33388328552246,-0.0674513503909111,0.0,0.963797390460968,0.98700350522995,0.974785327911377,0.9982718825340271,0.4869593679904938,0.4989944398403168,0.9748172163963318,0.0
202,,,,,,,,,,,,,,,,,,-24.351091384887695,2.2500000341096893e-05,-0.03431187570095062,0.07790398597717285,,,,,,,,,,,,,,8.769834518432617,0.02816605567932129,21.0,0.10469219833612442,145.80999755859375,16.33388328552246,-0.07027801126241684,0.0,0.9607574939727783,0.9820860028266907,0.9594584107398987,0.9967300295829773,0.48227623105049133,0.4962594509124756,0.9644244313240051,0.0
203,,,,,,,,,,,,,,,,,,-24.3456974029541,2.2500000341096893e-05,-0.039433371275663376,0.40397918224334717,,,,,,,,,,,,,,8.296392440795898,0.020615100860595703,23.0,0.10466275364160538,145.0800018310547,16.24884605407715,-0.06533248722553253,0.0,0.953234851360321,0.9435200691223145,0.9145433306694031,0.9851212501525879,0.46479105949401855,0.46647974848747253,0.9585135579109192,0.0
204,,,,,,,,,,,,,,,,,,-24.352825164794922,1.4999999621068127e-05,-0.03551912307739258,0.17690372467041016,,,,,,,,,,,,,,10.039024353027344,0.021573781967163086,19.0,0.10466007888317108,144.72000122070312,16.203868865966797,-0.06721317023038864,0.0,0.940757691860199,0.9129813313484192,0.8970508575439453,0.9653129577636719,0.4520657956600189,0.4503689706325531,0.9676153063774109,0.0
205,,,,,,,,,,,,,,,,,,-24.349220275878906,2.2500000341096893e-05,-0.03909669443964958,0.12921199202537537,,,,,,,,,,,,,,8.649589538574219,0.021550893783569336,22.0,0.10468631237745285,144.07000732421875,16.14571189880371,-0.07125508040189743,0.0,0.9710738062858582,0.9624411463737488,0.9357108473777771,0.9842265248298645,0.4661467373371124,0.4756917953491211,0.9781250953674316,0.0
206,,,,,,,,,,,,,,,,,,-24.343042373657227,2.2500000341096893e-05,-0.030157441273331642,1.979137659072876,,,,,,,,,,,,,,9.716341018676758,0.020242929458618164,19.0,0.10469978302717209,145.36000061035156,16.293432235717773,-0.06392144411802292,0.0,0.9555695652961731,0.9546639323234558,0.9378291964530945,0.975665271282196,0.4688628613948822,0.4780282974243164,0.9734468460083008,0.0
207,,,,,,,,,,,,,,,,,,-24.344694137573242,1.4999999621068127e-05,-0.03708807751536369,0.05381198227405548,,,,,,,,,,,,,,9.426985740661621,0.024708986282348633,20.0,0.1046685203909874,145.36000061035156,16.293432235717773,-0.06703423708677292,0.0,0.9740808010101318,0.9851539134979248,0.9701715111732483,0.9968657493591309,0.48683297634124756,0.4937061369419098,0.9795188307762146,0.0
208,,,,,,,,,,,,,,,,,,-24.350738525390625,2.2500000341096893e-05,-0.03136741742491722,0.26268449425697327,,,,,,,,,,,,,,8.943592071533203,0.026755809783935547,21.0,0.10466452687978745,147.33999633789062,16.53199005126953,-0.06677206605672836,0.0,0.9618189334869385,0.9423968195915222,0.9301319718360901,0.9804234504699707,0.4680229425430298,0.4691300690174103,0.9766926169395447,0.0
209,,,,,,,,,,,,,,,,,,-24.349578857421875,1.4999999621068127e-05,-0.03620465472340584,0.059206943958997726,,,,,,,,,,,,,,9.015885353088379,0.023916006088256836,21.0,0.10468380153179169,145.74000549316406,16.344100952148438,-0.0647379532456398,0.0,0.9777491688728333,0.9910199046134949,0.9814243912696838,0.9988414645195007,0.4909573495388031,0.49898648262023926,0.9820566773414612,0.0
210,,,,,,,,,,,,,,,,,,-24.344751358032227,2.2500000341096893e-05,-0.030982792377471924,0.05480048805475235,,,,,,,,,,,,,,8.677765846252441,0.031325340270996094,22.0,0.10469725728034973,144.38999938964844,16.20057487487793,-0.06612056493759155,0.0,0.9678217768669128,0.9866516590118408,0.9686453938484192,0.9976951479911804,0.4865049421787262,0.4970608651638031,0.9718974232673645,0.0
211,,,,,,,,,,,,,,,,,,-24.3396053314209,2.2500000341096893e-05,-0.03719209134578705,0.15177209675312042,,,,,,,,,,,,,,10.833172798156738,0.021700143814086914,17.0,0.1047293096780777,143.8300018310547,16.140201568603516,-0.06272970139980316,0.0,0.9650443196296692,0.9646847248077393,0.9399861693382263,0.991528332233429,0.4763752222061157,0.4796520173549652,0.9665815234184265,0.0
212,,,,,,,,,,,,,,,,,,-24.327735900878906,1.4999999621068127e-05,-0.03684377297759056,0.6262280941009521,,,,,,,,,,,,,,8.766865730285645,0.03232407569885254,21.0,0.10477565973997116,143.5800018310547,16.122419357299805,-0.06485261023044586,0.0,0.9443244934082031,0.9064832329750061,0.8894646167755127,0.9655487537384033,0.4500997066497803,0.4486641585826874,0.9677665829658508,0.0
213,,,,,,,,,,,,,,,,,,-24.316884994506836,2.2500000341096893e-05,-0.031096184626221657,0.17906799912452698,,,,,,,,,,,,,,8.462430953979492,0.020617961883544922,22.0,0.10480968654155731,142.61000061035156,16.020889282226562,-0.06830309331417084,0.0,0.9755056500434875,0.9919953346252441,0.9879602789878845,0.9990866780281067,0.4919378459453583,0.49956321716308594,0.9898549914360046,0.0
214,,,,,,,,,,,,,,,,,,-24.31315040588379,5.062499985797331e-05,-0.030443135648965836,0.18353654444217682,,,,,,,,,,,,,,9.096147537231445,0.02091073989868164,21.0,0.10479140281677246,142.61000061035156,16.020889282226562,-0.06732875853776932,0.0,0.9760625958442688,0.9921838641166687,0.9869070649147034,0.9990069270133972,0.4925104081630707,0.4993697702884674,0.9870927929878235,0.0
215,,,,,,,,,,,,,,,,,,-24.321327209472656,1.4999999621068127e-05,-0.041433826088905334,0.20325224101543427,,,,,,,,,,,,,,7.873508930206299,0.021281957626342773,24.0,0.10477892309427261,142.61000061035156,16.020889282226562,-0.06698307394981384,0.0,0.9758595824241638,0.9894242882728577,0.96490079164505,0.9965344071388245,0.4864736497402191,0.49623915553092957,0.969158947467804,0.0
216,,,,,,,,,,,,,,,,,,-24.320648193359375,1.4999999621068127e-05,-0.034206122159957886,0.42727020382881165,,,,,,,,,,,,,,8.17381477355957,0.020691394805908203,23.0,0.10479170829057693,142.61000061035156,16.020889282226562,-0.06545058637857437,0.0,0.9732034206390381,0.9515724778175354,0.91643887758255,0.9834139943122864,0.4673033654689789,0.4643968641757965,0.9601101279258728,0.0
217,,,,,,,,,,,,,,,,,,-24.318256378173828,2.2500000341096893e-05,-0.0333351232111454,11.991796493530273,,,,,,,,,,,,,,9.911033630371094,0.02366781234741211,19.0,0.10480376332998276,142.69000244140625,16.020374298095703,-0.0710563212633133,0.0,0.9365963935852051,0.8229716420173645,0.7686522603034973,0.9130529761314392,0.42139187455177307,0.3699105978012085,0.9201712608337402,0.0
218,,,,,,,,,,,,,,,,,,-24.30624771118164,2.2500000341096893e-05,-0.031090985983610153,7.182869911193848,,,,,,,,,,,,,,8.643753051757812,0.021297931671142578,22.0,0.10488759726285934,142.49000549316406,15.993374824523926,-0.07267733663320541,0.0,0.9584677219390869,0.924189567565918,0.9081416726112366,0.9622292518615723,0.460477739572525,0.45867690443992615,0.9689461588859558,0.0
219,,,,,,,,,,,,,,,,,,-24.285558700561523,2.2500000341096893e-05,-0.03636173903942108,0.1582721322774887,,,,,,,,,,,,,,9.081747055053711,0.019956111907958984,21.0,0.10493723303079605,142.49000549316406,15.993374824523926,-0.0677533745765686,0.0,0.9787394404411316,0.9866785407066345,0.9703647494316101,0.9969690442085266,0.48757433891296387,0.49325528740882874,0.9790100455284119,0.0
220,,,,,,,,,,,,,,,,,,-24.275712966918945,2.2500000341096893e-05,-0.04165222868323326,0.44740498065948486,,,,,,,,,,,,,,8.85725212097168,0.026159286499023438,21.0,0.10496016591787338,143.3800048828125,16.112215042114258,-0.06380872428417206,0.0,0.9626967310905457,0.9422604441642761,0.9297615885734558,0.9796283841133118,0.4680708348751068,0.46883630752563477,0.976180374622345,0.0
221,,,,,,,,,,,,,,,,,,-24.269466400146484,1.4999999621068127e-05,-0.037445228546857834,0.23373974859714508,,,,,,,,,,,,,,9.994609832763672,0.020437002182006836,19.0,0.10498423874378204,144.0,16.195035934448242,-0.06737623363733292,0.0,0.980492889881134,0.987023115158081,0.9808257222175598,0.996635913848877,0.4891413450241089,0.4945930540561676,0.9900997281074524,0.0
222,,,,,,,,,,,,,,,,,,-24.264816284179688,2.2500000341096893e-05,-0.029256893321871758,0.14680925011634827,,,,,,,,,,,,,,8.085844993591309,0.018208026885986328,23.0,0.10499066114425659,144.00999450683594,16.196186065673828,-0.06875497847795486,0.0,0.9750633239746094,0.9685699343681335,0.9461113810539246,0.984727144241333,0.48291659355163574,0.46821990609169006,0.9734207987785339,0.0
223,,,,,,,,,,,,,,,,,,-24.27059555053711,2.2500000341096893e-05,-0.0338410846889019,8.909278869628906,,,,,,,,,,,,,,8.317051887512207,0.026403188705444336,23.0,0.10494136065244675,143.66000366210938,16.154064178466797,-0.06664260476827621,0.0,0.9583814740180969,0.9275546073913574,0.9034450650215149,0.96112060546875,0.46029314398765564,0.450966477394104,0.9615303874015808,0.0
224,,,,,,,,,,,,,,,,,,-24.279460906982422,1.4999999621068127e-05,-0.04105314239859581,0.1718435287475586,,,,,,,,,,,,,,9.532323837280273,0.021017074584960938,20.0,0.10493146628141403,143.66000366210938,16.154064178466797,-0.06781265139579773,0.0,0.9567280411720276,0.9336974024772644,0.8978924751281738,0.9660716652870178,0.4649038314819336,0.44885602593421936,0.9525658488273621,0.0
225,,,,,,,,,,,,,,,,,,-24.27947998046875,3.3749998692655936e-05,-0.02228701300919056,3.370296001434326,,,,,,,,,,,,,,7.980128288269043,0.020807981491088867,23.0,0.10494611412286758,144.25999450683594,16.209320068359375,-0.0676109716296196,0.0,0.9558070302009583,0.929131031036377,0.8997292518615723,0.972889244556427,0.45659101009368896,0.4585014581680298,0.960209846496582,0.0
226,,,,,,,,,,,,,,,,,,-24.271984100341797,1.4999999621068127e-05,-0.032124996185302734,0.30533093214035034,,,,,,,,,,,,,,8.751836776733398,0.026216983795166016,21.0,0.10499267280101776,146.19000244140625,16.461284637451172,-0.06689226627349854,0.0,0.9517712593078613,0.9004389643669128,0.8763468265533447,0.9489095211029053,0.4504375457763672,0.4375281035900116,0.9536851048469543,0.0
227,-0.02022096887230873,0.0,0.28674718737602234,0.2653663158416748,0.2560369670391083,0.2808191180229187,0.13225434720516205,0.12643079459667206,0.28494834899902344,0.0,0.0,0.0,0.0,1.0,0.0,0.0,0.0,-24.26165199279785,3.3749998692655936e-05,-0.01770186796784401,1.4467651844024658,2.081026554107666,1.7318203449249268,0.7187293767929077,0.5941106081008911,2.0726892948150635,1.4708222150802612,0.2677478790283203,0.733171820640564,0.5638969540596008,1.8330199718475342,1.0,0.5,0.09090909361839294,9.445854187011719,0.02646923065185547,20.0,0.10503159463405609,146.3300018310547,16.48046112060547,-0.06630722433328629,0.0,0.9810016751289368,0.9866819977760315,0.9771191477775574,0.9942606091499329,0.4890347719192505,0.49472275376319885,0.9872385859489441,0.0
228,,,,,,,,,,,,,,,,,,-24.253366470336914,2.2500000341096893e-05,-0.03495529666543007,0.21821235120296478,,,,,,,,,,,,,,8.794235229492188,0.020315885543823242,21.0,0.10504841059446335,144.92999267578125,16.32696533203125,-0.06813009083271027,0.0,0.9727368354797363,0.9630687832832336,0.9508340954780579,0.9869957566261292,0.47746214270591736,0.47655513882637024,0.9836897850036621,0.0
229,,,,,,,,,,,,,,,,,,-24.240581512451172,2.2500000341096893e-05,-0.03438889607787132,9.655804634094238,,,,,,,,,,,,,,10.784688949584961,0.033043861389160156,17.0,0.10512702912092209,144.7100067138672,16.295339584350586,-0.06556353718042374,0.0,0.960920512676239,0.9349589347839355,0.9186959266662598,0.9644188284873962,0.4671591818332672,0.46083298325538635,0.966275691986084,0.0
230,,,,,,,,,,,,,,,,,,-24.221160888671875,1.4999999621068127e-05,-0.03268084675073624,0.0660649761557579,,,,,,,,,,,,,,12.858787536621094,0.025902271270751953,14.0,0.10516871511936188,144.5399932861328,16.28481674194336,-0.06581883877515793,0.0,0.9765889048576355,0.9898476600646973,0.981715977191925,0.9979298114776611,0.4912301301956177,0.496258407831192,0.9826446175575256,0.0
231,,,,,,,,,,,,,,,,,,-24.20760726928711,2.2500000341096893e-05,-0.02919359691441059,0.06491899490356445,,,,,,,,,,,,,,13.977770805358887,0.0225830078125,13.0,0.10524161159992218,145.4600067138672,16.407079696655273,-0.06659319251775742,0.0,0.9742278456687927,0.98577880859375,0.9674767851829529,0.9965813159942627,0.48478734493255615,0.4932907819747925,0.973740816116333,0.0
232,,,,,,,,,,,,,,,,,,-24.185876846313477,2.2500000341096893e-05,-0.04211951047182083,0.2668253183364868,,,,,,,,,,,,,,9.445913314819336,0.022981882095336914,20.0,0.10530723631381989,145.4600067138672,16.407079696655273,-0.06989800184965134,0.0,0.9556434750556946,0.9470682740211487,0.901441752910614,0.9793243408203125,0.44971251487731934,0.46366509795188904,0.9619529247283936,0.0
233,,,,,,,,,,,,,,,,,,-24.169815063476562,1.4999999621068127e-05,-0.03931381553411484,1.6662355661392212,,,,,,,,,,,,,,9.395426750183105,0.020962238311767578,20.0,0.10536452382802963,146.0399932861328,16.46218490600586,-0.06916121393442154,0.0,0.9302084445953369,0.9063477516174316,0.8869211673736572,0.9557914733886719,0.4425026476383209,0.45072269439697266,0.9716665148735046,0.0
234,,,,,,,,,,,,,,,,,,-24.15670394897461,1.4999999621068127e-05,-0.0354752242565155,0.11480840295553207,,,,,,,,,,,,,,9.051193237304688,0.027603864669799805,21.0,0.1053944081068039,146.0399932861328,16.46218490600586,-0.06819974631071091,0.0,0.9633014798164368,0.9726436138153076,0.9571558833122253,0.9926884770393372,0.47929301857948303,0.4864388406276703,0.9729077219963074,0.0
235,,,,,,,,,,,,,,,,,,-24.15252685546875,2.2500000341096893e-05,-0.03452542796730995,0.13157817721366882,,,,,,,,,,,,,,7.932751655578613,0.022288084030151367,24.0,0.10540005564689636,146.58999633789062,16.54869842529297,-0.07250064611434937,0.0,0.95502108335495,0.9278067946434021,0.8887333869934082,0.9623128771781921,0.46244946122169495,0.4466954171657562,0.9451654553413391,0.0
236,-0.018453560769557953,0.0,0.2575083076953888,0.24985329806804657,0.2422175258398056,0.2597564458847046,0.12422145158052444,0.12161938101053238,0.2577543556690216,0.0,0.0,0.0,0.3333333432674408,0.6666666865348816,0.0,0.0,0.0,-24.151397705078125,2.2500000341096893e-05,-0.025189755484461784,1.6488341093063354,1.525731086730957,1.1164274215698242,0.378610759973526,0.3802807331085205,1.53339684009552,0.9331156611442566,0.15927565097808838,0.4426533877849579,0.3273793160915375,1.380983829498291,1.0,0.5,0.09090909361839294,9.715280532836914,0.02112412452697754,19.0,0.10541120171546936,147.00999450683594,16.583955764770508,-0.07036646455526352,0.0,0.9674711227416992,0.9377121925354004,0.9060764312744141,0.9753791689872742,0.4622587263584137,0.4624006450176239,0.9626490473747253,0.0
237,,,,,,,,,,,,,,,,,,-24.145809173583984,1.4999999621068127e-05,-0.030765585601329803,0.4028053283691406,,,,,,,,,,,,,,9.309389114379883,0.02225208282470703,20.0,0.10544796288013458,147.00999450683594,16.583955764770508,-0.0679461732506752,0.0,0.9714859127998352,0.9506752490997314,0.9320527911186218,0.9842085242271423,0.4747886657714844,0.47045373916625977,0.9675680994987488,0.0
238,,,,,,,,,,,,,,,,,,-24.138086318969727,2.2500000341096893e-05,-0.03141393885016441,0.1086699366569519,,,,,,,,,,,,,,9.947035789489746,0.023266077041625977,19.0,0.1054672822356224,147.42999267578125,16.647764205932617,-0.07253380864858627,0.0,0.9799715876579285,0.9821329116821289,0.9641435146331787,0.9927598834037781,0.4869498908519745,0.4872225224971771,0.9733560085296631,0.0
239,,,,,,,,,,,,,,,,,,-24.132261276245117,2.2500000341096893e-05,-0.025332773104310036,0.44312506914138794,,,,,,,,,,,,,,9.84732437133789,0.02513289451599121,19.0,0.10549718141555786,148.27999877929688,16.750656127929688,-0.0682077407836914,0.0,0.9719803929328918,0.9421167969703674,0.9135244488716125,0.9782307744026184,0.4616958200931549,0.4647461175918579,0.9638897776603699,0.0
240,,,,,,,,,,,,,,,,,,-24.121313095092773,1.4999999621068127e-05,-0.04048166424036026,0.08534310013055801,,,,,,,,,,,,,,8.429160118103027,0.017333984375,22.0,0.10554048418998718,148.27999877929688,16.750656127929688,-0.06303853541612625,0.0,0.9785041809082031,0.9819855690002441,0.9374492764472961,0.9916138648986816,0.4674130976200104,0.4859830141067505,0.9616288542747498,0.0
241,,,,,,,,,,,,,,,,,,-24.115808486938477,2.2500000341096893e-05,-0.038389090448617935,1.976928949356079,,,,,,,,,,,,,,7.928280830383301,0.019046306610107422,24.0,0.10552989691495895,148.67999267578125,16.790748596191406,-0.07062773406505585,0.0,0.9391160011291504,0.9358451962471008,0.8943727612495422,0.9645980000495911,0.44139131903648376,0.46063050627708435,0.965133011341095,0.0
242,,,,,,,,,,,,,,,,,,-24.11355209350586,1.4999999621068127e-05,-0.03489016368985176,0.15925274789333344,,,,,,,,,,,,,,8.374839782714844,0.017537832260131836,22.0,0.10556148737668991,149.22000122070312,16.865158081054688,-0.06597950309515,0.0,0.9698110222816467,0.9873068928718567,0.980292797088623,0.9983997344970703,0.4839908182621002,0.49910250306129456,0.9838392734527588,0.0
243,,,,,,,,,,,,,,,,,,-24.107162475585938,2.2500000341096893e-05,-0.036799848079681396,0.058819398283958435,,,,,,,,,,,,,,8.53564167022705,0.02009415626525879,22.0,0.10557297617197037,150.35000610351562,17.0103759765625,-0.06612220406532288,0.0,0.9791803359985352,0.9914929270744324,0.9834453463554382,0.9989008903503418,0.48941802978515625,0.49865004420280457,0.9839301109313965,0.0
244,,,,,,,,,,,,,,,,,,-24.107484817504883,1.4999999621068127e-05,-0.037729378789663315,0.07967867702245712,,,,,,,,,,,,,,12.752470016479492,0.020010948181152344,15.0,0.10556168109178543,150.35000610351562,17.0103759765625,-0.06687785685062408,0.0,0.9773070812225342,0.9913007616996765,0.9865095615386963,0.9988245368003845,0.4890631139278412,0.498728483915329,0.9878352284431458,0.0
245,,,,,,,,,,,,,,,,,,-24.108489990234375,1.4999999621068127e-05,-0.03141555190086365,0.14908643066883087,,,,,,,,,,,,,,7.9862141609191895,0.01922011375427246,23.0,0.10557293146848679,150.16000366210938,17.00055694580078,-0.07153809815645218,0.0,0.9698827266693115,0.9887803196907043,0.978057324886322,0.9983925819396973,0.48684296011924744,0.4987165033817291,0.9779832363128662,0.0
246,,,,,,,,,,,,,,,,,,-24.104631423950195,2.2500000341096893e-05,-0.032321009784936905,0.12319235503673553,,,,,,,,,,,,,,7.982839107513428,0.018732070922851562,23.0,0.10559963434934616,150.86000061035156,17.088071823120117,-0.06679577380418777,0.0,0.9731277823448181,0.9844515919685364,0.9539138674736023,0.9957470893859863,0.48148807883262634,0.49237561225891113,0.9597833752632141,0.0
247,,,,,,,,,,,,,,,,,,-24.09758758544922,1.4999999621068127e-05,-0.02551591768860817,0.47438666224479675,,,,,,,,,,,,,,7.594631195068359,0.02834486961364746,25.0,0.10562603175640106,150.47000122070312,17.04290008544922,-0.06700459867715836,0.0,0.9639348983764648,0.9271180629730225,0.8893807530403137,0.9724336266517639,0.4586735665798187,0.4492269456386566,0.9527565836906433,0.0
248,,,,,,,,,,,,,,,,,,-24.095375061035156,3.3749998692655936e-05,-0.026632772758603096,0.4670255482196808,,,,,,,,,,,,,,8.135969161987305,0.0207061767578125,23.0,0.10561901330947876,151.22000122070312,17.133541107177734,-0.06614821404218674,0.0,0.945414125919342,0.8707885146141052,0.8202261924743652,0.9385282397270203,0.4343268871307373,0.4076375663280487,0.9376233220100403,0.0
249,-0.021060356870293617,0.0,0.2959290146827698,0.288268506526947,0.27869686484336853,0.29789260029792786,0.14316193759441376,0.14016257226467133,0.2939973771572113,0.0,0.0,0.0,0.3333333432674408,0.6666666865348816,0.0,0.0,0.0,-24.096086502075195,2.2500000341096893e-05,-0.024044252932071686,1.4019428491592407,1.7174568176269531,1.1671589612960815,0.3888355493545532,0.44755497574806213,1.7170137166976929,0.9668757915496826,0.1741408258676529,0.4931838810443878,0.3659806251525879,2.473215103149414,1.0,0.5,0.09090909361839294,7.602941036224365,0.018798112869262695,25.0,0.10564054548740387,149.9199981689453,16.96476173400879,-0.07397966831922531,0.0,0.9616389870643616,0.9461836218833923,0.9292710423469543,0.9782435297966003,0.4685037136077881,0.4711495339870453,0.9735997319221497,0.0
250,,,,,,,,,,,,,,,,,,-24.09035873413086,2.2500000341096893e-05,-0.040169283747673035,0.23340128362178802,,,,,,,,,,,,,,8.014240264892578,0.020094871520996094,23.0,0.10565897822380066,148.35000610351562,16.782169342041016,-0.07047386467456818,0.0,0.9831147193908691,0.9912882447242737,0.972801148891449,0.9969736933708191,0.4911617934703827,0.49520719051361084,0.9768837094306946,0.0
251,,,,,,,,,,,,,,,,,,-24.08342933654785,1.4999999621068127e-05,-0.03711521998047829,0.7932627201080322,,,,,,,,,,,,,,7.62169075012207,0.017527103424072266,25.0,0.10569188743829727,148.35000610351562,16.782169342041016,-0.07010150700807571,0.0,0.9715340733528137,0.948681652545929,0.9254922866821289,0.9817808270454407,0.46982574462890625,0.4679860770702362,0.9691874384880066,0.0
252,,,,,,,,,,,,,,,,,,-24.080263137817383,2.2500000341096893e-05,-0.03437270596623421,0.38074183464050293,,,,,,,,,,,,,,7.2070841789245605,0.017583131790161133,26.0,0.10568954050540924,148.69000244140625,16.811248779296875,-0.0694907084107399,0.0,0.976052463054657,0.9613440632820129,0.915859043598175,0.9834429621696472,0.46458685398101807,0.4734227657318115,0.949333667755127,0.0
253,,,,,,,,,,,,,,,,,,-24.077089309692383,1.4999999621068127e-05,-0.03678489848971367,1.0057284832000732,,,,,,,,,,,,,,7.01102352142334,0.017103195190429688,27.0,0.10572419315576553,148.69000244140625,16.811248779296875,-0.0700315460562706,0.0,0.9638850092887878,0.8693181872367859,0.7488778233528137,0.9275205135345459,0.39593279361724854,0.37478986382484436,0.9041520953178406,0.0
254,,,,,,,,,,,,,,,,,,-24.069656372070312,3.3749998692655936e-05,-0.03539286181330681,14.115809440612793,,,,,,,,,,,,,,7.379152774810791,0.01960301399230957,25.0,0.10575222969055176,148.64999389648438,16.786500930786133,-0.07236191630363464,-7.20009495580598e-07,0.9188811182975769,0.7360844612121582,0.6290276050567627,0.8380318284034729,0.35605645179748535,0.28635087609291077,0.876046359539032,0.0
255,,,,,,,,,,,,,,,,,,-24.064945220947266,2.2500000341096893e-05,-0.035343874245882034,14.566971778869629,,,,,,,,,,,,,,8.074056625366211,0.018326997756958008,23.0,0.10575936734676361,148.38999938964844,16.72715187072754,-0.06803559511899948,0.0,0.9638500809669495,0.9224347472190857,0.9033219218254089,0.9518159031867981,0.4641956388950348,0.45145383477211,0.9625487923622131,0.0
