iteration,Episode_Reward/action_rate,Episode_Reward/batting,Episode_Reward/failure,Episode_Reward/upright,Episode_Termination/fallen,Episode_Termination/invalid_contact,Episode_Termination/time_out,Loss/entropy,Loss/learning_rate,Loss/surrogate,Loss/value,Perf/collection_time,Perf/learning_time,Perf/total_fps,Policy/mean_std,Train/mean_episode_length,Train/mean_reward,reward/action_rate,reward/batting,reward/failure,reward/upright
0,,,,,,,,-1.3489598035812378,2.9629629352712072e-05,-0.033331651240587234,5.111636638641357,0.5212469100952148,0.02822399139404297,174.0,0.19921588897705078,14.0,-4.721781253814697,-0.005582120735198259,0.7929635643959045,-7.8125,0.9999119639396667
1,,,,,,,,-1.3654439449310303,0.0003375000087544322,-0.014556251466274261,5.148218154907227,0.5253438949584961,0.013204097747802734,178.0,0.19888050854206085,15.0,-4.701805591583252,-0.005485849920660257,1.0474031114426907e-05,-10.416666984558105,0.9997096061706543
2,,,,,,,,-1.3693792819976807,4.444444493856281e-05,-0.030485276132822037,3.0662994384765625,0.4559512138366699,0.012549877166748047,204.0,0.1990823745727539,19.44444465637207,-4.613317012786865,-0.005044787656515837,0.44860562682151794,-5.208333492279053,0.9997803568840027
3,,,,,,,,-1.371595859527588,0.0001500000071246177,-0.01268499344587326,0.23206493258476257,0.4508850574493408,0.012271881103515625,207.0,0.19851957261562347,26.5,-3.8207478523254395,-0.005302135366946459,0.5117550492286682,0.0,0.999629557132721
4,,,,,,,,-1.38847017288208,9.999999747378752e-05,-0.035042572766542435,1.2944025993347168,0.43290281295776367,0.013152122497558594,215.0,0.19848714768886566,25.727272033691406,-3.8954007625579834,-0.006206802558153868,4.3522728532252586e-08,-2.6041667461395264,0.9997158646583557
5,,,,,,,,-1.3748509883880615,0.00022499999613501132,-0.017795346677303314,0.041192878037691116,0.4298207759857178,0.01236104965209961,217.0,0.19939248263835907,25.727272033691406,-3.8954007625579834,-0.005741968750953674,8.107496896059274e-09,0.0,0.9997408986091614
6,-0.004137989599257708,0.14355380833148956,-0.8333333134651184,0.7131385803222656,0.0,0.3333333432674408,0.6666666865348816,-1.3467023372650146,9.999999747378752e-05,-0.03436208888888359,1.383755087852478,0.45818018913269043,0.01248478889465332,203.0,0.1998179703950882,35.5,-3.0524344444274902,-0.0059459335170686245,7.123091005922788e-09,-2.6041667461395264,0.9998276233673096
7,-0.003256453201174736,0.24564242362976074,-1.25,0.574847400188446,0.0,1.0,0.5,-1.3402889966964722,6.666666740784422e-05,-0.029700882732868195,2.2136757373809814,0.4557068347930908,0.012627363204956055,204.0,0.19984762370586395,36.882354736328125,-2.8921639919281006,-0.005291435867547989,0.6103408932685852,-5.208333492279053,0.9998526573181152
8,,,,,,,,-1.3448717594146729,0.0001500000071246177,-0.01901972107589245,0.044367335736751556,0.43750691413879395,0.012312173843383789,213.0,0.1995183676481247,40.38888931274414,-2.6210241317749023,-0.005513851996511221,4.9370049964636564e-05,0.0,0.9995548725128174
9,,,,,,,,-1.3533523082733154,6.666666740784422e-05,-0.03011656552553177,0.03945394977927208,0.42344188690185547,0.012564897537231445,220.0,0.19951632618904114,40.38888931274414,-2.6210241317749023,-0.0058509246446192265,6.007648607919691e-06,0.0,0.9997265934944153
10,,,,,,,,-1.352463722229004,9.999999747378752e-05,-0.019085489213466644,0.02741694636642933,0.42518091201782227,0.012038230895996094,219.0,0.19957269728183746,40.38888931274414,-2.6210241317749023,-0.0056364587508141994,1.4445321312450687e-06,0.0,0.9997569918632507
11,,,,,,,,-1.3487707376480103,6.666666740784422e-05,-0.03251766785979271,1.8201009035110474,0.4622328281402588,0.012700319290161133,202.0,0.19972951710224152,49.8636360168457,-1.9841476678848267,-0.006727829575538635,5.17136695946563e-16,-2.6041667461395264,0.9998665452003479
12,,,,,,,,-1.3426356315612793,9.999999747378752e-05,-0.023803574964404106,0.07281477004289627,0.4265408515930176,0.012101888656616211,218.0,0.19996561110019684,49.8636360168457,-1.9841476678848267,-0.00526832789182663,7.306731276912615e-05,0.0,0.9995651841163635
13,,,,,,,,-1.3388508558273315,0.0003375000087544322,-0.004308836068958044,0.022722449153661728,0.42649388313293457,0.012540817260742188,218.0,0.19988882541656494,49.8636360168457,-1.9841476678848267,-0.005751425866037607,1.5752819493286552e-08,0.0,0.9997418522834778
14,,,,,,,,-1.3385937213897705,6.666666740784422e-05,-0.010845696553587914,0.01054100040346384,0.5216579437255859,0.01519322395324707,178.0,0.20017197728157043,49.8636360168457,-1.9841476678848267,-0.005773533135652542,1.4670246422277163e-15,0.0,0.9998099207878113
15,,,,,,,,-1.3270208835601807,9.999999747378752e-05,-0.02523912489414215,0.017809387296438217,0.5513708591461182,0.015865087509155273,169.0,0.20064181089401245,57.57692337036133,-1.3730504512786865,-0.005798205733299255,9.84433028923998e-23,0.0,0.9998698234558105
16,,,,,,,,-1.3125388622283936,0.0001500000071246177,-0.016966458410024643,0.08666259795427322,0.4849982261657715,0.01392674446105957,192.0,0.2009122520685196,57.57692337036133,-1.3730504512786865,-0.0055574276484549046,0.5016574859619141,0.0,0.9995940327644348
17,,,,,,,,-1.3055058717727661,4.444444493856281e-05,-0.04186490923166275,0.005846426822245121,0.43318605422973633,0.013036966323852539,215.0,0.20108352601528168,57.57692337036133,-1.3730504512786865,-0.006222903728485107,3.0309462317745783e-07,0.0,0.9997320175170898
18,,,,,,,,-1.2999870777130127,6.666666740784422e-05,-0.021726222708821297,0.009580830112099648,0.43091297149658203,0.012490034103393555,216.0,0.2012721449136734,57.57692337036133,-1.3730504512786865,-0.0057405331172049046,9.476053703652218e-14,0.0,0.9998331069946289
19,,,,,,,,-1.2958264350891113,0.0001500000071246177,-0.01657840423285961,0.01615804247558117,0.45598888397216797,0.012571096420288086,204.0,0.201176255941391,63.233333587646484,-0.8928085565567017,-0.005671998951584101,1.848381956729415e-15,0.0,0.9998683333396912
20,,,,,,,,-1.3063364028930664,6.666666740784422e-05,-0.022424347698688507,0.25015902519226074,0.4443168640136719,0.012816190719604492,210.0,0.20070934295654297,63.233333587646484,-0.8928085565567017,-0.005809550639241934,0.9958710670471191,0.0,0.9996547698974609
21,,,,,,,,-1.319556713104248,0.0001500000071246177,-0.01649845950305462,0.0020227960776537657,0.421863317489624,0.012877702713012695,220.0,0.20040203630924225,63.233333587646484,-0.8928085565567017,-0.005534423049539328,2.5648694190749666e-07,0.0,0.9996393322944641
22,-0.0032438079360872507,0.23169243335723877,-2.5,0.5998267531394958,0.0,1.0,0.0,-1.3358945846557617,9.999999747378752e-05,-0.02357860840857029,2.4264683723449707,0.45070791244506836,0.012384176254272461,207.0,0.19976447522640228,63.03125,-1.045973539352417,-0.005384630057960749,8.497689483772265e-15,-5.208333492279053,0.9998617172241211
23,,,,,,,,-1.3640819787979126,0.00022499999613501132,-0.016455814242362976,0.006724693812429905,0.42730021476745605,0.012787818908691406,218.0,0.19872252643108368,64.1515121459961,-0.9241842031478882,-0.005200195591896772,1.6621283066342585e-05,0.0,0.9997188448905945
24,,,,,,,,-1.404396891593933,9.999999747378752e-05,-0.025745850056409836,0.0277729332447052,0.4504077434539795,0.01235508918762207,207.0,0.19769218564033508,65.20587921142578,-0.8385201096534729,-0.005981766153126955,5.904639190784655e-12,0.0,0.9998437762260437
25,,,,,,,,-1.432213544845581,6.666666740784422e-05,-0.030488934367895126,0.003716550301760435,0.4280381202697754,0.01207590103149414,218.0,0.19723615050315857,65.20587921142578,-0.8385201096534729,-0.00548321520909667,1.9649218302220106e-05,0.0,0.9997687339782715
26,,,,,,,,-1.445627212524414,9.999999747378752e-05,-0.02167040854692459,0.09194063395261765,0.45145106315612793,0.012784004211425781,206.0,0.1968652606010437,67.13888549804688,-0.6814628839492798,-0.005285925697535276,0.4148288667201996,0.0,0.9998965263366699
27,,,,,,,,-1.4644544124603271,9.999999747378752e-05,-0.01638648472726345,0.008195571601390839,0.4296557903289795,0.013211250305175781,216.0,0.1962432861328125,67.13888549804688,-0.6814628839492798,-0.005576763767749071,1.4874940461595543e-06,0.0,0.9997187256813049
28,,,,,,,,-1.4856730699539185,0.0001500000071246177,-0.014205449260771275,0.03269524872303009,0.4491310119628906,0.012499332427978516,207.0,0.19580668210983276,68.86842346191406,-0.5409114360809326,-0.004915922414511442,4.845656675911414e-08,0.0,0.9998770356178284
29,,,,,,,,-1.4968905448913574,9.999999747378752e-05,-0.017396124079823494,0.007806043606251478,0.43799924850463867,0.014285802841186523,212.0,0.19566363096237183,68.86842346191406,-0.5409114360809326,-0.004624732304364443,0.3958854675292969,0.0,0.9997153282165527
30,,,,,,,,-1.5019333362579346,0.0001500000071246177,-0.022745363414287567,0.02821238897740841,0.4725778102874756,0.012925148010253906,197.0,0.19563324749469757,70.42500305175781,-0.39448657631874084,-0.005885520949959755,6.321344814784469e-13,0.0,0.9999094605445862
31,,,,,,,,-1.508090853691101,4.444444493856281e-05,-0.02513752691447735,0.013238570652902126,0.4471762180328369,0.012649774551391602,208.0,0.1953154057264328,70.42500305175781,-0.39448657631874084,-0.005117159336805344,0.3575628101825714,0.0,0.9997446537017822
32,,,,,,,,-1.5209490060806274,0.0003375000087544322,-0.015885189175605774,0.02782398648560047,0.44847679138183594,0.012556076049804688,208.0,0.19481328129768372,71.83333587646484,-0.2628878951072693,-0.005278889089822769,9.00403362980029e-10,0.0,0.9998867511749268
33,,,,,,,,-1.556852102279663,6.666666740784422e-05,-0.02370700240135193,0.0192201416939497,0.4344451427459717,0.012874841690063477,214.0,0.19379529356956482,71.83333587646484,-0.2628878951072693,-0.005149186588823795,0.412928968667984,0.0,0.9997264742851257
34,,,,,,,,-1.5805280208587646,0.0001500000071246177,-0.027923770248889923,3.6982333660125732,0.4471468925476074,0.012599706649780273,208.0,0.1934097856283188,72.82221984863281,-0.20867304503917694,-0.005333939101547003,5.868883712345507e-10,-2.6041667461395264,0.9999043345451355
35,,,,,,,,-1.5907366275787354,6.666666740784422e-05,-0.015754451975226402,0.04064632207155228,0.44101715087890625,0.013028860092163086,211.0,0.19319802522659302,72.82221984863281,-0.20867304503917694,-0.005074766464531422,0.8526459336280823,0.0,0.9997302889823914
36,,,,,,,,-1.5970346927642822,0.0001500000071246177,-0.02079465612769127,0.014734254218637943,0.44342875480651855,0.013222217559814453,210.0,0.1929757297039032,73.41304016113281,-0.1609078198671341,-0.005462975706905127,9.71052600107214e-07,0.0,0.9997839331626892
37,,,,,,,,-1.6149365901947021,0.00022499999613501132,-0.022050151601433754,0.01159858051687479,0.42714595794677734,0.012914896011352539,218.0,0.1920420527458191,73.41304016113281,-0.1609078198671341,-0.005666185170412064,0.4388371407985687,0.0,0.9998125433921814
38,,,,,,,,-1.640049934387207,6.666666740784422e-05,-0.02443806454539299,0.008302533999085426,0.44472408294677734,0.012681961059570312,209.0,0.1917477548122406,74.52083587646484,-0.03721694275736809,-0.005423752125352621,7.114579931580708e-19,0.0,0.9999058246612549
39,,,,,,,,-1.6515012979507446,9.999999747378752e-05,-0.012872008606791496,0.04035983607172966,0.44979000091552734,0.013322114944458008,207.0,0.1913706660270691,75.04081726074219,0.004130202811211348,-0.004992750007659197,0.459867000579834,0.0,0.9998154044151306
40,,,,,,,,-1.663545846939087,9.999999747378752e-05,-0.023727118968963623,0.00941185001283884,0.44385528564453125,0.013135671615600586,210.0,0.19123245775699615,75.54000091552734,0.06068548560142517,-0.0050551737658679485,3.1632163882022724e-05,0.0,0.9997515678405762
41,,,,,,,,-1.6688246726989746,4.444444493856281e-05,-0.018580425530672073,0.01043020375072956,0.4286808967590332,0.012302160263061523,217.0,0.19107796251773834,75.54000091552734,0.06068548560142517,-0.0053966715931892395,0.42477941513061523,0.0,0.9998340606689453
42,,,,,,,,-1.670637607574463,0.0001500000071246177,-0.013459229841828346,0.00455500790849328,0.4275379180908203,0.012784242630004883,218.0,0.191306471824646,76.01960754394531,0.115835040807724,-0.0045168581418693066,1.6447030642738862e-17,0.0,0.9998916983604431
43,,,,,,,,-1.6628161668777466,4.444444493856281e-05,-0.03395530581474304,0.02178196609020233,0.45401978492736816,0.012567996978759766,205.0,0.1913192868232727,76.92453002929688,0.1865333765745163,-0.0054980553686618805,0.0,0.0,0.9998789429664612
44,,,,,,,,-1.6674870252609253,0.0003375000087544322,-0.012755066156387329,0.009789484553039074,0.44005489349365234,0.013401985168457031,211.0,0.19088700413703918,77.35185241699219,0.23502670228481293,-0.004843636881560087,8.990711535261653e-07,0.0,0.9997474551200867
45,,,,,,,,-1.682971715927124,4.444444493856281e-05,-0.011197841726243496,0.005888300947844982,0.4276468753814697,0.012962102890014648,217.0,0.19068622589111328,77.35185241699219,0.23502670228481293,-0.005900179967284203,5.7277928060261996e-12,0.0,0.9998947978019714
46,,,,,,,,-1.6785789728164673,0.0001500000071246177,-0.006253694649785757,0.001940909307450056,0.43392086029052734,0.012322187423706055,215.0,0.19105525314807892,77.35185241699219,0.23502670228481293,-0.004559990484267473,1.2436632914614165e-06,0.0,0.9999340176582336
47,-0.005327931139618158,2.8770463700311666e-07,0.0,0.9998709559440613,0.0,0.0,1.0,-1.671730637550354,4.444444493856281e-05,-0.021276388317346573,0.01494990848004818,0.46061182022094727,0.012348175048828125,202.0,0.19087088108062744,78.54386138916016,0.3273456394672394,-0.004828914534300566,1.6528436605489638e-11,0.0,0.9999389052391052
48,,,,,,,,-1.685110092163086,0.00022499999613501132,-0.013305897824466228,0.025671470910310745,0.44084620475769043,0.013557910919189453,211.0,0.19013777375221252,78.9137954711914,0.35600531101226807,-0.005270353052765131,0.9517789483070374,0.0,0.9996404051780701
49,,,,,,,,-1.712939739227295,4.444444493856281e-05,-0.03260302171111107,0.0063573336228728294,0.4378960132598877,0.013108968734741211,212.0,0.18971988558769226,78.9137954711914,0.35600531101226807,-0.005029588472098112,7.097471346534032e-14,0.0,0.9998782277107239
50,,,,,,,,-1.713587999343872,0.0001500000071246177,-0.010975176468491554,0.0016883454518392682,0.4306168556213379,0.013332366943359375,216.0,0.1900472640991211,78.9137954711914,0.35600531101226807,-0.005138918291777372,2.409014765447637e-09,0.0,0.9998838305473328
51,,,,,,,,-1.7003529071807861,6.666666740784422e-05,-0.03042074479162693,0.032337646931409836,0.4646308422088623,0.012341022491455078,201.0,0.19028036296367645,79.95082092285156,0.4663006067276001,-0.004612491931766272,0.43170568346977234,0.0,0.99993497133255
52,,,,,,,,-1.7059229612350464,0.0001500000071246177,-0.018810003995895386,0.016950145363807678,0.42734408378601074,0.01311492919921875,217.0,0.1895827353000641,79.95082092285156,0.4663006067276001,-0.005343839526176453,0.47757360339164734,0.0,0.9995913505554199
53,,,,,,,,-1.7371776103973389,6.666666740784422e-05,-0.02510707825422287,0.032044727355241776,0.4381141662597656,0.012694120407104492,212.0,0.18897660076618195,80.2741928100586,0.4908747673034668,-0.005617669317871332,0.513585090637207,0.0,0.9998319149017334
54,,,,,,,,-1.7511775493621826,6.666666740784422e-05,-0.02657962590456009,0.0018795307260006666,0.42061901092529297,0.012656927108764648,221.0,0.1888323277235031,80.2741928100586,0.4908747673034668,-0.005360024515539408,3.904155844764288e-24,0.0,0.9997972846031189
55,,,,,,,,-1.7518445253372192,9.999999747378752e-05,-0.021281318739056587,0.009909207001328468,0.4587569236755371,0.013500213623046875,203.0,0.18906839191913605,81.18461608886719,0.5868642330169678,-0.004988076165318489,6.265368540821215e-14,0.0,0.9999186992645264
56,,,,,,,,-1.7412986755371094,6.666666740784422e-05,-0.02139725722372532,0.021265730261802673,0.42589616775512695,0.013011932373046875,218.0,0.18930916488170624,81.18461608886719,0.5868642330169678,-0.005879707168787718,0.3871895372867584,0.0,0.9996895790100098
57,,,,,,,,-1.7414551973342896,0.0001500000071246177,-0.018436135724186897,0.005911108572036028,0.4424471855163574,0.012940645217895508,210.0,0.1890440732240677,81.46969604492188,0.6230490803718567,-0.005074518267065287,5.063669163973827e-07,0.0,0.9998124241828918
58,,,,,,,,-1.7520300149917603,6.666666740784422e-05,-0.022004563361406326,0.014133323915302753,0.43110179901123047,0.012849092483520508,216.0,0.18892133235931396,81.46969604492188,0.6230490803718567,-0.0051209814846515656,0.552243709564209,0.0,0.9998088479042053
59,,,,,,,,-1.7572394609451294,9.999999747378752e-05,-0.008624972775578499,0.008401305414736271,0.4476511478424072,0.013251781463623047,208.0,0.18862824141979218,82.27536010742188,0.6932245492935181,-0.005692964885383844,4.248263108959536e-21,0.0,0.9999120235443115
60,,,,,,,,-1.7670011520385742,9.999999747378752e-05,-0.01932387985289097,0.04034005478024483,0.44933199882507324,0.013170957565307617,207.0,0.18853768706321716,82.27536010742188,0.6932245492935181,-0.005473099183291197,0.937475860118866,0.0,0.9997361302375793
61,,,,,,,,-1.7593201398849487,9.999999747378752e-05,-0.02600075863301754,0.004212244879454374,0.43642210960388184,0.013484954833984375,213.0,0.18898537755012512,82.52857208251953,0.7268528342247009,-0.005481985863298178,2.4547944121877663e-06,0.0,0.9997738003730774
62,,,,,,,,-1.7474861145019531,0.0001500000071246177,-0.02164546400308609,0.008257290348410606,0.43176984786987305,0.012800931930541992,215.0,0.18907374143600464,82.52857208251953,0.7268528342247009,-0.004530768841505051,0.008675764314830303,0.0,0.999859094619751
63,,,,,,,,-1.7526308298110962,9.999999747378752e-05,-0.025730464607477188,0.004737593699246645,0.4405519962310791,0.012978315353393555,211.0,0.18860994279384613,83.01388549804688,0.7726617455482483,-0.005316243972629309,0.0,0.0,0.9999253153800964
64,,,,,,,,-1.7618430852890015,6.666666740784422e-05,-0.02996225096285343,0.02877015992999077,0.44906020164489746,0.013034820556640625,207.0,0.18868234753608704,83.24657440185547,0.8034060597419739,-0.004693132359534502,0.44054439663887024,0.0,0.9998298287391663
65,,,,,,,,-1.7552093267440796,6.666666740784422e-05,-0.018062511458992958,0.005980827379971743,0.4396169185638428,0.012070178985595703,212.0,0.18894550204277039,83.47297668457031,0.819664478302002,-0.004797080531716347,2.2678707409795607e-06,0.0,0.9997360706329346
66,,,,,,,,-1.7469244003295898,0.0001500000071246177,-0.012641442939639091,0.007978390902280807,0.442075252532959,0.01404881477355957,210.0,0.18924032151699066,83.47297668457031,0.819664478302002,-0.0048819840885698795,0.3854122459888458,0.0,0.9998319745063782
67,,,,,,,,-1.7392520904541016,9.999999747378752e-05,-0.020726824179291725,0.0021677296608686447,0.45406007766723633,0.013430118560791016,205.0,0.189287006855011,83.6933364868164,0.8352702856063843,-0.004638883750885725,7.904346001805226e-20,0.0,0.99989253282547
68,,,,,,,,-1.7455081939697266,6.666666740784422e-05,-0.027200132608413696,0.04519859328866005,0.46064305305480957,0.013100862503051758,202.0,0.18893612921237946,84.11688232421875,0.8762605786323547,-0.005262203514575958,0.5276820063591003,0.0,0.9998952746391296
69,,,,,,,,-1.7611687183380127,9.999999747378752e-05,-0.022162090986967087,0.007991943508386612,0.4367198944091797,0.012947320938110352,213.0,0.1883840709924698,84.32051086425781,0.9000131487846375,-0.005187832284718752,1.3111727639625315e-05,0.0,0.9997172951698303
70,,,,,,,,-1.778979778289795,6.666666740784422e-05,-0.025937719270586967,0.0073935468681156635,0.4275631904602051,0.014100074768066406,217.0,0.18817679584026337,84.32051086425781,0.9000131487846375,-0.00497038708999753,9.905613135297031e-11,0.0,0.9998912811279297
71,,,,,,,,-1.7836284637451172,6.666666740784422e-05,-0.015001305378973484,0.0015846560709178448,0.42858409881591797,0.012846946716308594,217.0,0.18809911608695984,84.32051086425781,0.9000131487846375,-0.004709587898105383,7.105713351052145e-09,0.0,0.9999065399169922
72,-0.004937088117003441,0.16886241734027863,0.0,0.9998531937599182,0.0,0.0,1.0,-1.7845038175582886,6.666666740784422e-05,-0.020719312131404877,0.0323687382042408,0.45880603790283203,0.012418031692504883,203.0,0.18816614151000977,84.90123748779297,0.9528851509094238,-0.004792057443410158,0.48645201325416565,0.0,0.9999308586120605
73,,,,,,,,-1.7822718620300293,0.0001500000071246177,-0.008811777457594872,0.02246589958667755,0.43037915229797363,0.013092994689941406,216.0,0.18822678923606873,85.08536529541016,0.9655334949493408,-0.004427364561706781,0.5038946270942688,0.0,0.9996783137321472
74,,,,,,,,-1.78069269657135,0.0001500000071246177,-0.028649000450968742,0.007827255874872208,0.438946008682251,0.013374090194702148,212.0,0.18814632296562195,85.08536529541016,0.9655334949493408,-0.0050512743182480335,7.112466171577125e-10,0.0,0.9999021887779236
75,,,,,,,,-1.7891170978546143,9.999999747378752e-05,-0.016998201608657837,0.002195743378251791,0.42528510093688965,0.013684988021850586,218.0,0.18775597214698792,85.08536529541016,0.9655334949493408,-0.0047780475579202175,8.041734389507837e-08,0.0,0.9999096989631653
76,,,,,,,,-1.787951111793518,9.999999747378752e-05,-0.022420717403292656,0.006559370085597038,0.4596669673919678,0.013396024703979492,202.0,0.1883733719587326,85.61176300048828,1.0240761041641235,-0.004804979544132948,7.554453590463694e-12,0.0,0.9999544024467468
77,,,,,,,,-1.7582405805587769,0.00022499999613501132,-0.02061467245221138,0.004692802671343088,0.43244004249572754,0.01281595230102539,215.0,0.1892222762107849,85.61176300048828,1.0240761041641235,-0.00450761616230011,0.08049014955759048,0.0,0.9997401237487793
78,,,,,,,,-1.7347379922866821,4.444444493856281e-05,-0.03734000399708748,0.0021879184059798717,0.43880295753479004,0.013620853424072266,212.0,0.18943850696086884,85.77906799316406,1.03529691696167,-0.005016079638153315,0.13014861941337585,0.0,0.9998963475227356
79,,,,,,,,-1.7335509061813354,6.666666740784422e-05,-0.0208012443035841,0.00031458368175663054,0.43335700035095215,0.01294708251953125,215.0,0.1893259435892105,85.77906799316406,1.03529691696167,-0.0049927495419979095,2.7293805778851044e-13,0.0,0.9998846054077148
80,,,,,,,,-1.7341587543487549,0.00022499999613501132,-0.023761019110679626,0.004066032357513905,0.47617506980895996,0.01364898681640625,195.0,0.18974122405052185,86.25843048095703,1.0692272186279297,-0.005112838465720415,1.8652213570318995e-20,0.0,0.9999658465385437
81,,,,,,,,-1.7135289907455444,6.666666740784422e-05,-0.022928006947040558,0.0027090085204690695,0.42363595962524414,0.013612031936645508,219.0,0.19028563797473907,86.25843048095703,1.0692272186279297,-0.005192980170249939,0.10414174944162369,0.0,0.9997518062591553
82,,,,,,,,-1.6992486715316772,9.999999747378752e-05,-0.01727079227566719,0.0020275285933166742,0.44640684127807617,0.013716936111450195,208.0,0.19076785445213318,86.4111099243164,1.0822197198867798,-0.005049159284681082,0.0,0.0,0.9998769164085388
83,,,,,,,,-1.6877540349960327,0.0001500000071246177,-0.017445288598537445,0.007064480800181627,0.42255687713623047,0.013958930969238281,219.0,0.19074276089668274,86.4111099243164,1.0822197198867798,-0.005150908604264259,0.3074014484882355,0.0,0.9998559951782227
84,,,,,,,,-1.6878697872161865,6.666666740784422e-05,-0.022946668788790703,0.0029712438117712736,0.4467589855194092,0.01357579231262207,208.0,0.19093821942806244,86.8494644165039,1.113642930984497,-0.0048902519047260284,1.5144130863079842e-14,0.0,0.9999546408653259
85,,,,,,,,-1.6790375709533691,6.666666740784422e-05,-0.01836908422410488,0.003718405729159713,0.44303369522094727,0.013330221176147461,210.0,0.19117963314056396,86.8494644165039,1.113642930984497,-0.004826919641345739,0.0003231460286770016,0.0,0.9998199343681335
86,,,,,,,,-1.6727745532989502,6.666666740784422e-05,-0.015310889109969139,0.0013228848110884428,0.4393131732940674,0.013267993927001953,212.0,0.19127967953681946,86.98936462402344,1.1292479038238525,-0.00474750017747283,0.0003013279929291457,0.0,0.9998610019683838
87,,,,,,,,-1.6768908500671387,6.666666740784422e-05,-0.021991850808262825,0.019819237291812897,0.42544007301330566,0.013324737548828125,218.0,0.19092977046966553,86.98936462402344,1.1292479038238525,-0.004858683329075575,0.3645515441894531,0.0,0.9998770356178284
88,,,,,,,,-1.6891247034072876,9.999999747378752e-05,-0.021716531366109848,0.0017289003590121865,0.43857407569885254,0.01331472396850586,212.0,0.1907258778810501,87.26041412353516,1.1472007036209106,-0.005293186753988266,2.5184390560626234e-18,0.0,0.9999557137489319
89,,,,,,,,-1.6859811544418335,6.666666740784422e-05,-0.021252958104014397,0.012519474141299725,0.44975805282592773,0.013313055038452148,207.0,0.19115248322486877,87.39175415039062,1.1558693647384644,-0.005525334272533655,0.23935891687870026,0.0,0.9998703002929688
90,,,,,,,,-1.668068528175354,9.999999747378752e-05,-0.015831531956791878,0.002089384011924267,0.4420909881591797,0.01188206672668457,211.0,0.19176024198532104,87.5204086303711,1.1715186834335327,-0.004844326991587877,0.0006328186136670411,0.0,0.999796450138092
91,,,,,,,,-1.6527162790298462,9.999999747378752e-05,-0.029177026823163033,0.0018601339543238282,0.41959500312805176,0.013796091079711914,221.0,0.1918642818927765,87.5204086303711,1.1715186834335327,-0.00547558581456542,0.0001133513287641108,0.0,0.9999164938926697
92,,,,,,,,-1.6591652631759644,9.999999747378752e-05,-0.017868390306830406,0.0014806652907282114,0.4326059818267822,0.012745141983032227,215.0,0.19146192073822021,87.6464614868164,1.1797887086868286,-0.0051230741664767265,2.865980968635995e-05,0.0,0.9999339580535889
93,,,,,,,,-1.6705646514892578,6.666666740784422e-05,-0.026485305279493332,0.0038745589554309845,0.45993709564208984,0.013931989669799805,202.0,0.19139167666435242,88.63999938964844,1.2597898244857788,-0.00469982111826539,1.6278582350518943e-25,0.0,0.9999101161956787
94,,,,,,,,-1.6741256713867188,0.0001500000071246177,-0.010428693145513535,0.0015235308092087507,0.44286298751831055,0.013090133666992188,210.0,0.1912163347005844,89.51000213623047,1.3271123170852661,-0.005298794712871313,0.000547522387932986,0.0,0.9997732043266296
95,,,,,,,,-1.679909348487854,6.666666740784422e-05,-0.029399845749139786,0.025482328608632088,0.4322679042816162,0.013645172119140625,215.0,0.19121602177619934,89.51000213623047,1.3271123170852661,-0.005262427031993866,0.35903024673461914,0.0,0.9998879432678223
96,,,,,,,,-1.6771775484085083,6.666666740784422e-05,-0.018529850989580154,0.0005880616372451186,0.42674994468688965,0.014352798461914062,217.0,0.19130727648735046,89.51000213623047,1.3271123170852661,-0.005239717196673155,7.063090639193982e-16,0.0,0.9999008178710938
97,-0.005081790033727884,0.00017520728579256684,0.0,0.9998824000358582,0.0,0.0,1.0,-1.6765244007110596,0.00022499999613501132,-0.015335007570683956,0.030575331300497055,0.460737943649292,0.013072967529296875,202.0,0.19124989211559296,92.05000305175781,1.5276646614074707,-0.005429367069154978,0.4084271192550659,0.0,0.9999244213104248
98,,,,,,,,-1.6762299537658691,0.0001500000071246177,-0.01992838643491268,0.01635945960879326,0.43635988235473633,0.013437271118164062,213.0,0.19142600893974304,92.9000015258789,1.601460576057434,-0.005396214779466391,0.7854318618774414,0.0,0.9995998740196228
99,,,,,,,,-1.6797150373458862,0.0001500000071246177,-0.025535298511385918,0.004790332168340683,0.4390377998352051,0.014057159423828125,211.0,0.19084712862968445,92.9000015258789,1.601460576057434,-0.004740906413644552,0.3231177031993866,0.0,0.9998765587806702
100,,,,,,,,-1.707273006439209,0.0001500000071246177,-0.014069223776459694,0.00037110966513864696,0.42546606063842773,0.012594938278198242,219.0,0.19005811214447021,92.9000015258789,1.601460576057434,-0.005878767464309931,0.0,0.0,0.9998236298561096
101,,,,,,,,-1.7356780767440796,0.0001500000071246177,-0.02316216379404068,0.005964756943285465,0.4585859775543213,0.013098001480102539,203.0,0.18950259685516357,95.0199966430664,1.8165273666381836,-0.005296385381370783,0.0,0.0,0.9999209046363831
102,,,,,,,,-1.7591190338134766,6.666666740784422e-05,-0.039577219635248184,0.02641119435429573,0.4278380870819092,0.013489961624145508,217.0,0.18902210891246796,95.0199966430664,1.8165273666381836,-0.004243695642799139,0.0010635688668116927,0.0,0.9997138381004333
103,,,,,,,,-1.777977705001831,6.666666740784422e-05,-0.029615798965096474,0.006094756536185741,0.44587278366088867,0.013849258422851562,208.0,0.18858754634857178,95.12000274658203,1.809517502784729,-0.004833620507270098,2.961048949146061e-06,0.0,0.9998915791511536
104,,,,,,,,-1.7813026905059814,0.0003375000087544322,-0.009129074402153492,0.0023501913528889418,0.4296379089355469,0.013276815414428711,216.0,0.18915650248527527,95.12000274658203,1.809517502784729,-0.005431648343801498,5.781135314464336e-06,0.0,0.999880850315094
105,,,,,,,,-1.7560632228851318,9.999999747378752e-05,-0.016798362135887146,0.0028631037566810846,0.4594731330871582,0.013222932815551758,203.0,0.1897011697292328,96.80000305175781,1.9343788623809814,-0.005314892623573542,1.4846674237234403e-11,0.0,0.9999473094940186
106,,,,,,,,-1.7556809186935425,0.0001500000071246177,-0.017647920176386833,0.041919831186532974,0.43398618698120117,0.013595104217529297,214.0,0.18935807049274445,96.80000305175781,1.9343788623809814,-0.004764156881719828,0.8629567623138428,0.0,0.9996792674064636
107,,,,,,,,-1.7676845788955688,4.444444493856281e-05,-0.03608773648738861,0.005168638192117214,0.4384140968322754,0.014119863510131836,212.0,0.18922141194343567,96.80000305175781,1.9343994855880737,-0.004904889035969973,1.5581374510013936e-24,0.0,0.9998116493225098
108,,,,,,,,-1.7683939933776855,0.00022499999613501132,-0.024455593898892403,0.003888983279466629,0.43531084060668945,0.01371002197265625,213.0,0.1894010305404663,96.80000305175781,1.9343994855880737,-0.004809042438864708,0.0001936042244778946,0.0,0.9998385906219482
109,,,,,,,,-1.7461167573928833,9.999999747378752e-05,-0.019851135089993477,0.0021310618612915277,0.44446611404418945,0.013007879257202148,209.0,0.1903039515018463,98.5,2.0749809741973877,-0.004833698738366365,1.0324144872342345e-09,0.0,0.9999096393585205
110,,,,,,,,-1.7185567617416382,4.444444493856281e-05,-0.014723340049386024,0.027929965406656265,0.4440922737121582,0.01397085189819336,209.0,0.19069144129753113,98.5,2.0749809741973877,-0.004843739327043295,0.3608572483062744,0.0,0.999750554561615
111,,,,,,,,-1.7059223651885986,9.999999747378752e-05,-0.021444715559482574,0.0016766319749876857,0.4403560161590576,0.013395071029663086,211.0,0.19108881056308746,98.5,2.0750057697296143,-0.004893591161817312,0.00015081434685271233,0.0,0.9998044967651367
112,,,,,,,,-1.6943316459655762,0.0003375000087544322,-0.01564127579331398,0.019108077511191368,0.42585301399230957,0.013055086135864258,218.0,0.1911722868680954,98.5,2.0750057697296143,-0.0056733638048172,0.4122532904148102,0.0,0.9998118281364441
113,,,,,,,,-1.692576289176941,6.666666740784422e-05,-0.03054259903728962,0.0021453264635056257,0.44422197341918945,0.013058900833129883,209.0,0.19136783480644226,98.5,2.0702314376831055,-0.005063200835138559,1.4264618187964724e-20,0.0,0.9998917579650879
114,,,,,,,,-1.6878290176391602,4.444444493856281e-05,-0.025267358869314194,0.02486182004213333,0.4405348300933838,0.012402057647705078,211.0,0.19137422740459442,98.5,2.0702462196350098,-0.004963928367942572,0.015216297470033169,0.0,0.999819278717041
115,,,,,,,,-1.686836838722229,6.666666740784422e-05,-0.01549843791872263,0.003579737152904272,0.4459660053253174,0.012941837310791016,209.0,0.19156768918037415,98.80000305175781,2.1341519355773926,-0.006076934281736612,5.4038984671933576e-05,0.0,0.9997487664222717
116,,,,,,,,-1.6859606504440308,0.0001500000071246177,-0.02018851973116398,0.005524961743503809,0.43111491203308105,0.012766122817993164,216.0,0.19126637279987335,98.80000305175781,2.1341519355773926,-0.004950576927512884,0.03508193418383598,0.0,0.999854326248169
117,,,,,,,,-1.7034112215042114,0.0001500000071246177,-0.018496524542570114,0.0009357591043226421,0.43411993980407715,0.013949871063232422,214.0,0.1909739375114441,98.80000305175781,2.1343488693237305,-0.005595743656158447,3.2356244994807996e-18,0.0,0.99990314245224
118,,,,,,,,-1.7147612571716309,6.666666740784422e-05,-0.01706562750041485,0.05019037798047066,0.4598560333251953,0.012681007385253906,203.0,0.19053129851818085,98.80000305175781,2.1344728469848633,-0.005347657948732376,0.7750717997550964,0.0,0.999858558177948
119,,,,,,,,-1.7335799932479858,0.0001500000071246177,-0.020871952176094055,0.007900925353169441,0.4449899196624756,0.013794898986816406,209.0,0.19009177386760712,98.80000305175781,2.135157346725464,-0.004855774808675051,0.4042164385318756,0.0,0.9995792508125305
120,,,,,,,,-1.7403700351715088,9.999999747378752e-05,-0.023897310718894005,0.005328344646841288,0.42481303215026855,0.013046741485595703,219.0,0.19047896564006805,98.80000305175781,2.135157346725464,-0.004824893549084663,7.942585943965241e-05,0.0,0.9998562932014465
121,,,,,,,,-1.7199084758758545,0.0001500000071246177,-0.012660392560064793,0.0011627591447904706,0.42337799072265625,0.013921976089477539,219.0,0.19109956920146942,98.80000305175781,2.135157346725464,-0.0046541146002709866,4.5381140807876363e-05,0.0,0.9998548626899719
122,-0.004996633622795343,0.37737223505973816,0.0,0.9997751712799072,0.0,0.0,1.0,-1.702150821685791,6.666666740784422e-05,-0.02763652801513672,0.02501879259943962,0.46071600914001465,0.013465166091918945,202.0,0.1911524087190628,98.80000305175781,2.1482136249542236,-0.005741734057664871,0.34808167815208435,0.0,0.9999105334281921
123,,,,,,,,-1.6995457410812378,4.444444493856281e-05,-0.018436644226312637,0.0042096213437616825,0.4325389862060547,0.013743162155151367,215.0,0.1912902593612671,98.80000305175781,2.1482348442077637,-0.005795275792479515,0.0003145818773191422,0.0,0.9996843934059143
124,,,,,,,,-1.693029522895813,0.00022499999613501132,-0.010595668107271194,0.006825265008956194,0.4373738765716553,0.012643814086914062,213.0,0.19156555831432343,98.80000305175781,2.1482348442077637,-0.005130622535943985,0.028974873945116997,0.0,0.9998815655708313
125,,,,,,,,-1.6843284368515015,0.0005062500131316483,-0.024386091157794,0.0011259733000770211,0.42325806617736816,0.013865947723388672,219.0,0.19199597835540771,98.80000305175781,2.1482348442077637,-0.005615645553916693,6.54395685131603e-17,0.0,0.9998342394828796
126,,,,,,,,-1.6836453676223755,9.999999747378752e-05,-0.0281289741396904,0.02345273271203041,0.4631359577178955,0.013746976852416992,201.0,0.1919233202934265,99.5999984741211,2.2517125606536865,-0.005309468135237694,0.33343470096588135,0.0,0.9999189376831055
127,,,,,,,,-1.684274435043335,9.999999747378752e-05,-0.029060345143079758,0.006334759294986725,0.4246859550476074,0.013920068740844727,218.0,0.19234244525432587,99.5999984741211,2.2517125606536865,-0.004901848267763853,0.00023082771804183722,0.0,0.9996741414070129
128,,,,,,,,-1.6743253469467163,9.999999747378752e-05,-0.014960712753236294,0.0027238349430263042,0.4334080219268799,0.014304161071777344,214.0,0.19250492751598358,99.5999984741211,2.2522823810577393,-0.004701117519289255,5.063457138021477e-07,0.0,0.9998819231987
129,,,,,,,,-1.6698908805847168,6.666666740784422e-05,-0.019605213776230812,0.000880204897839576,0.4307236671447754,0.014976978302001953,215.0,0.19267359375953674,99.5999984741211,2.2522823810577393,-0.005685534793883562,9.12577161216177e-05,0.0,0.9998790621757507
130,,,,,,,,-1.6645078659057617,6.666666740784422e-05,-0.02606174908578396,0.0012711073504760861,0.4698910713195801,0.013545989990234375,198.0,0.19266001880168915,99.5999984741211,2.2587084770202637,-0.005561332684010267,2.1675285177824577e-10,0.0,0.999950110912323
131,,,,,,,,-1.6676465272903442,6.666666740784422e-05,-0.019723711535334587,0.047002632170915604,0.43093085289001465,0.013305902481079102,216.0,0.19246156513690948,99.5999984741211,2.2587084770202637,-0.005342341493815184,0.6400293707847595,0.0,0.9997189044952393
132,,,,,,,,-1.6777883768081665,0.0001500000071246177,-0.021919671446084976,0.0011694617569446564,0.4377920627593994,0.014284849166870117,212.0,0.19214288890361786,99.5999984741211,2.258716583251953,-0.005460244137793779,1.4134474440652411e-05,0.0,0.9998605251312256
133,,,,,,,,-1.6879879236221313,9.999999747378752e-05,-0.02243621274828911,0.002237096196040511,0.42652177810668945,0.013396263122558594,218.0,0.19218245148658752,99.5999984741211,2.258716583251953,-0.005615232512354851,0.001539279124699533,0.0,0.9998762011528015
134,,,,,,,,-1.6818678379058838,0.00022499999613501132,-0.022633064538240433,0.002301214961335063,0.6270380020141602,0.013648033142089844,149.0,0.19273993372917175,99.5999984741211,2.2630200386047363,-0.005259246099740267,3.0933464123528154e-10,0.0,0.9999344348907471
135,,,,,,,,-1.662550449371338,4.444444493856281e-05,-0.02377709560096264,0.03654647618532181,0.5209310054779053,0.015147924423217773,179.0,0.19299638271331787,99.5999984741211,2.2630200386047363,-0.005906898528337479,0.3085798919200897,0.0,0.9997815489768982
136,,,,,,,,-1.6609776020050049,9.999999747378752e-05,-0.01174225751310587,0.0025266017764806747,0.4598410129547119,0.013782978057861328,202.0,0.19289030134677887,99.5999984741211,2.25544810295105,-0.004988906905055046,0.0,0.0,0.9998096823692322
137,,,,,,,,-1.6657096147537231,0.0001500000071246177,-0.01848863996565342,0.003006245940923691,0.4289741516113281,0.013593673706054688,216.0,0.19283394515514374,99.5999984741211,2.25544810295105,-0.0052962233312428,7.446329254889861e-05,0.0,0.9998903274536133
138,,,,,,,,-1.677306890487671,6.666666740784422e-05,-0.02317677065730095,0.0014671141980215907,0.45421600341796875,0.014183759689331055,204.0,0.19238871335983276,99.5999984741211,2.2543656826019287,-0.0058909072540700436,1.1062593330279924e-07,0.0,0.9999275803565979
139,,,,,,,,-1.693908452987671,6.666666740784422e-05,-0.018664108589291573,0.033332373946905136,0.4510619640350342,0.014207124710083008,206.0,0.19212095439434052,100.0,2.30452036857605,-0.005187632516026497,0.3169920742511749,0.0,0.9998419284820557
140,,,,,,,,-1.7095600366592407,0.0001500000071246177,-0.014037844724953175,0.002126171952113509,0.44101881980895996,0.013670206069946289,211.0,0.19144374132156372,100.0,2.3045294284820557,-0.005298411473631859,0.00018742168322205544,0.0,0.9997496604919434
141,,,,,,,,-1.7421410083770752,9.999999747378752e-05,-0.026113035157322884,0.0035145918373018503,0.4227609634399414,0.01336812973022461,220.0,0.19062606990337372,100.0,2.3045294284820557,-0.0048097483813762665,0.0005459547974169254,0.0,0.9998950958251953
142,,,,,,,,-1.7583281993865967,9.999999747378752e-05,-0.01792527176439762,0.0012736150529235601,0.4239170551300049,0.012910127639770508,219.0,0.19057771563529968,100.0,2.296477794647217,-0.005457149352878332,2.4188324459828436e-05,0.0,0.999912440776825
143,,,,,,,,-1.7602366209030151,6.666666740784422e-05,-0.02462862990796566,0.04875585064291954,0.46007442474365234,0.013331890106201172,202.0,0.19041593372821808,100.0,2.29424786567688,-0.005828118417412043,0.38297370076179504,0.0,0.9998772740364075
144,,,,,,,,-1.767305612564087,0.0001500000071246177,-0.018526069819927216,0.0038079111836850643,0.44501781463623047,0.014924049377441406,208.0,0.19045622646808624,100.0,2.2858314514160156,-0.005352354142814875,0.0007070128922350705,0.0,0.9997014999389648
145,,,,,,,,-1.7680377960205078,9.999999747378752e-05,-0.019373739138245583,0.004184641409665346,0.5007309913635254,0.02024102210998535,184.0,0.19057777523994446,100.0,2.2858314514160156,-0.005580190569162369,7.62207172377849e-11,0.0,0.999886691570282
146,,,,,,,,-1.778042197227478,9.999999747378752e-05,-0.024957917630672455,0.0010999749647453427,0.46859073638916016,0.01551198959350586,198.0,0.19012321531772614,100.0,2.2858314514160156,-0.005080841016024351,0.00012373428035061806,0.0,0.9998937249183655
147,-0.00535615487024188,0.12277784198522568,0.0,0.9998397827148438,0.0,0.0,1.0,-1.7874287366867065,0.00022499999613501132,-0.014706299640238285,0.03993503004312515,0.47728419303894043,0.014063835144042969,195.0,0.19028441607952118,100.0,2.2843470573425293,-0.005515424069017172,0.3447249233722687,0.0,0.9999235272407532
148,,,,,,,,-1.7815163135528564,0.0001500000071246177,-0.019948646426200867,0.01658792980015278,0.42761802673339844,0.0138092041015625,217.0,0.19021634757518768,100.0,2.2761900424957275,-0.005613131448626518,0.3315179646015167,0.0,0.9996195435523987
149,,,,,,,,-1.785799264907837,9.999999747378752e-05,-0.026489397510886192,0.004109066445380449,0.45156383514404297,0.018008947372436523,204.0,0.1900193989276886,100.0,2.2761900424957275,-0.005573806818574667,5.55589130257772e-09,0.0,0.9998776316642761
150,,,,,,,,-1.7907642126083374,6.666666740784422e-05,-0.015392580069601536,0.0019117959309369326,0.45752501487731934,0.014303922653198242,203.0,0.1898437887430191,100.0,2.2761900424957275,-0.005124588962644339,1.0428642553961254e-06,0.0,0.9998623728752136
151,,,,,,,,-1.7930742502212524,9.999999747378752e-05,-0.02354981191456318,0.0021880106069147587,0.47036099433898926,0.014658927917480469,197.0,0.18980230391025543,100.0,2.289151906967163,-0.005151613615453243,6.602931837905966e-15,0.0,0.9999396800994873
152,,,,,,,,-1.7981481552124023,9.999999747378752e-05,-0.02039722166955471,0.05778015777468681,0.42604494094848633,0.014077901840209961,218.0,0.18925797939300537,100.0,2.289151906967163,-0.005906584206968546,0.3984708786010742,0.0,0.9996886253356934
153,,,,,,,,-1.8255951404571533,0.0001500000071246177,-0.028271246701478958,0.005926510784775019,0.44457387924194336,0.014623165130615234,209.0,0.18840642273426056,100.0,2.289149045944214,-0.005943434312939644,3.3523375009281153e-07,0.0,0.9998640418052673
154,,,,,,,,-1.8509905338287354,9.999999747378752e-05,-0.02175549417734146,0.003128188895061612,0.425433874130249,0.013667106628417969,218.0,0.18808089196681976,100.0,2.289149045944214,-0.005199609789997339,1.6024629076127894e-05,0.0,0.9998552203178406
155,,,,,,,,-1.857454776763916,9.999999747378752e-05,-0.030505282804369926,0.0014699165476486087,0.46172285079956055,0.014484882354736328,201.0,0.1879437267780304,100.0,2.2784972190856934,-0.005802875850349665,4.703394791694127e-13,0.0,0.9999321103096008
156,,,,,,,,-1.8584898710250854,0.0001500000071246177,-0.024160491302609444,0.11908813565969467,0.43881821632385254,0.01238870620727539,212.0,0.1878306269645691,100.0,2.2784972190856934,-0.005388917867094278,0.8248316645622253,0.0,0.999673068523407
157,,,,,,,,-1.8453136682510376,0.0003375000087544322,-0.018514450639486313,0.005151981953531504,0.4406700134277344,0.01254892349243164,211.0,0.1885003298521042,100.0,2.2784762382507324,-0.005623610224574804,3.2188787191245183e-09,0.0,0.9998051524162292
158,,,,,,,,-1.7981115579605103,0.0001500000071246177,-0.030105898156762123,0.005236492492258549,0.42275094985961914,0.013390064239501953,220.0,0.18951985239982605,100.0,2.2784762382507324,-0.005423372611403465,0.00016556645277887583,0.0,0.9998391270637512
159,,,,,,,,-1.7878297567367554,4.444444493856281e-05,-0.010971817187964916,0.0015057232230901718,0.4463920593261719,0.013589143753051758,208.0,0.18912461400032043,100.0,2.276862382888794,-0.004627097863703966,2.2567772095527516e-09,0.0,0.9998976588249207
160,,,,,,,,-1.8002020120620728,0.0001500000071246177,-0.019268903881311417,0.13085255026817322,0.4490518569946289,0.014819145202636719,206.0,0.1888171136379242,100.0,2.276862382888794,-0.005205564200878143,0.7968907952308655,0.0,0.9997367858886719
161,,,,,,,,-1.8165056705474854,6.666666740784422e-05,-0.03994501009583473,0.007076548878103495,0.4371466636657715,0.014180183410644531,212.0,0.18836863338947296,100.0,2.267017364501953,-0.005213156342506409,1.0641836952210033e-23,0.0,0.9997212290763855
162,,,,,,,,-1.8330540657043457,0.0001500000071246177,-0.022719889879226685,0.013412036933004856,0.4282059669494629,0.013520956039428711,217.0,0.1877928078174591,100.0,2.267017364501953,-0.005293659400194883,1.9576240447349846e-05,0.0,0.9998393058776855
163,,,,,,,,-1.8632338047027588,6.666666740784422e-05,-0.02035883255302906,0.003516544122248888,0.4490330219268799,0.013695955276489258,207.0,0.18702849745750427,100.0,2.2677876949310303,-0.00527332304045558,4.8342283065494485e-08,0.0,0.9998815655708313
164,,,,,,,,-1.8845019340515137,6.666666740784422e-05,-0.020707648247480392,0.09363607317209244,0.45218706130981445,0.013155937194824219,206.0,0.18679609894752502,100.0,2.2748754024505615,-0.004964075982570648,0.3925074636936188,0.0,0.999810516834259
165,,,,,,,,-1.8940767049789429,9.999999747378752e-05,-0.018936539068818092,0.00751641346141696,0.4596288204193115,0.013588905334472656,202.0,0.1865268498659134,100.0,2.2642886638641357,-0.004913505632430315,6.94825648679398e-05,0.0,0.9996878504753113
166,,,,,,,,-1.910049319267273,0.0005062500131316483,-0.01834862492978573,0.022795064374804497,0.4314591884613037,0.013695955276489258,215.0,0.18568174540996552,100.0,2.2642886638641357,-0.004883741494268179,0.0051185074262320995,0.0,0.9998424053192139
167,,,,,,,,-1.9489455223083496,4.444444493856281e-05,-0.02008857950568199,0.005959448870271444,0.43515706062316895,0.013305902481079102,214.0,0.184947669506073,100.0,2.2565813064575195,-0.004752109292894602,1.1295062342495743e-18,0.0,0.9998660087585449
168,,,,,,,,-1.958556056022644,0.0001500000071246177,-0.024175632745027542,0.09117041528224945,0.45719408988952637,0.012921810150146484,204.0,0.18491724133491516,100.0,2.253844738006592,-0.004541872534900904,0.31301262974739075,0.0,0.9998666644096375
169,,,,,,,,-1.9609192609786987,6.666666740784422e-05,-0.023896167054772377,0.008217314258217812,0.45140504837036133,0.013814926147460938,206.0,0.184894397854805,100.0,2.253774404525757,-0.004989702720195055,0.00016838731244206429,0.0,0.9996991157531738
170,,,,,,,,-1.9587831497192383,0.0001500000071246177,-0.017188336700201035,0.06774637848138809,0.4281740188598633,0.013654232025146484,217.0,0.185200035572052,100.0,2.253774404525757,-0.004123799968510866,0.3351171016693115,0.0,0.9998645782470703
171,,,,,,,,-1.9400886297225952,6.666666740784422e-05,-0.024800937622785568,0.0045297532342374325,0.4268043041229248,0.013226032257080078,218.0,0.1858927458524704,100.0,2.253774404525757,-0.004755711182951927,1.4804055393328477e-16,0.0,0.999860942363739
172,-0.004502829164266586,0.10021791607141495,0.0,0.9998328685760498,0.0,0.0,1.0,-1.9190996885299683,0.0003375000087544322,-0.013741525821387768,0.0495663657784462,0.45519423484802246,0.013538599014282227,204.0,0.18627017736434937,100.0,2.251338243484497,-0.004787841811776161,0.33846473693847656,0.0,0.9999215006828308
173,,,,,,,,-1.918270230293274,6.666666740784422e-05,-0.018486103042960167,0.0401284322142601,0.4353458881378174,0.013646125793457031,213.0,0.18589942157268524,100.0,2.250382900238037,-0.005405475851148367,0.33220621943473816,0.0,0.9996293187141418
174,,,,,,,,-1.9342670440673828,9.999999747378752e-05,-0.03404843434691429,0.020807132124900818,0.43388795852661133,0.01390528678894043,214.0,0.1854442059993744,100.0,2.250382900238037,-0.004953408148139715,5.338209518868098e-08,0.0,0.9998851418495178
175,,,,,,,,-1.9513568878173828,4.444444493856281e-05,-0.02717479132115841,0.005260752979665995,0.42490720748901367,0.013995885848999023,218.0,0.18498237431049347,100.0,2.250382900238037,-0.004610015545040369,0.0005419689114205539,0.0,0.9998548030853271
176,,,,,,,,-1.962122917175293,0.0001500000071246177,-0.0178581103682518,0.002643076702952385,0.46350908279418945,0.013776779174804688,201.0,0.18478918075561523,100.0,2.253117084503174,-0.004814975894987583,1.5610429615620092e-11,0.0,0.999926745891571
177,,,,,,,,-1.9621291160583496,6.666666740784422e-05,-0.03999321162700653,0.06896152347326279,0.43895673751831055,0.014447212219238281,211.0,0.18495886027812958,100.0,2.253117084503174,-0.00526612251996994,0.5221959948539734,0.0,0.9996399879455566
178,,,,,,,,-1.954702615737915,9.999999747378752e-05,-0.023773392662405968,0.0100152138620615,0.4397282600402832,0.0140838623046875,211.0,0.18504710495471954,100.0,2.253126621246338,-0.005050292704254389,2.969544887765352e-10,0.0,0.9998619556427002
179,,,,,,,,-1.9498555660247803,0.0001500000071246177,-0.009541427716612816,0.00641515152528882,0.43256592750549316,0.012780904769897461,215.0,0.1851908415555954,100.0,2.253126621246338,-0.0048081460408866405,0.0007864370127208531,0.0,0.9998548626899719
180,,,,,,,,-1.9591138362884521,0.0001500000071246177,-0.023594865575432777,0.0014635948464274406,0.46093082427978516,0.013668060302734375,202.0,0.1842835694551468,100.0,2.244112968444824,-0.0050722588784992695,8.166179538138252e-11,0.0,0.9999253749847412
181,,,,,,,,-2.0037591457366943,9.999999747378752e-05,-0.029846077784895897,0.018912028521299362,0.4361550807952881,0.014091014862060547,213.0,0.18321697413921356,100.0,2.244112968444824,-0.004803964868187904,0.0002835721243172884,0.0,0.9997550845146179
182,,,,,,,,-2.026456117630005,6.666666740784422e-05,-0.010363690555095673,0.013602430000901222,0.45156311988830566,0.01380610466003418,206.0,0.1833120435476303,100.0,2.2441365718841553,-0.004951742012053728,0.00019318843260407448,0.0,0.9998540878295898
183,,,,,,,,-2.0201783180236816,4.444444493856281e-05,-0.023997874930500984,0.033960092812776566,0.42916107177734375,0.01390385627746582,216.0,0.18350014090538025,100.0,2.2441365718841553,-0.004874208476394415,0.37107381224632263,0.0,0.9998379349708557
184,,,,,,,,-2.0176239013671875,9.999999747378752e-05,-0.022835632786154747,0.0008269562968052924,0.4484570026397705,0.013309955596923828,207.0,0.18344338238239288,100.0,2.2425737380981445,-0.005593982990831137,1.5247394381795817e-19,0.0,0.9999399185180664
185,,,,,,,,-2.032675266265869,9.999999747378752e-05,-0.029684435576200485,0.009512264281511307,0.4425699710845947,0.014724254608154297,209.0,0.18263019621372223,100.0,2.2425737380981445,-0.004690239205956459,0.00039086665492504835,0.0,0.9997909665107727
186,,,,,,,,-2.059091329574585,0.0001500000071246177,-0.017344897612929344,0.015630900859832764,0.45560503005981445,0.013512372970581055,204.0,0.18214651942253113,100.0,2.2472171783447266,-0.004778324626386166,0.0001630414481041953,0.0,0.9998254179954529
187,,,,,,,,-2.06795072555542,4.444444493856281e-05,-0.03131731227040291,0.0040776971727609634,0.42794179916381836,0.012748003005981445,217.0,0.18215301632881165,100.0,2.2472171783447266,-0.005019937641918659,0.00027126664645038545,0.0,0.9998800158500671
188,,,,,,,,-2.0636937618255615,0.0001500000071246177,-0.01695845276117325,0.005366611760109663,0.4428081512451172,0.013465166091918945,210.0,0.182403564453125,100.0,2.2456552982330322,-0.004501751158386469,1.4812819415510603e-07,0.0,0.9999237060546875
189,,,,,,,,-2.050021171569824,6.666666740784422e-05,-0.03294315189123154,0.0035666516050696373,0.44890594482421875,0.013961315155029297,207.0,0.18268905580043793,100.0,2.245239019393921,-0.004768345504999161,0.00015308608999475837,0.0,0.9998285174369812
190,,,,,,,,-2.0442159175872803,2.9629629352712072e-05,-0.01693040318787098,0.006487810984253883,0.4440431594848633,0.014605045318603516,209.0,0.18278391659259796,100.0,2.2393393516540527,-0.005200517829507589,0.0002361916849622503,0.0,0.9997531771659851
191,,,,,,,,-2.037961006164551,9.999999747378752e-05,-0.01740203984081745,1.3754246234893799,0.4478328227996826,0.014206171035766602,207.0,0.1831744909286499,99.12999725341797,2.17201566696167,-0.005117433145642281,3.798965536681159e-13,-2.6041667461395264,0.9999260902404785
192,,,,,,,,-2.025007724761963,6.666666740784422e-05,-0.009329569526016712,0.0016110623255372047,0.4329700469970703,0.013865947723388672,214.0,0.1834297478199005,99.12999725341797,2.1720101833343506,-0.005057523492723703,0.00013380454038269818,0.0,0.9998510479927063
193,,,,,,,,-2.031745433807373,9.999999747378752e-05,-0.017720330506563187,0.003996465355157852,0.46170926094055176,0.013468027114868164,202.0,0.18283937871456146,99.12999725341797,2.165018320083618,-0.004959513898938894,1.7829848708572626e-11,0.0,0.9998812675476074
194,,,,,,,,-2.058685779571533,4.444444493856281e-05,-0.018985776230692863,0.027946842834353447,0.4371910095214844,0.013882160186767578,212.0,0.18246468901634216,99.12999725341797,2.165018320083618,-0.005068268161267042,0.0005104728625155985,0.0,0.9996923804283142
195,,,,,,,,-2.0714311599731445,9.999999747378752e-05,-0.03098745457828045,0.001227649045176804,0.4437880516052246,0.012869119644165039,210.0,0.1820131242275238,99.12999725341797,2.1650211811065674,-0.004698684439063072,1.7018009224045727e-09,0.0,0.9999143481254578
196,,,,,,,,-2.093611001968384,4.444444493856281e-05,-0.017507346346974373,0.0030874297954142094,0.4302821159362793,0.013904809951782227,216.0,0.18150794506072998,99.12999725341797,2.1650211811065674,-0.004962260369211435,4.444261503522284e-05,0.0,0.9998310208320618
197,-0.003838625503703952,0.00012251388397999108,-0.625,0.7898694276809692,0.0,0.25,0.75,-2.1024625301361084,0.0003375000087544322,-0.012809185311198235,2.947084665298462,0.4771862030029297,0.014050722122192383,195.0,0.1816878616809845,98.29000091552734,2.0937225818634033,-0.005333602428436279,2.5780482193482612e-09,-2.6041667461395264,0.9999151229858398
198,,,,,,,,-2.0895707607269287,6.666666740784422e-05,-0.015316362492740154,0.05128099024295807,0.43174195289611816,0.014889955520629883,214.0,0.1820603311061859,98.29000091552734,2.0937225818634033,-0.004519714508205652,0.28633296489715576,0.0,0.9996488690376282
199,,,,,,,,-2.083070755004883,4.444444493856281e-05,-0.024994609877467155,0.015414305962622166,0.44074392318725586,0.013836145401000977,211.0,0.18216979503631592,98.29000091552734,2.093698501586914,-0.004810299724340439,5.1505561714293435e-05,0.0,0.9998428225517273
200,,,,,,,,-2.0793020725250244,0.0001500000071246177,-0.014105190522968769,0.00232660211622715,0.4239389896392822,0.014232158660888672,219.0,0.1823054999113083,98.29000091552734,2.093698501586914,-0.004851052537560463,5.265800791676156e-05,0.0,0.9998243451118469
201,,,,,,,,-2.079857349395752,6.666666740784422e-05,-0.01902732439339161,0.00690086092799902,0.4563167095184326,0.014093160629272461,204.0,0.18213452398777008,98.29000091552734,2.0845038890838623,-0.004786920268088579,3.48439584740845e-07,0.0,0.9998759627342224
202,,,,,,,,-2.0905098915100098,4.444444493856281e-05,-0.025455299764871597,0.0029399748891592026,0.4364809989929199,0.013798236846923828,213.0,0.18187075853347778,98.29000091552734,2.0845038890838623,-0.004620776046067476,9.610932465875521e-05,0.0,0.9997130036354065
203,,,,,,,,-2.107020378112793,0.0001500000071246177,-0.01174705196171999,0.010387729853391647,0.4523172378540039,0.014007806777954102,205.0,0.18119634687900543,98.29000091552734,2.076826810836792,-0.004682344850152731,3.12072406813968e-05,0.0,0.9997685551643372
204,,,,,,,,-2.139406204223633,4.444444493856281e-05,-0.02356177754700184,0.13558156788349152,0.43001389503479004,0.013483047485351562,216.0,0.18066823482513428,98.29000091552734,2.076826810836792,-0.004981003701686859,0.3687722682952881,0.0,0.9997910857200623
205,,,,,,,,-2.157179832458496,6.666666740784422e-05,-0.02248946763575077,0.0016088455449789762,0.46239304542541504,0.013511180877685547,201.0,0.1802310347557068,98.29000091552734,2.0632569789886475,-0.0052414629608392715,1.5255045186755996e-25,0.0,0.9998357892036438
206,-0.002898500533774495,1.429938947694609e-05,-1.25,0.5698962211608887,0.0,0.5,0.5,-2.170370101928711,6.666666740784422e-05,-0.01656128093600273,3.021092176437378,0.46749401092529297,0.01494908332824707,198.0,0.18022333085536957,97.43000030517578,1.996147632598877,-0.005122365429997444,0.0001118165091611445,-2.6041667461395264,0.9997957348823547
207,,,,,,,,-2.158163547515869,0.0001500000071246177,-0.00984774436801672,0.01250211801379919,0.4412050247192383,0.014060020446777344,210.0,0.1807735115289688,97.43000030517578,2.003207206726074,-0.005135982297360897,0.00012163631618022919,0.0,0.999727725982666
208,,,,,,,,-2.142028331756592,6.666666740784422e-05,-0.022425778210163116,0.004864590708166361,0.43836283683776855,0.013102293014526367,212.0,0.1808623969554901,97.43000030517578,2.003207206726074,-0.004906516522169113,7.503314554924145e-05,0.0,0.9998274445533752
209,,,,,,,,-2.1458873748779297,6.666666740784422e-05,-0.011961758136749268,0.00894325040280819,0.4349958896636963,0.013046026229858398,214.0,0.1805974692106247,97.43000030517578,2.0030930042266846,-0.004661429673433304,0.0002072784845950082,0.0,0.9998392462730408
210,,,,,,,,-2.1584553718566895,9.999999747378752e-05,-0.0200472604483366,0.14737865328788757,0.4581601619720459,0.01331186294555664,203.0,0.1802624762058258,97.43000030517578,1.9951598644256592,-0.004715773742645979,0.33498474955558777,0.0,0.9998297095298767
211,,,,,,,,-2.1754300594329834,6.666666740784422e-05,-0.022265616804361343,0.13720136880874634,0.4324960708618164,0.013648033142089844,215.0,0.1799454241991043,97.43000030517578,1.9866446256637573,-0.004667961969971657,0.36222246289253235,0.0,0.99968022108078
212,,,,,,,,-2.1828670501708984,4.444444493856281e-05,-0.03238900750875473,0.006160106509923935,0.43723297119140625,0.013144969940185547,213.0,0.17992398142814636,97.43000030517578,1.9866446256637573,-0.0046525029465556145,8.130616744651299e-15,0.0,0.9998146891593933
213,,,,,,,,-2.1862003803253174,4.444444493856281e-05,-0.02390557900071144,0.0043190717697143555,0.4333522319793701,0.013862848281860352,214.0,0.17989036440849304,97.43000030517578,1.9866405725479126,-0.004736370872706175,1.3062277730568894e-06,0.0,0.9998262524604797
214,,,,,,,,-2.185260057449341,6.666666740784422e-05,-0.020520132035017014,0.07109305262565613,0.44689106941223145,0.014225959777832031,208.0,0.18002083897590637,97.43000030517578,1.993108868598938,-0.004904525820165873,0.2439049929380417,0.0,0.9998557567596436
215,,,,,,,,-2.1786365509033203,6.666666740784422e-05,-0.019213546067476273,0.014062212780117989,0.4474911689758301,0.014029979705810547,208.0,0.1802729070186615,97.43000030517578,1.993108868598938,-0.004400412552058697,1.872775101219304e-06,0.0,0.9996921420097351
216,,,,,,,,-2.1729116439819336,4.444444493856281e-05,-0.018742026761174202,0.006522145587950945,0.43874478340148926,0.01332712173461914,212.0,0.18034155666828156,97.43000030517578,1.9931195974349976,-0.004602337721735239,7.30808824300766e-05,0.0,0.9998406767845154
217,,,,,,,,-2.169393301010132,0.0003375000087544322,-0.010158834047615528,0.008670669980347157,0.4265258312225342,0.013252973556518555,218.0,0.18047115206718445,97.43000030517578,1.9931195974349976,-0.004660052713006735,9.559162572259083e-05,0.0,0.9998309016227722
218,,,,,,,,-2.166633129119873,2.9629629352712072e-05,-0.01894640177488327,0.006564912386238575,0.4479250907897949,0.013176918029785156,208.0,0.18044553697109222,97.43000030517578,1.9897021055221558,-0.004693897906690836,5.119745183357338e-10,0.0,0.999911367893219
219,,,,,,,,-2.1717941761016846,0.0001500000071246177,-0.012677944265305996,0.015022878535091877,0.4596560001373291,0.014121055603027344,202.0,0.18016403913497925,97.43000030517578,1.9896228313446045,-0.004341343883424997,0.3115423619747162,0.0,0.999681293964386
220,,,,,,,,-2.1919212341308594,4.444444493856281e-05,-0.013566408306360245,0.005216117948293686,0.44021105766296387,0.015881061553955078,210.0,0.17980815470218658,97.43000030517578,1.989661455154419,-0.005469343159347773,9.902441888698377e-07,0.0,0.9998109936714172
221,,,,,,,,-2.1936278343200684,0.00022499999613501132,-0.012090143747627735,0.008353781886398792,0.4342787265777588,0.013740062713623047,214.0,0.18017542362213135,97.43000030517578,1.989661455154419,-0.004714833106845617,5.7437168834439944e-06,0.0,0.9998176097869873
222,,,,,,,,-2.177125930786133,6.666666740784422e-05,-0.01585778221487999,0.0028453508857637644,0.45999598503112793,0.01608109474182129,201.0,0.1802329570055008,97.43000030517578,1.9869675636291504,-0.00484800711274147,3.3658642539791117e-09,0.0,0.999907910823822
223,,,,,,,,-2.1757302284240723,9.999999747378752e-05,-0.01830156333744526,0.038536977022886276,0.452833890914917,0.014078140258789062,205.0,0.18031556904315948,97.43000030517578,1.9800972938537598,-0.004611678887158632,0.3142991364002228,0.0,0.9996995329856873
224,,,,,,,,-2.1663262844085693,6.666666740784422e-05,-0.016597993671894073,0.031094063073396683,0.4407527446746826,0.014412164688110352,210.0,0.1804770678281784,97.43000030517578,1.9723358154296875,-0.003820996033027768,0.2599729001522064,0.0,0.9997503161430359
225,,,,,,,,-2.160146474838257,4.444444493856281e-05,-0.025606051087379456,0.008923923596739769,0.42995500564575195,0.013339996337890625,216.0,0.1806340515613556,97.43000030517578,1.9723358154296875,-0.004837145563215017,0.00021560808818321675,0.0,0.999809741973877
226,,,,,,,,-2.1501545906066895,0.0003375000087544322,-0.008452274836599827,0.007250435184687376,0.44285106658935547,0.014140129089355469,210.0,0.1811233013868332,97.43000030517578,1.971723198890686,-0.004889273550361395,3.0062986411394377e-07,0.0,0.999886691570282
227,,,,,,,,-2.12123966217041,9.999999747378752e-05,-0.021928610280156136,0.009867309592664242,0.44722819328308105,0.014250755310058594,208.0,0.18185098469257355,97.43000030517578,1.97672438621521,-0.004291380289942026,0.0005797657067887485,0.0,0.9997590184211731
228,,,,,,,,-2.111950397491455,6.666666740784422e-05,-0.0224531851708889,0.018445976078510284,0.4486730098724365,0.014199972152709961,207.0,0.1818033903837204,97.43000030517578,1.976751446723938,-0.0051515414379537106,7.529625872848555e-05,0.0,0.9997660517692566
229,,,,,,,,-2.114440441131592,6.666666740784422e-05,-0.026331331580877304,0.11585104465484619,0.4314999580383301,0.014106273651123047,215.0,0.18165956437587738,97.43000030517578,1.976751446723938,-0.004456884693354368,0.3337657153606415,0.0,0.9997940063476562
230,,,,,,,,-2.12389874458313,9.999999747378752e-05,-0.030208373442292213,0.0013228607131168246,0.44867825508117676,0.014349699020385742,207.0,0.18128031492233276,97.43000030517578,1.9698232412338257,-0.004992128815501928,5.572369297354761e-16,0.0,0.9998540878295898
231,,,,,,,,-2.1370084285736084,9.999999747378752e-05,-0.014303923584520817,0.010229067876935005,0.43907785415649414,0.013358116149902344,212.0,0.18111969530582428,97.43000030517578,1.9698305130004883,-0.005040620919317007,3.867948180413805e-05,0.0,0.9997808933258057
232,,,,,,,,-2.133204221725464,9.999999747378752e-05,-0.0262462068349123,0.014994078315794468,0.4496767520904541,0.01465606689453125,206.0,0.1815127283334732,97.43000030517578,1.9762390851974487,-0.004245740361511707,8.244162745540962e-05,0.0,0.9996997714042664
233,,,,,,,,-2.1090176105499268,9.999999747378752e-05,-0.013410447165369987,0.010822796262800694,0.45811009407043457,0.013196945190429688,203.0,0.18220624327659607,97.43000030517578,1.9762390851974487,-0.005379386246204376,0.00015851693751756102,0.0,0.9997898936271667
234,,,,,,,,-2.085787296295166,4.444444493856281e-05,-0.03058839589357376,0.0032684647012501955,0.4662489891052246,0.013963937759399414,199.0,0.18265606462955475,97.43000030517578,1.9694162607192993,-0.0048505812883377075,0.0002127080224454403,0.0,0.9998169541358948
235,,,,,,,,-2.0770530700683594,6.666666740784422e-05,-0.016437241807579994,0.12816481292247772,0.6299290657043457,0.013700008392333984,149.0,0.1825583428144455,97.43000030517578,1.9694290161132812,-0.004859474487602711,0.3089170753955841,0.0,0.9997894167900085
236,,,,,,,,-2.078932762145996,6.666666740784422e-05,-0.016000807285308838,0.11100170016288757,0.45668697357177734,0.014132976531982422,203.0,0.18267209827899933,97.43000030517578,1.963990330696106,-0.005139642860740423,0.33895429968833923,0.0,0.9996356964111328
237,,,,,,,,-2.082021713256836,9.999999747378752e-05,-0.0237989854067564,0.09137191623449326,0.4713273048400879,0.01425790786743164,197.0,0.18222905695438385,97.43000030517578,1.963990330696106,-0.005378977861255407,0.34646499156951904,0.0,0.9997873902320862
238,,,,,,,,-2.103834390640259,4.444444493856281e-05,-0.02678098902106285,0.0035946948919445276,0.4645397663116455,0.012918233871459961,201.0,0.18186767399311066,97.43000030517578,1.963973045349121,-0.005019183736294508,0.0,0.0,0.999765932559967
239,,,,,,,,-2.1086769104003906,6.666666740784422e-05,-0.03139008954167366,0.12585562467575073,0.5017540454864502,0.013308048248291016,186.0,0.18192055821418762,97.43000030517578,1.970612645149231,-0.004779256880283356,0.7042701840400696,0.0,0.9998376965522766
240,,,,,,,,-2.1053926944732666,6.666666740784422e-05,-0.021079357713460922,0.03435902297496796,0.46086764335632324,0.013691186904907227,202.0,0.18196150660514832,97.43000030517578,1.970612645149231,-0.005026431754231453,0.3341100215911865,0.0,0.9995880126953125
241,,,,,,,,-2.1080222129821777,6.666666740784422e-05,-0.02240973338484764,0.006440856494009495,0.4463920593261719,0.014151334762573242,208.0,0.18185538053512573,97.43000030517578,1.9771463871002197,-0.005110456608235836,0.0,0.0,0.9997426867485046
242,,,,,,,,-2.111114025115967,9.999999747378752e-05,-0.022564569488167763,0.01629977487027645,0.43647193908691406,0.01382303237915039,213.0,0.18186934292316437,97.43000030517578,1.9771463871002197,-0.00499353464692831,4.08849555242341e-05,0.0,0.9997720122337341
243,,,,,,,,-2.1200058460235596,0.0001500000071246177,-0.009556571021676064,0.020401466637849808,0.4520390033721924,0.013334035873413086,206.0,0.181350439786911,97.43000030517578,1.9906798601150513,-0.0052697560749948025,7.485314993706249e-13,0.0,0.9998523592948914
244,,,,,,,,-2.147440195083618,6.666666740784422e-05,-0.034115131944417953,0.09775718301534653,0.4487431049346924,0.01421499252319336,207.0,0.18096821010112762,97.43000030517578,1.9910073280334473,-0.004779092036187649,0.3655693531036377,0.0,0.9996740818023682
245,,,,,,,,-2.1559174060821533,6.666666740784422e-05,-0.015129313804209232,0.011179685592651367,0.4444131851196289,0.01425480842590332,209.0,0.18107804656028748,97.43000030517578,1.9910091161727905,-0.004554911982268095,1.0954085555292536e-10,0.0,0.9997190833091736
246,,,,,,,,-2.148564338684082,9.999999747378752e-05,-0.020337523892521858,0.020939653739333153,0.4814281463623047,0.015269756317138672,193.0,0.18132618069648743,97.43000030517578,1.9910091161727905,-0.0054207779467105865,0.31250348687171936,0.0,0.9997274279594421
247,,,,,,,,-2.1377382278442383,6.666666740784422e-05,-0.029036948457360268,0.006989143788814545,0.46561598777770996,0.014574050903320312,199.0,0.18148018419742584,97.43000030517578,1.9836671352386475,-0.004938585218042135,7.907556998115461e-25,0.0,0.9998698234558105
248,,,,,,,,-2.130221128463745,6.666666740784422e-05,-0.03248690068721771,0.06446672976016998,0.46595287322998047,0.021085262298583984,197.0,0.18165776133537292,97.43000030517578,1.9906744956970215,-0.0047580786049366,1.1364984857209492e-05,0.0,0.9996857047080994
249,,,,,,,,-2.1280250549316406,6.666666740784422e-05,-0.026180081069469452,0.024486955255270004,0.4792640209197998,0.013769865036010742,194.0,0.18151335418224335,97.43000030517578,1.996680736541748,-0.0048234532587230206,1.4972644748922903e-05,0.0,0.9997480511665344
250,,,,,,,,-2.1295688152313232,9.999999747378752e-05,-0.019373349845409393,0.024542490020394325,0.44128894805908203,0.014626026153564453,210.0,0.18159185349941254,97.43000030517578,1.996680736541748,-0.004717538133263588,0.00014913888298906386,0.0,0.9998030662536621
251,,,,,,,,-2.1192426681518555,9.999999747378752e-05,-0.02614690363407135,0.014427349902689457,0.48171186447143555,0.014518976211547852,193.0,0.18206678330898285,97.43000030517578,1.9900861978530884,-0.004570457618683577,3.7985989820299437e-07,0.0,0.9998874664306641
252,,,,,,,,-2.104630947113037,4.444444493856281e-05,-0.021971458569169044,0.055024389177560806,0.4530448913574219,0.014413118362426758,205.0,0.18217122554779053,97.43000030517578,1.9837454557418823,-0.005068971309810877,0.011302996426820755,0.0,0.9997344613075256
253,,,,,,,,-2.1036570072174072,6.666666740784422e-05,-0.02553558349609375,0.10095537453889847,0.47594189643859863,0.014988899230957031,195.0,0.1821773648262024,97.43000030517578,1.9837617874145508,-0.004849008750170469,0.2404797226190567,0.0,0.99969881772995
254,,,,,,,,-2.0993051528930664,9.999999747378752e-05,-0.018783394247293472,0.011386282742023468,0.4371519088745117,0.013104915618896484,213.0,0.1822807341814041,97.43000030517578,1.9837617874145508,-0.00535498047247529,0.00024195079458877444,0.0,0.9997987151145935
255,,,,,,,,-2.0883874893188477,0.0001500000071246177,-0.016202697530388832,0.016229886561632156,0.44725489616394043,0.013339042663574219,208.0,0.18257205188274384,97.43000030517578,1.9839876890182495,-0.0047135003842413425,4.023630481242435e-06,0.0,0.9998428225517273
256,,,,,,,,-2.08437442779541,2.9629629352712072e-05,-0.018363293260335922,0.18779799342155457,0.44133615493774414,0.014379024505615234,210.0,0.18261845409870148,97.43000030517578,1.9886174201965332,-0.005014478694647551,0.2953178584575653,0.0,0.9997404217720032
257,,,,,,,,-2.0846738815307617,6.666666740784422e-05,-0.015558334067463875,0.05906300246715546,0.4729938507080078,0.014328241348266602,196.0,0.18269245326519012,97.43000030517578,1.9809792041778564,-0.005361827556043863,0.0151406554505229,0.0,0.9997105002403259
258,,,,,,,,-2.0794217586517334,9.999999747378752e-05,-0.016160981729626656,0.051446959376335144,0.44707417488098145,0.01403188705444336,208.0,0.1831170916557312,97.43000030517578,1.9809792041778564,-0.004708743188530207,0.00632977532222867,0.0,0.9998151659965515
259,,,,,,,,-2.063697338104248,9.999999747378752e-05,-0.02005670592188835,0.010189490392804146,0.43595004081726074,0.014230728149414062,213.0,0.18335182964801788,97.43000030517578,1.9866652488708496,-0.004909354727715254,0.0,0.0,0.9998273849487305
260,,,,,,,,-2.05324125289917,4.444444493856281e-05,-0.02139906957745552,0.36614638566970825,0.46500301361083984,0.014815092086791992,200.0,0.18340633809566498,97.43000030517578,1.9785405397415161,-0.005039480049163103,0.5146158337593079,0.0,0.9998099207878113
261,,,,,,,,-2.0518007278442383,6.666666740784422e-05,-0.03042476624250412,0.05919837951660156,0.43647313117980957,0.014147043228149414,213.0,0.18339772522449493,97.43000030517578,1.9712601900100708,-0.005007035098969936,0.006355296820402145,0.0,0.999668300151825
262,,,,,,,,-2.050579071044922,4.444444493856281e-05,-0.03305540978908539,0.03646635264158249,0.5094027519226074,0.01290130615234375,183.0,0.18347440659999847,97.43000030517578,1.9712601900100708,-0.00490372022613883,0.005727509502321482,0.0,0.9998109936714172
263,,,,,,,,-2.0421547889709473,6.666666740784422e-05,-0.016608402132987976,0.006481184624135494,0.4548499584197998,0.014628171920776367,204.0,0.18389731645584106,97.43000030517578,1.9760644435882568,-0.0048960852436721325,0.0,0.0,0.999789297580719
264,,,,,,,,-2.0251572132110596,0.0003375000087544322,-0.009350700303912163,0.39628854393959045,0.4485599994659424,0.013726949691772461,207.0,0.18419316411018372,97.43000030517578,1.973048448562622,-0.004880193155258894,0.4556564390659332,0.0,0.9998641014099121
265,,,,,,,,-2.0120465755462646,0.00022499999613501132,-0.02355724200606346,0.0209575816988945,0.4736158847808838,0.01363515853881836,197.0,0.18454411625862122,97.43000030517578,1.973048448562622,-0.0054155210964381695,0.03948068991303444,0.0,0.9996621012687683
266,,,,,,,,-2.0008416175842285,6.666666740784422e-05,-0.021644284948706627,0.17578613758087158,0.4478340148925781,0.013453006744384766,208.0,0.18442770838737488,97.43000030517578,1.96607506275177,-0.004867528099566698,0.23965203762054443,0.0,0.9998055100440979
267,,,,,,,,-2.004242181777954,6.666666740784422e-05,-0.03519946709275246,0.008876909501850605,0.4368867874145508,0.014606952667236328,212.0,0.18434008955955505,97.43000030517578,1.96607506275177,-0.004706720355898142,0.0,0.0,0.9997696876525879
268,,,,,,,,-2.002554416656494,9.999999747378752e-05,-0.025370275601744652,0.1569698303937912,0.45629119873046875,0.014835834503173828,203.0,0.184405118227005,97.43000030517578,1.97482430934906,-0.004721094388514757,0.24635572731494904,0.0,0.9998917579650879
269,,,,,,,,-2.000774383544922,4.444444493856281e-05,-0.02340875007212162,0.14166270196437836,0.4446239471435547,0.013984918594360352,209.0,0.1843172311782837,97.43000030517578,1.9680448770523071,-0.004944649990648031,0.4377778470516205,0.0,0.9996514916419983
270,,,,,,,,-2.0030970573425293,0.0001500000071246177,-0.020064037293195724,0.002872065408155322,0.43723201751708984,0.013592720031738281,212.0,0.18426577746868134,97.43000030517578,1.9726388454437256,-0.004679472651332617,0.0,0.0,0.9997866749763489
271,,,,,,,,-2.002021312713623,4.444444493856281e-05,-0.023865969851613045,0.04506243020296097,0.41931605339050293,0.013952016830444336,221.0,0.18423639237880707,97.43000030517578,1.9726388454437256,-0.0054914397187530994,0.2007831335067749,0.0,0.9997847676277161
272,,,,,,,,-1.9957259893417358,9.999999747378752e-05,-0.01363685354590416,0.00570975337177515,0.4433741569519043,0.013568878173828125,210.0,0.18460685014724731,97.43000030517578,1.9748954772949219,-0.00467066653072834,0.0,0.0,0.9999099373817444
273,,,,,,,,-1.981919288635254,6.666666740784422e-05,-0.01572042889893055,0.05712573975324631,0.4537532329559326,0.022202014923095703,201.0,0.1847189962863922,97.43000030517578,1.9796507358551025,-0.005561327561736107,0.0881384015083313,0.0,0.9997273087501526
274,,,,,,,,-1.9845129251480103,4.444444493856281e-05,-0.02260439097881317,0.026421044021844864,0.6457841396331787,0.014644861221313477,145.0,0.1844731569290161,97.43000030517578,1.9835070371627808,-0.004510070662945509,0.2913798987865448,0.0,0.9997827410697937
275,,,,,,,,-1.9956583976745605,0.00022499999613501132,-0.008436961099505424,0.04906138405203819,0.45135998725891113,0.01424407958984375,206.0,0.18403933942317963,97.43000030517578,1.9835070371627808,-0.005074562970548868,0.27020958065986633,0.0,0.9998021125793457
276,,,,,,,,-2.0165891647338867,2.9629629352712072e-05,-0.032980743795633316,0.0053997035138309,0.45473408699035645,0.0157167911529541,204.0,0.1836692988872528,97.43000030517578,1.9722462892532349,-0.005086623132228851,0.0,0.0,0.999902069568634
277,,,,,,,,-2.0224874019622803,9.999999747378752e-05,-0.022851508110761642,0.020321181043982506,0.45926499366760254,0.01515817642211914,202.0,0.18367865681648254,97.43000030517578,1.9714696407318115,-0.005467101465910673,0.5178540945053101,0.0,0.9997251629829407
278,,,,,,,,-2.023618459701538,0.00022499999613501132,-0.009294312447309494,0.021548964083194733,0.44272589683532715,0.012790918350219727,210.0,0.1835128664970398,97.43000030517578,1.9766571521759033,-0.0048500546254217625,0.2646075487136841,0.0,0.9997691512107849
279,,,,,,,,-2.0425333976745605,6.666666740784422e-05,-0.019854120910167694,0.0133843207731843,0.4228050708770752,0.013879776000976562,219.0,0.182887002825737,97.43000030517578,1.9766571521759033,-0.005429692566394806,0.19793075323104858,0.0,0.9998369812965393
280,,,,,,,,-2.056169033050537,6.666666740784422e-05,-0.018741894513368607,0.005938990972936153,0.44367003440856934,0.014307975769042969,209.0,0.18276885151863098,97.43000030517578,1.9865642786026,-0.004568612668663263,0.0,0.0,0.999879777431488
281,,,,,,,,-2.0569639205932617,4.444444493856281e-05,-0.029141774401068687,0.09122933447360992,0.45106005668640137,0.01389002799987793,206.0,0.18269754946231842,97.43000030517578,1.986870288848877,-0.004733264911919832,0.28106415271759033,0.0,0.9997984766960144
282,,,,,,,,-2.055630683898926,6.666666740784422e-05,-0.02498009242117405,0.01611177809536457,0.4422919750213623,0.01343989372253418,210.0,0.182851180434227,97.43000030517578,1.9854427576065063,-0.004742000717669725,0.2537986934185028,0.0,0.9997418522834778
283,,,,,,,,-2.047525644302368,4.444444493856281e-05,-0.01021027285605669,0.011386494152247906,0.42785000801086426,0.013456106185913086,217.0,0.1830342561006546,97.43000030517578,1.9854427576065063,-0.004526317119598389,0.22565394639968872,0.0,0.9998290538787842
284,,,,,,,,-2.0462706089019775,6.666666740784422e-05,-0.019730783998966217,0.003425806760787964,0.43794798851013184,0.01412200927734375,212.0,0.18291287124156952,97.43000030517578,1.9908223152160645,-0.004664471838623285,0.0,0.0,0.9998329281806946
285,,,,,,,,-2.057624101638794,6.666666740784422e-05,-0.03752893581986427,0.05401819199323654,0.45581793785095215,0.013517141342163086,204.0,0.18257753551006317,97.43000030517578,1.9956902265548706,-0.005330041516572237,0.470867782831192,0.0,0.9998258948326111
286,,,,,,,,-2.065697193145752,4.444444493856281e-05,-0.013880345970392227,0.07238707691431046,0.43428802490234375,0.012928009033203125,214.0,0.18256551027297974,97.43000030517578,2.0000381469726562,-0.005022374913096428,0.00025439311866648495,0.0,0.9997162818908691
287,,,,,,,,-2.064610242843628,6.666666740784422e-05,-0.018338240683078766,0.017183704301714897,0.44005680084228516,0.013879060745239258,211.0,0.18261940777301788,97.43000030517578,2.0000381469726562,-0.005000086966902018,0.011244799941778183,0.0,0.9998677372932434
288,,,,,,,,-2.067187547683716,6.666666740784422e-05,-0.01877850480377674,0.0017378628253936768,0.4269838333129883,0.012719154357910156,218.0,0.18244071304798126,97.43000030517578,1.9975757598876953,-0.004835810046643019,1.3313162421438318e-14,0.0,0.9998539090156555
289,,,,,,,,-2.0757248401641846,6.666666740784422e-05,-0.015301407314836979,0.03678135946393013,0.4516618251800537,0.013375043869018555,206.0,0.18226119875907898,97.43000030517578,2.001925230026245,-0.00486151734367013,0.48595309257507324,0.0,0.9998874664306641
290,,,,,,,,-2.080900192260742,4.444444493856281e-05,-0.021939491853117943,0.022921636700630188,0.4415318965911865,0.014343738555908203,210.0,0.18221834301948547,97.43000030517578,2.001925230026245,-0.004963041748851538,0.05070416256785393,0.0,0.9997045397758484
291,,,,,,,,-2.084683895111084,2.9629629352712072e-05,-0.024259328842163086,0.029387660324573517,0.44244980812072754,0.012775182723999023,210.0,0.18204863369464874,97.43000030517578,2.0021486282348633,-0.0054042586125433445,0.24847464263439178,0.0,0.9998500347137451
292,,,,,,,,-2.0928611755371094,6.666666740784422e-05,-0.023318158462643623,0.0032375426962971687,0.4217240810394287,0.012929916381835938,220.0,0.18184185028076172,97.43000030517578,2.0021486282348633,-0.005086344201117754,0.0,0.0,0.9998159408569336
293,,,,,,,,-2.1013145446777344,4.444444493856281e-05,-0.008844651281833649,0.023413019254803658,0.4457509517669678,0.013312816619873047,209.0,0.1816720962524414,98.30000305175781,2.078765630722046,-0.004685429856181145,0.22454798221588135,0.0,0.9999210834503174
294,,,,,,,,-2.104621410369873,6.666666740784422e-05,-0.030564820393919945,0.017674719914793968,0.4486429691314697,0.012979984283447266,207.0,0.1816607266664505,98.30000305175781,2.079735040664673,-0.004774060565978289,0.3355735242366791,0.0,0.9997236132621765
295,,,,,,,,-2.1042702198028564,0.0001500000071246177,-0.01236619520932436,0.004248529672622681,0.44497108459472656,0.013168096542358398,209.0,0.18157859146595,98.30000305175781,2.0845189094543457,-0.00480782613158226,0.0,0.0,0.999845564365387
296,,,,,,,,-2.1096129417419434,4.444444493856281e-05,-0.017287351191043854,0.045580390840768814,0.42551517486572266,0.01240086555480957,219.0,0.18146483600139618,98.30000305175781,2.0845189094543457,-0.005245016422122717,0.00033966684713959694,0.0,0.9998764395713806
297,,,,,,,,-2.1123745441436768,6.666666740784422e-05,-0.019109150394797325,0.00535300187766552,0.44649386405944824,0.013592004776000977,208.0,0.18138673901557922,98.30000305175781,2.0917649269104004,-0.004771082662045956,6.8840702027728184e-09,0.0,0.9999348521232605
298,,,,,,,,-2.1126906871795654,4.444444493856281e-05,-0.01854848302900791,0.019099393859505653,0.4424469470977783,0.01326608657836914,210.0,0.18128034472465515,98.30000305175781,2.095266819000244,-0.005596216302365065,0.44506946206092834,0.0,0.9997280240058899
299,,,,,,,,-2.117993116378784,4.444444493856281e-05,-0.019901275634765625,0.006575745530426502,0.4394397735595703,0.012932062149047852,212.0,0.18108193576335907,98.30000305175781,2.095268487930298,-0.005031751934438944,0.21939001977443695,0.0,0.9998183250427246
300,,,,,,,,-2.121958017349243,2.9629629352712072e-05,-0.03126952797174454,0.006188830826431513,0.4302220344543457,0.012659072875976562,216.0,0.18109451234340668,98.30000305175781,2.095268487930298,-0.005681727081537247,0.1823550909757614,0.0,0.9998422265052795
301,,,,,,,,-2.1192541122436523,6.666666740784422e-05,-0.008964547887444496,0.001081991707906127,0.4901142120361328,0.013682842254638672,190.0,0.18124201893806458,99.13999938964844,2.170510768890381,-0.004816276021301746,0.0,0.0,0.9999225735664368
302,,,,,,,,-2.1117541790008545,4.444444493856281e-05,-0.026220140978693962,0.06570955365896225,0.4449763298034668,0.01340484619140625,209.0,0.18146805465221405,99.13999938964844,2.174713373184204,-0.004747636616230011,0.18153023719787598,0.0,0.9998043179512024
303,,,,,,,,-2.1041159629821777,4.444444493856281e-05,-0.01477054599672556,0.02268916182219982,0.5617680549621582,0.014627933502197266,166.0,0.18161015212535858,99.13999938964844,2.172715425491333,-0.004427660256624222,0.0586627759039402,0.0,0.9998412728309631
304,,,,,,,,-2.0996615886688232,9.999999747378752e-05,-0.01570618897676468,0.009471435099840164,0.4961540699005127,0.013541936874389648,188.0,0.18159107863903046,99.13999938964844,2.172715425491333,-0.004443894140422344,0.18333245813846588,0.0,0.9998776316642761
305,,,,,,,,-2.107809543609619,6.666666740784422e-05,-0.019268503412604332,0.0013614223571494222,0.4771120548248291,0.012170076370239258,196.0,0.18112018704414368,99.13999938964844,2.1762137413024902,-0.0047550988383591175,1.3563287283329419e-33,0.0,0.9999318718910217
306,,,,,,,,-2.1240341663360596,9.999999747378752e-05,-0.02003941312432289,0.05636210739612579,0.4528210163116455,0.012046098709106445,206.0,0.18079152703285217,99.13999938964844,2.17733097076416,-0.004989223089069128,0.18113981187343597,0.0,0.9998505711555481
307,,,,,,,,-2.1271791458129883,4.444444493856281e-05,-0.01273423247039318,0.04611295089125633,0.43554091453552246,0.012871026992797852,214.0,0.1810450255870819,99.13999938964844,2.180854082107544,-0.005322255194187164,0.0004958768840879202,0.0,0.9998331069946289
308,,,,,,,,-2.1181976795196533,6.666666740784422e-05,-0.018394436687231064,0.037011176347732544,0.420086145401001,0.011662006378173828,222.0,0.18125905096530914,99.13999938964844,2.180854082107544,-0.005035857670009136,3.0357965442817658e-05,0.0,0.999911367893219
309,,,,,,,,-2.111034393310547,4.444444493856281e-05,-0.03008304350078106,0.007391934748739004,0.42390990257263184,0.011899232864379883,220.0,0.1815139204263687,99.13999938964844,2.1843340396881104,-0.004961551632732153,0.00023444497492164373,0.0,0.9999273419380188
310,,,,,,,,-2.1052050590515137,2.9629629352712072e-05,-0.010599121451377869,0.06005113199353218,0.44496989250183105,0.011301994323730469,210.0,0.1816205084323883,100.0,2.2514519691467285,-0.004563076887279749,0.21570737659931183,0.0,0.9999008178710938
311,,,,,,,,-2.102327346801758,0.0001500000071246177,-0.0099369827657938,0.026248961687088013,0.4254889488220215,0.011144161224365234,219.0,0.18178851902484894,100.0,2.2443714141845703,-0.00530041242018342,0.0001949355355463922,0.0,0.9998251795768738
312,,,,,,,,-2.110342502593994,6.666666740784422e-05,-0.01770036667585373,0.03470252454280853,0.45206785202026367,0.011902809143066406,206.0,0.18128815293312073,100.0,2.2443714141845703,-0.004979212302714586,0.18552599847316742,0.0,0.9999141693115234
313,,,,,,,,-2.1322879791259766,4.444444493856281e-05,-0.026370033621788025,0.001475654891692102,0.4164919853210449,0.011662006378173828,224.0,0.1809396892786026,100.0,2.2443952560424805,-0.00448589539155364,3.0794052046338235e-21,0.0,0.9998912811279297
314,,,,,,,,-2.1420836448669434,9.999999747378752e-05,-0.012691313400864601,0.04746241867542267,0.44841599464416504,0.012176036834716797,208.0,0.1808546483516693,100.0,2.2485439777374268,-0.005047721788287163,0.20737718045711517,0.0,0.9999306201934814
315,,,,,,,,-2.1438798904418945,2.9629629352712072e-05,-0.024399733170866966,0.02141002006828785,0.43755197525024414,0.01321721076965332,212.0,0.18089252710342407,100.0,2.2485439777374268,-0.004930934403091669,0.0001882897922769189,0.0,0.9998137950897217
316,,,,,,,,-2.141040802001953,0.00022499999613501132,-0.011970003135502338,0.02861899510025978,0.4472980499267578,0.014026880264282227,208.0,0.18115469813346863,100.0,2.252091646194458,-0.004451784770935774,0.16718478500843048,0.0,0.9999156594276428
317,,,,,,,,-2.1346001625061035,2.9629629352712072e-05,-0.01736283488571644,0.001514281495474279,0.5036029815673828,0.012592077255249023,185.0,0.18136784434318542,100.0,2.252091646194458,-0.004734921734780073,3.2698016928615903e-13,0.0,0.9998876452445984
318,,,,,,,,-2.13142466545105,0.0001500000071246177,-0.017179911956191063,0.02630433812737465,0.4415242671966553,0.013325691223144531,211.0,0.18145908415317535,100.0,2.2496395111083984,-0.004578181076794863,0.1935470700263977,0.0,0.9999606013298035
319,,,,,,,,-2.1299939155578613,4.444444493856281e-05,-0.025478117167949677,0.020240431651473045,0.4304938316345215,0.011622905731201172,217.0,0.18141217529773712,100.0,2.242708444595337,-0.004475281108170748,0.17753328382968903,0.0,0.9997947216033936
320,,,,,,,,-2.1337966918945312,6.666666740784422e-05,-0.013351614587008953,0.006007546558976173,0.4333958625793457,0.013180017471313477,214.0,0.18128859996795654,100.0,2.2459115982055664,-0.004889437463134527,0.0003624550299718976,0.0,0.9999098181724548
321,,,,,,,,-2.1364619731903076,6.666666740784422e-05,-0.02704705484211445,0.013763505034148693,0.41681408882141113,0.011455059051513672,224.0,0.18116234242916107,100.0,2.2459115982055664,-0.004513254854828119,0.000322274659993127,0.0,0.9999041557312012
322,,,,,,,,-2.141160488128662,9.999999747378752e-05,-0.014269496314227581,0.0029553144704550505,0.4433000087738037,0.012792110443115234,210.0,0.18101546168327332,100.0,2.248378276824951,-0.004701227881014347,2.1794791749130127e-08,0.0,0.9999606013298035
323,,,,,,,,-2.1475911140441895,9.999999747378752e-05,-0.016117218881845474,0.034010276198387146,0.4304170608520508,0.011270999908447266,217.0,0.18088462948799133,100.0,2.24837589263916,-0.004847547505050898,0.1957700252532959,0.0,0.9998202323913574
324,,,,,,,,-2.1530113220214844,6.666666740784422e-05,-0.025686683133244514,0.015559453517198563,0.4289841651916504,0.011487007141113281,217.0,0.18075159192085266,100.0,2.2483596801757812,-0.004738701041787863,0.18152235448360443,0.0,0.9998713135719299
325,,,,,,,,-2.1603658199310303,6.666666740784422e-05,-0.014782111160457134,0.02068609558045864,0.4266090393066406,0.013686895370483398,218.0,0.18049414455890656,100.0,2.2483596801757812,-0.005107199773192406,0.18914629518985748,0.0,0.9998860955238342
326,,,,,,,,-2.1782736778259277,6.666666740784422e-05,-0.03189127519726753,0.00047685980098322034,0.43736696243286133,0.011468172073364258,213.0,0.1799900382757187,100.0,2.246135950088501,-0.005087647587060928,1.2714713005136829e-37,0.0,0.9999622702598572
327,,,,,,,,-2.1893045902252197,4.444444493856281e-05,-0.018943913280963898,0.047648657113313675,0.43027615547180176,0.012539863586425781,216.0,0.18001174926757812,100.0,2.2496321201324463,-0.004618467763066292,0.19052845239639282,0.0,0.9998356699943542
328,,,,,,,,-2.1874117851257324,6.666666740784422e-05,-0.008356857113540173,0.020055372267961502,0.4413328170776367,0.012109041213989258,211.0,0.17998746037483215,100.0,2.253262758255005,-0.004776068031787872,0.17596153914928436,0.0,0.9998639225959778
329,,,,,,,,-2.1849355697631836,2.9629629352712072e-05,-0.02100132778286934,0.018718114122748375,0.41507983207702637,0.011874198913574219,224.0,0.1800226867198944,100.0,2.253262758255005,-0.004591220989823341,0.1919063776731491,0.0,0.9999117255210876
330,,,,,,,,-2.176924705505371,0.00022499999613501132,-0.016220713034272194,0.0009189017000608146,0.4349989891052246,0.012711286544799805,214.0,0.1805233657360077,100.0,2.250880479812622,-0.005379048641771078,9.523224363551457e-42,0.0,0.9999509453773499
331,,,,,,,,-2.1515815258026123,2.9629629352712072e-05,-0.02056834287941456,0.06250355392694473,0.43316221237182617,0.011145830154418945,216.0,0.18096120655536652,100.0,2.2492635250091553,-0.005181439686566591,0.20807088911533356,0.0,0.9998805522918701
332,,,,,,,,-2.138327121734619,0.00022499999613501132,-0.013397200964391232,0.017075926065444946,0.43061375617980957,0.011137008666992188,217.0,0.18127936124801636,100.0,2.252936363220215,-0.004929009824991226,0.18391776084899902,0.0,0.999854564666748
333,,,,,,,,-2.1232078075408936,9.999999747378752e-05,-0.018368076533079147,0.008247770369052887,0.4255228042602539,0.011139154434204102,219.0,0.1813001185655594,100.0,2.252936363220215,-0.004960151389241219,0.17562663555145264,0.0,0.9999172687530518
334,,,,,,,,-2.1184821128845215,4.444444493856281e-05,-0.025328636169433594,0.0014390398282557726,0.4299192428588867,0.015083551406860352,215.0,0.18126924335956573,100.0,2.256896734237671,-0.005516171921044588,3.2033975485225937e-32,0.0,0.9999282360076904
335,,,,,,,,-2.1197240352630615,9.999999747378752e-05,-0.008792953565716743,0.007316834758967161,0.45835304260253906,0.011531829833984375,204.0,0.18110482394695282,100.0,2.26041841506958,-0.0047722770832479,0.3047655522823334,0.0,0.9998974204063416
336,,,,,,,,-2.1275179386138916,4.444444493856281e-05,-0.02367686666548252,0.003050076076760888,0.4286379814147949,0.011554956436157227,218.0,0.18095992505550385,100.0,2.2573869228363037,-0.004641470033675432,0.145745187997818,0.0,0.9998157620429993
337,,,,,,,,-2.129904270172119,6.666666740784422e-05,-0.018852215260267258,0.01142126228660345,0.4341409206390381,0.011414051055908203,215.0,0.1809590607881546,100.0,2.2573869228363037,-0.00487716356292367,0.07471354305744171,0.0,0.9999198913574219
338,,,,,,,,-2.12923526763916,4.444444493856281e-05,-0.023484131321310997,0.0007422851049341261,0.441195011138916,0.01499485969543457,210.0,0.1809835433959961,100.0,2.259953260421753,-0.005060102324932814,0.0,0.0,0.999921977519989
339,,,,,,,,-2.1282706260681152,6.666666740784422e-05,-0.01694597117602825,0.0862930417060852,0.47583913803100586,0.01383209228515625,196.0,0.18098202347755432,100.0,2.2660462856292725,-0.004508537705987692,0.0,0.0,0.9999452233314514
340,,,,,,,,-2.1305038928985596,4.444444493856281e-05,-0.03251803666353226,0.016071319580078125,0.474323034286499,0.013375997543334961,196.0,0.18096138536930084,100.0,2.2660462856292725,-0.004576240200549364,0.19666297733783722,0.0,0.9998493194580078
341,,,,,,,,-2.130436897277832,4.444444493856281e-05,-0.020153451710939407,0.020530760288238525,0.4974038600921631,0.012649059295654297,188.0,0.18095824122428894,100.0,2.267472982406616,-0.004918087739497423,0.22577719390392303,0.0,0.9999019503593445
342,,,,,,,,-2.134525775909424,4.444444493856281e-05,-0.015223653987050056,0.0015605533262714744,0.47354698181152344,0.012240886688232422,197.0,0.18073789775371552,100.0,2.267472982406616,-0.005138126667588949,1.5994514573928795e-23,0.0,0.9998950362205505
343,,,,,,,,-2.140268087387085,0.00022499999613501132,-0.010743792168796062,0.013841243460774422,0.4917120933532715,0.011540889739990234,190.0,0.18081152439117432,100.0,2.2615816593170166,-0.005429765675216913,0.16759522259235382,0.0,0.999962329864502
344,,,,,,,,-2.1338131427764893,4.444444493856281e-05,-0.011311192065477371,0.02352238819003105,0.4385709762573242,0.010879039764404297,213.0,0.1810394525527954,100.0,2.2588467597961426,-0.0049577453173696995,0.1658254712820053,0.0,0.9997965693473816
345,,,,,,,,-2.1295926570892334,9.999999747378752e-05,-0.020627867430448532,0.007514472119510174,0.4595761299133301,0.014482975006103516,202.0,0.18094909191131592,100.0,2.2565419673919678,-0.004962253849953413,0.00015469270874746144,0.0,0.9999198913574219
346,,,,,,,,-2.132455825805664,4.444444493856281e-05,-0.01601611264050007,0.03129434958100319,0.42112207412719727,0.010672807693481445,222.0,0.1809261590242386,100.0,2.2565419673919678,-0.0055260672233998775,0.0001257045951206237,0.0,0.999910295009613
347,,,,,,,,-2.130814790725708,6.666666740784422e-05,-0.016638347879052162,0.0034413267858326435,0.4811561107635498,0.011147022247314453,195.0,0.18098615109920502,100.0,2.24941086769104,-0.004780197516083717,6.477044234287632e-09,0.0,0.9999690651893616
348,,,,,,,,-2.130357027053833,2.9629629352712072e-05,-0.018748292699456215,0.03752029687166214,0.45311713218688965,0.011489152908325195,206.0,0.18093456327915192,100.0,2.2430009841918945,-0.005235752556473017,0.12464979290962219,0.0,0.9998349547386169
349,,,,,,,,-2.135637044906616,6.666666740784422e-05,-0.019371435046195984,0.012862672097980976,0.4629960060119629,0.012135028839111328,202.0,0.18073904514312744,100.0,2.243010997772217,-0.004629283677786589,0.20661483705043793,0.0,0.9998831152915955
350,,,,,,,,-2.1462366580963135,4.444444493856281e-05,-0.02136250212788582,0.013143305666744709,0.43735289573669434,0.011442899703979492,213.0,0.18046778440475464,100.0,2.243010997772217,-0.0041204472072422504,0.18074314296245575,0.0,0.9999046921730042
351,,,,,,,,-2.1586432456970215,9.999999747378752e-05,-0.016640199348330498,0.00029997614910826087,0.46413326263427734,0.010742902755737305,202.0,0.18002696335315704,100.0,2.245401620864868,-0.004721860866993666,2.31586552737273e-34,0.0,0.9999707341194153
352,,,,,,,,-2.1743369102478027,6.666666740784422e-05,-0.01992747001349926,0.04459337145090103,0.4314277172088623,0.011831045150756836,216.0,0.1797284334897995,100.0,2.2423791885375977,-0.004425887484103441,0.1405380666255951,0.0,0.9998326301574707
353,,,,,,,,-2.1772944927215576,4.444444493856281e-05,-0.01717369630932808,0.03360339254140854,0.4562370777130127,0.011000633239746094,205.0,0.17987115681171417,100.0,2.23984694480896,-0.004918035585433245,0.00023859397333581,0.0,0.9998862147331238
354,,,,,,,,-2.1683692932128906,6.666666740784422e-05,-0.01604340225458145,0.01787569932639599,0.41937994956970215,0.012019872665405273,222.0,0.18014809489250183,100.0,2.23984694480896,-0.0051153055392205715,0.1396181732416153,0.0,0.9999184012413025
355,,,,,,,,-2.1581664085388184,6.666666740784422e-05,-0.014947475865483284,0.0008531239000149071,0.47179412841796875,0.011513710021972656,198.0,0.1803503930568695,100.0,2.242541790008545,-0.0049903676845133305,2.129517136808819e-18,0.0,0.9999577403068542
356,,,,,,,,-2.1515910625457764,6.666666740784422e-05,-0.02076122723519802,0.037960682064294815,0.4340190887451172,0.010514259338378906,215.0,0.18048980832099915,100.0,2.2425522804260254,-0.005259331315755844,0.39682069420814514,0.0,0.9998607635498047
357,,,,,,,,-2.1461305618286133,4.444444493856281e-05,-0.02449336089193821,0.04362751543521881,0.459439754486084,0.010927200317382812,204.0,0.1806831955909729,100.0,2.245213747024536,-0.005038291681557894,0.0005107331089675426,0.0,0.9998704791069031
358,,,,,,,,-2.1394996643066406,6.666666740784422e-05,-0.01718033105134964,0.03830074146389961,0.4101569652557373,0.010720968246459961,228.0,0.18088304996490479,100.0,2.245213747024536,-0.005547494161874056,5.268599488772452e-05,0.0,0.9999406337738037
359,,,,,,,,-2.1349220275878906,4.444444493856281e-05,-0.015089994296431541,0.005123409908264875,0.4270329475402832,0.010637998580932617,219.0,0.18090908229351044,100.0,2.2526209354400635,-0.004614465404301882,0.0004497226036619395,0.0,0.9999515414237976
360,,,,,,,,-2.1340532302856445,6.666666740784422e-05,-0.02243691310286522,0.05939246714115143,0.45198488235473633,0.011354923248291016,207.0,0.18099850416183472,100.0,2.248015880584717,-0.004421337507665157,0.1600048691034317,0.0,0.9999098777770996
361,,,,,,,,-2.1279444694519043,9.999999747378752e-05,-0.01268974132835865,0.028675345703959465,0.4134998321533203,0.010953187942504883,226.0,0.18130460381507874,100.0,2.2480199337005615,-0.005266636610031128,0.1602485179901123,0.0,0.9998487830162048
362,,,,,,,,-2.1076250076293945,6.666666740784422e-05,-0.02511587366461754,0.025743676349520683,0.419658899307251,0.010795116424560547,223.0,0.18196696043014526,100.0,2.2480199337005615,-0.004472315311431885,9.578124968503965e-13,0.0,0.9999200701713562
363,,,,,,,,-2.0880510807037354,2.9629629352712072e-05,-0.025085506960749626,0.0063529121689498425,0.4075357913970947,0.010844230651855469,229.0,0.18219296634197235,100.0,2.2455649375915527,-0.0046081445179879665,0.00019701600831467658,0.0,0.9999424815177917
364,,,,,,,,-2.082862615585327,9.999999747378752e-05,-0.012284566648304462,0.033369552344083786,0.4500720500946045,0.011090993881225586,208.0,0.1822556108236313,100.0,2.2482309341430664,-0.0053633530624210835,9.767833243634616e-13,0.0,0.9999468922615051
365,,,,,,,,-2.0833866596221924,4.444444493856281e-05,-0.0208958201110363,0.024383576586842537,0.42531394958496094,0.010838985443115234,220.0,0.18208900094032288,100.0,2.2482309341430664,-0.005470064003020525,0.0007515850011259317,0.0,0.9998831748962402
366,,,,,,,,-2.0871405601501465,4.444444493856281e-05,0.0013905742671340704,0.013942224904894829,0.4246866703033447,0.010528087615966797,220.0,0.18204081058502197,100.0,2.2481141090393066,-0.0058051045052707195,0.043468598276376724,0.0,0.9999447464942932
367,,,,,,,,-2.0947265625,9.999999747378752e-05,-0.01014748029410839,0.0024588091764599085,0.41220617294311523,0.010839700698852539,226.0,0.18156680464744568,100.0,2.2481141090393066,-0.004525406751781702,1.24161435188677e-15,0.0,0.9999290108680725
368,,,,,,,,-2.10544490814209,6.666666740784422e-05,-0.026637854054570198,0.007452567107975483,0.43053197860717773,0.011116981506347656,217.0,0.1815909445285797,100.0,2.2382373809814453,-0.005081711802631617,3.13890856008759e-42,0.0,0.9999727606773376
369,,,,,,,,-2.099578619003296,4.444444493856281e-05,-0.024021493270993233,0.051349036395549774,0.46428489685058594,0.010782957077026367,202.0,0.18176038563251495,100.0,2.2381529808044434,-0.005084046628326178,0.16768835484981537,0.0,0.9998800158500671
370,,,,,,,,-2.095701217651367,6.666666740784422e-05,-0.0187858697026968,0.004468847531825304,0.4265422821044922,0.010792970657348633,219.0,0.1817293018102646,100.0,2.2388575077056885,-0.004407759755849838,1.8363496279150127e-09,0.0,0.9999158382415771
371,,,,,,,,-2.09675669670105,0.00022499999613501132,-0.016724340617656708,0.03402777761220932,0.4144868850708008,0.0108489990234375,225.0,0.18176326155662537,100.0,2.2388575077056885,-0.004860988352447748,0.16846781969070435,0.0,0.9999100565910339
372,,,,,,,,-2.0898754596710205,6.666666740784422e-05,-0.026780089363455772,0.0018930963706225157,0.4304678440093994,0.010785102844238281,217.0,0.18205109238624573,100.0,2.2301599979400635,-0.004959057550877333,1.8701905711030843e-23,0.0,0.9999791979789734
373,,,,,,,,-2.0832488536834717,4.444444493856281e-05,-0.011641073040664196,0.03477795422077179,0.4239659309387207,0.010718107223510742,220.0,0.1821993589401245,100.0,2.23258900642395,-0.004827002063393593,0.33095648884773254,0.0,0.9998269081115723
374,,,,,,,,-2.0807480812072754,4.444444493856281e-05,-0.01831280067563057,0.01057744026184082,0.42089295387268066,0.010732889175415039,222.0,0.1821630299091339,100.0,2.231226682662964,-0.0050444952212274075,0.16036587953567505,0.0,0.9999001622200012
375,,,,,,,,-2.0836031436920166,4.444444493856281e-05,-0.008983710780739784,0.0155995674431324,0.4094071388244629,0.010926961898803711,228.0,0.182043194770813,100.0,2.231226682662964,-0.005689622368663549,0.155325248837471,0.0,0.9999217391014099
376,,,,,,,,-2.090190887451172,9.999999747378752e-05,-0.01747480407357216,0.003242773236706853,0.4239981174468994,0.010626792907714844,220.0,0.18169663846492767,100.0,2.2291882038116455,-0.004670961294323206,0.0,0.0,0.9999769330024719
377,,,,,,,,-2.1038436889648438,4.444444493856281e-05,-0.020666470751166344,0.018358496949076653,0.4310719966888428,0.010387182235717773,217.0,0.18149098753929138,100.0,2.2275190353393555,-0.0049641854129731655,0.30937206745147705,0.0,0.9998469352722168
378,,,,,,,,-2.108241319656372,4.444444493856281e-05,-0.018492698669433594,0.005238648038357496,0.438582181930542,0.010794878005981445,213.0,0.1815055012702942,100.0,2.2266275882720947,-0.005070237442851067,0.11913072317838669,0.0,0.9998951554298401
379,,,,,,,,-2.1095709800720215,9.999999747378752e-05,-0.012639339081943035,0.010547978803515434,0.41391587257385254,0.010956048965454102,225.0,0.18138481676578522,100.0,2.2266275882720947,-0.004815309774130583,0.016382280737161636,0.0,0.9999381899833679
380,,,,,,,,-2.11503267288208,9.999999747378752e-05,-0.01165662333369255,0.004505176562815905,0.4402749538421631,0.01337289810180664,211.0,0.18118420243263245,100.0,2.2309017181396484,-0.0048856246285140514,0.0,0.0,0.9999730587005615
381,,,,,,,,-2.1214096546173096,9.999999747378752e-05,-0.009300114586949348,0.016107529401779175,0.43875813484191895,0.010780811309814453,213.0,0.18101879954338074,100.0,2.227602481842041,-0.0048004514537751675,0.30403098464012146,0.0,0.9998836517333984
382,,,,,,,,-2.128046751022339,2.9629629352712072e-05,-0.024735668674111366,0.006808395963162184,0.4191410541534424,0.010756969451904297,223.0,0.180840402841568,100.0,2.2227272987365723,-0.005080207716673613,0.16146011650562286,0.0,0.9998760223388672
383,,,,,,,,-2.136096477508545,2.9629629352712072e-05,-0.027299009263515472,0.005261384882032871,0.41317200660705566,0.010982990264892578,226.0,0.18060515820980072,100.0,2.2227272987365723,-0.005895491689443588,0.16560499370098114,0.0,0.9999323487281799
384,,,,,,,,-2.1444380283355713,6.666666740784422e-05,-0.015949668362736702,0.0008380254148505628,0.40337109565734863,0.010671138763427734,231.0,0.18044878542423248,100.0,2.218625545501709,-0.004750870633870363,0.0,0.0,0.9999526143074036
385,,,,,,,,-2.151550769805908,4.444444493856281e-05,-0.012156999669969082,0.05649340897798538,0.43814992904663086,0.011351823806762695,213.0,0.1803000271320343,100.0,2.216641426086426,-0.004877608269453049,0.13969318568706512,0.0,0.9999316334724426
386,,,,,,,,-2.1612915992736816,2.9629629352712072e-05,-0.008263086900115013,0.006770970765501261,0.41516613960266113,0.010703086853027344,225.0,0.17997775971889496,100.0,2.2160208225250244,-0.004463065881282091,0.125165656208992,0.0,0.9998971819877625
387,,,,,,,,-2.175442934036255,9.999999747378752e-05,-0.014021232724189758,0.005751420743763447,0.44672608375549316,0.012270927429199219,209.0,0.17968817055225372,100.0,2.2160208225250244,-0.004275798331946135,0.05644717440009117,0.0,0.9999448657035828
388,,,,,,,,-2.1898386478424072,4.444444493856281e-05,-0.023393578827381134,0.000987956183962524,0.40784287452697754,0.010994195938110352,229.0,0.17950314283370972,100.0,2.218353748321533,-0.005350970197468996,9.985296179585313e-15,0.0,0.99993896484375
389,,,,,,,,-2.1998965740203857,6.666666740784422e-05,-0.01961384527385235,0.04108613729476929,0.4504098892211914,0.011147022247314453,207.0,0.1791812628507614,100.0,2.2108538150787354,-0.004756988026201725,0.07219715416431427,0.0,0.9999518990516663
390,,,,,,,,-2.208353281021118,4.444444493856281e-05,-0.01976053975522518,0.0061335330829024315,0.46540117263793945,0.010915040969848633,201.0,0.17918938398361206,100.0,2.2108538150787354,-0.00457268301397562,0.04400354251265526,0.0,0.9998931884765625
391,,,,,,,,-2.207000970840454,4.444444493856281e-05,-0.02974032238125801,0.010540831834077835,0.4253537654876709,0.01089024543762207,220.0,0.1792251020669937,100.0,2.2076029777526855,-0.004993096459656954,0.12202788144350052,0.0,0.9999392032623291
392,,,,,,,,-2.2077908515930176,4.444444493856281e-05,-0.01950577273964882,0.0007044489029794931,0.4157378673553467,0.012676000595092773,224.0,0.17915289103984833,100.0,2.2076029777526855,-0.005051403306424618,4.431469522428821e-25,0.0,0.999925434589386
393,,,,,,,,-2.2091450691223145,6.666666740784422e-05,-0.00950663723051548,0.014389775693416595,0.4510619640350342,0.012643098831176758,207.0,0.17925377190113068,100.0,2.1999478340148926,-0.005616732407361269,0.0,0.0,0.9999656677246094
394,,,,,,,,-2.2011923789978027,4.444444493856281e-05,-0.017401235178112984,0.01755623333156109,0.4506368637084961,0.01106405258178711,207.0,0.17950673401355743,100.0,2.2007968425750732,-0.004192436579614878,0.03823181614279747,0.0,0.999896764755249
395,,,,,,,,-2.194270610809326,9.999999747378752e-05,-0.008622189052402973,0.005115034058690071,0.45522475242614746,0.012330055236816406,205.0,0.17955149710178375,100.0,2.2029197216033936,-0.004996056202799082,0.00030397807131521404,0.0,0.9999499320983887
396,,,,,,,,-2.193272590637207,6.666666740784422e-05,-0.02064361609518528,0.014045684598386288,0.4049642086029053,0.010788679122924805,230.0,0.17966336011886597,100.0,2.2029197216033936,-0.0044404286891222,0.00017987248429562896,0.0,0.9999335408210754
397,,,,,,,,-2.188045024871826,2.9629629352712072e-05,-0.023686666041612625,0.0029462547972798347,0.42386484146118164,0.010669231414794922,220.0,0.1797671616077423,100.0,2.1943511962890625,-0.004489913582801819,3.148686289478064e-08,0.0,0.9999737739562988
398,,,,,,,,-2.1841063499450684,0.0001500000071246177,-0.009949920699000359,0.01898437738418579,0.4523038864135742,0.012201070785522461,206.0,0.1798526495695114,100.0,2.193385124206543,-0.005668504163622856,0.0005969016929157078,0.0,0.999900758266449
399,,,,,,,,-2.1840593814849854,4.444444493856281e-05,-0.040719058364629745,0.009166001342236996,0.4289700984954834,0.011176824569702148,218.0,0.17975017428398132,100.0,2.1886308193206787,-0.004584794398397207,0.0004725012695416808,0.0,0.9999377131462097
400,,,,,,,,-2.190891981124878,6.666666740784422e-05,-0.009283318184316158,0.005779199302196503,0.4356563091278076,0.011816740036010742,214.0,0.17956307530403137,100.0,2.1886308193206787,-0.005064517725259066,0.00014356609608512372,0.0,0.9999297261238098
401,,,,,,,,-2.199101686477661,9.999999747378752e-05,-0.018461085855960846,0.0066892607137560844,0.4507319927215576,0.011788129806518555,207.0,0.17929795384407043,100.0,2.181396007537842,-0.004525476600974798,1.642032202653354e-06,0.0,0.9999725222587585
402,,,,,,,,-2.2057478427886963,4.444444493856281e-05,-0.03470144793391228,0.006448432337492704,0.5444049835205078,0.011568784713745117,172.0,0.1791980117559433,100.0,2.1778981685638428,-0.005002687219530344,0.0006882490124553442,0.0,0.9999080300331116
403,,,,,,,,-2.2094545364379883,6.666666740784422e-05,-0.014758332632482052,0.03470788151025772,0.5544931888580322,0.011952877044677734,169.0,0.1791752427816391,100.0,2.177903175354004,-0.004417499527335167,0.09068421274423599,0.0,0.9999200701713562
404,,,,,,,,-2.2103238105773926,2.9629629352712072e-05,-0.022648021578788757,0.010571764782071114,0.40960097312927246,0.011040925979614258,228.0,0.17919142544269562,100.0,2.177903175354004,-0.004858552478253841,0.012682775966823101,0.0,0.999931275844574
405,,,,,,,,-2.2096357345581055,9.999999747378752e-05,-0.01680527999997139,0.0016837995499372482,0.6376368999481201,0.01482701301574707,147.0,0.17916938662528992,100.0,2.169390916824341,-0.004564003553241491,4.33720056773587e-33,0.0,0.9999659657478333
406,,,,,,,,-2.2136502265930176,4.444444493856281e-05,-0.021994058042764664,0.00900482852011919,0.7067587375640869,0.011226177215576172,133.0,0.17888528108596802,100.0,2.166944980621338,-0.004704815801233053,9.29853631532751e-05,0.0,0.999914824962616
407,,,,,,,,-2.222963333129883,6.666666740784422e-05,-0.00820452906191349,0.014665293507277966,0.4561142921447754,0.014806032180786133,203.0,0.17863032221794128,100.0,2.1636972427368164,-0.004495670553296804,0.00023355403391178697,0.0,0.9999324679374695
408,,,,,,,,-2.229907274246216,4.444444493856281e-05,-0.023701008409261703,0.00852270144969225,0.5785882472991943,0.018755674362182617,160.0,0.17851988971233368,100.0,2.1636972427368164,-0.004600206855684519,1.8449662093189545e-05,0.0,0.9999440312385559
409,,,,,,,,-2.232724189758301,1.975308623514138e-05,-0.02729055844247341,0.005227020941674709,0.4930989742279053,0.01412200927734375,189.0,0.17842285335063934,100.0,2.160210132598877,-0.004069158341735601,0.00014392092998605222,0.0,0.9999582171440125
410,,,,,,,,-2.2358956336975098,0.00022499999613501132,-0.007694256491959095,0.07589079439640045,0.4750862121582031,0.01202392578125,197.0,0.17842257022857666,100.0,2.1590981483459473,-0.005230574402958155,0.1654820442199707,0.0,0.9999151229858398
411,,,,,,,,-2.2375388145446777,1.975308623514138e-05,-0.0255722738802433,0.015374838374555111,0.44997501373291016,0.030416250228881836,199.0,0.17851823568344116,100.0,2.155590534210205,-0.005270199850201607,1.2634955548075575e-27,0.0,0.9998979568481445
412,,,,,,,,-2.236630439758301,4.444444493856281e-05,-0.02172631397843361,0.006104306783527136,0.4799339771270752,0.014153003692626953,194.0,0.178519606590271,100.0,2.155590534210205,-0.004845976363867521,0.00013528121053241193,0.0,0.9999465942382812
413,,,,,,,,-2.2408370971679688,4.444444493856281e-05,-0.01905347965657711,0.002607946749776602,0.4310150146484375,0.01106405258178711,217.0,0.17832592129707336,100.0,2.157783031463623,-0.005113495048135519,0.00020130503980908543,0.0,0.9999486804008484
414,,,,,,,,-2.2495293617248535,6.666666740784422e-05,-0.018136821687221527,0.04572809115052223,0.5188250541687012,0.012733936309814453,180.0,0.17807315289974213,100.0,2.155287504196167,-0.004614105448126793,0.20564572513103485,0.0,0.9999487996101379
415,,,,,,,,-2.263584852218628,2.9629629352712072e-05,-0.016138385981321335,0.013383222743868828,0.5082852840423584,0.013108015060424805,184.0,0.1777142435312271,100.0,2.155287504196167,-0.004296493250876665,0.0,0.0,0.9998869299888611
416,,,,,,,,-2.274413824081421,2.9629629352712072e-05,-0.01800289750099182,0.004326674155890942,0.4962327480316162,0.011033296585083008,189.0,0.1774795800447464,100.0,2.155290126800537,-0.004398674238473177,0.00010706271859817207,0.0,0.9999462962150574
417,,,,,,,,-2.2822794914245605,9.999999747378752e-05,-0.015212525613605976,0.0035449257120490074,0.4162869453430176,0.01058506965637207,224.0,0.17731139063835144,100.0,2.155290126800537,-0.005218129605054855,0.00016302848234772682,0.0,0.9999377131462097
418,,,,,,,,-2.286644220352173,6.666666740784422e-05,-0.0213930644094944,0.02342359721660614,0.46811509132385254,0.010803937911987305,200.0,0.17724427580833435,100.0,2.1551051139831543,-0.005500771105289459,0.07102078944444656,0.0,0.9999603629112244
419,,,,,,,,-2.2875146865844727,0.0003375000087544322,-0.006483663804829121,0.017675282433629036,0.4468419551849365,0.013132095336914062,208.0,0.17737063765525818,100.0,2.155092477798462,-0.004477202892303467,0.07839389890432358,0.0,0.9998785853385925
420,,,,,,,,-2.278069019317627,1.975308623514138e-05,-0.02509158104658127,0.00469308951869607,0.4517631530761719,0.012970924377441406,206.0,0.1775338053703308,100.0,2.1515347957611084,-0.004832956939935684,0.000179512077011168,0.0,0.9999465346336365
421,,,,,,,,-2.2747278213500977,6.666666740784422e-05,-0.013544033281505108,0.006389965768903494,0.40896105766296387,0.010890007019042969,228.0,0.177590012550354,100.0,2.1515347957611084,-0.004614733625203371,5.152732410351746e-05,0.0,0.9999328255653381
422,,,,,,,,-2.2686331272125244,4.444444493856281e-05,-0.00927144754678011,0.0023543115239590406,0.44269299507141113,0.011294126510620117,211.0,0.1778327375650406,100.0,2.1504251956939697,-0.004614985082298517,6.670108465556268e-09,0.0,0.9999743103981018
423,,,,,,,,-2.260948657989502,2.9629629352712072e-05,-0.018324853852391243,0.009207974188029766,0.43216514587402344,0.013782739639282227,215.0,0.17788450419902802,100.0,2.1504156589508057,-0.005402520764619112,0.0003532998962327838,0.0,0.9999005794525146
424,,,,,,,,-2.26092791557312,0.00022499999613501132,-0.011552182957530022,0.0037274451460689306,0.453092098236084,0.015588045120239258,204.0,0.17787811160087585,100.0,2.147214651107788,-0.004875309765338898,0.0001012311622616835,0.0,0.9999408721923828
425,,,,,,,,-2.2697057723999023,4.444444493856281e-05,-0.02966456115245819,0.03889140859246254,0.4287099838256836,0.01143193244934082,218.0,0.1775587797164917,100.0,2.147214651107788,-0.004631060175597668,0.2170671820640564,0.0,0.999924898147583
426,,,,,,,,-2.2756235599517822,4.444444493856281e-05,-0.024525044485926628,0.0009862702572718263,0.4352588653564453,0.010556936264038086,215.0,0.17758871614933014,100.0,2.1400787830352783,-0.0044677467085421085,4.759652982386241e-22,0.0,0.9999725222587585
427,,,,,,,,-2.275125503540039,2.9629629352712072e-05,-0.020436950027942657,0.04879121109843254,0.4637587070465088,0.013150930404663086,201.0,0.17756012082099915,100.0,2.1400697231292725,-0.005194813944399357,0.3113231658935547,0.0,0.9998791813850403
428,,,,,,,,-2.277879476547241,6.666666740784422e-05,-0.017763230949640274,0.024983832612633705,0.45196080207824707,0.011835098266601562,206.0,0.1774682104587555,100.0,2.1442387104034424,-0.004961316008120775,0.21054524183273315,0.0,0.9999122023582458
429,,,,,,,,-2.279127836227417,6.666666740784422e-05,-0.015273883007466793,0.0031784786842763424,0.42464327812194824,0.011661767959594727,220.0,0.1775023639202118,100.0,2.1442387104034424,-0.00473313732072711,0.015329193323850632,0.0,0.9999411702156067
430,,,,,,,,-2.2777249813079834,4.444444493856281e-05,-0.026649298146367073,0.0007409938261844218,0.4254326820373535,0.0109100341796875,220.0,0.17752401530742645,100.0,2.146466016769409,-0.004663067404180765,0.0,0.0,0.9999739527702332
431,,,,,,,,-2.279080390930176,4.444444493856281e-05,-0.02434263378381729,0.024133238941431046,0.44019603729248047,0.013936996459960938,211.0,0.17746885120868683,100.0,2.1470165252685547,-0.00459649320691824,0.20265382528305054,0.0,0.9998958706855774
432,,,,,,,,-2.287426710128784,0.0001500000071246177,-0.006403328850865364,0.018824659287929535,0.43709802627563477,0.011172056198120117,214.0,0.17701254785060883,100.0,2.143679141998291,-0.004998236428946257,0.21758295595645905,0.0,0.9998953342437744
433,,,,,,,,-2.3124008178710938,4.444444493856281e-05,-0.013502988032996655,0.013191266916692257,0.4111497402191162,0.010505199432373047,227.0,0.17655597627162933,100.0,2.143679141998291,-0.004530289676040411,0.1945907473564148,0.0,0.9999289512634277
434,,,,,,,,-2.324120283126831,4.444444493856281e-05,-0.02584724687039852,0.0012128832750022411,0.42218780517578125,0.011085033416748047,221.0,0.17642144858837128,100.0,2.1439220905303955,-0.004625152796506882,0.0,0.0,0.9999505877494812
435,,,,,,,,-2.330578565597534,6.666666740784422e-05,-0.015207506716251373,0.016672907397150993,0.44892311096191406,0.010877847671508789,208.0,0.1761891096830368,100.0,2.144726037979126,-0.00469371909275651,0.33685776591300964,0.0,0.9999151229858398
436,,,,,,,,-2.3449292182922363,4.444444493856281e-05,-0.020423945039510727,0.010872731916606426,0.43549323081970215,0.011108875274658203,214.0,0.17573603987693787,100.0,2.144773244857788,-0.004452993627637625,0.23957760632038116,0.0,0.9998651146888733
437,,,,,,,,-2.3626205921173096,2.9629629352712072e-05,-0.018394289538264275,0.00831684935837984,0.4174478054046631,0.012122869491577148,223.0,0.17542392015457153,100.0,2.144773244857788,-0.004644120577722788,0.20571833848953247,0.0,0.9999341368675232
438,,,,,,,,-2.3730053901672363,9.999999747378752e-05,-0.011439348571002483,0.0008049019379541278,0.42218804359436035,0.010870695114135742,221.0,0.1752438247203827,100.0,2.1485743522644043,-0.004498085007071495,0.0,0.0,0.9999362826347351
439,,,,,,,,-2.3848063945770264,6.666666740784422e-05,-0.02376292645931244,0.07382593303918839,0.4360630512237549,0.012698888778686523,213.0,0.17489854991436005,100.0,2.148364543914795,-0.004599038511514664,3.1694265267834254e-14,0.0,0.9999532699584961
440,,,,,,,,-2.3958585262298584,2.9629629352712072e-05,-0.038490161299705505,0.043765608221292496,0.44381093978881836,0.010795831680297852,211.0,0.17468589544296265,100.0,2.148364543914795,-0.004986096639186144,0.00015525490744039416,0.0,0.9999025464057922
441,,,,,,,,-2.399397850036621,9.999999747378752e-05,-0.012876036576926708,0.021211257204413414,0.42569804191589355,0.010904788970947266,219.0,0.17470359802246094,100.0,2.1489551067352295,-0.004469374660402536,0.17968909442424774,0.0,0.9999486804008484
442,,,,,,,,-2.405078887939453,0.0003375000087544322,-0.00486153457313776,0.0014697221340611577,0.40614891052246094,0.010995149612426758,230.0,0.17420700192451477,100.0,2.1489551067352295,-0.0037991527933627367,2.8656894772123844e-18,0.0,0.9999260306358337
443,,,,,,,,-2.4299917221069336,2.9629629352712072e-05,-0.054647862911224365,0.012990095652639866,0.4273378849029541,0.010879039764404297,219.0,0.1740081012248993,100.0,2.143129348754883,-0.004676515702158213,1.2608115066033414e-14,0.0,0.9999721646308899
444,,,,,,,,-2.4326298236846924,2.9629629352712072e-05,-0.015527631156146526,0.01938687264919281,0.4295511245727539,0.011414051055908203,217.0,0.17397832870483398,100.0,2.140334367752075,-0.004875014536082745,0.3447788953781128,0.0,0.9998793005943298
445,,,,,,,,-2.4353060722351074,9.999999747378752e-05,-0.01322223711758852,0.0020369593985378742,0.42626190185546875,0.010632038116455078,219.0,0.17388485372066498,100.0,2.14235258102417,-0.004129834473133087,4.640629200358681e-11,0.0,0.9999292492866516
446,,,,,,,,-2.4424118995666504,6.666666740784422e-05,-0.017545748502016068,0.02324746921658516,0.3991410732269287,0.010589838027954102,234.0,0.17368590831756592,100.0,2.14235258102417,-0.005027622450143099,7.872317655710503e-05,0.0,0.999939501285553
447,,,,,,,,-2.4513657093048096,6.666666740784422e-05,-0.01744144968688488,0.002505688928067684,0.43287181854248047,0.011538982391357422,216.0,0.1735161393880844,100.0,2.1453795433044434,-0.0045876880176365376,4.6231534156504495e-09,0.0,0.9999744296073914
448,,,,,,,,-2.4598357677459717,2.9629629352712072e-05,-0.024107882753014565,0.0338912270963192,0.44835877418518066,0.010585308074951172,209.0,0.17334553599357605,100.0,2.1452114582061768,-0.00467652315273881,0.00012938685540575534,0.0,0.999904453754425
449,,,,,,,,-2.465111494064331,4.444444493856281e-05,-0.022367918863892555,0.014741620048880577,0.4281160831451416,0.011683940887451172,218.0,0.17330165207386017,100.0,2.1408679485321045,-0.004789030645042658,9.59040698944591e-05,0.0,0.999945878982544
450,,,,,,,,-2.4656662940979004,4.444444493856281e-05,-0.032476745545864105,0.01799582876265049,0.40946412086486816,0.011142730712890625,228.0,0.17334817349910736,100.0,2.1408679485321045,-0.004754981026053429,0.19655071198940277,0.0,0.9999248385429382
451,,,,,,,,-2.465968132019043,0.0001500000071246177,-0.013187321834266186,0.0009954231791198254,0.4738800525665283,0.0109100341796875,198.0,0.1732407808303833,100.0,2.1344964504241943,-0.004444666672497988,1.6177945069011035e-30,0.0,0.9999710917472839
452,,,,,,,,-2.478733777999878,2.9629629352712072e-05,-0.024128707125782967,0.04482734948396683,0.43845105171203613,0.012558698654174805,212.0,0.1729230284690857,100.0,2.1345114707946777,-0.004282040521502495,0.2149561196565628,0.0,0.9998846054077148
453,,,,,,,,-2.486821413040161,2.9629629352712072e-05,-0.021704478189349174,0.02235453575849533,0.43331289291381836,0.010782241821289062,216.0,0.1728215217590332,100.0,2.138298988342285,-0.004246590193361044,0.00010200846008956432,0.0,0.9999348521232605
454,,,,,,,,-2.489715099334717,2.9629629352712072e-05,-0.010908819735050201,0.02442297153174877,0.402285099029541,0.010748863220214844,232.0,0.1727493554353714,100.0,2.138298988342285,-0.003985909279435873,0.2151646763086319,0.0,0.9999253153800964
455,,,,,,,,-2.4920058250427246,4.444444493856281e-05,-0.016262061893939972,0.000981578603386879,0.4473412036895752,0.010899782180786133,209.0,0.17272312939167023,100.0,2.1400604248046875,-0.004449270665645599,2.2918848005462473e-28,0.0,0.999964714050293
456,,,,,,,,-2.4912502765655518,1.975308623514138e-05,-0.025038767606019974,0.03606979548931122,0.4314229488372803,0.010934591293334961,217.0,0.17276136577129364,100.0,2.136090040206909,-0.004609452560544014,0.09072357416152954,0.0,0.9999025464057922
457,,,,,,,,-2.4890787601470947,0.0001500000071246177,-0.013402719050645828,0.031352732330560684,0.42011499404907227,0.010754108428955078,222.0,0.17289863526821136,100.0,2.1367578506469727,-0.004257934633642435,3.263248800067231e-05,0.0,0.9999141693115234
458,,,,,,,,-2.481511116027832,4.444444493856281e-05,-0.018820742145180702,0.02092336118221283,0.42122697830200195,0.010658740997314453,222.0,0.17300322651863098,100.0,2.1367578506469727,-0.004706455394625664,8.710439942660742e-06,0.0,0.9999465942382812
459,,,,,,,,-2.478898763656616,2.9629629352712072e-05,-0.02276110090315342,0.00388841750100255,0.41021108627319336,0.010669946670532227,228.0,0.1730944961309433,100.0,2.1358280181884766,-0.0046020387671887875,1.734287252475042e-05,0.0,0.9999637603759766
460,,,,,,,,-2.472404718399048,4.444444493856281e-05,-0.017402473837137222,0.05868895351886749,0.4407649040222168,0.01062917709350586,212.0,0.17323587834835052,100.0,2.135822296142578,-0.004658756777644157,0.44069185853004456,0.0,0.9999186992645264
461,,,,,,,,-2.464203357696533,4.444444493856281e-05,-0.01737295277416706,0.013340823352336884,0.41473984718322754,0.010953903198242188,225.0,0.1734112799167633,100.0,2.133164405822754,-0.004146511200815439,0.05630624294281006,0.0,0.9998951554298401
462,,,,,,,,-2.4589927196502686,6.666666740784422e-05,-0.006983844097703695,0.010512669570744038,0.41974306106567383,0.011590957641601562,222.0,0.17333711683750153,100.0,2.133164405822754,-0.005325136240571737,0.0822896659374237,0.0,0.999941885471344
463,,,,,,,,-2.465010643005371,1.975308623514138e-05,-0.027147099375724792,0.006855889689177275,0.4017908573150635,0.011409282684326172,232.0,0.17318512499332428,100.0,2.133894920349121,-0.004555850755423307,0.0,0.0,0.9999377131462097
464,,,,,,,,-2.470909357070923,6.666666740784422e-05,-0.01878957636654377,0.034083615988492966,0.4421970844268799,0.012750864028930664,211.0,0.173038050532341,100.0,2.1350960731506348,-0.004815433174371719,0.08748079091310501,0.0,0.9999504089355469
465,,,,,,,,-2.4805736541748047,6.666666740784422e-05,-0.014682580716907978,0.026088986545801163,0.43146824836730957,0.011148691177368164,216.0,0.17271332442760468,100.0,2.1350960731506348,-0.004763827193528414,5.229406451690011e-05,0.0,0.9998898506164551
466,,,,,,,,-2.492321729660034,6.666666740784422e-05,-0.001951740705408156,0.010522528551518917,0.4180290699005127,0.01213526725769043,223.0,0.1724853813648224,100.0,2.1366708278656006,-0.00448919041082263,0.0694909393787384,0.0,0.9999504089355469
467,,,,,,,,-2.500185489654541,1.975308623514138e-05,-0.00617311941459775,0.0034179389476776123,0.43504810333251953,0.012598991394042969,214.0,0.17236410081386566,100.0,2.1366708278656006,-0.004986639600247145,8.071067685716526e-13,0.0,0.9999380707740784
468,,,,,,,,-2.5063445568084717,9.999999747378752e-05,-0.012941142544150352,0.01864047348499298,0.43427467346191406,0.011103391647338867,215.0,0.1720505654811859,100.0,2.1352810859680176,-0.00426877848803997,0.1786234825849533,0.0,0.9999675750732422
469,,,,,,,,-2.526399850845337,4.444444493856281e-05,-0.022761432453989983,0.024628974497318268,0.4398057460784912,0.011068105697631836,212.0,0.17156445980072021,100.0,2.1322038173675537,-0.004529768601059914,0.30750003457069397,0.0,0.9998682141304016
470,,,,,,,,-2.5398409366607666,4.444444493856281e-05,-0.022034956142306328,0.002413721289485693,0.41010212898254395,0.011329889297485352,227.0,0.17132551968097687,100.0,2.1335487365722656,-0.0042066555470228195,0.0,0.0,0.9999246597290039
471,,,,,,,,-2.541700839996338,6.666666740784422e-05,-0.01979316957294941,0.0018260066863149405,0.4020068645477295,0.011401176452636719,232.0,0.1714317500591278,100.0,2.1335487365722656,-0.004648605361580849,0.017743388190865517,0.0,0.9999367594718933
472,,,,,,,,-2.534663677215576,4.444444493856281e-05,-0.02796795405447483,0.0011456639040261507,0.42670702934265137,0.01130223274230957,219.0,0.17152613401412964,100.0,2.1388282775878906,-0.004355337470769882,0.0,0.0,0.9999762177467346
473,,,,,,,,-2.5380496978759766,9.999999747378752e-05,-0.0125774797052145,0.02082514390349388,0.45160484313964844,0.0120849609375,207.0,0.17118321359157562,100.0,2.1428842544555664,-0.00512990215793252,0.41869428753852844,0.0,0.9998641014099121
474,,,,,,,,-2.553614616394043,4.444444493856281e-05,-0.031085999682545662,0.0073059722781181335,0.42589497566223145,0.011493921279907227,219.0,0.17099039256572723,100.0,2.1424176692962646,-0.004710779991000891,0.2109072208404541,0.0,0.9999237060546875
475,,,,,,,,-2.5591769218444824,2.9629629352712072e-05,-0.0315888412296772,0.02644096314907074,0.4041440486907959,0.011096000671386719,231.0,0.17091336846351624,100.0,2.1424176692962646,-0.004089669324457645,0.0001374087150907144,0.0,0.9999448657035828
476,,,,,,,,-2.5616941452026367,6.666666740784422e-05,-0.011405599303543568,0.004186840727925301,0.4434080123901367,0.011623144149780273,210.0,0.17078396677970886,100.0,2.1504271030426025,-0.004417495336383581,1.0420532134958194e-06,0.0,0.9999777674674988
477,,,,,,,,-2.5699801445007324,4.444444493856281e-05,-0.019779499620199203,0.01287121046334505,0.4553101062774658,0.011418819427490234,205.0,0.17060808837413788,100.0,2.1513140201568604,-0.004239783622324467,0.1987050622701645,0.0,0.999889075756073
478,,,,,,,,-2.5731844902038574,1.975308623514138e-05,-0.01653219945728779,0.007862990722060204,0.422213077545166,0.013231039047241211,220.0,0.17070838809013367,100.0,2.148088216781616,-0.004200479481369257,0.1661136895418167,0.0,0.9999155402183533
479,,,,,,,,-2.569052219390869,4.444444493856281e-05,-0.007783918175846338,0.009569619782269001,0.4269852638244629,0.012120723724365234,218.0,0.1708187758922577,100.0,2.148088216781616,-0.004296746104955673,0.18670690059661865,0.0,0.9999268651008606
480,,,,,,,,-2.56654953956604,9.999999747378752e-05,-0.01721535623073578,0.000640633050352335,0.4204080104827881,0.011072158813476562,222.0,0.17085912823677063,100.0,2.145594596862793,-0.004650464281439781,0.0,0.0,0.9999618530273438
481,,,,,,,,-2.5655834674835205,2.9629629352712072e-05,-0.006481593009084463,0.01874575763940811,0.4248771667480469,0.012029886245727539,219.0,0.17088010907173157,100.0,2.145707607269287,-0.0050330678932368755,0.09717584401369095,0.0,0.9999032616615295
482,,,,,,,,-2.5627501010894775,9.999999747378752e-05,-0.014189528301358223,0.03708064556121826,0.4143679141998291,0.011322021484375,225.0,0.171016663312912,100.0,2.1463212966918945,-0.004335241857916117,0.00010429905523778871,0.0,0.9999248385429382
483,,,,,,,,-2.5623292922973633,4.444444493856281e-05,-0.016156401485204697,0.005786708556115627,0.40332484245300293,0.010770797729492188,231.0,0.17087285220623016,100.0,2.1463212966918945,-0.004287825431674719,0.035539329051971436,0.0,0.9999487996101379
484,,,,,,,,-2.5678741931915283,6.666666740784422e-05,-0.009738299064338207,0.002369197551161051,0.40670204162597656,0.013777971267700195,228.0,0.17082078754901886,100.0,2.142265558242798,-0.004166635684669018,5.854087475984254e-19,0.0,0.9999608993530273
485,,,,,,,,-2.5729990005493164,2.9629629352712072e-05,-0.035982806235551834,0.04132889583706856,0.44425487518310547,0.011171817779541016,210.0,0.17071042954921722,100.0,2.1399903297424316,-0.0042241960763931274,7.175171049311757e-05,0.0,0.99993896484375
486,,,,,,,,-2.578190326690674,6.666666740784422e-05,-0.019830036908388138,0.0226115882396698,0.40235018730163574,0.011384725570678711,232.0,0.17061564326286316,100.0,2.1403732299804688,-0.0047205532900989056,0.1932886838912964,0.0,0.9999191164970398
487,,,,,,,,-2.5827250480651855,6.666666740784422e-05,-0.012766199186444283,0.012626955285668373,0.41539978981018066,0.010981082916259766,225.0,0.17056185007095337,100.0,2.1403732299804688,-0.0041978326626122,0.19828622043132782,0.0,0.9999415278434753
488,,,,,,,,-2.5872585773468018,4.444444493856281e-05,-0.01598849520087242,0.0010006652446463704,0.39222097396850586,0.011878013610839844,237.0,0.1703198403120041,100.0,2.137892723083496,-0.004618990700691938,1.4884826909108744e-26,0.0,0.9999381899833679
489,,,,,,,,-2.595691680908203,6.666666740784422e-05,-0.013128804974257946,0.02424011006951332,0.44930505752563477,0.011066913604736328,208.0,0.17008338868618011,100.0,2.1351826190948486,-0.004751678090542555,0.029754197224974632,0.0,0.9999521374702454
490,,,,,,,,-2.603431463241577,2.9629629352712072e-05,-0.022170111536979675,0.023621002212166786,0.41829609870910645,0.011768817901611328,223.0,0.1698923110961914,100.0,2.1351826190948486,-0.004226690623909235,0.00019251149205956608,0.0,0.9999075531959534
491,,,,,,,,-2.608081579208374,1.975308623514138e-05,-0.02195071429014206,0.007838680408895016,0.4218330383300781,0.012893915176391602,220.0,0.1698218733072281,100.0,2.1358256340026855,-0.0042895483784377575,0.037433136254549026,0.0,0.9999502301216125
492,,,,,,,,-2.607908010482788,2.9629629352712072e-05,-0.018788008019328117,0.003172808326780796,0.4024810791015625,0.011297225952148438,232.0,0.1698794811964035,100.0,2.1358256340026855,-0.004400197882205248,1.5796126613117889e-19,0.0,0.9999324679374695
493,,,,,,,,-2.6045215129852295,4.444444493856281e-05,-0.00775536522269249,0.012798740528523922,0.42963576316833496,0.011091947555541992,217.0,0.16991738975048065,100.0,2.133720636367798,-0.004413701593875885,0.08796534687280655,0.0,0.9999680519104004
494,,,,,,,,-2.6055359840393066,9.999999747378752e-05,-0.018330920487642288,0.02530018612742424,0.4257090091705322,0.01149296760559082,219.0,0.16985473036766052,100.0,2.131324052810669,-0.004142128862440586,0.3842463493347168,0.0,0.9998800158500671
495,,,,,,,,-2.6064131259918213,6.666666740784422e-05,-0.020014755427837372,0.0024425440933555365,0.41850781440734863,0.011251211166381836,223.0,0.16998304426670074,100.0,2.130969524383545,-0.004638438578695059,0.0,0.0,0.9999315142631531
496,,,,,,,,-2.5955395698547363,4.444444493856281e-05,-0.022606194019317627,0.017165595665574074,0.409210205078125,0.012074947357177734,227.0,0.17033633589744568,100.0,2.130969524383545,-0.004234768450260162,0.00012870182399637997,0.0,0.9999445080757141
497,,,,,,,,-2.5858259201049805,6.666666740784422e-05,-0.014704662375152111,0.0019382518948987126,0.42520689964294434,0.011084794998168945,220.0,0.17040999233722687,100.0,2.135032892227173,-0.0047899410128593445,4.4669405951935914e-09,0.0,0.9999790191650391
498,,,,,,,,-2.583482503890991,2.9629629352712072e-05,-0.018068799749016762,0.02207600325345993,0.4194822311401367,0.01093292236328125,223.0,0.17050553858280182,100.0,2.1378440856933594,-0.004551285412162542,0.00014839887444395572,0.0,0.9999082088470459
499,,,,,,,,-2.5788826942443848,2.9629629352712072e-05,-0.016533806920051575,0.01213121134787798,0.41436100006103516,0.011062145233154297,225.0,0.17058750987052917,100.0,2.1355080604553223,-0.0046443818137049675,0.14236608147621155,0.0,0.9999244809150696
500,,,,,,,,-2.5745577812194824,6.666666740784422e-05,-0.021156689152121544,0.005660088732838631,0.39659595489501953,0.011275053024291992,235.0,0.17075859010219574,100.0,2.1355080604553223,-0.003950619138777256,0.059487223625183105,0.0,0.9999279975891113
501,,,,,,,,-2.572648286819458,0.0003375000087544322,-0.01594184897840023,0.00043496821308508515,0.42529892921447754,0.012703895568847656,219.0,0.1703721284866333,100.0,2.134793281555176,-0.004266159143298864,7.721603514457712e-38,0.0,0.9999761581420898
502,,,,,,,,-2.5917365550994873,4.444444493856281e-05,-0.02570505626499653,0.02770901471376419,0.4389009475708008,0.011880874633789062,212.0,0.17009562253952026,100.0,2.1375415325164795,-0.004285805393010378,0.0002396738709649071,0.0,0.9999095797538757
503,,,,,,,,-2.5993902683258057,6.666666740784422e-05,-0.022637389600276947,0.017798297107219696,0.4275550842285156,0.011034011840820312,218.0,0.1697956621646881,100.0,2.1386682987213135,-0.004487102851271629,0.09037899225950241,0.0,0.9999253749847412
504,,,,,,,,-2.6133229732513428,1.975308623514138e-05,-0.024345213547348976,0.015202237293124199,0.3990788459777832,0.010972976684570312,234.0,0.16967540979385376,100.0,2.1386682987213135,-0.00400913180783391,0.00018143888155464083,0.0,0.9999473690986633
505,,,,,,,,-2.6156375408172607,6.666666740784422e-05,-0.011516508646309376,0.0025504371151328087,0.41666388511657715,0.011297941207885742,224.0,0.16959095001220703,100.0,2.138692855834961,-0.003928533289581537,3.861116783809848e-05,0.0,0.9999744296073914
506,,,,,,,,-2.618333339691162,2.9629629352712072e-05,-0.018544714897871017,0.01407240703701973,0.48317813873291016,0.037567853927612305,184.0,0.16952194273471832,100.0,2.140444278717041,-0.004842729773372412,0.01884135603904724,0.0,0.9999167323112488
507,,,,,,,,-2.6163930892944336,0.00022499999613501132,-0.010557236149907112,0.012099860236048698,0.4518759250640869,0.011934041976928711,206.0,0.16960924863815308,100.0,2.140451192855835,-0.004016048740595579,0.00016359605069737881,0.0,0.9999207854270935
508,,,,,,,,-2.6145870685577393,1.975308623514138e-05,-0.005670557729899883,0.04721851646900177,0.42414307594299316,0.012560844421386719,219.0,0.1695183366537094,100.0,2.140451192855835,-0.004352395888417959,0.24264180660247803,0.0,0.9999404549598694
509,,,,,,,,-2.6160552501678467,9.999999747378752e-05,-0.013709169812500477,0.002078974386677146,0.4225771427154541,0.011368989944458008,221.0,0.1695345640182495,100.0,2.140808343887329,-0.0045164343900978565,6.465992441863926e-23,0.0,0.9999527931213379
510,,,,,,,,-2.6127874851226807,1.316872385359602e-05,-0.01870098151266575,0.06349927932024002,0.45273613929748535,0.011122941970825195,206.0,0.16958576440811157,100.0,2.139080286026001,-0.00450546620413661,0.25487130880355835,0.0,0.9999236464500427
511,,,,,,,,-2.612096071243286,9.999999747378752e-05,-0.01693904958665371,0.01826474815607071,0.39925217628479004,0.011066675186157227,233.0,0.16957837343215942,100.0,2.1435062885284424,-0.0034633195027709007,6.937954458408058e-05,0.0,0.9998994469642639
512,,,,,,,,-2.610522747039795,4.444444493856281e-05,-0.008260990492999554,0.028376102447509766,0.4185631275177002,0.012356758117675781,222.0,0.16971419751644135,100.0,2.1435062885284424,-0.004222679417580366,0.2081419825553894,0.0,0.9999440312385559
513,,,,,,,,-2.6079254150390625,1.975308623514138e-05,-0.020977478474378586,0.0013863154454156756,0.39864301681518555,0.01114511489868164,234.0,0.16970854997634888,100.0,2.1484036445617676,-0.00382770667783916,2.460101951456419e-15,0.0,0.9999396204948425
514,,,,,,,,-2.609626531600952,2.9629629352712072e-05,-0.023082610219717026,0.05249766632914543,0.4294569492340088,0.011668920516967773,217.0,0.1696617305278778,100.0,2.148432731628418,-0.004725956358015537,0.41485166549682617,0.0,0.999945342540741
515,,,,,,,,-2.6101937294006348,4.444444493856281e-05,-0.011567319743335247,0.010466590523719788,0.4241478443145752,0.010947227478027344,220.0,0.16969247162342072,100.0,2.148432731628418,-0.004003987181931734,0.06899683177471161,0.0,0.9998649954795837
516,,,,,,,,-2.6089158058166504,2.9629629352712072e-05,-0.025192953646183014,0.018716616556048393,0.4091799259185791,0.011708974838256836,228.0,0.16968867182731628,100.0,2.1524219512939453,-0.0039662630297243595,0.13931070268154144,0.0,0.99993896484375
517,,,,,,,,-2.6107561588287354,2.9629629352712072e-05,-0.013375447131693363,0.00102950818836689,0.4011077880859375,0.011196136474609375,232.0,0.16959574818611145,100.0,2.1524219512939453,-0.003933771047741175,0.0,0.0,0.9999248385429382
518,,,,,,,,-2.6163182258605957,4.444444493856281e-05,-0.012846606783568859,0.006208824459463358,0.42935919761657715,0.012524127960205078,217.0,0.16946522891521454,100.0,2.1572396755218506,-0.004181498661637306,0.03754553571343422,0.0,0.9999706745147705
519,,,,,,,,-2.625206470489502,4.444444493856281e-05,-0.015181496739387512,0.036543477326631546,0.42682504653930664,0.011486053466796875,219.0,0.16924212872982025,100.0,2.1585769653320312,-0.004620606545358896,0.2580128610134125,0.0,0.9998884797096252
520,,,,,,,,-2.640537977218628,6.666666740784422e-05,-0.013726256787776947,0.0024164358619600534,0.4192380905151367,0.011719942092895508,222.0,0.16881895065307617,100.0,2.1612725257873535,-0.00412691431120038,0.0,0.0,0.9999210238456726
521,,,,,,,,-2.655149221420288,1.975308623514138e-05,-0.025627296417951584,0.004520992282778025,0.3982667922973633,0.010966062545776367,234.0,0.16869814693927765,100.0,2.1612725257873535,-0.004438800271600485,0.05045848712325096,0.0,0.9999337196350098
522,,,,,,,,-2.655687093734741,4.444444493856281e-05,-0.011571432463824749,0.0013940874487161636,0.4216639995574951,0.011598825454711914,221.0,0.16878749430179596,100.0,2.1584312915802,-0.004399923142045736,0.0,0.0,0.9999775886535645
523,,,,,,,,-2.6511220932006836,1.975308623514138e-05,-0.02055043913424015,0.0249771885573864,0.4427621364593506,0.011240005493164062,211.0,0.16885818541049957,100.0,2.1630163192749023,-0.004562433809041977,0.07836363464593887,0.0,0.9998847842216492
524,,,,,,,,-2.6511120796203613,0.0001500000071246177,-0.009149148128926754,0.011885100975632668,0.41531991958618164,0.011144161224365234,225.0,0.16872109472751617,100.0,2.1639959812164307,-0.004719716962426901,0.23943226039409637,0.0,0.9999197125434875
525,,,,,,,,-2.6579079627990723,4.444444493856281e-05,-0.012352138757705688,0.023789048194885254,0.4026808738708496,0.012060165405273438,231.0,0.16864554584026337,100.0,2.1639959812164307,-0.0038440886419266462,4.255560634192079e-05,0.0,0.9999435544013977
526,,,,,,,,-2.66054630279541,2.9629629352712072e-05,-0.013782763853669167,0.001981025794520974,0.4271559715270996,0.011634349822998047,218.0,0.1684926152229309,100.0,2.1626341342926025,-0.004689077381044626,1.7656009276834084e-07,0.0,0.9999765753746033
527,,,,,,,,-2.66233229637146,1.975308623514138e-05,-0.01802174560725689,0.04802902415394783,0.4222140312194824,0.010977983474731445,221.0,0.16853860020637512,100.0,2.1672353744506836,-0.0041002812795341015,0.24575889110565186,0.0,0.9998878836631775
528,,,,,,,,-2.6599302291870117,4.444444493856281e-05,-0.020655646920204163,0.02005114033818245,0.4205188751220703,0.012472152709960938,221.0,0.1686287224292755,100.0,2.1672568321228027,-0.0046836514957249165,5.283387145027518e-05,0.0,0.9999239444732666
529,,,,,,,,-2.658780336380005,2.9629629352712072e-05,-0.009636908769607544,0.022855300456285477,0.40803027153015137,0.011514902114868164,228.0,0.16864009201526642,100.0,2.1672568321228027,-0.004172528628259897,3.894881592714228e-05,0.0,0.9999460577964783
530,,,,,,,,-2.6589510440826416,2.9629629352712072e-05,-0.021136831492185593,0.0023962578270584345,0.47550010681152344,0.011208057403564453,197.0,0.16862031817436218,100.0,2.1719863414764404,-0.004826557356864214,5.615630925603909e-06,0.0,0.9999698996543884
531,,,,,,,,-2.659274101257324,0.0001500000071246177,-0.01171780563890934,0.03828005492687225,0.43204712867736816,0.012375831604003906,216.0,0.16859814524650574,100.0,2.171983242034912,-0.004226595629006624,0.3238021433353424,0.0,0.9998891949653625
532,,,,,,,,-2.65950608253479,1.975308623514138e-05,-0.014887171797454357,0.007755971048027277,0.42687296867370605,0.011490821838378906,218.0,0.16854940354824066,100.0,2.167820692062378,-0.005011021625250578,0.062012940645217896,0.0,0.9998941421508789
533,,,,,,,,-2.6594021320343018,6.666666740784422e-05,-0.013614743947982788,0.0041784862987697124,0.4048147201538086,0.010992288589477539,230.0,0.16859376430511475,100.0,2.167820692062378,-0.004568787291646004,0.05199001356959343,0.0,0.9999368786811829
534,,,,,,,,-2.6578264236450195,4.444444493856281e-05,-0.02325693890452385,0.0007792027317918837,0.40598106384277344,0.012008190155029297,229.0,0.16865865886211395,100.0,2.1680800914764404,-0.004388703964650631,0.0,0.0,0.9999569058418274
535,,,,,,,,-2.6568524837493896,2.9629629352712072e-05,-0.01735944114625454,0.02461848594248295,0.44223880767822266,0.011718034744262695,211.0,0.16870997846126556,100.0,2.1652259826660156,-0.004033908247947693,0.32557329535484314,0.0,0.9999199509620667
536,,,,,,,,-2.6558191776275635,2.9629629352712072e-05,-0.01655380055308342,0.03543731942772865,0.4094069004058838,0.011021852493286133,228.0,0.16870729625225067,100.0,2.1659533977508545,-0.004201503004878759,6.574406143045053e-06,0.0,0.9998885989189148
537,,,,,,,,-2.6576919555664062,6.666666740784422e-05,-0.010598442517220974,0.029625186696648598,0.4171872138977051,0.01110076904296875,224.0,0.1686629354953766,100.0,2.1659533977508545,-0.005205947905778885,2.5581044610589743e-05,0.0,0.9999491572380066
538,,,,,,,,-2.6642699241638184,4.444444493856281e-05,-0.0184774287045002,0.002265732502564788,0.3964850902557373,0.010743141174316406,235.0,0.16846132278442383,100.0,2.1671698093414307,-0.003745325608178973,3.553116403054446e-05,0.0,0.9999557137489319
539,,,,,,,,-2.6794238090515137,4.444444493856281e-05,-0.020819995552301407,0.03626147285103798,0.5471339225769043,0.013447284698486328,171.0,0.16806618869304657,100.0,2.164154052734375,-0.004530844744294882,0.3056614100933075,0.0,0.999945342540741
540,,,,,,,,-2.6946043968200684,4.444444493856281e-05,-0.019048422574996948,0.020765475928783417,0.45268678665161133,0.011657953262329102,206.0,0.1679210364818573,100.0,2.164154052734375,-0.004336833953857422,0.22644609212875366,0.0,0.9998607039451599
541,,,,,,,,-2.6960816383361816,6.666666740784422e-05,-0.006633186247199774,0.006891072262078524,0.41460418701171875,0.011764764785766602,225.0,0.16802696883678436,100.0,2.1604268550872803,-0.00444469228386879,0.0,0.0,0.9999213218688965
542,,,,,,,,-2.688981771469116,2.9629629352712072e-05,-0.023570971563458443,0.005418178625404835,0.3962223529815674,0.011222600936889648,235.0,0.16816145181655884,100.0,2.1604268550872803,-0.004380824044346809,1.6609668819000944e-05,0.0,0.9999380111694336
543,,,,,,,,-2.6845219135284424,4.444444493856281e-05,-0.025784868746995926,0.014784472994506359,0.4364321231842041,0.011480093002319336,214.0,0.16824458539485931,100.0,2.1598260402679443,-0.004618251230567694,3.9860744371032764e-13,0.0,0.9999678134918213
544,,,,,,,,-2.6807830333709717,1.975308623514138e-05,-0.01596652716398239,0.02302853763103485,0.44979405403137207,0.011281013488769531,208.0,0.16830389201641083,100.0,2.159564733505249,-0.004096631892025471,8.446432184427977e-05,0.0,0.9998927712440491
545,,,,,,,,-2.679135799407959,4.444444493856281e-05,-0.020887117832899094,0.0036559130530804396,0.41814208030700684,0.013445854187011719,222.0,0.16835454106330872,100.0,2.155623435974121,-0.004308999981731176,4.0046357753453776e-05,0.0,0.9999417662620544
546,,,,,,,,-2.6786863803863525,2.9629629352712072e-05,-0.01155573409050703,0.009131008759140968,0.4144289493560791,0.010936975479125977,225.0,0.16835501790046692,100.0,2.155623435974121,-0.0043589649721980095,3.7788322515552863e-05,0.0,0.9999368786811829
547,,,,,,,,-2.680896520614624,4.444444493856281e-05,-0.017643380910158157,0.0025450708344578743,0.4660370349884033,0.011443853378295898,201.0,0.16822519898414612,100.0,2.155627965927124,-0.004264975432306528,1.0185375876048397e-09,0.0,0.9999729990959167
548,,,,,,,,-2.6893258094787598,0.0001500000071246177,-0.007487517781555653,0.013685528188943863,0.43404293060302734,0.011580228805541992,215.0,0.16787764430046082,100.0,2.155637264251709,-0.00506921811029315,7.909161649877205e-05,0.0,0.9998898506164551
549,,,,,,,,-2.7003626823425293,9.999999747378752e-05,-0.0069670239463448524,0.02304920367896557,0.42839503288269043,0.013379096984863281,217.0,0.16772104799747467,100.0,2.1521975994110107,-0.004457384347915649,0.2529540956020355,0.0,0.9999081492424011
550,,,,,,,,-2.7057855129241943,0.0001500000071246177,-0.015065888874232769,0.01799873821437359,0.431455135345459,0.012050867080688477,216.0,0.16734454035758972,100.0,2.1521975994110107,-0.004316148813813925,0.12451993674039841,0.0,0.9999222755432129
551,,,,,,,,-2.715935707092285,2.9629629352712072e-05,-0.01478707417845726,0.00039590703090652823,0.4286069869995117,0.011596918106079102,218.0,0.16725966334342957,100.0,2.1491565704345703,-0.004446342121809721,5.759515606162923e-37,0.0,0.9999760985374451
552,,,,,,,,-2.716127872467041,1.975308623514138e-05,-0.023226633667945862,0.012421885505318642,0.44962191581726074,0.012583017349243164,207.0,0.167260080575943,100.0,2.1504247188568115,-0.004160922486335039,0.14342302083969116,0.0,0.9998776316642761
553,,,,,,,,-2.715909242630005,6.666666740784422e-05,-0.015872281044721603,0.011868620291352272,0.4182913303375244,0.011099815368652344,223.0,0.16724200546741486,100.0,2.1528379917144775,-0.004323455039411783,2.853895421139896e-05,0.0,0.9999175071716309
554,,,,,,,,-2.7129948139190674,2.9629629352712072e-05,-0.014238339848816395,0.014690876938402653,0.3972511291503906,0.011484861373901367,234.0,0.1673615276813507,100.0,2.1528379917144775,-0.0035057223867625,4.537123913905816e-06,0.0,0.999939501285553
555,,,,,,,,-2.7106099128723145,4.444444493856281e-05,-0.018275314942002296,0.002274483675137162,0.43592119216918945,0.014212846755981445,213.0,0.16733521223068237,100.0,2.155606746673584,-0.004599519539624453,7.4330359893792775e-06,0.0,0.9999710917472839
556,,,,,,,,-2.713146448135376,1.975308623514138e-05,-0.005105520132929087,0.027553126215934753,0.5067391395568848,0.012553930282592773,184.0,0.1673300564289093,100.0,2.1556127071380615,-0.003912916872650385,0.20444540679454803,0.0,0.9998987317085266
557,,,,,,,,-2.7141332626342773,9.999999747378752e-05,-0.013388467021286488,0.015615809708833694,0.41242313385009766,0.011057853698730469,226.0,0.1673838347196579,100.0,2.1518394947052,-0.004289112985134125,4.4315169361652806e-05,0.0,0.9999086260795593
558,,,,,,,,-2.7096426486968994,4.444444493856281e-05,-0.011456088162958622,0.014017605222761631,0.39973998069763184,0.011242866516113281,233.0,0.16754791140556335,100.0,2.1518394947052,-0.0037724392022937536,3.592118446249515e-05,0.0,0.999948263168335
559,,,,,,,,-2.704137086868286,4.444444493856281e-05,-0.005204492248594761,0.0025050120893865824,0.40169715881347656,0.011324882507324219,232.0,0.16760526597499847,100.0,2.1516518592834473,-0.004433410242199898,0.00011452131002442911,0.0,0.9999671578407288
560,,,,,,,,-2.7056519985198975,4.444444493856281e-05,-0.01390436664223671,0.022343207150697708,0.4320640563964844,0.010818958282470703,216.0,0.16743500530719757,100.0,2.151657819747925,-0.0043868799693882465,0.0661209374666214,0.0,0.9999337792396545
561,,,,,,,,-2.7111427783966064,4.444444493856281e-05,-0.016778254881501198,0.009530637413263321,0.39926910400390625,0.010910987854003906,234.0,0.1674240231513977,100.0,2.147529125213623,-0.004415981005877256,3.529477180563845e-05,0.0,0.9998989105224609
562,,,,,,,,-2.707395553588867,2.9629629352712072e-05,-0.009692159481346607,0.008323369547724724,0.41758298873901367,0.011198997497558594,223.0,0.16751909255981445,100.0,2.147529125213623,-0.005067185964435339,4.017132960143499e-05,0.0,0.9999463558197021
563,,,,,,,,-2.704040288925171,4.444444493856281e-05,-0.019110890105366707,0.0035519867669790983,0.39014482498168945,0.011587858200073242,238.0,0.16746975481510162,100.0,2.1475186347961426,-0.004076854791492224,0.00010250541527057067,0.0,0.999958336353302
564,,,,,,,,-2.7058472633361816,6.666666740784422e-05,-0.005744962487369776,0.006247328128665686,0.43506407737731934,0.011852025985717773,214.0,0.16739696264266968,100.0,2.1470487117767334,-0.004908027593046427,0.009396419860422611,0.0,0.9999539256095886
565,,,,,,,,-2.7104685306549072,2.9629629352712072e-05,-0.020204897969961166,0.05864749848842621,0.4190208911895752,0.01292872428894043,222.0,0.16730372607707977,100.0,2.1470487117767334,-0.004900237545371056,0.2605798840522766,0.0,0.9998967051506042
566,,,,,,,,-2.71208119392395,0.0003375000087544322,-0.001592483022250235,0.04526950418949127,0.43805909156799316,0.01193380355834961,213.0,0.16727638244628906,100.0,2.1470420360565186,-0.004761420655995607,0.24122311174869537,0.0,0.9999298453330994
567,,,,,,,,-2.708219051361084,1.975308623514138e-05,-0.025373362004756927,0.0010751370573416352,0.40655994415283203,0.011787176132202148,229.0,0.16739660501480103,100.0,2.1470420360565186,-0.004081097897142172,4.850129188102946e-31,0.0,0.9999272227287292
568,,,,,,,,-2.7036898136138916,9.999999747378752e-05,-0.016429003328084946,0.00904205534607172,0.4259030818939209,0.011184930801391602,219.0,0.16751575469970703,100.0,2.1387627124786377,-0.00415671244263649,0.0,0.0,0.9999701380729675
569,,,,,,,,-2.6979141235351562,1.975308623514138e-05,-0.004296069964766502,0.017340300604701042,0.42333197593688965,0.010972976684570312,221.0,0.167483389377594,100.0,2.142698287963867,-0.004608774092048407,0.2015482783317566,0.0,0.9998847842216492
570,,,,,,,,-2.6979825496673584,9.999999747378752e-05,-0.013997519388794899,0.0035338960587978363,0.41788506507873535,0.011407852172851562,223.0,0.16754889488220215,100.0,2.1457552909851074,-0.004665950778871775,2.2578011339646764e-05,0.0,0.9999502301216125
571,,,,,,,,-2.693526029586792,4.444444493856281e-05,-0.013234415091574192,0.007530795875936747,0.40360188484191895,0.011280059814453125,231.0,0.1675427109003067,100.0,2.1457552909851074,-0.003945414908230305,4.756882481160574e-05,0.0,0.9999483227729797
572,,,,,,,,-2.6898648738861084,4.444444493856281e-05,-0.02028353326022625,0.0022633124608546495,0.4275782108306885,0.01116180419921875,218.0,0.16768090426921844,100.0,2.147949457168579,-0.004043189808726311,1.881254929614329e-09,0.0,0.9999788403511047
573,,,,,,,,-2.6847689151763916,4.444444493856281e-05,-0.02437053993344307,0.006998040247708559,0.4159271717071533,0.010917901992797852,224.0,0.16773290932178497,100.0,2.14796781539917,-0.004611853510141373,0.011648774147033691,0.0,0.9999011158943176
574,,,,,,,,-2.686380386352539,4.444444493856281e-05,-0.012350308708846569,0.005178598687052727,0.40927696228027344,0.011131048202514648,228.0,0.16757747530937195,100.0,2.146636486053467,-0.004184843506664038,6.555765867233276e-05,0.0,0.9999426007270813
575,,,,,,,,-2.6953423023223877,9.999999747378752e-05,-0.013190705329179764,0.006666351109743118,0.39558911323547363,0.011173009872436523,236.0,0.16736936569213867,100.0,2.146636486053467,-0.003749782219529152,0.03912370651960373,0.0,0.9999399185180664
576,,,,,,,,-2.7051351070404053,2.9629629352712072e-05,-0.024224136024713516,0.0005680769099853933,0.41757798194885254,0.010687112808227539,224.0,0.1672290414571762,100.0,2.141624689102173,-0.004308209288865328,4.769068956313008e-25,0.0,0.9999809861183167
577,,,,,,,,-2.710279703140259,9.999999747378752e-05,-0.024340368807315826,0.062257617712020874,0.419677734375,0.011040210723876953,222.0,0.16705648601055145,100.0,2.137554168701172,-0.004011041950434446,0.3907459080219269,0.0,0.9998774528503418
578,,,,,,,,-2.7151451110839844,1.975308623514138e-05,-0.018737278878688812,0.020824989303946495,0.406386137008667,0.011013984680175781,229.0,0.16700206696987152,100.0,2.1379809379577637,-0.003972915466874838,0.19615550339221954,0.0,0.9999091029167175
579,,,,,,,,-2.7122578620910645,4.444444493856281e-05,-0.025533195585012436,0.011832032352685928,0.38964390754699707,0.010931015014648438,239.0,0.16715040802955627,100.0,2.1379809379577637,-0.0037304882425814867,0.09511569142341614,0.0,0.9999394416809082
580,,,,,,,,-2.7024786472320557,4.444444493856281e-05,-0.021641427651047707,0.0019996280316263437,0.4139540195465088,0.010980844497680664,225.0,0.16740626096725464,100.0,2.137467384338379,-0.0041740634478628635,0.0,0.0,0.9999722838401794
581,,,,,,,,-2.6912882328033447,1.975308623514138e-05,-0.00968460738658905,0.029637498781085014,0.4156489372253418,0.011208057403564453,224.0,0.16764631867408752,100.0,2.137180805206299,-0.0045515866950154305,0.00016044189396779984,0.0,0.9999303817749023
582,,,,,,,,-2.6852338314056396,4.444444493856281e-05,-0.015593198128044605,0.005257804878056049,0.4134342670440674,0.011350631713867188,225.0,0.1677272915840149,100.0,2.13901424407959,-0.0037995700258761644,0.023989008739590645,0.0,0.9999279975891113
583,,,,,,,,-2.682729959487915,4.444444493856281e-05,-0.016773413866758347,0.010734721086919308,0.4066307544708252,0.011284112930297852,229.0,0.16777771711349487,100.0,2.13901424407959,-0.004450579173862934,6.946697194933809e-17,0.0,0.9999539256095886
584,,,,,,,,-2.6840105056762695,2.9629629352712072e-05,-0.013262872584164143,0.004469261504709721,0.4243581295013428,0.012491941452026367,219.0,0.1676722764968872,100.0,2.13521146774292,-0.004233702551573515,0.00012457020056899637,0.0,0.9999691843986511
585,,,,,,,,-2.6871230602264404,2.9629629352712072e-05,-0.03465854749083519,0.011022239923477173,0.43898868560791016,0.011101245880126953,213.0,0.1676712930202484,100.0,2.1324822902679443,-0.00443451851606369,0.01839504763484001,0.0,0.9999386668205261
586,,,,,,,,-2.6846821308135986,2.9629629352712072e-05,-0.009932435117661953,0.011949709616601467,0.4138469696044922,0.013787984848022461,224.0,0.1677648425102234,100.0,2.128901958465576,-0.004331656731665134,4.0368428017245606e-05,0.0,0.9999213814735413
587,,,,,,,,-2.677875280380249,6.666666740784422e-05,-0.013679619878530502,0.014858904294669628,0.42134904861450195,0.011384963989257812,221.0,0.1679615080356598,100.0,2.128901958465576,-0.0034910773392766714,0.08312200754880905,0.0,0.9999582171440125
588,,,,,,,,-2.666158437728882,4.444444493856281e-05,-0.007369722705334425,0.0012947587529197335,0.41072511672973633,0.01383519172668457,226.0,0.1680755615234375,100.0,2.1271965503692627,-0.004303552210330963,3.543772283617589e-19,0.0,0.999945342540741
589,,,,,,,,-2.6617140769958496,1.975308623514138e-05,-0.022585639730095863,0.011597192846238613,0.43242597579956055,0.011187076568603516,216.0,0.1680106669664383,100.0,2.12740421295166,-0.0046243672259151936,2.103746843180756e-29,0.0,0.9999640583992004
590,,,,,,,,-2.6644933223724365,2.9629629352712072e-05,-0.019238082692027092,0.008338135667145252,0.4249730110168457,0.01276397705078125,219.0,0.1678915023803711,100.0,2.12740421295166,-0.0047056651674211025,0.0004040984495077282,0.0,0.9999274611473083
591,,,,,,,,-2.6697793006896973,6.666666740784422e-05,-0.018157314509153366,0.005451793782413006,0.4242391586303711,0.011228799819946289,220.0,0.16772343218326569,100.0,2.1283178329467773,-0.004542139824479818,2.6749374228529632e-05,0.0,0.9999551773071289
592,,,,,,,,-2.6734352111816406,2.9629629352712072e-05,-0.016424771398305893,0.002346902387216687,0.39997220039367676,0.013220787048339844,232.0,0.16769087314605713,100.0,2.1283178329467773,-0.0036571205127984285,4.068335329066031e-05,0.0,0.9999551177024841
593,,,,,,,,-2.6728310585021973,4.444444493856281e-05,-0.01936214044690132,0.004519134294241667,0.4316112995147705,0.011244773864746094,216.0,0.16775773465633392,100.0,2.1283175945281982,-0.0037506595253944397,7.324457013124785e-11,0.0,0.9999732375144958
594,,,,,,,,-2.673584222793579,6.666666740784422e-05,-0.01015448197722435,0.00473457807675004,0.4181327819824219,0.014277935028076172,222.0,0.1675451546907425,100.0,2.124622106552124,-0.0047079408541321754,0.0003321460972074419,0.0,0.9999176859855652
595,,,,,,,,-2.6816492080688477,0.00022499999613501132,-0.005948418751358986,0.001019013929180801,0.42047691345214844,0.011239290237426758,222.0,0.167454332113266,100.0,2.1208276748657227,-0.004280525259673595,0.0002720358606893569,0.0,0.9999558329582214
596,,,,,,,,-2.6799681186676025,1.975308623514138e-05,-0.02699507772922516,0.0009717923821881413,0.40909314155578613,0.012773990631103516,227.0,0.16758859157562256,100.0,2.1208276748657227,-0.0038565516006201506,0.00020598953415174037,0.0,0.9999508261680603
597,,,,,,,,-2.6791439056396484,9.999999747378752e-05,-0.0122774513438344,0.0013451848644763231,0.43276500701904297,0.01147007942199707,216.0,0.1674417108297348,100.0,2.120266914367676,-0.004083051811903715,4.185691349078979e-09,0.0,0.9999768137931824
598,,,,,,,,-2.689117431640625,4.444444493856281e-05,-0.012335395440459251,0.0048171174712479115,0.4158151149749756,0.011138916015625,224.0,0.16713133454322815,100.0,2.120274543762207,-0.004282661247998476,0.017794013023376465,0.0,0.9999105334281921
599,,,,,,,,-2.697171211242676,9.999999747378752e-05,-0.013638806529343128,0.0008725874940864742,0.4094119071960449,0.011171102523803711,228.0,0.16705581545829773,100.0,2.1195693016052246,-0.004645214881747961,0.00017793332517612725,0.0,0.999948263168335
600,,,,,,,,-2.700531244277954,4.444444493856281e-05,-0.01927798241376877,0.0016356304986402392,0.4060020446777344,0.011313915252685547,230.0,0.16697759926319122,100.0,2.1195693016052246,-0.004082398023456335,5.5306325521087274e-05,0.0,0.9999494552612305
601,,,,,,,,-2.703040599822998,4.444444493856281e-05,-0.024951152503490448,0.00270281033590436,0.4272172451019287,0.011169672012329102,218.0,0.16697056591510773,100.0,2.1144859790802,-0.00498290965333581,3.132684298634558e-07,0.0,0.9999797344207764
602,,,,,,,,-2.705915689468384,2.9629629352712072e-05,-0.02397342212498188,0.0030891960486769676,0.42447924613952637,0.01092672348022461,220.0,0.16691656410694122,100.0,2.1108460426330566,-0.003921563271433115,7.256161916302517e-05,0.0,0.999922513961792
603,,,,,,,,-2.7082924842834473,2.9629629352712072e-05,-0.01571039669215679,0.0060125431045889854,0.41108202934265137,0.011108875274658203,227.0,0.16691312193870544,100.0,2.1108551025390625,-0.004397380631417036,0.0002718071627896279,0.0,0.9999446868896484
604,,,,,,,,-2.712689161300659,6.666666740784422e-05,-0.006853756494820118,0.005520918406546116,0.3924989700317383,0.010981082916259766,237.0,0.16662421822547913,100.0,2.1108551025390625,-0.004267939832061529,8.3427999925334e-05,0.0,0.9999541640281677
605,,,,,,,,-2.7238478660583496,1.975308623514138e-05,-0.014024184085428715,0.0031652203761041164,0.4138607978820801,0.011155128479003906,225.0,0.16651476919651031,100.0,2.110849380493164,-0.004498868715018034,1.1909534805454314e-05,0.0,0.9999790191650391
606,,,,,,,,-2.72826886177063,0.0001500000071246177,-0.012448376044631004,0.03666037693619728,0.41964221000671387,0.010793924331665039,223.0,0.16621185839176178,100.0,2.108116388320923,-0.004409386310726404,0.16075105965137482,0.0,0.9999141693115234
607,,,,,,,,-2.7493393421173096,2.9629629352712072e-05,-0.011986975558102131,0.01146387867629528,0.4348289966583252,0.011289119720458984,215.0,0.16571955382823944,100.0,2.106989622116089,-0.004396337550133467,0.044651761651039124,0.0,0.9999224543571472
608,,,,,,,,-2.760481834411621,6.666666740784422e-05,-0.004323255270719528,0.019239626824855804,0.4000520706176758,0.011296987533569336,233.0,0.1655823439359665,100.0,2.106989622116089,-0.004182955250144005,0.08077957481145859,0.0,0.9999458193778992
609,,,,,,,,-2.764455556869507,2.9629629352712072e-05,-0.02168811485171318,0.0011904546990990639,0.3978860378265381,0.011603832244873047,234.0,0.16556446254253387,100.0,2.1100547313690186,-0.004663126077502966,0.0,0.0,0.9999619126319885
610,,,,,,,,-2.768004894256592,4.444444493856281e-05,-0.007304819766432047,0.019957849755883217,0.4383201599121094,0.010973930358886719,213.0,0.16546985507011414,100.0,2.1091701984405518,-0.003417117753997445,0.08493199199438095,0.0,0.9999374747276306
611,,,,,,,,-2.7739500999450684,6.666666740784422e-05,-0.018750421702861786,0.01915568858385086,0.42325782775878906,0.011079072952270508,221.0,0.16536514461040497,100.0,2.110731601715088,-0.00403858395293355,0.1058761477470398,0.0,0.9999143481254578
612,,,,,,,,-2.7787234783172607,6.666666740784422e-05,-0.01509163249284029,0.005755304358899593,0.4317607879638672,0.011477947235107422,216.0,0.16538819670677185,100.0,2.110731601715088,-0.004490318708121777,1.6350744543036644e-14,0.0,0.9999449253082275
613,,,,,,,,-2.778108596801758,2.9629629352712072e-05,-0.02070719376206398,0.0013399624731391668,0.4565742015838623,0.012426614761352539,204.0,0.16544893383979797,100.0,2.112375259399414,-0.003876402275636792,4.473749140743166e-05,0.0,0.999962329864502
614,,,,,,,,-2.7755606174468994,6.666666740784422e-05,-0.01306059304624796,0.007390990387648344,0.43740129470825195,0.011404752731323242,213.0,0.16563905775547028,100.0,2.1140549182891846,-0.0044786580838263035,0.06616059690713882,0.0,0.9999601244926453
615,,,,,,,,-2.763965606689453,6.666666740784422e-05,-0.021370956674218178,0.006322712171822786,0.41447019577026367,0.010777711868286133,225.0,0.16610188782215118,100.0,2.1140549182891846,-0.004273072350770235,7.809679050485285e-27,0.0,0.9999098777770996
616,,,,,,,,-2.752246856689453,2.9629629352712072e-05,-0.02432139776647091,0.002712953370064497,0.4061000347137451,0.010809898376464844,230.0,0.1662437915802002,100.0,2.109376907348633,-0.003654810367152095,0.00010196048970101401,0.0,0.9999598860740662
617,,,,,,,,-2.7512364387512207,4.444444493856281e-05,-0.0129637960344553,0.0018042938318103552,0.3906979560852051,0.011337041854858398,238.0,0.16619303822517395,100.0,2.109376907348633,-0.004016803577542305,4.500008071772754e-05,0.0,0.99995356798172
618,,,,,,,,-2.7576184272766113,6.666666740784422e-05,-0.014943528920412064,0.0039891935884952545,0.4235389232635498,0.010993003845214844,220.0,0.16591088473796844,100.0,2.105743885040283,-0.004531454294919968,1.9047409482997324e-11,0.0,0.9999704360961914
619,,,,,,,,-2.7745883464813232,4.444444493856281e-05,-0.024704420939087868,0.004833741579204798,0.41917896270751953,0.010943174362182617,223.0,0.16554316878318787,100.0,2.1057612895965576,-0.00439408840611577,0.06672479957342148,0.0,0.999897301197052
620,,,,,,,,-2.7831506729125977,4.444444493856281e-05,-0.007765382528305054,0.0010338095016777515,0.4132120609283447,0.011322975158691406,226.0,0.1655149757862091,100.0,2.1017723083496094,-0.0047173709608614445,1.7543272607181692e-12,0.0,0.9999526143074036
621,,,,,,,,-2.7838363647460938,1.975308623514138e-05,-0.0185998622328043,0.003708606120198965,0.4022841453552246,0.011322975158691406,232.0,0.1655045747756958,100.0,2.1017723083496094,-0.005250450223684311,4.828101009479724e-05,0.0,0.9999569058418274
622,,,,,,,,-2.7829782962799072,6.666666740784422e-05,-0.01613800972700119,0.0016983369132503867,0.4256727695465088,0.012166976928710938,219.0,0.1655515879392624,100.0,2.094947338104248,-0.004299326334148645,1.000394167505192e-08,0.0,0.9999828338623047
623,,,,,,,,-2.7762868404388428,4.444444493856281e-05,-0.013777702115476131,0.005913319531828165,0.42336201667785645,0.011961936950683594,220.0,0.1657964289188385,100.0,2.0937280654907227,-0.004334019962698221,0.04304854944348335,0.0,0.9999079704284668
624,,,,,,,,-2.7667975425720215,2.9629629352712072e-05,-0.014547761529684067,0.0031922217458486557,0.41355323791503906,0.011451959609985352,225.0,0.16590481996536255,100.0,2.0910394191741943,-0.004538064822554588,7.058662595227361e-05,0.0,0.9999518394470215
625,,,,,,,,-2.7639997005462646,6.666666740784422e-05,-0.00935932993888855,0.003121231682598591,0.396481990814209,0.011048078536987305,235.0,0.16588683426380157,100.0,2.0910394191741943,-0.004098528064787388,0.00014069136523175985,0.0,0.9999549388885498
626,,,,,,,,-2.7617554664611816,2.9629629352712072e-05,-0.0204408448189497,0.0014180478174239397,0.43517518043518066,0.011833906173706055,214.0,0.1659134030342102,100.0,2.090763568878174,-0.00456231040880084,6.067335220905079e-07,0.0,0.9999836087226868
627,,,,,,,,-2.759791851043701,9.999999747378752e-05,-0.00836053118109703,0.030171068385243416,0.4226679801940918,0.011514902114868164,221.0,0.16593898832798004,100.0,2.0861971378326416,-0.004136917646974325,0.17589865624904633,0.0,0.9999048113822937
628,,,,,,,,-2.7597556114196777,4.444444493856281e-05,-0.021315554156899452,0.004836345557123423,0.4047889709472656,0.011146068572998047,230.0,0.16589823365211487,100.0,2.085238456726074,-0.0038131161127239466,8.439544035354629e-05,0.0,0.9999363422393799
629,,,,,,,,-2.765638828277588,6.666666740784422e-05,-0.020905787125229836,0.008301015943288803,0.3943958282470703,0.011274099349975586,236.0,0.165679931640625,100.0,2.085238456726074,-0.004235934000462294,0.049734193831682205,0.0,0.9999459385871887
630,,,,,,,,-2.7773237228393555,6.666666740784422e-05,-0.02210444025695324,0.0008000248926691711,0.41902685165405273,0.011991024017333984,222.0,0.16539184749126434,100.0,2.087128162384033,-0.004159008152782917,7.879705293954852e-38,0.0,0.9999750256538391
631,,,,,,,,-2.786060094833374,1.975308623514138e-05,-0.038086503744125366,0.01064450852572918,0.423494815826416,0.011023998260498047,220.0,0.16528436541557312,100.0,2.082533597946167,-0.004440804943442345,0.0001775983691914007,0.0,0.9999331831932068
632,,,,,,,,-2.7889068126678467,6.666666740784422e-05,-0.008885870687663555,0.009594498202204704,0.40363025665283203,0.011039972305297852,231.0,0.16518281400203705,100.0,2.083484649658203,-0.004633352626115084,0.0524882972240448,0.0,0.9999281764030457
633,,,,,,,,-2.7956299781799316,4.444444493856281e-05,-0.017258383333683014,0.003231177804991603,0.3981292247772217,0.010876893997192383,234.0,0.1649683713912964,100.0,2.083484649658203,-0.004149323794990778,0.028433270752429962,0.0,0.9999532699584961
634,,,,,,,,-2.7995405197143555,2.9629629352712072e-05,-0.01696666143834591,0.0004165628051850945,0.39797186851501465,0.010996103286743164,234.0,0.16502706706523895,100.0,2.0787789821624756,-0.0047616674564778805,0.0,0.0,0.999967098236084
635,,,,,,,,-2.7965612411499023,4.444444493856281e-05,-0.02450619637966156,0.011082138866186142,0.432462215423584,0.011250972747802734,216.0,0.1651258021593094,100.0,2.079793691635132,-0.0038746569771319628,3.900731826433912e-05,0.0,0.9999494552612305
636,,,,,,,,-2.7919740676879883,4.444444493856281e-05,-0.020420018583536148,0.005752471275627613,0.3986942768096924,0.010991811752319336,234.0,0.16530929505825043,100.0,2.0803322792053223,-0.0041920277290046215,0.00026954381610266864,0.0,0.9999343752861023
637,,,,,,,,-2.785877227783203,1.975308623514138e-05,-0.0256416667252779,0.00949801318347454,0.41158509254455566,0.012158870697021484,226.0,0.16544494032859802,100.0,2.0803322792053223,-0.004517868626862764,5.802680607303046e-05,0.0,0.9999599456787109
638,,,,,,,,-2.7834298610687256,2.9629629352712072e-05,-0.01441564317792654,0.001189771224744618,0.39432311058044434,0.011234045028686523,236.0,0.16548678278923035,100.0,2.0761208534240723,-0.004053391516208649,8.250356768257916e-05,0.0,0.9999623894691467
639,,,,,,,,-2.7817423343658447,4.444444493856281e-05,-0.020120954141020775,0.005954004358500242,0.4301598072052002,0.011063098907470703,217.0,0.16552603244781494,100.0,2.0729544162750244,-0.0042099677957594395,1.0115571858576274e-16,0.0,0.9999615550041199
640,,,,,,,,-2.7795255184173584,1.975308623514138e-05,-0.028955718502402306,0.007995309308171272,0.41098594665527344,0.01220703125,226.0,0.16566412150859833,100.0,2.0729544162750244,-0.004002549219876528,8.5905434389133e-05,0.0,0.9999259114265442
641,,,,,,,,-2.774461030960083,4.444444493856281e-05,-0.010594519786536694,0.005269323009997606,0.41362690925598145,0.011001110076904297,226.0,0.16579943895339966,100.0,2.0719597339630127,-0.003938460256904364,0.013494719751179218,0.0,0.9999599456787109
642,,,,,,,,-2.7684950828552246,1.975308623514138e-05,-0.01691412553191185,0.0008496369700878859,0.3906819820404053,0.011410951614379883,238.0,0.16589787602424622,100.0,2.0719597339630127,-0.004136156756430864,3.8450399954910106e-14,0.0,0.9999545216560364
643,,,,,,,,-2.766212224960327,6.666666740784422e-05,-0.023395011201500893,0.0037895813584327698,0.43012309074401855,0.011500120162963867,217.0,0.16590799391269684,100.0,2.0657031536102295,-0.00452662305906415,5.085949480747484e-21,0.0,0.9999759793281555
644,,,,,,,,-2.7688181400299072,2.9629629352712072e-05,-0.01582038216292858,0.005337568465620279,0.41916608810424805,0.011464834213256836,222.0,0.16585467755794525,100.0,2.065725088119507,-0.004103245213627815,0.00012891435471829027,0.0,0.9999244213104248
645,,,,,,,,-2.7752633094787598,9.999999747378752e-05,-0.009843124076724052,0.002779776230454445,0.41156506538391113,0.011239767074584961,227.0,0.1655869036912918,100.0,2.065984010696411,-0.003811446949839592,3.844188540824689e-05,0.0,0.9999599456787109
646,,,,,,,,-2.787606954574585,4.444444493856281e-05,-0.01781725324690342,0.0008072584168985486,0.3934903144836426,0.011232852935791016,237.0,0.1654386818408966,100.0,2.065984010696411,-0.0037535952869802713,0.00016057834727689624,0.0,0.999955952167511
647,,,,,,,,-2.7910315990448,6.666666740784422e-05,-0.009917153045535088,0.0018580388277769089,0.4279801845550537,0.011159896850585938,218.0,0.16552044451236725,100.0,2.060134172439575,-0.00481165898963809,1.7836606858168125e-08,0.0,0.9999813437461853
648,,,,,,,,-2.789555311203003,2.9629629352712072e-05,-0.0300948154181242,0.0012966875219717622,0.42519283294677734,0.011530160903930664,219.0,0.1656493842601776,100.0,2.0558087825775146,-0.004638658370822668,0.00027949700597673655,0.0,0.9999157786369324
649,,,,,,,,-2.785261631011963,6.666666740784422e-05,-0.01565302535891533,0.0009764641872607172,0.4350287914276123,0.01311635971069336,214.0,0.16579537093639374,100.0,2.055800199508667,-0.0039459834806621075,2.4108134311973117e-05,0.0,0.9999507069587708
650,,,,,,,,-2.7843871116638184,4.444444493856281e-05,-0.02419395186007023,0.01655588485300541,0.47220492362976074,0.011556863784790039,198.0,0.1656343638896942,100.0,2.055800199508667,-0.004180117044597864,0.07061396539211273,0.0,0.9999403953552246
651,,,,,,,,-2.7917683124542236,2.9629629352712072e-05,-0.022287661209702492,0.00031733850482851267,0.4209871292114258,0.011128902435302734,222.0,0.1655021458864212,100.0,2.0557994842529297,-0.004738213494420052,3.4050942422327236e-21,0.0,0.9999807476997375
652,,,,,,,,-2.7928853034973145,4.444444493856281e-05,-0.006706316955387592,0.0022652701009064913,0.4206571578979492,0.010969161987304688,222.0,0.16555622220039368,100.0,2.0557990074157715,-0.004213768523186445,0.00024310512526426464,0.0,0.999914824962616
653,,,,,,,,-2.790700912475586,4.444444493856281e-05,-0.014243253506720066,0.0016319783171638846,0.418194055557251,0.012826919555664062,222.0,0.1655348539352417,100.0,2.057152032852173,-0.004568934440612793,6.032903547747992e-05,0.0,0.999939501285553
654,,,,,,,,-2.794055223464966,4.444444493856281e-05,-0.004809393081814051,0.005474738776683807,0.39681196212768555,0.011223077774047852,235.0,0.16534829139709473,100.0,2.057152032852173,-0.004176428075879812,0.017566654831171036,0.0,0.9999482035636902
655,,,,,,,,-2.803969383239746,4.444444493856281e-05,-0.015613066963851452,0.0002874283236451447,0.4194462299346924,0.012447118759155273,222.0,0.1650279313325882,100.0,2.0571720600128174,-0.004340869374573231,4.410999240606377e-28,0.0,0.9999739527702332
656,,,,,,,,-2.8164665699005127,2.9629629352712072e-05,-0.038569867610931396,0.0030805477872490883,0.4267308712005615,0.011787176132202148,218.0,0.16482655704021454,100.0,2.052334785461426,-0.004004201386123896,0.0002295600133948028,0.0,0.9999307990074158
657,,,,,,,,-2.8216094970703125,2.9629629352712072e-05,-0.014481763355433941,0.00754117127507925,0.4125509262084961,0.011293888092041016,226.0,0.16473881900310516,100.0,2.0502707958221436,-0.004050667863339186,5.7724366342881694e-05,0.0,0.9999393820762634
658,,,,,,,,-2.8243186473846436,6.666666740784422e-05,-0.015789061784744263,0.003935614135116339,0.4022946357727051,0.011246204376220703,232.0,0.16467271745204926,100.0,2.0502707958221436,-0.003765467554330826,7.33725812551711e-07,0.0,0.999957799911499
659,,,,,,,,-2.8272898197174072,9.999999747378752e-05,-0.01255542691797018,0.00111825717613101,0.398608922958374,0.010977029800415039,234.0,0.164607435464859,100.0,2.0475380420684814,-0.004203227814286947,1.9487446479615755e-05,0.0,0.9999737739562988
660,,,,,,,,-2.8318073749542236,9.999999747378752e-05,-0.011231104843318462,0.0014994279481470585,0.4364442825317383,0.011095762252807617,214.0,0.16454410552978516,100.0,2.047537088394165,-0.004129782784730196,1.3025448496930629e-17,0.0,0.9999475479125977
661,,,,,,,,-2.8409602642059326,0.0001500000071246177,-0.019419461488723755,0.0052313064225018024,0.401273250579834,0.01123189926147461,232.0,0.1642030030488968,100.0,2.0475268363952637,-0.004191223997622728,7.886827370384708e-05,0.0,0.9999315738677979
662,,,,,,,,-2.8585450649261475,2.9629629352712072e-05,-0.015357975848019123,0.002508411882445216,0.4153420925140381,0.011351823806762695,224.0,0.16388089954853058,100.0,2.0475268363952637,-0.004318395163863897,3.518194716889411e-05,0.0,0.9999564290046692
663,,,,,,,,-2.8676929473876953,1.975308623514138e-05,-0.016210610046982765,0.001966492971405387,0.4059751033782959,0.013608932495117188,228.0,0.16381438076496124,100.0,2.0465610027313232,-0.0039328900165855885,3.326928344904445e-05,0.0,0.999963104724884
664,,,,,,,,-2.871306896209717,6.666666740784422e-05,-0.013392657041549683,0.007385334465652704,0.4355812072753906,0.011226892471313477,214.0,0.1637464314699173,100.0,2.0436055660247803,-0.004017081577330828,0.022479036822915077,0.0,0.9999598860740662
665,,,,,,,,-2.87681245803833,2.9629629352712072e-05,-0.00927065685391426,0.001633948995731771,0.4125478267669678,0.011271238327026367,226.0,0.16363242268562317,100.0,2.0436055660247803,-0.0037452485412359238,0.00021748531435150653,0.0,0.9999117255210876
666,,,,,,,,-2.88240385055542,0.00022499999613501132,-0.014508554711937904,0.015596063807606697,0.412492036819458,0.011192083358764648,226.0,0.16355323791503906,100.0,2.043614387512207,-0.003529711626470089,0.07591520994901657,0.0,0.9999544024467468
667,,,,,,,,-2.886019706726074,1.316872385359602e-05,-0.030997198075056076,0.0011240927269682288,0.3970487117767334,0.010934114456176758,235.0,0.16352549195289612,100.0,2.043614387512207,-0.003966836724430323,2.7810768282472004e-15,0.0,0.9999414086341858
668,,,,,,,,-2.8867673873901367,0.0001500000071246177,-0.010343599133193493,0.002309589646756649,0.42647218704223633,0.012518882751464844,218.0,0.1634771078824997,100.0,2.042792320251465,-0.004320648033171892,2.655920255663383e-26,0.0,0.9999706149101257
669,,,,,,,,-2.8804047107696533,6.666666740784422e-05,-0.022876184433698654,0.005190271884202957,0.4165339469909668,0.010979890823364258,224.0,0.16383050382137299,100.0,2.0428054332733154,-0.004620603751391172,5.836881246068515e-05,0.0,0.999920129776001
670,,,,,,,,-2.868696451187134,1.316872385359602e-05,-0.02475924789905548,0.0020530419424176216,0.4115328788757324,0.011907100677490234,226.0,0.16387981176376343,100.0,2.0442893505096436,-0.004345462191849947,5.438909647637047e-05,0.0,0.999950110912323
671,,,,,,,,-2.8687384128570557,6.666666740784422e-05,-0.01502735074609518,0.006260043475776911,0.3983480930328369,0.012151002883911133,233.0,0.163856640458107,100.0,2.0442893505096436,-0.004374451003968716,0.044762928038835526,0.0,0.9999426007270813
672,,,,,,,,-2.8713767528533936,2.9629629352712072e-05,-0.000758793787099421,0.0008172103553079069,0.4352550506591797,0.011670112609863281,214.0,0.16385547816753387,100.0,2.044113874435425,-0.0039786905981600285,1.750909911296055e-23,0.0,0.9999801516532898
673,,,,,,,,-2.8703036308288574,6.666666740784422e-05,-0.01888183504343033,0.03720363229513168,0.4247288703918457,0.010981082916259766,220.0,0.16391247510910034,100.0,2.0391180515289307,-0.004439568612724543,0.302480548620224,0.0,0.9998776316642761
674,,,,,,,,-2.866476058959961,2.9629629352712072e-05,-0.012899373658001423,0.00284161907620728,0.409837007522583,0.011386871337890625,227.0,0.16403266787528992,100.0,2.035356044769287,-0.0041694012470543385,5.196765050641261e-05,0.0,0.9999492764472961
675,,,,,,,,-2.8587563037872314,4.444444493856281e-05,-0.006518446374684572,0.005274050869047642,0.40804219245910645,0.01158595085144043,228.0,0.16422578692436218,100.0,2.035356044769287,-0.003764218417927623,0.031270451843738556,0.0,0.999946117401123
676,,,,,,,,-2.850600242614746,4.444444493856281e-05,-0.021794328466057777,0.0016943522496148944,0.4274771213531494,0.011307001113891602,218.0,0.16432072222232819,100.0,2.0373027324676514,-0.004114374052733183,6.25917985059966e-41,0.0,0.9999825358390808
677,,,,,,,,-2.8435781002044678,9.999999747378752e-05,-0.018542151898145676,0.006393700838088989,0.43517279624938965,0.016378164291381836,212.0,0.1645948886871338,100.0,2.037301540374756,-0.004289423115551472,0.00022503330546896905,0.0,0.9999194741249084
678,,,,,,,,-2.831112861633301,2.9629629352712072e-05,-0.022390149533748627,0.003098023124039173,0.5977129936218262,0.012295961380004883,157.0,0.16464745998382568,100.0,2.037907361984253,-0.003975423518568277,6.257843051571399e-05,0.0,0.9999432563781738
679,,,,,,,,-2.8298070430755615,2.9629629352712072e-05,-0.013764425180852413,0.002598749939352274,0.5111010074615479,0.014014959335327148,182.0,0.1646905392408371,100.0,2.037907361984253,-0.004107378423213959,7.137117790989578e-05,0.0,0.9999554753303528
680,,,,,,,,-2.827518939971924,2.9629629352712072e-05,-0.020196549594402313,0.001193419098854065,0.44832634925842285,0.011096715927124023,208.0,0.1646348536014557,100.0,2.0376763343811035,-0.00485835550352931,1.7491873222752474e-05,0.0,0.9999816417694092
681,,,,,,,,-2.830263376235962,4.444444493856281e-05,-0.01471802033483982,0.04250470548868179,0.4443931579589844,0.011786937713623047,210.0,0.16454488039016724,100.0,2.0376811027526855,-0.004124127794057131,0.20345687866210938,0.0,0.9999173283576965
682,,,,,,,,-2.832551956176758,4.444444493856281e-05,-0.02944975532591343,0.028581593185663223,0.4122467041015625,0.011409282684326172,226.0,0.16457128524780273,100.0,2.03692626953125,-0.00393487187102437,0.18483923375606537,0.0,0.9999106526374817
683,,,,,,,,-2.830824851989746,2.9629629352712072e-05,-0.018726399168372154,0.004486787598580122,0.4163529872894287,0.01356816291809082,223.0,0.1645684540271759,100.0,2.03692626953125,-0.004019409418106079,6.616719628463135e-17,0.0,0.9999536871910095
684,,,,,,,,-2.8315696716308594,4.444444493856281e-05,-0.02189546823501587,0.0018744998378679156,0.40888309478759766,0.011744976043701172,228.0,0.16459958255290985,100.0,2.033324718475342,-0.004088526125997305,5.0295053370064124e-05,0.0,0.9999732971191406
685,,,,,,,,-2.828054189682007,1.975308623514138e-05,-0.025360360741615295,0.03210125118494034,0.44080591201782227,0.01111912727355957,212.0,0.16469734907150269,100.0,2.0331058502197266,-0.004413992166519165,0.16199572384357452,0.0,0.9999418258666992
686,,,,,,,,-2.8246076107025146,9.999999747378752e-05,-0.017008448019623756,0.03913498297333717,0.40552592277526855,0.013381242752075195,229.0,0.16471831500530243,100.0,2.031284809112549,-0.0032842119690030813,0.24109263718128204,0.0,0.9999070763587952
687,,,,,,,,-2.821434259414673,2.9629629352712072e-05,-0.0011592574883252382,0.00904455129057169,0.41496992111206055,0.010968923568725586,225.0,0.16480419039726257,100.0,2.031284809112549,-0.004075402859598398,1.3711681109483015e-28,0.0,0.9999434947967529
688,,,,,,,,-2.820966958999634,6.666666740784422e-05,-0.022430237382650375,0.001964190974831581,0.3922092914581299,0.011253833770751953,237.0,0.16469353437423706,100.0,2.0312864780426025,-0.004139409866183996,3.077267683693208e-05,0.0,0.9999644756317139
689,,,,,,,,-2.8292319774627686,2.9629629352712072e-05,-0.010351632721722126,0.02421647682785988,0.4316589832305908,0.011427879333496094,216.0,0.16457627713680267,100.0,2.0385661125183105,-0.0048570577055215836,0.27489790320396423,0.0,0.9999582171440125
690,,,,,,,,-2.8337080478668213,9.999999747378752e-05,-0.01491534523665905,0.011664043180644512,0.4285728931427002,0.011088132858276367,218.0,0.16436216235160828,100.0,2.0385661125183105,-0.004580632317811251,3.0352833470209585e-29,0.0,0.9998882412910461
691,,,,,,,,-2.8430323600769043,1.975308623514138e-05,-0.02324252761900425,0.02045275829732418,0.43120288848876953,0.011752128601074219,216.0,0.16417984664440155,100.0,2.038577079772949,-0.003735306905582547,0.162803515791893,0.0,0.9999610781669617
692,,,,,,,,-2.844759702682495,6.666666740784422e-05,-0.011709210462868214,0.0008323708898387849,0.4726901054382324,0.011470794677734375,198.0,0.16421373188495636,100.0,2.038577079772949,-0.004325767047703266,3.634496403923798e-13,0.0,0.9999392032623291
693,,,,,,,,-2.8376638889312744,4.444444493856281e-05,-0.02764364704489708,0.006380527280271053,0.4366729259490967,0.011800050735473633,214.0,0.16440920531749725,100.0,2.0434813499450684,-0.00430222088471055,1.9991101978188976e-26,0.0,0.999977171421051
694,,,,,,,,-2.8274571895599365,2.9629629352712072e-05,-0.0022745179012417793,0.014276891015470028,0.46311497688293457,0.011353254318237305,202.0,0.16457253694534302,100.0,2.043473243713379,-0.004617171827703714,0.04215933009982109,0.0,0.9999182820320129
695,,,,,,,,-2.822657585144043,6.666666740784422e-05,-0.021041322499513626,0.0030909457709640265,0.4153609275817871,0.011079072952270508,225.0,0.16458646953105927,100.0,2.0450103282928467,-0.004052373580634594,4.3473658700721174e-11,0.0,0.9999476075172424
696,,,,,,,,-2.8253979682922363,2.9629629352712072e-05,-0.021461639553308487,0.007668400648981333,0.38994288444519043,0.011107921600341797,239.0,0.1643752157688141,100.0,2.0450103282928467,-0.0038720406591892242,5.490155308507383e-05,0.0,0.9999523758888245
697,,,,,,,,-2.8348097801208496,6.666666740784422e-05,-0.017665330320596695,0.0014264844357967377,0.431164026260376,0.012490987777709961,216.0,0.16409532725811005,100.0,2.0450329780578613,-0.004045121371746063,5.16857356913647e-09,0.0,0.9999833703041077
698,,,,,,,,-2.846224546432495,4.444444493856281e-05,-0.01130983978509903,0.0036946949549019337,0.43219828605651855,0.011351823806762695,216.0,0.16384059190750122,100.0,2.0458381175994873,-0.004144517704844475,0.055328547954559326,0.0,0.9999101758003235
699,,,,,,,,-2.8533945083618164,1.975308623514138e-05,-0.018191002309322357,0.0007134635234251618,0.4149599075317383,0.011057138442993164,225.0,0.1637105792760849,100.0,2.0458240509033203,-0.0045040384866297245,0.012037619017064571,0.0,0.9999478459358215
700,,,,,,,,-2.855762243270874,6.666666740784422e-05,-0.011952449567615986,0.007981386967003345,0.3988358974456787,0.011154890060424805,234.0,0.16383162140846252,100.0,2.0458240509033203,-0.003463391913101077,0.00010761257726699114,0.0,0.9999556541442871
701,,,,,,,,-2.8507604598999023,6.666666740784422e-05,-0.01132584735751152,0.001976544735953212,0.4220399856567383,0.011342763900756836,221.0,0.16387926042079926,100.0,2.046893835067749,-0.004439766984432936,1.040152369569114e-06,0.0,0.999984085559845
702,,,,,,,,-2.85770845413208,4.444444493856281e-05,-0.032088518142700195,0.010792164131999016,0.4243159294128418,0.011276006698608398,220.0,0.16368062794208527,100.0,2.047116756439209,-0.004166293423622847,0.0002612013486213982,0.0,0.9999249577522278
703,,,,,,,,-2.86507511138916,4.444444493856281e-05,-0.004429942462593317,0.004531481768935919,0.41941189765930176,0.011387109756469727,222.0,0.1635156273841858,100.0,2.0471138954162598,-0.004488753620535135,0.00013979944924358279,0.0,0.9999483227729797
704,,,,,,,,-2.87198805809021,1.975308623514138e-05,-0.022086504846811295,0.0036972579546272755,0.39674806594848633,0.011979818344116211,234.0,0.16338340938091278,100.0,2.0471138954162598,-0.004110956564545631,1.1949447070946917e-05,0.0,0.9999570846557617
705,,,,,,,,-2.873859167098999,6.666666740784422e-05,-0.014064823277294636,0.0009080814197659492,0.4167959690093994,0.011184930801391602,224.0,0.16340433061122894,100.0,2.046783447265625,-0.004537808708846569,2.3372565919999033e-05,0.0,0.9999790191650391
706,,,,,,,,-2.8731775283813477,4.444444493856281e-05,-0.021577801555395126,0.028860678896307945,0.4267299175262451,0.011414051055908203,219.0,0.1632533222436905,100.0,2.0467844009399414,-0.004160987678915262,0.1287916749715805,0.0,0.9999175071716309
707,,,,,,,,-2.8770971298217773,6.666666740784422e-05,-0.012014604173600674,0.011952310800552368,0.4148271083831787,0.01128697395324707,225.0,0.16315971314907074,100.0,2.046778917312622,-0.004543775226920843,0.05564175918698311,0.0,0.999920129776001
708,,,,,,,,-2.8729772567749023,2.9629629352712072e-05,-0.014102175831794739,0.007341146003454924,0.49176788330078125,0.012496232986450195,190.0,0.16333645582199097,100.0,2.046778917312622,-0.0038336319848895073,5.154000864956612e-28,0.0,0.9999602437019348
709,,,,,,,,-2.865107536315918,4.444444493856281e-05,-0.011580171063542366,0.0025892837438732386,0.4056110382080078,0.011205911636352539,230.0,0.1633916199207306,100.0,2.049260377883911,-0.004676835145801306,7.181862747529522e-05,0.0,0.9999752044677734
710,,,,,,,,-2.866504192352295,1.975308623514138e-05,-0.02330256812274456,0.010135700926184654,0.44252705574035645,0.010966062545776367,211.0,0.16325795650482178,100.0,2.0503170490264893,-0.004565788898617029,0.025531692430377007,0.0,0.9999448657035828
711,,,,,,,,-2.870252847671509,6.666666740784422e-05,-0.011600805446505547,0.005506185814738274,0.40301084518432617,0.010910987854003906,231.0,0.16326643526554108,100.0,2.0503203868865967,-0.003876548260450363,0.00021059879509266466,0.0,0.9999282360076904
712,,,,,,,,-2.8698277473449707,1.975308623514138e-05,-0.025602610781788826,0.0039831227622926235,0.4183840751647949,0.013486862182617188,222.0,0.1633112132549286,100.0,2.0503203868865967,-0.004354163538664579,0.000174581931787543,0.0,0.9999577403068542
713,,,,,,,,-2.870784044265747,6.666666740784422e-05,-0.013986806385219097,0.0031544731464236975,0.4050137996673584,0.011727094650268555,230.0,0.16319520771503448,100.0,2.0477283000946045,-0.004535641986876726,5.950696868239902e-05,0.0,0.9999647736549377
714,,,,,,,,-2.877711296081543,2.9629629352712072e-05,-0.015232507139444351,0.003676045686006546,0.4650256633758545,0.013014078140258789,200.0,0.16312092542648315,100.0,2.0468828678131104,-0.004292002413421869,0.009846982546150684,0.0,0.9999658465385437
715,,,,,,,,-2.878589630126953,4.444444493856281e-05,-0.017405498772859573,0.036155231297016144,0.43517208099365234,0.012552022933959961,214.0,0.16307108104228973,100.0,2.0468828678131104,-0.004253428895026445,0.20269076526165009,0.0,0.9999222755432129
716,,,,,,,,-2.8809282779693604,4.444444493856281e-05,-0.022900883108377457,0.004624349996447563,0.43167710304260254,0.011261940002441406,216.0,0.1630924791097641,100.0,2.0453062057495117,-0.003949191886931658,1.3442454614709387e-12,0.0,0.9999461770057678
717,,,,,,,,-2.8801820278167725,1.975308623514138e-05,-0.01802496612071991,0.0025999739300459623,0.3957948684692383,0.011298179626464844,235.0,0.1631457507610321,100.0,2.0453062057495117,-0.0034662727266550064,6.10719362157397e-05,0.0,0.9999586939811707
718,,,,,,,,-2.875714063644409,0.0001500000071246177,-0.0010202213888987899,0.00466008810326457,0.42554497718811035,0.011513948440551758,219.0,0.16339635848999023,100.0,2.0438592433929443,-0.004375544376671314,5.21441501089015e-11,0.0,0.9999774098396301
719,,,,,,,,-2.862238645553589,1.316872385359602e-05,-0.028052005916833878,0.016348427161574364,0.45152997970581055,0.01250314712524414,206.0,0.16352206468582153,100.0,2.045722007751465,-0.0040632882155478,0.13720843195915222,0.0,0.9999115467071533
720,,,,,,,,-2.8592731952667236,6.666666740784422e-05,-0.020695418119430542,0.0011431288439780474,0.41399717330932617,0.011714696884155273,225.0,0.16363103687763214,100.0,2.045741558074951,-0.004184629302471876,5.1473044576644256e-11,0.0,0.9999445080757141
721,,,,,,,,-2.850080728530884,1.975308623514138e-05,-0.01201945636421442,0.0022043543867766857,0.4266030788421631,0.011246919631958008,219.0,0.16382385790348053,100.0,2.045741558074951,-0.0042495024390518665,4.731302396976389e-05,0.0,0.9999565482139587
722,,,,,,,,-2.8460874557495117,9.999999747378752e-05,-0.012644180096685886,0.001221524435095489,0.4207749366760254,0.011121988296508789,222.0,0.16369746625423431,100.0,2.045442581176758,-0.00481593469157815,3.953573912696129e-09,0.0,0.9999828338623047
723,,,,,,,,-2.8482491970062256,2.9629629352712072e-05,-0.014490092173218727,0.011962282471358776,0.41819286346435547,0.011707782745361328,223.0,0.16371318697929382,100.0,2.0470895767211914,-0.004317544866353273,0.10041480511426926,0.0,0.9999068379402161
724,,,,,,,,-2.843844413757324,6.666666740784422e-05,-0.018649447709321976,0.009491560980677605,0.4141061305999756,0.011157989501953125,225.0,0.1639331877231598,100.0,2.0470919609069824,-0.0038259171415120363,0.10202985256910324,0.0,0.9999381899833679
725,,,,,,,,-2.8346168994903564,2.9629629352712072e-05,-0.007633049972355366,0.01780361495912075,0.38980603218078613,0.010896921157836914,239.0,0.1640879511833191,100.0,2.0470919609069824,-0.004085916560143232,0.11591412872076035,0.0,0.9999397397041321
726,,,,,,,,-2.831796884536743,9.999999747378752e-05,-0.018679151311516762,0.00040539150359109044,0.4230959415435791,0.011089086532592773,221.0,0.1640320122241974,100.0,2.0478718280792236,-0.004203695338219404,0.0,0.0,0.9999805092811584
727,,,,,,,,-2.831392288208008,4.444444493856281e-05,-0.01666620373725891,0.0055579012259840965,0.43885087966918945,0.011749982833862305,213.0,0.16407911479473114,100.0,2.049729585647583,-0.004430100787431002,0.008363229222595692,0.0,0.9999265074729919
728,,,,,,,,-2.829411268234253,4.444444493856281e-05,-0.014421364292502403,0.00582579430192709,0.4271993637084961,0.011073589324951172,219.0,0.16399362683296204,100.0,2.0519661903381348,-0.0037769160699099302,0.0346604585647583,0.0,0.9999420642852783
729,,,,,,,,-2.8335609436035156,4.444444493856281e-05,-0.031042946502566338,0.006422278471291065,0.40670108795166016,0.011779069900512695,229.0,0.16388729214668274,100.0,2.0519661903381348,-0.004137258045375347,3.3782936952775344e-05,0.0,0.9999555945396423
730,,,,,,,,-2.842590808868408,6.666666740784422e-05,-0.010071678087115288,0.0019839834421873093,0.43485307693481445,0.011359930038452148,215.0,0.16357062757015228,100.0,2.051309585571289,-0.004482440650463104,1.604773206054233e-05,0.0,0.9999773502349854
731,,,,,,,,-2.8579885959625244,2.9629629352712072e-05,-0.02460269071161747,0.02287304773926735,0.43117785453796387,0.012330293655395508,216.0,0.1634107381105423,100.0,2.0519747734069824,-0.0038122478872537613,0.08693449944257736,0.0,0.9999269843101501
732,,,,,,,,-2.8614110946655273,2.9629629352712072e-05,-0.017109589651226997,0.006130509078502655,0.4167487621307373,0.011806249618530273,224.0,0.16347849369049072,100.0,2.05197811126709,-0.004261374473571777,0.00014939486572984606,0.0,0.9999394416809082
733,,,,,,,,-2.8552675247192383,4.444444493856281e-05,-0.009839985519647598,0.004513667896389961,0.3975028991699219,0.01116490364074707,234.0,0.1637742668390274,100.0,2.05197811126709,-0.0042423829436302185,7.5089956226293e-06,0.0,0.9999591708183289
734,,,,,,,,-2.8421409130096436,2.9629629352712072e-05,-0.01904357224702835,0.0024290571454912424,0.41036009788513184,0.011359930038452148,227.0,0.16400021314620972,100.0,2.0502688884735107,-0.004512738436460495,7.334484689636156e-05,0.0,0.9999679923057556
735,,,,,,,,-2.8317439556121826,9.999999747378752e-05,-0.011218521744012833,0.01422472856938839,0.44766807556152344,0.011256933212280273,209.0,0.16424483060836792,100.0,2.050269365310669,-0.004114376846700907,0.03919359669089317,0.0,0.999947726726532
736,,,,,,,,-2.817307710647583,4.444444493856281e-05,-0.01000138558447361,0.006533921230584383,0.42620301246643066,0.012928009033203125,218.0,0.16443388164043427,100.0,2.049311399459839,-0.003995208535343409,9.703444084152579e-05,0.0,0.9999372959136963
737,,,,,,,,-2.8205244541168213,6.666666740784422e-05,-0.014186499640345573,0.00458931690081954,0.4133460521697998,0.011765003204345703,225.0,0.16392621397972107,100.0,2.049311399459839,-0.0038425831589847803,3.9375987398670986e-05,0.0,0.9999629855155945
738,,,,,,,,-2.838411331176758,0.00022499999613501132,-0.005842017475515604,0.0008932327036745846,0.41218113899230957,0.01187586784362793,226.0,0.16382496058940887,100.0,2.0500645637512207,-0.004055582452565432,9.687101555755362e-05,0.0,0.9999637007713318
739,,,,,,,,-2.8389365673065186,1.975308623514138e-05,-0.020277634263038635,0.016661470755934715,0.442065954208374,0.01288604736328125,211.0,0.16377462446689606,100.0,2.049072742462158,-0.004422318190336227,0.05566797032952309,0.0,0.9999613761901855
740,,,,,,,,-2.8398118019104004,0.0001500000071246177,-0.004859171807765961,0.0046018194407224655,0.4273989200592041,0.011758089065551758,218.0,0.1638270616531372,100.0,2.049072742462158,-0.003946948796510696,7.288133929250762e-05,0.0,0.9999187588691711
741,,,,,,,,-2.834564685821533,2.9629629352712072e-05,-0.024939343333244324,0.0032908960711210966,0.4243040084838867,0.01149296760559082,220.0,0.1638278216123581,100.0,2.048537492752075,-0.004357487428933382,2.9284949050634168e-05,0.0,0.9999613165855408
742,,,,,,,,-2.8381950855255127,2.9629629352712072e-05,-0.013499117456376553,0.0018944229232147336,0.3889627456665039,0.0107421875,240.0,0.16357876360416412,100.0,2.048537492752075,-0.003680682508274913,1.2094514204363804e-05,0.0,0.9999586939811707
743,,,,,,,,-2.8444128036499023,2.9629629352712072e-05,-0.013685004785656929,0.0016900148475542665,0.4479033946990967,0.011311769485473633,209.0,0.1636008769273758,100.0,2.049607992172241,-0.004507526755332947,9.182685167807847e-11,0.0,0.9999715685844421
744,,,,,,,,-2.8414430618286133,4.444444493856281e-05,-0.004367379005998373,0.013922613114118576,0.4134073257446289,0.012277841567993164,225.0,0.16373123228549957,100.0,2.0495996475219727,-0.004517384339123964,0.16630056500434875,0.0,0.9999074339866638
745,,,,,,,,-2.8411004543304443,6.666666740784422e-05,-0.016050156205892563,0.002085541607812047,0.4258460998535156,0.011600732803344727,219.0,0.16361795365810394,100.0,2.0495941638946533,-0.003973256330937147,3.3580578019609675e-05,0.0,0.9999561309814453
746,,,,,,,,-2.850131034851074,2.9629629352712072e-05,-0.020308468490839005,0.0009688574355095625,0.38971996307373047,0.010926961898803711,239.0,0.16350121796131134,100.0,2.0495941638946533,-0.004045515786856413,3.249810470151715e-05,0.0,0.9999539852142334
747,,,,,,,,-2.853682041168213,6.666666740784422e-05,-0.015035884454846382,0.001089551136828959,0.4367239475250244,0.011390924453735352,214.0,0.16347718238830566,100.0,2.0527849197387695,-0.004010912962257862,1.0159262764375399e-08,0.0,0.9999828338623047
748,,,,,,,,-2.853677988052368,2.9629629352712072e-05,-0.01583927869796753,0.01958031766116619,0.41566014289855957,0.010925054550170898,225.0,0.16354557871818542,100.0,2.0527865886688232,-0.004654196090996265,0.24053210020065308,0.0,0.9998874068260193
749,,,,,,,,-2.8517866134643555,4.444444493856281e-05,-0.014684503898024559,0.02008199878036976,0.4110829830169678,0.01279306411743164,226.0,0.16349145770072937,100.0,2.0525412559509277,-0.003979987930506468,0.1585809588432312,0.0,0.9999310374259949
750,,,,,,,,-2.856294870376587,4.444444493856281e-05,-0.024498187005519867,0.0021061685401946306,0.4102959632873535,0.011427164077758789,227.0,0.16331632435321808,100.0,2.0525412559509277,-0.004075895994901657,0.014142916537821293,0.0,0.9999533295631409
751,,,,,,,,-2.8637702465057373,4.444444493856281e-05,-0.020673032850027084,0.0012591382255777717,0.42208218574523926,0.013599872589111328,220.0,0.16304107010364532,100.0,2.05715012550354,-0.0038287993520498276,0.0,0.0,0.9999849796295166
752,,,,,,,,-2.875488519668579,2.9629629352712072e-05,-0.026318946853280067,0.005220278166234493,0.44076085090637207,0.013323068618774414,211.0,0.16275376081466675,100.0,2.06018328666687,-0.004316315986216068,7.215333607746288e-05,0.0,0.99992436170578
753,,,,,,,,-2.882133960723877,4.444444493856281e-05,-0.01867692545056343,0.005918214097619057,0.5547370910644531,0.029165029525756836,164.0,0.1627899557352066,100.0,2.0604660511016846,-0.004340470302850008,0.02025330252945423,0.0,0.9999467730522156
754,,,,,,,,-2.8798911571502686,1.316872385359602e-05,-0.027951795607805252,0.002223734511062503,0.41317200660705566,0.011199951171875,226.0,0.1627875119447708,100.0,2.0604660511016846,-0.004590959288179874,2.7637475795927458e-05,0.0,0.9999591708183289
755,,,,,,,,-2.880887746810913,2.9629629352712072e-05,-0.021038435399532318,0.0015372531488537788,0.40978097915649414,0.011490106582641602,227.0,0.16275140643119812,100.0,2.060467004776001,-0.0042815362103283405,1.0118737009179313e-05,0.0,0.9999783635139465
756,,,,,,,,-2.8782272338867188,0.0001500000071246177,-0.005945632699877024,0.00436204019933939,0.44356298446655273,0.011074066162109375,211.0,0.16301093995571136,100.0,2.060851573944092,-0.003988312557339668,4.9073085392592475e-05,0.0,0.9999396204948425
757,,,,,,,,-2.851043224334717,4.444444493856281e-05,-0.02066834084689617,0.0048155938275158405,0.4063422679901123,0.011437654495239258,229.0,0.16364786028862,100.0,2.0594968795776367,-0.0037511123809963465,6.799163384130225e-05,0.0,0.9999486804008484
758,,,,,,,,-2.8384323120117188,4.444444493856281e-05,-0.01535816490650177,0.002389987464994192,0.4133613109588623,0.012669801712036133,225.0,0.16363365948200226,100.0,2.0594968795776367,-0.004761426243931055,6.152960850158706e-06,0.0,0.9999597668647766
759,,,,,,,,-2.846231460571289,2.9629629352712072e-05,-0.02659652940928936,0.0010234217625111341,0.465958833694458,0.011074066162109375,201.0,0.1633846014738083,100.0,2.0595011711120605,-0.004060517530888319,0.00010965124965878204,0.0,0.9999707341194153
760,,,,,,,,-2.8560314178466797,2.9629629352712072e-05,-0.014154525473713875,0.0013406769139692187,0.45020103454589844,0.011183023452758789,208.0,0.16323968768119812,100.0,2.059502601623535,-0.004067133646458387,1.8137138795282226e-06,0.0,0.999946653842926
761,,,,,,,,-2.858384132385254,6.666666740784422e-05,-0.027313169091939926,0.018001418560743332,0.39690589904785156,0.011102914810180664,235.0,0.1633497029542923,100.0,2.0591745376586914,-0.0037943369243294,0.04436177387833595,0.0,0.999930202960968
762,,,,,,,,-2.8516876697540283,6.666666740784422e-05,-0.020687516778707504,0.0016243360005319118,0.4110908508300781,0.011240959167480469,227.0,0.16353516280651093,100.0,2.0591745376586914,-0.004302490036934614,2.3014664826681575e-11,0.0,0.9999558329582214
763,,,,,,,,-2.8432953357696533,2.9629629352712072e-05,-0.029794393107295036,0.0013556499034166336,0.38410067558288574,0.01104426383972168,242.0,0.16374710202217102,100.0,2.0591609477996826,-0.0040511093102395535,7.97115862951614e-05,0.0,0.9999639391899109
764,,,,,,,,-2.8354310989379883,4.444444493856281e-05,-0.01780315674841404,0.0018735714256763458,0.45410776138305664,0.011573076248168945,206.0,0.1639513522386551,100.0,2.059997081756592,-0.00425489479675889,1.0458352857440289e-15,0.0,0.9999621510505676
765,,,,,,,,-2.8261730670928955,4.444444493856281e-05,-0.010459993034601212,0.005934526678174734,0.4049830436706543,0.010847806930541992,230.0,0.16418315470218658,100.0,2.059997081756592,-0.003557349555194378,0.00023008312564343214,0.0,0.999928891658783
766,,,,,,,,-2.8173844814300537,2.9629629352712072e-05,-0.0297931507229805,0.002872933866456151,0.4130382537841797,0.011564970016479492,226.0,0.16437093913555145,100.0,2.060015916824341,-0.0038854151498526335,2.5021208784892224e-05,0.0,0.999959409236908
767,,,,,,,,-2.810347080230713,2.9629629352712072e-05,-0.02092953585088253,0.0008563021547161043,0.38972902297973633,0.011073112487792969,239.0,0.16453561186790466,100.0,2.060015916824341,-0.004099617246538401,2.5421788450330496e-05,0.0,0.9999578595161438
768,,,,,,,,-2.8081908226013184,6.666666740784422e-05,-0.020117176696658134,0.0014798998599871993,0.42687106132507324,0.011169195175170898,219.0,0.16441158950328827,100.0,2.0600125789642334,-0.004285264760255814,1.8851484609450075e-11,0.0,0.9999732971191406
769,,,,,,,,-2.8207929134368896,4.444444493856281e-05,-0.02120407670736313,0.006496855989098549,0.4118971824645996,0.010799169540405273,227.0,0.1641560047864914,100.0,2.0600225925445557,-0.004192689433693886,0.00012317475921008736,0.0,0.9999191761016846
770,,,,,,,,-2.825985908508301,0.0003375000087544322,-0.0002067299501504749,0.0024636494927108288,0.40882420539855957,0.011327981948852539,228.0,0.16407540440559387,100.0,2.060006856918335,-0.004170797299593687,7.57317093302845e-06,0.0,0.9999600052833557
771,,,,,,,,-2.826611280441284,2.9629629352712072e-05,-0.010953431017696857,0.0007507757982239127,0.3907778263092041,0.011087179183959961,238.0,0.16407081484794617,100.0,2.060006856918335,-0.0036917589604854584,1.484396943851607e-05,0.0,0.9999537467956543
772,,,,,,,,-2.823772430419922,6.666666740784422e-05,-0.012631027027964592,0.000933887145947665,0.4196207523345947,0.010823249816894531,223.0,0.16413208842277527,100.0,2.0595831871032715,-0.004619952756911516,1.098960566991991e-08,0.0,0.99997878074646
773,,,,,,,,-2.8187766075134277,2.9629629352712072e-05,-0.016633033752441406,0.041675906628370285,0.41417813301086426,0.010822772979736328,225.0,0.16420312225818634,100.0,2.0595850944519043,-0.004296016413718462,0.32736244797706604,0.0,0.9998753070831299
774,,,,,,,,-2.816490411758423,9.999999747378752e-05,-0.014976831153035164,0.00982533860951662,0.4095499515533447,0.011191129684448242,228.0,0.16411730647087097,100.0,2.0581092834472656,-0.004086639732122421,0.09808188676834106,0.0,0.9999334812164307
775,,,,,,,,-2.823613166809082,2.9629629352712072e-05,-0.0214398093521595,0.032221488654613495,0.38807177543640137,0.011661052703857422,240.0,0.16382992267608643,100.0,2.0581092834472656,-0.003986768890172243,0.2073020190000534,0.0,0.99993497133255
776,,,,,,,,-2.8351311683654785,6.666666740784422e-05,-0.016020001843571663,0.0015622174832969904,0.4158191680908203,0.011488914489746094,224.0,0.1634882688522339,100.0,2.064408302307129,-0.003573415568098426,0.0,0.0,0.9999821782112122
777,,,,,,,,-2.8506579399108887,4.444444493856281e-05,-0.024247251451015472,0.042721983045339584,0.4150097370147705,0.010928153991699219,225.0,0.1631687432527542,100.0,2.066288709640503,-0.00428960332646966,0.2550952732563019,0.0,0.9999064803123474
778,,,,,,,,-2.862095832824707,2.9629629352712072e-05,-0.021399829536676407,0.009051433764398098,0.4044640064239502,0.010951042175292969,231.0,0.16299347579479218,100.0,2.0694234371185303,-0.004290421027690172,0.10111561417579651,0.0,0.9999273419380188
779,,,,,,,,-2.8691964149475098,6.666666740784422e-05,-0.012464297004044056,0.006452453322708607,0.3896327018737793,0.011103391647338867,239.0,0.16283933818340302,100.0,2.0694234371185303,-0.0036017566453665495,1.154619258159073e-05,0.0,0.9999523758888245
780,,,,,,,,-2.8803958892822266,4.444444493856281e-05,-0.01872030645608902,0.001725966576486826,0.4119389057159424,0.01111602783203125,226.0,0.16250765323638916,100.0,2.0685207843780518,-0.004193228203803301,9.019774552143645e-06,0.0,0.9999785423278809
781,,,,,,,,-2.896076202392578,9.999999747378752e-05,-0.012161828577518463,0.047026462852954865,0.42036008834838867,0.010751962661743164,222.0,0.1621224731206894,100.0,2.0704634189605713,-0.004269082564860582,0.40903231501579285,0.0,0.9999027252197266
782,,,,,,,,-2.9073376655578613,2.9629629352712072e-05,-0.00724349170923233,0.009061788208782673,0.4043400287628174,0.01093602180480957,231.0,0.16210110485553741,100.0,2.0698580741882324,-0.0043294853530824184,0.12157571315765381,0.0,0.9999100565910339
783,,,,,,,,-2.9054667949676514,4.444444493856281e-05,-0.01507012639194727,0.003522682934999466,0.40021681785583496,0.011296987533569336,233.0,0.16216516494750977,100.0,2.0698580741882324,-0.004686803091317415,0.04900522530078888,0.0,0.9999487400054932
784,,,,,,,,-2.902445077896118,6.666666740784422e-05,-0.010916097089648247,0.001988712465390563,0.39455509185791016,0.01083993911743164,236.0,0.1621669977903366,100.0,2.077707290649414,-0.004035685211420059,0.0,0.0,0.9999635815620422
785,,,,,,,,-2.900813341140747,4.444444493856281e-05,-0.017384696751832962,0.03195175155997276,0.43541979789733887,0.011094093322753906,214.0,0.16222988069057465,100.0,2.0800371170043945,-0.0037297848612070084,0.4585120677947998,0.0,0.9999274611473083
786,,,,,,,,-2.903745651245117,4.444444493856281e-05,-0.015258211642503738,0.010385661385953426,0.3968679904937744,0.010854959487915039,235.0,0.16202706098556519,100.0,2.080977439880371,-0.004156580660492182,0.20817403495311737,0.0,0.9998931884765625
787,,,,,,,,-2.912257432937622,2.9629629352712072e-05,-0.025461778044700623,0.008481721393764019,0.40766072273254395,0.010963201522827148,229.0,0.1619659811258316,100.0,2.080977439880371,-0.00431540934368968,0.18720923364162445,0.0,0.9999420046806335
788,,,,,,,,-2.914358377456665,9.999999747378752e-05,-0.013891642913222313,0.0015478755813091993,0.3834261894226074,0.01106405258178711,243.0,0.16203320026397705,100.0,2.085239887237549,-0.004442157689481974,0.0,0.0,0.9999486804008484
789,,,,,,,,-2.9164018630981445,1.975308623514138e-05,-0.024793919175863266,0.021411055698990822,0.4240901470184326,0.010841131210327148,220.0,0.16192972660064697,100.0,2.086326837539673,-0.003623815020546317,0.030322527512907982,0.0,0.999955415725708
790,,,,,,,,-2.919926881790161,0.0001500000071246177,0.0015819140244275331,0.004036705940961838,0.4120960235595703,0.012598037719726562,226.0,0.16189701855182648,100.0,2.086326837539673,-0.004254729021340609,0.032649777829647064,0.0,0.9999138712882996
791,,,,,,,,-2.921391010284424,2.9629629352712072e-05,-0.024778787046670914,0.020823251456022263,0.420853853225708,0.011367082595825195,222.0,0.16186106204986572,100.0,2.08990740776062,-0.004284552298486233,0.22872720658779144,0.0,0.9999507069587708
792,,,,,,,,-2.9242355823516846,6.666666740784422e-05,-0.010898340493440628,0.00155821128282696,0.3920109272003174,0.01206207275390625,237.0,0.16175737977027893,100.0,2.08990740776062,-0.0037811892107129097,1.6167466361637906e-25,0.0,0.99993497133255
793,,,,,,,,-2.9273552894592285,2.9629629352712072e-05,-0.026555519551038742,0.012132233008742332,0.42629313468933105,0.01114797592163086,219.0,0.16171689331531525,100.0,2.08738112449646,-0.0040126065723598,0.21561257541179657,0.0,0.999974250793457
794,,,,,,,,-2.9272425174713135,6.666666740784422e-05,-0.008999641984701157,0.013269366696476936,0.4154369831085205,0.01122903823852539,225.0,0.16178695857524872,100.0,2.083383083343506,-0.00451575918123126,0.4325326979160309,0.0,0.9998704791069031
795,,,,,,,,-2.9242446422576904,2.9629629352712072e-05,-0.026553397998213768,0.0015681256772950292,0.4110410213470459,0.011335134506225586,227.0,0.16176065802574158,100.0,2.0877695083618164,-0.0038067251443862915,0.0,0.0,0.9999327659606934
796,,,,,,,,-2.9218506813049316,2.9629629352712072e-05,-0.017045795917510986,0.0031268158927559853,0.3859899044036865,0.011270284652709961,241.0,0.16184715926647186,100.0,2.0877695083618164,-0.0037386203184723854,0.22067241370677948,0.0,0.999936580657959
797,,,,,,,,-2.919738531112671,6.666666740784422e-05,-0.018698768690228462,0.001432891353033483,0.42020297050476074,0.011364221572875977,222.0,0.16183994710445404,100.0,2.090886116027832,-0.003918047528713942,0.0,0.0,0.9999827742576599
798,,,,,,,,-2.919187307357788,2.9629629352712072e-05,-0.025101197883486748,0.006002675276249647,0.42469096183776855,0.012887001037597656,219.0,0.16182811558246613,100.0,2.0949690341949463,-0.004032422322779894,0.17357955873012543,0.0,0.9998843669891357
799,,,,,,,,-2.9203999042510986,6.666666740784422e-05,-0.014636598527431488,0.005165643524378538,0.41980910301208496,0.012100696563720703,222.0,0.16179096698760986,100.0,2.096085548400879,-0.0039039470721036196,0.018903756514191628,0.0,0.9999404549598694
800,,,,,,,,-2.921505928039551,2.9629629352712072e-05,-0.020344112068414688,0.01934059150516987,0.39090895652770996,0.011273860931396484,238.0,0.1618017554283142,100.0,2.096085548400879,-0.0041993651539087296,4.1208408219972625e-05,0.0,0.999955415725708
801,,,,,,,,-2.922114133834839,4.444444493856281e-05,-0.013105437159538269,0.0022408312652260065,0.417741060256958,0.011172056198120117,223.0,0.16174191236495972,100.0,2.099400520324707,-0.004401336889714003,2.45184224922923e-07,0.0,0.9999847412109375
802,,,,,,,,-2.9302468299865723,9.999999747378752e-05,-0.009575480595231056,0.010395939461886883,0.423475980758667,0.011092901229858398,220.0,0.16143059730529785,100.0,2.0989630222320557,-0.004379832185804844,0.4446088969707489,0.0,0.9998928904533386
803,,,,,,,,-2.9501469135284424,1.975308623514138e-05,-0.01651502214372158,0.0017312878044322133,0.40513014793395996,0.011259794235229492,230.0,0.1611756533384323,100.0,2.098966360092163,-0.0038723440375179052,0.1257556825876236,0.0,0.9999211430549622
804,,,,,,,,-2.955218553543091,0.0001500000071246177,-0.011246953159570694,0.0028641032986342907,0.39217710494995117,0.010808944702148438,238.0,0.16120749711990356,100.0,2.098966360092163,-0.004130824934691191,0.06274593621492386,0.0,0.9999445080757141
805,,,,,,,,-2.9478211402893066,1.316872385359602e-05,-0.02394559606909752,0.00033719424391165376,0.4139060974121094,0.01104879379272461,225.0,0.16139064729213715,100.0,2.106441020965576,-0.0038820337504148483,0.0,0.0,0.9999749064445496
806,,,,,,,,-2.94305419921875,2.9629629352712072e-05,-0.013109982945024967,0.008005290292203426,0.4341409206390381,0.011263132095336914,215.0,0.16148121654987335,100.0,2.1086225509643555,-0.004792533349245787,0.38652825355529785,0.0,0.9999029636383057
807,,,,,,,,-2.9371774196624756,4.444444493856281e-05,-0.019071543589234352,0.0019342080922797322,0.4023778438568115,0.010854959487915039,232.0,0.16168946027755737,100.0,2.1098220348358154,-0.004195366520434618,0.10809127241373062,0.0,0.999904453754425
808,,,,,,,,-2.9280149936676025,1.975308623514138e-05,-0.02810223586857319,0.003962514456361532,0.39482665061950684,0.011140108108520508,236.0,0.16186895966529846,100.0,2.1098220348358154,-0.0037651790771633387,0.2164810299873352,0.0,0.9999479651451111
809,,,,,,,,-2.9228646755218506,1.975308623514138e-05,-0.0207661222666502,0.0004989079316146672,0.3942699432373047,0.010992765426635742,236.0,0.1619587242603302,100.0,2.1172497272491455,-0.0036114330869168043,0.0,0.0,0.9999639987945557
810,,,,,,,,-2.920541524887085,4.444444493856281e-05,-0.01578592136502266,0.0059144445694983006,0.43772196769714355,0.011052131652832031,213.0,0.1619166135787964,100.0,2.1193251609802246,-0.004565143492072821,0.3819337785243988,0.0,0.9999286532402039
811,,,,,,,,-2.9269165992736816,2.9629629352712072e-05,-0.014508269727230072,0.0015281395753845572,0.39786386489868164,0.010795116424560547,234.0,0.16170065104961395,100.0,2.1234874725341797,-0.003809484886005521,0.10112791508436203,0.0,0.9998953342437744
812,,,,,,,,-2.933664321899414,1.975308623514138e-05,-0.02141265571117401,0.02436927519738674,0.40492796897888184,0.010505914688110352,231.0,0.1616353690624237,100.0,2.1234874725341797,-0.004180670250207186,0.0,0.0,0.999952495098114
813,,,,,,,,-2.9361586570739746,2.9629629352712072e-05,-0.017399966716766357,0.0011182376183569431,0.38373804092407227,0.010926961898803711,243.0,0.16156184673309326,100.0,2.1267664432525635,-0.00401227967813611,5.360390423447825e-05,0.0,0.9999620318412781
814,,,,,,,,-2.9406373500823975,6.666666740784422e-05,-0.02170465886592865,0.03763794153928757,0.4304811954498291,0.011472940444946289,217.0,0.1613963544368744,100.0,2.1292314529418945,-0.004554420243948698,3.211439632017782e-13,0.0,0.9999615550041199
815,,,,,,,,-2.949864149093628,4.444444493856281e-05,-0.01583775132894516,0.009739830158650875,0.412445068359375,0.011008977890014648,226.0,0.16121555864810944,100.0,2.1292314529418945,-0.003759317100048065,0.22605681419372559,0.0,0.9999201893806458
816,,,,,,,,-2.9525465965270996,6.666666740784422e-05,-0.02024521492421627,0.001357747009024024,0.5786552429199219,0.016847848892211914,161.0,0.16124799847602844,100.0,2.129234790802002,-0.004324428271502256,0.03968735411763191,0.0,0.9999417662620544
817,,,,,,,,-2.949263572692871,1.975308623514138e-05,-0.020066602155566216,0.0007680006674490869,0.4189600944519043,0.021014690399169922,218.0,0.16125519573688507,100.0,2.129234790802002,-0.003684459952637553,8.513129523274831e-25,0.0,0.9999489784240723
818,,,,,,,,-2.948563575744629,4.444444493856281e-05,-0.015994960442185402,0.0122476015239954,0.43473005294799805,0.01116490364074707,215.0,0.1612595170736313,100.0,2.128751516342163,-0.0039809513837099075,0.1987830549478531,0.0,0.9999744892120361
819,,,,,,,,-2.947793483734131,6.666666740784422e-05,-0.016946688294410706,0.010684836655855179,0.4187781810760498,0.010844707489013672,223.0,0.16128192842006683,100.0,2.133086681365967,-0.003737146034836769,0.08877026289701462,0.0,0.9998788237571716
820,,,,,,,,-2.9368462562561035,6.666666740784422e-05,-0.013008716516196728,0.0013760461006313562,0.40788984298706055,0.010959863662719727,229.0,0.1617712676525116,100.0,2.133873462677002,-0.003907638136297464,2.4520115402992815e-05,0.0,0.9999527931213379
821,,,,,,,,-2.9058151245117188,4.444444493856281e-05,-0.02306709997355938,0.00652801338583231,0.3908369541168213,0.011142730712890625,238.0,0.16251514852046967,100.0,2.133873462677002,-0.0034925267100334167,2.695449256862048e-05,0.0,0.9999534487724304
822,,,,,,,,-2.8843095302581787,4.444444493856281e-05,-0.010298647917807102,0.0016152911121025681,0.43592023849487305,0.01093602180480957,214.0,0.16273586452007294,100.0,2.1392054557800293,-0.00455307774245739,4.1559389263312596e-10,0.0,0.9999825358390808
823,,,,,,,,-2.8787002563476562,4.444444493856281e-05,-0.018246566876769066,0.009672025218605995,0.5292770862579346,0.011262893676757812,177.0,0.16277502477169037,100.0,2.1353185176849365,-0.0038363889325410128,0.09070419520139694,0.0,0.9999001026153564
824,,,,,,,,-2.875617265701294,2.9629629352712072e-05,-0.00947599671781063,0.00451953848823905,0.4151937961578369,0.011130094528198242,225.0,0.16288702189922333,100.0,2.135317087173462,-0.0038149021565914154,4.8036326916189864e-05,0.0,0.9999480247497559
825,,,,,,,,-2.872089385986328,2.9629629352712072e-05,-0.017704138532280922,0.0075925188139081,0.4003570079803467,0.01129603385925293,233.0,0.1628965586423874,100.0,2.135317087173462,-0.0038692078087478876,3.878844654536806e-05,0.0,0.9999558329582214
826,,,,,,,,-2.8763980865478516,6.666666740784422e-05,-0.016813166439533234,0.0013273810036480427,0.4247102737426758,0.011478900909423828,220.0,0.16262347996234894,100.0,2.136107921600342,-0.00408961484208703,4.1330622480018064e-07,0.0,0.9999844431877136
827,,,,,,,,-2.889646053314209,1.975308623514138e-05,-0.013067780062556267,0.03241601213812828,0.42444324493408203,0.01114797592163086,220.0,0.1623896360397339,100.0,2.1344449520111084,-0.003945217467844486,0.4260246753692627,0.0,0.9998833537101746
828,,,,,,,,-2.898348808288574,0.0001500000071246177,-0.014341429807245731,0.011668417602777481,0.4156911373138428,0.011056900024414062,224.0,0.16194160282611847,100.0,2.1344423294067383,-0.004566348623484373,0.17909382283687592,0.0,0.9999091029167175
829,,,,,,,,-2.926795482635498,2.9629629352712072e-05,-0.005870086140930653,0.0014537852257490158,0.4022181034088135,0.011934041976928711,231.0,0.1613570898771286,100.0,2.1344423294067383,-0.004041037987917662,0.043424684554338455,0.0,0.9999427795410156
830,,,,,,,,-2.9395785331726074,6.666666740784422e-05,-0.022014020010828972,0.00016240905097220093,0.4219698905944824,0.011257171630859375,221.0,0.16114342212677002,100.0,2.1407086849212646,-0.0040546199306845665,0.0,0.0,0.999973714351654
831,,,,,,,,-2.9478511810302734,2.9629629352712072e-05,-0.012580126523971558,0.030718045309185982,0.42948102951049805,0.011327981948852539,217.0,0.16098754107952118,100.0,2.1421821117401123,-0.004108361899852753,0.22073549032211304,0.0,0.9999169707298279
832,,,,,,,,-2.951721668243408,4.444444493856281e-05,-0.014768506400287151,0.005190084222704172,0.4117422103881836,0.011664867401123047,226.0,0.16097556054592133,100.0,2.1407880783081055,-0.003913239110261202,0.13774068653583527,0.0,0.9999043345451355
833,,,,,,,,-2.9483513832092285,9.999999747378752e-05,-0.01531876903027296,0.013414652086794376,0.40224790573120117,0.011614084243774414,231.0,0.16118726134300232,100.0,2.1407880783081055,-0.003773261560127139,9.436135629592568e-17,0.0,0.9999502301216125
834,,,,,,,,-2.9418303966522217,1.975308623514138e-05,-0.01996678300201893,0.0008464009733870625,0.4018847942352295,0.011207103729248047,232.0,0.1611424684524536,100.0,2.1448709964752197,-0.004279217217117548,2.281145134475082e-05,0.0,0.9999708533287048
835,,,,,,,,-2.945225238800049,6.666666740784422e-05,-0.02150183916091919,0.023752588778734207,0.44185876846313477,0.012141942977905273,211.0,0.16107963025569916,100.0,2.146853446960449,-0.00431871460750699,0.3826774060726166,0.0,0.9999276995658875
836,,,,,,,,-2.948707342147827,1.316872385359602e-05,-0.02113344520330429,0.001266270293854177,0.405811071395874,0.01227712631225586,229.0,0.161021426320076,100.0,2.1468513011932373,-0.003967363387346268,0.04394420608878136,0.0,0.9998865127563477
837,,,,,,,,-2.950286626815796,4.444444493856281e-05,-0.017222030088305473,0.011833651922643185,0.4155309200286865,0.011106252670288086,225.0,0.1610303819179535,100.0,2.1468513011932373,-0.0038036673795431852,0.21705107390880585,0.0,0.9999464154243469
838,,,,,,,,-2.9530372619628906,0.0001500000071246177,-0.0048490227200090885,0.00047385712969116867,0.3894779682159424,0.010902881622314453,239.0,0.16074416041374207,100.0,2.148794651031494,-0.003986520227044821,0.0,0.0,0.9999394416809082
839,,,,,,,,-2.9668710231781006,2.9629629352712072e-05,-0.030124502256512642,0.025467287749052048,0.43676185607910156,0.011523962020874023,214.0,0.16043242812156677,100.0,2.1533730030059814,-0.0040213726460933685,0.0,0.0,0.9999592304229736
840,,,,,,,,-2.9764504432678223,9.999999747378752e-05,-0.016486341133713722,0.011804239824414253,0.42819786071777344,0.011912107467651367,218.0,0.1601380854845047,100.0,2.1533730030059814,-0.003647044999524951,0.20937879383563995,0.0,0.9999100565910339
841,,,,,,,,-3.0036885738372803,4.444444493856281e-05,-0.02003982663154602,0.013326688669621944,0.42754411697387695,0.010998010635375977,218.0,0.159367173910141,100.0,2.1575536727905273,-0.004163383040577173,0.1960468739271164,0.0,0.9999322891235352
842,,,,,,,,-3.028883695602417,4.444444493856281e-05,-0.01155688427388668,0.0007436290616169572,0.3936738967895508,0.01092219352722168,237.0,0.159002885222435,100.0,2.1575536727905273,-0.0038796095177531242,1.7178442148080374e-25,0.0,0.9999327659606934
843,,,,,,,,-3.0419554710388184,9.999999747378752e-05,-0.008425301872193813,0.010545642115175724,0.43179821968078613,0.011858940124511719,216.0,0.15880319476127625,100.0,2.1567890644073486,-0.004121697973459959,6.473998905180655e-43,0.0,0.9999739527702332
844,,,,,,,,-3.0516245365142822,2.9629629352712072e-05,-0.028656909242272377,0.01221702340990305,0.4276258945465088,0.011066198348999023,218.0,0.15870273113250732,100.0,2.160811424255371,-0.004000443499535322,0.20417755842208862,0.0,0.9998864531517029
845,,,,,,,,-3.0502448081970215,6.666666740784422e-05,-0.019458044320344925,0.0019147556740790606,0.41747093200683594,0.011873006820678711,223.0,0.1589072048664093,100.0,2.1645889282226562,-0.0042769284918904305,2.4432476493529975e-05,0.0,0.9999496936798096
846,,,,,,,,-3.0411009788513184,2.9629629352712072e-05,-0.014404980465769768,0.004687174689024687,0.4613008499145508,0.011601924896240234,203.0,0.1589983105659485,100.0,2.1645889282226562,-0.0036879898980259895,0.14380116760730743,0.0,0.9999272227287292
847,,,,,,,,-3.0417375564575195,4.444444493856281e-05,-0.009871747344732285,0.0005989949568174779,0.42574286460876465,0.011190176010131836,219.0,0.1588965803384781,100.0,2.167447805404663,-0.004441792145371437,1.2944991504004e-24,0.0,0.9999815821647644
848,,,,,,,,-3.0505728721618652,4.444444493856281e-05,-0.019125984981656075,0.015719207003712654,0.44046998023986816,0.011780977249145508,212.0,0.15863105654716492,100.0,2.1674485206604004,-0.003727818839251995,0.3855401575565338,0.0,0.9998614192008972
849,,,,,,,,-3.066030979156494,4.444444493856281e-05,-0.015045749954879284,0.009209545329213142,0.41867899894714355,0.012191057205200195,222.0,0.15825051069259644,100.0,2.170215368270874,-0.0035913840401917696,8.17926847958006e-05,0.0,0.999945342540741
850,,,,,,,,-3.0789332389831543,2.9629629352712072e-05,-0.019025688990950584,0.0096299909055233,0.4023561477661133,0.012355804443359375,231.0,0.1581183224916458,100.0,2.170215368270874,-0.0034035041462630033,0.18481312692165375,0.0,0.9999309182167053
851,,,,,,,,-3.0752475261688232,4.444444493856281e-05,-0.009893144480884075,0.00030437420355156064,0.42749786376953125,0.011876106262207031,218.0,0.15833498537540436,100.0,2.174437999725342,-0.004172844346612692,5.359635848219354e-23,0.0,0.999981701374054
852,,,,,,,,-3.0610227584838867,4.444444493856281e-05,-0.01602022349834442,0.02941593900322914,0.4248969554901123,0.011040687561035156,220.0,0.15859286487102509,100.0,2.17443585395813,-0.003952397964894772,9.503981709713116e-05,0.0,0.9999168515205383
853,,,,,,,,-3.0554442405700684,6.666666740784422e-05,-0.009355073794722557,0.013398573733866215,0.41523003578186035,0.01092386245727539,225.0,0.1583712100982666,100.0,2.1779837608337402,-0.003720758482813835,0.19923849403858185,0.0,0.9999200701713562
854,,,,,,,,-3.0671346187591553,1.975308623514138e-05,-0.023631500080227852,0.012181133031845093,0.3953890800476074,0.011236906051635742,236.0,0.15821120142936707,100.0,2.1779837608337402,-0.004186250735074282,0.1936325579881668,0.0,0.9999378323554993
855,,,,,,,,-3.0718133449554443,2.9629629352712072e-05,-0.019428709521889687,0.00014574738452211022,0.4213728904724121,0.011471033096313477,221.0,0.15814311802387238,100.0,2.173377275466919,-0.003778940299525857,9.75569853218783e-34,0.0,0.9999706745147705
856,,,,,,,,-3.0761289596557617,1.975308623514138e-05,-0.030097728595137596,0.021341845393180847,0.43414998054504395,0.01142120361328125,215.0,0.158066064119339,100.0,2.174170732498169,-0.0038544281851500273,0.389850378036499,0.0,0.9998979568481445
857,,,,,,,,-3.07812762260437,4.444444493856281e-05,-0.010077835991978645,0.011057637631893158,0.41783595085144043,0.011084794998168945,223.0,0.1580759882926941,100.0,2.1776232719421387,-0.0038653339724987745,0.20396028459072113,0.0,0.9998917579650879
858,,,,,,,,-3.0821752548217773,4.444444493856281e-05,-0.01370181143283844,0.023144232109189034,0.40465807914733887,0.012277841567993164,230.0,0.157867431640625,100.0,2.1776232719421387,-0.003898878814652562,0.0,0.0,0.9999485015869141
859,,,,,,,,-3.0928845405578613,4.444444493856281e-05,-0.020300647243857384,0.0008604416507296264,0.4027431011199951,0.011482000350952148,231.0,0.15768921375274658,100.0,2.1851208209991455,-0.0036546795163303614,2.619133192638401e-05,0.0,0.9999677538871765
860,,,,,,,,-3.100088119506836,2.9629629352712072e-05,-0.027491511777043343,0.02875407598912716,0.45461034774780273,0.011076688766479492,206.0,0.1575990915298462,100.0,2.1886589527130127,-0.003746557980775833,0.4679786264896393,0.0,0.9999258518218994
861,,,,,,,,-3.1062159538269043,9.999999747378752e-05,-0.011050259694457054,0.008928366005420685,0.4090301990509033,0.011073589324951172,228.0,0.15732747316360474,100.0,2.188671112060547,-0.0036435022484511137,0.19894082844257355,0.0,0.9998714923858643
862,,,,,,,,-3.1205666065216064,1.975308623514138e-05,-0.02760355919599533,0.024203814566135406,0.41033387184143066,0.010963201522827148,227.0,0.15707804262638092,100.0,2.188671112060547,-0.004086079075932503,0.0,0.0,0.9999409317970276
863,,,,,,,,-3.1225569248199463,9.999999747378752e-05,-0.0052329739555716515,0.0015593882417306304,0.3973698616027832,0.01102900505065918,235.0,0.15716348588466644,100.0,2.1930766105651855,-0.003778565675020218,3.934568667318672e-05,0.0,0.9999563097953796
864,,,,,,,,-3.116770029067993,4.444444493856281e-05,-0.014878222718834877,0.034416500478982925,0.44830822944641113,0.012270689010620117,208.0,0.1572079211473465,100.0,2.2014808654785156,-0.0046992069110274315,0.21542547643184662,0.0,0.9999532699584961
865,,,,,,,,-3.1203317642211914,2.9629629352712072e-05,-0.033088620752096176,0.021604329347610474,0.4226980209350586,0.010978221893310547,221.0,0.15711264312267303,100.0,2.2014808654785156,-0.003450133139267564,6.780259718652815e-05,0.0,0.9998852610588074
866,,,,,,,,-3.1251237392425537,6.666666740784422e-05,-0.008464977145195007,0.021813808009028435,0.4260900020599365,0.013376951217651367,218.0,0.15704943239688873,100.0,2.201481819152832,-0.003996685612946749,0.2118096947669983,0.0,0.999946653842926
867,,,,,,,,-3.1295857429504395,2.9629629352712072e-05,-0.029983507469296455,0.001152613083831966,0.48011088371276855,0.011301040649414062,195.0,0.15699389576911926,100.0,2.201481819152832,-0.003944313153624535,2.7689257679243406e-13,0.0,0.9999234080314636
868,,,,,,,,-3.1347601413726807,6.666666740784422e-05,-0.019101206213235855,0.011196473613381386,0.5104367733001709,0.01512908935546875,182.0,0.15677545964717865,100.0,2.205620527267456,-0.004112401511520147,1.1983547300020508e-27,0.0,0.9999698996543884
869,,,,,,,,-3.1464178562164307,1.975308623514138e-05,-0.025337906554341316,0.027187155559659004,0.5272140502929688,0.01300191879272461,177.0,0.15654651820659637,100.0,2.204786777496338,-0.003917359746992588,0.4495448172092438,0.0,0.9998645186424255
870,,,,,,,,-3.151604175567627,9.999999747378752e-05,-0.01375736016780138,0.001246671425178647,0.43740296363830566,0.011208772659301758,213.0,0.1565391719341278,100.0,2.2088472843170166,-0.003948059398680925,7.364295978584678e-11,0.0,0.9999244213104248
871,,,,,,,,-3.14858341217041,2.9629629352712072e-05,-0.018742168322205544,0.013101696036756039,0.3990037441253662,0.011260271072387695,233.0,0.15669506788253784,100.0,2.2088472843170166,-0.004082709085196257,8.254160638898611e-05,0.0,0.9999468922615051
872,,,,,,,,-3.140937089920044,6.666666740784422e-05,-0.022317662835121155,0.0011542680440470576,0.42140984535217285,0.011795997619628906,221.0,0.15695762634277344,100.0,2.2132010459899902,-0.003915341105312109,7.446701033586578e-09,0.0,0.9999789595603943
873,,,,,,,,-3.126436948776245,2.9629629352712072e-05,-0.02150055579841137,0.022528914734721184,0.4222269058227539,0.010739326477050781,221.0,0.1572198122739792,100.0,2.217459201812744,-0.0038868386764079332,0.45893165469169617,0.0,0.999859631061554
874,,,,,,,,-3.117642879486084,6.666666740784422e-05,-0.01629522070288658,0.010039369575679302,0.408405065536499,0.010827064514160156,228.0,0.15740057826042175,100.0,2.2174794673919678,-0.004017963539808989,0.24274568259716034,0.0,0.9999167323112488
875,,,,,,,,-3.1109795570373535,1.316872385359602e-05,-0.014852595515549183,0.020455682650208473,0.3936340808868408,0.011262893676757812,237.0,0.15742185711860657,100.0,2.2174794673919678,-0.00353869516402483,9.823555592447519e-05,0.0,0.9999505877494812
876,,,,,,,,-3.10957407951355,9.999999747378752e-05,-0.012275038287043571,0.0009158188477158546,0.41631102561950684,0.011137962341308594,224.0,0.15750187635421753,100.0,2.226290702819824,-0.003883627476170659,8.455212991975714e-07,0.0,0.9999852180480957
877,,,,,,,,-3.1002979278564453,1.975308623514138e-05,-0.02119370922446251,0.03248190879821777,0.4547688961029053,0.013360023498535156,205.0,0.15775129199028015,100.0,2.2309582233428955,-0.0037621401716023684,0.18499411642551422,0.0,0.9998895525932312
878,,,,,,,,-3.0943431854248047,2.9629629352712072e-05,-0.017082972452044487,0.01364813931286335,0.4184598922729492,0.011014938354492188,223.0,0.15780551731586456,100.0,2.230973958969116,-0.0034885182976722717,0.19601960480213165,0.0,0.999906599521637
879,,,,,,,,-3.095365285873413,4.444444493856281e-05,-0.026491107419133186,0.020116744562983513,0.3951270580291748,0.010977029800415039,236.0,0.157637819647789,100.0,2.230973958969116,-0.003804194973781705,3.355939043103717e-05,0.0,0.9999498724937439
880,,,,,,,,-3.1041314601898193,4.444444493856281e-05,-0.006408224813640118,0.0012546527432277799,0.4252457618713379,0.012037277221679688,219.0,0.15746861696243286,100.0,2.228257179260254,-0.004206543322652578,1.9333971067680977e-05,0.0,0.9999765753746033
881,,,,,,,,-3.112456798553467,9.999999747378752e-05,-0.015165667980909348,0.031861092895269394,0.42102479934692383,0.011028289794921875,222.0,0.15725013613700867,100.0,2.2301430702209473,-0.003983812406659126,0.38042357563972473,0.0,0.9998941421508789
882,,,,,,,,-3.130035877227783,4.444444493856281e-05,-0.01166924275457859,0.006748204585164785,0.40848588943481445,0.011020898818969727,228.0,0.15680114924907684,100.0,2.226144313812256,-0.00428932486101985,0.13773585855960846,0.0,0.999891996383667
883,,,,,,,,-3.146343946456909,6.666666740784422e-05,-0.0023154348600655794,0.009554663673043251,0.39713621139526367,0.010966062545776367,235.0,0.1565617322921753,100.0,2.226144313812256,-0.0037447765935212374,0.18106164038181305,0.0,0.9999391436576843
884,,,,,,,,-3.153421640396118,2.9629629352712072e-05,-0.02626672573387623,0.00038988571031950414,0.39290499687194824,0.010897159576416016,237.0,0.15648171305656433,100.0,2.228564739227295,-0.00409579835832119,0.0,0.0,0.9999523162841797
885,,,,,,,,-3.1584906578063965,2.9629629352712072e-05,-0.024859290570020676,0.04174984619021416,0.43531298637390137,0.011246919631958008,214.0,0.15632836520671844,100.0,2.2292726039886475,-0.0034083910286426544,0.18289469182491302,0.0,0.9999306201934814
886,,,,,,,,-3.1639304161071777,1.975308623514138e-05,-0.032864902168512344,0.028620034456253052,0.40027856826782227,0.011689424514770508,233.0,0.15626533329486847,100.0,2.2327523231506348,-0.003287016646936536,2.4397892048000358e-05,0.0,0.9998971819877625
887,,,,,,,,-3.165194272994995,2.9629629352712072e-05,-0.02231070026755333,0.026277588680386543,0.41137003898620605,0.010943889617919922,227.0,0.15620797872543335,100.0,2.2327523231506348,-0.0040021310560405254,3.101298716501333e-05,0.0,0.9999475479125977
888,,,,,,,,-3.1705589294433594,1.975308623514138e-05,-0.027081936597824097,0.0016202330589294434,0.3963460922241211,0.011132955551147461,235.0,0.15607264637947083,100.0,2.228239059448242,-0.0037422524765133858,5.903416604269296e-05,0.0,0.9999552369117737
889,,,,,,,,-3.1783154010772705,9.999999747378752e-05,-0.0074538784101605415,0.02479751966893673,0.4305081367492676,0.010900020599365234,217.0,0.15578265488147736,100.0,2.226104974746704,-0.003976195119321346,0.378420352935791,0.0,0.9999544024467468
890,,,,,,,,-3.1905598640441895,1.975308623514138e-05,-0.03265732526779175,0.02652394212782383,0.4153010845184326,0.010593891143798828,225.0,0.1556830108165741,100.0,2.226104974746704,-0.003413901664316654,8.688506121495172e-25,0.0,0.9998642802238464
891,,,,,,,,-3.190727472305298,1.975308623514138e-05,-0.010080472566187382,0.02174995467066765,0.4118227958679199,0.010924100875854492,227.0,0.15568025410175323,100.0,2.2251780033111572,-0.003811761736869812,0.19764173030853271,0.0,0.9999573230743408
892,,,,,,,,-3.193850517272949,6.666666740784422e-05,-0.009553210809826851,0.0014304504729807377,0.39565110206604004,0.01128077507019043,235.0,0.1555418223142624,100.0,2.2251780033111572,-0.003473675576969981,3.5334203011411214e-13,0.0,0.9999259114265442
893,,,,,,,,-3.201674699783325,1.975308623514138e-05,-0.035525597631931305,0.013745326548814774,0.4265477657318115,0.01098012924194336,219.0,0.15548257529735565,100.0,2.2236545085906982,-0.0038930028676986694,0.1622394472360611,0.0,0.9999740719795227
894,,,,,,,,-3.2044837474823,6.666666740784422e-05,-0.016697056591510773,0.018822023645043373,0.422637939453125,0.011178970336914062,221.0,0.15541516244411469,100.0,2.219665050506592,-0.0034948636312037706,0.3871176242828369,0.0,0.9998478889465332
895,,,,,,,,-3.2083194255828857,1.975308623514138e-05,-0.018585098907351494,0.0012067336356267333,0.4079151153564453,0.011085748672485352,229.0,0.15546998381614685,100.0,2.2198774814605713,-0.0040834522806108,0.0,0.0,0.999923050403595
896,,,,,,,,-3.2030107975006104,0.0003375000087544322,-0.01181333139538765,0.004772617015987635,0.3943958282470703,0.011385202407836914,236.0,0.155827134847641,100.0,2.2198774814605713,-0.0033555387053638697,0.18908686935901642,0.0,0.999925434589386
897,,,,,,,,-3.1774168014526367,4.444444493856281e-05,-0.02872888185083866,0.0008678180747665465,0.42342591285705566,0.01096487045288086,220.0,0.1562507301568985,100.0,2.2261571884155273,-0.003826525993645191,0.0,0.0,0.9999826550483704
898,,,,,,,,-3.1686713695526123,2.9629629352712072e-05,-0.017753254622220993,0.0069165537133812904,0.42157912254333496,0.010920047760009766,221.0,0.15634314715862274,100.0,2.229227304458618,-0.0036945745814591646,0.3459337651729584,0.0,0.9998555183410645
899,,,,,,,,-3.1625406742095947,4.444444493856281e-05,-0.014072549529373646,0.022710904479026794,0.4194920063018799,0.012402057647705078,222.0,0.15653657913208008,100.0,2.2284839153289795,-0.003793845884501934,7.277509575942531e-05,0.0,0.9999425411224365
900,,,,,,,,-3.152071952819824,4.444444493856281e-05,-0.019185230135917664,0.03190632537007332,0.39835476875305176,0.010931968688964844,234.0,0.15680569410324097,100.0,2.2284839153289795,-0.00397909851744771,0.00018589037063065916,0.0,0.9999470114707947
901,,,,,,,,-3.135589122772217,6.666666740784422e-05,-0.011557493358850479,0.0010543066309764981,0.42337894439697266,0.010991096496582031,221.0,0.15723353624343872,100.0,2.226752758026123,-0.004282162990421057,1.0462399586685933e-06,0.0,0.9999852180480957
902,,,,,,,,-3.1184003353118896,2.9629629352712072e-05,-0.017661746591329575,0.01700678840279579,0.424954891204834,0.011549949645996094,219.0,0.15743358433246613,100.0,2.222686767578125,-0.003917986992746592,0.3711751401424408,0.0,0.9998748302459717
903,,,,,,,,-3.11397123336792,2.9629629352712072e-05,-0.017505811527371407,0.026110393926501274,0.4198887348175049,0.011504173278808594,222.0,0.1574355512857437,100.0,2.2184462547302246,-0.0039021254051476717,0.00010439837933517992,0.0,0.9999285340309143
904,,,,,,,,-3.1162633895874023,6.666666740784422e-05,-0.007643261458724737,0.009470476768910885,0.39635205268859863,0.011094093322753906,235.0,0.15722016990184784,100.0,2.2184462547302246,-0.0040112747810781,0.17635785043239594,0.0,0.9999373555183411
905,,,,,,,,-3.1253654956817627,4.444444493856281e-05,-0.009828297421336174,0.000686866114847362,0.4169960021972656,0.010983943939208984,224.0,0.15710781514644623,100.0,2.2222530841827393,-0.004470596555620432,4.726611574925495e-24,0.0,0.9999727606773376
906,,,,,,,,-3.1321005821228027,4.444444493856281e-05,-0.017261888831853867,0.04373414069414139,0.4206728935241699,0.010767936706542969,222.0,0.15690943598747253,100.0,2.22188401222229,-0.003980190958827734,0.1653953492641449,0.0,0.9999122619628906
907,,,,,,,,-3.142033338546753,2.9629629352712072e-05,-0.02638048492372036,0.0293137114495039,0.4137227535247803,0.01117706298828125,225.0,0.15678565204143524,100.0,2.2252745628356934,-0.0038840912748128176,0.0002292725257575512,0.0,0.9999235272407532
908,,,,,,,,-3.146535634994507,4.444444493856281e-05,-0.010647740215063095,0.014491609297692776,0.4004969596862793,0.01075601577758789,233.0,0.15670804679393768,100.0,2.2252745628356934,-0.0035703389439731836,0.17789281904697418,0.0,0.9999494552612305
909,,,,,,,,-3.146815299987793,4.444444493856281e-05,-0.014569658786058426,0.0009431493235751987,0.40169286727905273,0.012279033660888672,231.0,0.15692956745624542,100.0,2.219926118850708,-0.003662101924419403,1.0275942974866046e-21,0.0,0.9999586939811707
910,,,,,,,,-3.132678508758545,2.9629629352712072e-05,-0.027788691222667694,0.043146681040525436,0.4436368942260742,0.010812044143676758,211.0,0.15725590288639069,100.0,2.2175302505493164,-0.004186026286333799,5.824764938409268e-32,0.0,0.9999430179595947
911,,,,,,,,-3.1240971088409424,0.0001500000071246177,-0.002638131845742464,0.022873392328619957,0.40390777587890625,0.010786056518554688,231.0,0.1573561728000641,100.0,2.219740629196167,-0.003657803637906909,0.00019149806757923216,0.0,0.9999179840087891
912,,,,,,,,-3.117068290710449,6.666666740784422e-05,-0.013541932217776775,0.02488207258284092,0.4109199047088623,0.011104106903076172,227.0,0.1575918197631836,100.0,2.219740629196167,-0.004351774696260691,0.17856048047542572,0.0,0.9999561309814453
913,,,,,,,,-3.11563777923584,9.999999747378752e-05,-0.010768979787826538,0.001967168180271983,0.39421606063842773,0.01102590560913086,236.0,0.15737836062908173,100.0,2.2158029079437256,-0.003949420526623726,1.1518388286585566e-17,0.0,0.9999420046806335
914,,,,,,,,-3.126527786254883,4.444444493856281e-05,-0.014246026054024696,0.042110905051231384,0.4263339042663574,0.0109100341796875,219.0,0.1572372168302536,100.0,2.210259199142456,-0.003799723694100976,0.18663327395915985,0.0,0.9999588131904602
915,,,,,,,,-3.1280555725097656,2.9629629352712072e-05,-0.026851147413253784,0.02844417653977871,0.4161720275878906,0.010648727416992188,224.0,0.15721967816352844,100.0,2.210259199142456,-0.00373291433788836,0.2005242109298706,0.0,0.9998836517333984
916,,,,,,,,-3.1307876110076904,4.444444493856281e-05,-0.019481956958770752,0.006414048373699188,0.41616082191467285,0.01297307014465332,223.0,0.15706981718540192,100.0,2.2095251083374023,-0.004191984888166189,9.184114406479704e-12,0.0,0.9999352097511292
917,,,,,,,,-3.1341874599456787,1.975308623514138e-05,-0.01891128532588482,0.0030363115947693586,0.3932070732116699,0.011241912841796875,237.0,0.15707676112651825,100.0,2.2095251083374023,-0.003848939435556531,9.8471537057776e-05,0.0,0.9999515414237976
918,,,,,,,,-3.131615161895752,2.9629629352712072e-05,-0.02299869991838932,0.03598571941256523,0.4246201515197754,0.01084589958190918,220.0,0.15718460083007812,100.0,2.205784797668457,-0.004483111668378115,0.20883144438266754,0.0,0.9999713897705078
919,,,,,,,,-3.1269495487213135,2.9629629352712072e-05,-0.020236395299434662,0.016675123944878578,0.4174971580505371,0.010621786117553711,224.0,0.15729206800460815,100.0,2.2076950073242188,-0.003351170802488923,2.083551044052001e-05,0.0,0.9998713135719299
920,,,,,,,,-3.123272657394409,6.666666740784422e-05,-0.01871284283697605,0.003215124597772956,0.4090077877044678,0.010869026184082031,228.0,0.15734604001045227,100.0,2.207690715789795,-0.00430507306009531,2.3286964278668165e-05,0.0,0.9999439120292664
921,,,,,,,,-3.1249911785125732,0.00022499999613501132,-0.013780927285552025,0.015032391063869,0.3958709239959717,0.011020898818969727,235.0,0.15715689957141876,100.0,2.207690715789795,-0.0036401750985533,0.1809806078672409,0.0,0.9999300837516785
922,,,,,,,,-3.138636350631714,1.975308623514138e-05,-0.005210546310991049,0.0013639420503750443,0.4212150573730469,0.010938882827758789,222.0,0.15699204802513123,100.0,2.211721420288086,-0.0036334984470158815,1.424621165070927e-25,0.0,0.9999823570251465
923,,,,,,,,-3.142847776412964,2.9629629352712072e-05,-0.015158453956246376,0.02904212661087513,0.4880709648132324,0.012601137161254883,191.0,0.15692980587482452,100.0,2.207385301589966,-0.004163853358477354,0.19374734163284302,0.0,0.9998764395713806
924,,,,,,,,-3.1494719982147217,0.0001500000071246177,-0.01462624128907919,0.015029164031147957,0.4450721740722656,0.012650012969970703,209.0,0.15663833916187286,100.0,2.2100894451141357,-0.0035494472831487656,0.21042805910110474,0.0,0.9999172687530518
925,,,,,,,,-3.175605058670044,6.666666740784422e-05,-0.015911631286144257,0.01553178858011961,0.629321813583374,0.01410818099975586,149.0,0.15605731308460236,100.0,2.2100894451141357,-0.003861216129735112,3.73906186723616e-05,0.0,0.9999484419822693
926,,,,,,,,-3.1942903995513916,2.9629629352712072e-05,-0.028610514476895332,0.0019628622103482485,0.4580800533294678,0.012593984603881836,203.0,0.15581591427326202,100.0,2.2082912921905518,-0.0036887377500534058,9.384474992657488e-07,0.0,0.9999824166297913
927,,,,,,,,-3.2036969661712646,2.9629629352712072e-05,-0.023154059424996376,0.05374978855252266,0.44982314109802246,0.01253199577331543,207.0,0.15553224086761475,100.0,2.2123308181762695,-0.004288462921977043,0.3586292266845703,0.0,0.9998652935028076
928,,,,,,,,-3.2168149948120117,0.00022499999613501132,-0.00420617638155818,0.01675502210855484,0.43195104598999023,0.01174783706665039,216.0,0.1551676243543625,100.0,2.2123401165008545,-0.003991052974015474,0.00013768376084044576,0.0,0.9999216198921204
929,,,,,,,,-3.2348649501800537,2.9629629352712072e-05,-0.027371685951948166,0.03446638956665993,0.40582919120788574,0.012180805206298828,229.0,0.1549043357372284,100.0,2.2123401165008545,-0.003556177020072937,0.20712162554264069,0.0,0.9999380111694336
930,,,,,,,,-3.2340688705444336,9.999999747378752e-05,-0.014897783286869526,0.0004061179351992905,0.4250509738922119,0.011826038360595703,219.0,0.15523020923137665,100.0,2.217479944229126,-0.004249969497323036,0.0,0.0,0.9999707341194153
931,,,,,,,,-3.215345621109009,2.9629629352712072e-05,-0.023922840133309364,0.033937353640794754,0.43975400924682617,0.012272119522094727,212.0,0.15544655919075012,100.0,2.217477798461914,-0.003965466748923063,5.9746846091002226e-05,0.0,0.9999286532402039
932,,,,,,,,-3.2083773612976074,1.975308623514138e-05,-0.020543815568089485,0.01981353387236595,0.4257979393005371,0.012261152267456055,219.0,0.15553565323352814,100.0,2.2214572429656982,-0.003703962778672576,0.00014404348621610552,0.0,0.9999294281005859
933,,,,,,,,-3.2051162719726562,2.9629629352712072e-05,-0.022677350789308548,0.041831061244010925,0.4119229316711426,0.012142181396484375,226.0,0.15551325678825378,100.0,2.2214572429656982,-0.00360820721834898,0.21042288839817047,0.0,0.999943733215332
934,,,,,,,,-3.2080512046813965,2.9629629352712072e-05,-0.017883267253637314,0.0011876451317220926,0.4073619842529297,0.011739969253540039,229.0,0.1554148942232132,100.0,2.2132837772369385,-0.004121019970625639,5.812221631795291e-17,0.0,0.9999508857727051
935,,,,,,,,-3.2122931480407715,4.444444493856281e-05,-0.01776925101876259,0.05249018222093582,0.44827795028686523,0.011210918426513672,208.0,0.15527671575546265,100.0,2.209862470626831,-0.0036436517257243395,0.1962159276008606,0.0,0.9999315738677979
936,,,,,,,,-3.219482660293579,6.666666740784422e-05,-0.014792351052165031,0.03510361164808273,0.41538000106811523,0.012225866317749023,224.0,0.15518029034137726,100.0,2.213069438934326,-0.004044636618345976,0.21292918920516968,0.0,0.9998888969421387
937,,,,,,,,-3.21701717376709,0.00022499999613501132,-0.011020218953490257,0.023787271231412888,0.4259021282196045,0.011883020401000977,219.0,0.15550945699214935,100.0,2.213069438934326,-0.0036269512493163347,7.834598855088748e-13,0.0,0.9999394416809082
938,,,,,,,,-3.1927220821380615,2.9629629352712072e-05,-0.014330215752124786,0.002393796108663082,0.4035329818725586,0.01186680793762207,231.0,0.15588504076004028,100.0,2.216836929321289,-0.003977626096457243,7.682479918003082e-05,0.0,0.9999569058418274
939,,,,,,,,-3.1851305961608887,6.666666740784422e-05,-0.010621422901749611,0.056952983140945435,0.4436957836151123,0.011681079864501953,210.0,0.1559467315673828,100.0,2.214053153991699,-0.004043953027576208,0.18484945595264435,0.0,0.9999561309814453
940,,,,,,,,-3.1795732975006104,4.444444493856281e-05,-0.02688010409474373,0.019863231107592583,0.4291830062866211,0.012016773223876953,217.0,0.15615862607955933,100.0,2.214053153991699,-0.0041010114364326,0.00011851973977172747,0.0,0.9998754858970642
941,,,,,,,,-3.1665990352630615,9.999999747378752e-05,-0.013679102063179016,0.005350323859602213,0.42128896713256836,0.01190805435180664,221.0,0.15645405650138855,100.0,2.214059591293335,-0.0036041869316250086,0.00013642168778460473,0.0,0.9999535083770752
942,,,,,,,,-3.1554441452026367,1.975308623514138e-05,-0.01755138859152794,0.003307315055280924,0.41828227043151855,0.01370692253112793,222.0,0.15654881298542023,100.0,2.214059591293335,-0.0036576762795448303,0.00014346079842653126,0.0,0.9999523758888245
943,,,,,,,,-3.156120538711548,4.444444493856281e-05,-0.016447706148028374,0.05316697433590889,0.44093799591064453,0.012460708618164062,211.0,0.15638858079910278,100.0,2.2102694511413574,-0.004071632865816355,0.22388611733913422,0.0,0.9999702572822571
944,,,,,,,,-3.1670641899108887,2.9629629352712072e-05,-0.020619982853531837,0.04540952295064926,0.43860292434692383,0.011873245239257812,213.0,0.15611818432807922,100.0,2.2094385623931885,-0.0039226277731359005,0.21685481071472168,0.0,0.9998670220375061
945,,,,,,,,-3.1806375980377197,6.666666740784422e-05,-0.012917635031044483,0.0019125437829643488,0.4212017059326172,0.013261079788208008,220.0,0.15570245683193207,100.0,2.205260992050171,-0.0037404124159365892,2.820709221751372e-09,0.0,0.999913215637207
946,,,,,,,,-3.201591968536377,2.9629629352712072e-05,-0.012690898962318897,0.016796234995126724,0.4088599681854248,0.011773109436035156,228.0,0.15537592768669128,100.0,2.205260992050171,-0.0038463969249278307,5.309382686391473e-05,0.0,0.9999404549598694
947,,,,,,,,-3.2112958431243896,6.666666740784422e-05,-0.01760370284318924,0.002220441587269306,0.4335451126098633,0.011872053146362305,215.0,0.15526530146598816,100.0,2.2095706462860107,-0.0041581387631595135,2.2545036060250823e-08,0.0,0.9999787211418152
948,,,,,,,,-3.2153217792510986,2.9629629352712072e-05,-0.020981743931770325,0.055905550718307495,0.4336409568786621,0.011588096618652344,215.0,0.15523767471313477,100.0,2.2097201347351074,-0.004342767875641584,0.4963790476322174,0.0,0.9998441338539124
949,,,,,,,,-3.2159318923950195,4.444444493856281e-05,-0.024648498743772507,0.015067917294800282,0.4257950782775879,0.01191401481628418,219.0,0.15522536635398865,100.0,2.2059473991394043,-0.0035594950895756483,4.210702536511235e-05,0.0,0.9999287724494934
950,,,,,,,,-3.2130935192108154,2.9629629352712072e-05,-0.012036578729748726,0.021340446546673775,0.4037821292877197,0.012143850326538086,230.0,0.15529905259609222,100.0,2.2059473991394043,-0.003677659435197711,0.00018180486222263426,0.0,0.9999406337738037
951,,,,,,,,-3.2086918354034424,2.9629629352712072e-05,-0.019073817878961563,0.0026724841445684433,0.4355132579803467,0.012169837951660156,214.0,0.1554277092218399,100.0,2.2115588188171387,-0.004113072529435158,6.423131821975403e-07,0.0,0.9999759793281555
952,,,,,,,,-3.2053914070129395,6.666666740784422e-05,-0.009131914004683495,0.08993081003427505,0.43721508979797363,0.013136148452758789,213.0,0.15540215373039246,100.0,2.211564779281616,-0.003748416667804122,0.47441330552101135,0.0,0.9998440742492676
953,,,,,,,,-3.2081851959228516,4.444444493856281e-05,-0.021400349214673042,0.022354431450366974,0.5667028427124023,0.03246498107910156,160.0,0.15534813702106476,100.0,2.208810567855835,-0.0040467847138643265,6.337578088277951e-05,0.0,0.9998995661735535
954,,,,,,,,-3.2089312076568604,2.9629629352712072e-05,-0.012151354923844337,0.04827484115958214,0.5236532688140869,0.01697683334350586,177.0,0.15537245571613312,100.0,2.208810567855835,-0.0033530781511217356,0.22000086307525635,0.0,0.9999205470085144
955,,,,,,,,-3.2092857360839844,6.666666740784422e-05,-0.011905074119567871,0.0010286557953804731,0.49704599380493164,0.011518001556396484,188.0,0.15534062683582306,100.0,2.2105226516723633,-0.0038420020136982203,5.565010083640268e-29,0.0,0.999958336353302
956,,,,,,,,-3.20721435546875,1.975308623514138e-05,-0.02167436294257641,0.08388271927833557,0.44937825202941895,0.012724876403808594,207.0,0.15550175309181213,100.0,2.2105233669281006,-0.00377800315618515,0.23298032581806183,0.0,0.9998967051506042
957,,,,,,,,-3.2000980377197266,4.444444493856281e-05,-0.011742420494556427,0.014235669746994972,0.42792487144470215,0.011878013610839844,218.0,0.15564605593681335,100.0,2.211211919784546,-0.0036361825186759233,0.011612769216299057,0.0,0.9998847842216492
958,,,,,,,,-3.190613269805908,2.9629629352712072e-05,-0.011893519200384617,0.05277462303638458,0.4147758483886719,0.011902093887329102,224.0,0.15594540536403656,100.0,2.211211919784546,-0.0032667722553014755,0.25986549258232117,0.0,0.9999300837516785
959,,,,,,,,-3.178163528442383,6.666666740784422e-05,-0.012699693441390991,0.002226195763796568,0.42789602279663086,0.011936187744140625,218.0,0.1563229262828827,100.0,2.2156870365142822,-0.003766055218875408,8.733981066643168e-33,0.0,0.999943733215332
960,,,,,,,,-3.1655266284942627,6.666666740784422e-05,-0.014970630407333374,0.06208140403032303,0.4557650089263916,0.013216018676757812,204.0,0.15642130374908447,100.0,2.2120871543884277,-0.003891080617904663,0.48761358857154846,0.0,0.999914824962616
961,,,,,,,,-3.160393238067627,6.666666740784422e-05,-0.018319180235266685,0.028790121898055077,0.4226100444793701,0.011607885360717773,221.0,0.156747505068779,100.0,2.2133548259735107,-0.003985836636275053,0.26172366738319397,0.0,0.9998440742492676
962,,,,,,,,-3.1441690921783447,2.9629629352712072e-05,-0.01965886354446411,0.022933144122362137,0.427886962890625,0.011901140213012695,218.0,0.157093346118927,100.0,2.2133548259735107,-0.004294999409466982,0.2582230865955353,0.0,0.9999180436134338
963,,,,,,,,-3.131746768951416,2.9629629352712072e-05,-0.014515262097120285,0.0009277266799472272,0.4212460517883301,0.013543128967285156,220.0,0.15733882784843445,100.0,2.21419095993042,-0.0045586624182760715,0.0,0.0,0.9999175071716309
964,,,,,,,,-3.1186153888702393,4.444444493856281e-05,-0.019334493204951286,0.04270891100168228,0.44814300537109375,0.011610031127929688,208.0,0.1576823890209198,100.0,2.2163326740264893,-0.004165444057434797,0.48815545439720154,0.0,0.9999402165412903
965,,,,,,,,-3.108933448791504,6.666666740784422e-05,-0.011838515289127827,0.012079764157533646,0.4535861015319824,0.01288604736328125,205.0,0.1576685607433319,100.0,2.2163326740264893,-0.0035910012666136026,0.251726359128952,0.0,0.9998268485069275
966,,,,,,,,-3.1224396228790283,9.999999747378752e-05,-0.016865508630871773,0.018464049324393272,0.4410591125488281,0.012936830520629883,211.0,0.1570538878440857,100.0,2.2212672233581543,-0.004338712897151709,0.23984378576278687,0.0,0.9999132752418518
967,,,,,,,,-3.1506826877593994,1.975308623514138e-05,-0.020834825932979584,0.009931684471666813,0.409926176071167,0.012611865997314453,227.0,0.15674127638339996,100.0,2.2212672233581543,-0.003911884967237711,0.0,0.0,0.999906063079834
968,,,,,,,,-3.155595302581787,9.999999747378752e-05,-0.007553289644420147,0.019862094894051552,0.4660370349884033,0.013875007629394531,200.0,0.156779944896698,100.0,2.22163987159729,-0.0038512928877025843,0.24231433868408203,0.0,0.999959409236908
969,,,,,,,,-3.1536989212036133,2.9629629352712072e-05,-0.023836810141801834,0.07400327175855637,0.45147013664245605,0.012950658798217773,206.0,0.15684591233730316,100.0,2.2226576805114746,-0.0035511816386133432,0.2604091763496399,0.0,0.9998352527618408
970,,,,,,,,-3.1517112255096436,1.975308623514138e-05,-0.014830864034593105,0.009009257890284061,0.46065211296081543,0.012700080871582031,202.0,0.15688905119895935,100.0,2.2272655963897705,-0.003906499594449997,9.096093323002208e-10,0.0,0.999898374080658
971,,,,,,,,-3.149095296859741,9.999999747378752e-05,-0.01164411474019289,0.007903696037828922,0.41600704193115234,0.013933897018432617,223.0,0.15697357058525085,100.0,2.2272655963897705,-0.0037155766040086746,0.22493594884872437,0.0,0.9999074339866638
972,,,,,,,,-3.1479125022888184,2.9629629352712072e-05,-0.026003485545516014,0.003419737797230482,0.4623260498046875,0.012291193008422852,202.0,0.15689459443092346,100.0,2.2278025150299072,-0.004249894991517067,0.0,0.0,0.9999728798866272
973,,,,,,,,-3.152689218521118,6.666666740784422e-05,-0.011391427367925644,0.016043422743678093,0.45303988456726074,0.014132976531982422,205.0,0.15674857795238495,100.0,2.232795238494873,-0.003865852952003479,0.48125791549682617,0.0,0.9998194575309753
974,,,,,,,,-3.1643216609954834,4.444444493856281e-05,-0.019068248569965363,0.00780059676617384,0.4404869079589844,0.01168513298034668,212.0,0.1564202457666397,100.0,2.2330431938171387,-0.003688558703288436,0.22059834003448486,0.0,0.9998836517333984
975,,,,,,,,-3.1729769706726074,1.975308623514138e-05,-0.02489604614675045,0.005123271141201258,0.4206840991973877,0.014571905136108398,220.0,0.15638308227062225,100.0,2.2330431938171387,-0.003537812503054738,0.20533309876918793,0.0,0.9999077320098877
976,,,,,,,,-3.1717629432678223,2.9629629352712072e-05,-0.013560689985752106,0.0007285530446097255,0.46059274673461914,0.012111186981201172,203.0,0.1564355343580246,100.0,2.23793363571167,-0.003864062950015068,0.0,0.0,0.9999627470970154
977,,,,,,,,-3.1690564155578613,2.9629629352712072e-05,-0.0272764191031456,0.10242204368114471,0.4583120346069336,0.012887001037597656,203.0,0.1564803421497345,100.0,2.2379050254821777,-0.0037834218237549067,0.24023091793060303,0.0,0.9998582005500793
978,,,,,,,,-3.165386438369751,9.999999747378752e-05,-0.014656824059784412,0.007239421363919973,0.4489438533782959,0.012894153594970703,207.0,0.15655438601970673,100.0,2.2418429851531982,-0.0039290147833526134,0.21052563190460205,0.0,0.9998752474784851
979,,,,,,,,-3.1628525257110596,1.975308623514138e-05,-0.034695934504270554,0.007921329699456692,0.41832709312438965,0.012025117874145508,223.0,0.15654776990413666,100.0,2.2418429851531982,-0.003749486990272999,0.22113943099975586,0.0,0.9999141693115234
980,,,,,,,,-3.164010763168335,6.666666740784422e-05,-0.016137275844812393,0.0010055637685582042,0.43271899223327637,0.011757135391235352,215.0,0.15650954842567444,100.0,2.237657070159912,-0.00357390777207911,1.401036804562865e-31,0.0,0.9999527335166931
981,,,,,,,,-3.1652379035949707,1.975308623514138e-05,-0.023995598778128624,0.021996071562170982,0.4382638931274414,0.01203298568725586,213.0,0.15648768842220306,100.0,2.2370216846466064,-0.0034320347476750612,0.5273280739784241,0.0,0.9998601078987122
982,,,,,,,,-3.1663784980773926,4.444444493856281e-05,-0.010566726326942444,0.011948623694479465,0.4271581172943115,0.011937856674194336,218.0,0.1564679592847824,100.0,2.2412679195404053,-0.003718701424077153,0.25848284363746643,0.0,0.999842643737793
983,,,,,,,,-3.167351007461548,4.444444493856281e-05,-0.026777971535921097,0.00666769128292799,0.4108469486236572,0.012164115905761719,226.0,0.15646830201148987,100.0,2.2412679195404053,-0.003459714353084564,0.2369585782289505,0.0,0.9999175071716309
984,,,,,,,,-3.1671431064605713,1.975308623514138e-05,-0.022246072068810463,0.0006955579738132656,0.4127798080444336,0.012117862701416016,225.0,0.1564035415649414,100.0,2.24784779548645,-0.003428225638344884,0.0,0.0,0.9999291300773621
985,,,,,,,,-3.1708269119262695,9.999999747378752e-05,-0.017481587827205658,0.014788578264415264,0.4660301208496094,0.012027740478515625,200.0,0.15619012713432312,100.0,2.24904727935791,-0.003968905657529831,0.4007934629917145,0.0,0.9999008774757385
986,,,,,,,,-3.1831271648406982,1.975308623514138e-05,-0.019504768773913383,0.007561259437352419,0.43060994148254395,0.012710809707641602,216.0,0.15590183436870575,100.0,2.253612518310547,-0.004185615573078394,0.23511819541454315,0.0,0.999824583530426
987,,,,,,,,-3.1959264278411865,6.666666740784422e-05,-0.012929419055581093,0.01695765182375908,0.42825818061828613,0.012817859649658203,217.0,0.15545308589935303,100.0,2.253612518310547,-0.00395751278847456,0.1023063063621521,0.0,0.9999194145202637
988,,,,,,,,-3.2240006923675537,2.9629629352712072e-05,-0.014477729797363281,0.004018078558146954,0.41747474670410156,0.012389183044433594,223.0,0.15492714941501617,100.0,2.254199266433716,-0.0037523924838751554,0.0,0.0,0.9999232292175293
989,,,,,,,,-3.237675666809082,2.9629629352712072e-05,-0.013900885358452797,0.02787845954298973,0.4489760398864746,0.012087106704711914,208.0,0.15480132400989532,100.0,2.2558677196502686,-0.004384075757116079,0.5122494101524353,0.0,0.9999425411224365
990,,,,,,,,-3.238501787185669,2.9629629352712072e-05,-0.01688334532082081,0.009281869977712631,0.4452240467071533,0.011909008026123047,210.0,0.15490326285362244,100.0,2.2558677196502686,-0.003734048455953598,0.11290384083986282,0.0,0.9998173117637634
991,,,,,,,,-3.2329559326171875,1.975308623514138e-05,-0.02654329128563404,0.0189252570271492,0.43388819694519043,0.01310276985168457,214.0,0.1549690067768097,100.0,2.2543511390686035,-0.003901723539456725,0.24402612447738647,0.0,0.9999096393585205
992,,,,,,,,-3.2295174598693848,4.444444493856281e-05,-0.01679086871445179,0.00373595068231225,0.42882299423217773,0.012490034103393555,217.0,0.1551022082567215,100.0,2.2543511390686035,-0.0035845169331878424,0.0,0.0,0.9999006390571594
993,,,,,,,,-3.2169697284698486,4.444444493856281e-05,-0.007603006903082132,0.01887529157102108,0.4502139091491699,0.01207590103149414,207.0,0.15552875399589539,100.0,2.2606709003448486,-0.004100149963051081,0.20438076555728912,0.0,0.9999585151672363
994,,,,,,,,-3.1966516971588135,4.444444493856281e-05,-0.019630230963230133,0.02629801630973816,0.47765612602233887,0.0136871337890625,195.0,0.1558852195739746,100.0,2.262833833694458,-0.004047509748488665,0.4905470311641693,0.0,0.9998109936714172
995,,,,,,,,-3.1838488578796387,6.666666740784422e-05,-0.015484623610973358,0.004349937196820974,0.5818560123443604,0.012415885925292969,161.0,0.15614943206310272,100.0,2.2675118446350098,-0.0036711301654577255,0.0,0.0,0.9998916983604431
996,,,,,,,,-3.1731648445129395,6.666666740784422e-05,-0.006318006198853254,0.006934511940926313,0.41581010818481445,0.012991905212402344,223.0,0.15640921890735626,100.0,2.2675118446350098,-0.0036017734091728926,0.274820476770401,0.0,0.9998981356620789
997,,,,,,,,-3.164280891418457,2.9629629352712072e-05,-0.01561878900974989,0.0017959193792194128,0.44855403900146484,0.01263880729675293,208.0,0.15656203031539917,100.0,2.268484592437744,-0.00387190212495625,0.0,0.0,0.9999702572822571
998,,,,,,,,-3.162686586380005,4.444444493856281e-05,-0.010443723760545254,0.013768368400633335,0.4490649700164795,0.01244211196899414,208.0,0.15654870867729187,100.0,2.273563861846924,-0.003993707243353128,0.50618976354599,0.0,0.9998100399971008
999,,,,,,,,-3.164393663406372,2.9629629352712072e-05,-0.025523371994495392,0.005891077220439911,0.42952871322631836,0.012663125991821289,217.0,0.15655617415905,100.0,2.2750449180603027,-0.003618292510509491,0.2556045353412628,0.0,0.9998756051063538
1000,,,,,,,,-3.163496255874634,2.9629629352712072e-05,-0.02089635655283928,0.004587788600474596,0.40482497215270996,0.013103961944580078,229.0,0.15663237869739532,100.0,2.2750449180603027,-0.003681772155687213,0.21235744655132294,0.0,0.9999037384986877
1001,,,,,,,,-3.161038398742676,2.9629629352712072e-05,-0.008614892140030861,0.00042073120130226016,0.43828892707824707,0.011915922164916992,213.0,0.15669110417366028,100.0,2.2779183387756348,-0.003912291955202818,0.0,0.0,0.9999679923057556
1002,,,,,,,,-3.1599972248077393,9.999999747378752e-05,-0.008099288679659367,0.015001947991549969,0.4375491142272949,0.012134075164794922,213.0,0.15674085915088654,100.0,2.279135227203369,-0.0037784038577228785,0.50362628698349,0.0,0.999843418598175
1003,,,,,,,,-3.155148983001709,1.975308623514138e-05,-0.032663144171237946,0.006077541969716549,0.43959498405456543,0.012172698974609375,212.0,0.15698173642158508,100.0,2.2795677185058594,-0.003878458635881543,0.25568491220474243,0.0,0.9998607635498047
1004,,,,,,,,-3.14532470703125,9.999999747378752e-05,-0.00970449112355709,0.005527853034436703,0.41154909133911133,0.011775016784667969,226.0,0.15728825330734253,100.0,2.2795677185058594,-0.003552255919203162,0.24360978603363037,0.0,0.9999067187309265
1005,,,,,,,,-3.125739336013794,1.975308623514138e-05,-0.008104714564979076,0.0005185051704756916,0.4336280822753906,0.011449813842773438,215.0,0.15767677128314972,100.0,2.2826149463653564,-0.004023735877126455,0.0,0.0,0.9999505877494812
1006,,,,,,,,-3.116089344024658,9.999999747378752e-05,-0.009689386002719402,0.014926212839782238,0.44005417823791504,0.012478113174438477,212.0,0.15777479112148285,100.0,2.2875092029571533,-0.004441313911229372,0.5661222338676453,0.0,0.9998559951782227
1007,,,,,,,,-3.116683006286621,1.975308623514138e-05,-0.021748986095190048,0.006089459639042616,0.4286019802093506,0.012346029281616211,217.0,0.15771114826202393,100.0,2.2921886444091797,-0.004070717841386795,0.26885542273521423,0.0,0.9998373985290527
1008,,,,,,,,-3.1227736473083496,9.999999747378752e-05,-0.006266600918024778,0.007925543002784252,0.41376304626464844,0.012173175811767578,225.0,0.1573888063430786,100.0,2.2921886444091797,-0.003831102279946208,0.25801795721054077,0.0,0.9999012351036072
1009,,,,,,,,-3.138618230819702,2.9629629352712072e-05,-0.01346589345484972,0.0004698224365711212,0.40991806983947754,0.012290000915527344,227.0,0.15713228285312653,100.0,2.2959189414978027,-0.004088625777512789,0.0,0.0,0.999927282333374
1010,,,,,,,,-3.1396424770355225,6.666666740784422e-05,-0.01736161671578884,0.015281282365322113,0.4540519714355469,0.012262105941772461,205.0,0.1571236550807953,100.0,2.30108380317688,-0.0035153969656676054,0.5259659886360168,0.0,0.9998960494995117
1011,,,,,,,,-3.138523817062378,2.9629629352712072e-05,-0.018044278025627136,0.007925436832010746,0.42637205123901367,0.01215219497680664,218.0,0.15707719326019287,100.0,2.3026552200317383,-0.0033752413000911474,0.16391147673130035,0.0,0.9998283386230469
1012,,,,,,,,-3.1427948474884033,4.444444493856281e-05,-0.02114320546388626,0.07216261327266693,0.43290019035339355,0.011614799499511719,215.0,0.15688130259513855,100.0,2.3026552200317383,-0.0037862847093492746,0.014832437969744205,0.0,0.999913215637207
1013,,,,,,,,-3.152714729309082,1.975308623514138e-05,-0.015639230608940125,0.002336522564291954,0.4122171401977539,0.012270927429199219,226.0,0.15672823786735535,100.0,2.304426670074463,-0.004142474383115768,0.0,0.0,0.9999337792396545
1014,,,,,,,,-3.156276226043701,6.666666740784422e-05,-0.012996399775147438,0.025195373222231865,0.4537510871887207,0.012096881866455078,206.0,0.15676052868366241,100.0,2.3127171993255615,-0.00459087360650301,0.5132671594619751,0.0,0.9999367594718933
1015,,,,,,,,-3.157121181488037,2.9629629352712072e-05,-0.015562274493277073,0.0071545676328241825,0.43411898612976074,0.011562108993530273,215.0,0.15662331879138947,100.0,2.3127171993255615,-0.0036656875163316727,0.2387540191411972,0.0,0.9997979998588562
1016,,,,,,,,-3.1700809001922607,9.999999747378752e-05,-0.012114191427826881,0.013680319301784039,0.4235970973968506,0.01174306869506836,220.0,0.15608827769756317,100.0,2.3095757961273193,-0.004030206240713596,0.2606332004070282,0.0,0.9998992085456848
1017,,,,,,,,-3.1970317363739014,1.975308623514138e-05,-0.012643898837268353,0.003347644815221429,0.4097568988800049,0.011850118637084961,227.0,0.15570718050003052,100.0,2.3095757961273193,-0.0031347291078418493,0.0,0.0,0.9999041557312012
1018,,,,,,,,-3.205500841140747,4.444444493856281e-05,-0.016713589429855347,0.01614297926425934,0.44096899032592773,0.011835098266601562,212.0,0.1556442528963089,100.0,2.319422483444214,-0.004108996596187353,0.2479732185602188,0.0,0.999963104724884
1019,,,,,,,,-3.205763339996338,1.975308623514138e-05,-0.020517176017165184,0.014493611641228199,0.4463927745819092,0.012115955352783203,209.0,0.15570834279060364,100.0,2.3240151405334473,-0.003297557821497321,0.11503265053033829,0.0,0.9998188018798828
1020,,,,,,,,-3.199939489364624,0.0001500000071246177,-0.0068547651171684265,0.003689981997013092,0.4279351234436035,0.012092828750610352,218.0,0.15605181455612183,100.0,2.325605630874634,-0.0038004862144589424,0.0,0.0,0.9999063611030579
1021,,,,,,,,-3.178161382675171,1.975308623514138e-05,-0.031788233667612076,0.008555318228900433,0.4054098129272461,0.012552261352539062,229.0,0.1564973145723343,100.0,2.325605630874634,-0.0045077623799443245,0.29199957847595215,0.0,0.9999006390571594
1022,,,,,,,,-3.1685245037078857,2.9629629352712072e-05,-0.015874244272708893,0.0016074629966169596,0.44978880882263184,0.012124061584472656,207.0,0.15664240717887878,100.0,2.327990770339966,-0.004106798674911261,0.0,0.0,0.9999673962593079
1023,,,,,,,,-3.1584153175354004,6.666666740784422e-05,-0.0063088396564126015,0.022131681442260742,0.4500889778137207,0.012040138244628906,207.0,0.15697696805000305,100.0,2.3251397609710693,-0.00370711088180542,0.13450385630130768,0.0,0.9998397827148438
1024,,,,,,,,-3.1457102298736572,2.9629629352712072e-05,-0.028637152165174484,0.007324850186705589,0.432783842086792,0.011946916580200195,215.0,0.15711191296577454,100.0,2.3307442665100098,-0.003832724643871188,0.2599441111087799,0.0,0.9998781085014343
1025,,,,,,,,-3.143514633178711,2.9629629352712072e-05,-0.02193586900830269,0.008001466281712055,0.4110910892486572,0.011951923370361328,226.0,0.157109797000885,100.0,2.3307442665100098,-0.00381273590028286,0.23483900725841522,0.0,0.9999035000801086
1026,,,,,,,,-3.1442155838012695,6.666666740784422e-05,-0.013834469020366669,0.0009893554961308837,0.43738317489624023,0.01187586784362793,213.0,0.15708611905574799,100.0,2.329312801361084,-0.0039866468869149685,0.0,0.0,0.9999685883522034
1027,,,,,,,,-3.147587299346924,1.975308623514138e-05,-0.03467397391796112,0.017371289432048798,0.43280911445617676,0.012232065200805664,215.0,0.1569843292236328,100.0,2.334301710128784,-0.003935848828405142,0.5309057831764221,0.0,0.9998469948768616
1028,,,,,,,,-3.1518795490264893,4.444444493856281e-05,-0.02737557515501976,0.056321002542972565,0.4284379482269287,0.01314401626586914,217.0,0.1568453460931778,100.0,2.335343360900879,-0.0037192560266703367,4.131121750106104e-05,0.0,0.9998924136161804
1029,,,,,,,,-3.1612062454223633,2.9629629352712072e-05,-0.025701237842440605,0.012216223403811455,0.4111602306365967,0.01224970817565918,226.0,0.15663981437683105,100.0,2.335343360900879,-0.003937429282814264,0.2687318027019501,0.0,0.9999077916145325
1030,,,,,,,,-3.166452169418335,2.9629629352712072e-05,-0.02026083506643772,0.0009956634603440762,0.42954516410827637,0.012124061584472656,217.0,0.1566815823316574,100.0,2.341813087463379,-0.003931781277060509,6.593553856382159e-19,0.0,0.9999433159828186
1031,,,,,,,,-3.1653785705566406,2.9629629352712072e-05,-0.006737937219440937,0.013372907415032387,0.4450981616973877,0.012000083923339844,210.0,0.1567162126302719,100.0,2.337770938873291,-0.003763483138754964,0.36363735795021057,0.0,0.9998719096183777
1032,,,,,,,,-3.1644704341888428,1.316872385359602e-05,-0.01895757019519806,0.004795100539922714,0.4532649517059326,0.012763023376464844,205.0,0.15674468874931335,100.0,2.3429181575775146,-0.003833070397377014,0.11304528266191483,0.0,0.999852180480957
1033,,,,,,,,-3.16310977935791,6.666666740784422e-05,-0.016887499019503593,0.006593402940779924,0.41294288635253906,0.012166261672973633,225.0,0.156822070479393,100.0,2.3429181575775146,-0.0032669531647115946,0.0988106057047844,0.0,0.9999146461486816
1034,,,,,,,,-3.159602642059326,1.975308623514138e-05,-0.015944704413414,0.0014297456946223974,0.4140658378601074,0.011915922164916992,225.0,0.15690557658672333,100.0,2.343034029006958,-0.003725494956597686,0.0,0.0,0.9999313354492188
1035,,,,,,,,-3.1588644981384277,1.975308623514138e-05,-0.014333547092974186,0.012407129630446434,0.45423197746276855,0.012043952941894531,205.0,0.15689854323863983,100.0,2.3452084064483643,-0.004306428600102663,0.38779833912849426,0.0,0.9999037384986877
1036,,,,,,,,-3.1611921787261963,0.0001500000071246177,-0.013150183483958244,0.01088733971118927,0.41721177101135254,0.011651039123535156,223.0,0.1567811220884323,100.0,2.3431293964385986,-0.0037176404148340225,0.2580672800540924,0.0,0.9998250603675842
1037,,,,,,,,-3.1666927337646484,1.316872385359602e-05,-0.02822897583246231,0.01098543033003807,0.4213590621948242,0.012101888656616211,221.0,0.1566791981458664,100.0,2.3431293964385986,-0.0034203575924038887,0.2754550874233246,0.0,0.9999120235443115
1038,,,,,,,,-3.17044734954834,6.666666740784422e-05,-0.012985708191990852,0.000507729419041425,0.4001171588897705,0.011978864669799805,232.0,0.15653814375400543,100.0,2.3457634449005127,-0.0038577206432819366,0.0,0.0,0.9999051094055176
1039,,,,,,,,-3.1846561431884766,4.444444493856281e-05,-0.009818018414080143,0.021087881177663803,0.4472520351409912,0.012901067733764648,208.0,0.1560942530632019,100.0,2.3555233478546143,-0.004256793763488531,0.49281367659568787,0.0,0.999930202960968
1040,,,,,,,,-3.1979053020477295,6.666666740784422e-05,-0.01091480627655983,0.036404673010110855,0.43404603004455566,0.01225900650024414,215.0,0.15611889958381653,100.0,2.3555233478546143,-0.003982144873589277,0.027811327949166298,0.0,0.9997970461845398
1041,,,,,,,,-3.188492774963379,6.666666740784422e-05,-0.012810878455638885,0.008100304752588272,0.42489099502563477,0.012676000595092773,219.0,0.1564309298992157,100.0,2.356776237487793,-0.0041554816998541355,0.193270742893219,0.0,0.9999122619628906
1042,,,,,,,,-3.173529624938965,2.9629629352712072e-05,-0.02136233262717724,0.0029799232725054026,0.40662503242492676,0.011994123458862305,229.0,0.15664322674274445,100.0,2.356776237487793,-0.003987426403909922,0.0,0.0,0.999889075756073
1043,,,,,,,,-3.168121337890625,2.9629629352712072e-05,-0.02306026592850685,0.020571963861584663,0.4399552345275879,0.012090682983398438,212.0,0.1566491425037384,100.0,2.362459182739258,-0.003703168360516429,0.2621847093105316,0.0,0.9999547004699707
1044,,,,,,,,-3.167229413986206,2.9629629352712072e-05,-0.021817747503519058,0.017907438799738884,0.43459200859069824,0.012582778930664062,214.0,0.1566600799560547,100.0,2.358903646469116,-0.003294575260952115,0.4987647235393524,0.0,0.9998006820678711
1045,,,,,,,,-3.1638221740722656,4.444444493856281e-05,-0.020416520535945892,0.0026028866413980722,0.4239048957824707,0.011577844619750977,220.0,0.1567838340997696,100.0,2.3626019954681396,-0.0041330670937895775,0.0,0.0,0.9998803734779358
1046,,,,,,,,-3.1561460494995117,6.666666740784422e-05,-0.01622460037469864,0.004995469935238361,0.4058690071105957,0.01270604133605957,229.0,0.1569104939699173,100.0,2.3626019954681396,-0.0035649032797664404,0.25511232018470764,0.0,0.9998781085014343
1047,,,,,,,,-3.149916410446167,6.666666740784422e-05,-0.012268166989088058,0.0018550209933891892,0.4367351531982422,0.01185917854309082,214.0,0.15698440372943878,100.0,2.36907696723938,-0.003762076376006007,0.0,0.0,0.9999520778656006
1048,,,,,,,,-3.147587537765503,2.9629629352712072e-05,-0.01937890611588955,0.012104162015020847,0.43902587890625,0.01233816146850586,212.0,0.15704381465911865,100.0,2.373671293258667,-0.0036152538377791643,0.5296134352684021,0.0,0.9997939467430115
1049,,,,,,,,-3.1442737579345703,4.444444493856281e-05,-0.01654978096485138,0.004408286884427071,0.4288160800933838,0.01209402084350586,217.0,0.15718533098697662,100.0,2.378571033477783,-0.004257663153111935,0.24985955655574799,0.0,0.9998598098754883
1050,,,,,,,,-3.136559009552002,1.975308623514138e-05,-0.018256347626447678,0.00565024558454752,0.40339183807373047,0.01222681999206543,230.0,0.15733884274959564,100.0,2.378571033477783,-0.0032702034804970026,0.2640083134174347,0.0,0.9998804926872253
1051,,,,,,,,-3.1318233013153076,2.9629629352712072e-05,-0.019003696739673615,0.00045876900549046695,0.43391990661621094,0.012762308120727539,214.0,0.15738902986049652,100.0,2.384451389312744,-0.003975344821810722,0.0,0.0,0.9999477863311768
1052,,,,,,,,-3.130185127258301,2.9629629352712072e-05,-0.017171261832118034,0.011441209353506565,0.43348217010498047,0.011857748031616211,215.0,0.1574014276266098,100.0,2.3850748538970947,-0.0041225324384868145,0.5190472602844238,0.0,0.9998245239257812
1053,,,,,,,,-3.1263411045074463,9.999999747378752e-05,-0.014496944844722748,0.005444127134978771,0.42608022689819336,0.011794805526733398,219.0,0.15757310390472412,100.0,2.3901479244232178,-0.004016786813735962,0.2689625024795532,0.0,0.9998520016670227
1054,,,,,,,,-3.1213905811309814,4.444444493856281e-05,-0.003733272198587656,0.002980290912091732,0.4114677906036377,0.012456178665161133,226.0,0.15764079988002777,100.0,2.3901479244232178,-0.003944313619285822,0.15090499818325043,0.0,0.9999063014984131
1055,,,,,,,,-3.1215262413024902,1.975308623514138e-05,-0.020299173891544342,0.0006159382173791528,0.43086791038513184,0.012289047241210938,216.0,0.15757416188716888,100.0,2.3905766010284424,-0.0035066406708210707,0.0,0.0,0.9999442100524902
1056,,,,,,,,-3.127371311187744,4.444444493856281e-05,-0.021809047088027,0.010217290371656418,0.441694974899292,0.012784957885742188,211.0,0.15740178525447845,100.0,2.3957457542419434,-0.004523810464888811,0.16426408290863037,0.0,0.9998664855957031
1057,,,,,,,,-3.1320741176605225,1.975308623514138e-05,-0.016635149717330933,0.0032098167575895786,0.4267919063568115,0.012321949005126953,218.0,0.15746080875396729,100.0,2.398634910583496,-0.0041072252206504345,0.16404911875724792,0.0,0.9998404383659363
1058,,,,,,,,-3.1262035369873047,6.666666740784422e-05,-0.005729938857257366,0.005439947359263897,0.41472625732421875,0.01216578483581543,224.0,0.15770506858825684,100.0,2.398634910583496,-0.0038322776090353727,0.26971420645713806,0.0,0.9999070167541504
1059,,,,,,,,-3.107762336730957,9.999999747378752e-05,-0.029445748776197433,0.000877590267919004,0.41087794303894043,0.01234292984008789,226.0,0.1583632528781891,100.0,2.392674684524536,-0.00422432878986001,0.0,0.0,0.9999222159385681
1060,,,,,,,,-3.0830953121185303,2.9629629352712072e-05,-0.012734638527035713,0.007691423408687115,0.4574730396270752,0.012009859085083008,204.0,0.15869799256324768,100.0,2.395803213119507,-0.004169793333858252,0.4491793215274811,0.0,0.9998933672904968
1061,,,,,,,,-3.075253963470459,9.999999747378752e-05,-0.014257046394050121,0.026004599407315254,0.4183971881866455,0.012388944625854492,222.0,0.158832848072052,100.0,2.3967409133911133,-0.0036597412545233965,0.014584722928702831,0.0,0.9998257160186768
1062,,,,,,,,-3.0742127895355225,9.999999747378752e-05,-0.014378269203007221,0.008995509706437588,0.42369508743286133,0.011964797973632812,220.0,0.15879204869270325,100.0,2.3967409133911133,-0.004116679076105356,0.27251508831977844,0.0,0.9999151229858398
1063,,,,,,,,-3.078599452972412,1.975308623514138e-05,-0.04362564906477928,0.0006966958753764629,0.405689001083374,0.012234926223754883,229.0,0.15882284939289093,100.0,2.4015653133392334,-0.0036523507442325354,0.0,0.0,0.999897301197052
1064,,,,,,,,-3.0788395404815674,4.444444493856281e-05,-0.02210582047700882,0.007901221513748169,0.4473378658294678,0.012241125106811523,208.0,0.15879926085472107,100.0,2.400937080383301,-0.003843775950372219,0.36295628547668457,0.0,0.9999275207519531
1065,,,,,,,,-3.0820322036743164,4.444444493856281e-05,-0.016259051859378815,0.009737210348248482,0.4330451488494873,0.011848926544189453,215.0,0.1586991846561432,100.0,2.400937080383301,-0.0037018069997429848,0.05848043039441109,0.0,0.9997939467430115
1066,,,,,,,,-3.0909535884857178,1.975308623514138e-05,-0.018202051520347595,0.013409820385277271,0.42580103874206543,0.011980056762695312,219.0,0.15841194987297058,100.0,2.4011731147766113,-0.0042404904961586,0.24627389013767242,0.0,0.999901533126831
1067,,,,,,,,-3.102867603302002,1.975308623514138e-05,-0.020616916939616203,0.001343625714071095,0.40427207946777344,0.012462854385375977,230.0,0.15823052823543549,100.0,2.4011731147766113,-0.0035288918297737837,0.0,0.0,0.9998888373374939
1068,,,,,,,,-3.1123406887054443,4.444444493856281e-05,-0.01916417106986046,0.012931698001921177,0.4440419673919678,0.012005090713500977,210.0,0.15794050693511963,100.0,2.3987834453582764,-0.0040389071218669415,0.197158083319664,0.0,0.9999544620513916
1069,,,,,,,,-3.1310412883758545,4.444444493856281e-05,-0.02354295924305916,0.006617093458771706,0.43637776374816895,0.012196063995361328,214.0,0.15742678940296173,100.0,2.3948841094970703,-0.004273844882845879,0.310061514377594,0.0,0.9997902512550354
1070,,,,,,,,-3.158209800720215,6.666666740784422e-05,-0.01006799004971981,0.002264701761305332,0.4281480312347412,0.012250185012817383,217.0,0.1567666381597519,100.0,2.3946731090545654,-0.004446876235306263,0.0,0.0,0.9998968243598938
1071,,,,,,,,-3.186936140060425,0.0001500000071246177,-0.015802865847945213,0.011204845272004604,0.40895891189575195,0.01207113265991211,228.0,0.1562669277191162,100.0,2.3946731090545654,-0.004108518827706575,0.018230488523840904,0.0,0.9999021887779236
1072,,,,,,,,-3.207153797149658,1.975308623514138e-05,-0.012093420140445232,0.0016140849329531193,0.4376692771911621,0.012214899063110352,213.0,0.15606079995632172,100.0,2.3941330909729004,-0.004326339345425367,4.576791758624001e-15,0.0,0.9999613165855408
1073,,,,,,,,-3.2088675498962402,1.316872385359602e-05,-0.020694876089692116,0.005971420556306839,0.44367265701293945,0.012377262115478516,210.0,0.1560942530632019,100.0,2.3902032375335693,-0.0040834276005625725,0.1833675354719162,0.0,0.9998200535774231
1074,,,,,,,,-3.207376003265381,6.666666740784422e-05,-0.01577349193394184,0.005586536601185799,0.4303719997406006,0.012339115142822266,216.0,0.15615259110927582,100.0,2.385929584503174,-0.004004927817732096,0.22529031336307526,0.0,0.9998738169670105
1075,,,,,,,,-3.2085156440734863,0.0001500000071246177,-0.008416145108640194,0.010367043316364288,0.41287803649902344,0.012408971786499023,225.0,0.15597820281982422,100.0,2.385929584503174,-0.0031562577933073044,0.26462647318840027,0.0,0.9998962879180908
1076,,,,,,,,-3.218459129333496,1.975308623514138e-05,-0.026581520214676857,0.0006930049858056009,0.4387650489807129,0.011936187744140625,213.0,0.15576103329658508,100.0,2.3847849369049072,-0.0037430778611451387,0.0,0.0,0.9999594688415527
1077,,,,,,,,-3.2244882583618164,9.999999747378752e-05,-0.012149528600275517,0.020677518099546432,0.44565606117248535,0.012388944625854492,209.0,0.15560190379619598,100.0,2.38411808013916,-0.003513958305120468,0.16044467687606812,0.0,0.9998418688774109
1078,,,,,,,,-3.232231616973877,6.666666740784422e-05,-0.013152463361620903,0.011012382805347443,0.435427188873291,0.012670755386352539,214.0,0.15548928081989288,100.0,2.384887933731079,-0.0040400330908596516,0.2539326846599579,0.0,0.999852180480957
1079,,,,,,,,-3.233135938644409,2.9629629352712072e-05,-0.034628283232450485,0.0045466250739991665,0.41149210929870605,0.01191401481628418,226.0,0.15557654201984406,100.0,2.384887933731079,-0.003574022324755788,0.06374727934598923,0.0,0.9999081492424011
1080,,,,,,,,-3.2332723140716553,4.444444493856281e-05,-0.02202926203608513,0.00026866758707910776,0.4351210594177246,0.011875152587890625,214.0,0.1554414927959442,100.0,2.3787364959716797,-0.004388616420328617,0.0,0.0,0.9999504089355469
1081,,,,,,,,-3.2467470169067383,6.666666740784422e-05,-0.014203211292624474,0.016238871961832047,0.4400782585144043,0.011824846267700195,212.0,0.15501339733600616,100.0,2.3793723583221436,-0.0039281235076487064,0.3098257780075073,0.0,0.9998599886894226
1082,,,,,,,,-3.2664661407470703,2.9629629352712072e-05,-0.03342582657933235,0.012129388749599457,0.42896604537963867,0.012015819549560547,217.0,0.15478681027889252,100.0,2.376652956008911,-0.0037887904327362776,0.2589874863624573,0.0,0.9998337626457214
1083,,,,,,,,-3.270888328552246,2.9629629352712072e-05,-0.02743460424244404,0.04881151393055916,0.41100406646728516,0.011878013610839844,227.0,0.1547982543706894,100.0,2.376652956008911,-0.0037379395216703415,0.0,0.0,0.9999144673347473
1084,,,,,,,,-3.2678470611572266,2.9629629352712072e-05,-0.01116282120347023,0.0023129847832024097,0.4159259796142578,0.012079954147338867,224.0,0.15492595732212067,100.0,2.3779726028442383,-0.003721607616171241,6.61987578496337e-05,0.0,0.999941885471344
1085,,,,,,,,-3.2623376846313477,6.666666740784422e-05,-0.02087603509426117,0.03903109207749367,0.46089792251586914,0.012287139892578125,202.0,0.15509800612926483,100.0,2.3789098262786865,-0.004289962351322174,0.066008560359478,0.0,0.999906599521637
1086,,,,,,,,-3.257085084915161,2.9629629352712072e-05,-0.010240049101412296,0.02033987082540989,0.44292378425598145,0.019634008407592773,207.0,0.1552111804485321,100.0,2.3746581077575684,-0.0032339077442884445,0.23450469970703125,0.0,0.9998379349708557
1087,,,,,,,,-3.255904197692871,1.975308623514138e-05,-0.029215436428785324,0.032506976276636124,0.6269171237945557,0.017305850982666016,149.0,0.15522468090057373,100.0,2.3746581077575684,-0.0036859314423054457,2.5791839150524076e-11,0.0,0.9999051094055176
1088,,,,,,,,-3.2542271614074707,4.444444493856281e-05,-0.006713835056871176,0.003086542012169957,0.4319729804992676,0.012362003326416016,216.0,0.15532243251800537,100.0,2.3706893920898438,-0.003830560250207782,8.968674956122413e-05,0.0,0.9999263882637024
1089,,,,,,,,-3.2499308586120605,4.444444493856281e-05,-0.02108926512300968,0.018662143498659134,0.4756648540496826,0.012352943420410156,196.0,0.15535971522331238,100.0,2.365333318710327,-0.004456325899809599,0.35386016964912415,0.0,0.9999355673789978
1090,,,,,,,,-3.2495813369750977,4.444444493856281e-05,-0.018993008881807327,0.014869448728859425,0.43634510040283203,0.011879920959472656,214.0,0.15534387528896332,100.0,2.365333318710327,-0.0034438513685017824,0.23565159738063812,0.0,0.9998083114624023
1091,,,,,,,,-3.2539215087890625,2.9629629352712072e-05,-0.018472101539373398,0.017329011112451553,0.4263179302215576,0.011898040771484375,219.0,0.15516403317451477,100.0,2.3607726097106934,-0.003976272884756327,0.23375381529331207,0.0,0.9999065399169922
1092,,,,,,,,-3.259756088256836,6.666666740784422e-05,-0.013322737999260426,0.0007440124754793942,0.40502023696899414,0.012504816055297852,229.0,0.15517432987689972,100.0,2.3607726097106934,-0.0037356603424996138,0.0,0.0,0.9999033808708191
1093,,,,,,,,-3.2581064701080322,6.666666740784422e-05,-0.020746594294905663,0.007993925362825394,0.4427351951599121,0.012624740600585938,210.0,0.1553950160741806,100.0,2.359874963760376,-0.0039587183855473995,0.02084244228899479,0.0,0.999961793422699
1094,,,,,,,,-3.2498106956481934,0.0001500000071246177,-0.011738402768969536,0.016408927738666534,0.4459719657897949,0.011741876602172852,209.0,0.15564194321632385,100.0,2.3598790168762207,-0.00404857425019145,0.42263808846473694,0.0,0.9998304843902588
1095,,,,,,,,-3.2467525005340576,1.975308623514138e-05,-0.0255559291690588,0.0017530177719891071,0.4345839023590088,0.012012004852294922,214.0,0.15557509660720825,100.0,2.3624143600463867,-0.003841343568637967,0.0,0.0,0.9998998045921326
1096,,,,,,,,-3.2556653022766113,0.0001500000071246177,-0.01915845274925232,0.004883316345512867,0.4054570198059082,0.012163877487182617,229.0,0.15527799725532532,100.0,2.3624143600463867,-0.0037982722278684378,0.048921048641204834,0.0,0.9999136924743652
1097,,,,,,,,-3.277134895324707,4.444444493856281e-05,-0.0016399349551647902,0.001100816996768117,0.4493389129638672,0.012120962142944336,208.0,0.15507423877716064,100.0,2.3574860095977783,-0.003914674278348684,0.0,0.0,0.9999732971191406
1098,,,,,,,,-3.283207416534424,2.9629629352712072e-05,-0.025714535266160965,0.021638138219714165,0.4385859966278076,0.012180805206298828,212.0,0.15508075058460236,100.0,2.3589210510253906,-0.003791427006945014,0.5139176249504089,0.0,0.9998179078102112
1099,,,,,,,,-3.2823588848114014,6.666666740784422e-05,-0.017231658101081848,0.007315064314752817,0.4309840202331543,0.011918067932128906,216.0,0.15518896281719208,100.0,2.355177164077759,-0.004016359802335501,0.24018967151641846,0.0,0.9998779892921448
1100,,,,,,,,-3.283226490020752,2.9629629352712072e-05,-0.01726837083697319,0.010947402566671371,0.406574010848999,0.012131929397583008,229.0,0.15511839091777802,100.0,2.355177164077759,-0.004003027454018593,0.2587753236293793,0.0,0.9999002814292908
1101,,,,,,,,-3.2910995483398438,2.9629629352712072e-05,-0.01869724504649639,0.0011629104847088456,0.4311859607696533,0.011699914932250977,216.0,0.15493761003017426,100.0,2.3568055629730225,-0.003952228929847479,0.0,0.0,0.9999614357948303
1102,,,,,,,,-3.2987093925476074,4.444444493856281e-05,-0.016997838392853737,0.013067537918686867,0.4555361270904541,0.01231074333190918,205.0,0.15484033524990082,100.0,2.3563225269317627,-0.004731777589768171,0.45733642578125,0.0,0.9998320937156677
1103,,,,,,,,-3.300485134124756,6.666666740784422e-05,-0.012940758839249611,0.007823742926120758,0.43381786346435547,0.012401819229125977,215.0,0.15486449003219604,100.0,2.3560097217559814,-0.004157786723226309,0.2662133276462555,0.0,0.9998583793640137
1104,,,,,,,,-3.3009603023529053,1.975308623514138e-05,-0.01132045965641737,0.006863719318062067,0.4118540287017822,0.011577129364013672,226.0,0.15485937893390656,100.0,2.3560097217559814,-0.004611028358340263,0.2590673267841339,0.0,0.9999017715454102
1105,,,,,,,,-3.2980518341064453,4.444444493856281e-05,-0.017113815993070602,0.001423876965418458,0.43140506744384766,0.011872053146362305,216.0,0.15498320758342743,100.0,2.3550453186035156,-0.004051627591252327,0.0,0.0,0.9999420046806335
1106,,,,,,,,-3.2903475761413574,1.975308623514138e-05,-0.03342656046152115,0.13706444203853607,0.43837785720825195,0.012443304061889648,212.0,0.15508687496185303,100.0,2.3552262783050537,-0.004194044042378664,0.00634497357532382,0.0,0.9998919367790222
1107,,,,,,,,-3.2859740257263184,2.9629629352712072e-05,-0.017450109124183655,0.01381024718284607,0.4323608875274658,0.011825323104858398,216.0,0.1552126407623291,100.0,2.3561289310455322,-0.004244535230100155,0.21777261793613434,0.0,0.9998658299446106
1108,,,,,,,,-3.280977725982666,2.9629629352712072e-05,-0.02082090638577938,0.004245159216225147,0.41918110847473145,0.012209177017211914,222.0,0.15526001155376434,100.0,2.3561289310455322,-0.0037801398430019617,0.19681942462921143,0.0,0.9999107718467712
1109,,,,,,,,-3.2841997146606445,1.975308623514138e-05,-0.021015625447034836,0.0003658133209683001,0.41143012046813965,0.011613845825195312,226.0,0.15511716902256012,100.0,2.3465616703033447,-0.004582700785249472,1.1580558464104364e-20,0.0,0.9999297261238098
1110,,,,,,,,-3.289097309112549,9.999999747378752e-05,-0.009342308156192303,0.006391345523297787,0.45357298851013184,0.011787891387939453,206.0,0.15509840846061707,100.0,2.345820665359497,-0.004202967043966055,0.41467753052711487,0.0,0.9999073147773743
1111,,,,,,,,-3.2859647274017334,6.666666740784422e-05,-0.026430901139974594,0.022875584661960602,0.43436503410339355,0.012763738632202148,214.0,0.1552465707063675,100.0,2.3449184894561768,-0.0039092060178518295,0.04426693916320801,0.0,0.9998347163200378
1112,,,,,,,,-3.2817745208740234,2.9629629352712072e-05,-0.022686650976538658,0.04465612396597862,0.4260079860687256,0.012505054473876953,218.0,0.15525779128074646,100.0,2.3449184894561768,-0.0037583729717880487,0.0,0.0,0.9999290108680725
1113,,,,,,,,-3.2882678508758545,0.0001500000071246177,-0.005661919713020325,0.002992435824126005,0.4046919345855713,0.01158595085144043,230.0,0.1548084318637848,100.0,2.3427538871765137,-0.003742390079423785,0.00011183630704181269,0.0,0.9999410510063171
1114,,,,,,,,-3.3147988319396973,2.9629629352712072e-05,-0.033323563635349274,0.012362124398350716,0.4438631534576416,0.012147188186645508,210.0,0.15445080399513245,100.0,2.3377130031585693,-0.003664574818685651,0.12726746499538422,0.0,0.9999410510063171
1115,,,,,,,,-3.3230652809143066,2.9629629352712072e-05,-0.015374750830233097,0.029665343463420868,0.43248414993286133,0.0122528076171875,215.0,0.15437161922454834,100.0,2.3377130031585693,-0.0037553703878074884,0.005080133676528931,0.0,0.99983149766922
1116,,,,,,,,-3.325624704360962,1.975308623514138e-05,-0.01637790910899639,0.03926253691315651,0.4301741123199463,0.0116729736328125,217.0,0.15431198477745056,100.0,2.3327596187591553,-0.004331495147198439,0.2520602345466614,0.0,0.9999286532402039
1117,,,,,,,,-3.3282463550567627,1.975308623514138e-05,-0.007204738911241293,0.0033672144636511803,0.4047560691833496,0.012517929077148438,230.0,0.15423879027366638,100.0,2.3327596187591553,-0.0038454283494502306,0.0,0.0,0.9998971819877625
1118,,,,,,,,-3.329622268676758,4.444444493856281e-05,-0.021004632115364075,0.031575120985507965,0.4408111572265625,0.012104988098144531,211.0,0.154249370098114,100.0,2.3250927925109863,-0.0038991596084088087,0.2387501448392868,0.0,0.9999582767486572
1119,,,,,,,,-3.3256964683532715,4.444444493856281e-05,-0.018298720940947533,0.031056880950927734,0.4354691505432129,0.01188802719116211,214.0,0.1543777734041214,100.0,2.322040557861328,-0.004547651391476393,0.37481164932250977,0.0,0.9998001456260681
1120,,,,,,,,-3.320793628692627,4.444444493856281e-05,-0.009040221571922302,0.001771444221958518,0.4255332946777344,0.012570858001708984,219.0,0.1543332189321518,100.0,2.3266122341156006,-0.004049955401569605,0.0,0.0,0.9998887181282043
1121,,,,,,,,-3.3253886699676514,4.444444493856281e-05,-0.024213679134845734,0.01934046484529972,0.4116969108581543,0.01603412628173828,224.0,0.15417514741420746,100.0,2.3266122341156006,-0.0034963430371135473,0.008252224884927273,0.0,0.9999223351478577
1122,,,,,,,,-3.327885150909424,2.9629629352712072e-05,-0.014505835250020027,0.0031320215202867985,0.43956875801086426,0.012161016464233398,212.0,0.15419916808605194,100.0,2.323457717895508,-0.004361290484666824,0.0,0.0,0.999969482421875
1123,,,,,,,,-3.3223652839660645,2.9629629352712072e-05,-0.0178985632956028,0.005178326740860939,0.43839478492736816,0.012038230895996094,213.0,0.15430128574371338,100.0,2.32393479347229,-0.003753501223400235,0.07565701752901077,0.0,0.9998393058776855
1124,,,,,,,,-3.31941556930542,4.444444493856281e-05,-0.02192947082221508,0.01487236563116312,0.42594218254089355,0.012459993362426758,218.0,0.15426626801490784,100.0,2.3190841674804688,-0.0037428259383887053,4.3580617784755304e-05,0.0,0.9999098777770996
1125,,,,,,,,-3.324927568435669,6.666666740784422e-05,-0.009528303518891335,0.022725604474544525,0.41202688217163086,0.011490106582641602,226.0,0.1540704071521759,100.0,2.3190841674804688,-0.0035624925512820482,0.22516827285289764,0.0,0.9999029040336609
1126,,,,,,,,-3.3341050148010254,9.999999747378752e-05,-0.015180384740233421,0.0013480804627761245,0.43290185928344727,0.012109994888305664,215.0,0.15386445820331573,100.0,2.3145718574523926,-0.004085012245923281,2.5695328907692806e-14,0.0,0.9999685287475586
1127,,,,,,,,-3.3393421173095703,1.975308623514138e-05,-0.01804182305932045,0.040114402770996094,0.43873000144958496,0.011880874633789062,213.0,0.15382187068462372,100.0,2.3135743141174316,-0.003997769672423601,0.02368342876434326,0.0,0.9998760223388672
1128,,,,,,,,-3.339447021484375,2.9629629352712072e-05,-0.018636208027601242,0.007993188686668873,0.43285202980041504,0.011981010437011719,215.0,0.15380118787288666,100.0,2.312297821044922,-0.0035516514908522367,0.07816588133573532,0.0,0.9998865127563477
1129,,,,,,,,-3.340790271759033,4.444444493856281e-05,-0.021454211324453354,0.010368244722485542,0.42844700813293457,0.012209177017211914,217.0,0.1537398397922516,100.0,2.312297821044922,-0.003850095672532916,0.021205389872193336,0.0,0.9999215006828308
1130,,,,,,,,-3.3442933559417725,1.975308623514138e-05,-0.02589135244488716,0.0018981988541781902,0.4335811138153076,0.012741804122924805,215.0,0.15370702743530273,100.0,2.310163974761963,-0.004266036208719015,0.0,0.0,0.9999627470970154
1131,,,,,,,,-3.3455517292022705,0.0001500000071246177,-0.008431533351540565,0.04825083911418915,0.44360780715942383,0.012127876281738281,210.0,0.1536492556333542,100.0,2.306670665740967,-0.004223391879349947,0.30000290274620056,0.0,0.9998753666877747
1132,,,,,,,,-3.3457725048065186,2.9629629352712072e-05,-0.039662476629018784,0.016163190826773643,0.4274580478668213,0.011904716491699219,218.0,0.15359251201152802,100.0,2.3025636672973633,-0.0038337931036949158,0.20075096189975739,0.0,0.9998591542243958
1133,,,,,,,,-3.3478879928588867,4.444444493856281e-05,-0.013877203688025475,0.002897492377087474,0.41106510162353516,0.011792182922363281,227.0,0.15349091589450836,100.0,2.3025636672973633,-0.0037693530321121216,0.1143139898777008,0.0,0.9999232292175293
1134,,,,,,,,-3.3489341735839844,4.444444493856281e-05,-0.027928194031119347,0.0006060047307983041,0.4066751003265381,0.012269973754882812,229.0,0.1535908579826355,100.0,2.2981436252593994,-0.0035871064756065607,0.0,0.0,0.9999392628669739
1135,,,,,,,,-3.340968370437622,9.999999747378752e-05,-0.012648895382881165,0.026105783879756927,0.4572610855102539,0.011815786361694336,204.0,0.15382692217826843,100.0,2.301989793777466,-0.004214936401695013,0.058690037578344345,0.0,0.9999167323112488
1136,,,,,,,,-3.32847261428833,1.316872385359602e-05,-0.014871730469167233,0.04044290632009506,0.41411471366882324,0.012191057205200195,225.0,0.15397979319095612,100.0,2.2990307807922363,-0.0034066615626215935,0.25723275542259216,0.0,0.9998569488525391
1137,,,,,,,,-3.3254265785217285,6.666666740784422e-05,-0.014891084283590317,0.025226058438420296,0.4237990379333496,0.01184988021850586,220.0,0.15397904813289642,100.0,2.2990307807922363,-0.003757881000638008,0.24493859708309174,0.0,0.9999188780784607
1138,,,,,,,,-3.3270914554595947,1.975308623514138e-05,-0.03071015328168869,0.001074231113307178,0.40201687812805176,0.012727022171020508,231.0,0.1539658159017563,100.0,2.297656774520874,-0.003770398208871484,0.0,0.0,0.9999215006828308
1139,,,,,,,,-3.326300859451294,6.666666740784422e-05,-0.003961154725402594,0.028045635670423508,0.4496169090270996,0.012374162673950195,207.0,0.1539866179227829,100.0,2.2959232330322266,-0.003994402475655079,0.3021700978279114,0.0,0.999946653842926
1140,,,,,,,,-3.3312220573425293,4.444444493856281e-05,-0.027537934482097626,0.02181808464229107,0.4299960136413574,0.011940240859985352,217.0,0.15384583175182343,100.0,2.2959232330322266,-0.0032822720240801573,0.2639929950237274,0.0,0.9998318552970886
1141,,,,,,,,-3.3388898372650146,4.444444493856281e-05,-0.019130738452076912,0.022966580465435982,0.42302989959716797,0.011617898941040039,220.0,0.15379390120506287,100.0,2.298738956451416,-0.0039247674867510796,0.2500990927219391,0.0,0.9999157786369324
1142,,,,,,,,-3.3435423374176025,6.666666740784422e-05,-0.009887898340821266,0.00188864441588521,0.40154600143432617,0.011846065521240234,232.0,0.15373338758945465,100.0,2.298738956451416,-0.0033536346163600683,0.0,0.0,0.999910831451416
1143,,,,,,,,-3.348578929901123,4.444444493856281e-05,-0.017452195286750793,0.022771136835217476,0.4426727294921875,0.012598991394042969,210.0,0.15376465022563934,100.0,2.2971081733703613,-0.003892672946676612,0.25260862708091736,0.0,0.9999685883522034
1144,,,,,,,,-3.344940423965454,9.999999747378752e-05,-0.010863745585083961,0.019108882173895836,0.4370448589324951,0.011881113052368164,213.0,0.15399138629436493,100.0,2.2972190380096436,-0.0038377007003873587,0.4843512773513794,0.0,0.9998254179954529
1145,,,,,,,,-3.3361892700195312,1.975308623514138e-05,-0.03603539615869522,0.002812355989590287,0.42689013481140137,0.012232065200805664,218.0,0.15419547259807587,100.0,2.2967381477355957,-0.004055394325405359,0.0,0.0,0.9998995661735535
1146,,,,,,,,-3.3316311836242676,1.975308623514138e-05,-0.033563464879989624,0.0058165122754871845,0.40528011322021484,0.011754035949707031,230.0,0.15424731373786926,100.0,2.2967381477355957,-0.0034607108682394028,0.27376657724380493,0.0,0.9999055862426758
1147,,,,,,,,-3.3302037715911865,4.444444493856281e-05,-0.02025109902024269,0.002617837395519018,0.44333887100219727,0.012293100357055664,210.0,0.15425725281238556,100.0,2.29662823677063,-0.003850681707262993,0.0,0.0,0.9999733567237854
1148,,,,,,,,-3.3308515548706055,1.975308623514138e-05,-0.010289967060089111,0.0189337357878685,0.44133710861206055,0.011902809143066406,211.0,0.1542137712240219,100.0,2.3009002208709717,-0.0041183955036103725,0.3616441786289215,0.0,0.9998250603675842
1149,,,,,,,,-3.3301894664764404,6.666666740784422e-05,-0.00921572558581829,0.00707853352651,0.4664452075958252,0.016986846923828125,198.0,0.15427644550800323,100.0,2.3024473190307617,-0.003495463402941823,0.29127293825149536,0.0,0.9998937249183655
1150,,,,,,,,-3.3234825134277344,4.444444493856281e-05,-0.009630678221583366,0.0055150482803583145,0.43314313888549805,0.01609182357788086,213.0,0.1544998735189438,100.0,2.3024473190307617,-0.0038264121394604445,0.25778329372406006,0.0,0.9999098181724548
1151,,,,,,,,-3.316864252090454,2.9629629352712072e-05,-0.028528587892651558,0.0009806641610339284,0.43024682998657227,0.012708902359008789,216.0,0.15460334718227386,100.0,2.2993791103363037,-0.003985615912824869,0.0,0.0,0.9999732375144958
1152,,,,,,,,-3.313969373703003,2.9629629352712072e-05,-0.007327916566282511,0.05298498272895813,0.43995189666748047,0.01167607307434082,212.0,0.15465910732746124,100.0,2.300374984741211,-0.003978193271905184,0.320504754781723,0.0,0.9998486042022705
1153,,,,,,,,-3.3073763847351074,6.666666740784422e-05,-0.009723376482725143,0.005432458128780127,0.426699161529541,0.012624979019165039,218.0,0.1549071967601776,100.0,2.3004226684570312,-0.003785705426707864,0.23361873626708984,0.0,0.9998745322227478
1154,,,,,,,,-3.2934231758117676,2.9629629352712072e-05,-0.0222095288336277,0.00501685356721282,0.415740966796875,0.012098073959350586,224.0,0.15509405732154846,100.0,2.3004226684570312,-0.0034536372404545546,0.2429983764886856,0.0,0.9999200701713562
1155,,,,,,,,-3.2950596809387207,4.444444493856281e-05,-0.014892566949129105,0.0004176766669843346,0.4267590045928955,0.011621713638305664,218.0,0.15486058592796326,100.0,2.296401023864746,-0.004485907033085823,0.0,0.0,0.9999585151672363
1156,,,,,,,,-3.311901569366455,2.9629629352712072e-05,-0.029529768973588943,0.009236774407327175,0.44490504264831543,0.012104034423828125,210.0,0.15455926954746246,100.0,2.296091318130493,-0.0038620801642537117,0.4977397918701172,0.0,0.9998760223388672
1157,,,,,,,,-3.3186588287353516,2.9629629352712072e-05,-0.011571826413273811,0.004777222406119108,0.4436488151550293,0.01211690902709961,210.0,0.1545766144990921,100.0,2.295682668685913,-0.004168121609836817,0.247333362698555,0.0,0.9998531341552734
1158,,,,,,,,-3.314910650253296,1.316872385359602e-05,-0.019235657528042793,0.004458426032215357,0.4197721481323242,0.012836694717407227,221.0,0.1545594036579132,100.0,2.295682668685913,-0.00352919171564281,0.25234755873680115,0.0,0.9999181628227234
1159,,,,,,,,-3.3168535232543945,0.00022499999613501132,-0.0069214897230267525,0.0005969008198007941,0.41136693954467773,0.012623071670532227,226.0,0.15440277755260468,100.0,2.2952792644500732,-0.004381775390356779,0.0,0.0,0.9999386668205261
1160,,,,,,,,-3.336594343185425,2.9629629352712072e-05,-0.024495573714375496,0.03940429165959358,0.4529249668121338,0.011424064636230469,206.0,0.15399035811424255,100.0,2.2948548793792725,-0.004384452477097511,0.3529259264469147,0.0,0.999912679195404
1161,,,,,,,,-3.347437620162964,6.666666740784422e-05,-0.013626998290419579,0.035424474626779556,0.4201960563659668,0.01156306266784668,222.0,0.15387794375419617,100.0,2.2968032360076904,-0.0034598950296640396,0.059380773454904556,0.0,0.9998466968536377
1162,,,,,,,,-3.350020408630371,2.9629629352712072e-05,-0.01800357922911644,0.00651978887617588,0.424191951751709,0.011533975601196289,220.0,0.153875470161438,100.0,2.2968032360076904,-0.004000396933406591,0.25348183512687683,0.0,0.9999246597290039
1163,,,,,,,,-3.352841854095459,4.444444493856281e-05,-0.01106182113289833,0.0006749647436663508,0.4014899730682373,0.011951684951782227,232.0,0.15367192029953003,100.0,2.3006367683410645,-0.00402112677693367,0.0,0.0,0.9999189376831055
1164,,,,,,,,-3.358933448791504,4.444444493856281e-05,-0.018692726269364357,0.04198715463280678,0.443389892578125,0.011706113815307617,210.0,0.15370771288871765,100.0,2.2984225749969482,-0.004283430520445108,0.13064242899417877,0.0,0.9999482035636902
1165,,,,,,,,-3.354030132293701,2.9629629352712072e-05,-0.010921339504420757,0.009941907599568367,0.4436218738555908,0.01223301887512207,210.0,0.15379616618156433,100.0,2.2984225749969482,-0.003279043361544609,0.0945494994521141,0.0,0.9998394846916199
1166,,,,,,,,-3.3501579761505127,2.9629629352712072e-05,-0.014212774112820625,0.007261588703840971,0.42743968963623047,0.011927127838134766,218.0,0.15387634932994843,100.0,2.298107624053955,-0.004182521719485521,0.19766688346862793,0.0,0.999916136264801
1167,,,,,,,,-3.3503172397613525,4.444444493856281e-05,-0.009689691476523876,0.0015586860245093703,0.4023292064666748,0.012449979782104492,231.0,0.153708815574646,100.0,2.298107624053955,-0.0036628476809710264,0.0,0.0,0.9999077916145325
1168,,,,,,,,-3.360988140106201,4.444444493856281e-05,-0.029999375343322754,0.028553888201713562,0.4416780471801758,0.012083053588867188,211.0,0.15348728001117706,100.0,2.291999101638794,-0.00470315245911479,0.2626924216747284,0.0,0.9999628663063049
1169,,,,,,,,-3.3662662506103516,1.975308623514138e-05,-0.01992325857281685,0.024847697466611862,0.4350559711456299,0.011619091033935547,214.0,0.15342223644256592,100.0,2.293532371520996,-0.004391341935843229,0.32763969898223877,0.0,0.9998138546943665
1170,,,,,,,,-3.3700554370880127,0.0001500000071246177,-0.010421328246593475,0.0023180623538792133,0.425203800201416,0.011767148971557617,219.0,0.15325859189033508,100.0,2.2920994758605957,-0.004109387751668692,0.0,0.0,0.999885082244873
1171,,,,,,,,-3.3782405853271484,1.316872385359602e-05,-0.03850506991147995,0.009438038803637028,0.40717101097106934,0.011828899383544922,229.0,0.15317432582378387,100.0,2.2920994758605957,-0.003762580454349518,0.2587394416332245,0.0,0.9998941421508789
1172,,,,,,,,-3.379725217819214,2.9629629352712072e-05,-0.01851016655564308,0.002191810868680477,0.4385848045349121,0.011890172958374023,213.0,0.15312452614307404,100.0,2.2911319732666016,-0.0041169836185872555,0.0,0.0,0.9999678134918213
1173,,,,,,,,-3.383382797241211,6.666666740784422e-05,-0.009263587184250355,0.019768433645367622,0.43657922744750977,0.012673616409301758,213.0,0.15295708179473877,100.0,2.2953176498413086,-0.0037430000957101583,0.363682359457016,0.0,0.9998157620429993
1174,,,,,,,,-3.383467197418213,4.444444493856281e-05,-0.020905734971165657,0.0054543279111385345,0.42955994606018066,0.012652158737182617,217.0,0.1530800759792328,100.0,2.295565128326416,-0.004171427804976702,0.06416396051645279,0.0,0.9998793005943298
1175,,,,,,,,-3.3742144107818604,4.444444493856281e-05,-0.021801361814141273,0.016107305884361267,0.40968799591064453,0.012135982513427734,227.0,0.15329474210739136,100.0,2.295565128326416,-0.003954871091991663,0.28352463245391846,0.0,0.9999024271965027
1176,,,,,,,,-3.3658645153045654,1.975308623514138e-05,-0.0250925961881876,0.0004098947101738304,0.4319748878479004,0.012125968933105469,216.0,0.1534087359905243,100.0,2.293705463409424,-0.003953428007662296,0.0,0.0,0.9999649524688721
1177,,,,,,,,-3.3626506328582764,4.444444493856281e-05,-0.017787985503673553,0.021907171234488487,0.4387209415435791,0.012035131454467773,212.0,0.1534401774406433,100.0,2.294036388397217,-0.004185255616903305,0.5245444178581238,0.0,0.9998355507850647
1178,,,,,,,,-3.3658640384674072,6.666666740784422e-05,-0.007679910399019718,0.008968830108642578,0.42588067054748535,0.011806964874267578,219.0,0.15323932468891144,100.0,2.299144983291626,-0.003571690758690238,0.25737687945365906,0.0,0.999858558177948
1179,,,,,,,,-3.3760883808135986,2.9629629352712072e-05,-0.02921324595808983,0.006670128554105759,0.41242218017578125,0.012169837951660156,226.0,0.1531342715024948,100.0,2.299144983291626,-0.0037998072803020477,0.2535974979400635,0.0,0.9999034404754639
1180,,,,,,,,-3.380267858505249,4.444444493856281e-05,-0.02480241097509861,0.000933391391299665,0.42846107482910156,0.012015104293823242,217.0,0.1530214101076126,100.0,2.3057074546813965,-0.003835504874587059,0.0,0.0,0.9999470710754395
1181,,,,,,,,-3.3826632499694824,2.9629629352712072e-05,-0.019447768107056618,0.01331426203250885,0.4404330253601074,0.011815071105957031,212.0,0.15309198200702667,100.0,2.306321859359741,-0.0037403025198727846,0.35378336906433105,0.0,0.9998691082000732
1182,,,,,,,,-3.379943609237671,6.666666740784422e-05,-0.017155254259705544,0.006641661282628775,0.42988014221191406,0.01156473159790039,217.0,0.15307478606700897,100.0,2.3060996532440186,-0.003931315150111914,0.25321075320243835,0.0,0.9998419880867004
1183,,,,,,,,-3.3872861862182617,2.9629629352712072e-05,-0.026758931577205658,0.005229978356510401,0.41109395027160645,0.012187957763671875,226.0,0.152729794383049,100.0,2.3060996532440186,-0.0033533766400069,0.24330486357212067,0.0,0.9999114871025085
1184,,,,,,,,-3.399562358856201,2.9629629352712072e-05,-0.014239544980227947,0.0003118353779427707,0.4088308811187744,0.01246190071105957,227.0,0.15260954201221466,100.0,2.309798240661621,-0.004186348058283329,0.0,0.0,0.9999272227287292
1185,,,,,,,,-3.4032413959503174,6.666666740784422e-05,-0.020018428564071655,0.0121000362560153,0.4569358825683594,0.011890888214111328,204.0,0.15251019597053528,100.0,2.3097939491271973,-0.004389017820358276,0.5464115738868713,0.0,0.9999026656150818
1186,,,,,,,,-3.407679557800293,2.9629629352712072e-05,-0.02022671140730381,0.0628461167216301,0.41637110710144043,0.011850118637084961,224.0,0.1524907797574997,100.0,2.313246011734009,-0.003445306094363332,0.04050670936703682,0.0,0.999826967716217
1187,,,,,,,,-3.4087226390838623,2.9629629352712072e-05,-0.020463967695832253,0.03502034395933151,0.42183518409729004,0.012294769287109375,221.0,0.15243394672870636,100.0,2.313246011734009,-0.0038535173516720533,0.07234559208154678,0.0,0.99991375207901
1188,,,,,,,,-3.4128785133361816,4.444444493856281e-05,-0.011293504387140274,0.0007928250124678016,0.40340518951416016,0.01238703727722168,230.0,0.15230655670166016,100.0,2.314020872116089,-0.0033836623188108206,0.0,0.0,0.9999145865440369
1189,,,,,,,,-3.4181625843048096,2.9629629352712072e-05,-0.026237286627292633,0.024075141176581383,0.4445631504058838,0.011689901351928711,210.0,0.15221750736236572,100.0,2.3136074542999268,-0.00404620636254549,0.44736504554748535,0.0,0.9999410510063171
1190,,,,,,,,-3.4203057289123535,2.9629629352712072e-05,-0.03696313872933388,0.0037170518189668655,0.43151021003723145,0.012079000473022461,216.0,0.15216872096061707,100.0,2.3136074542999268,-0.004312319215387106,0.21867887675762177,0.0,0.9998100399971008
1191,,,,,,,,-3.4234583377838135,6.666666740784422e-05,-0.006799689494073391,0.002409186912700534,0.4230630397796631,0.011606693267822266,220.0,0.15206219255924225,100.0,2.3149783611297607,-0.004132101312279701,0.17805355787277222,0.0,0.9999019503593445
1192,,,,,,,,-3.426842212677002,2.9629629352712072e-05,-0.01541847363114357,0.0016487761167809367,0.4050168991088867,0.012655019760131836,229.0,0.15208180248737335,100.0,2.3149783611297607,-0.00325839314609766,0.0,0.0,0.9998940825462341
1193,,,,,,,,-3.424839973449707,4.444444493856281e-05,-0.008918301202356815,0.01890859566628933,0.4462099075317383,0.012002944946289062,209.0,0.15212492644786835,100.0,2.3223018646240234,-0.0040749977342784405,0.23535442352294922,0.0,0.9999608397483826
1194,,,,,,,,-3.4240036010742188,2.9629629352712072e-05,-0.024276571348309517,0.022470952942967415,0.437946081161499,0.011406898498535156,213.0,0.1521233171224594,100.0,2.3219895362854004,-0.003987448755651712,0.5180230140686035,0.0,0.9997999668121338
1195,,,,,,,,-3.425060272216797,4.444444493856281e-05,-0.023943692445755005,0.0017011152813211083,0.42398500442504883,0.01161813735961914,220.0,0.15219470858573914,100.0,2.325416326522827,-0.004083492327481508,0.0,0.0,0.9998841285705566
1196,,,,,,,,-3.4278993606567383,6.666666740784422e-05,-0.014587211422622204,0.0020584329031407833,0.41016101837158203,0.01220083236694336,227.0,0.15212313830852509,100.0,2.325416326522827,-0.003549570217728615,0.17954713106155396,0.0,0.9998967051506042
1197,,,,,,,,-3.4380950927734375,2.9629629352712072e-05,-0.016385337337851524,0.0018959816079586744,0.4437892436981201,0.012130975723266602,210.0,0.1518716812133789,100.0,2.327927589416504,-0.0037158720660954714,0.0,0.0,0.999962568283081
1198,,,,,,,,-3.4443514347076416,2.9629629352712072e-05,-0.023574942722916603,0.014253498986363411,0.43543076515197754,0.01194906234741211,214.0,0.151864156126976,100.0,2.328562021255493,-0.004092067945748568,0.5230068564414978,0.0,0.999812662601471
1199,,,,,,,,-3.439711809158325,6.666666740784422e-05,-0.0121506592258811,0.005700279492884874,0.4223008155822754,0.012284994125366211,220.0,0.15206393599510193,100.0,2.327515125274658,-0.003642881289124489,0.2688401937484741,0.0,0.9998714327812195
1200,,,,,,,,-3.425074815750122,6.666666740784422e-05,-0.0068602245301008224,0.007834814488887787,0.40213704109191895,0.012130022048950195,231.0,0.15243661403656006,100.0,2.327515125274658,-0.0038149200845509768,0.2779638469219208,0.0,0.9998979568481445
1201,,,,,,,,-3.400815010070801,9.999999747378752e-05,-0.020182034000754356,0.0009901097510010004,0.4396641254425049,0.012483835220336914,212.0,0.15317265689373016,100.0,2.3326566219329834,-0.004174988716840744,0.0,0.0,0.9999618530273438
1202,,,,,,,,-3.3705759048461914,4.444444493856281e-05,-0.005545490421354771,0.01052310224622488,0.4395599365234375,0.01209402084350586,212.0,0.153456911444664,100.0,2.334212303161621,-0.004335402976721525,0.5317971706390381,0.0,0.9998307824134827
1203,,,,,,,,-3.364591360092163,4.444444493856281e-05,-0.02659589610993862,0.0034337611868977547,0.4315659999847412,0.01225590705871582,216.0,0.1535327136516571,100.0,2.338606595993042,-0.003472973359748721,0.2553796172142029,0.0,0.9998510479927063
1204,,,,,,,,-3.3579344749450684,1.975308623514138e-05,-0.023124201223254204,0.0040964046493172646,0.40053677558898926,0.012464046478271484,232.0,0.1536898910999298,100.0,2.338606595993042,-0.0035301714669913054,0.23647743463516235,0.0,0.9998972415924072
1205,,,,,,,,-3.3506033420562744,6.666666740784422e-05,-0.010423047468066216,0.0008157283300533891,0.42494702339172363,0.011728048324584961,219.0,0.1537964642047882,100.0,2.338940143585205,-0.004027034621685743,0.0,0.0,0.9999361634254456
1206,,,,,,,,-3.3474020957946777,2.9629629352712072e-05,-0.023310542106628418,0.00897292885929346,0.4402759075164795,0.012045145034790039,212.0,0.15370261669158936,100.0,2.339240312576294,-0.0038780272006988525,0.5256237983703613,0.0,0.9998630881309509
1207,,,,,,,,-3.35528826713562,4.444444493856281e-05,-0.014802400954067707,0.005221059545874596,0.4208970069885254,0.012089252471923828,221.0,0.15345433354377747,100.0,2.3388140201568604,-0.0036550734657794237,0.2749952971935272,0.0,0.9998337626457214
1208,,,,,,,,-3.367108106613159,1.975308623514138e-05,-0.01885540410876274,0.0035330727696418762,0.4170191287994385,0.01201009750366211,223.0,0.1533118188381195,100.0,2.3388140201568604,-0.0036982607562094927,0.2559550702571869,0.0,0.9999067187309265
1209,,,,,,,,-3.374016046524048,1.975308623514138e-05,-0.01584312506020069,0.0004973015747964382,0.41167211532592773,0.012006759643554688,226.0,0.1531999260187149,100.0,2.34015154838562,-0.004019565414637327,0.0,0.0,0.9999275207519531
1210,,,,,,,,-3.3776581287384033,4.444444493856281e-05,-0.0196546483784914,0.011450440622866154,0.4506838321685791,0.012595415115356445,207.0,0.15326006710529327,100.0,2.3403308391571045,-0.004065804183483124,0.44537100195884705,0.0,0.9999048113822937
1211,,,,,,,,-3.375074625015259,1.975308623514138e-05,-0.017974458634853363,0.0035395906306803226,0.4186370372772217,0.012793779373168945,222.0,0.15327665209770203,100.0,2.3402597904205322,-0.0036749104037880898,0.2522866129875183,0.0,0.9998267292976379
1212,,,,,,,,-3.37518048286438,9.999999747378752e-05,-0.013958924449980259,0.004792174324393272,0.42433691024780273,0.012166738510131836,219.0,0.15329492092132568,100.0,2.3402597904205322,-0.003530223621055484,0.26694536209106445,0.0,0.9999141693115234
1213,,,,,,,,-3.3702971935272217,2.9629629352712072e-05,-0.01252197939902544,0.0006244185497052968,0.4073963165283203,0.011676788330078125,229.0,0.15344510972499847,100.0,2.344071626663208,-0.0037608302664011717,0.0,0.0,0.9999100565910339
1214,,,,,,,,-3.3653032779693604,4.444444493856281e-05,-0.02245272882282734,0.0419546440243721,0.4405789375305176,0.012131214141845703,212.0,0.15349766612052917,100.0,2.349398136138916,-0.0039884415455162525,0.3130779564380646,0.0,0.9999349117279053
1215,,,,,,,,-3.3597891330718994,0.0001500000071246177,-0.005785670131444931,0.006655908189713955,0.42777204513549805,0.012197017669677734,218.0,0.15373629331588745,100.0,2.349398136138916,-0.003649744438007474,0.27360036969184875,0.0,0.9998044967651367
1216,,,,,,,,-3.3549911975860596,2.9629629352712072e-05,-0.025883303955197334,0.002483607968315482,0.4231839179992676,0.011862993240356445,220.0,0.1537003517150879,100.0,2.35075044631958,-0.0036917338147759438,0.16644640266895294,0.0,0.9998939037322998
1217,,,,,,,,-3.355619430541992,6.666666740784422e-05,-0.01578068733215332,0.0020226561464369297,0.3981781005859375,0.012555837631225586,233.0,0.15381209552288055,100.0,2.35075044631958,-0.0034774860832840204,0.0,0.0,0.9998857378959656
1218,,,,,,,,-3.3531394004821777,2.9629629352712072e-05,-0.030215991660952568,0.005304888356477022,0.4437997341156006,0.012087106704711914,210.0,0.15374955534934998,100.0,2.3488028049468994,-0.00459311855956912,0.19026923179626465,0.0,0.9999526143074036
1219,,,,,,,,-3.357297897338867,2.9629629352712072e-05,-0.020127946510910988,0.012473968788981438,0.43057823181152344,0.012961626052856445,216.0,0.15372008085250854,100.0,2.3532049655914307,-0.0038512975443154573,0.5541536808013916,0.0,0.9997877478599548
1220,,,,,,,,-3.3571248054504395,6.666666740784422e-05,-0.016132766380906105,0.0024821851402521133,0.422954797744751,0.012099981307983398,220.0,0.1537802517414093,100.0,2.356398105621338,-0.003810179652646184,0.0,0.0,0.999863862991333
1221,,,,,,,,-3.351250410079956,2.9629629352712072e-05,-0.023592786863446236,0.050947342067956924,0.3993551731109619,0.01191091537475586,233.0,0.15395613014698029,100.0,2.356398105621338,-0.0037630219012498856,0.007101697847247124,0.0,0.9999000430107117
1222,,,,,,,,-3.342247486114502,4.444444493856281e-05,-0.01851228065788746,0.005373531021177769,0.6414389610290527,0.023904085159301758,144.0,0.15426157414913177,100.0,2.3631365299224854,-0.004428846761584282,0.0,0.0,0.9999508261680603
1223,,,,,,,,-3.325918674468994,2.9629629352712072e-05,-0.013105161488056183,0.028275782242417336,0.48236799240112305,0.012295961380004883,194.0,0.1546930968761444,100.0,2.3681373596191406,-0.004095671698451042,0.5844153761863708,0.0,0.999785840511322
1224,,,,,,,,-3.3100154399871826,2.9629629352712072e-05,-0.015320530161261559,0.009057678282260895,0.4365708827972412,0.011793851852416992,214.0,0.15497241914272308,100.0,2.363433837890625,-0.004106332082301378,0.06206464394927025,0.0,0.9998603463172913
1225,,,,,,,,-3.3007681369781494,4.444444493856281e-05,-0.019976796582341194,0.014182998798787594,0.4048030376434326,0.011876106262207031,230.0,0.15509626269340515,100.0,2.363433837890625,-0.004250731784850359,0.2789667844772339,0.0,0.9998791813850403
1226,,,,,,,,-3.3010544776916504,4.444444493856281e-05,-0.015701226890087128,0.0005990866338834167,0.43431711196899414,0.012639999389648438,214.0,0.15488074719905853,100.0,2.3679358959198,-0.004226699937134981,0.0,0.0,0.9999468326568604
1227,,,,,,,,-3.304989814758301,2.9629629352712072e-05,-0.01606270857155323,0.05368726700544357,0.4342350959777832,0.012640953063964844,214.0,0.15496858954429626,100.0,2.364060401916504,-0.0035777271259576082,0.299299418926239,0.0,0.9998295307159424
1228,,,,,,,,-3.302358865737915,4.444444493856281e-05,-0.01804155297577381,0.018704961985349655,0.43563127517700195,0.012419939041137695,214.0,0.15486057102680206,100.0,2.3692586421966553,-0.003998268861323595,0.30698978900909424,0.0,0.9998459815979004
1229,,,,,,,,-3.3127567768096924,1.975308623514138e-05,-0.030773328617215157,0.014862137846648693,0.409822940826416,0.012298107147216797,227.0,0.15459898114204407,100.0,2.3692586421966553,-0.003945760428905487,0.2811347544193268,0.0,0.9998928904533386
1230,,,,,,,,-3.3231308460235596,2.9629629352712072e-05,-0.016510792076587677,0.00037790698115713894,0.430311918258667,0.01193094253540039,217.0,0.15437829494476318,100.0,2.3735382556915283,-0.0044578551314771175,0.0,0.0,0.9999337792396545
1231,,,,,,,,-3.335563898086548,6.666666740784422e-05,-0.005991037469357252,0.0188796017318964,0.44321203231811523,0.011931180953979492,210.0,0.15413270890712738,100.0,2.3794360160827637,-0.003745526075363159,0.5243613123893738,0.0,0.9998428225517273
1232,,,,,,,,-3.3474597930908203,4.444444493856281e-05,-0.012090940959751606,0.008348742499947548,0.4230189323425293,0.011932134628295898,220.0,0.15394818782806396,100.0,2.380504608154297,-0.00338525022380054,0.26504966616630554,0.0,0.9998197555541992
1233,,,,,,,,-3.351501703262329,6.666666740784422e-05,-0.013720087707042694,0.006824484094977379,0.41225290298461914,0.01226186752319336,226.0,0.1539660543203354,100.0,2.380504608154297,-0.0037793973460793495,0.2576694190502167,0.0,0.9998903870582581
1234,,,,,,,,-3.3474338054656982,2.9629629352712072e-05,-0.024323301389813423,0.0007258093100972474,0.41138505935668945,0.012370824813842773,226.0,0.15406309068202972,100.0,2.390113115310669,-0.004013074561953545,0.0,0.0,0.9999072551727295
1235,,,,,,,,-3.3437609672546387,2.9629629352712072e-05,-0.015018375590443611,0.16945388913154602,0.4540557861328125,0.01203298568725586,205.0,0.15415838360786438,100.0,2.3937175273895264,-0.0035573120694607496,0.08227284997701645,0.0,0.9998930096626282
1236,,,,,,,,-3.3448357582092285,9.999999747378752e-05,-0.011480879969894886,0.03602290526032448,0.41710901260375977,0.01151895523071289,223.0,0.15401704609394073,100.0,2.398261785507202,-0.004020812455564737,0.09099037200212479,0.0,0.999815046787262
1237,,,,,,,,-3.361543655395508,2.9629629352712072e-05,-0.026279130950570107,0.018154539167881012,0.42856621742248535,0.012063980102539062,217.0,0.15372969210147858,100.0,2.398261785507202,-0.0036856206133961678,0.3263286054134369,0.0,0.9998957514762878
1238,,,,,,,,-3.3750061988830566,0.0001500000071246177,-0.0141441086307168,0.0014280900359153748,0.4064292907714844,0.012402772903442383,229.0,0.1533401608467102,100.0,2.3938822746276855,-0.0037086522206664085,0.0,0.0,0.9999015927314758
1239,,,,,,,,-3.405306100845337,2.9629629352712072e-05,-0.02530086599290371,0.018908530473709106,0.44852781295776367,0.012209177017211914,208.0,0.15290462970733643,100.0,2.391968011856079,-0.004320013802498579,0.5422187447547913,0.0,0.999926745891571
1240,,,,,,,,-3.4212162494659424,6.666666740784422e-05,-0.02100794017314911,0.009849504567682743,0.43442201614379883,0.012408733367919922,214.0,0.15266430377960205,100.0,2.391968011856079,-0.0037532655987888575,0.2860442101955414,0.0,0.9997926354408264
1241,,,,,,,,-3.4317874908447266,0.0003375000087544322,-0.011974340304732323,0.018847761675715446,0.4271879196166992,0.012987136840820312,218.0,0.15268494188785553,100.0,2.3960347175598145,-0.003506440669298172,0.2925991415977478,0.0,0.9998922348022461
1242,,,,,,,,-3.421323537826538,2.9629629352712072e-05,-0.016339827328920364,0.005981769412755966,0.40480995178222656,0.011536836624145508,230.0,0.15297140181064606,100.0,2.3960347175598145,-0.003325927071273327,0.0,0.0,0.999885082244873
1243,,,,,,,,-3.4133360385894775,4.444444493856281e-05,-0.008526069112122059,0.012407617643475533,0.44147396087646484,0.011628150939941406,211.0,0.15297655761241913,100.0,2.4053242206573486,-0.004176965449005365,0.29012346267700195,0.0,0.9999484419822693
1244,,,,,,,,-3.4166085720062256,4.444444493856281e-05,-0.017975594848394394,0.012631022371351719,0.4376718997955322,0.011417150497436523,213.0,0.15290109813213348,100.0,2.4058802127838135,-0.004085044376552105,0.4595735967159271,0.0,0.9997881054878235
1245,,,,,,,,-3.4175524711608887,1.975308623514138e-05,-0.01938985288143158,0.004468085244297981,0.42206907272338867,0.011932134628295898,221.0,0.15294045209884644,100.0,2.4067893028259277,-0.00381264160387218,0.0,0.0,0.9998741149902344
1246,,,,,,,,-3.4157204627990723,4.444444493856281e-05,-0.019967731088399887,0.030080709606409073,0.40932178497314453,0.012233972549438477,227.0,0.15303905308246613,100.0,2.4067893028259277,-0.0038507210556417704,0.09258109331130981,0.0,0.9998876452445984
1247,,,,,,,,-3.4081761837005615,2.9629629352712072e-05,-0.021605050191283226,0.0018270849250257015,0.4438338279724121,0.012315988540649414,210.0,0.15323856472969055,100.0,2.410310983657837,-0.004287633579224348,0.0,0.0,0.9999551177024841
1248,,,,,,,,-3.4004428386688232,4.444444493856281e-05,-0.010515059344470501,0.014585603028535843,0.4437289237976074,0.011840105056762695,210.0,0.15338656306266785,100.0,2.410287380218506,-0.004229085985571146,0.579744279384613,0.0,0.9997892379760742
1249,,,,,,,,-3.3934638500213623,2.9629629352712072e-05,-0.029612690210342407,0.0036435110960155725,0.429718017578125,0.012384176254272461,217.0,0.15348556637763977,100.0,2.407256603240967,-0.0043240939266979694,0.2789542078971863,0.0,0.999847948551178
1250,,,,,,,,-3.390420436859131,2.9629629352712072e-05,-0.006514484994113445,0.12438240647315979,0.4041609764099121,0.012187957763671875,230.0,0.15354269742965698,100.0,2.407256603240967,-0.0035362939815968275,0.008353552781045437,0.0,0.9998958110809326
1251,,,,,,,,-3.3882665634155273,4.444444493856281e-05,-0.009455040097236633,0.006928727962076664,0.4544198513031006,0.021435976028442383,201.0,0.15352971851825714,100.0,2.4090309143066406,-0.0037282872945070267,0.0,0.0,0.9999456405639648
1252,,,,,,,,-3.388099431991577,2.9629629352712072e-05,-0.01290510781109333,0.12340278923511505,0.43958497047424316,0.01165914535522461,212.0,0.1535508930683136,100.0,2.409580945968628,-0.004483714234083891,0.17538981139659882,0.0,0.9998276233673096
1253,,,,,,,,-3.38346004486084,4.444444493856281e-05,-0.0168737955391407,0.015918154269456863,0.4338710308074951,0.012778997421264648,214.0,0.15372984111309052,100.0,2.404491424560547,-0.0039683454670012,0.2849092483520508,0.0,0.99983149766922
1254,,,,,,,,-3.3755080699920654,1.316872385359602e-05,-0.027877263724803925,0.01463453657925129,0.4109201431274414,0.011451959609985352,227.0,0.1537759006023407,100.0,2.404491424560547,-0.0036960311699658632,0.26737943291664124,0.0,0.9998920559883118
1255,,,,,,,,-3.374390125274658,4.444444493856281e-05,-0.02192443609237671,0.002232758793979883,0.43585801124572754,0.011957883834838867,214.0,0.1537666916847229,100.0,2.400899648666382,-0.003962332848459482,0.0,0.0,0.9999334216117859
1256,,,,,,,,-3.380204439163208,0.0001500000071246177,-0.01015002466738224,0.017172669991850853,0.4448268413543701,0.011587142944335938,210.0,0.15346674621105194,100.0,2.400768280029297,-0.003854417009279132,0.5150401592254639,0.0,0.999847948551178
1257,,,,,,,,-3.4027621746063232,1.975308623514138e-05,-0.020613018423318863,0.008799700997769833,0.4327559471130371,0.012566089630126953,215.0,0.1531125009059906,100.0,2.4009552001953125,-0.0039010762702673674,0.24294759333133698,0.0,0.9998188614845276
1258,,,,,,,,-3.4106736183166504,9.999999747378752e-05,-0.0044321645982563496,0.0148872509598732,0.4162287712097168,0.012618064880371094,223.0,0.15301008522510529,100.0,2.4009552001953125,-0.0037053159903734922,0.16950981318950653,0.0,0.9998931884765625
1259,,,,,,,,-3.4174671173095703,2.9629629352712072e-05,-0.02337159775197506,0.00037834426620975137,0.4203808307647705,0.01316213607788086,221.0,0.1528799831867218,100.0,2.404690742492676,-0.0036884585861116648,0.0,0.0,0.9999110102653503
1260,,,,,,,,-3.421262264251709,1.975308623514138e-05,-0.03547825664281845,0.1428319811820984,0.4602351188659668,0.012083053588867188,203.0,0.15284647047519684,100.0,2.404874324798584,-0.0037806127220392227,0.10420893877744675,0.0,0.9999001026153564
1261,,,,,,,,-3.4228768348693848,2.9629629352712072e-05,-0.03179312124848366,0.08444230258464813,0.4209737777709961,0.012243986129760742,221.0,0.15278330445289612,100.0,2.4034743309020996,-0.002974626375362277,0.019700979813933372,0.0,0.9998238682746887
1262,,,,,,,,-3.4212894439697266,2.9629629352712072e-05,-0.011496046558022499,0.021811779588460922,0.426210880279541,0.012315988540649414,218.0,0.15293216705322266,100.0,2.4034743309020996,-0.00403556739911437,0.26294732093811035,0.0,0.9998999238014221
1263,,,,,,,,-3.408154010772705,0.0001500000071246177,-0.012431956827640533,0.0025389075744897127,0.40848374366760254,0.012130260467529297,228.0,0.15324795246124268,100.0,2.3988890647888184,-0.003906840458512306,0.0,0.0,0.999896228313446
1264,,,,,,,,-3.3843331336975098,2.9629629352712072e-05,-0.04501476511359215,0.04409448057413101,0.449599027633667,0.012069940567016602,207.0,0.15341341495513916,100.0,2.3915634155273438,-0.004020433407276869,0.309213787317276,0.0,0.9999306201934814
1265,,,,,,,,-3.3783035278320312,6.666666740784422e-05,-0.017359457910060883,0.01746479608118534,0.4517641067504883,0.01269388198852539,206.0,0.15338225662708282,100.0,2.3915634155273438,-0.004034728743135929,0.2578323781490326,0.0,0.9997909069061279
1266,,,,,,,,-3.3821873664855957,4.444444493856281e-05,-0.012312689796090126,0.012602626346051693,0.4265899658203125,0.01208186149597168,218.0,0.15328475832939148,100.0,2.3917601108551025,-0.003985745832324028,0.2806451916694641,0.0,0.9998857378959656
1267,,,,,,,,-3.3814918994903564,2.9629629352712072e-05,-0.03747176378965378,0.0014496848452836275,0.4026980400085449,0.012091875076293945,231.0,0.15338076651096344,100.0,2.3917601108551025,-0.0030375586356967688,0.0,0.0,0.9998844265937805
1268,,,,,,,,-3.378314256668091,2.9629629352712072e-05,-0.017127351835370064,0.027278145775198936,0.44146299362182617,0.011846780776977539,211.0,0.15338222682476044,100.0,2.3909337520599365,-0.004419075790792704,0.2628001272678375,0.0,0.999948263168335
1269,,,,,,,,-3.376150369644165,9.999999747378752e-05,-0.007777583319693804,0.023797299712896347,0.43628716468811035,0.012392759323120117,213.0,0.15351013839244843,100.0,2.3947463035583496,-0.0046773687936365604,0.2421102076768875,0.0,0.999809741973877
1270,,,,,,,,-3.3632659912109375,1.975308623514138e-05,-0.0177251435816288,0.002753456821665168,0.42729902267456055,0.012191057205200195,218.0,0.15364192426204681,100.0,2.395263910293579,-0.004200335592031479,0.0,0.0,0.9998869299888611
1271,,,,,,,,-3.3617663383483887,1.975308623514138e-05,-0.011708171106874943,0.003182209562510252,0.40717601776123047,0.012238025665283203,228.0,0.15354116261005402,100.0,2.395263910293579,-0.003411506302654743,0.23377637565135956,0.0,0.9998974204063416
1272,,,,,,,,-3.3682289123535156,4.444444493856281e-05,-0.0172882042825222,0.0028666285797953606,0.4360220432281494,0.011887073516845703,214.0,0.1533215194940567,100.0,2.3982200622558594,-0.0042017120867967606,0.0,0.0,0.9999678134918213
1273,,,,,,,,-3.3771328926086426,2.9629629352712072e-05,-0.018845215439796448,0.02432265505194664,0.4432830810546875,0.011864900588989258,210.0,0.1532323956489563,100.0,2.400618553161621,-0.0038803082425147295,0.5222275853157043,0.0,0.9998108744621277
1274,,,,,,,,-3.3823440074920654,4.444444493856281e-05,-0.018139785155653954,0.009104623459279537,0.42587709426879883,0.012250185012817383,219.0,0.15307392179965973,100.0,2.4013171195983887,-0.004060035105794668,0.25457510352134705,0.0,0.9998734593391418
1275,,,,,,,,-3.3873183727264404,1.975308623514138e-05,-0.023281633853912354,0.004495595116168261,0.4112532138824463,0.011744976043701172,226.0,0.15305377542972565,100.0,2.4013171195983887,-0.00359357800334692,0.2500356137752533,0.0,0.9998982548713684
1276,,,,,,,,-3.388737916946411,4.444444493856281e-05,-0.010471522808074951,0.000818373286165297,0.43685412406921387,0.012109041213989258,213.0,0.1529000997543335,100.0,2.4053351879119873,-0.004498034715652466,0.0,0.0,0.9999597072601318
1277,,,,,,,,-3.3947737216949463,4.444444493856281e-05,-0.027908220887184143,0.01127433218061924,0.437762975692749,0.011825084686279297,213.0,0.15275761485099792,100.0,2.404912233352661,-0.004240317735821009,0.4388282597064972,0.0,0.9998350739479065
1278,,,,,,,,-3.394763231277466,2.9629629352712072e-05,-0.0071225594729185104,0.004245614167302847,0.4305567741394043,0.01245427131652832,216.0,0.1528162956237793,100.0,2.404736042022705,-0.0042846957221627235,0.15238022804260254,0.0,0.9998592734336853
1279,,,,,,,,-3.3914902210235596,2.9629629352712072e-05,-0.01713087409734726,0.009222600609064102,0.40969204902648926,0.012707233428955078,227.0,0.15283744037151337,100.0,2.404736042022705,-0.003453231416642666,0.16125307977199554,0.0,0.9999062418937683
1280,,,,,,,,-3.3894870281219482,6.666666740784422e-05,-0.01387168001383543,0.0006378022953867912,0.43033599853515625,0.011638164520263672,217.0,0.1528969705104828,100.0,2.406190872192383,-0.004157362971454859,0.0,0.0,0.999946653842926
1281,,,,,,,,-3.388288974761963,2.9629629352712072e-05,-0.029718663543462753,0.01521209068596363,0.4393880367279053,0.011913299560546875,212.0,0.1528446078300476,100.0,2.407879590988159,-0.0037145826499909163,0.43306317925453186,0.0,0.9998683333396912
1282,,,,,,,,-3.3906073570251465,2.9629629352712072e-05,-0.02146807685494423,0.008524180389940739,0.43170833587646484,0.012705802917480469,216.0,0.152765691280365,100.0,2.4055280685424805,-0.003858990268781781,0.28490206599235535,0.0,0.9998423457145691
1283,,,,,,,,-3.3920066356658936,6.666666740784422e-05,-0.010526573285460472,0.0028027577791363,0.41681814193725586,0.01275181770324707,223.0,0.15283553302288055,100.0,2.4055280685424805,-0.00422047870233655,0.22692471742630005,0.0,0.999912440776825
1284,,,,,,,,-3.383824586868286,9.999999747378752e-05,-0.006383718457072973,0.0006445313338190317,0.41475701332092285,0.012226104736328125,224.0,0.15315133333206177,100.0,2.403761863708496,-0.0037986012175679207,0.0,0.0,0.9999294281005859
1285,,,,,,,,-3.3720295429229736,2.9629629352712072e-05,-0.020924270153045654,0.011468642391264439,0.45443010330200195,0.01205587387084961,205.0,0.1532457023859024,100.0,2.4042775630950928,-0.004390621092170477,0.5079721808433533,0.0,0.999899685382843
1286,,,,,,,,-3.369677782058716,6.666666740784422e-05,-0.021746443584561348,0.007973860017955303,0.4146602153778076,0.012109756469726562,224.0,0.15318870544433594,100.0,2.4037718772888184,-0.0036363324616104364,0.26244255900382996,0.0,0.9998200535774231
1287,,,,,,,,-3.373396635055542,2.9629629352712072e-05,-0.015383542515337467,0.004921495448797941,0.4232759475708008,0.012052059173583984,220.0,0.15310737490653992,100.0,2.4037718772888184,-0.0038230486679822206,0.27085480093955994,0.0,0.9999049305915833
1288,,,,,,,,-3.3744285106658936,4.444444493856281e-05,-0.017048867419362068,0.0006383636500686407,0.40462422370910645,0.011932849884033203,230.0,0.15305876731872559,100.0,2.4043655395507812,-0.0037710166070610285,0.0,0.0,0.9998952746391296
1289,,,,,,,,-3.3772599697113037,2.9629629352712072e-05,-0.014926336705684662,0.02339262329041958,0.4466996192932129,0.011806249618530273,209.0,0.1529429703950882,100.0,2.40690279006958,-0.004881368950009346,0.2981727421283722,0.0,0.9999251365661621
1290,,,,,,,,-3.3754982948303223,4.444444493856281e-05,-0.014605162665247917,0.005293311085551977,0.43128275871276855,0.011876106262207031,216.0,0.15305306017398834,100.0,2.40690279006958,-0.00373131618835032,0.2603776752948761,0.0,0.9998037815093994
1291,,,,,,,,-3.3693597316741943,2.9629629352712072e-05,-0.023183273151516914,0.0028497448656708,0.42894601821899414,0.01211690902709961,217.0,0.1530485898256302,100.0,2.407425880432129,-0.004168749321252108,0.22935505211353302,0.0,0.9998912811279297
1292,,,,,,,,-3.3696866035461426,4.444444493856281e-05,-0.013524649664759636,0.0020974716171622276,0.415194034576416,0.01300191879272461,224.0,0.15298683941364288,100.0,2.407425880432129,-0.003669165074825287,0.0,0.0,0.9998919367790222
1293,,,,,,,,-3.369152307510376,0.00022499999613501132,-0.0075714909471571445,0.019653866067528725,0.4432659149169922,0.012059926986694336,210.0,0.15304629504680634,100.0,2.402642250061035,-0.004189206287264824,0.2595837414264679,0.0,0.9999545216560364
1294,,,,,,,,-3.3501803874969482,4.444444493856281e-05,-0.023547513410449028,0.01432441920042038,0.435791015625,0.012041807174682617,214.0,0.15361125767230988,100.0,2.4068603515625,-0.004531291779130697,0.42689743638038635,0.0,0.9997918009757996
1295,,,,,,,,-3.3356411457061768,4.444444493856281e-05,-0.014951847493648529,0.0031834221445024014,0.42339491844177246,0.012130022048950195,220.0,0.15371587872505188,100.0,2.4098894596099854,-0.003968830220401287,0.0,0.0,0.9998867511749268
1296,,,,,,,,-3.3340039253234863,1.975308623514138e-05,-0.02650448866188526,0.001884788740426302,0.4086127281188965,0.012063980102539062,228.0,0.15374305844306946,100.0,2.4098894596099854,-0.003479164792224765,0.21768827736377716,0.0,0.999891459941864
1297,,,,,,,,-3.3324456214904785,0.0001500000071246177,-0.008160161785781384,0.002273462014272809,0.43365001678466797,0.011986970901489258,215.0,0.153793066740036,100.0,2.412034034729004,-0.003965538460761309,0.0,0.0,0.9999639987945557
1298,,,,,,,,-3.330171823501587,2.9629629352712072e-05,-0.011418106034398079,0.012108324095606804,0.43810391426086426,0.01171112060546875,213.0,0.15378783643245697,100.0,2.4102635383605957,-0.004422956611961126,0.4705716669559479,0.0,0.99981290102005
1299,,,,,,,,-3.333880662918091,6.666666740784422e-05,-0.016845257952809334,0.005753866862505674,0.4253349304199219,0.01262521743774414,219.0,0.1536698341369629,100.0,2.4110159873962402,-0.0039045074954628944,0.24777553975582123,0.0,0.999875545501709
1300,,,,,,,,-3.3398704528808594,1.975308623514138e-05,-0.025973865762352943,0.006463228724896908,0.40607595443725586,0.012581110000610352,229.0,0.15362203121185303,100.0,2.4110159873962402,-0.003831763518974185,0.2648892104625702,0.0,0.9998998641967773
1301,,,,,,,,-3.33910870552063,4.444444493856281e-05,-0.012875115498900414,0.0011174422688782215,0.43161606788635254,0.012891054153442383,215.0,0.15369585156440735,100.0,2.4107425212860107,-0.004450691398233175,0.0,0.0,0.9999558329582214
1302,,,,,,,,-3.3318428993225098,1.975308623514138e-05,-0.019133426249027252,0.008207129314541817,0.4426717758178711,0.012456178665161133,210.0,0.1537599116563797,100.0,2.4103386402130127,-0.004037112463265657,0.4811359941959381,0.0,0.9998276829719543
1303,,,,,,,,-3.3286235332489014,2.9629629352712072e-05,-0.02579176425933838,0.024677833542227745,0.4296450614929199,0.011835813522338867,217.0,0.15381233394145966,100.0,2.411975383758545,-0.0035026806872338057,0.08851516246795654,0.0,0.9998676180839539
1304,,,,,,,,-3.325681447982788,4.444444493856281e-05,-0.023802729323506355,0.007757482584565878,0.4080650806427002,0.011964797973632812,228.0,0.15381716191768646,100.0,2.411975383758545,-0.004048421513289213,0.2511903643608093,0.0,0.9999068379402161
1305,,,,,,,,-3.3253819942474365,1.975308623514138e-05,-0.023530004546046257,0.000592385942582041,0.4323079586029053,0.012389898300170898,215.0,0.15382792055606842,100.0,2.411173105239868,-0.003814657451584935,0.0,0.0,0.9999470710754395
1306,,,,,,,,-3.323451519012451,6.666666740784422e-05,-0.010887006297707558,0.011750128120183945,0.4397246837615967,0.01157522201538086,212.0,0.1539260298013687,100.0,2.4077036380767822,-0.003955375403165817,0.4931083917617798,0.0,0.9998725056648254
1307,,,,,,,,-3.3179707527160645,2.9629629352712072e-05,-0.012828079983592033,0.005871941335499287,0.42479777336120605,0.011906147003173828,219.0,0.1539548933506012,100.0,2.407196283340454,-0.003903421340510249,0.2464858740568161,0.0,0.9998354911804199
1308,,,,,,,,-3.321964740753174,6.666666740784422e-05,-0.0142304552718997,0.003988441079854965,0.4134221076965332,0.011760950088500977,225.0,0.1536049097776413,100.0,2.407196283340454,-0.003960867878049612,0.2710472643375397,0.0,0.9999060034751892
1309,,,,,,,,-3.3391101360321045,4.444444493856281e-05,-0.020008813589811325,0.0005827440763823688,0.4119417667388916,0.012638330459594727,226.0,0.15335030853748322,100.0,2.4064486026763916,-0.0042727068066596985,0.0,0.0,0.9999328255653381
1310,,,,,,,,-3.342937707901001,1.975308623514138e-05,-0.02047649584710598,0.009299369528889656,0.4575769901275635,0.011901140213012695,204.0,0.15340782701969147,100.0,2.4062716960906982,-0.003741229884326458,0.501401960849762,0.0,0.9999070167541504
1311,,,,,,,,-3.341355562210083,6.666666740784422e-05,-0.0076759448274970055,0.005879335105419159,0.42463016510009766,0.01200103759765625,219.0,0.15348593890666962,100.0,2.4069409370422363,-0.0035917230416089296,0.26696160435676575,0.0,0.9998219609260559
1312,,,,,,,,-3.341169595718384,6.666666740784422e-05,-0.015877101570367813,0.004182251635938883,0.4249589443206787,0.011941909790039062,219.0,0.15336152911186218,100.0,2.4069409370422363,-0.004011164885014296,0.23428098857402802,0.0,0.9999068379402161
1313,,,,,,,,-3.3433165550231934,4.444444493856281e-05,-0.019196290522813797,0.0005993496160954237,0.4019320011138916,0.012240171432495117,231.0,0.15335796773433685,100.0,2.406497001647949,-0.0036985359620302916,0.0,0.0,0.9999077916145325
1314,,,,,,,,-3.3403642177581787,2.9629629352712072e-05,-0.023144060745835304,0.015487318858504295,0.4446220397949219,0.012454986572265625,210.0,0.15341241657733917,100.0,2.406317949295044,-0.004245331976562738,0.5459578633308411,0.0,0.9999315738677979
1315,,,,,,,,-3.33919358253479,1.975308623514138e-05,-0.02677752822637558,0.005262637510895729,0.4346132278442383,0.012149810791015625,214.0,0.1533583402633667,100.0,2.406317949295044,-0.003923280630260706,0.2491334080696106,0.0,0.9997997283935547
1316,,,,,,,,-3.3441479206085205,0.0001500000071246177,-0.009884478524327278,0.0043233525939285755,0.421187162399292,0.012007951736450195,221.0,0.15312306582927704,100.0,2.4058992862701416,-0.004056860227137804,0.2508663833141327,0.0,0.9999020099639893
1317,,,,,,,,-3.35719895362854,1.975308623514138e-05,-0.02899549901485443,0.003283799160271883,0.40534520149230957,0.012665033340454102,229.0,0.1528947651386261,100.0,2.4058992862701416,-0.0033094778191298246,0.0,0.0,0.9999049305915833
1318,,,,,,,,-3.365781784057617,6.666666740784422e-05,-0.02156282775104046,0.005797170102596283,0.43990015983581543,0.012455940246582031,212.0,0.1526864618062973,100.0,2.4078218936920166,-0.0038034699391573668,0.22945958375930786,0.0,0.9999580383300781
1319,,,,,,,,-3.373093605041504,2.9629629352712072e-05,-0.040017999708652496,0.014641521498560905,0.4410550594329834,0.012432098388671875,211.0,0.15264961123466492,100.0,2.4077537059783936,-0.00421116640791297,0.5093894600868225,0.0,0.9998116493225098
1320,,,,,,,,-3.3693387508392334,4.444444493856281e-05,-0.015132778324186802,0.003133815713226795,0.4310598373413086,0.012239933013916016,216.0,0.15286774933338165,100.0,2.4074437618255615,-0.004008233081549406,0.0,0.0,0.9998798966407776
1321,,,,,,,,-3.353504180908203,9.999999747378752e-05,-0.02839708887040615,0.004035326186567545,0.40911221504211426,0.01221609115600586,227.0,0.15331704914569855,100.0,2.4074437618255615,-0.0035688262432813644,0.2637588679790497,0.0,0.9998903870582581
1322,,,,,,,,-3.3303003311157227,1.975308623514138e-05,-0.017201274633407593,0.002125592902302742,0.43512701988220215,0.012093067169189453,214.0,0.15355940163135529,100.0,2.4107649326324463,-0.00402990635484457,0.0,0.0,0.9999615550041199
1323,,,,,,,,-3.3204915523529053,6.666666740784422e-05,-0.016497742384672165,0.03526989370584488,0.4361579418182373,0.012077093124389648,214.0,0.15385986864566803,100.0,2.4103682041168213,-0.0039035407826304436,0.24188794195652008,0.0,0.9998180270195007
1324,,,,,,,,-3.3029685020446777,4.444444493856281e-05,-0.03084014356136322,0.06661169975996017,0.4251902103424072,0.012042999267578125,219.0,0.1541365683078766,100.0,2.4122321605682373,-0.004520276561379433,0.005805953871458769,0.0,0.9998967051506042
1325,,,,,,,,-3.297006130218506,9.999999747378752e-05,-0.012056387960910797,0.09319606423377991,0.4091310501098633,0.011707305908203125,228.0,0.1541203111410141,100.0,2.4122321605682373,-0.0037241659592837095,0.009500586427748203,0.0,0.9999107718467712
1326,,,,,,,,-3.29654598236084,1.975308623514138e-05,-0.021780746057629585,0.005053011700510979,0.436445951461792,0.012104988098144531,214.0,0.1540842354297638,100.0,2.40769362449646,-0.004181135445833206,0.0,0.0,0.999957263469696
1327,,,,,,,,-3.2977824211120605,0.00022499999613501132,-0.0035835951566696167,0.05275844782590866,0.441270112991333,0.011574983596801758,211.0,0.15403211116790771,100.0,2.402707576751709,-0.0040093292482197285,0.3318103849887848,0.0,0.9998355507850647
1328,,,,,,,,-3.297295331954956,2.9629629352712072e-05,-0.04262493550777435,0.030493199825286865,0.4327430725097656,0.012254953384399414,215.0,0.1540645807981491,100.0,2.402737855911255,-0.004464732948690653,0.022221190854907036,0.0,0.9998723864555359
1329,,,,,,,,-3.2999346256256104,4.444444493856281e-05,-0.015066562220454216,0.028635436668992043,0.4126250743865967,0.012304067611694336,225.0,0.1539420485496521,100.0,2.402737855911255,-0.004133112262934446,0.2403496950864792,0.0,0.9999017715454102
1330,,,,,,,,-3.2971839904785156,4.444444493856281e-05,-0.017673751339316368,0.003543804632499814,0.43487095832824707,0.012569904327392578,214.0,0.1543426513671875,100.0,2.3978915214538574,-0.004561780020594597,0.0,0.0,0.9999440312385559
1331,,,,,,,,-3.280761241912842,2.9629629352712072e-05,-0.026184741407632828,0.023238852620124817,0.438690185546875,0.012230873107910156,212.0,0.1546517163515091,100.0,2.3971264362335205,-0.0036729201674461365,0.1740405112504959,0.0,0.9998724460601807
1332,,,,,,,,-3.271029472351074,6.666666740784422e-05,-0.01140205841511488,0.04214043170213699,0.4282569885253906,0.011865854263305664,218.0,0.1548115760087967,100.0,2.396364450454712,-0.004144260659813881,0.013028332032263279,0.0,0.9998545050621033
1333,,,,,,,,-3.2673349380493164,4.444444493856281e-05,-0.028265248984098434,0.0422615148127079,0.4208028316497803,0.011860132217407227,221.0,0.15480837225914001,100.0,2.396364450454712,-0.0036176585126668215,0.009116427972912788,0.0,0.9999210238456726
1334,,,,,,,,-3.2719907760620117,0.00022499999613501132,-0.009753250516951084,0.004074078518897295,0.41375207901000977,0.012091875076293945,225.0,0.15458185970783234,100.0,2.3939738273620605,-0.00438096234574914,0.0,0.0,0.9999377131462097
1335,,,,,,,,-3.2790403366088867,2.9629629352712072e-05,-0.03925345465540886,0.0778200700879097,0.44800281524658203,0.011457204818725586,208.0,0.15465430915355682,100.0,2.3883328437805176,-0.004173618275672197,0.2945675551891327,0.0,0.9999053478240967
1336,,,,,,,,-3.2693428993225098,4.444444493856281e-05,-0.012486763298511505,0.05413247272372246,0.41822218894958496,0.011524677276611328,223.0,0.15499360859394073,100.0,2.383103847503662,-0.003379821078851819,0.25754979252815247,0.0,0.9998185038566589
1337,,,,,,,,-3.2539291381835938,2.9629629352712072e-05,-0.020940648391842842,0.0390034019947052,0.42762088775634766,0.012530803680419922,218.0,0.1551642268896103,100.0,2.383103847503662,-0.00431162491440773,0.2793533205986023,0.0,0.9998955726623535
1338,,,,,,,,-3.2493820190429688,2.9629629352712072e-05,-0.026680782437324524,0.00162895570974797,0.40248703956604004,0.0123291015625,231.0,0.15521685779094696,100.0,2.3779730796813965,-0.003995439037680626,0.0,0.0,0.9998906254768372
1339,,,,,,,,-3.247950792312622,2.9629629352712072e-05,-0.02982041984796524,0.02394392527639866,0.44359803199768066,0.01312398910522461,210.0,0.15528810024261475,100.0,2.3785250186920166,-0.004771701525896788,0.1250583678483963,0.0,0.9999244809150696
1340,,,,,,,,-3.2434170246124268,4.444444493856281e-05,-0.019807200878858566,0.0070876204408705235,0.4324800968170166,0.012298822402954102,215.0,0.15542738139629364,100.0,2.3785250186920166,-0.004110385198146105,0.14698366820812225,0.0,0.9998165965080261
1341,,,,,,,,-3.241572856903076,4.444444493856281e-05,-0.018658313900232315,0.03932201862335205,0.42432618141174316,0.011832714080810547,220.0,0.15531472861766815,100.0,2.378936767578125,-0.0038679863791912794,0.27427592873573303,0.0,0.999905526638031
1342,,,,,,,,-3.2476487159729004,0.00022499999613501132,-0.006547626107931137,0.0017069620080292225,0.41072893142700195,0.011961221694946289,227.0,0.15508238971233368,100.0,2.378936767578125,-0.0031430076342076063,0.0,0.0,0.9998971819877625
1343,,,,,,,,-3.2587130069732666,2.9629629352712072e-05,-0.04900805279612541,0.026249965652823448,0.4386758804321289,0.011931180953979492,213.0,0.15490050613880157,100.0,2.3797478675842285,-0.004679032135754824,0.012060648761689663,0.0,0.9999542236328125
1344,,,,,,,,-3.2573189735412598,6.666666740784422e-05,-0.019036829471588135,0.015817895531654358,0.43557000160217285,0.011950969696044922,214.0,0.15507690608501434,100.0,2.3808250427246094,-0.003750215284526348,0.2970494031906128,0.0,0.9998268485069275
1345,,,,,,,,-3.248361825942993,2.9629629352712072e-05,-0.01765337586402893,0.004120101220905781,0.4219992160797119,0.011458873748779297,221.0,0.1552966833114624,100.0,2.379828691482544,-0.004250654950737953,0.0,0.0,0.9998906254768372
1346,,,,,,,,-3.242004871368408,9.999999747378752e-05,-0.02213325724005699,0.025784755125641823,0.4057278633117676,0.012839078903198242,229.0,0.1553921103477478,100.0,2.379828691482544,-0.0032166566234081984,0.2574099004268646,0.0,0.9998964667320251
1347,,,,,,,,-3.2352309226989746,1.975308623514138e-05,-0.0190882571041584,0.0025658616796135902,0.43859076499938965,0.01258707046508789,212.0,0.15558376908302307,100.0,2.3714187145233154,-0.004159145522862673,0.0,0.0,0.9999677538871765
1348,,,,,,,,-3.2307446002960205,2.9629629352712072e-05,-0.021149341017007828,0.045305781066417694,0.4346277713775635,0.012092113494873047,214.0,0.15566538274288177,100.0,2.369843006134033,-0.004113711882382631,0.5051703453063965,0.0,0.9998044967651367
1349,,,,,,,,-3.2243599891662598,2.9629629352712072e-05,-0.01787821389734745,0.012696764431893826,0.4230208396911621,0.011484146118164062,220.0,0.1558224856853485,100.0,2.369171619415283,-0.003919208887964487,0.22538115084171295,0.0,0.9998738169670105
1350,,,,,,,,-3.2170393466949463,4.444444493856281e-05,-0.01656108722090721,0.05003245174884796,0.40427494049072266,0.011607885360717773,230.0,0.15594179928302765,100.0,2.369171619415283,-0.0035549604799598455,0.011520267464220524,0.0,0.9999115467071533
1351,,,,,,,,-3.2097105979919434,1.975308623514138e-05,-0.01897755265235901,0.0040657296776771545,0.428041934967041,0.011680126190185547,218.0,0.15601374208927155,100.0,2.369542121887207,-0.004249035846441984,0.0,0.0,0.9999589323997498
1352,,,,,,,,-3.2085154056549072,4.444444493856281e-05,-0.025789428502321243,0.030905261635780334,0.4362461566925049,0.012103080749511719,214.0,0.15597182512283325,100.0,2.368809700012207,-0.003996765706688166,0.10106351971626282,0.0,0.9998380541801453
1353,,,,,,,,-3.208860397338867,4.444444493856281e-05,-0.015838608145713806,0.003951097372919321,0.4282259941101074,0.01172494888305664,218.0,0.15599462389945984,100.0,2.367255687713623,-0.004390150774270296,0.09837180376052856,0.0,0.999862015247345
1354,,,,,,,,-3.205939531326294,9.999999747378752e-05,-0.013880845159292221,0.03866199404001236,0.401170015335083,0.011851072311401367,232.0,0.15604348480701447,100.0,2.367255687713623,-0.003662050934508443,0.2308618575334549,0.0,0.9999026656150818
1355,,,,,,,,-3.2119178771972656,4.444444493856281e-05,-0.0359780378639698,0.0022151004523038864,0.43099093437194824,0.011926889419555664,216.0,0.1556621789932251,100.0,2.3580715656280518,-0.004208523314446211,0.0,0.0,0.9999430179595947
1356,,,,,,,,-3.2265257835388184,1.975308623514138e-05,-0.021535689011216164,0.077287957072258,0.4427957534790039,0.011594057083129883,211.0,0.15548701584339142,100.0,2.354598045349121,-0.004185549449175596,0.11523685604333878,0.0,0.999878466129303
1357,,,,,,,,-3.2309858798980713,6.666666740784422e-05,-0.01620684377849102,0.04617207869887352,0.6286919116973877,0.047933340072631836,141.0,0.15546771883964539,100.0,2.3588626384735107,-0.0038193855434656143,0.005279941018670797,0.0,0.999854564666748
1358,,,,,,,,-3.2250685691833496,6.666666740784422e-05,-0.011556661687791348,0.013323224149644375,0.6969079971313477,0.02863001823425293,132.0,0.1557808816432953,100.0,2.3588626384735107,-0.003788982518017292,0.13365285098552704,0.0,0.9999144673347473
1359,,,,,,,,-3.208465337753296,1.316872385359602e-05,-0.02182539366185665,0.0031413803808391094,0.8009018898010254,0.014088153839111328,117.0,0.15603883564472198,100.0,2.3577003479003906,-0.004674175288528204,0.0,0.0,0.9999291300773621
1360,,,,,,,,-3.199864387512207,4.444444493856281e-05,-0.018924787640571594,0.09910507500171661,0.4779331684112549,0.011445999145507812,196.0,0.15622667968273163,100.0,2.352337121963501,-0.004640297964215279,0.23351435363292694,0.0,0.999915361404419
1361,,,,,,,,-3.1905605792999268,1.975308623514138e-05,-0.02817275933921337,0.03663964942097664,0.43004608154296875,0.012407779693603516,216.0,0.15638263523578644,100.0,2.3497660160064697,-0.0036472566425800323,0.020876562222838402,0.0,0.9998318552970886
1362,,,,,,,,-3.186190605163574,2.9629629352712072e-05,-0.02805987372994423,0.03696899488568306,0.42774081230163574,0.012368917465209961,218.0,0.15645967423915863,100.0,2.3497660160064697,-0.004079946782439947,0.016318319365382195,0.0,0.9999188780784607
1363,,,,,,,,-3.1829543113708496,1.316872385359602e-05,-0.02665209025144577,0.0035997633822262287,0.40836501121520996,0.01223301887512207,228.0,0.15653571486473083,100.0,2.345900774002075,-0.0042238361202180386,0.0,0.0,0.9999229311943054
1364,,,,,,,,-3.1828291416168213,0.0001500000071246177,-0.004081321880221367,0.0827147513628006,0.4483919143676758,0.012810945510864258,208.0,0.15640011429786682,100.0,2.3400676250457764,-0.004971434827893972,0.22840599715709686,0.0,0.9999329447746277
1365,,,,,,,,-3.2019834518432617,2.9629629352712072e-05,-0.024768846109509468,0.04672382026910782,0.4393341541290283,0.012705802917480469,212.0,0.15598787367343903,100.0,2.3400676250457764,-0.004244015086442232,0.1764003038406372,0.0,0.9998066425323486
1366,,,,,,,,-3.2150893211364746,6.666666740784422e-05,-0.00939320120960474,0.051032327115535736,0.4292640686035156,0.01175689697265625,217.0,0.1557690054178238,100.0,2.337118625640869,-0.003787883324548602,0.23632694780826569,0.0,0.9998915195465088
1367,,,,,,,,-3.229567766189575,4.444444493856281e-05,-0.02333027683198452,0.00293794646859169,0.41126394271850586,0.012099027633666992,226.0,0.15544523298740387,100.0,2.337118625640869,-0.0037368517369031906,0.0,0.0,0.9998819828033447
1368,,,,,,,,-3.242542028427124,2.9629629352712072e-05,-0.019876331090927124,0.01768450438976288,0.4445197582244873,0.012129068374633789,210.0,0.15526267886161804,100.0,2.3394758701324463,-0.0049826414324343204,0.0,0.0,0.9999518394470215
1369,,,,,,,,-3.246718406677246,4.444444493856281e-05,-0.020146477967500687,0.037956543266773224,0.4422011375427246,0.012018918991088867,211.0,0.15526992082595825,100.0,2.3424792289733887,-0.004032792989164591,0.23148135840892792,0.0,0.999804675579071
1370,,,,,,,,-3.241971492767334,1.975308623514138e-05,-0.025719961151480675,0.01566598378121853,0.42841124534606934,0.012761831283569336,217.0,0.15545059740543365,100.0,2.3419671058654785,-0.003764844499528408,0.00020528737513814121,0.0,0.9998986124992371
1371,,,,,,,,-3.2365715503692627,9.999999747378752e-05,-0.005445052869617939,0.04628610238432884,0.4211311340332031,0.012758016586303711,221.0,0.15545806288719177,100.0,2.3419671058654785,-0.003429856849834323,0.2540636956691742,0.0,0.9998579025268555
1372,,,,,,,,-3.2358272075653076,2.9629629352712072e-05,-0.03006802685558796,0.0027928631752729416,0.46682286262512207,0.012077093124389648,200.0,0.15547335147857666,100.0,2.3404507637023926,-0.00444048410281539,4.779908989834489e-24,0.0,0.9999446272850037
1373,,,,,,,,-3.2354698181152344,6.666666740784422e-05,-0.012866539880633354,0.05785723030567169,0.46646618843078613,0.0124359130859375,200.0,0.15538389980793,100.0,2.335508346557617,-0.0043720160610973835,0.5259180068969727,0.0,0.9997664093971252
1374,,,,,,,,-3.2401294708251953,4.444444493856281e-05,-0.005667669232934713,3.1867685317993164,0.42873382568359375,0.012838125228881836,217.0,0.15530629456043243,99.94999694824219,2.2840158939361572,-0.003916897810995579,0.24092644453048706,-2.6041667461395264,0.9998276829719543
1375,,,,,,,,-3.2405056953430176,1.975308623514138e-05,-0.004990695975720882,0.029691023752093315,0.4140448570251465,0.013437986373901367,224.0,0.15537361800670624,99.94999694824219,2.2840158939361572,-0.003255850402638316,5.7039873354369774e-05,0.0,0.9998822808265686
1376,,,,,,,,-3.2367286682128906,4.444444493856281e-05,-0.01378741767257452,1.5818063020706177,0.44233083724975586,0.012037277221679688,211.0,0.15546171367168427,99.87000274658203,2.237039089202881,-0.004593534395098686,1.3336933335494905e-08,-2.6041667461395264,0.9999459385871887
1377,,,,,,,,-3.233412742614746,2.9629629352712072e-05,-0.01832999661564827,0.04692516848444939,0.43706607818603516,0.012129068374633789,213.0,0.1554204821586609,99.87000274658203,2.237448215484619,-0.004366216715425253,0.00040501062176190317,0.0,0.999851405620575
1378,,,,,,,,-3.237346649169922,9.999999747378752e-05,-0.011311749927699566,0.044933561235666275,0.43314504623413086,0.012545108795166016,215.0,0.15526828169822693,99.87000274658203,2.232957124710083,-0.004049129784107208,0.0049109323881566525,0.0,0.9998844265937805
1379,,,,,,,,-3.2448792457580566,4.444444493856281e-05,-0.0051371511071920395,0.017544766888022423,0.41393089294433594,0.012238025665283203,225.0,0.15516281127929688,99.87000274658203,2.232957124710083,-0.003575008362531662,7.122164242900908e-05,0.0,0.9998960494995117
1380,,,,,,,,-3.2467758655548096,2.9629629352712072e-05,-0.017397506162524223,0.013030380010604858,0.46523499488830566,0.012809991836547852,200.0,0.15512189269065857,99.87000274658203,2.222928047180176,-0.004572500940412283,8.13354063211591e-07,0.0,0.999954879283905
1381,,,,,,,,-3.2451658248901367,4.444444493856281e-05,-0.01438870094716549,0.01852533407509327,0.44263386726379395,0.013242006301879883,210.0,0.15517976880073547,99.87000274658203,2.2181403636932373,-0.004191534593701363,0.00011225283378735185,0.0,0.9998635649681091
1382,,,,,,,,-3.2404935359954834,6.666666740784422e-05,-0.006000491324812174,0.012864099815487862,0.44138479232788086,0.012238264083862305,211.0,0.15521934628486633,99.87000274658203,2.2133407592773438,-0.0038688078057020903,0.00013550359290093184,0.0,0.9998650550842285
1383,,,,,,,,-3.2364723682403564,4.444444493856281e-05,-0.020682601258158684,0.020836859941482544,0.41065382957458496,0.011983156204223633,227.0,0.1553228199481964,99.87000274658203,2.2133407592773438,-0.004056169185787439,8.28525735414587e-05,0.0,0.999891459941864
1384,,,,,,,,-3.2327589988708496,4.444444493856281e-05,-0.014887586236000061,0.015457351692020893,0.4395010471343994,0.011688947677612305,212.0,0.1553986817598343,99.87000274658203,2.204909563064575,-0.004703247454017401,2.5916890081134625e-05,0.0,0.9999434947967529
1385,,,,,,,,-3.23152232170105,2.9629629352712072e-05,-0.00928562507033348,0.09309158474206924,0.45482587814331055,0.012028932571411133,205.0,0.1554110199213028,99.87000274658203,2.2019782066345215,-0.004245865158736706,0.2464233785867691,0.0,0.9998540282249451
1386,,,,,,,,-3.2339224815368652,2.9629629352712072e-05,-0.020697128027677536,0.015761567279696465,0.43381595611572266,0.012588977813720703,215.0,0.15529778599739075,99.87000274658203,2.198887586593628,-0.003939800430089235,0.00017140722775366157,0.0,0.9998610615730286
1387,,,,,,,,-3.239011287689209,1.975308623514138e-05,-0.015031903982162476,0.10767485201358795,0.4172399044036865,0.011617898941040039,223.0,0.1552274376153946,99.87000274658203,2.198887586593628,-0.0036978647112846375,0.2454102486371994,0.0,0.9998822212219238
1388,,,,,,,,-3.2404959201812744,1.975308623514138e-05,-0.020386500284075737,3.430567741394043,0.4248173236846924,0.011742830276489258,219.0,0.15525856614112854,99.83000183105469,2.149406671524048,-0.004051089286804199,1.1935623496495129e-11,-2.6041667461395264,0.9999117851257324
1389,,,,,,,,-3.239572048187256,6.666666740784422e-05,-0.013559040613472462,0.009888154454529285,0.44156599044799805,0.011974811553955078,211.0,0.15530195832252502,99.83000183105469,2.139026165008545,-0.004529490601271391,9.985407086787745e-05,0.0,0.9998902678489685
1390,,,,,,,,-3.2375662326812744,4.444444493856281e-05,-0.0236390121281147,0.08932113647460938,0.44366002082824707,0.01203608512878418,210.0,0.15536482632160187,99.83000183105469,2.13938570022583,-0.003952173516154289,0.23701810836791992,0.0,0.9998559951782227
1391,,,,,,,,-3.2310702800750732,4.444444493856281e-05,-0.015290993265807629,0.0068615274503827095,0.42870593070983887,0.01213693618774414,217.0,0.15553981065750122,99.83000183105469,2.13938570022583,-0.003952456638216972,4.0142922319574836e-10,0.0,0.999865710735321
1392,,,,,,,,-3.2203807830810547,1.316872385359602e-05,-0.02909141592681408,3.589662551879883,0.43005895614624023,0.012545108795166016,216.0,0.15569646656513214,99.45999908447266,2.076817274093628,-0.004125387407839298,0.00036233276478014886,-2.6041667461395264,0.9999186396598816
1393,,,,,,,,-3.214790105819702,6.666666740784422e-05,-0.01477472297847271,0.07715380191802979,0.43465423583984375,0.012086868286132812,214.0,0.15581534802913666,99.45999908447266,2.071763515472412,-0.004277182277292013,0.23564977943897247,0.0,0.9998412132263184
1394,,,,,,,,-3.209043502807617,2.9629629352712072e-05,-0.02197672240436077,0.011768050491809845,0.422774076461792,0.011960744857788086,220.0,0.15587688982486725,99.45999908447266,2.071763515472412,-0.003652062965556979,4.12313784181606e-05,0.0,0.999865710735321
1395,,,,,,,,-3.208054304122925,4.444444493856281e-05,-0.016198020428419113,0.05172457918524742,0.4214909076690674,0.012101173400878906,221.0,0.15585188567638397,99.45999908447266,2.0665626525878906,-0.0040180133655667305,0.2376449853181839,0.0,0.9999620318412781
1396,,,,,,,,-3.2124581336975098,1.975308623514138e-05,-0.026495132595300674,0.0020478153601288795,0.4276762008666992,0.011934995651245117,218.0,0.1557551473379135,99.45999908447266,2.065378189086914,-0.004155078437179327,1.0641306256574824e-14,0.0,0.9998870491981506
1397,,,,,,,,-3.216900110244751,6.666666740784422e-05,-0.013493889942765236,0.060284387320280075,0.43602585792541504,0.012147188186645508,214.0,0.1556960940361023,99.45999908447266,2.0603795051574707,-0.0038645619060844183,0.21215735375881195,0.0,0.9998824000358582
1398,,,,,,,,-3.218534231185913,2.9629629352712072e-05,-0.02752292901277542,0.016665861010551453,0.4415149688720703,0.012604236602783203,211.0,0.15565302968025208,99.45999908447266,2.0603795051574707,-0.0032697003334760666,0.00024529083748348057,0.0,0.9998319745063782
1399,,,,,,,,-3.2169888019561768,2.9629629352712072e-05,-0.011039621196687222,0.005465783644467592,0.428753137588501,0.012650012969970703,217.0,0.1557697355747223,99.45999908447266,2.060534715652466,-0.004124458879232407,4.917157525596849e-07,0.0,0.9999683499336243
1400,,,,,,,,-3.2059245109558105,6.666666740784422e-05,-0.023856302723288536,0.006547773256897926,0.409146785736084,0.011526346206665039,228.0,0.1561458259820938,99.45999908447266,2.0538532733917236,-0.005666779819875956,0.0002464590361341834,0.0,0.9999135136604309
1401,,,,,,,,-3.1894631385803223,2.9629629352712072e-05,-0.01076029147952795,0.06847044825553894,0.4467630386352539,0.012348175048828125,209.0,0.15635912120342255,99.45999908447266,2.0514326095581055,-0.004072783049196005,0.2352123260498047,0.0,0.9999141097068787
1402,,,,,,,,-3.183784246444702,4.444444493856281e-05,-0.024549385532736778,0.04919276759028435,0.4312479496002197,0.015217065811157227,215.0,0.15641282498836517,99.45999908447266,2.0514326095581055,-0.003621171461418271,0.23079772293567657,0.0,0.999767005443573
1403,,,,,,,,-3.184725522994995,2.9629629352712072e-05,-0.020446136593818665,0.0022366007324308157,0.45438528060913086,0.011726856231689453,205.0,0.15637272596359253,99.45999908447266,2.0472593307495117,-0.004479734692722559,1.6704218777782779e-21,0.0,0.9999439120292664
1404,,,,,,,,-3.1884896755218506,6.666666740784422e-05,-0.013749305158853531,0.016822466626763344,0.4269530773162842,0.012146949768066406,218.0,0.15629909932613373,99.45999908447266,2.0472593307495117,-0.0036557249259203672,0.00014713841665070504,0.0,0.9999092221260071
1405,,,,,,,,-3.200078010559082,2.9629629352712072e-05,-0.02656629867851734,0.0554678738117218,0.4679689407348633,0.012943029403686523,199.0,0.15596497058868408,99.45999908447266,2.0423965454101562,-0.005288132932037115,0.22587333619594574,0.0,0.9999335408210754
1406,,,,,,,,-3.2147769927978516,6.666666740784422e-05,-0.018793286755681038,0.02000756934285164,0.443479061126709,0.012017011642456055,210.0,0.15566256642341614,99.45999908447266,2.0423965454101562,-0.004485041368752718,0.00017542408022563905,0.0,0.9997856616973877
1407,,,,,,,,-3.2221102714538574,1.316872385359602e-05,-0.024382395669817924,0.008730479516088963,0.4424562454223633,0.013011932373046875,210.0,0.15567761659622192,99.45999908447266,2.0373075008392334,-0.003806912573054433,0.00018118972366210073,0.0,0.9999381899833679
1408,,,,,,,,-3.2183632850646973,4.444444493856281e-05,-0.016334179788827896,0.017094507813453674,0.45616912841796875,0.012389898300170898,204.0,0.15584775805473328,99.45999908447266,2.0373075008392334,-0.004189520142972469,0.00023420604702550918,0.0,0.9999158978462219
1409,,,,,,,,-3.2075870037078857,2.9629629352712072e-05,-0.029488230124115944,0.004188648425042629,0.44094109535217285,0.012022972106933594,211.0,0.15616199374198914,99.45999908447266,2.0306692123413086,-0.0046882424503564835,3.6995614209445193e-05,0.0,0.9999414086341858
1410,,,,,,,,-3.194425344467163,1.975308623514138e-05,-0.014891276136040688,0.056418005377054214,0.4520258903503418,0.012473106384277344,206.0,0.1563975065946579,99.45999908447266,2.0306692123413086,-0.0034716480877250433,0.22047065198421478,0.0,0.9997848868370056
1411,,,,,,,,-3.1842496395111084,4.444444493856281e-05,-0.021677352488040924,0.00798745732754469,0.45168614387512207,0.013195037841796875,206.0,0.15665079653263092,99.45999908447266,2.025843381881714,-0.003927944228053093,0.000194370120880194,0.0,0.9999129772186279
1412,,,,,,,,-3.1765003204345703,0.00022499999613501132,-0.0072280047461390495,0.011648963205516338,0.42905592918395996,0.012627124786376953,217.0,0.1565539687871933,99.45999908447266,2.025843381881714,-0.0038405414670705795,7.773615084971652e-11,0.0,0.999934196472168
1413,,,,,,,,-3.19195818901062,1.975308623514138e-05,-0.018915513530373573,0.005227067973464727,0.4440591335296631,0.012677907943725586,210.0,0.156340092420578,99.45999908447266,2.020622968673706,-0.004456149879842997,0.00022437026200350374,0.0,0.9999377131462097
1414,,,,,,,,-3.196096658706665,4.444444493856281e-05,-0.009546319022774696,0.1176261380314827,0.45281100273132324,0.013532876968383789,205.0,0.15640133619308472,99.45999908447266,2.015899419784546,-0.004243778996169567,0.4352540969848633,0.0,0.9997782111167908
1415,,,,,,,,-3.1975815296173096,2.9629629352712072e-05,-0.018405377864837646,0.006989599671214819,0.43387413024902344,0.01227712631225586,215.0,0.15632298588752747,99.45999908447266,2.0106887817382812,-0.004388497676700354,0.00010469986591488123,0.0,0.9998826384544373
1416,,,,,,,,-3.2039599418640137,6.666666740784422e-05,-0.01359178964048624,0.06455452740192413,0.4250528812408447,0.016794919967651367,217.0,0.1561373472213745,99.45999908447266,2.0106887817382812,-0.0038073959294706583,0.24676935374736786,0.0,0.9999503493309021
1417,,,,,,,,-3.2124128341674805,1.975308623514138e-05,-0.02751794457435608,0.0015361288096755743,0.5526540279388428,0.012326955795288086,169.0,0.15600574016571045,99.45999908447266,2.009401321411133,-0.004575875122100115,0.0,0.0,0.999902069568634
1418,,,,,,,,-3.215846300125122,2.9629629352712072e-05,-0.014359213411808014,0.07314374297857285,0.5674643516540527,0.016859769821166992,164.0,0.15599532425403595,99.45999908447266,2.0042648315429688,-0.004355607088655233,0.2301507592201233,0.0,0.9998486638069153
1419,,,,,,,,-3.2153332233428955,2.9629629352712072e-05,-0.011049861088395119,0.020857708528637886,0.4733130931854248,0.013106822967529297,197.0,0.15601997077465057,99.45999908447266,2.0042648315429688,-0.0037185156252235174,0.20662957429885864,0.0,0.9998285174369812
1420,,,,,,,,-3.216421127319336,4.444444493856281e-05,-0.010303523391485214,0.045286305248737335,0.43154382705688477,0.011227130889892578,216.0,0.1558510810136795,99.45999908447266,2.004511594772339,-0.004788771737366915,0.23160678148269653,0.0,0.9999614357948303
1421,,,,,,,,-3.227742910385132,1.975308623514138e-05,-0.018001433461904526,0.0016396899009123445,0.4725759029388428,0.012288093566894531,197.0,0.15555736422538757,99.45999908447266,1.9984229803085327,-0.00525453919544816,8.297396217937569e-21,0.0,0.9998812079429626
1422,,,,,,,,-3.2367496490478516,6.666666740784422e-05,-0.011049236170947552,0.04848971217870712,0.6688878536224365,0.01448202133178711,140.0,0.15542805194854736,99.45999908447266,1.997592806816101,-0.004468895029276609,4.969004658050835e-05,0.0,0.9998893141746521
1423,,,,,,,,-3.243903636932373,9.999999747378752e-05,-0.022516170516610146,0.034295160323381424,0.4881858825683594,0.012639045715332031,191.0,0.15517780184745789,99.45999908447266,1.997592806816101,-0.003512222319841385,0.0005618639406748116,0.0,0.9998396039009094
1424,,,,,,,,-3.255801200866699,2.9629629352712072e-05,-0.013537480495870113,0.0041395858861505985,0.4702579975128174,0.013229131698608398,198.0,0.15506474673748016,99.45999908447266,1.9972095489501953,-0.004238944035023451,5.607459456768993e-07,0.0,0.999965250492096
1425,,,,,,,,-3.2569398880004883,4.444444493856281e-05,-0.018163878470659256,0.029775675386190414,0.42082810401916504,0.011506080627441406,222.0,0.15512380003929138,99.45999908447266,1.9878618717193604,-0.004482930526137352,0.25873664021492004,0.0,0.9998844265937805
1426,,,,,,,,-3.254518747329712,4.444444493856281e-05,-0.03284860774874687,0.03154313564300537,0.4443337917327881,0.011651039123535156,210.0,0.15520250797271729,99.45999908447266,1.983015775680542,-0.0040147267282009125,0.0,0.0,0.9999050498008728
1427,,,,,,,,-3.253915786743164,4.444444493856281e-05,-0.009159673005342484,0.07267522811889648,0.4297211170196533,0.012454748153686523,217.0,0.15522098541259766,99.45999908447266,1.983015775680542,-0.0035353137645870447,0.22168566286563873,0.0,0.9997997283935547
1428,,,,,,,,-3.2559125423431396,2.9629629352712072e-05,-0.01813775673508644,0.0016133921453729272,0.43427324295043945,0.01128077507019043,215.0,0.15515781939029694,99.45999908447266,1.9829188585281372,-0.004090860020369291,2.7416538483926445e-10,0.0,0.9999427795410156
1429,,,,,,,,-3.260605573654175,6.666666740784422e-05,-0.022424785420298576,0.008723714388906956,0.4285557270050049,0.014281272888183594,216.0,0.1551750749349594,99.45999908447266,1.9829188585281372,-0.0038354936987161636,0.03446468338370323,0.0,0.9999056458473206
1430,,,,,,,,-3.258449077606201,2.9629629352712072e-05,-0.028391879051923752,0.06725889444351196,0.4570648670196533,0.011976003646850586,204.0,0.15520498156547546,99.45999908447266,1.9824204444885254,-0.004951841663569212,0.220886692404747,0.0,0.999933660030365
1431,,,,,,,,-3.2624857425689697,2.9629629352712072e-05,-0.02265740931034088,0.02170616388320923,0.41933536529541016,0.012420892715454102,222.0,0.1550823152065277,99.45999908447266,1.9824204444885254,-0.003998167812824249,0.00023989146575331688,0.0,0.9997901916503906
1432,,,,,,,,-3.267824411392212,2.9629629352712072e-05,-0.023308290168642998,0.010696710087358952,0.44114184379577637,0.011614322662353516,212.0,0.15509916841983795,99.45999908447266,1.9829025268554688,-0.00385278626345098,0.00011957756214542314,0.0,0.999939501285553
1433,,,,,,,,-3.2701783180236816,4.444444493856281e-05,-0.014923944137990475,4.083379745483398,0.4685811996459961,0.014758825302124023,198.0,0.15493369102478027,99.30000305175781,1.928584337234497,-0.004304358270019293,0.0001688697375357151,-2.6041667461395264,0.9999265670776367
1434,,,,,,,,-3.2810006141662598,4.444444493856281e-05,-0.016621001064777374,0.0210250336676836,0.4399585723876953,0.01143336296081543,212.0,0.1547621786594391,99.30000305175781,1.9271622896194458,-0.004470342304557562,0.00018678295600693673,0.0,0.9998932480812073
1435,,,,,,,,-3.2917373180389404,0.0001500000071246177,-0.005174861289560795,0.07241681963205338,0.4337902069091797,0.011316061019897461,215.0,0.15438339114189148,99.30000305175781,1.9271622896194458,-0.0038129452150315046,0.22472047805786133,0.0,0.9998536109924316
1436,,,,,,,,-3.316946506500244,1.316872385359602e-05,-0.017829056829214096,0.0031711796764284372,0.42266392707824707,0.011346101760864258,221.0,0.15403808653354645,99.30000305175781,1.9225679636001587,-0.003934779670089483,1.4482925492567689e-12,0.0,0.9999019503593445
1437,,,,,,,,-3.3242812156677246,4.444444493856281e-05,-0.016722220927476883,3.469175338745117,0.43673229217529297,0.011304855346679688,214.0,0.15398389101028442,98.91999816894531,1.8658579587936401,-0.0039029119070619345,8.139392604036437e-21,-2.6041667461395264,0.9999420642852783
1438,,,,,,,,-3.3269221782684326,1.316872385359602e-05,-0.004688467364758253,0.038137633353471756,0.4291260242462158,0.011610984802246094,217.0,0.15400831401348114,98.91999816894531,1.865705132484436,-0.004030753392726183,0.00925610214471817,0.0,0.9998384118080139
1439,,,,,,,,-3.3265247344970703,2.9629629352712072e-05,-0.02420429326593876,0.01662324368953705,0.409149169921875,0.010935783386230469,228.0,0.15406957268714905,98.91999816894531,1.865705132484436,-0.00366446771658957,5.498824975802563e-05,0.0,0.999861478805542
1440,,,,,,,,-3.324812889099121,4.444444493856281e-05,-0.008384102955460548,0.005825788248330355,0.39927196502685547,0.011994123458862305,233.0,0.15414193272590637,98.91999816894531,1.8655388355255127,-0.003994522616267204,4.1606287481954496e-07,0.0,0.9999708533287048
1441,,,,,,,,-3.326416254043579,9.999999747378752e-05,-0.006866758223623037,0.007781096734106541,0.4832320213317871,0.011188030242919922,194.0,0.1540292501449585,98.91999816894531,1.8600616455078125,-0.004691653419286013,9.866974316589949e-14,0.0,0.9999600052833557
1442,,,,,,,,-3.3350374698638916,2.9629629352712072e-05,-0.03564371541142464,0.0877385064959526,0.5042870044708252,0.011326074600219727,186.0,0.15396788716316223,98.91999816894531,1.8551257848739624,-0.00443629827350378,0.2750849723815918,0.0,0.9998257756233215
1443,,,,,,,,-3.3354125022888184,2.9629629352712072e-05,-0.023163001984357834,0.012916910462081432,0.4128439426422119,0.011002779006958008,226.0,0.1540013700723648,98.91999816894531,1.8551257848739624,-0.003939101006835699,0.00027866195887327194,0.0,0.9998297095298767
1444,,,,,,,,-3.33282208442688,2.9629629352712072e-05,-0.019526654854416847,0.006543254945427179,0.3951880931854248,0.011166810989379883,236.0,0.1540546715259552,98.91999816894531,1.8551257848739624,-0.003321070922538638,1.2498046999098733e-05,0.0,0.9999589920043945
1445,,,,,,,,-3.3288581371307373,4.444444493856281e-05,-0.019096195697784424,4.184796333312988,0.4239950180053711,0.011014938354492188,220.0,0.15420667827129364,97.87000274658203,1.731722354888916,-0.004398193210363388,6.494015936976683e-13,-5.208333492279053,0.9999698996543884
1446,,,,,,,,-3.3227977752685547,2.9629629352712072e-05,-0.020933659747242928,0.015180095098912716,0.43578410148620605,0.012482881546020508,214.0,0.1542881280183792,97.87000274658203,1.7236294746398926,-0.004700853489339352,0.0002540510904509574,0.0,0.9998515248298645
1447,,,,,,,,-3.321000576019287,2.9629629352712072e-05,-0.01251092180609703,0.011318515986204147,0.45699596405029297,0.012247085571289062,204.0,0.15434129536151886,97.87000274658203,1.7236294746398926,-0.0038270007353276014,0.00013372043031267822,0.0,0.9998461604118347
1448,,,,,,,,-3.318161964416504,2.9629629352712072e-05,-0.016683343797922134,0.0075270370580255985,0.3924098014831543,0.011293888092041016,237.0,0.1543918251991272,97.87000274658203,1.7236294746398926,-0.003132409416139126,0.00010865961667150259,0.0,0.9999437928199768
1449,,,,,,,,-3.3155789375305176,1.316872385359602e-05,-0.01930711790919304,0.0011150646023452282,0.45796871185302734,0.013359308242797852,203.0,0.1544283628463745,97.87000274658203,1.7216318845748901,-0.00444519380107522,7.58156384894626e-12,0.0,0.9999761581420898
1450,,,,,,,,-3.3147809505462646,0.0001500000071246177,-0.009928648360073566,0.004836744628846645,0.43473315238952637,0.011580705642700195,215.0,0.15442350506782532,97.87000274658203,1.7127612829208374,-0.004932323470711708,0.00016131433949340135,0.0,0.9998719692230225
1451,,,,,,,,-3.3203952312469482,1.975308623514138e-05,-0.007408826146274805,0.03767315670847893,0.4625520706176758,0.01640009880065918,200.0,0.15428347885608673,97.87000274658203,1.7127612829208374,-0.003987513016909361,0.2196725457906723,0.0,0.9998192191123962
1452,,,,,,,,-3.3238329887390137,0.0001500000071246177,-0.0063280509784817696,3.943793535232544,0.41964006423950195,0.012501001358032227,222.0,0.15430410206317902,97.51000213623047,1.6552364826202393,-0.004262551199644804,0.0001251278881682083,-2.6041667461395264,0.9999282956123352
1453,,,,,,,,-3.324248790740967,2.9629629352712072e-05,-0.02767609991133213,0.08439231663942337,0.44453001022338867,0.019699811935424805,206.0,0.15429913997650146,97.51000213623047,1.6457548141479492,-0.004830250982195139,0.26403361558914185,0.0,0.9999533295631409
1454,,,,,,,,-3.3305609226226807,2.9629629352712072e-05,-0.028951359912753105,0.08651036769151688,0.6469039916992188,0.012365102767944336,145.0,0.15415573120117188,97.51000213623047,1.6457548141479492,-0.003947597462683916,0.4739164113998413,0.0,0.9997884631156921
1455,,,,,,,,-3.336587905883789,1.975308623514138e-05,-0.026893669739365578,0.005985813215374947,0.48502182960510254,0.02418804168701172,188.0,0.1540466547012329,97.51000213623047,1.6455199718475342,-0.003967458847910166,0.0,0.0,0.999873161315918
1456,,,,,,,,-3.339989423751831,6.666666740784422e-05,-0.0068945856764912605,0.004335856065154076,0.43137598037719727,0.01119089126586914,216.0,0.1539340317249298,97.51000213623047,1.6455199718475342,-0.0029521321412175894,0.00012708711437880993,0.0,0.9999296069145203
1457,,,,,,,,-3.3424861431121826,2.9629629352712072e-05,-0.023784922435879707,0.043157488107681274,0.44370079040527344,0.013462066650390625,209.0,0.15395291149616241,97.51000213623047,1.6531023979187012,-0.0042963153682649136,0.25179117918014526,0.0,0.9999670386314392
1458,,,,,,,,-3.342987298965454,4.444444493856281e-05,-0.01027568057179451,0.011694381944835186,0.4511129856109619,0.011656999588012695,207.0,0.1538810431957245,97.51000213623047,1.6558772325515747,-0.004338833969086409,8.304195944219828e-05,0.0,0.9998347163200378
1459,,,,,,,,-3.3418772220611572,2.9629629352712072e-05,-0.01993807964026928,0.004828937351703644,0.4123871326446533,0.011263132095336914,226.0,0.15397796034812927,97.51000213623047,1.6514469385147095,-0.003690096316859126,0.00011645352788036689,0.0,0.9998968243598938
1460,,,,,,,,-3.336965560913086,1.975308623514138e-05,-0.020011423155665398,0.015961432829499245,0.41028404235839844,0.01136922836303711,227.0,0.15402014553546906,97.51000213623047,1.6514469385147095,-0.0033481770660728216,0.23528723418712616,0.0,0.9998884201049805
1461,,,,,,,,-3.337263822555542,4.444444493856281e-05,-0.015575455501675606,0.0013780704466626048,0.420792818069458,0.01194000244140625,221.0,0.15401199460029602,97.51000213623047,1.654086709022522,-0.0047367471270263195,6.18407025291185e-41,0.0,0.9999755024909973
1462,,,,,,,,-3.3372228145599365,4.444444493856281e-05,-0.01379034947603941,0.007788850925862789,0.4202280044555664,0.011525154113769531,222.0,0.15407054126262665,97.51000213623047,1.6539806127548218,-0.004247092176228762,4.9746256991056725e-05,0.0,0.9998818039894104
1463,,,,,,,,-3.337441921234131,1.975308623514138e-05,-0.019101226702332497,0.006493498105555773,0.42607998847961426,0.04030299186706543,205.0,0.15396001935005188,97.51000213623047,1.6559373140335083,-0.0037131812423467636,0.022379735484719276,0.0,0.9998712539672852
1464,,,,,,,,-3.3400931358337402,6.666666740784422e-05,-0.017856137827038765,0.005383543204516172,0.72222900390625,0.016276121139526367,129.0,0.15393725037574768,97.51000213623047,1.6559373140335083,-0.003559733973816037,6.278098589973524e-05,0.0,0.9999260902404785
1465,,,,,,,,-3.3461990356445312,2.9629629352712072e-05,-0.014025811105966568,0.004286103416234255,0.45087575912475586,0.012246131896972656,207.0,0.15370014309883118,97.51000213623047,1.6514723300933838,-0.004387380089610815,3.0757917102164356e-07,0.0,0.9999787211418152
1466,,,,,,,,-3.3597941398620605,1.975308623514138e-05,-0.016197960823774338,0.042167000472545624,0.5577449798583984,0.013128995895385742,168.0,0.1535138487815857,97.51000213623047,1.6514984369277954,-0.003858289448544383,0.2503223717212677,0.0,0.9998762011528015
1467,,,,,,,,-3.3685836791992188,6.666666740784422e-05,-0.016569573432207108,0.03205493837594986,0.4214291572570801,0.011220932006835938,221.0,0.15341703593730927,97.51000213623047,1.6511914730072021,-0.004080615006387234,0.21448709070682526,0.0,0.9998348355293274
1468,,,,,,,,-3.371055841445923,2.9629629352712072e-05,-0.021361058577895164,0.008955282159149647,0.3942272663116455,0.011472940444946289,236.0,0.15349642932415009,97.51000213623047,1.6511914730072021,-0.003970697987824678,5.625631820294075e-05,0.0,0.999912679195404
1469,,,,,,,,-3.367015838623047,0.00022499999613501132,-0.008197860792279243,0.004094228148460388,0.4026627540588379,0.01103520393371582,232.0,0.153617262840271,97.51000213623047,1.655340552330017,-0.003723262809216976,1.2547970982268453e-05,0.0,0.999969482421875
1470,,,,,,,,-3.368156671524048,9.999999747378752e-05,-0.011846757493913174,0.048182033002376556,0.4380369186401367,0.013708114624023438,212.0,0.1533995121717453,97.51000213623047,1.6523531675338745,-0.004408953245729208,0.22818885743618011,0.0,0.9999220371246338
1471,,,,,,,,-3.379647731781006,1.975308623514138e-05,-0.009227687492966652,0.012005094438791275,0.7230188846588135,0.014919281005859375,130.0,0.15323412418365479,97.51000213623047,1.6478217840194702,-0.004133269656449556,9.214132296619937e-05,0.0,0.9998306632041931
1472,,,,,,,,-3.38152813911438,6.666666740784422e-05,-0.012234944850206375,0.010931233875453472,0.5763678550720215,0.027096033096313477,159.0,0.15328355133533478,97.51000213623047,1.6478217840194702,-0.003270445391535759,3.596768146962859e-05,0.0,0.9999319911003113
1473,,,,,,,,-3.373944044113159,1.975308623514138e-05,-0.021522633731365204,0.003816010197624564,1.040196180343628,0.03914284706115723,88.0,0.15344351530075073,97.51000213623047,1.647826910018921,-0.003973678220063448,0.0001881700154626742,0.0,0.9999603629112244
1474,,,,,,,,-3.3667283058166504,2.9629629352712072e-05,-0.01894199661910534,0.00880434364080429,0.9839160442352295,0.08203911781311035,90.0,0.15355850756168365,97.51000213623047,1.6477640867233276,-0.004534767474979162,0.014214269816875458,0.0,0.9999446868896484
1475,,,,,,,,-3.3604483604431152,9.999999747378752e-05,-0.014771705493330956,0.05011598765850067,0.73435378074646,0.018668174743652344,127.0,0.15374897420406342,97.55999755859375,1.693885087966919,-0.004739533178508282,0.25172996520996094,0.0,0.9998356699943542
1476,,,,,,,,-3.355762004852295,2.9629629352712072e-05,-0.012801343575119972,0.03633282706141472,0.9089317321777344,0.05569815635681152,99.0,0.1537902057170868,97.55999755859375,1.693885087966919,-0.0033678903710097075,0.23686355352401733,0.0,0.999893844127655
1477,,,,,,,,-3.357929229736328,1.316872385359602e-05,-0.01958802528679371,0.0005643769400194287,0.46871209144592285,0.011436939239501953,199.0,0.15375874936580658,97.63999938964844,1.7406065464019775,-0.003892530919983983,0.0,0.0,0.9999268651008606
1478,,,,,,,,-3.3610177040100098,4.444444493856281e-05,-0.025158431380987167,0.026789186522364616,0.509110689163208,0.012493133544921875,184.0,0.1536732167005539,97.63999938964844,1.7358707189559937,-0.004032679367810488,0.2090623378753662,0.0,0.999961793422699
1479,,,,,,,,-3.3688714504241943,2.9629629352712072e-05,0.00041772908298298717,0.05001099407672882,0.46456193923950195,0.011991024017333984,201.0,0.153541699051857,97.63999938964844,1.7358707189559937,-0.004039864055812359,0.48727357387542725,0.0,0.9997994899749756
1480,,,,,,,,-3.3741517066955566,1.975308623514138e-05,-0.03515847027301788,0.0141759617254138,0.8618459701538086,0.031445980072021484,107.0,0.1534760743379593,97.63999938964844,1.7404167652130127,-0.0038291935343295336,0.0,0.0,0.9998841285705566
1481,,,,,,,,-3.37844181060791,1.975308623514138e-05,-0.017644042149186134,0.006023481488227844,0.6132278442382812,0.014436006546020508,152.0,0.1534060686826706,97.63999938964844,1.7404167652130127,-0.00338187743909657,2.9337083105929196e-05,0.0,0.9999368786811829
1482,,,,,,,,-3.3756520748138428,2.9629629352712072e-05,-0.01953568123281002,0.010472949594259262,0.9484930038452148,0.015127182006835938,99.0,0.15365682542324066,97.63999938964844,1.7490692138671875,-0.0050128246657550335,7.616665111120913e-12,0.0,0.9999728798866272
1483,,,,,,,,-3.3622093200683594,4.444444493856281e-05,-0.021570362150669098,0.02496149390935898,0.49997591972351074,0.014777183532714844,186.0,0.15386956930160522,97.63999938964844,1.753685712814331,-0.004289566073566675,0.00023504214186687022,0.0,0.9998705983161926
1484,,,,,,,,-3.35495924949646,1.316872385359602e-05,-0.012757723219692707,0.008130963891744614,0.476848840713501,0.011951208114624023,196.0,0.1539536863565445,97.63999938964844,1.75369393825531,-0.004221510142087936,0.00014579879643861204,0.0,0.9999075531959534
1485,,,,,,,,-3.3515732288360596,4.444444493856281e-05,-0.018017716705799103,0.007637547329068184,0.4186360836029053,0.011948108673095703,222.0,0.15401475131511688,97.63999938964844,1.75369393825531,-0.0037705525755882263,0.00016183307161554694,0.0,0.9999290108680725
1486,,,,,,,,-3.3505654335021973,1.975308623514138e-05,-0.028596190735697746,0.0012123617343604565,0.48511290550231934,0.01856708526611328,190.0,0.15398137271404266,97.63999938964844,1.7536911964416504,-0.004202395211905241,6.76147537959082e-09,0.0,0.999978244304657
1487,,,,,,,,-3.3518970012664795,6.666666740784422e-05,-0.018575217574834824,0.04458939656615257,0.5072760581970215,0.01291799545288086,184.0,0.1540105640888214,97.63999938964844,1.7537035942077637,-0.004397647455334663,0.25343987345695496,0.0,0.9998704791069031
1488,,,,,,,,-3.349867582321167,2.9629629352712072e-05,-0.02497517317533493,0.014623340219259262,0.8426339626312256,0.02788090705871582,110.0,0.15412743389606476,97.63999938964844,1.7536931037902832,-0.004179380368441343,0.21903198957443237,0.0,0.9998317360877991
1489,,,,,,,,-3.347081422805786,9.999999747378752e-05,-0.0018277742201462388,0.014790881425142288,0.5532112121582031,0.01425313949584961,169.0,0.15420980751514435,97.63999938964844,1.7536931037902832,-0.0038899339269846678,0.21164526045322418,0.0,0.9998944401741028
1490,,,,,,,,-3.3499808311462402,2.9629629352712072e-05,-0.010851981118321419,0.0022726552560925484,0.4630730152130127,0.011949777603149414,202.0,0.15408647060394287,97.68000030517578,1.8046166896820068,-0.004103618208318949,3.9813842703118123e-22,0.0,0.999973475933075
1491,,,,,,,,-3.356125593185425,6.666666740784422e-05,-0.019665060564875603,0.03642406687140465,0.6604862213134766,0.022738933563232422,140.0,0.15398095548152924,97.68000030517578,1.8088338375091553,-0.004468665923923254,9.407963807461783e-05,0.0,0.9999000430107117
1492,,,,,,,,-3.3537397384643555,2.9629629352712072e-05,-0.023159323260188103,0.01975342258810997,0.5284829139709473,0.012423276901245117,177.0,0.15415716171264648,97.68000030517578,1.8081750869750977,-0.004327937960624695,9.42007391131483e-05,0.0,0.9998701214790344
1493,,,,,,,,-3.3481900691986084,4.444444493856281e-05,-0.012913761660456657,0.01633424311876297,0.4334840774536133,0.013647079467773438,214.0,0.1541452407836914,97.68000030517578,1.8081750869750977,-0.0035095373168587685,0.00024927363847382367,0.0,0.9999167323112488
1494,,,,,,,,-3.3485400676727295,2.9629629352712072e-05,-0.014096739701926708,0.0034613199532032013,0.4240381717681885,0.011224746704101562,220.0,0.15423814952373505,98.05000305175781,1.8609929084777832,-0.004332674667239189,1.9559158317861147e-05,0.0,0.9999668598175049
1495,,,,,,,,-3.346371650695801,4.444444493856281e-05,-0.0145938815549016,0.04610838741064072,0.43402886390686035,0.011378049850463867,215.0,0.15429739654064178,98.05000305175781,1.860999584197998,-0.004355046432465315,0.2295330911874771,0.0,0.9999200701713562
1496,,,,,,,,-3.3459084033966064,4.444444493856281e-05,-0.02507360279560089,0.029451822862029076,0.4245290756225586,0.01133584976196289,220.0,0.15433484315872192,98.05000305175781,1.8609974384307861,-0.004781159106642008,0.22167180478572845,0.0,0.9998005032539368
1497,,,,,,,,-3.3451521396636963,6.666666740784422e-05,-0.020009947940707207,0.020588988438248634,0.3977968692779541,0.011409759521484375,234.0,0.1542990505695343,98.05000305175781,1.8609974384307861,-0.0040336609818041325,0.20198069512844086,0.0,0.9998975396156311
1498,,,,,,,,-3.3467915058135986,1.975308623514138e-05,-0.026131369173526764,4.388922214508057,0.4104609489440918,0.012120246887207031,227.0,0.15420080721378326,97.94000244140625,1.8086631298065186,-0.004247501026839018,3.1087742845942615e-19,-2.6041667461395264,0.9999381899833679
1499,,,,,,,,-3.3476758003234863,4.444444493856281e-05,-0.01970050483942032,0.04774336516857147,0.4291870594024658,0.012140035629272461,217.0,0.15424659848213196,97.94000244140625,1.8129104375839233,-0.003786749206483364,0.49379146099090576,0.0,0.9998993277549744
1500,,,,,,,,-3.342344045639038,2.9629629352712072e-05,-0.03251679241657257,0.02811456099152565,0.41301894187927246,0.01133108139038086,226.0,0.1543651819229126,97.94000244140625,1.8122280836105347,-0.0044845896773040295,1.2091753887943923e-05,0.0,0.9998438954353333
1501,,,,,,,,-3.3399009704589844,4.444444493856281e-05,-0.015472686849534512,0.018130650743842125,0.4101889133453369,0.010776042938232422,228.0,0.15426413714885712,97.94000244140625,1.8122280836105347,-0.003400658257305622,0.23211468756198883,0.0,0.9999238848686218
1502,,,,,,,,-3.3539090156555176,2.9629629352712072e-05,-0.016948845237493515,0.0008910459000617266,0.38605213165283203,0.011501789093017578,241.0,0.1538371592760086,97.94000244140625,1.8176478147506714,-0.0037927248049527407,2.3102492141546804e-12,0.0,0.9999165534973145
1503,,,,,,,,-3.3719513416290283,2.9629629352712072e-05,-0.019068347290158272,0.046820785850286484,0.4174189567565918,0.010750055313110352,224.0,0.15357109904289246,97.94000244140625,1.8176443576812744,-0.0048206099309027195,0.2519323229789734,0.0,0.9999363422393799
1504,,,,,,,,-3.3796193599700928,9.999999747378752e-05,-0.014931350946426392,0.02627665176987648,0.422940731048584,0.011353015899658203,221.0,0.1536029577255249,97.94000244140625,1.8176443576812744,-0.0039265272207558155,0.0001009474290185608,0.0,0.9998371005058289
1505,,,,,,,,-3.3764264583587646,2.9629629352712072e-05,-0.02350146509706974,0.025113491341471672,0.41115307807922363,0.010709047317504883,227.0,0.15365901589393616,97.94000244140625,1.8220975399017334,-0.003716154722496867,0.23350369930267334,0.0,0.9999260902404785
1506,,,,,,,,-3.3777921199798584,2.9629629352712072e-05,-0.016824927181005478,0.0006159939803183079,0.3885951042175293,0.011037826538085938,240.0,0.1536315679550171,97.94000244140625,1.8220975399017334,-0.003522756276652217,1.0697176477947323e-10,0.0,0.9998952746391296
1507,,,,,,,,-3.3812146186828613,2.9629629352712072e-05,-0.02393689565360546,0.053701672703027725,0.41930508613586426,0.011242151260375977,222.0,0.15357187390327454,97.94000244140625,1.82243013381958,-0.004309878684580326,0.5241479873657227,0.0,0.9999558329582214
1508,,,,,,,,-3.3838624954223633,1.975308623514138e-05,-0.037152327597141266,0.014469821937382221,0.4189300537109375,0.01108407974243164,223.0,0.15350709855556488,97.94000244140625,1.818001627922058,-0.004230963531881571,9.603605281935081e-24,0.0,0.9997885823249817
1509,,,,,,,,-3.3841731548309326,4.444444493856281e-05,-0.014578083530068398,0.0053877760656178,0.41157984733581543,0.011076211929321289,227.0,0.153593510389328,97.94000244140625,1.8224871158599854,-0.004282694309949875,1.9152941604261287e-05,0.0,0.9999130368232727
1510,,,,,,,,-3.3765103816986084,6.666666740784422e-05,-0.024392444640398026,0.016350436955690384,0.39095306396484375,0.010576009750366211,239.0,0.15369029343128204,97.94000244140625,1.8224871158599854,-0.003700013505294919,0.01195294689387083,0.0,0.999908983707428
1511,,,,,,,,-3.370168924331665,2.9629629352712072e-05,-0.02239626832306385,0.0018187753157690167,0.4163341522216797,0.011053085327148438,224.0,0.15371742844581604,97.94000244140625,1.828227162361145,-0.004245448391884565,3.2979077452998046e-15,0.0,0.9999701976776123
1512,,,,,,,,-3.367178201675415,0.0001500000071246177,-0.008314532227814198,0.02413269132375717,0.4176020622253418,0.011444091796875,223.0,0.15365591645240784,97.94000244140625,1.8282434940338135,-0.004295410122722387,0.22748933732509613,0.0,0.9998309016227722
1513,,,,,,,,-3.3621108531951904,4.444444493856281e-05,-0.013730181381106377,0.008473141118884087,0.41345787048339844,0.011029958724975586,226.0,0.15380659699440002,97.94000244140625,1.8284660577774048,-0.004344069864600897,9.665749530540779e-05,0.0,0.9999067187309265
1514,,,,,,,,-3.354095935821533,6.666666740784422e-05,-0.019771067425608635,0.019709695130586624,0.39887094497680664,0.011281967163085938,234.0,0.15394733846187592,97.94000244140625,1.8284660577774048,-0.004228429403156042,0.2099117636680603,0.0,0.9998860955238342
1515,,,,,,,,-3.3565797805786133,2.9629629352712072e-05,-0.019528349861502647,0.000555375125259161,0.4135422706604004,0.011086702346801758,226.0,0.15378153324127197,97.94000244140625,1.8285926580429077,-0.004170222207903862,5.940041418165027e-16,0.0,0.9999681115150452
1516,,,,,,,,-3.3633739948272705,1.975308623514138e-05,-0.025684785097837448,0.04419754818081856,0.4157688617706299,0.011015176773071289,224.0,0.15365514159202576,97.94000244140625,1.8285744190216064,-0.004682409577071667,0.2603648006916046,0.0,0.9998254179954529
1517,,,,,,,,-3.3687992095947266,2.9629629352712072e-05,-0.029234934598207474,0.017791273072361946,0.41138291358947754,0.010706901550292969,227.0,0.15351645648479462,97.94000244140625,1.8325940370559692,-0.003948769066482782,0.22789524495601654,0.0,0.9998635649681091
1518,,,,,,,,-3.3746895790100098,4.444444493856281e-05,-0.010725688189268112,0.0211058147251606,0.39284205436706543,0.011512994766235352,237.0,0.15340963006019592,97.94000244140625,1.8325940370559692,-0.003924875985831022,7.774856203468516e-05,0.0,0.9999196529388428
1519,,,,,,,,-3.379847526550293,2.9629629352712072e-05,-0.016553575173020363,0.004074280150234699,0.4141042232513428,0.011079072952270508,225.0,0.15329529345035553,97.94000244140625,1.8292409181594849,-0.003976188134402037,1.353004336124286e-05,0.0,0.9999685883522034
1520,,,,,,,,-3.3847744464874268,4.444444493856281e-05,-0.020609980449080467,0.04453631862998009,0.4232959747314453,0.011490106582641602,220.0,0.15329673886299133,97.94000244140625,1.8336150646209717,-0.00458182767033577,0.22276145219802856,0.0,0.9998707175254822
1521,,,,,,,,-3.382863759994507,2.9629629352712072e-05,-0.021678129211068153,0.014523223973810673,0.4140172004699707,0.011667966842651367,225.0,0.1534469723701477,97.94000244140625,1.8288836479187012,-0.004483213648200035,0.0550917349755764,0.0,0.9998696446418762
1522,,,,,,,,-3.375006914138794,2.9629629352712072e-05,-0.0244605615735054,0.01599847339093685,0.39026618003845215,0.010887861251831055,239.0,0.1536022424697876,97.94000244140625,1.8288836479187012,-0.0037629909347742796,1.315446206717752e-05,0.0,0.999923050403595
1523,,,,,,,,-3.3694517612457275,2.9629629352712072e-05,-0.016889281570911407,0.004187926650047302,0.40158891677856445,0.010882854461669922,232.0,0.15372353792190552,97.94000244140625,1.8287551403045654,-0.004715010058134794,0.00013087454135529697,0.0,0.9999538064002991
1524,,,,,,,,-3.366358518600464,4.444444493856281e-05,-0.01880224421620369,0.015884436666965485,0.4126918315887451,0.01076817512512207,226.0,0.15390799939632416,97.94000244140625,1.8258501291275024,-0.004092212300747633,0.08800087124109268,0.0,0.9999052882194519
1525,,,,,,,,-3.359657049179077,2.9629629352712072e-05,-0.02256084233522415,0.025119047611951828,0.40616798400878906,0.011313915252685547,229.0,0.15409043431282043,97.94000244140625,1.8214094638824463,-0.0039884657599031925,0.02352001518011093,0.0,0.999854326248169
1526,,,,,,,,-3.352888584136963,6.666666740784422e-05,-0.021500088274478912,0.009907818399369717,0.4064357280731201,0.010770320892333984,230.0,0.15427182614803314,97.94000244140625,1.8214094638824463,-0.003906982019543648,9.459834420316661e-16,0.0,0.9999189376831055
1527,,,,,,,,-3.3458282947540283,1.975308623514138e-05,-0.02606896683573723,0.00553045654669404,0.38966870307922363,0.010818004608154297,239.0,0.15432898700237274,97.94000244140625,1.8231067657470703,-0.0040923901833593845,0.00015410011110361665,0.0,0.9999405741691589
1528,,,,,,,,-3.3479888439178467,2.9629629352712072e-05,-0.03550570085644722,0.021847199648618698,0.41862988471984863,0.011037826538085938,223.0,0.15420648455619812,97.94000244140625,1.8235362768173218,-0.004743313416838646,0.026135586202144623,0.0,0.9999375343322754
1529,,,,,,,,-3.355907440185547,4.444444493856281e-05,-0.015526195988059044,0.05307088792324066,0.4158670902252197,0.010687828063964844,225.0,0.15397335588932037,97.94000244140625,1.8235362768173218,-0.003857484320178628,0.24744296073913574,0.0,0.9998466372489929
1530,,,,,,,,-3.365877389907837,2.9629629352712072e-05,-0.010903598740696907,0.011242673732340336,0.40641188621520996,0.011235237121582031,229.0,0.15378311276435852,97.94000244140625,1.8185672760009766,-0.0040006148628890514,2.727121029000301e-10,0.0,0.9998980164527893
1531,,,,,,,,-3.372314929962158,1.975308623514138e-05,-0.02209399826824665,0.005514094140380621,0.38608622550964355,0.011166810989379883,241.0,0.15369164943695068,97.94000244140625,1.8185672760009766,-0.003485705703496933,0.00014737987658008933,0.0,0.9999334812164307
1532,,,,,,,,-3.3776049613952637,9.999999747378752e-05,-0.012666280381381512,0.04807112738490105,0.41397714614868164,0.011137008666992188,225.0,0.15352843701839447,97.94000244140625,1.8190736770629883,-0.004424009006470442,0.24383771419525146,0.0,0.9999575614929199
1533,,,,,,,,-3.3891751766204834,4.444444493856281e-05,-0.004358393605798483,0.015974028035998344,0.4153439998626709,0.0109710693359375,225.0,0.15336111187934875,97.94000244140625,1.8195669651031494,-0.004360121209174395,0.00023900526866782457,0.0,0.9998209476470947
1534,,,,,,,,-3.393501043319702,4.444444493856281e-05,-0.025294948369264603,0.006595619022846222,0.40700817108154297,0.01084280014038086,229.0,0.1533736288547516,97.94000244140625,1.818913459777832,-0.0038961758837103844,8.30124263302423e-05,0.0,0.9999072551727295
1535,,,,,,,,-3.393842935562134,2.9629629352712072e-05,-0.02630574442446232,0.0011187356431037188,0.38742804527282715,0.011001110076904297,240.0,0.15342655777931213,97.94000244140625,1.818913459777832,-0.004061318468302488,0.031692761927843094,0.0,0.9999012351036072
1536,,,,,,,,-3.392432451248169,1.975308623514138e-05,-0.014249064959585667,0.000738664879463613,0.4133620262145996,0.01066899299621582,226.0,0.15348336100578308,98.0999984741211,1.87253999710083,-0.004178984556347132,9.002409100228553e-16,0.0,0.9999672770500183
1537,,,,,,,,-3.3923423290252686,4.444444493856281e-05,-0.02354036085307598,0.007309638895094395,0.41384005546569824,0.010886907577514648,226.0,0.15340140461921692,98.0999984741211,1.872541069984436,-0.004235057160258293,0.08731634169816971,0.0,0.9998288154602051
1538,,,,,,,,-3.4017906188964844,6.666666740784422e-05,-0.009140931069850922,0.026161303743720055,0.42079901695251465,0.011979103088378906,221.0,0.1530837118625641,98.0999984741211,1.873150110244751,-0.004218447487801313,0.24742193520069122,0.0,0.9998763203620911
1539,,,,,,,,-3.415006637573242,1.316872385359602e-05,-0.022448720410466194,0.004018206149339676,0.3875000476837158,0.011046886444091797,240.0,0.1530018448829651,98.0999984741211,1.873150110244751,-0.003602276323363185,9.973253327189013e-05,0.0,0.9999209046363831
1540,,,,,,,,-3.4195446968078613,9.999999747378752e-05,-0.004233718849718571,0.0036745350807905197,0.4104349613189697,0.012590885162353516,226.0,0.15279003977775574,98.4800033569336,1.9281812906265259,-0.00454103434458375,2.9685165259252244e-07,0.0,0.9999712109565735
1541,,,,,,,,-3.4416377544403076,2.9629629352712072e-05,-0.019589727744460106,0.038940928876399994,0.4131660461425781,0.010827779769897461,226.0,0.15242673456668854,98.4800033569336,1.9328261613845825,-0.0043724700808525085,0.303740918636322,0.0,0.9998261332511902
1542,,,,,,,,-3.4519641399383545,4.444444493856281e-05,-0.014451758936047554,0.004630145151168108,0.4225590229034424,0.011114120483398438,221.0,0.15246331691741943,98.4800033569336,1.9328199625015259,-0.0042013199999928474,7.234980148496106e-05,0.0,0.9998979568481445
1543,,,,,,,,-3.4519004821777344,1.316872385359602e-05,-0.02046646550297737,0.004387280438095331,0.39240503311157227,0.010938167572021484,238.0,0.15237581729888916,98.4800033569336,1.9328199625015259,-0.00368693214841187,0.09705138206481934,0.0,0.9999073147773743
1544,,,,,,,,-3.455127477645874,2.9629629352712072e-05,-0.018896032124757767,0.0005832380848005414,0.4201369285583496,0.012839317321777344,221.0,0.15236668288707733,98.4800033569336,1.9384621381759644,-0.004478178918361664,7.550768799784462e-16,0.0,0.9999534487724304
1545,,,,,,,,-3.452303409576416,4.444444493856281e-05,-0.008637499995529652,0.0536971390247345,0.4139840602874756,0.011041879653930664,225.0,0.15250219404697418,98.4800033569336,1.9384626150131226,-0.004628554452210665,0.310159295797348,0.0,0.9998603463172913
1546,,,,,,,,-3.453963279724121,2.9629629352712072e-05,-0.011473835445940495,0.036811284720897675,0.41039419174194336,0.01108694076538086,227.0,0.15226541459560394,98.4800033569336,1.940320372581482,-0.004200659226626158,0.2539255917072296,0.0,0.9998553395271301
1547,,,,,,,,-3.4665021896362305,1.975308623514138e-05,-0.02664083056151867,0.00857953354716301,0.38860011100769043,0.01077413558959961,240.0,0.15204815566539764,98.4800033569336,1.940320372581482,-0.003564466955140233,0.0,0.0,0.9999141693115234
1548,,,,,,,,-3.4748599529266357,2.9629629352712072e-05,-0.018112381920218468,0.004036231432110071,0.4116518497467041,0.010904073715209961,227.0,0.15189228951931,99.52999877929688,2.061915874481201,-0.004332289565354586,8.05788513389416e-05,0.0,0.9999518990516663
1549,,,,,,,,-3.4808645248413086,6.666666740784422e-05,-0.016766013577580452,0.03422841429710388,0.4221682548522949,0.011677742004394531,221.0,0.15180766582489014,99.52999877929688,2.0667877197265625,-0.003927560988813639,0.03651046380400658,0.0,0.9999052882194519
1550,,,,,,,,-3.4818496704101562,2.9629629352712072e-05,-0.014032326638698578,0.01968807727098465,0.4041101932525635,0.011279821395874023,231.0,0.1517425775527954,99.52999877929688,2.0667920112609863,-0.004090968053787947,0.17877697944641113,0.0,0.9998580813407898
1551,,,,,,,,-3.480634927749634,9.999999747378752e-05,-0.008920193649828434,0.03558923676609993,0.40390515327453613,0.010811805725097656,231.0,0.15178558230400085,99.52999877929688,2.0667920112609863,-0.004231583792716265,0.23824001848697662,0.0,0.9999049305915833
1552,,,,,,,,-3.472700834274292,1.975308623514138e-05,-0.011754383333027363,0.0013922705547884107,0.3885807991027832,0.01098489761352539,240.0,0.15190979838371277,99.52999877929688,2.067465305328369,-0.0038224596064537764,0.0,0.0,0.9999212622642517
1553,,,,,,,,-3.4708926677703857,4.444444493856281e-05,-0.024602361023426056,0.05940037965774536,0.41473913192749023,0.010800838470458984,225.0,0.1518155336380005,99.52999877929688,2.0709033012390137,-0.004655623342841864,0.284585177898407,0.0,0.9999382495880127
1554,,,,,,,,-3.475497007369995,1.975308623514138e-05,-0.0165412537753582,0.028276268392801285,0.40996623039245605,0.010982751846313477,228.0,0.15185537934303284,99.52999877929688,2.0709033012390137,-0.003645105054602027,0.01935594342648983,0.0,0.9998361468315125
1555,,,,,,,,-3.4725987911224365,6.666666740784422e-05,-0.012198072858154774,0.03523413836956024,0.4097249507904053,0.010773181915283203,228.0,0.15203002095222473,99.52999877929688,2.075469970703125,-0.004017871338874102,0.2580812871456146,0.0,0.9999162554740906
1556,,,,,,,,-3.4651966094970703,9.999999747378752e-06,-0.020590975880622864,0.0013128187274560332,0.38631772994995117,0.011405229568481445,241.0,0.15211592614650726,99.52999877929688,2.075469970703125,-0.0036096868570894003,0.0,0.0,0.9999021887779236
1557,,,,,,,,-3.4622464179992676,0.00011390625149942935,-0.010057320818305016,0.04862406849861145,0.42032694816589355,0.011205196380615234,222.0,0.15223091840744019,99.88999938964844,2.133897542953491,-0.004781871568411589,0.2688969373703003,0.0,0.9999582767486572
1558,,,,,,,,-3.4523134231567383,3.3749998692655936e-05,0.0005542539292946458,0.010473153553903103,0.40982985496520996,0.010770082473754883,228.0,0.15233972668647766,99.88999938964844,2.1342830657958984,-0.004506718832999468,0.19419504702091217,0.0,0.999821662902832
1559,,,,,,,,-3.445934534072876,3.3749998692655936e-05,-0.025175347924232483,0.0023712576366961002,0.4094359874725342,0.01108098030090332,228.0,0.1525404453277588,99.88999938964844,2.139237880706787,-0.004732456523925066,0.0,0.0,0.9998947978019714
1560,,,,,,,,-3.436647415161133,5.062499985797331e-05,-0.025009432807564735,0.006920275744050741,0.38507699966430664,0.011279106140136719,242.0,0.15266622602939606,99.88999938964844,2.139237880706787,-0.004001159220933914,0.2687391936779022,0.0,0.9998908042907715
1561,,,,,,,,-3.43546462059021,2.2500000341096893e-05,-0.009746569208800793,0.001534695620648563,0.41283202171325684,0.012700796127319336,225.0,0.15259039402008057,99.88999938964844,2.1348683834075928,-0.004886261653155088,0.0,0.0,0.999964714050293
1562,,,,,,,,-3.4425082206726074,3.3749998692655936e-05,-0.011955496855080128,0.02418603003025055,0.41495299339294434,0.01108694076538086,225.0,0.15240618586540222,99.88999938964844,2.1339216232299805,-0.00463072769343853,0.32143688201904297,0.0,0.9998262524604797
1563,,,,,,,,-3.452779769897461,3.3749998692655936e-05,-0.02411344088613987,0.009841034188866615,0.40752410888671875,0.011001110076904297,229.0,0.15229597687721252,99.88999938964844,2.139068126678467,-0.004318992607295513,0.2405962496995926,0.0,0.9998853206634521
1564,,,,,,,,-3.455259323120117,0.00011390625149942935,-0.007245006039738655,0.012792102061212063,0.3922579288482666,0.02009892463684082,232.0,0.15241476893424988,99.88999938964844,2.139068126678467,-0.0039855414070189,0.24880336225032806,0.0,0.9999063611030579
1565,,,,,,,,-3.4505016803741455,1.4999999621068127e-05,-0.017970481887459755,0.0019056793535128236,0.5363678932189941,0.013382911682128906,174.0,0.15245859324932098,99.88999938964844,2.1403825283050537,-0.0046369400806725025,0.0,0.0,0.9999715685844421
1566,,,,,,,,-3.4494106769561768,3.3749998692655936e-05,-0.015424874611198902,0.01654679700732231,0.4545431137084961,0.0274808406829834,199.0,0.15252472460269928,99.88999938964844,2.1450002193450928,-0.004455663729459047,0.3694130480289459,0.0,0.9998429417610168
1567,,,,,,,,-3.445836305618286,0.00017085937724914402,-0.022627785801887512,0.004803260788321495,0.46793031692504883,0.011465787887573242,200.0,0.15252242982387543,99.88999938964844,2.1452457904815674,-0.0037876165006309748,0.21049942076206207,0.0,0.999880313873291
1568,,,,,,,,-3.4441816806793213,3.3749998692655936e-05,-0.024360228329896927,0.0065282974392175674,0.4192357063293457,0.012349128723144531,222.0,0.15256080031394958,99.88999938964844,2.1452457904815674,-0.0038353970739990473,0.23596502840518951,0.0,0.9999070167541504
1569,,,,,,,,-3.4499168395996094,2.2500000341096893e-05,-0.02175299823284149,0.00238190870732069,0.40233421325683594,0.010926961898803711,232.0,0.15232090651988983,99.88999938964844,2.1523308753967285,-0.004670753609389067,0.0,0.0,0.9999610781669617
1570,,,,,,,,-3.458071231842041,2.2500000341096893e-05,-0.016736939549446106,0.023658068850636482,0.4079570770263672,0.011110782623291016,229.0,0.1522499918937683,99.88999938964844,2.1559438705444336,-0.004940487910062075,0.27317723631858826,0.0,0.9998810291290283
1571,,,,,,,,-3.4584591388702393,2.2500000341096893e-05,-0.020512951537966728,0.007773061282932758,0.41873598098754883,0.01178288459777832,222.0,0.15223030745983124,99.88999938964844,2.160461187362671,-0.004646498244255781,0.24475795030593872,0.0,0.9998696446418762
1572,,,,,,,,-3.4573192596435547,0.00011390625149942935,-0.01150988508015871,0.004852667450904846,0.3959019184112549,0.012353181838989258,235.0,0.15227468311786652,99.88999938964844,2.160461187362671,-0.0036831784527748823,0.24000191688537598,0.0,0.9999142289161682
1573,,,,,,,,-3.45173716545105,0.00017085937724914402,-0.028917115181684494,0.0019680154509842396,0.40857696533203125,0.011620044708251953,228.0,0.152197003364563,99.88999938964844,2.160878896713257,-0.005158635787665844,0.0,0.0,0.9999444484710693
1574,,,,,,,,-3.458141565322876,2.2500000341096893e-05,-0.010843011550605297,0.010602627880871296,0.42189884185791016,0.011680126190185547,221.0,0.1520751267671585,99.88999938964844,2.16145396232605,-0.0037635595072060823,0.24443168938159943,0.0,0.9999052882194519
1575,,,,,,,,-3.458115816116333,0.00017085937724914402,-0.007988899014890194,0.008044114336371422,0.46860170364379883,0.011293172836303711,200.0,0.15218695998191833,99.88999938964844,2.1660544872283936,-0.004715931136161089,0.23743517696857452,0.0,0.9998550415039062
1576,,,,,,,,-3.454944133758545,2.2500000341096893e-05,-0.037450678646564484,0.004118000622838736,0.42527008056640625,0.011120796203613281,219.0,0.1522216796875,99.88999938964844,2.1660544872283936,-0.0036514485254883766,0.25823673605918884,0.0,0.9999146461486816
1577,,,,,,,,-3.4544830322265625,2.2500000341096893e-05,-0.01574469357728958,0.0014979236293584108,0.3883950710296631,0.011412858963012695,240.0,0.152267187833786,99.88999938964844,2.1663520336151123,-0.004189435858279467,0.0,0.0,0.9999257922172546
1578,,,,,,,,-3.454711675643921,3.3749998692655936e-05,-0.017179610207676888,0.010909179225564003,0.5278267860412598,0.04732918739318848,166.0,0.1521879881620407,99.88999938964844,2.1709086894989014,-0.004649128299206495,0.446671724319458,0.0,0.9999356269836426
1579,,,,,,,,-3.461378335952759,3.3749998692655936e-05,-0.017846042290329933,0.003257911652326584,0.47858619689941406,0.012720823287963867,195.0,0.15209445357322693,99.88999938964844,2.1709086894989014,-0.004314372781664133,0.23305588960647583,0.0,0.9998353123664856
1580,,,,,,,,-3.465449810028076,7.593750342493877e-05,-0.013267849572002888,0.0040303985588252544,0.44112086296081543,0.012259960174560547,211.0,0.15199492871761322,99.88999938964844,2.1758570671081543,-0.0043504564091563225,0.18629950284957886,0.0,0.9999094605445862
1581,,,,,,,,-3.4655568599700928,0.00011390625149942935,-0.014273712411522865,0.0019221411785110831,0.4190237522125244,0.01566314697265625,220.0,0.1520831435918808,99.88999938964844,2.1758570671081543,-0.003738084575161338,0.0,0.0,0.9999173283576965
1582,,,,,,,,-3.464191436767578,3.3749998692655936e-05,-0.025584610179066658,0.016145776957273483,0.4528770446777344,0.011970043182373047,206.0,0.15191170573234558,99.88999938964844,2.183640718460083,-0.005016887094825506,0.3751605451107025,0.0,0.9999609589576721
1583,,,,,,,,-3.471385955810547,0.00017085937724914402,-0.009261379949748516,0.015992533415555954,0.44577908515930176,0.013225078582763672,209.0,0.15162941813468933,99.88999938964844,2.1837780475616455,-0.00437626987695694,0.22807501256465912,0.0,0.9998301863670349
1584,,,,,,,,-3.4869494438171387,3.3749998692655936e-05,-0.023041661828756332,0.0055646877735853195,0.44948410987854004,0.012331962585449219,207.0,0.15125426650047302,99.88999938964844,2.182799816131592,-0.004307155031710863,0.0,0.0,0.9999035000801086
1585,,,,,,,,-3.494657516479492,2.2500000341096893e-05,-0.013632453978061676,0.02286517806351185,0.4109151363372803,0.012172937393188477,226.0,0.15118248760700226,99.88999938964844,2.182799816131592,-0.00405689375475049,0.05678163096308708,0.0,0.999912679195404
1586,,,,,,,,-3.4942824840545654,3.3749998692655936e-05,-0.018569763749837875,0.0021461190190166235,0.4284250736236572,0.012301921844482422,217.0,0.1512439101934433,99.88999938964844,2.181328773498535,-0.005068907514214516,0.0,0.0,0.999968945980072
1587,,,,,,,,-3.4915153980255127,3.3749998692655936e-05,-0.01591668836772442,0.006054841447621584,0.43527984619140625,0.013529062271118164,213.0,0.15126606822013855,99.88999938964844,2.1809844970703125,-0.004467892926186323,0.5326717495918274,0.0,0.9998179078102112
1588,,,,,,,,-3.4916155338287354,2.2500000341096893e-05,-0.021029729396104813,0.002899720799177885,0.45793604850769043,0.013772726058959961,203.0,0.15127789974212646,99.88999938964844,2.1820642948150635,-0.0035855385940521955,0.24316221475601196,0.0,0.9998902678489685
1589,,,,,,,,-3.491244316101074,5.062499985797331e-05,-0.01517814863473177,0.0028181602247059345,0.4029502868652344,0.011883974075317383,231.0,0.151312917470932,99.88999938964844,2.1820642948150635,-0.003791755298152566,0.26807284355163574,0.0,0.9999029040336609
1590,,,,,,,,-3.490159034729004,2.2500000341096893e-05,-0.016025139018893242,0.0010836048750206828,0.4202558994293213,0.012180089950561523,221.0,0.15136000514030457,99.88999938964844,2.1922824382781982,-0.004876603838056326,0.0,0.0,0.9999699592590332
1591,,,,,,,,-3.4872045516967773,5.062499985797331e-05,-0.014967786148190498,0.00448185671120882,0.4262070655822754,0.01151895523071289,219.0,0.15146124362945557,99.88999938964844,2.196958065032959,-0.004342051688581705,0.47380146384239197,0.0,0.9998355507850647
1592,,,,,,,,-3.4794304370880127,3.3749998692655936e-05,-0.013439565896987915,0.002994870999827981,0.4587891101837158,0.04454684257507324,190.0,0.151706263422966,99.88999938964844,2.2021095752716064,-0.00411669397726655,0.24773770570755005,0.0,0.9998710751533508
1593,,,,,,,,-3.4706835746765137,1.4999999621068127e-05,-0.029418621212244034,0.00205262191593647,0.465954065322876,0.012486696243286133,200.0,0.15184500813484192,99.88999938964844,2.2021095752716064,-0.004327061120420694,0.23502300679683685,0.0,0.9998998045921326
1594,,,,,,,,-3.463684558868408,5.062499985797331e-05,-0.02004399523139,0.000915624899789691,0.4260387420654297,0.012626171112060547,218.0,0.15204361081123352,99.88999938964844,2.206324338912964,-0.004589202348142862,0.0,0.0,0.9999530911445618
1595,,,,,,,,-3.4513723850250244,5.062499985797331e-05,-0.018952608108520508,0.05091974139213562,0.4191749095916748,0.01238703727722168,222.0,0.15233023464679718,99.88999938964844,2.2068703174591064,-0.004820850677788258,0.37388816475868225,0.0,0.9998664855957031
1596,,,,,,,,-3.44446063041687,5.062499985797331e-05,-0.021279683336615562,0.007434283383190632,0.4210669994354248,0.011631250381469727,221.0,0.15232731401920319,99.88999938964844,2.20731782913208,-0.004414170514792204,0.19578206539154053,0.0,0.9998628497123718
1597,,,,,,,,-3.4496562480926514,3.3749998692655936e-05,-0.016567230224609375,0.0034591732546687126,0.40224695205688477,0.012079954147338867,231.0,0.15217751264572144,99.88999938964844,2.20731782913208,-0.004087819252163172,0.26015791296958923,0.0,0.9999079704284668
1598,,,,,,,,-3.4572203159332275,1.4999999621068127e-05,-0.01600910723209381,0.0005667346995323896,0.408247709274292,0.012401103973388672,228.0,0.15206871926784515,99.88999938964844,2.2144806385040283,-0.004343078006058931,0.0,0.0,0.9999335408210754
1599,,,,,,,,-3.462104082107544,0.00011390625149942935,-0.009191527031362057,0.007485527079552412,0.4273848533630371,0.011928081512451172,218.0,0.15196162462234497,99.88999938964844,2.2182257175445557,-0.004595652222633362,0.48223868012428284,0.0,0.9998936057090759
1600,,,,,,,,-3.4744882583618164,1.4999999621068127e-05,-0.03013031743466854,0.002643940970301628,0.40985703468322754,0.011652708053588867,227.0,0.15185582637786865,99.88999938964844,2.2232210636138916,-0.004239515867084265,0.24261611700057983,0.0,0.9998394846916199
1601,,,,,,,,-3.480665445327759,2.2500000341096893e-05,-0.021132472902536392,0.0027675670571625233,0.4159359931945801,0.012852907180786133,223.0,0.1517326533794403,99.88999938964844,2.2232210636138916,-0.003733082441613078,0.2502683103084564,0.0,0.9999091625213623
1602,,,,,,,,-3.4897868633270264,3.3749998692655936e-05,-0.018612366169691086,0.0005647552898153663,0.3914339542388916,0.012376070022583008,237.0,0.1515326052904129,100.0,2.2802634239196777,-0.00426935451105237,0.0,0.0,0.9999117851257324
1603,,,,,,,,-3.4972646236419678,2.2500000341096893e-05,-0.028826778754591942,0.0062576159834861755,0.42795324325561523,0.012317895889282227,218.0,0.15143661201000214,100.0,2.280670404434204,-0.0045733279548585415,0.5522276759147644,0.0,0.9999268651008606
1604,,,,,,,,-3.499838352203369,3.3749998692655936e-05,-0.019678955897688866,0.0033285594545304775,0.424008846282959,0.012175798416137695,220.0,0.1514512002468109,100.0,2.280670404434204,-0.0037470676470547915,0.24435977637767792,0.0,0.9998183250427246
1605,,,,,,,,-3.496333599090576,2.2500000341096893e-05,-0.013283833861351013,0.0019922887440770864,0.4175443649291992,0.01222681999206543,223.0,0.15160925686359406,100.0,2.2815957069396973,-0.004457411821931601,0.24485355615615845,0.0,0.9998979568481445
1606,,,,,,,,-3.491494655609131,3.3749998692655936e-05,-0.02049698680639267,0.0005804341053590178,0.3884918689727783,0.011863946914672852,239.0,0.15165992081165314,100.0,2.2815957069396973,-0.003335715504363179,0.0,0.0,0.9998924136161804
1607,,,,,,,,-3.4896163940429688,0.00017085937724914402,-0.009832704439759254,0.010487076826393604,0.4231538772583008,0.011712074279785156,220.0,0.1517561972141266,100.0,2.2827107906341553,-0.004767878446727991,0.5005903840065002,0.0,0.9999538064002991
1608,,,,,,,,-3.485262155532837,3.3749998692655936e-05,-0.010371765121817589,0.006534971296787262,0.4223506450653076,0.012365102767944336,220.0,0.15172798931598663,100.0,2.2873988151550293,-0.004521689377725124,0.2617429792881012,0.0,0.9998027682304382
1609,,,,,,,,-3.488003730773926,3.3749998692655936e-05,-0.02092781662940979,0.0042279502376914024,0.41630983352661133,0.011874914169311523,224.0,0.15167585015296936,100.0,2.2876360416412354,-0.0044015138410031796,0.0,0.0,0.9998835921287537
1610,,,,,,,,-3.487935781478882,5.062499985797331e-05,-0.015439437702298164,0.002802268834784627,0.39583325386047363,0.01273488998413086,234.0,0.15179383754730225,100.0,2.2876360416412354,-0.003886706428602338,0.23934368789196014,0.0,0.9998900294303894
1611,,,,,,,,-3.4836158752441406,3.3749998692655936e-05,-0.02821054495871067,0.002318288665264845,0.4209902286529541,0.012565135955810547,221.0,0.15179499983787537,100.0,2.2923948764801025,-0.004828306380659342,0.0,0.0,0.9999608993530273
1612,,,,,,,,-3.484426975250244,1.4999999621068127e-05,-0.03003394976258278,0.00578735675662756,0.42409801483154297,0.012258052825927734,220.0,0.15177272260189056,100.0,2.2974114418029785,-0.004596372600644827,0.48105600476264954,0.0,0.999823808670044
1613,,,,,,,,-3.485569477081299,0.00011390625149942935,-0.00929373037070036,0.0031854840926826,0.5857799053192139,0.019867897033691406,158.0,0.15175607800483704,100.0,2.2975215911865234,-0.004225435666739941,0.17123199999332428,0.0,0.9998835921287537
1614,,,,,,,,-3.489254951477051,1.4999999621068127e-05,-0.01666588895022869,0.0024206661619246006,0.5198719501495361,0.013033151626586914,180.0,0.15164756774902344,100.0,2.2975215911865234,-0.0033538183197379112,0.26050156354904175,0.0,0.999890148639679
1615,,,,,,,,-3.495170831680298,0.00011390625149942935,-0.010340620763599873,0.0007996175554580986,0.5225639343261719,0.01526498794555664,178.0,0.15153610706329346,100.0,2.2966830730438232,-0.005033798981457949,0.0,0.0,0.9999563694000244
1616,,,,,,,,-3.503371000289917,2.2500000341096893e-05,-0.017618892714381218,0.010164578445255756,0.49108195304870605,0.011968135833740234,190.0,0.1515164077281952,100.0,2.2999649047851562,-0.004312270786613226,0.31440073251724243,0.0,0.9998379349708557
1617,,,,,,,,-3.5032689571380615,7.593750342493877e-05,-0.008182132616639137,0.006808369420468807,0.444476842880249,0.012244939804077148,210.0,0.15164531767368317,100.0,2.304736375808716,-0.004018879029899836,0.13310588896274567,0.0,0.9998759627342224
1618,,,,,,,,-3.4944028854370117,1.4999999621068127e-05,-0.02345297671854496,0.028173955157399178,0.4003109931945801,0.012148141860961914,232.0,0.15179264545440674,100.0,2.304736375808716,-0.004118001088500023,0.018963182345032692,0.0,0.9999166131019592
1619,,,,,,,,-3.491537570953369,5.062499985797331e-05,-0.022097572684288025,0.0008693159907124937,0.43198585510253906,0.012563228607177734,215.0,0.15179702639579773,100.0,2.3063902854919434,-0.0047171637415885925,0.0,0.0,0.9999539852142334
1620,,,,,,,,-3.4935925006866455,5.062499985797331e-05,-0.010599497705698013,0.005648761056363583,0.4404630661010742,0.019902944564819336,208.0,0.15165624022483826,100.0,2.308950901031494,-0.003877511015161872,0.3905518352985382,0.0,0.9998638033866882
1621,,,,,,,,-3.498917579650879,1.4999999621068127e-05,-0.024433782324194908,0.0026231049560010433,0.4231729507446289,0.012239933013916016,220.0,0.15160755813121796,100.0,2.3052871227264404,-0.00416592275723815,0.22703970968723297,0.0,0.9998599886894226
1622,,,,,,,,-3.500544786453247,7.593750342493877e-05,-0.004283605609089136,0.0024680118076503277,0.40141797065734863,0.012092828750610352,232.0,0.15164107084274292,100.0,2.3052871227264404,-0.003978687804192305,0.2400549203157425,0.0,0.999911367893219
1623,,,,,,,,-3.5041725635528564,2.2500000341096893e-05,-0.022579049691557884,0.0003377534740138799,0.40920209884643555,0.012680768966674805,227.0,0.151511549949646,100.0,2.307785749435425,-0.004307701718062162,0.0,0.0,0.9999333024024963
1624,,,,,,,,-3.5122480392456055,2.2500000341096893e-05,-0.013819584622979164,0.0069679697044193745,0.4225161075592041,0.012550115585327148,220.0,0.1514301747083664,100.0,2.3077809810638428,-0.004548271652311087,0.320860356092453,0.0,0.9999029040336609
1625,,,,,,,,-3.5163588523864746,3.3749998692655936e-05,-0.01091452781111002,0.002413424663245678,0.41677117347717285,0.012764930725097656,223.0,0.1513195037841797,100.0,2.3123884201049805,-0.004509360063821077,0.22742629051208496,0.0,0.9998423457145691
1626,,,,,,,,-3.5220694541931152,1.4999999621068127e-05,-0.01664888858795166,0.002639313694089651,0.41657400131225586,0.011909961700439453,224.0,0.15126918256282806,100.0,2.3123884201049805,-0.003928345628082752,0.19639353454113007,0.0,0.9999132752418518
1627,,,,,,,,-3.5248944759368896,0.00011390625149942935,-0.006915742065757513,0.0004856953164562583,0.3881959915161133,0.012248992919921875,239.0,0.15115201473236084,100.0,2.314255714416504,-0.004006930161267519,0.0,0.0,0.9999184012413025
1628,,,,,,,,-3.5345005989074707,2.2500000341096893e-05,-0.020899860188364983,0.0060887583531439304,0.42166805267333984,0.012111902236938477,221.0,0.15101180970668793,100.0,2.317570209503174,-0.00482556177303195,0.4422832429409027,0.0,0.99993497133255
1629,,,,,,,,-3.538482189178467,3.3749998692655936e-05,-0.006243769079446793,0.002897965721786022,0.4263291358947754,0.012341022491455078,218.0,0.15096119046211243,100.0,2.317570209503174,-0.003645275952294469,0.22670167684555054,0.0,0.9998259544372559
1630,,,,,,,,-3.541614294052124,3.3749998692655936e-05,-0.017615286633372307,0.005863271653652191,0.41959118843078613,0.012921810150146484,221.0,0.15092572569847107,100.0,2.3213350772857666,-0.0037841424345970154,0.1759742647409439,0.0,0.9999037384986877
1631,,,,,,,,-3.541294813156128,5.062499985797331e-05,-0.011207127943634987,0.00044681233703158796,0.38967275619506836,0.012478351593017578,238.0,0.1510523408651352,100.0,2.3213350772857666,-0.00401524780318141,0.0,0.0,0.9999080300331116
1632,,,,,,,,-3.5358850955963135,1.4999999621068127e-05,-0.029958534985780716,0.011511540040373802,0.4220149517059326,0.011786937713623047,221.0,0.15113301575183868,100.0,2.3281352519989014,-0.005202780943363905,0.3655957877635956,0.0,0.9999614357948303
1633,,,,,,,,-3.535599946975708,7.593750342493877e-05,-0.009316694922745228,0.006487519480288029,0.43859004974365234,0.012204885482788086,212.0,0.15108706057071686,100.0,2.3320350646972656,-0.004493301268666983,0.21449364721775055,0.0,0.9998326301574707
1634,,,,,,,,-3.544605016708374,3.3749998692655936e-05,-0.020263399928808212,0.003782927291467786,0.41890811920166016,0.012202024459838867,222.0,0.15092042088508606,100.0,2.335411787033081,-0.0037069804966449738,0.0,0.0,0.9999058842658997
1635,,,,,,,,-3.5519638061523438,1.4999999621068127e-05,-0.016422778367996216,0.00186995230615139,0.3959529399871826,0.012968063354492188,234.0,0.1509425789117813,100.0,2.335411787033081,-0.003573451889678836,0.23275792598724365,0.0,0.9999050498008728
1636,,,,,,,,-3.549964427947998,5.062499985797331e-05,-0.01899275742471218,0.0017136693932116032,0.4224073886871338,0.011691808700561523,221.0,0.1510290801525116,100.0,2.3419113159179688,-0.005334570538252592,0.0,0.0,0.9999721646308899
1637,,,,,,,,-3.544283866882324,3.3749998692655936e-05,-0.004485789220780134,0.005436450708657503,0.41796422004699707,0.01355290412902832,222.0,0.15109097957611084,100.0,2.341280937194824,-0.004218616522848606,0.46754908561706543,0.0,0.9998314380645752
1638,,,,,,,,-3.5425031185150146,5.062499985797331e-05,-0.014506673440337181,0.008424784056842327,0.42856407165527344,0.011554956436157227,218.0,0.15109756588935852,100.0,2.3457486629486084,-0.004153093788772821,0.06442295759916306,0.0,0.999896228313446
1639,,,,,,,,-3.542515993118286,3.3749998692655936e-05,-0.0117857800796628,0.0041298880241811275,0.4002048969268799,0.012576103210449219,232.0,0.1511753797531128,100.0,2.3457486629486084,-0.003979755099862814,0.2626830041408539,0.0,0.9999023079872131
1640,,,,,,,,-3.539701461791992,2.2500000341096893e-05,-0.017699694260954857,0.00021839470718987286,0.42266416549682617,0.012024879455566406,220.0,0.15120704472064972,100.0,2.350034475326538,-0.004766589030623436,0.0,0.0,0.9999656677246094
1641,,,,,,,,-3.5414469242095947,3.3749998692655936e-05,-0.02193121798336506,0.023188356310129166,0.42258310317993164,0.011803865432739258,221.0,0.15114116668701172,100.0,2.3512673377990723,-0.004104826599359512,0.2625986635684967,0.0,0.9998629689216614
1642,,,,,,,,-3.5425212383270264,2.2500000341096893e-05,-0.01248612254858017,0.008296916261315346,0.4264509677886963,0.012557029724121094,218.0,0.15124434232711792,100.0,2.355682373046875,-0.004647976253181696,0.07474426180124283,0.0,0.9998912811279297
1643,,,,,,,,-3.5375490188598633,3.3749998692655936e-05,-0.01105532981455326,0.005051945801824331,0.4074270725250244,0.012057781219482422,228.0,0.15134118497371674,100.0,2.355682373046875,-0.0035304699558764696,0.22474569082260132,0.0,0.999903678894043
1644,,,,,,,,-3.5325119495391846,7.593750342493877e-05,-0.012081112712621689,0.0004178855160716921,0.4268181324005127,0.012404918670654297,218.0,0.1513954997062683,100.0,2.359050750732422,-0.004990711342543364,0.0,0.0,0.9999538064002991
1645,,,,,,,,-3.534226179122925,3.3749998692655936e-05,-0.014021080918610096,0.007960938848555088,0.42649197578430176,0.012824058532714844,218.0,0.15129435062408447,100.0,2.3557279109954834,-0.004350804258137941,0.35565248131752014,0.0,0.9998671412467957
1646,,,,,,,,-3.54009747505188,2.2500000341096893e-05,-0.01599457859992981,0.004283036105334759,0.4183390140533447,0.012280941009521484,222.0,0.15122278034687042,100.0,2.3600330352783203,-0.004328857641667128,0.2518572509288788,0.0,0.9998622536659241
1647,,,,,,,,-3.545933723449707,5.062499985797331e-05,-0.012524645775556564,0.0051842862740159035,0.40097713470458984,0.012624740600585938,232.0,0.15114998817443848,100.0,2.3600330352783203,-0.0034696150105446577,0.18883128464221954,0.0,0.999908447265625
1648,,,,,,,,-3.5583696365356445,5.062499985797331e-05,-0.02003614977002144,0.0001695775135885924,0.4119150638580322,0.012061834335327148,226.0,0.15078720450401306,100.0,2.361037254333496,-0.004452857654541731,0.0,0.0,0.9999359250068665
1649,,,,,,,,-3.5758931636810303,2.2500000341096893e-05,-0.007708472199738026,0.007067942526191473,0.4175889492034912,0.012444257736206055,223.0,0.15058276057243347,100.0,2.3658716678619385,-0.004464270547032356,0.4136076271533966,0.0,0.9999032616615295
1650,,,,,,,,-3.579009771347046,5.062499985797331e-05,-0.01804392971098423,0.002582998014986515,0.41239190101623535,0.0115509033203125,226.0,0.15064413845539093,100.0,2.367629289627075,-0.0044763521291315556,0.24292375147342682,0.0,0.9998459815979004
1651,,,,,,,,-3.572716236114502,3.3749998692655936e-05,-0.023863105103373528,0.0029328500386327505,0.4127800464630127,0.011578083038330078,226.0,0.15072983503341675,100.0,2.367629289627075,-0.004103694576770067,0.2699677646160126,0.0,0.9999125599861145
1652,,,,,,,,-3.5696985721588135,1.4999999621068127e-05,-0.021625354886054993,0.0004056544858030975,0.3947019577026367,0.011469125747680664,236.0,0.15077416598796844,100.0,2.36960506439209,-0.004297700244933367,0.0,0.0,0.9999139308929443
1653,,,,,,,,-3.569660186767578,7.593750342493877e-05,-0.002613424090668559,0.004637033212929964,0.42451024055480957,0.01178598403930664,220.0,0.1507415771484375,100.0,2.369391441345215,-0.005774401128292084,0.5054197311401367,0.0,0.9999324679374695
1654,,,,,,,,-3.5732510089874268,3.3749998692655936e-05,-0.028365235775709152,0.003374650375917554,0.41550111770629883,0.012148857116699219,224.0,0.15059475600719452,100.0,2.369391441345215,-0.0037939909379929304,0.2689925730228424,0.0,0.999821126461029
1655,,,,,,,,-3.5770339965820312,2.2500000341096893e-05,-0.012623639777302742,0.003631449304521084,0.41202616691589355,0.011710882186889648,226.0,0.15047696232795715,100.0,2.3745462894439697,-0.003986078314483166,0.2542804777622223,0.0,0.9998964667320251
1656,,,,,,,,-3.582144260406494,0.00017085937724914402,-0.0013130360748618841,0.0005532751674763858,0.38718104362487793,0.013125181198120117,239.0,0.15039661526679993,100.0,2.3745462894439697,-0.0033266821410506964,0.0,0.0,0.9999030232429504
1657,,,,,,,,-3.5858829021453857,2.2500000341096893e-05,-0.024116840213537216,0.006920442450791597,0.43168210983276367,0.012429952621459961,216.0,0.15031197667121887,100.0,2.383565664291382,-0.00480970274657011,0.5045991539955139,0.0,0.9999554753303528
1658,,,,,,,,-3.5879018306732178,3.3749998692655936e-05,-0.020985206589102745,0.006198977120220661,0.42037487030029297,0.012234210968017578,221.0,0.15026941895484924,100.0,2.3852834701538086,-0.004305918235331774,0.2597743272781372,0.0,0.9998266100883484
1659,,,,,,,,-3.589465856552124,3.3749998692655936e-05,-0.022385291755199432,0.0036143003962934017,0.4154989719390869,0.011677980422973633,224.0,0.15025970339775085,100.0,2.385593891143799,-0.005049250554293394,0.0,0.0,0.9998960494995117
1660,,,,,,,,-3.588820695877075,1.4999999621068127e-05,-0.02171546034514904,0.002025607507675886,0.3861219882965088,0.012471199035644531,240.0,0.15024058520793915,100.0,2.385593891143799,-0.004255704116076231,0.2420034408569336,0.0,0.9999018311500549
1661,,,,,,,,-3.591294288635254,0.00011390625149942935,-0.01587543822824955,0.0016026194207370281,0.41376376152038574,0.01242518424987793,225.0,0.1501123309135437,100.0,2.3897979259490967,-0.004862627480179071,0.0,0.0,0.999965488910675
1662,,,,,,,,-3.603208541870117,2.2500000341096893e-05,-0.007896346971392632,0.004451581742614508,0.4193108081817627,0.011919260025024414,222.0,0.14985297620296478,100.0,2.3943963050842285,-0.004527675919234753,0.47291088104248047,0.0,0.9998275637626648
1663,,,,,,,,-3.610375165939331,5.062499985797331e-05,-0.00798636395484209,0.0024035354144871235,0.4154198169708252,0.012511968612670898,224.0,0.14983956515789032,100.0,2.394094467163086,-0.0042300717905163765,0.2478054016828537,0.0,0.9998857975006104
1664,,,,,,,,-3.611086368560791,1.4999999621068127e-05,-0.027601968497037888,0.001425843220204115,0.3916940689086914,0.011868000030517578,237.0,0.14989356696605682,100.0,2.394094467163086,-0.0039345198310911655,0.21368788182735443,0.0,0.999899685382843
1665,,,,,,,,-3.6086747646331787,5.062499985797331e-05,-0.011995403096079826,0.0002591895463410765,0.41581225395202637,0.012293100357055664,224.0,0.15001003444194794,100.0,2.3980021476745605,-0.005009857937693596,0.0,0.0,0.9999639391899109
1666,,,,,,,,-3.6055855751037598,2.2500000341096893e-05,-0.010955354198813438,0.008430877700448036,0.4211609363555908,0.012269973754882812,221.0,0.15004399418830872,100.0,2.3990368843078613,-0.0043195500038564205,0.3050664961338043,0.0,0.9998483657836914
1667,,,,,,,,-3.6119062900543213,5.062499985797331e-05,-0.01572960615158081,0.0031576119363307953,0.41577816009521484,0.011853933334350586,224.0,0.14980478584766388,100.0,2.397979259490967,-0.004179120063781738,0.24009771645069122,0.0,0.999877393245697
1668,,,,,,,,-3.6257309913635254,1.4999999621068127e-05,-0.02047700807452202,0.0021089385263621807,0.3960142135620117,0.012053966522216797,235.0,0.1496790051460266,100.0,2.397979259490967,-0.00372381997294724,0.23485326766967773,0.0,0.999903678894043
1669,,,,,,,,-3.628032922744751,2.2500000341096893e-05,-0.006923044566065073,0.00019489559053909034,0.4124619960784912,0.011607170104980469,226.0,0.1496826410293579,100.0,2.3976669311523438,-0.004893502686172724,0.0,0.0,0.9999567866325378
1670,,,,,,,,-3.6274890899658203,2.2500000341096893e-05,-0.018726244568824768,0.019652554765343666,0.4146249294281006,0.013028860092163086,224.0,0.1496589332818985,100.0,2.397662401199341,-0.004445427563041449,0.36490491032600403,0.0,0.9998674988746643
1671,,,,,,,,-3.6274280548095703,1.4999999621068127e-05,-0.016367826610803604,0.0022715176455676556,0.4132521152496338,0.011822223663330078,225.0,0.14967063069343567,100.0,2.397399663925171,-0.004093324299901724,0.2454034686088562,0.0,0.999869167804718
1672,,,,,,,,-3.6273140907287598,2.2500000341096893e-05,-0.015264525078237057,0.0016765084583312273,0.39588093757629395,0.012561321258544922,235.0,0.1496042013168335,100.0,2.397399663925171,-0.0036402021069079638,0.22568808495998383,0.0,0.9999170303344727
1673,,,,,,,,-3.631042718887329,5.062499985797331e-05,-0.006296500563621521,0.0001766121422406286,0.41292285919189453,0.011995077133178711,225.0,0.14950552582740784,100.0,2.3973071575164795,-0.004920782521367073,0.0,0.0,0.9999400973320007
1674,,,,,,,,-3.6354150772094727,5.062499985797331e-05,0.00032066451967693865,0.012901322916150093,0.42725515365600586,0.012480974197387695,218.0,0.1494636982679367,100.0,2.397979974746704,-0.004636123776435852,0.29153507947921753,0.0,0.9999119639396667
1675,,,,,,,,-3.6381096839904785,2.2500000341096893e-05,-0.018674995750188828,0.009712973609566689,0.41447901725769043,0.012386798858642578,224.0,0.14943023025989532,100.0,2.397777795791626,-0.0045571597293019295,0.04401809349656105,0.0,0.9998716711997986
1676,,,,,,,,-3.6420702934265137,3.3749998692655936e-05,-0.014709174633026123,0.0024092041421681643,0.41860365867614746,0.012723207473754883,222.0,0.1492968052625656,100.0,2.397777795791626,-0.0034218207001686096,0.21588565409183502,0.0,0.9999296069145203
1677,,,,,,,,-3.6503756046295166,9.999999747378752e-06,-0.01271474827080965,0.00024795447825454175,0.38924479484558105,0.01213693618774414,239.0,0.14916440844535828,100.0,2.3981449604034424,-0.0037058796733617783,0.0,0.0,0.9999279379844666
1678,,,,,,,,-3.654937505722046,3.3749998692655936e-05,-0.019939986988902092,0.02050202153623104,0.4193758964538574,0.012285947799682617,222.0,0.14912353456020355,100.0,2.3942999839782715,-0.004850795958191156,0.09097456932067871,0.0,0.9999463558197021
1679,,,,,,,,-3.6567249298095703,1.4999999621068127e-05,-0.01966647431254387,0.00937987957149744,0.41850900650024414,0.012738227844238281,222.0,0.1491124927997589,100.0,2.3942999839782715,-0.003549693152308464,0.025531062856316566,0.0,0.9998683929443359
1680,,,,,,,,-3.658480405807495,7.593750342493877e-05,-0.00883745402097702,0.005868126638233662,0.4161839485168457,0.0119781494140625,224.0,0.14908239245414734,100.0,2.3938469886779785,-0.004006967414170504,0.23030424118041992,0.0,0.9999311566352844
1681,,,,,,,,-3.6647276878356934,3.3749998692655936e-05,-0.010261219926178455,0.006336808204650879,0.38911890983581543,0.012278079986572266,239.0,0.14898082613945007,100.0,2.3938469886779785,-0.0039254892617464066,0.0,0.0,0.9999167323112488
1682,,,,,,,,-3.6701056957244873,3.3749998692655936e-05,-0.016174372285604477,0.009047523140907288,0.4199070930480957,0.012180089950561523,222.0,0.14880982041358948,100.0,2.3908939361572266,-0.005502723623067141,0.3069325387477875,0.0,0.9999663829803467
1683,,,,,,,,-3.6748669147491455,2.2500000341096893e-05,-0.016184726729989052,0.00784310232847929,0.41971898078918457,0.012136220932006836,222.0,0.14872896671295166,100.0,2.386827230453491,-0.004285244736820459,0.19212715327739716,0.0,0.9998550415039062
1684,,,,,,,,-3.674255609512329,3.3749998692655936e-05,-0.021877961233258247,0.0033147609792649746,0.41423892974853516,0.012778043746948242,224.0,0.1488121598958969,100.0,2.3862757682800293,-0.003948889207094908,0.0,0.0,0.9999129772186279
1685,,,,,,,,-3.6659224033355713,1.4999999621068127e-05,-0.021261712536215782,0.0022453879937529564,0.3934948444366455,0.012679100036621094,236.0,0.14894194900989532,100.0,2.3862757682800293,-0.0033893294166773558,0.06846834719181061,0.0,0.9999270439147949
1686,,,,,,,,-3.6630163192749023,3.3749998692655936e-05,-0.02056577056646347,0.0013324855826795101,0.4309570789337158,0.012663841247558594,216.0,0.1489284485578537,100.0,2.3835959434509277,-0.004647561348974705,0.0,0.0,0.9999774098396301
1687,,,,,,,,-3.6628053188323975,2.2500000341096893e-05,-0.021488305181264877,0.003698479849845171,0.4281330108642578,0.011968851089477539,218.0,0.14897753298282623,100.0,2.3828258514404297,-0.0043694195337593555,0.19138546288013458,0.0,0.9998648166656494
1688,,,,,,,,-3.6592891216278076,0.00011390625149942935,-0.008577229455113411,0.0022947844117879868,0.41873788833618164,0.011708974838256836,223.0,0.1490367203950882,100.0,2.380570411682129,-0.004907088354229927,0.16785334050655365,0.0,0.9999175071716309
1689,,,,,,,,-3.6564173698425293,2.2500000341096893e-05,-0.02615833654999733,0.006823673844337463,0.3898351192474365,0.012167930603027344,238.0,0.14892759919166565,100.0,2.380570411682129,-0.0033539356663823128,0.02308305911719799,0.0,0.9999375343322754
1690,,,,,,,,-3.6597542762756348,1.4999999621068127e-05,-0.012684588320553303,0.0004984958795830607,0.41718411445617676,0.012409687042236328,223.0,0.14886876940727234,100.0,2.37705659866333,-0.00495189381763339,0.0,0.0,0.9999813437461853
1691,,,,,,,,-3.6610193252563477,0.00011390625149942935,-0.006188449915498495,0.008508446626365185,0.415358304977417,0.012713909149169922,224.0,0.14888599514961243,100.0,2.3759055137634277,-0.004486745689064264,0.21910780668258667,0.0,0.9998693466186523
1692,,,,,,,,-3.6633005142211914,2.2500000341096893e-05,-0.036535050719976425,0.0018331847386434674,0.4126589298248291,0.012185811996459961,225.0,0.14886820316314697,100.0,2.3752565383911133,-0.004133991431444883,0.06670422106981277,0.0,0.9999119639396667
1693,,,,,,,,-3.6638457775115967,3.3749998692655936e-05,-0.02601146697998047,0.002640136983245611,0.39548587799072266,0.012038946151733398,235.0,0.14895212650299072,100.0,2.3752565383911133,-0.0038494381587952375,0.10557421296834946,0.0,0.9999275207519531
1694,,,,,,,,-3.6596319675445557,3.3749998692655936e-05,-0.014391066506505013,0.00015749421436339617,0.4135420322418213,0.012382268905639648,225.0,0.14908069372177124,100.0,2.3692331314086914,-0.004878728650510311,0.0,0.0,0.9999697804450989
1695,,,,,,,,-3.6544742584228516,2.2500000341096893e-05,-0.023423226550221443,0.003868446219712496,0.4240269660949707,0.011775016784667969,220.0,0.14921066164970398,100.0,2.3658218383789062,-0.005042209755629301,0.14052683115005493,0.0,0.9998965263366699
1696,,,,,,,,-3.6500256061553955,3.3749998692655936e-05,-0.013147125951945782,0.0015823456924408674,0.4242973327636719,0.011446714401245117,220.0,0.14929741621017456,100.0,2.3627026081085205,-0.004106705542653799,0.13544009625911713,0.0,0.9998953938484192
1697,,,,,,,,-3.644266128540039,3.3749998692655936e-05,-0.0212906152009964,0.001779056852683425,0.4028890132904053,0.01179814338684082,231.0,0.14951367676258087,100.0,2.3627026081085205,-0.0032757229637354612,0.10394293814897537,0.0,0.999927818775177
1698,,,,,,,,-3.6342673301696777,2.2500000341096893e-05,-0.019929679110646248,0.0001204626023536548,0.41609811782836914,0.01191091537475586,224.0,0.1496168076992035,100.0,2.3563196659088135,-0.004439334850758314,0.0,0.0,0.9999544024467468
1699,,,,,,,,-3.629225730895996,7.593750342493877e-05,-0.013491028919816017,0.00757782394066453,0.42183375358581543,0.012354850769042969,221.0,0.14970962703227997,100.0,2.354163408279419,-0.004719302523881197,0.3044743835926056,0.0,0.99991774559021
1700,,,,,,,,-3.624882459640503,1.4999999621068127e-05,6.764158752048388e-05,0.00620444118976593,0.4054880142211914,0.012243032455444336,229.0,0.14974261820316315,100.0,2.351658821105957,-0.004564495291560888,0.1488649845123291,0.0,0.9998716711997986
1701,,,,,,,,-3.6247408390045166,3.3749998692655936e-05,-0.016262702643871307,0.003276078961789608,0.4181859493255615,0.011687994003295898,223.0,0.14969240128993988,100.0,2.351658821105957,-0.003319476032629609,0.06249760091304779,0.0,0.9999335408210754
1702,,,,,,,,-3.6286075115203857,1.4999999621068127e-05,-0.014452910982072353,0.0011202170280739665,0.3877599239349365,0.011945962905883789,240.0,0.14961183071136475,100.0,2.350328207015991,-0.0037350766360759735,0.0,0.0,0.9999480247497559
1703,,,,,,,,-3.6322059631347656,3.3749998692655936e-05,-0.02259509265422821,0.00781930424273014,0.424468994140625,0.012523889541625977,219.0,0.14956223964691162,100.0,2.349438190460205,-0.00489918515086174,0.36902371048927307,0.0,0.9999505877494812
1704,,,,,,,,-3.639434337615967,2.2500000341096893e-05,-0.014030804857611656,0.007096950430423021,0.4190835952758789,0.01230311393737793,222.0,0.14936158061027527,100.0,2.349438190460205,-0.003409953787922859,0.060883667320013046,0.0,0.9998605847358704
1705,,,,,,,,-3.645402669906616,3.3749998692655936e-05,-0.01646706648170948,0.0029685604386031628,0.4118027687072754,0.011862993240356445,226.0,0.14935147762298584,100.0,2.345644474029541,-0.004446092061698437,0.08856984972953796,0.0,0.9999313354492188
1706,,,,,,,,-3.6421737670898438,3.3749998692655936e-05,-0.014167610555887222,0.0002568049530964345,0.38825011253356934,0.011496782302856445,240.0,0.14944274723529816,100.0,2.345644474029541,-0.0039086113683879375,0.0,0.0,0.999928891658783
1707,,,,,,,,-3.6386771202087402,2.2500000341096893e-05,-0.01732792891561985,0.017396263778209686,0.4235520362854004,0.012542963027954102,220.0,0.14942754805088043,100.0,2.343475341796875,-0.0051241968758404255,0.24491246044635773,0.0,0.9999698996543884
1708,,,,,,,,-3.638624429702759,5.062499985797331e-05,-0.018829181790351868,0.002288257237523794,0.4215049743652344,0.01192617416381836,221.0,0.1494077444076538,100.0,2.3399734497070312,-0.004696989431977272,0.13101701438426971,0.0,0.9998607635498047
1709,,,,,,,,-3.635240077972412,2.2500000341096893e-05,-0.03513866290450096,0.0019190090242773294,0.4158639907836914,0.012254953384399414,224.0,0.14952175319194794,100.0,2.3368639945983887,-0.0039205593056976795,0.0,0.0,0.9999217987060547
1710,,,,,,,,-3.6269454956054688,5.062499985797331e-05,-0.011875724419951439,0.0033083013258874416,0.3906369209289551,0.011895895004272461,238.0,0.14974796772003174,100.0,2.3368639945983887,-0.0036593761760741472,0.04500654712319374,0.0,0.9999330639839172
1711,,,,,,,,-3.614243507385254,2.2500000341096893e-05,-0.013724161311984062,0.0005522322026081383,0.42065906524658203,0.012120962142944336,221.0,0.1500125229358673,100.0,2.330958604812622,-0.005652731284499168,0.0,0.0,0.9999818205833435
1712,,,,,,,,-3.606382369995117,3.3749998692655936e-05,-0.01745806634426117,0.00801648199558258,0.41994214057922363,0.013386011123657227,221.0,0.1501038372516632,100.0,2.3287782669067383,-0.0041540865786373615,0.35153600573539734,0.0,0.9998555183410645
1713,,,,,,,,-3.6074318885803223,3.3749998692655936e-05,-0.0175404604524374,0.0010300411377102137,0.4403681755065918,0.012331962585449219,212.0,0.14996832609176636,100.0,2.3249447345733643,-0.004614631645381451,0.06160181760787964,0.0,0.9999193549156189
1714,,,,,,,,-3.614534854888916,0.0002562890585977584,-0.0046060108579695225,0.006673107389360666,0.39224815368652344,0.01234889030456543,237.0,0.14990894496440887,100.0,2.3249447345733643,-0.0033897904213517904,0.19181491434574127,0.0,0.999920129776001
1715,,,,,,,,-3.6236369609832764,2.2500000341096893e-05,-0.03634944558143616,0.00027125191991217434,0.41683506965637207,0.011814117431640625,223.0,0.14984534680843353,100.0,2.322092056274414,-0.004938488360494375,0.0,0.0,0.9999803900718689
1716,,,,,,,,-3.631890296936035,3.3749998692655936e-05,-0.0110661331564188,0.004825608339160681,0.4202589988708496,0.012617111206054688,221.0,0.14973242580890656,100.0,2.318253517150879,-0.004610649775713682,0.24279099702835083,0.0,0.9998608231544495
1717,,,,,,,,-3.6368772983551025,1.4999999621068127e-05,-0.019838906824588776,0.021090423688292503,0.4151301383972168,0.012206792831420898,224.0,0.14971470832824707,100.0,2.3173396587371826,-0.0036012150812894106,0.012120813131332397,0.0,0.9999104142189026
1718,,,,,,,,-3.63796329498291,7.593750342493877e-05,-0.006012765225023031,0.006327947601675987,0.41106200218200684,0.011806964874267578,227.0,0.14967845380306244,100.0,2.3173396587371826,-0.003642292693257332,0.05940395966172218,0.0,0.9999242424964905
1719,,,,,,,,-3.6430420875549316,3.3749998692655936e-05,-0.021705444902181625,0.0006522511248476803,0.41677212715148926,0.012555122375488281,223.0,0.14952166378498077,100.0,2.3127663135528564,-0.00506391329690814,0.0,0.0,0.9999668002128601
1720,,,,,,,,-3.6485376358032227,3.3749998692655936e-05,-0.021264025941491127,0.011653034016489983,0.41736865043640137,0.01215219497680664,223.0,0.14940160512924194,100.0,2.3097116947174072,-0.0046506947837769985,0.3197334110736847,0.0,0.9998863339424133
1721,,,,,,,,-3.65336275100708,7.593750342493877e-05,-0.022248413413763046,0.0013707643374800682,0.412733793258667,0.012134313583374023,225.0,0.1493152379989624,100.0,2.3058407306671143,-0.004480927716940641,0.10154373198747635,0.0,0.9998927116394043
1722,,,,,,,,-3.664761543273926,2.2500000341096893e-05,-0.027575580403208733,0.005002089776098728,0.40421223640441895,0.012892961502075195,230.0,0.14912471175193787,100.0,2.3058407306671143,-0.0034591974690556526,0.2040669322013855,0.0,0.9999305605888367
1723,,,,,,,,-3.6753556728363037,3.3749998692655936e-05,-0.023131918162107468,7.532344170613214e-05,0.40857505798339844,0.012630939483642578,227.0,0.1490126997232437,100.0,2.305952548980713,-0.005019180942326784,0.0,0.0,0.9999520182609558
1724,,,,,,,,-3.684351921081543,1.4999999621068127e-05,-0.02570904791355133,0.006247506942600012,0.42193603515625,0.012012720108032227,221.0,0.14888742566108704,100.0,2.3053441047668457,-0.0035709363874047995,0.15167728066444397,0.0,0.9999244809150696
1725,,,,,,,,-3.6915485858917236,7.593750342493877e-05,-0.010518751107156277,0.0087931789457798,0.4043457508087158,0.012112140655517578,230.0,0.14866572618484497,100.0,2.3089118003845215,-0.004445485305041075,0.028154274448752403,0.0,0.999891996383667
1726,,,,,,,,-3.6997313499450684,3.3749998692655936e-05,-0.03345392271876335,0.0021002129651606083,0.41182589530944824,0.011370182037353516,226.0,0.14862950146198273,100.0,2.3089118003845215,-0.003796572098508477,0.08332979679107666,0.0,0.9999398589134216
1727,,,,,,,,-3.6975290775299072,2.2500000341096893e-05,-0.01229927595704794,0.0004804560448974371,0.38847899436950684,0.011607646942138672,239.0,0.14868992567062378,100.0,2.3043248653411865,-0.004043229389935732,0.0,0.0,0.9999464154243469
1728,,,,,,,,-3.6946187019348145,3.3749998692655936e-05,-0.02129572071135044,0.012461014091968536,0.4215118885040283,0.012042045593261719,221.0,0.1486736536026001,100.0,2.3004941940307617,-0.005020665004849434,0.2707548439502716,0.0,0.9999523758888245
1729,,,,,,,,-3.69454026222229,3.3749998692655936e-05,-0.02041858807206154,0.0025933249853551388,0.4157547950744629,0.011879920959472656,224.0,0.14865943789482117,100.0,2.3004941940307617,-0.00412871316075325,0.056729286909103394,0.0,0.999870777130127
1730,,,,,,,,-3.694997787475586,0.00011390625149942935,-0.010442654602229595,0.011207426898181438,0.4146878719329834,0.011588096618652344,225.0,0.14856043457984924,100.0,2.297476291656494,-0.004198611248284578,0.17983569204807281,0.0,0.9999354481697083
1731,,,,,,,,-3.701026678085327,9.999999747378752e-06,-0.014645141549408436,0.0005547462496906519,0.38255906105041504,0.012256860733032227,243.0,0.14845865964889526,100.0,2.297476291656494,-0.00386775191873312,0.0,0.0,0.9999280571937561
1732,,,,,,,,-3.7012939453125,5.062499985797331e-05,-0.01080874353647232,0.001928995014168322,0.422961950302124,0.011922359466552734,220.0,0.14851811528205872,100.0,2.296510934829712,-0.004893918987363577,0.1931075006723404,0.0,0.999970018863678
1733,,,,,,,,-3.6983885765075684,7.593750342493877e-05,-0.02160910703241825,0.006724408362060785,0.4206840991973877,0.012341022491455078,221.0,0.14852744340896606,100.0,2.2932288646698,-0.004328396171331406,0.014037699438631535,0.0,0.9998650550842285
1734,,,,,,,,-3.696690797805786,1.4999999621068127e-05,-0.011653169989585876,0.0032585933804512024,0.4177391529083252,0.012325048446655273,223.0,0.1487141102552414,100.0,2.2929160594940186,-0.004422878380864859,0.0,0.0,0.9999400973320007
1735,,,,,,,,-3.6900064945220947,2.2500000341096893e-05,-0.010332091711461544,0.0013473347062245011,0.39072728157043457,0.012430667877197266,238.0,0.14884883165359497,100.0,2.2929160594940186,-0.003493287367746234,0.08116215467453003,0.0,0.9999259114265442
1736,,,,,,,,-3.6864688396453857,5.062499985797331e-05,-0.010939246974885464,0.0007811336545273662,0.4199528694152832,0.01245427131652832,222.0,0.14892278611660004,100.0,2.2881293296813965,-0.004744553938508034,0.0,0.0,0.9999809265136719
1737,,,,,,,,-3.6835052967071533,1.4999999621068127e-05,-0.028761202469468117,0.017809908837080002,0.4167931079864502,0.011884927749633789,223.0,0.14896903932094574,100.0,2.284054756164551,-0.004265177994966507,0.21289421617984772,0.0,0.9998754858970642
1738,,,,,,,,-3.6824002265930176,3.3749998692655936e-05,-0.020666953176259995,0.0011516076046973467,0.4140591621398926,0.012755155563354492,224.0,0.14897501468658447,100.0,2.2822413444519043,-0.004229685757309198,0.057353075593709946,0.0,0.9999222159385681
1739,,,,,,,,-3.683166027069092,0.00011390625149942935,-0.017976470291614532,0.011616290546953678,0.39658117294311523,0.013242959976196289,234.0,0.14899370074272156,100.0,2.2822413444519043,-0.003600289346650243,0.22316201031208038,0.0,0.9999208450317383
1740,,,,,,,,-3.6851718425750732,1.4999999621068127e-05,-0.014279212802648544,0.00025221664691343904,0.41294121742248535,0.011914968490600586,225.0,0.14898288249969482,100.0,2.279313325881958,-0.004840639885514975,1.5678131116272725e-21,0.0,0.9999778866767883
1741,,,,,,,,-3.685004711151123,7.593750342493877e-05,0.0005101204151287675,0.007639707997441292,0.41585612297058105,0.012357711791992188,224.0,0.1490882933139801,100.0,2.276292324066162,-0.004614900331944227,0.22917120158672333,0.0,0.9998653531074524
1742,,,,,,,,-3.6762795448303223,3.3749998692655936e-05,-0.027617081999778748,0.0013350766384974122,0.4152970314025879,0.011915922164916992,224.0,0.1492205113172531,100.0,2.276102066040039,-0.004629736300557852,0.10684860497713089,0.0,0.9999055862426758
1743,,,,,,,,-3.672823429107666,7.593750342493877e-05,-0.012887428514659405,0.007022617384791374,0.39273595809936523,0.012081146240234375,237.0,0.1492493897676468,100.0,2.276102066040039,-0.0034176113549619913,0.2034357786178589,0.0,0.9999208450317383
1744,,,,,,,,-3.674100637435913,1.4999999621068127e-05,-0.028069116175174713,0.00010874972940655425,0.41034913063049316,0.012050867080688477,227.0,0.14922097325325012,100.0,2.271510362625122,-0.005175084341317415,0.0,0.0,0.9999690651893616
1745,,,,,,,,-3.6753244400024414,5.062499985797331e-05,-0.019021062180399895,0.013456921093165874,0.4152960777282715,0.012671947479248047,224.0,0.14921531081199646,100.0,2.2723283767700195,-0.004732752684503794,0.070854552090168,0.0,0.9999038577079773
1746,,,,,,,,-3.6738011837005615,2.2500000341096893e-05,-0.03711174428462982,0.008736485615372658,0.4133481979370117,0.011406898498535156,226.0,0.14925545454025269,100.0,2.271205186843872,-0.004587735515087843,0.13017083704471588,0.0,0.9998976588249207
1747,,,,,,,,-3.670898675918579,1.4999999621068127e-05,-0.025466999039053917,0.002222373615950346,0.3953421115875244,0.012739896774291992,235.0,0.1492941528558731,100.0,2.271205186843872,-0.0035429364070296288,0.13532035052776337,0.0,0.999931812286377
1748,,,,,,,,-3.669896125793457,0.00011390625149942935,-0.005250730086117983,0.00026341702323406935,0.4040861129760742,0.01202082633972168,230.0,0.14917567372322083,100.0,2.267507314682007,-0.00498921750113368,0.0,0.0,0.999960720539093
1749,,,,,,,,-3.6733226776123047,1.4999999621068127e-05,-0.023832514882087708,0.03925028070807457,0.41837406158447266,0.011801958084106445,223.0,0.14924299716949463,100.0,2.268578290939331,-0.004019608721137047,0.1692284494638443,0.0,0.999930202960968
1750,,,,,,,,-3.6677234172821045,3.3749998692655936e-05,-0.002525800373405218,0.027147796005010605,0.40204596519470215,0.01335597038269043,231.0,0.1493707001209259,100.0,2.266862154006958,-0.004389271140098572,0.00021597143495455384,0.0,0.9999096393585205
1751,,,,,,,,-3.6594603061676025,2.2500000341096893e-05,-0.023712923750281334,0.021086065098643303,0.41771697998046875,0.012095451354980469,223.0,0.14955489337444305,100.0,2.266862154006958,-0.0036622199695557356,0.0002260371547890827,0.0,0.9999518394470215
1752,,,,,,,,-3.652827739715576,3.3749998692655936e-05,-0.017874902114272118,0.0075842770747840405,0.38872599601745605,0.011751174926757812,239.0,0.14962680637836456,100.0,2.2632830142974854,-0.0038203417789191008,0.0003264602564740926,0.0,0.9999657273292542
1753,,,,,,,,-3.6455423831939697,3.3749998692655936e-05,-0.016294676810503006,0.02277042344212532,0.5433447360992432,0.014466047286987305,172.0,0.14979113638401031,100.0,2.2584450244903564,-0.005406027194112539,1.062303236777076e-14,0.0,0.9999602437019348
1754,,,,,,,,-3.639671564102173,2.2500000341096893e-05,-0.022239170968532562,0.011863136664032936,0.5093998908996582,0.013405084609985352,183.0,0.14980779588222504,100.0,2.2584450244903564,-0.0040959385223686695,0.06222273409366608,0.0,0.9999165534973145
1755,,,,,,,,-3.6393003463745117,5.062499985797331e-05,-0.018774136900901794,0.003740096464753151,0.42982983589172363,0.015527009963989258,215.0,0.14981511235237122,100.0,2.254826784133911,-0.004247048404067755,0.035708844661712646,0.0,0.9999408721923828
1756,,,,,,,,-3.640700578689575,3.3749998692655936e-05,-0.02056146040558815,0.0012356949737295508,0.3930339813232422,0.012063026428222656,236.0,0.14976365864276886,100.0,2.254826784133911,-0.003337833099067211,1.2612982329106574e-16,0.0,0.9999464154243469
1757,,,,,,,,-3.6409566402435303,2.2500000341096893e-05,-0.01378702837973833,0.011006287299096584,0.42847204208374023,0.012609004974365234,217.0,0.14984485507011414,100.0,2.2469029426574707,-0.004966340959072113,0.0,0.0,0.9999749064445496
1758,,,,,,,,-3.632007122039795,0.00017085937724914402,-0.005666297860443592,0.014382108114659786,0.42580199241638184,0.012672901153564453,218.0,0.15029041469097137,100.0,2.2434232234954834,-0.004669851157814264,0.001001083292067051,0.0,0.9999012351036072
1759,,,,,,,,-3.5912234783172607,5.062499985797331e-05,-0.017646698281168938,0.010375551879405975,0.4469459056854248,0.012161970138549805,209.0,0.15099959075450897,100.0,2.238947629928589,-0.00418013334274292,0.00029350080876611173,0.0,0.9999527931213379
1760,,,,,,,,-3.5650861263275146,5.062499985797331e-05,-0.00988498330116272,0.009508027695119381,0.39217686653137207,0.011800050735473633,237.0,0.1513340324163437,100.0,2.238947629928589,-0.0034271858166903257,0.0003507487999740988,0.0,0.9999529719352722
1761,,,,,,,,-3.553194284439087,3.3749998692655936e-05,-0.0212249755859375,0.004357192665338516,0.4309821128845215,0.011774063110351562,216.0,0.15136994421482086,100.0,2.229259967803955,-0.0044061909429728985,8.433860188006292e-08,0.0,0.9999871253967285
1762,,,,,,,,-3.5545623302459717,2.2500000341096893e-05,-0.01463540643453598,0.0062784599140286446,0.4215269088745117,0.012225866317749023,221.0,0.15127892792224884,100.0,2.2241086959838867,-0.004512765910476446,0.0008213066030293703,0.0,0.9999099373817444
1763,,,,,,,,-3.556340456008911,3.3749998692655936e-05,-0.015997517853975296,0.0058911205269396305,0.41393280029296875,0.011382102966308594,225.0,0.15126487612724304,100.0,2.219233274459839,-0.004559649154543877,0.0004200511903036386,0.0,0.9999491572380066
1764,,,,,,,,-3.5538156032562256,3.3749998692655936e-05,-0.019748572260141373,0.0035292929969727993,0.3942859172821045,0.013303041458129883,235.0,0.15139466524124146,100.0,2.219233274459839,-0.003564470214769244,0.0007557978387922049,0.0,0.9999527931213379
1765,,,,,,,,-3.5471341609954834,2.2500000341096893e-05,-0.004658539779484272,0.006427215412259102,0.4240438938140869,0.012169122695922852,220.0,0.1514335423707962,100.0,2.2095677852630615,-0.0048602563329041,2.4814705739117926e-06,0.0,0.9999880790710449
1766,,,,,,,,-3.5454018115997314,3.3749998692655936e-05,-0.023956134915351868,0.004928699228912592,0.42106103897094727,0.012945890426635742,221.0,0.15150339901447296,100.0,2.2045929431915283,-0.004966301843523979,0.0011859912192448974,0.0,0.9999144673347473
1767,,,,,,,,-3.5431597232818604,3.3749998692655936e-05,-0.021387772634625435,0.01238279975950718,0.41626691818237305,0.011476993560791016,224.0,0.15152154862880707,100.0,2.199960470199585,-0.0039395117200911045,0.0005349144921638072,0.0,0.9999454021453857
1768,,,,,,,,-3.5471222400665283,3.3749998692655936e-05,-0.013455375097692013,0.006182781420648098,0.3951551914215088,0.012003898620605469,235.0,0.15137077867984772,100.0,2.199960470199585,-0.003944773226976395,0.0005061845295131207,0.0,0.9999545216560364
1769,,,,,,,,-3.559082508087158,2.2500000341096893e-05,-0.018654271960258484,0.007110730744898319,0.4196150302886963,0.011525869369506836,222.0,0.15111887454986572,100.0,2.1909146308898926,-0.004563197493553162,6.962843326618895e-05,0.0,0.9999833106994629
1770,,,,,,,,-3.5715646743774414,3.3749998692655936e-05,-0.013687525875866413,0.002683377591893077,0.4191567897796631,0.012773275375366211,222.0,0.15093950927257538,100.0,2.186169385910034,-0.004086421336978674,0.0009084590710699558,0.0,0.9999286532402039
1771,,,,,,,,-3.5792040824890137,1.4999999621068127e-05,-0.013137510046362877,0.0090241814032197,0.418165922164917,0.012160062789916992,223.0,0.15086528658866882,100.0,2.182096004486084,-0.0038690976798534393,0.0009169098921120167,0.0,0.9999392032623291
1772,,,,,,,,-3.5823135375976562,5.062499985797331e-05,-0.013846045359969139,0.00701874028891325,0.3970608711242676,0.011764049530029297,234.0,0.1507343053817749,100.0,2.182096004486084,-0.003719143569469452,0.00015031777729745954,0.0,0.9999547600746155
1773,,,,,,,,-3.5911142826080322,2.2500000341096893e-05,-0.015476347878575325,0.0038282989989966154,0.4158039093017578,0.012053966522216797,224.0,0.15056926012039185,100.0,2.1762733459472656,-0.004685075953602791,0.0004560958768706769,0.0,0.9999753832817078
1774,,,,,,,,-3.593345880508423,1.4999999621068127e-05,-0.013083310797810555,0.002520099515095353,0.41767096519470215,0.012162208557128906,223.0,0.15061968564987183,100.0,2.1716766357421875,-0.004604683723300695,3.324538763909584e-18,0.0,0.9999461770057678
1775,,,,,,,,-3.5896010398864746,3.3749998692655936e-05,-0.014160124585032463,0.006397697608917952,0.4051830768585205,0.012472867965698242,229.0,0.1506841778755188,100.0,2.167173385620117,-0.004364713095128536,0.001508962013758719,0.0,0.9999270439147949
1776,,,,,,,,-3.5856893062591553,2.2500000341096893e-05,-0.01785033382475376,0.0068967100232839584,0.41873621940612793,0.012189865112304688,222.0,0.15075337886810303,100.0,2.167173385620117,-0.003806011052802205,0.0006673146854154766,0.0,0.9999561905860901
1777,,,,,,,,-3.584577798843384,3.3749998692655936e-05,-0.014860465191304684,0.006165366619825363,0.39310383796691895,0.011790037155151367,237.0,0.1506526619195938,100.0,2.160186290740967,-0.004365137312561274,0.0005414156476035714,0.0,0.9999673366546631
1778,,,,,,,,-3.597895622253418,3.3749998692655936e-05,-0.014228110201656818,0.0023788237012922764,0.43798208236694336,0.011926889419555664,213.0,0.15017808973789215,100.0,2.155487060546875,-0.005163662601262331,5.671323966005559e-10,0.0,0.9999634623527527
1779,,,,,,,,-3.6200480461120605,5.062499985797331e-05,-0.0053789508529007435,0.008423457853496075,0.42293310165405273,0.011792898178100586,220.0,0.14976173639297485,100.0,2.155487060546875,-0.003457503393292427,0.001171389129012823,0.0,0.999919593334198
1780,,,,,,,,-3.640214443206787,5.062499985797331e-05,-0.013450229540467262,0.00439083157107234,0.41786694526672363,0.01258707046508789,223.0,0.14932818710803986,100.0,2.151167154312134,-0.00423428462818265,0.000797075277660042,0.0,0.9999557137489319
1781,,,,,,,,-3.6559431552886963,2.2500000341096893e-05,-0.008225741796195507,0.006538722198456526,0.38935184478759766,0.012161970138549805,239.0,0.14918261766433716,100.0,2.151167154312134,-0.003150763688609004,0.000925480097066611,0.0,0.9999586939811707
1782,,,,,,,,-3.6597399711608887,1.4999999621068127e-05,-0.018541494384407997,0.0036876739468425512,0.4225187301635742,0.012473106384277344,220.0,0.14916715025901794,100.0,2.145587682723999,-0.004982854705303907,1.2138333893574327e-08,0.0,0.9999778866767883
1783,,,,,,,,-3.6608846187591553,1.4999999621068127e-05,-0.019354037940502167,0.00970729161053896,0.4237959384918213,0.012957334518432617,219.0,0.14912645518779755,100.0,2.1447649002075195,-0.004530292470008135,0.0018712937599048018,0.0,0.999912679195404
1784,,,,,,,,-3.661249876022339,3.3749998692655936e-05,-0.01180693507194519,0.005905862431973219,0.41605091094970703,0.011721134185791016,224.0,0.14910577237606049,100.0,2.1406309604644775,-0.004511949140578508,0.0007075599278323352,0.0,0.9999523758888245
1785,,,,,,,,-3.662205696105957,1.4999999621068127e-05,-0.026294361799955368,0.010422419756650925,0.39583277702331543,0.01231527328491211,235.0,0.1490178406238556,100.0,2.1406309604644775,-0.0035943558905273676,0.0007027690298855305,0.0,0.9999553561210632
1786,,,,,,,,-3.664508819580078,3.3749998692655936e-05,-0.011478744447231293,0.0014258387964218855,0.421832799911499,0.012524127960205078,221.0,0.14906950294971466,100.0,2.138920307159424,-0.0048160310834646225,1.7678070207693963e-07,0.0,0.9999857544898987
1787,,,,,,,,-3.6619346141815186,1.4999999621068127e-05,-0.02320646308362484,0.0035833455622196198,0.425037145614624,0.012429952621459961,219.0,0.14908473193645477,100.0,2.138439416885376,-0.004331063013523817,0.0014507086016237736,0.0,0.9999141693115234
1788,,,,,,,,-3.6616275310516357,5.062499985797331e-05,-0.016893424093723297,0.0037282195407897234,0.42688703536987305,0.012069940567016602,218.0,0.1491042822599411,100.0,2.1340439319610596,-0.004526558797806501,0.0007195372600108385,0.0,0.9999496340751648
1789,,,,,,,,-3.6633520126342773,1.4999999621068127e-05,-0.022831816226243973,0.002029507653787732,0.39075565338134766,0.01279902458190918,237.0,0.14903515577316284,100.0,2.1340439319610596,-0.0038685183972120285,0.000881378015037626,0.0,0.9999518394470215
1790,,,,,,,,-3.667649507522583,3.3749998692655936e-05,-0.01473951805382967,0.004098531790077686,0.4233131408691406,0.012236833572387695,220.0,0.14894016087055206,100.0,2.128173589706421,-0.004697349388152361,2.9154041385481833e-06,0.0,0.9999876022338867
1791,,,,,,,,-3.673262357711792,1.4999999621068127e-05,-0.026711005717515945,0.0018489874200895429,0.42256879806518555,0.011660099029541016,221.0,0.1488664746284485,100.0,2.1244986057281494,-0.004487170372158289,0.00187207933049649,0.0,0.999922513961792
1792,,,,,,,,-3.676849365234375,2.2500000341096893e-05,-0.01517038606107235,0.005627969279885292,0.4124867916107178,0.01156306266784668,226.0,0.14878524839878082,100.0,2.123195171356201,-0.004780086688697338,0.0005873571499250829,0.0,0.9999464154243469
1793,,,,,,,,-3.680771827697754,1.4999999621068127e-05,-0.009716065600514412,0.0055217863991856575,0.3987290859222412,0.012586832046508789,233.0,0.14873798191547394,100.0,2.123195171356201,-0.0036542294546961784,0.0008195983245968819,0.0,0.9999530911445618
1794,,,,,,,,-3.68182373046875,5.062499985797331e-05,-0.01017208956182003,0.004014160949736834,0.4146609306335449,0.012418031692504883,224.0,0.14876878261566162,100.0,2.119558811187744,-0.004518368747085333,0.00012506541679613292,0.0,0.9999834895133972
1795,,,,,,,,-3.682857036590576,2.2500000341096893e-05,-0.016086900606751442,0.002377975732088089,0.420579195022583,0.011126041412353516,222.0,0.1487313210964203,100.0,2.1163368225097656,-0.004248762968927622,0.0011833516182377934,0.0,0.999927818775177
1796,,,,,,,,-3.686072587966919,3.3749998692655936e-05,-0.0140716303139925,0.009419355541467667,0.41397905349731445,0.012449026107788086,225.0,0.14871524274349213,100.0,2.115906000137329,-0.004079116508364677,0.0012092075776308775,0.0,0.999944269657135
1797,,,,,,,,-3.688908100128174,9.999999747378752e-06,-0.021215174347162247,0.003723111469298601,0.407545804977417,0.012792110443115234,228.0,0.1487034410238266,100.0,2.115906000137329,-0.003550565103068948,0.00041490537114441395,0.0,0.9999523758888245
1798,,,,,,,,-3.6900877952575684,3.3749998692655936e-05,-0.015087932348251343,0.004040510859340429,0.47580409049987793,0.016546010971069336,194.0,0.14869247376918793,100.0,2.111755132675171,-0.004720400553196669,0.0007980631780810654,0.0,0.999976396560669
1799,,,,,,,,-3.6897218227386475,9.999999747378752e-06,-0.02132091112434864,0.001465127686969936,0.4770491123199463,0.012257814407348633,196.0,0.14867675304412842,100.0,2.1105096340179443,-0.00413138372823596,4.8488815082237124e-05,0.0,0.9999436736106873
1800,,,,,,,,-3.6890463829040527,0.00011390625149942935,-0.007928958162665367,0.005738082341849804,0.4319009780883789,0.013671159744262695,215.0,0.14872044324874878,100.0,2.108506917953491,-0.004238084424287081,0.0023484870325773954,0.0,0.9999306797981262
1801,,,,,,,,-3.688775062561035,2.2500000341096893e-05,-0.010501078329980373,0.0031948385294526815,0.4166090488433838,0.011636018753051758,224.0,0.14869731664657593,100.0,2.108506917953491,-0.0038424376398324966,0.001102863228879869,0.0,0.9999532103538513
1802,,,,,,,,-3.68872332572937,5.062499985797331e-05,-0.0044702040031552315,0.003468662267550826,0.38847804069519043,0.012131929397583008,239.0,0.14882980287075043,100.0,2.1058449745178223,-0.0037358005065470934,0.0006736547802574933,0.0,0.9999659657478333
1803,,,,,,,,-3.6819708347320557,0.0002562890585977584,-0.007926429621875286,0.002439632313326001,0.4361588954925537,0.014268875122070312,213.0,0.14879094064235687,100.0,2.1032683849334717,-0.0048744832165539265,1.907103998105477e-14,0.0,0.999962568283081
1804,,,,,,,,-3.692363977432251,2.2500000341096893e-05,-0.009766876697540283,0.005390695761889219,0.4418160915374756,0.011930227279663086,211.0,0.14867869019508362,100.0,2.1032683849334717,-0.003946902230381966,0.0014010703889653087,0.0,0.9999222159385681
1805,,,,,,,,-3.695958137512207,1.4999999621068127e-05,-0.01799205131828785,0.00688920309767127,0.42127299308776855,0.012804031372070312,221.0,0.1485787183046341,100.0,2.1012747287750244,-0.00407048873603344,0.0007538021891377866,0.0,0.9999546408653259
1806,,,,,,,,-3.7004196643829346,5.062499985797331e-05,-0.006816164590418339,0.002230945974588394,0.41410398483276367,0.012639045715332031,224.0,0.14851470291614532,100.0,2.1012747287750244,-0.004144707694649696,0.0009537141886539757,0.0,0.9999586939811707
1807,,,,,,,,-3.705850124359131,1.4999999621068127e-05,-0.0031530801206827164,0.0035460134968161583,0.4276618957519531,0.012272119522094727,218.0,0.14839805662631989,100.0,2.095456838607788,-0.004731243010610342,3.21810390835342e-11,0.0,0.9999759197235107
1808,,,,,,,,-3.7106211185455322,2.2500000341096893e-05,-0.012446388602256775,0.011173154227435589,0.4172041416168213,0.012098073959350586,223.0,0.14834924042224884,100.0,2.092613458633423,-0.004860606975853443,0.0016690288903191686,0.0,0.9999146461486816
1809,,,,,,,,-3.7117037773132324,3.3749998692655936e-05,-0.01120905764400959,0.006177310366183519,0.414229154586792,0.012198925018310547,225.0,0.14846797287464142,100.0,2.0914225578308105,-0.004520778078585863,0.0010137940989807248,0.0,0.9999487996101379
1810,,,,,,,,-3.7055435180664062,3.3749998692655936e-05,-0.01649201661348343,0.005739939399063587,0.39009523391723633,0.012003660202026367,238.0,0.14864499866962433,100.0,2.0914225578308105,-0.003950790036469698,0.0012007170589640737,0.0,0.9999525547027588
1811,,,,,,,,-3.696078062057495,1.4999999621068127e-05,-0.023224277421832085,0.0017478808294981718,0.41837382316589355,0.012027263641357422,223.0,0.14884193241596222,100.0,2.0843732357025146,-0.00487552722916007,5.698628413597362e-08,0.0,0.9999873638153076
1812,,,,,,,,-3.6878280639648438,3.3749998692655936e-05,-0.018367955461144447,0.0020642410963773727,0.4154031276702881,0.012280702590942383,224.0,0.1489836424589157,100.0,2.083224058151245,-0.004388074856251478,0.0018020733259618282,0.0,0.9999134540557861
1813,,,,,,,,-3.6858203411102295,0.00011390625149942935,-0.015688451007008553,0.0071596731431782246,0.41625118255615234,0.012004852294921875,224.0,0.1489439755678177,100.0,2.0815441608428955,-0.004046703688800335,0.0007957422058098018,0.0,0.9999513626098633
1814,,,,,,,,-3.693479537963867,3.3749998692655936e-05,-0.013042282313108444,0.0017366798128932714,0.3945331573486328,0.012013673782348633,236.0,0.1488964557647705,100.0,2.0815441608428955,-0.0032236268743872643,0.0016307885525748134,0.0,0.9999462962150574
1815,,,,,,,,-3.702336311340332,1.4999999621068127e-05,-0.031244250014424324,0.002151964930817485,0.4217979907989502,0.01302194595336914,220.0,0.14876171946525574,100.0,2.0768866539001465,-0.005090394988656044,3.239134684918099e-06,0.0,0.9999859929084778
1816,,,,,,,,-3.7087745666503906,9.999999747378752e-06,-0.02098401077091694,0.0020161503925919533,0.4212491512298584,0.011918783187866211,221.0,0.1486838161945343,100.0,2.0744001865386963,-0.004304296802729368,0.0021581186447292566,0.0,0.9999143481254578
1817,,,,,,,,-3.7118442058563232,2.2500000341096893e-05,-0.01816805638372898,0.007535064127296209,0.4176020622253418,0.011968135833740234,223.0,0.14864052832126617,100.0,2.07356333732605,-0.0042985170148313046,0.0011070248438045382,0.0,0.9999433159828186
1818,,,,,,,,-3.7130656242370605,1.4999999621068127e-05,-0.017806703224778175,0.004007791168987751,0.394899845123291,0.01179814338684082,236.0,0.14857135713100433,100.0,2.07356333732605,-0.0033866912126541138,0.0005380214424803853,0.0,0.9999513626098633
1819,,,,,,,,-3.714602470397949,2.2500000341096893e-05,-0.009867074899375439,0.005832119844853878,0.4141690731048584,0.012542009353637695,224.0,0.14855769276618958,100.0,2.0668532848358154,-0.004688706248998642,9.07642170204781e-05,0.0,0.9999837279319763
1820,,,,,,,,-3.7138819694519043,5.062499985797331e-05,-0.014739029109477997,0.001539243501611054,0.41688108444213867,0.012307882308959961,223.0,0.14862060546875,100.0,2.0656981468200684,-0.00482977693900466,0.0015837806276977062,0.0,0.9999287724494934
1821,,,,,,,,-3.71120023727417,2.2500000341096893e-05,-0.013514528051018715,0.0071461135521531105,0.4143838882446289,0.012021064758300781,225.0,0.14864864945411682,100.0,2.0620222091674805,-0.00443280441686511,0.0015728096477687359,0.0,0.9999384880065918
1822,,,,,,,,-3.708498954772949,2.2500000341096893e-05,-0.0124431811273098,0.002989660482853651,0.39242982864379883,0.012266397476196289,237.0,0.14869895577430725,100.0,2.0620222091674805,-0.003831985406577587,0.0005187224014662206,0.0,0.999953031539917
1823,,,,,,,,-3.704094409942627,0.00017085937724914402,-0.0025907012168318033,0.004732592962682247,0.40864992141723633,0.011847257614135742,228.0,0.14881324768066406,100.0,2.0573909282684326,-0.005046024452894926,0.0007478296174667776,0.0,0.9999735951423645
1824,,,,,,,,-3.7051920890808105,1.4999999621068127e-05,-0.029423363506793976,0.0010848232777789235,0.41943979263305664,0.012060165405273438,222.0,0.14873535931110382,100.0,2.0571746826171875,-0.004647677764296532,0.00011751858983188868,0.0,0.9999446868896484
1825,,,,,,,,-3.7084312438964844,5.062499985797331e-05,-0.011046952567994595,0.007743564434349537,0.42380189895629883,0.012222051620483398,220.0,0.1487131118774414,100.0,2.056063652038574,-0.004363253712654114,0.0020621486473828554,0.0,0.9999294281005859
1826,,,,,,,,-3.7105231285095215,2.2500000341096893e-05,-0.008170540444552898,0.0072209639474749565,0.4108150005340576,0.01233983039855957,226.0,0.14862051606178284,100.0,2.056063652038574,-0.00344183505512774,0.0008588254568167031,0.0,0.9999525547027588
1827,,,,,,,,-3.712503433227539,2.2500000341096893e-05,-0.02135048434138298,0.002680701669305563,0.3909759521484375,0.012099266052246094,238.0,0.14863578975200653,100.0,2.0499722957611084,-0.0038069330621510744,0.0014974562218412757,0.0,0.9999656677246094
1828,,,,,,,,-3.712542772293091,5.062499985797331e-05,-0.0018234550952911377,0.0014167622430250049,0.42154479026794434,0.011483907699584961,221.0,0.14853331446647644,100.0,2.0480451583862305,-0.004719433840364218,1.3564916551134232e-11,0.0,0.9999613761901855
1829,,,,,,,,-3.712068557739258,3.3749998692655936e-05,-0.01700776442885399,0.006140731740742922,0.4202399253845215,0.014725208282470703,220.0,0.14879462122917175,100.0,2.0480451583862305,-0.0038436304312199354,0.0029670612420886755,0.0,0.9999211430549622
1830,,,,,,,,-3.7005748748779297,1.4999999621068127e-05,-0.009170547127723694,0.0046851057559251785,0.41695284843444824,0.012204170227050781,223.0,0.14898715913295746,100.0,2.044149160385132,-0.004020131658762693,0.0012131413677707314,0.0,0.9999523162841797
1831,,,,,,,,-3.6957175731658936,3.3749998692655936e-05,-0.015503141097724438,0.003371071070432663,0.3860149383544922,0.012401103973388672,240.0,0.14902231097221375,100.0,2.044149160385132,-0.0036043180152773857,0.0008489109459333122,0.0,0.9999564290046692
1832,,,,,,,,-3.694770097732544,5.062499985797331e-05,-0.00831308402121067,0.0033035350497812033,0.42156291007995605,0.011904001235961914,221.0,0.1489960104227066,100.0,2.041294574737549,-0.00516168400645256,3.141247678639658e-11,0.0,0.9999799132347107
1833,,,,,,,,-3.6951749324798584,1.4999999621068127e-05,-0.031585536897182465,0.009368747472763062,0.4209170341491699,0.013143062591552734,221.0,0.14897949993610382,100.0,2.0407772064208984,-0.004036170896142721,0.0027163559570908546,0.0,0.999913215637207
1834,,,,,,,,-3.69381046295166,3.3749998692655936e-05,-0.023852862417697906,0.0022424296475946903,0.42168283462524414,0.01229715347290039,221.0,0.14905677735805511,100.0,2.039198875427246,-0.003846728475764394,0.0014211391098797321,0.0,0.9999529719352722
1835,,,,,,,,-3.6894097328186035,1.4999999621068127e-05,-0.025516264140605927,0.0030215089209377766,0.39736008644104004,0.012075185775756836,234.0,0.14915235340595245,100.0,2.039198875427246,-0.003838128177449107,0.0013772310921922326,0.0,0.9999529719352722
1836,,,,,,,,-3.6855547428131104,2.2500000341096893e-05,-0.020726915448904037,0.0024668530095368624,0.42484521865844727,0.012604713439941406,219.0,0.14922362565994263,100.0,2.0340733528137207,-0.004385953303426504,1.8455128980576774e-08,0.0,0.9999837875366211
1837,,,,,,,,-3.6816630363464355,5.062499985797331e-05,-0.01665966399013996,0.002057741628959775,0.4187650680541992,0.012042045593261719,222.0,0.1492876261472702,100.0,2.0330190658569336,-0.004650399554520845,0.0024573386181145906,0.0,0.9999070167541504
1838,,,,,,,,-3.6774544715881348,5.062499985797331e-05,-0.015758663415908813,0.005326972343027592,0.42627716064453125,0.011645078659057617,219.0,0.14932572841644287,100.0,2.029600143432617,-0.004042298998683691,0.001464549801312387,0.0,0.9999447464942932
1839,,,,,,,,-3.6803488731384277,3.3749998692655936e-05,-0.016603391617536545,0.0013291100040078163,0.39982175827026367,0.012452125549316406,232.0,0.14912721514701843,100.0,2.029600143432617,-0.003701212117448449,0.0018667717231437564,0.0,0.999949038028717
1840,,,,,,,,-3.690070629119873,1.4999999621068127e-05,-0.01379774697124958,0.003440119791775942,0.41756582260131836,0.01261591911315918,223.0,0.14896580576896667,100.0,2.0259366035461426,-0.004837804473936558,3.3489152428956004e-06,0.0,0.9999864101409912
1841,,,,,,,,-3.6981899738311768,5.062499985797331e-05,-0.015352419577538967,0.0016767883207648993,0.4212779998779297,0.012410879135131836,221.0,0.1486959457397461,100.0,2.025688886642456,-0.005104280076920986,0.0033636584412306547,0.0,0.9999113082885742
1842,,,,,,,,-3.7210583686828613,2.2500000341096893e-05,-0.02073090896010399,0.00521478895097971,0.41289591789245605,0.011258125305175781,226.0,0.1481560915708542,100.0,2.0241551399230957,-0.004366998095065355,0.0016626747092232108,0.0,0.999943733215332
1843,,,,,,,,-3.738415241241455,2.2500000341096893e-05,-0.018307995051145554,0.003190317191183567,0.3959038257598877,0.012017011642456055,235.0,0.14800819754600525,100.0,2.0241551399230957,-0.0031534526497125626,0.0018854537047445774,0.0,0.9999480247497559
1844,,,,,,,,-3.7443385124206543,1.4999999621068127e-05,-0.020651573315262794,0.003244108287617564,0.41928911209106445,0.01187896728515625,222.0,0.14794717729091644,100.0,2.0201354026794434,-0.004350227769464254,0.00013788414071314037,0.0,0.9999796748161316
1845,,,,,,,,-3.748918056488037,2.2500000341096893e-05,-0.014214972965419292,0.0009640209609642625,0.42165398597717285,0.01184391975402832,221.0,0.14788596332073212,100.0,2.019071578979492,-0.004754440393298864,0.0012779842363670468,0.0,0.9999284148216248
1846,,,,,,,,-3.750974416732788,1.4999999621068127e-05,-0.018044963479042053,0.008849253877997398,0.41667819023132324,0.012271881103515625,223.0,0.14792880415916443,100.0,2.0148260593414307,-0.004692913498729467,0.0015619011828675866,0.0,0.9999368786811829
1847,,,,,,,,-3.750507354736328,7.593750342493877e-05,-0.010586193762719631,0.006439091172069311,0.3989570140838623,0.0122528076171875,233.0,0.1480322778224945,100.0,2.0148260593414307,-0.0039033666253089905,0.0009558469173498452,0.0,0.9999473690986633
1848,,,,,,,,-3.7484519481658936,2.2500000341096893e-05,-0.009619100019335747,0.004490617662668228,0.4080798625946045,0.012388229370117188,228.0,0.1481354534626007,100.0,2.010474443435669,-0.004634853918105364,0.0010627390583977103,0.0,0.9999720454216003
1849,,,,,,,,-3.744398593902588,2.2500000341096893e-05,-0.020152926445007324,0.001511211390607059,0.4152369499206543,0.012579917907714844,224.0,0.1482362300157547,100.0,2.008441209793091,-0.004523453768342733,0.0001290322543354705,0.0,0.9999430775642395
1850,,,,,,,,-3.7381691932678223,5.062499985797331e-05,-0.020045001059770584,0.006165376398712397,0.4042930603027344,0.011739969253540039,230.0,0.14835843443870544,100.0,2.0045623779296875,-0.004162578843533993,0.0026992287021130323,0.0,0.9999297261238098
1851,,,,,,,,-3.7325782775878906,1.4999999621068127e-05,-0.010871291160583496,0.007363760843873024,0.41082000732421875,0.012372970581054688,226.0,0.1483965665102005,100.0,2.0045623779296875,-0.0039750621654093266,0.0009137287270277739,0.0,0.9999507069587708
1852,,,,,,,,-3.7311666011810303,7.593750342493877e-05,-0.005491977091878653,0.0030479850247502327,0.40662693977355957,0.01425313949584961,228.0,0.14847977459430695,100.0,2.0032601356506348,-0.004133098293095827,0.0013705830788239837,0.0,0.9999639391899109
1853,,,,,,,,-3.7234246730804443,3.3749998692655936e-05,-0.013917990028858185,0.0015062298625707626,0.43117499351501465,0.012624979019165039,216.0,0.14862748980522156,100.0,2.000776767730713,-0.004979891702532768,6.968182975075621e-12,0.0,0.9999599456787109
1854,,,,,,,,-3.7188990116119385,1.4999999621068127e-05,-0.010335685685276985,0.009174114093184471,0.4171562194824219,0.012421846389770508,223.0,0.14866359531879425,100.0,2.000776767730713,-0.003649641526862979,0.0032968248706310987,0.0,0.9999150633811951
1855,,,,,,,,-3.718782424926758,2.2500000341096893e-05,-0.013889914378523827,0.004270946606993675,0.41634106636047363,0.012083053588867188,224.0,0.14862056076526642,100.0,1.9982147216796875,-0.004249751102179289,0.001216556178405881,0.0,0.9999454617500305
1856,,,,,,,,-3.7209131717681885,2.2500000341096893e-05,-0.019472045823931694,0.002772063249722123,0.38843202590942383,0.012346029281616211,239.0,0.14865587651729584,100.0,1.9982147216796875,-0.004211094696074724,0.001594454050064087,0.0,0.9999508857727051
1857,,,,,,,,-3.719839572906494,3.3749998692655936e-05,-0.01988491788506508,0.00135476712603122,0.4252908229827881,0.012046098709106445,219.0,0.14872495830059052,100.0,1.9950333833694458,-0.00502342963591218,9.328603445268868e-10,0.0,0.9999756217002869
1858,,,,,,,,-3.7161436080932617,1.4999999621068127e-05,-0.019077301025390625,0.006026764865964651,0.4147939682006836,0.013074159622192383,224.0,0.14882990717887878,100.0,1.995047926902771,-0.004486129153519869,0.002342797117307782,0.0,0.9999111294746399
1859,,,,,,,,-3.713536024093628,3.3749998692655936e-05,-0.007701274938881397,0.00627097487449646,0.41822314262390137,0.012271881103515625,222.0,0.148822620511055,100.0,1.9950627088546753,-0.004049255046993494,0.0009092525579035282,0.0,0.9999499320983887
1860,,,,,,,,-3.716111660003662,1.4999999621068127e-05,-0.017669180408120155,0.005761453881859779,0.391185998916626,0.012874126434326172,237.0,0.14877484738826752,100.0,1.9950627088546753,-0.003685431322082877,0.0013523083180189133,0.0,0.9999434351921082
1861,,,,,,,,-3.7165660858154297,5.062499985797331e-05,-0.01331373117864132,0.0008149900240823627,0.41732287406921387,0.012490034103393555,223.0,0.14881297945976257,100.0,1.995086669921875,-0.004929160699248314,8.83607071955339e-08,0.0,0.999980628490448
1862,,,,,,,,-3.715294599533081,2.2500000341096893e-05,-0.006071803160011768,0.0016639857785776258,0.4198629856109619,0.012365102767944336,222.0,0.14880405366420746,100.0,1.9939219951629639,-0.004531575832515955,0.002287507290020585,0.0,0.9999088644981384
1863,,,,,,,,-3.715670108795166,3.3749998692655936e-05,-0.012810292653739452,0.004041712731122971,0.41368675231933594,0.01211690902709961,225.0,0.14886324107646942,100.0,1.9932656288146973,-0.004182976204901934,0.001479507889598608,0.0,0.99994295835495
1864,,,,,,,,-3.7124104499816895,1.4999999621068127e-05,-0.01971634477376938,0.0016014495631679893,0.390545129776001,0.012101888656616211,238.0,0.1489066630601883,100.0,1.9932656288146973,-0.003610629588365555,0.0011795598547905684,0.0,0.9999397397041321
1865,,,,,,,,-3.710014581680298,3.3749998692655936e-05,-0.01856694370508194,0.002942087361589074,0.4155769348144531,0.012125968933105469,224.0,0.14899924397468567,100.0,1.9932849407196045,-0.004388087894767523,2.9540863124566386e-06,0.0,0.9999823570251465
1866,,,,,,,,-3.704704761505127,2.2500000341096893e-05,-0.005999730434268713,0.0014245028141885996,0.4161081314086914,0.011651992797851562,224.0,0.149065762758255,100.0,1.9933083057403564,-0.004374367650598288,0.0021779939997941256,0.0,0.9999105930328369
1867,,,,,,,,-3.7022573947906494,3.3749998692655936e-05,-0.016566695645451546,0.009480783715844154,0.41329312324523926,0.011813879013061523,225.0,0.14912575483322144,100.0,1.9933291673660278,-0.004118466284126043,0.0014071287587285042,0.0,0.9999430775642395
1868,,,,,,,,-3.6996207237243652,3.3749998692655936e-05,-0.017835577949881554,0.0037307085003703833,0.38917016983032227,0.012152910232543945,239.0,0.14909908175468445,100.0,1.9933291673660278,-0.0033983325120061636,0.0013746233889833093,0.0,0.9999451637268066
1869,,,,,,,,-3.699519634246826,7.593750342493877e-05,-0.015433965250849724,0.0034245974384248257,0.41882872581481934,0.012170076370239258,222.0,0.14904019236564636,100.0,1.993362307548523,-0.005038784816861153,0.00010452683636685833,0.0,0.9999777674674988
1870,,,,,,,,-3.699692487716675,1.4999999621068127e-05,-0.004338815808296204,0.001183346495963633,0.41361403465270996,0.012137174606323242,225.0,0.14901718497276306,100.0,1.9933881759643555,-0.004386142827570438,0.0017197983106598258,0.0,0.9999242424964905
1871,,,,,,,,-3.7014567852020264,3.3749998692655936e-05,-0.015671854838728905,0.005008662585169077,0.4149610996246338,0.012845754623413086,224.0,0.14893892407417297,100.0,1.9933996200561523,-0.0038656562101095915,0.0012160029727965593,0.0,0.9999379515647888
1872,,,,,,,,-3.7070865631103516,2.2500000341096893e-05,-0.012282034382224083,0.002812853781506419,0.39856600761413574,0.011580944061279297,234.0,0.14885184168815613,100.0,1.9933996200561523,-0.0034203501418232918,0.0004988678847439587,0.0,0.999943733215332
1873,,,,,,,,-3.7125563621520996,1.4999999621068127e-05,-0.023997198790311813,0.004102965816855431,0.41297316551208496,0.011689901351928711,226.0,0.14875680208206177,100.0,1.9934256076812744,-0.004790734499692917,0.0011006576241925359,0.0,0.9999668002128601
1874,,,,,,,,-3.7182111740112305,1.4999999621068127e-05,-0.015478040091693401,0.0009596505551598966,0.41732096672058105,0.011827945709228516,223.0,0.14872531592845917,100.0,1.993443250656128,-0.004502732772380114,0.00018597557209432125,0.0,0.9999372959136963
1875,,,,,,,,-3.7219934463500977,3.3749998692655936e-05,-0.009843225590884686,0.010097731836140156,0.4030280113220215,0.012120962142944336,231.0,0.14864787459373474,100.0,1.993451476097107,-0.0041260323487222195,0.002461810829117894,0.0,0.999931812286377
1876,,,,,,,,-3.7300500869750977,9.999999747378752e-06,-0.032725557684898376,0.007607489358633757,0.4130282402038574,0.012365102767944336,225.0,0.1485927700996399,100.0,1.993451476097107,-0.0035458002239465714,0.0009056739509105682,0.0,0.999947726726532
1877,,,,,,,,-3.7314934730529785,0.00011390625149942935,-0.0029788129031658173,0.0038125740829855204,0.3947460651397705,0.011770963668823242,236.0,0.14865371584892273,100.0,1.993471622467041,-0.0040900507010519505,0.0015661552315577865,0.0,0.9999529719352722
1878,,,,,,,,-3.7315738201141357,3.3749998692655936e-05,-0.012295255437493324,0.0017441886011511087,0.42226290702819824,0.012445926666259766,220.0,0.14862988889217377,100.0,1.993467926979065,-0.005477007944136858,1.4795092234676233e-11,0.0,0.9999551177024841
1879,,,,,,,,-3.7338361740112305,3.3749998692655936e-05,-0.021157702431082726,0.006383203435689211,0.4158439636230469,0.012263059616088867,224.0,0.1486377716064453,100.0,1.993467926979065,-0.0037839815486222506,0.0026051755994558334,0.0,0.9999154210090637
1880,,,,,,,,-3.7329506874084473,1.4999999621068127e-05,-0.02079986222088337,0.006675597280263901,0.4103739261627197,0.012124061584472656,227.0,0.14861978590488434,100.0,1.9934935569763184,-0.003874285379424691,0.0009712670580483973,0.0,0.9999492168426514
1881,,,,,,,,-3.735755443572998,7.593750342493877e-05,-0.010435355827212334,0.003053321735933423,0.38733506202697754,0.012295007705688477,240.0,0.14851057529449463,100.0,1.9934935569763184,-0.003745793364942074,0.0009704024996608496,0.0,0.9999464154243469
1882,,,,,,,,-3.746156930923462,2.2500000341096893e-05,-0.03465289995074272,0.0014367339899763465,0.42069387435913086,0.01211690902709961,221.0,0.14839911460876465,100.0,1.993517279624939,-0.005029798950999975,2.084948880209936e-09,0.0,0.9999737739562988
1883,,,,,,,,-3.750948190689087,2.2500000341096893e-05,-0.01668901927769184,0.007950669154524803,0.4177069664001465,0.012190818786621094,223.0,0.1483803242444992,100.0,1.9935235977172852,-0.00483664870262146,0.001820187084376812,0.0,0.999915599822998
1884,,,,,,,,-3.752012014389038,1.4999999621068127e-05,-0.016806116327643394,0.0028516068123281,0.4126739501953125,0.011809825897216797,226.0,0.14834794402122498,100.0,1.9935270547866821,-0.004713685717433691,0.0012165451189503074,0.0,0.9999468922615051
1885,,,,,,,,-3.7541937828063965,2.2500000341096893e-05,-0.01597781851887703,0.008264494128525257,0.3855111598968506,0.012279748916625977,241.0,0.14826896786689758,100.0,1.9935270547866821,-0.003935948479920626,0.0008191843517124653,0.0,0.9999403357505798
1886,,,,,,,,-3.7593789100646973,5.062499985797331e-05,-0.015799960121512413,0.0010176132200285792,0.42287302017211914,0.011677980422973633,220.0,0.14814871549606323,100.0,1.9935426712036133,-0.0044073183089494705,1.0565228336645305e-07,0.0,0.9999804496765137
1887,,,,,,,,-3.770756959915161,2.2500000341096893e-05,-0.02633276954293251,0.003395271487534046,0.43166208267211914,0.01208806037902832,216.0,0.14800968766212463,100.0,1.9935331344604492,-0.004592110402882099,0.0022196851205080748,0.0,0.9999119639396667
1888,,,,,,,,-3.7780208587646484,2.2500000341096893e-05,-0.019400885328650475,0.0032303910702466965,0.4373800754547119,0.011995077133178711,213.0,0.14799681305885315,100.0,1.9935264587402344,-0.004228019621223211,0.0009012356749735773,0.0,0.9999454617500305
1889,,,,,,,,-3.7808148860931396,2.2500000341096893e-05,-0.01939506083726883,0.0016943797236308455,0.4144010543823242,0.011548042297363281,225.0,0.14794158935546875,100.0,1.9935264587402344,-0.003553749993443489,0.001254390343092382,0.0,0.9999410510063171
1890,,,,,,,,-3.7856221199035645,1.4999999621068127e-05,-0.02245689556002617,0.0043720765970647335,0.41779398918151855,0.01263284683227539,223.0,0.14785052835941315,100.0,1.993540644645691,-0.004280524328351021,3.942718649341259e-06,0.0,0.999980628490448
1891,,,,,,,,-3.78999924659729,0.00017085937724914402,-0.00832884106785059,0.0024481583386659622,0.41837096214294434,0.012127876281738281,222.0,0.14765453338623047,100.0,1.9935556650161743,-0.004518874455243349,0.0021577132865786552,0.0,0.9999139308929443
1892,,,,,,,,-3.7913930416107178,3.3749998692655936e-05,-0.008021896705031395,0.005573445465415716,0.49304890632629395,0.03126120567321777,183.0,0.1476646214723587,100.0,1.9935704469680786,-0.004841880407184362,0.0009145429939962924,0.0,0.9999451041221619
1893,,,,,,,,-3.7849433422088623,7.593750342493877e-05,-0.014152556657791138,0.003520464990288019,0.5875821113586426,0.021728038787841797,157.0,0.14767706394195557,100.0,1.9935704469680786,-0.0036150366067886353,0.000959003169555217,0.0,0.9999443888664246
1894,,,,,,,,-3.788188934326172,2.2500000341096893e-05,-0.014143665321171284,0.005805922672152519,0.48183417320251465,0.013357877731323242,193.0,0.14766497910022736,100.0,1.9935842752456665,-0.004553537350147963,0.00011781010107370093,0.0,0.9999752044677734
1895,,,,,,,,-3.788656711578369,1.4999999621068127e-05,-0.018962722271680832,0.0011715397704392672,0.45754408836364746,0.012032747268676758,204.0,0.1477181613445282,100.0,1.9935781955718994,-0.004505137912929058,0.0018309252336621284,0.0,0.9999277591705322
1896,,,,,,,,-3.7866127490997314,0.00011390625149942935,-0.008348400704562664,0.006211688742041588,0.42287302017211914,0.01158905029296875,220.0,0.147673562169075,100.0,1.9935823678970337,-0.004403482191264629,0.0017959129763767123,0.0,0.999943196773529
1897,,,,,,,,-3.787184715270996,1.4999999621068127e-05,-0.012922365218400955,0.003312795190140605,0.43218517303466797,0.011748075485229492,216.0,0.1476573944091797,100.0,1.9935823678970337,-0.003527886001393199,0.0003620758652687073,0.0,0.9999448657035828
1898,,,,,,,,-3.787266254425049,3.3749998692655936e-05,-0.016816670075058937,0.0033008717000484467,0.4077439308166504,0.012353897094726562,228.0,0.14767754077911377,100.0,1.9935885667800903,-0.004688379820436239,0.000805419113021344,0.0,0.9999694228172302
1899,,,,,,,,-3.787609338760376,2.2500000341096893e-05,-0.02009490132331848,0.0011131962528452277,0.4214639663696289,0.012202024459838867,221.0,0.14764201641082764,100.0,1.9936189651489258,-0.004707889165729284,0.00011718685709638521,0.0,0.9999424815177917
1900,,,,,,,,-3.7934277057647705,2.2500000341096893e-05,-0.012962599284946918,0.009422427043318748,0.40593385696411133,0.012669801712036133,229.0,0.1474560797214508,100.0,1.9936250448226929,-0.0041474453173577785,0.002545296913012862,0.0,0.999934196472168
1901,,,,,,,,-3.8033018112182617,2.2500000341096893e-05,-0.023162147030234337,0.003349355421960354,0.4111640453338623,0.01203298568725586,226.0,0.14730924367904663,100.0,1.9936250448226929,-0.0034946296364068985,0.000986057217232883,0.0,0.9999510645866394
1902,,,,,,,,-3.8078999519348145,2.2500000341096893e-05,-0.007100931368768215,0.007456796709448099,0.38906407356262207,0.013456106185913086,238.0,0.14729370176792145,100.0,1.9936338663101196,-0.0040228478610515594,0.0005720541812479496,0.0,0.9999614357948303
1903,,,,,,,,-3.8084352016448975,1.4999999621068127e-05,-0.02765204757452011,0.0011048620799556375,0.42318224906921387,0.0120849609375,220.0,0.14725390076637268,100.0,1.9936240911483765,-0.0048346915282309055,5.11316378126736e-10,0.0,0.9999588131904602
1904,,,,,,,,-3.8105366230010986,3.3749998692655936e-05,-0.01375112310051918,0.006010105833411217,0.4144449234008789,0.012106180191040039,225.0,0.14719736576080322,100.0,1.9936240911483765,-0.0033173009287565947,0.0023599632550030947,0.0,0.9999229907989502
1905,,,,,,,,-3.816272258758545,9.999999747378752e-06,-0.026548776775598526,0.005816518794745207,0.41182470321655273,0.012833118438720703,226.0,0.1471424102783203,100.0,1.993615746498108,-0.004334455821663141,0.0009739221422933042,0.0,0.9999494552612305
1906,,,,,,,,-3.8177900314331055,1.4999999621068127e-05,-0.01161318738013506,0.0028726132586598396,0.387117862701416,0.012604236602783203,240.0,0.14715369045734406,100.0,1.993615746498108,-0.0034632168244570494,0.0010355286067351699,0.0,0.9999532699584961
1907,,,,,,,,-3.817807912826538,2.2500000341096893e-05,-0.02255004085600376,0.0018173784483224154,0.4168579578399658,0.012730121612548828,223.0,0.14715182781219482,100.0,1.9936354160308838,-0.004925648216158152,1.1782487208122916e-09,0.0,0.9999755024909973
1908,,,,,,,,-3.8197708129882812,2.2500000341096893e-05,-0.020592715591192245,0.006800804287195206,0.4184567928314209,0.012417078018188477,222.0,0.14713594317436218,100.0,1.9936258792877197,-0.004756323527544737,0.0019327289192005992,0.0,0.9999160170555115
1909,,,,,,,,-3.8229990005493164,0.00011390625149942935,0.0008620597654953599,0.002397937700152397,0.41560792922973633,0.011723756790161133,224.0,0.1471455842256546,100.0,1.9936256408691406,-0.004310428164899349,0.0013284472515806556,0.0,0.999949038028717
1910,,,,,,,,-3.8291690349578857,7.593750342493877e-05,-0.0029490224551409483,0.006924203597009182,0.39081597328186035,0.012036800384521484,238.0,0.14701373875141144,100.0,1.9936256408691406,-0.003455921309068799,0.001364514697343111,0.0,0.9999452233314514
1911,,,,,,,,-3.837374448776245,9.999999747378752e-06,-0.032782234251499176,0.0007883509970270097,0.42168617248535156,0.012585163116455078,221.0,0.14693789184093475,100.0,1.9936460256576538,-0.004585644230246544,4.297720224144541e-08,0.0,0.9999823570251465
1912,,,,,,,,-3.840115785598755,7.593750342493877e-05,-0.012287735007703304,0.0020135364029556513,0.41597700119018555,0.012047767639160156,224.0,0.14685943722724915,100.0,1.9936567544937134,-0.004501482471823692,0.0018260013312101364,0.0,0.9999160170555115
1913,,,,,,,,-3.845613479614258,1.4999999621068127e-05,-0.012012703344225883,0.005341663490980864,0.41468095779418945,0.012106895446777344,224.0,0.1467718631029129,100.0,1.9936673641204834,-0.0045069241896271706,0.000727562524843961,0.0,0.9999515414237976
1914,,,,,,,,-3.847376585006714,1.4999999621068127e-05,-0.015706714242696762,0.0013239231193438172,0.39232492446899414,0.012212038040161133,237.0,0.14679548144340515,100.0,1.9936673641204834,-0.003993278369307518,0.0010256102541461587,0.0,0.9999462962150574
1915,,,,,,,,-3.845834732055664,0.0002562890585977584,-0.0022978296037763357,0.0033800657838582993,0.41358113288879395,0.012454748153686523,225.0,0.1469300538301468,100.0,1.993677020072937,-0.0044985306449234486,3.3285398330917815e-06,0.0,0.9999842643737793
1916,,,,,,,,-3.8460628986358643,1.4999999621068127e-05,-0.041523635387420654,0.0014596576802432537,0.4194939136505127,0.01269388198852539,222.0,0.14692965149879456,100.0,1.9936740398406982,-0.004788713995367289,0.0024165066424757242,0.0,0.9999160170555115
1917,,,,,,,,-3.847775459289551,2.2500000341096893e-05,-0.023725010454654694,0.005652139429003,0.42032408714294434,0.012105941772460938,222.0,0.14695851504802704,100.0,1.9936696290969849,-0.004265711177140474,0.0009227931150235236,0.0,0.999945878982544
1918,,,,,,,,-3.847442150115967,1.4999999621068127e-05,-0.02286561019718647,0.002850916935130954,0.396406888961792,0.011780023574829102,235.0,0.14697645604610443,100.0,1.9936696290969849,-0.003457014448940754,0.001239705365151167,0.0,0.9999465942382812
1919,,,,,,,,-3.8493473529815674,3.3749998692655936e-05,-0.014704065397381783,0.0027713337913155556,0.4199643135070801,0.01163792610168457,222.0,0.14691153168678284,100.0,1.9936788082122803,-0.005163672845810652,0.00015378538228105754,0.0,0.9999777674674988
1920,,,,,,,,-3.8534481525421143,1.4999999621068127e-05,-0.010672525502741337,0.0007978107314556837,0.41870832443237305,0.012765884399414062,222.0,0.14684425294399261,100.0,1.9936692714691162,-0.0046917772851884365,0.001730848103761673,0.0,0.9999256730079651
1921,,,,,,,,-3.8559634685516357,2.2500000341096893e-05,-0.004179150331765413,0.007919643074274063,0.41081905364990234,0.012359857559204102,226.0,0.1467626839876175,100.0,1.9936667680740356,-0.004004873801022768,0.0015455324901267886,0.0,0.9999396800994873
1922,,,,,,,,-3.8597261905670166,7.593750342493877e-05,-0.013702893629670143,0.0030424525029957294,0.39362001419067383,0.012214899063110352,236.0,0.14663651585578918,100.0,1.9936667680740356,-0.0035018485505133867,0.00040059792809188366,0.0,0.9999441504478455
1923,,,,,,,,-3.8670687675476074,9.999999747378752e-06,-0.024938786402344704,0.002432854613289237,0.41217803955078125,0.01178121566772461,226.0,0.14654357731342316,100.0,1.9936587810516357,-0.004916377365589142,0.0007732348167337477,0.0,0.9999671578407288
1924,,,,,,,,-3.869741678237915,1.4999999621068127e-05,-0.022129008546471596,0.0007029583211988211,0.4218170642852783,0.012605905532836914,220.0,0.1465214043855667,100.0,1.9936631917953491,-0.004365850705653429,3.2192757709820566e-14,0.0,0.9999433159828186
1925,,,,,,,,-3.8721182346343994,3.3749998692655936e-05,-0.009957859292626381,0.009461093693971634,0.4037818908691406,0.01250004768371582,230.0,0.14645488560199738,100.0,1.993674635887146,-0.004614371340721846,0.002097160555422306,0.0,0.9999334216117859
1926,,,,,,,,-3.881763219833374,2.2500000341096893e-05,-0.020716389641165733,0.004317321348935366,0.4054107666015625,0.012380123138427734,229.0,0.14632315933704376,100.0,1.993674635887146,-0.0035910794977098703,0.0009066773927770555,0.0,0.9999492168426514
1927,,,,,,,,-3.8889389038085938,2.2500000341096893e-05,0.0011021725367754698,0.0034464565105736256,0.3929610252380371,0.011801958084106445,237.0,0.14630010724067688,100.0,1.9936832189559937,-0.0038871553260833025,0.0010507407132536173,0.0,0.9999597072601318
1928,,,,,,,,-3.892120838165283,2.2500000341096893e-05,-0.011827993206679821,0.0007589243468828499,0.4276468753814697,0.012919187545776367,217.0,0.14623364806175232,100.0,1.9936840534210205,-0.005131499841809273,1.6068755701037496e-11,0.0,0.9999563694000244
1929,,,,,,,,-3.8957772254943848,1.4999999621068127e-05,-0.008988844230771065,0.006298766005784273,0.4195210933685303,0.011986970901489258,222.0,0.14619243144989014,100.0,1.9936840534210205,-0.0033795181661844254,0.00200012419372797,0.0,0.9999279975891113
1930,,,,,,,,-3.899994373321533,0.00011390625149942935,-0.0046495096758008,0.007654974702745676,0.41399288177490234,0.012611150741577148,225.0,0.14598621428012848,100.0,1.9936827421188354,-0.003924575634300709,0.0009682378149591386,0.0,0.9999514222145081
1931,,,,,,,,-3.92073655128479,1.4999999621068127e-05,-0.017615683376789093,0.004746692255139351,0.38503193855285645,0.012244939804077148,241.0,0.14566203951835632,100.0,1.9936827421188354,-0.003441042499616742,0.0010105090914294124,0.0,0.9999513030052185
1932,,,,,,,,-3.9295108318328857,3.3749998692655936e-05,-0.018307438120245934,0.0014569174963980913,0.42394495010375977,0.012406110763549805,220.0,0.1456059068441391,100.0,1.993672490119934,-0.005206833593547344,6.344496039645264e-09,0.0,0.9999730587005615
1933,,,,,,,,-3.9287097454071045,3.3749998692655936e-05,-0.01184767670929432,0.008800697512924671,0.4192960262298584,0.01221919059753418,222.0,0.14567553997039795,100.0,1.993674874305725,-0.004691127687692642,0.0014015684137120843,0.0,0.9999139904975891
1934,,,,,,,,-3.920936107635498,7.593750342493877e-05,-0.008702893741428852,0.002692422131076455,0.41188716888427734,0.012674808502197266,226.0,0.14591991901397705,100.0,1.9936662912368774,-0.004411259200423956,0.0008622552850283682,0.0,0.9999505877494812
1935,,,,,,,,-3.908411979675293,9.999999747378752e-06,-0.010824525728821754,0.0031544663943350315,0.3826119899749756,0.01202702522277832,243.0,0.14599116146564484,100.0,1.9936662912368774,-0.0036462664138525724,0.0004781568131875247,0.0,0.9999464154243469
1936,,,,,,,,-3.9059791564941406,5.062499985797331e-05,-0.013121655210852623,0.003237163880839944,0.4207947254180908,0.012628316879272461,221.0,0.1460968255996704,100.0,1.9936338663101196,-0.004585862159729004,3.836910167365204e-08,0.0,0.9999803900718689
1937,,,,,,,,-3.9016988277435303,3.3749998692655936e-05,-0.015915684401988983,0.002081135753542185,0.4249441623687744,0.011762857437133789,219.0,0.1461637318134308,100.0,1.993629813194275,-0.00432842830196023,0.001702201901935041,0.0,0.9999170303344727
1938,,,,,,,,-3.898709535598755,1.4999999621068127e-05,-0.011836578138172626,0.004171798937022686,0.41515398025512695,0.011755943298339844,224.0,0.1462288349866867,100.0,1.993619680404663,-0.004412026610225439,0.0008383796084672213,0.0,0.999948263168335
1939,,,,,,,,-3.8951256275177,1.4999999621068127e-05,-0.016681773588061333,0.0013307840563356876,0.39067912101745605,0.012304067611694336,238.0,0.14622943103313446,100.0,1.993619680404663,-0.0033376950304955244,0.001182856154628098,0.0,0.9999471306800842
1940,,,,,,,,-3.891672134399414,3.3749998692655936e-05,-0.01808127574622631,0.0027798654045909643,0.4144439697265625,0.012077808380126953,225.0,0.14640238881111145,100.0,1.9935925006866455,-0.005270936992019415,4.039442956127459e-06,0.0,0.9999791979789734
1941,,,,,,,,-3.877060651779175,1.4999999621068127e-05,-0.033775366842746735,0.001088137156330049,0.41706109046936035,0.012469053268432617,223.0,0.1466323882341385,100.0,1.9935721158981323,-0.004720012191683054,0.00176424125675112,0.0,0.9999174475669861
1942,,,,,,,,-3.8685765266418457,2.2500000341096893e-05,-0.02223213016986847,0.005132961552590132,0.41411876678466797,0.012339115142822266,225.0,0.1466408520936966,100.0,1.9935648441314697,-0.004324105102568865,0.0010825000936165452,0.0,0.9999462962150574
1943,,,,,,,,-3.8684446811676025,1.4999999621068127e-05,-0.010364961810410023,0.0028657594230026007,0.3916938304901123,0.0124359130859375,237.0,0.14659911394119263,100.0,1.9935648441314697,-0.003607630031183362,0.0007049478590488434,0.0,0.9999427795410156
1944,,,,,,,,-3.869258403778076,2.2500000341096893e-05,-0.023091258481144905,0.0065347058698534966,0.41677117347717285,0.011716842651367188,224.0,0.14660851657390594,100.0,1.9935414791107178,-0.005025359336286783,0.00013171347382012755,0.0,0.9999744296073914
1945,,,,,,,,-3.869978666305542,3.3749998692655936e-05,-0.026275228708982468,0.0011288129026070237,0.41649699211120605,0.012214899063110352,223.0,0.14659006893634796,100.0,1.9935420751571655,-0.004438718315213919,0.0013346384512260556,0.0,0.9999244809150696
1946,,,,,,,,-3.870746374130249,2.2500000341096893e-05,-0.011095577850937843,0.008344575762748718,0.4187507629394531,0.012888193130493164,222.0,0.14658887684345245,100.0,1.9935210943222046,-0.004457483068108559,0.001178908278234303,0.0,0.9999433159828186
1947,,,,,,,,-3.868187665939331,3.3749998692655936e-05,-0.008924759924411774,0.003298457944765687,0.39324212074279785,0.012367963790893555,236.0,0.14667914807796478,100.0,1.9935210943222046,-0.003710024757310748,0.0004594096972141415,0.0,0.9999492168426514
1948,,,,,,,,-3.8632240295410156,3.3749998692655936e-05,-0.011343437246978283,0.0064516011625528336,0.40871286392211914,0.011918067932128906,228.0,0.14674918353557587,100.0,1.9934853315353394,-0.00498226610943675,0.0006038954597897828,0.0,0.999968945980072
1949,,,,,,,,-3.8625011444091797,5.062499985797331e-05,-0.02395782247185707,0.0009068914223462343,0.413362979888916,0.01168513298034668,225.0,0.14663708209991455,100.0,1.9934687614440918,-0.004496903624385595,5.181375672691502e-05,0.0,0.9999426007270813
1950,,,,,,,,-3.8661463260650635,2.2500000341096893e-05,-0.008073469623923302,0.00654937606304884,0.4026658535003662,0.01206207275390625,231.0,0.14660197496414185,100.0,1.9934500455856323,-0.004648465197533369,0.0021525712218135595,0.0,0.9999364018440247
1951,,,,,,,,-3.868318796157837,2.2500000341096893e-05,-0.01651826687157154,0.0073445867747068405,0.4148128032684326,0.012208223342895508,224.0,0.14658117294311523,100.0,1.9934500455856323,-0.0037315385416150093,0.0008710191468708217,0.0,0.9999521374702454
1952,,,,,,,,-3.868678569793701,3.3749998692655936e-05,-0.006906683556735516,0.003702724352478981,0.3917858600616455,0.0116729736328125,237.0,0.14666765928268433,100.0,1.9934383630752563,-0.0038928843569010496,0.0009012918453663588,0.0,0.9999573826789856
1953,,,,,,,,-3.8647820949554443,2.2500000341096893e-05,-0.02410963922739029,0.0020515690557658672,0.41598987579345703,0.011938095092773438,224.0,0.14669917523860931,100.0,1.9934351444244385,-0.004968330729752779,2.7016805337494974e-14,0.0,0.9999556541442871
1954,,,,,,,,-3.86350679397583,3.3749998692655936e-05,-0.019672824069857597,0.008401388302445412,0.4107189178466797,0.012252092361450195,226.0,0.14672964811325073,100.0,1.9934351444244385,-0.0036930209025740623,0.0026240122970193624,0.0,0.9999201893806458
1955,,,,,,,,-3.862670421600342,9.999999747378752e-06,-0.013132546097040176,0.0038786043878644705,0.41442012786865234,0.012826919555664062,224.0,0.14672061800956726,100.0,1.9934288263320923,-0.00473524397239089,0.0009403931326232851,0.0,0.9999504089355469
1956,,,,,,,,-3.8635482788085938,3.3749998692655936e-05,-0.015161913819611073,0.0036164671182632446,0.38672518730163574,0.012153863906860352,240.0,0.1467364877462387,100.0,1.9934288263320923,-0.004159833770245314,0.00108773831743747,0.0,0.999950647354126
1957,,,,,,,,-3.8665194511413574,2.2500000341096893e-05,-0.0235288068652153,0.001801336300559342,0.422626256942749,0.012353658676147461,220.0,0.1466456800699234,100.0,1.9934157133102417,-0.005149465054273605,4.3404207311636966e-11,0.0,0.9999739527702332
1958,,,,,,,,-3.872340679168701,3.3749998692655936e-05,-0.013009041547775269,0.007412954233586788,0.41954994201660156,0.012906074523925781,221.0,0.14652402698993683,100.0,1.9934165477752686,-0.005459791049361229,0.002374073024839163,0.0,0.9999186992645264
1959,,,,,,,,-3.8779749870300293,2.2500000341096893e-05,-0.009585708379745483,0.0034931672271341085,0.41475892066955566,0.012058019638061523,224.0,0.14644725620746613,100.0,1.9933878183364868,-0.004893695469945669,0.0015277642523869872,0.0,0.9999499320983887
1960,,,,,,,,-3.88057804107666,1.4999999621068127e-05,-0.016607237979769707,0.009408686310052872,0.38948988914489746,0.011840105056762695,239.0,0.14639194309711456,100.0,1.9933878183364868,-0.003231298178434372,0.0012197709875181317,0.0,0.9999411106109619
1961,,,,,,,,-3.8852627277374268,3.3749998692655936e-05,-0.01641400158405304,0.0006419059354811907,0.41825103759765625,0.01259613037109375,222.0,0.14624394476413727,100.0,1.9933503866195679,-0.005546110216528177,1.3608641324935888e-07,0.0,0.999977171421051
1962,,,,,,,,-3.8922150135040283,9.999999747378752e-06,-0.016983777284622192,0.0033845286816358566,0.41957807540893555,0.011984109878540039,222.0,0.14615240693092346,100.0,1.993356466293335,-0.004026792477816343,0.002715017879381776,0.0,0.9999064803123474
1963,,,,,,,,-3.8952431678771973,1.4999999621068127e-05,-0.01545841433107853,0.0054330890998244286,0.41016173362731934,0.011270999908447266,227.0,0.1460816115140915,100.0,1.9933655261993408,-0.004559122491627932,0.001004342339001596,0.0,0.9999473094940186
1964,,,,,,,,-3.8990347385406494,2.2500000341096893e-05,-0.02573353424668312,0.0024443401489406824,0.39028286933898926,0.01223897933959961,238.0,0.14600403606891632,100.0,1.9933655261993408,-0.00366878230124712,0.001214797724969685,0.0,0.9999410510063171
1965,,,,,,,,-3.9015984535217285,1.4999999621068127e-05,-0.019844625145196915,0.0041997358202934265,0.4239509105682373,0.01227712631225586,220.0,0.14599283039569855,100.0,1.9933769702911377,-0.005531890783458948,4.576443188852863e-06,0.0,0.9999763369560242
1966,,,,,,,,-3.901224374771118,3.3749998692655936e-05,-0.010844235308468342,0.0018093148246407509,0.4288468360900879,0.012160062789916992,217.0,0.14600075781345367,100.0,1.9933724403381348,-0.004842461086809635,0.0017097360687330365,0.0,0.9999103546142578
1967,,,,,,,,-3.8998947143554688,3.3749998692655936e-05,-0.0004552021564450115,0.008644035086035728,0.4165189266204834,0.011919975280761719,224.0,0.14603617787361145,100.0,1.9933580160140991,-0.0042669144459068775,0.0011348810512572527,0.0,0.9999427795410156
1968,,,,,,,,-3.8980793952941895,1.4999999621068127e-05,-0.013722306117415428,0.005321303382515907,0.3944871425628662,0.012130975723266602,236.0,0.1460617333650589,100.0,1.9933580160140991,-0.003327770158648491,0.0016080704517662525,0.0,0.9999448657035828
1969,,,,,,,,-3.8975613117218018,7.593750342493877e-05,-0.006361867301166058,0.0037609587889164686,0.4094541072845459,0.012222051620483398,227.0,0.14606331288814545,100.0,1.993333101272583,-0.0055887713097035885,0.00011005387204932049,0.0,0.9999735951423645
1970,,,,,,,,-3.8943185806274414,1.4999999621068127e-05,-0.009934798814356327,0.0011220222804695368,0.41669297218322754,0.012295961380004883,223.0,0.14605772495269775,100.0,1.993324637413025,-0.0050544398836791515,0.0016963677480816841,0.0,0.9999213814735413
1971,,,,,,,,-3.891167163848877,1.4999999621068127e-05,-0.015208021737635136,0.006644591223448515,0.4063301086425781,0.012140989303588867,229.0,0.14610555768013,100.0,1.993321418762207,-0.0044064936228096485,0.0015936788404360414,0.0,0.9999396204948425
1972,,,,,,,,-3.8872580528259277,5.062499985797331e-05,-0.009629138745367527,0.0032725916244089603,0.4022552967071533,0.015279769897460938,229.0,0.14615167677402496,100.0,1.993321418762207,-0.003992937039583921,0.00036251559504307806,0.0,0.9999415278434753
1973,,,,,,,,-3.8874878883361816,5.062499985797331e-05,-0.012241276912391186,0.004063716158270836,0.40689992904663086,0.012376070022583008,228.0,0.1459445357322693,100.0,1.993316650390625,-0.004469850100576878,0.0007546386332251132,0.0,0.999964714050293
1974,,,,,,,,-3.8937411308288574,1.4999999621068127e-05,-0.012063518166542053,0.0007207025191746652,0.420642614364624,0.01228022575378418,221.0,0.14584983885288239,100.0,1.9933041334152222,-0.0047737411223351955,0.00011785808601416647,0.0,0.9999421238899231
1975,,,,,,,,-3.894043207168579,2.2500000341096893e-05,-0.02897637151181698,0.005070349667221308,0.5703160762786865,0.013151884078979492,164.0,0.14588655531406403,100.0,1.9932780265808105,-0.004531840328127146,0.002138435607776046,0.0,0.9999359250068665
1976,,,,,,,,-3.8909857273101807,5.062499985797331e-05,-0.016117408871650696,0.004864589311182499,0.40881776809692383,0.011961936950683594,228.0,0.1459415704011917,100.0,1.9932780265808105,-0.0038394422736018896,0.0013088107807561755,0.0,0.9999473690986633
1977,,,,,,,,-3.8909976482391357,2.2500000341096893e-05,-0.013442524708807468,0.004062633030116558,0.3940422534942627,0.011449813842773438,236.0,0.14589476585388184,100.0,1.993268370628357,-0.004283036570996046,0.001160541083663702,0.0,0.999957263469696
1978,,,,,,,,-3.892263174057007,2.2500000341096893e-05,-0.009419811889529228,0.0007794197299517691,0.4210507869720459,0.012139081954956055,221.0,0.1459004282951355,100.0,1.9932667016983032,-0.005583411082625389,2.19814843410715e-11,0.0,0.9999540448188782
1979,,,,,,,,-3.893178939819336,9.999999747378752e-06,-0.0122063672170043,0.006752937100827694,0.41844606399536133,0.011788606643676758,223.0,0.145827516913414,100.0,1.9932667016983032,-0.003630779916420579,0.002246802905574441,0.0,0.9999238848686218
1980,,,,,,,,-3.8986685276031494,5.062499985797331e-05,-0.007652588654309511,0.008547523990273476,0.41170215606689453,0.011690855026245117,226.0,0.14566496014595032,100.0,1.9932568073272705,-0.004193603992462158,0.0011751269921660423,0.0,0.9999461770057678
1981,,,,,,,,-3.911360740661621,9.999999747378752e-06,-0.019925102591514587,0.0024557877331972122,0.39389777183532715,0.01249384880065918,236.0,0.14558836817741394,100.0,1.9932568073272705,-0.003755600191652775,0.0015604797517880797,0.0,0.9999454021453857
1982,,,,,,,,-3.912102222442627,3.3749998692655936e-05,-0.011611562222242355,0.0024480093270540237,0.4207620620727539,0.011580944061279297,222.0,0.14566552639007568,100.0,1.9932518005371094,-0.004799529444426298,4.77823336453298e-11,0.0,0.9999656677246094
1983,,,,,,,,-3.9103381633758545,2.2500000341096893e-05,-0.01768367365002632,0.011183517053723335,0.42458534240722656,0.012645959854125977,219.0,0.1456541121006012,100.0,1.9932518005371094,-0.004496517591178417,0.002669738605618477,0.0,0.9999150633811951
1984,,,,,,,,-3.9132375717163086,2.2500000341096893e-05,-0.005825424566864967,0.007329689338803291,0.41737794876098633,0.012241840362548828,223.0,0.14565899968147278,100.0,1.993249535560608,-0.004263283684849739,0.001180575811304152,0.0,0.9999440312385559
1985,,,,,,,,-3.9132344722747803,1.4999999621068127e-05,-0.02694527618587017,0.0016567814163863659,0.3968372344970703,0.012019872665405273,234.0,0.14569221436977386,100.0,1.993249535560608,-0.004022798966616392,0.001269862405024469,0.0,0.99993497133255
1986,,,,,,,,-3.912004232406616,9.999999747378752e-06,-0.03370507061481476,0.0030462604481726885,0.423292875289917,0.01222085952758789,220.0,0.14572779834270477,100.0,1.9932585954666138,-0.004510380327701569,2.299361234747721e-08,0.0,0.9999737739562988
1987,,,,,,,,-3.9112343788146973,2.2500000341096893e-05,-0.009097099304199219,0.0037498250603675842,0.42432498931884766,0.012192964553833008,219.0,0.1457047164440155,100.0,1.9932597875595093,-0.005150027573108673,0.002248956821858883,0.0,0.9999136924743652
1988,,,,,,,,-3.9127888679504395,2.2500000341096893e-05,-0.01644386723637581,0.005616871640086174,0.4148750305175781,0.011570930480957031,225.0,0.14567774534225464,100.0,1.9932582378387451,-0.004356722813099623,0.0011731147533282638,0.0,0.9999448657035828
1989,,,,,,,,-3.910651922225952,2.2500000341096893e-05,-0.015590118244290352,0.0016386907082051039,0.39191579818725586,0.012228965759277344,237.0,0.14577043056488037,100.0,1.9932582378387451,-0.0032512194011360407,0.001076780608855188,0.0,0.9999322295188904
1990,,,,,,,,-3.906714677810669,2.2500000341096893e-05,-0.00852066371589899,0.0025980458594858646,0.4181549549102783,0.012196063995361328,223.0,0.145767480134964,100.0,1.993271827697754,-0.0043883295729756355,6.5934050326177385e-06,0.0,0.9999720454216003
1991,,,,,,,,-3.909085750579834,3.3749998692655936e-05,-0.024018967524170876,0.0016437495360150933,0.41763806343078613,0.011891841888427734,223.0,0.1456299126148224,100.0,1.993285059928894,-0.004419567529112101,0.0022934528533369303,0.0,0.9999110102653503
1992,,,,,,,,-3.916581869125366,5.062499985797331e-05,-0.010875048115849495,0.009406807832419872,0.4137401580810547,0.012707710266113281,225.0,0.14539289474487305,100.0,1.9932986497879028,-0.004561901558190584,0.0014665564522147179,0.0,0.9999430179595947
1993,,,,,,,,-3.9291093349456787,2.2500000341096893e-05,-0.026498539373278618,0.003484345506876707,0.40111494064331055,0.012577056884765625,232.0,0.1451285183429718,100.0,1.9932986497879028,-0.0035058269277215004,0.0013465103693306446,0.0,0.9999378323554993
1994,,,,,,,,-3.938769817352295,2.2500000341096893e-05,-0.018309760838747025,0.00326714338734746,0.41634607315063477,0.012562990188598633,223.0,0.145048588514328,100.0,1.9932944774627686,-0.004813283681869507,0.00017773971194401383,0.0,0.9999687075614929
1995,,,,,,,,-3.940798044204712,3.3749998692655936e-05,-0.006338999141007662,0.0008169393404386938,0.4219489097595215,0.01202082633972168,221.0,0.14509110152721405,100.0,1.9932972192764282,-0.004357919562608004,0.001189195434562862,0.0,0.9999187588691711
1996,,,,,,,,-3.9348161220550537,5.062499985797331e-05,-0.011237035505473614,0.009334651753306389,0.41401076316833496,0.01169729232788086,225.0,0.14529159665107727,100.0,1.993296504020691,-0.004269257187843323,0.0017800834029912949,0.0,0.9999416470527649
1997,,,,,,,,-3.9292197227478027,9.999999747378752e-06,-0.021352076902985573,0.003087308956310153,0.3978140354156494,0.01193690299987793,234.0,0.1453017294406891,100.0,1.993296504020691,-0.003283668542280793,0.0007661374402232468,0.0,0.9999440312385559
1998,,,,,,,,-3.930124044418335,3.3749998692655936e-05,-0.020499294623732567,0.002598727121949196,0.4108867645263672,0.012301206588745117,226.0,0.1453036367893219,100.0,1.9932893514633179,-0.005180733744055033,0.001313497661612928,0.0,0.999962329864502
1999,,,,,,,,-3.9253976345062256,1.4999999621068127e-05,-0.014586023986339569,0.0007828226080164313,0.420407772064209,0.01238393783569336,221.0,0.14546029269695282,100.0,1.9933102130889893,-0.005015629809349775,7.438467159934237e-15,0.0,0.9999334216117859
2000,,,,,,,,-3.920752763748169,9.999999747378752e-06,-0.027766505256295204,0.011402294039726257,0.4135558605194092,0.012084007263183594,225.0,0.1455012559890747,100.0,1.9933260679244995,-0.004045944195240736,0.0016298446571454406,0.0,0.9999294281005859
2001,,,,,,,,-3.9187984466552734,2.2500000341096893e-05,-0.021862536668777466,0.00600797263905406,0.41245579719543457,0.012511014938354492,225.0,0.1455419808626175,100.0,1.9933260679244995,-0.0035249937791377306,0.0010666027665138245,0.0,0.9999452233314514
2002,,,,,,,,-3.918731689453125,3.3749998692655936e-05,-0.015941904857754707,0.0041906763799488544,0.39417600631713867,0.012440204620361328,236.0,0.1454915553331375,100.0,1.9933021068572998,-0.0037507477682083845,0.0012259628856554627,0.0,0.99995356798172
2003,,,,,,,,-3.9226253032684326,9.999999747378752e-06,-0.022508013993501663,0.0009205757523886859,0.42434096336364746,0.012173891067504883,219.0,0.14549997448921204,100.0,1.993301272392273,-0.005554085597395897,2.2642478170187275e-11,0.0,0.99995356798172
2004,,,,,,,,-3.921959638595581,2.2500000341096893e-05,-0.020886359736323357,0.007375446613878012,0.4197969436645508,0.011667966842651367,222.0,0.14551551640033722,100.0,1.993301272392273,-0.0031369503121823072,0.00271544698625803,0.0,0.9999207854270935
2005,,,,,,,,-3.922924757003784,2.2500000341096893e-05,-0.009199165739119053,0.0045246584340929985,0.4124259948730469,0.01213693618774414,226.0,0.14544908702373505,100.0,1.993308186531067,-0.004255529493093491,0.0009606622043065727,0.0,0.9999451637268066
2006,,,,,,,,-3.9256722927093506,1.4999999621068127e-05,-0.00661506038159132,0.0034350829664617777,0.39563894271850586,0.012341737747192383,235.0,0.14545127749443054,100.0,1.993308186531067,-0.0039036280941218138,0.0008882044348865747,0.0,0.9999434947967529
2007,,,,,,,,-3.9225451946258545,5.062499985797331e-05,-0.01792295090854168,0.0020343237556517124,0.438457727432251,0.012201070785522461,213.0,0.14555393159389496,100.0,1.9932963848114014,-0.0045876833610236645,5.819046980382048e-11,0.0,0.9999704957008362
2008,,,,,,,,-3.913221597671509,1.4999999621068127e-05,-0.0251211766153574,0.01673194207251072,0.41704583168029785,0.012629032135009766,223.0,0.14570209383964539,100.0,1.9932974576950073,-0.004184094723314047,0.0016009332612156868,0.0,0.9999158382415771
2009,,,,,,,,-3.9068186283111572,3.3749998692655936e-05,-0.006007727235555649,0.007284363731741905,0.41555190086364746,0.013200044631958008,223.0,0.14581049978733063,100.0,1.9933046102523804,-0.004086899105459452,0.0009614121518097818,0.0,0.9999494552612305
2010,,,,,,,,-3.9021973609924316,2.2500000341096893e-05,-0.007472434546798468,0.009126625955104828,0.3865339756011963,0.012301921844482422,240.0,0.1458679884672165,100.0,1.9933046102523804,-0.003610256128013134,0.0009867375483736396,0.0,0.9999430775642395
2011,,,,,,,,-3.90231990814209,2.2500000341096893e-05,-0.011506300419569016,0.0008329969714395702,0.42547082901000977,0.012797355651855469,219.0,0.1458956003189087,100.0,1.9932901859283447,-0.005030870903283358,1.6049443729571067e-07,0.0,0.9999811053276062
2012,,,,,,,,-3.903156042098999,2.2500000341096893e-05,-0.013905493542551994,0.0027498044073581696,0.4190678596496582,0.012516975402832031,222.0,0.14587059617042542,100.0,1.9932926893234253,-0.004662410356104374,0.0026267245411872864,0.0,0.9999082684516907
2013,,,,,,,,-3.9046685695648193,2.2500000341096893e-05,-0.010016996413469315,0.0067154401913285255,0.41609907150268555,0.011904001235961914,224.0,0.1458151638507843,100.0,1.9932925701141357,-0.00423023197799921,0.0008074332145042717,0.0,0.9999458193778992
2014,,,,,,,,-3.9025609493255615,1.4999999621068127e-05,-0.023434147238731384,0.0014263639459386468,0.39248204231262207,0.012710094451904297,236.0,0.14587834477424622,100.0,1.9932925701141357,-0.0039419149979949,0.0008136953110806644,0.0,0.9999386668205261
2015,,,,,,,,-3.897966146469116,2.2500000341096893e-05,-0.013170458376407623,0.003692547557875514,0.4176151752471924,0.011886119842529297,223.0,0.14594438672065735,100.0,1.9932911396026611,-0.0049632638692855835,4.3092036321468186e-06,0.0,0.9999778866767883
2016,,,,,,,,-3.895723581314087,9.999999747378752e-06,-0.017910195514559746,0.0021197686437517405,0.418194055557251,0.012638092041015625,222.0,0.14596696197986603,100.0,1.9932835102081299,-0.0044671157374978065,0.0023481075186282396,0.0,0.9999086856842041
2017,,,,,,,,-3.8956868648529053,3.3749998692655936e-05,-0.01105828583240509,0.007496426813304424,0.4154486656188965,0.01221609115600586,224.0,0.1459392011165619,100.0,1.993272304534912,-0.00442520109936595,0.0013502856018021703,0.0,0.9999432563781738
2018,,,,,,,,-3.9009904861450195,1.4999999621068127e-05,-0.01505973655730486,0.00244139414280653,0.41916799545288086,0.011777877807617188,222.0,0.14585359394550323,100.0,1.993272304534912,-0.0032604187726974487,0.0014015687629580498,0.0,0.9999386668205261
2019,,,,,,,,-3.90625262260437,1.4999999621068127e-05,-0.010604719631373882,0.002404126338660717,0.41318202018737793,0.012048959732055664,225.0,0.14578478038311005,100.0,1.993273377418518,-0.004661174025386572,0.00017110707995016128,0.0,0.9999710917472839
2020,,,,,,,,-3.9097983837127686,9.999999747378752e-06,-0.01878323405981064,0.0008305038791149855,0.414780855178833,0.012407064437866211,224.0,0.14572060108184814,100.0,1.9933019876480103,-0.00478702737018466,0.0011886833235621452,0.0,0.999921977519989
2021,,,,,,,,-3.9121017456054688,1.4999999621068127e-05,-0.021543452516198158,0.0071994708850979805,0.4131889343261719,0.012632131576538086,225.0,0.14569677412509918,100.0,1.9933205842971802,-0.004125713836401701,0.0016475515440106392,0.0,0.999940812587738
2022,,,,,,,,-3.9124138355255127,2.2500000341096893e-05,-0.013791416771709919,0.005193699151277542,0.3955111503601074,0.012207746505737305,235.0,0.14569179713726044,100.0,1.9933205842971802,-0.003971697296947241,0.0003801426209975034,0.0,0.9999386668205261
2023,,,,,,,,-3.9126393795013428,1.4999999621068127e-05,-0.026226045563817024,0.005274334456771612,0.40750598907470703,0.013036012649536133,228.0,0.14565503597259521,100.0,1.9932973384857178,-0.004485040903091431,0.000945158360991627,0.0,0.9999633431434631
2024,,,,,,,,-3.913327217102051,7.593750342493877e-05,-0.007685528602451086,0.0020581267308443785,0.4156060218811035,0.012135028839111328,224.0,0.1456773579120636,100.0,1.9933019876480103,-0.004179385956376791,2.316938189716951e-17,0.0,0.9999355673789978
2025,,,,,,,,-3.912775993347168,2.2500000341096893e-05,-0.016142256557941437,0.0045311483554542065,0.4036381244659424,0.012526750564575195,230.0,0.14570946991443634,100.0,1.9932955503463745,-0.003919803071767092,0.0023436052724719048,0.0,0.9999275207519531
2026,,,,,,,,-3.913959503173828,1.4999999621068127e-05,-0.015645142644643784,0.004941586405038834,0.40760111808776855,0.012512683868408203,228.0,0.14567513763904572,100.0,1.9932955503463745,-0.003588935360312462,0.0008946745656430721,0.0,0.999941885471344
2027,,,,,,,,-3.9147417545318604,2.2500000341096893e-05,-0.01252283900976181,0.0036319263745099306,0.3859429359436035,0.011771202087402344,241.0,0.1456701159477234,100.0,1.9933189153671265,-0.003630392486229539,0.0013859361642971635,0.0,0.9999492764472961
2028,,,,,,,,-3.915178060531616,1.4999999621068127e-05,-0.030163589864969254,0.000753662025090307,0.41794586181640625,0.01184701919555664,223.0,0.14565393328666687,100.0,1.99331533908844,-0.005633132066577673,2.165802086284696e-11,0.0,0.9999544024467468
2029,,,,,,,,-3.917442798614502,1.4999999621068127e-05,-0.014494918286800385,0.01104082353413105,0.416517972946167,0.011828899383544922,224.0,0.1455831527709961,100.0,1.99331533908844,-0.0037021003663539886,0.0021611216943711042,0.0,0.9999224543571472
2030,,,,,,,,-3.920606851577759,5.062499985797331e-05,-0.015211616642773151,0.004617980681359768,0.4138450622558594,0.012211084365844727,225.0,0.14553192257881165,100.0,1.9933186769485474,-0.003743851790204644,0.0012366730952635407,0.0,0.9999451637268066
2031,,,,,,,,-3.9224932193756104,1.4999999621068127e-05,-0.022850997745990753,0.00587636511772871,0.39716005325317383,0.012187004089355469,234.0,0.1455741673707962,100.0,1.9933186769485474,-0.003484173445031047,0.00102339091245085,0.0,0.9999483227729797
2032,,,,,,,,-3.922067880630493,5.062499985797331e-05,-0.0015565610956400633,0.0010530567960813642,0.520042896270752,0.014338016510009766,179.0,0.1455998718738556,100.0,1.99332594871521,-0.0046720546670258045,2.0045781923272443e-08,0.0,0.9999708533287048
2033,,,,,,,,-3.9245500564575195,3.3749998692655936e-05,-0.008370802737772465,0.010685466229915619,0.5608561038970947,0.018327951431274414,165.0,0.14555250108242035,100.0,1.9933346509933472,-0.00446536997333169,0.0021168061066418886,0.0,0.9999158978462219
2034,,,,,,,,-3.92764949798584,2.2500000341096893e-05,-0.01976119913160801,0.004797976464033127,0.45830202102661133,0.011945962905883789,204.0,0.14555038511753082,100.0,1.9933346509933472,-0.004852128680795431,0.0009137019515037537,0.0,0.9999470710754395
2035,,,,,,,,-3.927975654602051,1.4999999621068127e-05,-0.01289046835154295,0.013397530652582645,0.40491700172424316,0.011748075485229492,230.0,0.1455971598625183,100.0,1.9933346509933472,-0.004217597655951977,0.0008050260948948562,0.0,0.9999396204948425
2036,,,,,,,,-3.9226272106170654,7.593750342493877e-05,-0.006236526649445295,0.0006626966642215848,0.4182751178741455,0.012167930603027344,223.0,0.14584308862686157,100.0,1.993341088294983,-0.0047106267884373665,1.4991105956596584e-07,0.0,0.9999786019325256
2037,,,,,,,,-3.9072489738464355,1.4999999621068127e-05,-0.01458730548620224,0.0023777943570166826,0.41712021827697754,0.011547088623046875,223.0,0.14597320556640625,100.0,1.9933196306228638,-0.0046550980769097805,0.001953846774995327,0.0,0.9999095797538757
2038,,,,,,,,-3.909803628921509,0.00011390625149942935,-0.010366110131144524,0.004815512802451849,0.41327905654907227,0.012701749801635742,225.0,0.14562754333019257,100.0,1.9933069944381714,-0.004280914086848497,0.0008777353796176612,0.0,0.9999468922615051
2039,,,,,,,,-3.9458608627319336,3.3749998692655936e-05,-0.01483219675719738,0.0013014510041102767,0.3982079029083252,0.012390851974487305,233.0,0.14490742981433868,100.0,1.9933069944381714,-0.003392608603462577,0.0007933182641863823,0.0,0.9999424815177917
2040,,,,,,,,-3.967618227005005,2.2500000341096893e-05,-0.0055987900123000145,0.0035974839702248573,0.4214789867401123,0.012205123901367188,221.0,0.14475926756858826,100.0,1.993315577507019,-0.004651236813515425,5.6722096815065015e-06,0.0,0.9999796748161316
2041,,,,,,,,-3.973784923553467,5.062499985797331e-05,-0.0151186753064394,0.0016694423975422978,0.4206867218017578,0.012267112731933594,221.0,0.14470259845256805,100.0,1.9933252334594727,-0.00424974737688899,0.0025693520437926054,0.0,0.9999136924743652
2042,,,,,,,,-3.976224899291992,9.999999747378752e-06,-0.011416587978601456,0.0072832368314266205,0.4121100902557373,0.012069940567016602,226.0,0.1446438729763031,100.0,1.9933301210403442,-0.004410649184137583,0.0009284461266361177,0.0,0.9999456405639648
2043,,,,,,,,-3.9769303798675537,2.2500000341096893e-05,-0.008648929186165333,0.004682381637394428,0.3922770023345947,0.011919260025024414,237.0,0.14466023445129395,100.0,1.9933301210403442,-0.0035200733691453934,0.0009552769479341805,0.0,0.9999468922615051
2044,,,,,,,,-3.976388931274414,1.4999999621068127e-05,-0.013086498714983463,0.0033337753266096115,0.41220521926879883,0.012131929397583008,226.0,0.1445973664522171,100.0,1.993359923362732,-0.0048426114954054356,0.00018809190078172833,0.0,0.9999761581420898
2045,,,,,,,,-3.977490186691284,3.3749998692655936e-05,-0.014656695537269115,0.0008545800810679793,0.4162590503692627,0.012537240982055664,223.0,0.14462809264659882,100.0,1.993364930152893,-0.0048554521054029465,0.0013967403210699558,0.0,0.999923050403595
2046,,,,,,,,-3.972195863723755,2.2500000341096893e-05,-0.015758724883198738,0.011054348200559616,0.41414308547973633,0.012523889541625977,224.0,0.1447146236896515,100.0,1.9933509826660156,-0.004249501973390579,0.0012415177188813686,0.0,0.9999412894248962
2047,,,,,,,,-3.9718470573425293,2.2500000341096893e-05,-0.007731608115136623,0.005956112872809172,0.39429473876953125,0.012052059173583984,236.0,0.14464914798736572,100.0,1.9933509826660156,-0.004147667903453112,0.0003686198906507343,0.0,0.9999455809593201
2048,,,,,,,,-3.9765260219573975,5.062499985797331e-05,-0.011090963147580624,0.0035315987188369036,0.41619420051574707,0.011945962905883789,224.0,0.14450547099113464,100.0,1.993353009223938,-0.0048990193754434586,0.0009939131559804082,0.0,0.9999661445617676
2049,,,,,,,,-3.9825754165649414,3.3749998692655936e-05,-0.01630750671029091,0.0006145013030618429,0.4451749324798584,0.01209712028503418,209.0,0.14442884922027588,100.0,1.9933362007141113,-0.00458016199991107,5.58188658033032e-05,0.0,0.99993896484375
2050,,,,,,,,-3.9815218448638916,9.999999747378752e-06,-0.014396781101822853,0.005685071926563978,0.412708044052124,0.012290716171264648,225.0,0.14444905519485474,100.0,1.993345856666565,-0.003956898115575314,0.0022541501093655825,0.0,0.9999339580535889
2051,,,,,,,,-3.9799304008483887,2.2500000341096893e-05,-0.014251621440052986,0.0030524632893502712,0.4111301898956299,0.012468814849853516,226.0,0.1444448083639145,100.0,1.993345856666565,-0.003949741367250681,0.0011339645134285092,0.0,0.9999472498893738
2052,,,,,,,,-3.980607509613037,2.2500000341096893e-05,-0.01649465411901474,0.002682037651538849,0.3870227336883545,0.012629032135009766,240.0,0.1443718522787094,100.0,1.9933607578277588,-0.0033058784902095795,0.0012714472832158208,0.0,0.9999549984931946
2053,,,,,,,,-3.9829845428466797,9.999999747378752e-06,-0.02699761837720871,0.000722056720405817,0.4236152172088623,0.013008832931518555,219.0,0.1443585902452469,100.0,1.9933760166168213,-0.004870101343840361,3.9227506659633704e-11,0.0,0.9999516010284424
2054,,,,,,,,-3.982142448425293,3.3749998692655936e-05,-0.021598709747195244,0.008554341271519661,0.41722607612609863,0.01233673095703125,223.0,0.1444006711244583,100.0,1.9933760166168213,-0.003471504198387265,0.0017920155078172684,0.0,0.9999248385429382
2055,,,,,,,,-3.9787068367004395,9.999999747378752e-06,-0.01030900701880455,0.002869911026209593,0.41394996643066406,0.012130022048950195,225.0,0.14443957805633545,100.0,1.9933933019638062,-0.004119663964956999,0.0011740815825760365,0.0,0.9999447464942932
2056,,,,,,,,-3.9771533012390137,7.593750342493877e-05,-0.012282488867640495,0.0028241509571671486,0.3923802375793457,0.01193094253540039,237.0,0.14446476101875305,100.0,1.9933933019638062,-0.0034398019779473543,0.00170070247258991,0.0,0.9999434351921082
2057,,,,,,,,-3.9742345809936523,1.4999999621068127e-05,-0.02421918697655201,0.0010738000273704529,0.4220719337463379,0.012284994125366211,221.0,0.144499734044075,100.0,1.9934059381484985,-0.005057880654931068,1.1490611795395012e-09,0.0,0.9999651908874512
2058,,,,,,,,-3.974644660949707,3.3749998692655936e-05,-0.011313310824334621,0.011005603708326817,0.42243409156799316,0.012230157852172852,220.0,0.14449451863765717,100.0,1.9934076070785522,-0.004188921768218279,0.0018368157325312495,0.0,0.9999122619628906
2059,,,,,,,,-3.9790749549865723,3.3749998692655936e-05,-0.0100880591198802,0.009000800549983978,0.41656017303466797,0.012273788452148438,223.0,0.14445440471172333,100.0,1.993424415588379,-0.004210783634334803,0.001290994114242494,0.0,0.9999473094940186
2060,,,,,,,,-3.9816248416900635,1.4999999621068127e-05,-0.010508454404771328,0.007397124543786049,0.3893101215362549,0.012484073638916016,238.0,0.14441949129104614,100.0,1.993424415588379,-0.003582136705517769,0.0010804174235090613,0.0,0.999941349029541
2061,,,,,,,,-3.982783794403076,1.4999999621068127e-05,-0.008508775383234024,0.000637112301774323,0.4230978488922119,0.012042045593261719,220.0,0.1444263756275177,100.0,1.9934237003326416,-0.004995372612029314,1.3226834028046142e-07,0.0,0.9999775290489197
2062,,,,,,,,-3.982151985168457,2.2500000341096893e-05,-0.023455273360013962,0.0031280899420380592,0.4188218116760254,0.012527227401733398,222.0,0.14446000754833221,100.0,1.9934262037277222,-0.004940432962030172,0.002675470896065235,0.0,0.9999091029167175
2063,,,,,,,,-3.982637882232666,7.593750342493877e-05,-0.007976096123456955,0.0038956657517701387,0.41266918182373047,0.012040853500366211,226.0,0.14441856741905212,100.0,1.9934476613998413,-0.004784539341926575,0.0007704133167862892,0.0,0.9999465346336365
2064,,,,,,,,-3.990089178085327,3.3749998692655936e-05,-0.017690623179078102,0.0012660365318879485,0.393690824508667,0.011441946029663086,236.0,0.14430873095989227,100.0,1.9934476613998413,-0.0036262860521674156,0.0009805257432162762,0.0,0.9999383091926575
2065,,,,,,,,-3.9959917068481445,9.999999747378752e-06,-0.025021515786647797,0.005147878080606461,0.421428918838501,0.01229715347290039,221.0,0.14430852234363556,100.0,1.993462085723877,-0.004556805361062288,5.223604603088461e-06,0.0,0.9999785423278809
2066,,,,,,,,-3.9931442737579346,7.593750342493877e-05,-0.007937319576740265,0.002139871008694172,0.42148613929748535,0.012813806533813477,221.0,0.14449448883533478,100.0,1.993442416191101,-0.004871022887527943,0.001815982279367745,0.0,0.9999127388000488
2067,,,,,,,,-3.978423595428467,1.4999999621068127e-05,-0.015037273056805134,0.0072435359470546246,0.42329907417297363,0.012186765670776367,220.0,0.14466626942157745,100.0,1.9934312105178833,-0.004361668601632118,0.001210176502354443,0.0,0.9999434947967529
2068,,,,,,,,-3.9741804599761963,9.999999747378752e-06,-0.013722816482186317,0.005266793072223663,0.3964691162109375,0.012101888656616211,234.0,0.14467275142669678,100.0,1.9934312105178833,-0.0034251126926392317,0.000839220592752099,0.0,0.999934732913971
2069,,,,,,,,-3.973846197128296,1.4999999621068127e-05,-0.025757787749171257,0.006208676379173994,0.4164743423461914,0.012416839599609375,223.0,0.14467692375183105,100.0,1.9934287071228027,-0.004899907391518354,0.00012673475430347025,0.0,0.9999659657478333
2070,,,,,,,,-3.972578287124634,9.999999747378752e-06,-0.020706716924905777,0.001008719438686967,0.4187169075012207,0.011709213256835938,223.0,0.1447153389453888,100.0,1.9934419393539429,-0.004806284327059984,0.0013370089000090957,0.0,0.9999186396598816
2071,,,,,,,,-3.9694862365722656,3.3749998692655936e-05,-0.014249577187001705,0.012080265209078789,0.4147226810455322,0.01205301284790039,224.0,0.14486198127269745,100.0,1.9934337139129639,-0.0039591859094798565,0.0011641046730801463,0.0,0.9999386668205261
2072,,,,,,,,-3.9595437049865723,5.062499985797331e-05,0.0007926890975795686,0.006712012458592653,0.39372801780700684,0.012611150741577148,236.0,0.14505580067634583,100.0,1.9934337139129639,-0.004201227333396673,0.00033395260106772184,0.0,0.999940812587738
2073,,,,,,,,-3.955073118209839,2.2500000341096893e-05,-0.01644979603588581,0.005814400501549244,0.4036140441894531,0.01183009147644043,231.0,0.14506137371063232,100.0,1.9934380054473877,-0.0045846630819141865,0.0006632067379541695,0.0,0.9999611973762512
2074,,,,,,,,-3.9557957649230957,2.2500000341096893e-05,-0.019603462889790535,0.0008215077687054873,0.4165818691253662,0.011831045150756836,224.0,0.14514067769050598,100.0,1.9934347867965698,-0.004436078015714884,7.267036562552676e-05,0.0,0.9999340176582336
2075,,,,,,,,-3.9493627548217773,7.593750342493877e-05,-0.012822684831917286,0.012832033447921276,0.4002261161804199,0.012263059616088867,232.0,0.1454642117023468,100.0,1.9934186935424805,-0.004147588741034269,0.002310192445293069,0.0,0.9999323487281799
2076,,,,,,,,-3.9337775707244873,9.999999747378752e-06,-0.015250294469296932,0.003847834886983037,0.4085068702697754,0.012820005416870117,227.0,0.14564530551433563,100.0,1.9934186935424805,-0.0040879203006625175,0.0010834498098120093,0.0,0.9999372959136963
2077,,,,,,,,-3.9289474487304688,0.00011390625149942935,0.00015840325795579702,0.0057721808552742004,0.39304327964782715,0.012822628021240234,236.0,0.14580895006656647,100.0,1.99342679977417,-0.003623249242082238,0.0009635723545216024,0.0,0.9999480247497559
2078,,,,,,,,-3.9193897247314453,2.2500000341096893e-05,-0.013840253464877605,0.0009337308001704514,0.4241650104522705,0.011860132217407227,220.0,0.14600870013237,100.0,1.9934396743774414,-0.005309674888849258,8.369940296404366e-10,0.0,0.999950647354126
2079,,,,,,,,-3.9153506755828857,3.3749998692655936e-05,-0.008678879588842392,0.013754179701209068,0.4100921154022217,0.012165069580078125,227.0,0.14605660736560822,100.0,1.9934396743774414,-0.0044466229155659676,0.0022828830406069756,0.0,0.999923050403595
