iteration,Episode_Reward/action_rate_l2,Episode_Reward/joint_limit,Episode_Reward/motion_body_ang_vel,Episode_Reward/motion_body_lin_vel,Episode_Reward/motion_body_ori,Episode_Reward/motion_body_pos,Episode_Reward/motion_global_root_ori,Episode_Reward/motion_global_root_pos,Episode_Reward/motion_joint_pos,Episode_Reward/motion_joint_vel,Episode_Termination/anchor_ori,Episode_Termination/anchor_pos,Episode_Termination/clip_end,Episode_Termination/ee_body_pos,Episode_Termination/fallen,Episode_Termination/incidental_bat_support,Episode_Termination/time_out,Loss/entropy,Loss/learning_rate,Loss/surrogate,Loss/value,Metrics/motion/error_anchor_ang_vel,Metrics/motion/error_anchor_lin_vel,Metrics/motion/error_anchor_pos,Metrics/motion/error_anchor_rot,Metrics/motion/error_body_ang_vel,Metrics/motion/error_body_lin_vel,Metrics/motion/error_body_pos,Metrics/motion/error_body_rot,Metrics/motion/error_joint_pos,Metrics/motion/error_joint_vel,Metrics/motion/sampling_entropy,Metrics/motion/sampling_top1_bin,Metrics/motion/sampling_top1_prob,Perf/collection_time,Perf/learning_time,Perf/total_fps,Policy/mean_std,Train/mean_episode_length,Train/mean_reward,reward/action_rate_l2,reward/joint_limit,reward/motion_body_ang_vel,reward/motion_body_lin_vel,reward/motion_body_ori,reward/motion_body_pos,reward/motion_global_root_ori,reward/motion_global_root_pos,reward/motion_joint_pos,reward/motion_joint_vel
0,,,,,,,,,,,,,,,,,,-25.6324405670166,2.60122942563612e-05,0.19717438519001007,0.8424168229103088,,,,,,,,,,,,,,9.858986854553223,0.029946088790893555,19.0,0.09999819099903107,,,-0.059502869844436646,0.0,0.9917094111442566,0.9985194206237793,0.9966505169868469,0.9997866749763489,0.49872303009033203,0.4998638331890106,0.996323823928833,0.0
1,,,,,,,,,,,,,,,,,,-25.629209518432617,9.999999747378752e-06,-0.03052881918847561,1.0026929378509521,,,,,,,,,,,,,,8.632969856262207,0.021369218826293945,22.0,0.10000324994325638,,,-0.061104025691747665,0.0,0.9886693954467773,0.9966111183166504,0.9883349537849426,0.9988769888877869,0.49516597390174866,0.49903056025505066,0.9884057641029358,0.0
2,,,,,,,,,,,,,,,,,,-25.630159378051758,3.3749998692655936e-05,-0.03201986476778984,0.9421200752258301,,,,,,,,,,,,,,10.220053672790527,0.022464990615844727,18.0,0.09998610615730286,,,-0.05715872719883919,0.0,0.9831326603889465,0.9933445453643799,0.9847287535667419,0.9980427622795105,0.4931105077266693,0.4963754713535309,0.9845032691955566,0.0
3,,,,,,,,,,,,,,,,,,-25.624244689941406,1.4999999621068127e-05,-0.039167892187833786,0.8143688440322876,,,,,,,,,,,,,,9.256473541259766,0.037043094635009766,20.0,0.10005490481853485,,,-0.058808740228414536,0.0,0.979888379573822,0.9892533421516418,0.9717428088188171,0.9964511394500732,0.487811416387558,0.49226251244544983,0.9751414656639099,0.0
4,,,,,,,,,,,,,,,,,,-25.607791900634766,1.4999999621068127e-05,-0.036219216883182526,0.7646927237510681,,,,,,,,,,,,,,9.638815879821777,0.025722980499267578,19.0,0.10009712725877762,,,-0.059094205498695374,0.0,0.9658150672912598,0.9467642903327942,0.9081447720527649,0.9767044186592102,0.4542423486709595,0.46416330337524414,0.9627470970153809,0.0
5,,,,,,,,,,,,,,,,,,-25.595779418945312,2.2500000341096893e-05,-0.0395788699388504,0.7121238708496094,,,,,,,,,,,,,,8.526012420654297,0.020761966705322266,22.0,0.1001485288143158,127.0,13.380172729492188,-0.06092994287610054,0.0,0.9449726939201355,0.9017483592033386,0.8790455460548401,0.9562327265739441,0.4443581998348236,0.4379843473434448,0.9681463837623596,0.0
6,,,,,,,,,,,,,,,,,,-25.5719051361084,2.2500000341096893e-05,-0.03659486398100853,0.6833857297897339,,,,,,,,,,,,,,8.891908645629883,0.025995969772338867,21.0,0.10026920586824417,146.0,15.837465286254883,-0.05912811681628227,0.0,0.9413394331932068,0.9153413772583008,0.8992893099784851,0.957428514957428,0.4571402370929718,0.44752851128578186,0.9659221768379211,0.0
7,,,,,,,,,,,,,,,,,,-25.546199798583984,1.4999999621068127e-05,-0.03968367725610733,0.6216815710067749,,,,,,,,,,,,,,8.491752624511719,0.025628089904785156,22.0,0.10030534118413925,135.1999969482422,15.11386775970459,-0.06113779544830322,0.0,0.9677367210388184,0.9887478947639465,0.969651460647583,0.9975290298461914,0.4873315393924713,0.49771103262901306,0.9728589057922363,0.0
8,,,,,,,,,,,,,,,,,,-25.541915893554688,2.2500000341096893e-05,-0.0344722680747509,0.6519465446472168,,,,,,,,,,,,,,8.074864387512207,0.021745920181274414,23.0,0.1003049835562706,135.1999969482422,15.11386775970459,-0.06174647808074951,0.0,0.9718238711357117,0.9722707271575928,0.9305369257926941,0.9900957942008972,0.4729810059070587,0.48194360733032227,0.9594168663024902,0.0
9,,,,,,,,,,,,,,,,,,-25.541494369506836,2.2500000341096893e-05,-0.033911313861608505,0.6556927561759949,,,,,,,,,,,,,,7.929182052612305,0.022090911865234375,24.0,0.10031358897686005,177.55555725097656,20.19503402709961,-0.06154482439160347,0.0,0.9552299380302429,0.907325804233551,0.8723876476287842,0.9636293053627014,0.4467187225818634,0.4449690580368042,0.9539902806282043,0.0
10,,,,,,,,,,,,,,,,,,-25.53622055053711,2.2500000341096893e-05,-0.05015695095062256,0.6167054176330566,,,,,,,,,,,,,,10.094047546386719,0.021884918212890625,18.0,0.10034836083650589,177.55555725097656,20.19503402709961,-0.06115790084004402,0.0,0.9893584847450256,0.9942378997802734,0.9673503041267395,0.996213972568512,0.492718368768692,0.4900261461734772,0.9747628569602966,0.0
11,,,,,,,,,,,,,,,,,,-25.531360626220703,1.4999999621068127e-05,-0.03308664634823799,0.5438560247421265,,,,,,,,,,,,,,8.200445175170898,0.02040696144104004,23.0,0.10033855587244034,177.55555725097656,20.19503402709961,-0.05989387631416321,0.0,0.9856135249137878,0.973879873752594,0.9343323111534119,0.98701411485672,0.4768747389316559,0.466659814119339,0.9625139832496643,0.0
12,,,,,,,,,,,,,,,,,,-25.533855438232422,3.3749998692655936e-05,-0.03399575874209404,0.45597586035728455,,,,,,,,,,,,,,7.8324480056762695,0.020345211029052734,24.0,0.10035012662410736,177.55555725097656,20.19503402709961,-0.05951077863574028,0.0,0.9727999567985535,0.9223448634147644,0.8447601199150085,0.9487540125846863,0.4516547918319702,0.408718079328537,0.9261786937713623,0.0
13,,,,,,,,,,,,,,,,,,-25.526945114135742,2.2500000341096893e-05,-0.034458938986063004,0.6703495383262634,,,,,,,,,,,,,,8.116445541381836,0.024827241897583008,23.0,0.1003793329000473,165.8333282470703,18.725933074951172,-0.06081467866897583,-6.872866720186721e-08,0.9570519328117371,0.8928179144859314,0.8113887310028076,0.9413623213768005,0.42009660601615906,0.40163516998291016,0.9327325224876404,0.0
14,,,,,,,,,,,,,,,,,,-25.5202693939209,2.2500000341096893e-05,-0.03391936048865318,0.9819401502609253,,,,,,,,,,,,,,7.976925849914551,0.023939132690429688,23.0,0.10040352493524551,166.06666564941406,18.713665008544922,-0.0629241093993187,-2.908115526167876e-08,0.9522050023078918,0.9180538058280945,0.881169319152832,0.9542919993400574,0.44735240936279297,0.44652244448661804,0.9581613540649414,0.0
15,,,,,,,,,,,,,,,,,,-25.513790130615234,2.2500000341096893e-05,-0.03392663970589638,0.42562708258628845,,,,,,,,,,,,,,8.272393226623535,0.021374940872192383,23.0,0.10041256248950958,166.06666564941406,18.713665008544922,-0.06193524971604347,0.0,0.9762232899665833,0.9499454498291016,0.9258005023002625,0.9806650280952454,0.4702332317829132,0.46743810176849365,0.9734812378883362,0.0
16,-0.01715281791985035,0.0,0.2710987329483032,0.25957387685775757,0.2480849027633667,0.2717004120349884,0.12688787281513214,0.12679342925548553,0.26914533972740173,0.0,0.0,0.0,0.0,1.0,0.0,0.0,0.0,-25.514652252197266,3.3749998692655936e-05,-0.03170355036854744,0.4546165466308594,2.096571207046509,1.5664167404174805,0.4850967228412628,0.6034594178199768,2.1068902015686035,1.293334722518921,0.215252086520195,0.6271721720695496,0.3749523460865021,2.1296744346618652,1.0,0.5,0.09090909361839294,8.847322463989258,0.020614147186279297,21.0,0.10041327029466629,164.875,18.56527328491211,-0.06116170808672905,0.0,0.9847655892372131,0.9886959195137024,0.9659947752952576,0.9949906468391418,0.4882442057132721,0.49188360571861267,0.9693892598152161,0.0
17,,,,,,,,,,,,,,,,,,-25.507587432861328,2.2500000341096893e-05,-0.0409984365105629,0.32780197262763977,,,,,,,,,,,,,,8.351216316223145,0.028748035430908203,22.0,0.10045796632766724,157.4705810546875,17.744718551635742,-0.06106958165764809,0.0,0.9820840954780579,0.9890176653862,0.9429119229316711,0.9944555163383484,0.47992464900016785,0.4896053373813629,0.9505171775817871,0.0
18,,,,,,,,,,,,,,,,,,-25.496639251708984,1.4999999621068127e-05,-0.04098185896873474,0.2801254987716675,,,,,,,,,,,,,,8.324199676513672,0.02119302749633789,23.0,0.10048756748437881,160.11111450195312,18.08287239074707,-0.05932869017124176,0.0,0.9847121834754944,0.9841439723968506,0.9130441546440125,0.9892727732658386,0.4630805552005768,0.480060338973999,0.9430378079414368,0.0
19,,,,,,,,,,,,,,,,,,-25.48865509033203,3.3749998692655936e-05,-0.027190174907445908,0.9340229630470276,,,,,,,,,,,,,,8.025832176208496,0.02085089683532715,23.0,0.10052110999822617,158.3157958984375,17.856849670410156,-0.05880539491772652,0.0,0.9656465649604797,0.9378744959831238,0.8885906338691711,0.9714546799659729,0.44008490443229675,0.4560219943523407,0.9650256037712097,0.0
20,,,,,,,,,,,,,,,,,,-25.468185424804688,2.2500000341096893e-05,-0.03873027116060257,0.2662639021873474,,,,,,,,,,,,,,8.474617958068848,0.020768165588378906,22.0,0.10062351077795029,158.3157958984375,17.856849670410156,-0.060685425996780396,0.0,0.9600668549537659,0.9601106643676758,0.9092196822166443,0.9757750034332275,0.44125473499298096,0.4654172956943512,0.9755544662475586,0.0
21,,,,,,,,,,,,,,,,,,-25.44740867614746,2.2500000341096893e-05,-0.027272045612335205,0.7931569218635559,,,,,,,,,,,,,,8.875815391540527,0.021024703979492188,21.0,0.10066242516040802,160.04762268066406,18.034677505493164,-0.061853449791669846,0.0,0.9670209884643555,0.9718233942985535,0.964817225933075,0.9864367842674255,0.4786185026168823,0.4874819815158844,0.9875707626342773,0.0
22,,,,,,,,,,,,,,,,,,-25.439504623413086,2.2500000341096893e-05,-0.03589190915226936,0.2657087743282318,,,,,,,,,,,,,,8.899788856506348,0.020663738250732422,21.0,0.10067775100469589,158.09091186523438,17.84297752380371,-0.059991683810949326,0.0,0.9741653800010681,0.9910340905189514,0.9873453974723816,0.9988306164741516,0.4906124174594879,0.4996209144592285,0.9901905059814453,0.0
23,,,,,,,,,,,,,,,,,,-25.44017219543457,1.4999999621068127e-05,-0.03736886382102966,0.2597903907299042,,,,,,,,,,,,,,8.396747589111328,0.024794816970825195,22.0,0.10066135227680206,164.9166717529297,18.683439254760742,-0.061048392206430435,-1.9599302447659284e-07,0.9747238159179688,0.9892092347145081,0.9790235161781311,0.9975211024284363,0.4881245195865631,0.49793314933776855,0.9849734306335449,0.0
24,,,,,,,,,,,,,,,,,,-25.446090698242188,2.2500000341096893e-05,-0.028640463948249817,0.22412140667438507,,,,,,,,,,,,,,8.298785209655762,0.021044015884399414,23.0,0.10064134001731873,168.39999389648438,19.11153793334961,-0.06399931758642197,-1.0597219990415851e-08,0.9697001576423645,0.9779205322265625,0.9739952087402344,0.9940913319587708,0.4855611324310303,0.484675794839859,0.9837737083435059,0.0
25,,,,,,,,,,,,,,,,,,-25.446474075317383,2.2500000341096893e-05,-0.0341285802423954,0.13027118146419525,,,,,,,,,,,,,,9.445974349975586,0.020579099655151367,20.0,0.10066621005535126,168.39999389648438,19.11153793334961,-0.05960412323474884,0.0,0.9679831862449646,0.9365168213844299,0.8959012031555176,0.9663751721382141,0.44463253021240234,0.42474329471588135,0.9521219730377197,0.0
26,,,,,,,,,,,,,,,,,,-25.442724227905273,2.2500000341096893e-05,-0.04101270064711571,2.7955453395843506,,,,,,,,,,,,,,7.716903209686279,0.01929187774658203,24.0,0.10065457224845886,161.92857360839844,18.307947158813477,-0.06089651584625244,0.0,0.9444770216941833,0.8537417054176331,0.789630115032196,0.9141560196876526,0.4127873480319977,0.38984403014183044,0.9328462481498718,0.0
27,,,,,,,,,,,,,,,,,,-25.451873779296875,3.3749998692655936e-05,-0.027641136199235916,1.017751693725586,,,,,,,,,,,,,,9.042608261108398,0.02117300033569336,21.0,0.10061728954315186,158.10000610351562,17.8630313873291,-0.06118278577923775,0.0,0.9631052017211914,0.9225718379020691,0.886599063873291,0.9635365605354309,0.45046266913414,0.45240190625190735,0.963197648525238,0.0
28,,,,,,,,,,,,,,,,,,-25.46001434326172,3.3749998692655936e-05,-0.018692124634981155,0.509850263595581,,,,,,,,,,,,,,9.08716106414795,0.021373748779296875,21.0,0.10059216618537903,155.78125,17.60224151611328,-0.06072317436337471,0.0,0.9797725081443787,0.9851472973823547,0.952325165271759,0.9901426434516907,0.4771948754787445,0.48676204681396484,0.9752904772758484,0.0
29,,,,,,,,,,,,,,,,,,-25.458236694335938,1.4999999621068127e-05,-0.03798450157046318,0.13368268311023712,,,,,,,,,,,,,,8.366775512695312,0.0210568904876709,22.0,0.10063852369785309,155.78125,17.60224151611328,-0.05883753299713135,0.0,0.9758104681968689,0.9864258766174316,0.9742103219032288,0.9968042373657227,0.4862596094608307,0.49528050422668457,0.9812169075012207,0.0
30,,,,,,,,,,,,,,,,,,-25.44769859313965,1.4999999621068127e-05,-0.03236760199069977,0.11668350547552109,,,,,,,,,,,,,,8.012514114379883,0.01756906509399414,23.0,0.1006530374288559,155.78787231445312,17.624589920043945,-0.06228109821677208,0.0,0.9797449111938477,0.9881973266601562,0.9785618782043457,0.9968547821044922,0.4866081774234772,0.4938723146915436,0.9829375147819519,0.0
31,,,,,,,,,,,,,,,,,,-25.44281005859375,3.3749998692655936e-05,-0.02983848564326763,0.11727148294448853,,,,,,,,,,,,,,7.927126884460449,0.02015089988708496,24.0,0.10068200528621674,155.78787231445312,17.624589920043945,-0.06208334490656853,0.0,0.9787388443946838,0.9841866493225098,0.9562646746635437,0.9918769001960754,0.48433879017829895,0.48002204298973083,0.9643067717552185,0.0
32,,,,,,,,,,,,,,,,,,-25.439983367919922,1.4999999621068127e-05,-0.0363931804895401,0.05569252371788025,,,,,,,,,,,,,,9.096816062927246,0.020025253295898438,21.0,0.10066311806440353,158.35293579101562,17.942218780517578,-0.06068629026412964,0.0,0.9569603800773621,0.9144155383110046,0.8465260863304138,0.9625888466835022,0.4284706115722656,0.4310216009616852,0.9439104199409485,0.0
33,,,,,,,,,,,,,,,,,,-25.446102142333984,2.2500000341096893e-05,-0.04051331803202629,5.252336025238037,,,,,,,,,,,,,,8.844164848327637,0.018982887268066406,21.0,0.10064394772052765,159.07894897460938,17.975793838500977,-0.06184044107794762,0.0,0.9220230579376221,0.8808376789093018,0.8503921031951904,0.9336517453193665,0.42465654015541077,0.43308940529823303,0.9630605578422546,0.0
34,,,,,,,,,,,,,,,,,,-25.449792861938477,1.4999999621068127e-05,-0.040803685784339905,0.15158598124980927,,,,,,,,,,,,,,8.306015968322754,0.018605947494506836,23.0,0.10063997656106949,159.07894897460938,17.975793838500977,-0.06197011098265648,0.0,0.9818041920661926,0.9932610988616943,0.9812062382698059,0.9982616305351257,0.49213317036628723,0.4967174232006073,0.9844972491264343,0.0
35,,,,,,,,,,,,,,,,,,-25.44814682006836,2.2500000341096893e-05,-0.038461025804281235,0.08282613009214401,,,,,,,,,,,,,,8.535436630249023,0.025686979293823242,22.0,0.1006612479686737,160.3076934814453,18.13965606689453,-0.06179943308234215,0.0,0.9754986763000488,0.9660632014274597,0.943078339099884,0.9882354736328125,0.4747568666934967,0.47707876563072205,0.9806877970695496,0.0
36,,,,,,,,,,,,,,,,,,-25.43902015686035,2.2500000341096893e-05,-0.02284383960068226,1.8762016296386719,,,,,,,,,,,,,,7.735232830047607,0.018397092819213867,24.0,0.1007053554058075,159.89999389648438,18.080970764160156,-0.06315074115991592,0.0,0.9645665287971497,0.9414827227592468,0.9172284007072449,0.9721080660820007,0.4681607782840729,0.45098158717155457,0.9709320068359375,0.0
37,,,,,,,,,,,,,,,,,,-25.429550170898438,2.2500000341096893e-05,-0.03152444586157799,2.3298110961914062,,,,,,,,,,,,,,7.535490036010742,0.016567707061767578,25.0,0.1007189229130745,157.45237731933594,17.796405792236328,-0.05967636778950691,0.0,0.9568359851837158,0.9294193387031555,0.8924944996833801,0.9592657685279846,0.4582825005054474,0.4437791407108307,0.9628350138664246,0.0
38,,,,,,,,,,,,,,,,,,-25.424339294433594,1.4999999621068127e-05,-0.036968525499105453,2.488105535507202,,,,,,,,,,,,,,7.776730060577393,0.016316890716552734,24.0,0.10074716061353683,158.9545440673828,17.97168731689453,-0.059620410203933716,0.0,0.9540576338768005,0.9146730303764343,0.879925549030304,0.9587011337280273,0.44514885544776917,0.44324150681495667,0.9715141654014587,0.0
39,,,,,,,,,,,,,,,,,,-25.4162540435791,2.2500000341096893e-05,-0.029083842411637306,1.8770157098770142,,,,,,,,,,,,,,9.895268440246582,0.02209615707397461,19.0,0.10077481716871262,158.2888946533203,17.886798858642578,-0.060661107301712036,0.0,0.972659170627594,0.9560721516609192,0.9493732452392578,0.9828028082847595,0.4754054546356201,0.4757997989654541,0.9849727749824524,0.0
40,,,,,,,,,,,,,,,,,,-25.40744400024414,1.4999999621068127e-05,-0.041986133903265,0.09865567088127136,,,,,,,,,,,,,,8.109315872192383,0.01687788963317871,23.0,0.10080723464488983,157.28260803222656,17.78642463684082,-0.05911220982670784,0.0,0.979692280292511,0.9663762450218201,0.9453741908073425,0.9842011332511902,0.48467040061950684,0.4644756019115448,0.9694716930389404,0.0
41,,,,,,,,,,,,,,,,,,-25.397184371948242,3.3749998692655936e-05,-0.03336232528090477,2.188121795654297,,,,,,,,,,,,,,7.817291259765625,0.017076969146728516,24.0,0.10086634010076523,157.2553253173828,17.761829376220703,-0.06518413871526718,0.0,0.9565661549568176,0.9116644263267517,0.8847899436950684,0.955653190612793,0.4552026689052582,0.4377146065235138,0.9581944942474365,0.0
42,,,,,,,,,,,,,,,,,,-25.368362426757812,2.2500000341096893e-05,-0.02816704660654068,2.308546543121338,,,,,,,,,,,,,,7.968208312988281,0.016503095626831055,24.0,0.10099338740110397,157.2653045654297,17.77267074584961,-0.062314700335264206,0.0,0.9526948928833008,0.9022936820983887,0.8774358630180359,0.9553577899932861,0.454220175743103,0.4286311864852905,0.9614086747169495,0.0
43,,,,,,,,,,,,,,,,,,-25.341489791870117,2.2500000341096893e-05,-0.025834619998931885,1.2018719911575317,,,,,,,,,,,,,,8.20099925994873,0.026535987854003906,23.0,0.10104356706142426,155.72549438476562,17.59081268310547,-0.06054748222231865,0.0,0.9703174233436584,0.9676172733306885,0.9617819786071777,0.9825560450553894,0.48278680443763733,0.48418352007865906,0.9825253486633301,0.0
44,,,,,,,,,,,,,,,,,,-25.327985763549805,2.2500000341096893e-05,-0.035284411162137985,0.07296384871006012,,,,,,,,,,,,,,7.825556755065918,0.016960859298706055,24.0,0.10110269486904144,150.39622497558594,16.99188804626465,-0.06328124552965164,0.0,0.9822733998298645,0.9932150840759277,0.970402181148529,0.997326672077179,0.49069181084632874,0.4962071478366852,0.9741083979606628,0.0
45,,,,,,,,,,,,,,,,,,-25.311784744262695,1.4999999621068127e-05,-0.04018274322152138,0.08003809303045273,,,,,,,,,,,,,,7.550448894500732,0.016936302185058594,25.0,0.10114467889070511,150.39622497558594,16.99188804626465,-0.0635029524564743,0.0,0.9755518436431885,0.9567122459411621,0.9152665734291077,0.983269453048706,0.46856752038002014,0.4690963327884674,0.961946964263916,0.0
46,,,,,,,,,,,,,,,,,,-25.298675537109375,2.2500000341096893e-05,-0.019399229437112808,1.1357576847076416,,,,,,,,,,,,,,8.872051239013672,0.02318120002746582,21.0,0.10120762139558792,150.9629669189453,17.0518798828125,-0.06333721429109573,0.0,0.9546703696250916,0.9083523154258728,0.8717443346977234,0.9658228754997253,0.4442652463912964,0.4423982799053192,0.9629866480827332,0.0
47,,,,,,,,,,,,,,,,,,-25.273767471313477,2.2500000341096893e-05,-0.029095660895109177,2.409879684448242,,,,,,,,,,,,,,8.047497749328613,0.018733978271484375,23.0,0.10131698101758957,151.55172729492188,17.13419532775879,-0.062465179711580276,0.0,0.9652479290962219,0.9543775916099548,0.9410536885261536,0.9804872870445251,0.4705404043197632,0.4778868854045868,0.9796507358551025,0.0
48,,,,,,,,,,,,,,,,,,-25.244516372680664,1.4999999621068127e-05,-0.02951788529753685,0.06917579472064972,,,,,,,,,,,,,,8.404800415039062,0.02366805076599121,22.0,0.10140528529882431,149.35592651367188,16.887962341308594,-0.06173928454518318,0.0,0.9817845821380615,0.989997386932373,0.9852888584136963,0.9982466697692871,0.4915839731693268,0.4982001781463623,0.989784300327301,0.0
49,,,,,,,,,,,,,,,,,,-25.222270965576172,3.3749998692655936e-05,-0.03667933866381645,0.07173367589712143,,,,,,,,,,,,,,8.115489959716797,0.01727914810180664,23.0,0.10148151218891144,149.78334045410156,16.949506759643555,-0.061711519956588745,0.0,0.973527729511261,0.9716984629631042,0.9687359929084778,0.9917004704475403,0.48487618565559387,0.48080146312713623,0.9852147698402405,0.0
50,,,,,,,,,,,,,,,,,,-25.202043533325195,1.4999999621068127e-05,-0.03980981931090355,2.7591614723205566,,,,,,,,,,,,,,8.346273422241211,0.017156124114990234,22.0,0.10152842104434967,149.18032836914062,16.864917755126953,-0.06172599270939827,0.0,0.961704432964325,0.9302042126655579,0.9128870964050293,0.9622342586517334,0.46708187460899353,0.45228052139282227,0.9690973162651062,0.0
51,,,,,,,,,,,,,,,,,,-25.19575309753418,2.2500000341096893e-05,-0.030664758756756783,0.08246894180774689,,,,,,,,,,,,,,8.182357788085938,0.016122817993164062,23.0,0.10153290629386902,148.53225708007812,16.801223754882812,-0.06071674823760986,0.0,0.9767453074455261,0.9864403605461121,0.97951740026474,0.9964836239814758,0.48932865262031555,0.4922943115234375,0.9823034405708313,0.0
52,,,,,,,,,,,,,,,,,,-25.193632125854492,2.2500000341096893e-05,-0.03407225012779236,0.06305237114429474,,,,,,,,,,,,,,7.626722812652588,0.01996016502380371,25.0,0.10154658555984497,148.53225708007812,16.801223754882812,-0.0594450943171978,0.0,0.9742096066474915,0.973207414150238,0.9423794746398926,0.9862977862358093,0.47904348373413086,0.472825288772583,0.9702994227409363,0.0
53,,,,,,,,,,,,,,,,,,-25.185476303100586,2.2500000341096893e-05,-0.03328403830528259,2.532454013824463,,,,,,,,,,,,,,9.109439849853516,0.020941734313964844,21.0,0.10160736739635468,151.03076171875,17.099485397338867,-0.06367480009794235,0.0,0.9590727686882019,0.9321953654289246,0.893120527267456,0.9643593430519104,0.4548388421535492,0.4569838047027588,0.9610152840614319,0.0
54,,,,,,,,,,,,,,,,,,-25.16624641418457,2.2500000341096893e-05,-0.028813987970352173,2.83215594291687,,,,,,,,,,,,,,10.541298866271973,0.018375873565673828,18.0,0.10167015343904495,151.4242401123047,17.13910484313965,-0.06464546173810959,0.0,0.9718030095100403,0.9471976161003113,0.9184672236442566,0.9774108529090881,0.4658634662628174,0.46636930108070374,0.973757266998291,0.0
55,,,,,,,,,,,,,,,,,,-25.151371002197266,2.2500000341096893e-05,-0.033773671835660934,2.8425209522247314,,,,,,,,,,,,,,7.801962852478027,0.01824808120727539,24.0,0.10172243416309357,151.8656768798828,17.186931610107422,-0.06385984271764755,0.0,0.9741456508636475,0.9480831027030945,0.9287135601043701,0.9794397950172424,0.4693780839443207,0.4689999520778656,0.9785920977592468,0.0
56,,,,,,,,,,,,,,,,,,-25.140457153320312,2.2500000341096893e-05,-0.028660418465733528,0.07876527309417725,,,,,,,,,,,,,,8.226921081542969,0.01841425895690918,23.0,0.10173641890287399,150.7058868408203,17.061416625976562,-0.06355325132608414,0.0,0.9815776944160461,0.9745373129844666,0.9554591178894043,0.9918575286865234,0.4811144769191742,0.48361626267433167,0.9817070960998535,0.0
57,,,,,,,,,,,,,,,,,,-25.13951873779297,2.2500000341096893e-05,-0.02621968649327755,2.356942653656006,,,,,,,,,,,,,,7.786684036254883,0.016705989837646484,24.0,0.10173158347606659,151.17391967773438,17.112319946289062,-0.06266120076179504,0.0,0.9631471633911133,0.9148929119110107,0.8935623168945312,0.9646818041801453,0.4582444727420807,0.4401790201663971,0.9636901021003723,0.0
58,,,,,,,,,,,,,,,,,,-25.136938095092773,2.2500000341096893e-05,-0.03351137414574623,2.2083206176757812,,,,,,,,,,,,,,7.939401149749756,0.01652693748474121,24.0,0.10176174342632294,151.62857055664062,17.151954650878906,-0.060721635818481445,0.0,0.9723959565162659,0.9470148682594299,0.9174835085868835,0.9686867594718933,0.470676064491272,0.466569185256958,0.9575514197349548,0.0
59,,,,,,,,,,,,,,,,,,-25.126113891601562,2.2500000341096893e-05,-0.03652632609009743,0.05411330237984657,,,,,,,,,,,,,,8.012859344482422,0.017045021057128906,23.0,0.10181214660406113,149.4109649658203,16.919937133789062,-0.06259634345769882,0.0,0.9881458282470703,0.9821128845214844,0.9497776031494141,0.9922444224357605,0.481858491897583,0.4845558702945709,0.973840057849884,0.0
60,,,,,,,,,,,,,,,,,,-25.112092971801758,2.2500000341096893e-05,-0.031240733340382576,2.275315999984741,,,,,,,,,,,,,,8.984832763671875,0.02442026138305664,21.0,0.10184755176305771,150.14666748046875,17.01340675354004,-0.06015283241868019,0.0,0.9708196520805359,0.9317342638969421,0.9089768528938293,0.9737430214881897,0.46011361479759216,0.45684218406677246,0.9795870184898376,0.0
61,,,,,,,,,,,,,,,,,,-25.102027893066406,3.3749998692655936e-05,-0.024175845086574554,1.560405969619751,,,,,,,,,,,,,,8.028964042663574,0.018460750579833984,23.0,0.10190992057323456,150.5,17.04970359802246,-0.06252157688140869,0.0,0.9776245951652527,0.9719837307929993,0.9635250568389893,0.9884046912193298,0.4829484522342682,0.4861423075199127,0.9855917096138,0.0
62,,,,,,,,,,,,,,,,,,-25.078142166137695,1.4999999621068127e-05,-0.04498663917183876,0.06709464639425278,,,,,,,,,,,,,,7.877833843231201,0.01629495620727539,24.0,0.10199305415153503,150.5,17.04970359802246,-0.0591973215341568,0.0,0.9799357056617737,0.9937066435813904,0.9816384315490723,0.9984197616577148,0.4924699068069458,0.49889934062957764,0.9832653403282166,0.0
63,,,,,,,,,,,,,,,,,,-25.065946578979492,2.2500000341096893e-05,-0.03394743800163269,0.03648362681269646,,,,,,,,,,,,,,7.1923089027404785,0.01825690269470215,26.0,0.10198955237865448,150.5,17.04970359802246,-0.06000903621315956,0.0,0.9766278862953186,0.9872873425483704,0.9660370945930481,0.9961328506469727,0.48775091767311096,0.4927792549133301,0.9692373871803284,0.0
64,,,,,,,,,,,,,,,,,,-25.07340431213379,2.2500000341096893e-05,-0.03526509553194046,0.04833978787064552,,,,,,,,,,,,,,7.1345038414001465,0.025172948837280273,26.0,0.10194938629865646,149.55844116210938,16.94845962524414,-0.06429814547300339,0.0,0.9734720587730408,0.9718628525733948,0.9094557166099548,0.9824290871620178,0.4727984368801117,0.46521201729774475,0.9430927634239197,0.0
65,,,,,,,,,,,,,,,,,,-25.08030891418457,3.3749998692655936e-05,-0.029414504766464233,2.663458824157715,,,,,,,,,,,,,,6.898059844970703,0.016309022903442383,27.0,0.10195599496364594,149.74684143066406,16.96755027770996,-0.062455371022224426,0.0,0.9527460932731628,0.8982426524162292,0.8226780891418457,0.950360119342804,0.42869770526885986,0.4250277280807495,0.9432954788208008,0.0
66,,,,,,,,,,,,,,,,,,-25.06708335876465,2.2500000341096893e-05,-0.04217734932899475,10.0435209274292,,,,,,,,,,,,,,7.112950325012207,0.016666889190673828,26.0,0.10204747319221497,150.51806640625,17.04018783569336,-0.06518378108739853,0.0,0.9314656257629395,0.8240783214569092,0.782928466796875,0.9256569743156433,0.40422964096069336,0.38686585426330566,0.956015408039093,0.0
67,,,,,,,,,,,,,,,,,,-25.035009384155273,2.2500000341096893e-05,-0.03778724744915962,0.05766011029481888,,,,,,,,,,,,,,7.83109188079834,0.01712203025817871,24.0,0.10218846052885056,150.51806640625,17.04018783569336,-0.06464115530252457,0.0,0.979632556438446,0.9614413380622864,0.9342930912971497,0.9772499203681946,0.4752681255340576,0.45434775948524475,0.9774191379547119,0.0
68,,,,,,,,,,,,,,,,,,-25.003225326538086,3.3749998692655936e-05,-0.031448885798454285,1.7275727987289429,,,,,,,,,,,,,,8.926813125610352,0.020463228225708008,21.0,0.1022607833147049,151.5357208251953,17.149503707885742,-0.06229947879910469,0.0,0.9665538668632507,0.9318972229957581,0.9067995548248291,0.9615106582641602,0.4598217010498047,0.4473515450954437,0.9789325594902039,0.0
69,,,,,,,,,,,,,,,,,,-24.983583450317383,2.2500000341096893e-05,-0.03040374256670475,1.721495270729065,,,,,,,,,,,,,,8.269088745117188,0.02274918556213379,23.0,0.10232455283403397,151.11764526367188,17.09236717224121,-0.06269295513629913,0.0,0.9672913551330566,0.9514433741569519,0.947144091129303,0.9772248268127441,0.4744837284088135,0.4736694395542145,0.9863176941871643,0.0
70,,,,,,,,,,,,,,,,,,-24.976245880126953,1.4999999621068127e-05,-0.03937838599085808,0.08388382941484451,,,,,,,,,,,,,,7.486006736755371,0.016359329223632812,25.0,0.10230722278356552,149.7906951904297,16.94464874267578,-0.06102602556347847,0.0,0.9643866419792175,0.9147944450378418,0.8922364115715027,0.9666959643363953,0.46234527230262756,0.4249274730682373,0.9546907544136047,0.0
71,,,,,,,,,,,,,,,,,,-24.982666015625,1.4999999621068127e-05,-0.045299552381038666,7.525669574737549,,,,,,,,,,,,,,7.304065704345703,0.02696514129638672,26.0,0.10229101777076721,147.2967071533203,16.638898849487305,-0.0619877465069294,0.0,0.9263545870780945,0.8146758079528809,0.7561227679252625,0.8887867331504822,0.41490593552589417,0.36446699500083923,0.9140585064888,0.0
72,,,,,,,,,,,,,,,,,,-24.98258399963379,2.2500000341096893e-05,-0.03119702823460102,3.0398623943328857,,,,,,,,,,,,,,8.783047676086426,0.02172994613647461,21.0,0.10232223570346832,147.63043212890625,16.675079345703125,-0.06367769092321396,0.0,0.9649012684822083,0.9453269839286804,0.9208278656005859,0.9783644080162048,0.4669187366962433,0.4677504599094391,0.9715810418128967,0.0
73,,,,,,,,,,,,,,,,,,-24.969219207763672,1.4999999621068127e-05,-0.03232395276427269,0.05768568813800812,,,,,,,,,,,,,,17.1180477142334,0.020362138748168945,11.0,0.10237444937229156,147.63043212890625,16.675079345703125,-0.06411184370517731,0.0,0.9832127094268799,0.9929514527320862,0.9655857682228088,0.9965421557426453,0.4890688359737396,0.49462345242500305,0.9719911217689514,0.0
74,,,,,,,,,,,,,,,,,,-24.959732055664062,3.3749998692655936e-05,-0.02871314436197281,0.08824894577264786,,,,,,,,,,,,,,7.866924285888672,0.018413782119750977,24.0,0.1023920401930809,147.63043212890625,16.675079345703125,-0.06230005621910095,0.0,0.9703494906425476,0.9520371556282043,0.9320387840270996,0.9843026995658875,0.47251641750335693,0.46843886375427246,0.972866952419281,0.0
75,,,,,,,,,,,,,,,,,,-24.953561782836914,2.2500000341096893e-05,-0.025265978649258614,1.3759205341339111,,,,,,,,,,,,,,8.384298324584961,0.018674850463867188,22.0,0.10242098569869995,147.72340393066406,16.689022064208984,-0.06300137937068939,0.0,0.9649648666381836,0.9210026264190674,0.8875961899757385,0.964616596698761,0.45962223410606384,0.4405173361301422,0.9509492516517639,0.0
76,,,,,,,,,,,,,,,,,,-24.943326950073242,2.2500000341096893e-05,-0.029905548319220543,2.0792486667633057,,,,,,,,,,,,,,7.995670318603516,0.025681257247924805,23.0,0.10247662663459778,147.56842041015625,16.661357879638672,-0.06488515436649323,0.0,0.9516509175300598,0.88096684217453,0.8371387124061584,0.945699155330658,0.42627081274986267,0.4131051003932953,0.9549302458763123,0.0
77,,,,,,,,,,,,,,,,,,-24.92436981201172,2.2500000341096893e-05,-0.04216225817799568,4.338964462280273,,,,,,,,,,,,,,8.845524787902832,0.031826019287109375,21.0,0.10255420207977295,148.2371063232422,16.727258682250977,-0.06521447002887726,0.0,0.9134179949760437,0.792763888835907,0.7184227108955383,0.8844835162162781,0.3834928572177887,0.3424011766910553,0.9126066565513611,0.0
78,-0.01706874743103981,0.0,0.2468952238559723,0.2230001986026764,0.21685072779655457,0.24133335053920746,0.11466752737760544,0.10311241447925568,0.24407494068145752,0.0,0.0,0.0,0.0,1.0,0.0,0.0,0.0,-24.906909942626953,1.4999999621068127e-05,-0.02930741012096405,1.4474060535430908,2.2956337928771973,1.859020471572876,0.781997799873352,0.6021262407302856,2.470510959625244,1.5410735607147217,0.26964086294174194,0.7359716892242432,0.5578523874282837,1.8543875217437744,1.0,0.5,0.09090909361839294,11.421276092529297,0.023149967193603516,16.0,0.10257970541715622,148.0,16.68054962158203,-0.0625884011387825,0.0,0.974045991897583,0.9660499691963196,0.9620307087898254,0.980715811252594,0.48240673542022705,0.4834693372249603,0.9849605560302734,0.0
79,,,,,,,,,,,,,,,,,,-24.90729331970215,2.2500000341096893e-05,-0.027478357776999474,0.09871529042720795,,,,,,,,,,,,,,8.745224952697754,0.020286083221435547,21.0,0.1025581806898117,147.14999389648438,16.602039337158203,-0.06441051512956619,0.0,0.9852661490440369,0.9949142932891846,0.9871180057525635,0.9988929629325867,0.49336743354797363,0.49926576018333435,0.988319456577301,0.0
80,,,,,,,,,,,,,,,,,,-24.91094207763672,1.4999999621068127e-05,-0.03696628287434578,0.06157033517956734,,,,,,,,,,,,,,9.116847038269043,0.02035975456237793,21.0,0.10255752503871918,146.32000732421875,16.514257431030273,-0.06200144812464714,0.0,0.9822929501533508,0.9929718375205994,0.9827864170074463,0.9982821941375732,0.4921976625919342,0.4977822005748749,0.9851232171058655,0.0
81,,,,,,,,,,,,,,,,,,-24.910722732543945,2.2500000341096893e-05,-0.036716047674417496,0.06229037418961525,,,,,,,,,,,,,,9.815686225891113,0.021919965744018555,19.0,0.10256677120923996,146.32000732421875,16.514257431030273,-0.06585445255041122,0.0,0.9792945384979248,0.9855032563209534,0.9635505676269531,0.9953169822692871,0.48563122749328613,0.49126479029655457,0.9754034876823425,0.0
82,,,,,,,,,,,,,,,,,,-24.90353012084961,2.2500000341096893e-05,-0.027113500982522964,3.1879847049713135,,,,,,,,,,,,,,8.115283966064453,0.019217967987060547,23.0,0.1026095449924469,145.66000366210938,16.442968368530273,-0.06272263824939728,0.0,0.9656157493591309,0.9223031997680664,0.8945180773735046,0.9710707664489746,0.4527926445007324,0.4503384828567505,0.9664438366889954,0.0
83,,,,,,,,,,,,,,,,,,-24.891977310180664,1.4999999621068127e-05,-0.04645714908838272,0.10051894187927246,,,,,,,,,,,,,,8.706742286682129,0.02137899398803711,21.0,0.10264657437801361,146.97999572753906,16.59581756591797,-0.0640057772397995,0.0,0.9586192965507507,0.8989300727844238,0.8594910502433777,0.9486794471740723,0.4456956386566162,0.4292926788330078,0.9429991841316223,0.0
84,-0.022075524553656578,0.0,0.33322733640670776,0.31698715686798096,0.30650147795677185,0.33357954025268555,0.15728479623794556,0.15368644893169403,0.33178773522377014,0.0,0.0,0.0,0.0,1.0,0.0,0.0,0.0,-24.88617706298828,3.3749998692655936e-05,-0.026709306985139847,2.5917794704437256,2.3186326026916504,1.6918154954910278,0.6455405354499817,0.5898655652999878,2.5103750228881836,1.3972200155258179,0.23938438296318054,0.6695772409439087,0.4853980541229248,2.1179251670837402,1.0,0.5,0.09090909361839294,8.643668174743652,0.021099090576171875,22.0,0.10265560448169708,146.17999267578125,16.484172821044922,-0.06201254948973656,0.0,0.9751065373420715,0.9574500918388367,0.945385217666626,0.9811761975288391,0.4760141670703888,0.4758661091327667,0.9825215339660645,0.0
85,,,,,,,,,,,,,,,,,,-24.88074493408203,1.4999999621068127e-05,-0.031222617253661156,0.07654792815446854,,,,,,,,,,,,,,9.425872802734375,0.022522926330566406,20.0,0.10267657041549683,143.19000244140625,16.16324806213379,-0.0670684352517128,0.0,0.9870104193687439,0.9940690994262695,0.9903507232666016,0.9990425109863281,0.49484336376190186,0.49921226501464844,0.9907069206237793,0.0
86,,,,,,,,,,,,,,,,,,-24.877925872802734,2.2500000341096893e-05,-0.03001633659005165,0.041106633841991425,,,,,,,,,,,,,,9.73995590209961,0.03495502471923828,19.0,0.10267098993062973,143.19000244140625,16.16324806213379,-0.06513653695583344,0.0,0.9858372211456299,0.9953141808509827,0.9862542152404785,0.9985410571098328,0.49352583289146423,0.4992644786834717,0.9884672164916992,0.0
87,,,,,,,,,,,,,,,,,,-24.87771987915039,1.4999999621068127e-05,-0.03486137092113495,0.04344808682799339,,,,,,,,,,,,,,9.687688827514648,0.021041154861450195,19.0,0.10268134623765945,143.19000244140625,16.16324806213379,-0.0632958635687828,0.0,0.9789957404136658,0.9922347068786621,0.9901435375213623,0.999047040939331,0.4936039447784424,0.4996384084224701,0.9918529391288757,0.0
88,,,,,,,,,,,,,,,,,,-24.873023986816406,2.2500000341096893e-05,-0.03370337188243866,0.06169625744223595,,,,,,,,,,,,,,10.579363822937012,0.023688077926635742,18.0,0.10269985347986221,143.69000244140625,16.235227584838867,-0.06354602426290512,0.0,0.9747105240821838,0.9873773455619812,0.9847989082336426,0.998288631439209,0.49083948135375977,0.49787962436676025,0.9881612658500671,0.0
89,,,,,,,,,,,,,,,,,,-24.870380401611328,2.2500000341096893e-05,-0.030229300260543823,0.06853491067886353,,,,,,,,,,,,,,10.174839973449707,0.021235942840576172,18.0,0.10269870609045029,143.72000122070312,16.252117156982422,-0.06484243273735046,0.0,0.9678730368614197,0.9638704657554626,0.9585484862327576,0.9899401664733887,0.48206743597984314,0.4746202230453491,0.9779601097106934,0.0
90,,,,,,,,,,,,,,,,,,-24.86669158935547,3.3749998692655936e-05,-0.034734174609184265,3.236297845840454,,,,,,,,,,,,,,11.567112922668457,0.02082991600036621,16.0,0.10274040699005127,143.57000732421875,16.245027542114258,-0.06494297832250595,0.0,0.9583036303520203,0.8993455767631531,0.8661923408508301,0.9438886642456055,0.4559333622455597,0.41150856018066406,0.9555234909057617,0.0
91,,,,,,,,,,,,,,,,,,-24.856414794921875,2.2500000341096893e-05,-0.03086906485259533,2.172941207885742,,,,,,,,,,,,,,10.048123359680176,0.020837783813476562,19.0,0.10275403410196304,144.3699951171875,16.324491500854492,-0.06487619131803513,0.0,0.9719491600990295,0.9530871510505676,0.945730447769165,0.9726207256317139,0.4758780896663666,0.4722437858581543,0.9837295413017273,0.0
92,,,,,,,,,,,,,,,,,,-24.85093116760254,2.2500000341096893e-05,-0.03031231462955475,0.042323656380176544,,,,,,,,,,,,,,9.388260841369629,0.024728059768676758,20.0,0.1027953252196312,144.02999877929688,16.295555114746094,-0.062293801456689835,0.0,0.989360511302948,0.9963987469673157,0.9935519695281982,0.9990969300270081,0.4965761601924896,0.49865221977233887,0.9941205382347107,0.0
93,,,,,,,,,,,,,,,,,,-24.83678436279297,3.3749998692655936e-05,-0.03119858168065548,0.04530087485909462,,,,,,,,,,,,,,8.897807121276855,0.03041386604309082,21.0,0.10286431759595871,143.27999877929688,16.22654914855957,-0.06602916866540909,0.0,0.98513263463974,0.9935760498046875,0.9861125946044922,0.9982393383979797,0.4942507743835449,0.4966558516025543,0.9876625537872314,0.0
94,,,,,,,,,,,,,,,,,,-24.814327239990234,1.4999999621068127e-05,-0.038588348776102066,0.04450061172246933,,,,,,,,,,,,,,13.821141242980957,0.02261209487915039,13.0,0.10293442010879517,143.27999877929688,16.22654914855957,-0.06264618784189224,0.0,0.9767023921012878,0.9833952784538269,0.9633714556694031,0.9942530989646912,0.4800344407558441,0.48962855339050293,0.9820042252540588,0.0
95,,,,,,,,,,,,,,,,,,-24.802640914916992,2.2500000341096893e-05,-0.03012263774871826,0.16586755216121674,,,,,,,,,,,,,,7.993538856506348,0.02152538299560547,23.0,0.10295034945011139,143.02999877929688,16.200599670410156,-0.06521689146757126,0.0,0.9510712623596191,0.9410308003425598,0.8850486874580383,0.9642588496208191,0.4422837793827057,0.4471858739852905,0.9591932892799377,0.0
96,,,,,,,,,,,,,,,,,,-24.79775619506836,2.2500000341096893e-05,-0.023313267156481743,0.9752093553543091,,,,,,,,,,,,,,8.267156600952148,0.02099919319152832,23.0,0.10297665745019913,143.22999572753906,16.207433700561523,-0.06165036931633949,0.0,0.951887845993042,0.9159825444221497,0.872445285320282,0.9589088559150696,0.4459366500377655,0.4313136339187622,0.9565545916557312,0.0
97,,,,,,,,,,,,,,,,,,-24.787464141845703,2.2500000341096893e-05,-0.038960717618465424,7.848878860473633,,,,,,,,,,,,,,8.079888343811035,0.027076005935668945,23.0,0.10302957892417908,140.39999389648438,15.844053268432617,-0.06668388098478317,0.0,0.9292812347412109,0.8596062064170837,0.8188262581825256,0.9263117909431458,0.4255598783493042,0.4101632535457611,0.9450588822364807,0.0
98,,,,,,,,,,,,,,,,,,-24.768075942993164,2.2500000341096893e-05,-0.03780556842684746,0.061703383922576904,,,,,,,,,,,,,,8.66650390625,0.028500080108642578,22.0,0.10311277955770493,140.39999389648438,15.844053268432617,-0.06182396039366722,0.0,0.9804098010063171,0.9891523718833923,0.9571211338043213,0.9951813817024231,0.48295411467552185,0.4930538833141327,0.9698120951652527,0.0
99,,,,,,,,,,,,,,,,,,-24.752580642700195,2.2500000341096893e-05,-0.03444109484553337,3.797516345977783,,,,,,,,,,,,,,9.26187515258789,0.020685911178588867,20.0,0.10312966257333755,139.89999389648438,15.805869102478027,-0.06514769047498703,0.0,0.9582095742225647,0.9171739220619202,0.8749364018440247,0.966932475566864,0.4440716803073883,0.44860026240348816,0.963992178440094,0.0
100,,,,,,,,,,,,,,,,,,-24.750123977661133,2.2500000341096893e-05,-0.026303470134735107,2.098139524459839,,,,,,,,,,,,,,9.566553115844727,0.024906158447265625,20.0,0.10313382744789124,141.97999572753906,16.053178787231445,-0.06641386449337006,0.0,0.9739592671394348,0.9680868983268738,0.9612114429473877,0.9871165156364441,0.4805185794830322,0.4839498698711395,0.9862372279167175,0.0
101,,,,,,,,,,,,,,,,,,-24.746721267700195,1.4999999621068127e-05,-0.03777885064482689,0.07290045917034149,,,,,,,,,,,,,,8.164997100830078,0.020837068557739258,23.0,0.10315676033496857,141.97999572753906,16.053178787231445,-0.06268332898616791,0.0,0.9835764765739441,0.975352942943573,0.9630991816520691,0.9921281337738037,0.4848015308380127,0.4824720323085785,0.9798014760017395,0.0
102,,,,,,,,,,,,,,,,,,-24.744293212890625,2.2500000341096893e-05,-0.040467098355293274,0.11600134521722794,,,,,,,,,,,,,,7.952808856964111,0.02050304412841797,24.0,0.10314173996448517,141.97999572753906,16.053178787231445,-0.06234012916684151,0.0,0.9659227728843689,0.9111735224723816,0.8626353740692139,0.9539831280708313,0.45483145117759705,0.4297071397304535,0.9396452307701111,0.0
103,,,,,,,,,,,,,,,,,,-24.74588966369629,2.2500000341096893e-05,-0.02823041006922722,2.9463231563568115,,,,,,,,,,,,,,7.782736301422119,0.021243810653686523,24.0,0.10315151512622833,142.4499969482422,16.092819213867188,-0.0616525374352932,0.0,0.9633071422576904,0.9470317959785461,0.9248661994934082,0.9762277603149414,0.46820029616355896,0.4708026349544525,0.9684023261070251,0.0
104,,,,,,,,,,,,,,,,,,-24.743412017822266,2.2500000341096893e-05,-0.039404526352882385,0.07040246576070786,,,,,,,,,,,,,,8.084175109863281,0.02151012420654297,23.0,0.10316679626703262,142.4499969482422,16.092819213867188,-0.06381228566169739,0.0,0.9707496762275696,0.958634614944458,0.9238626956939697,0.9827079176902771,0.47227469086647034,0.4643000364303589,0.9572816491127014,0.0
105,,,,,,,,,,,,,,,,,,-24.73175048828125,3.3749998692655936e-05,-0.034571513533592224,2.7845957279205322,,,,,,,,,,,,,,7.967178821563721,0.026731014251708984,24.0,0.10325052589178085,144.1999969482422,16.28042221069336,-0.06266624480485916,0.0,0.9461348652839661,0.8853905200958252,0.8345291018486023,0.9428212642669678,0.43708837032318115,0.4193425178527832,0.9408025741577148,0.0
106,,,,,,,,,,,,,,,,,,-24.708097457885742,1.4999999621068127e-05,-0.04061884060502052,3.8988261222839355,,,,,,,,,,,,,,8.308326721191406,0.02647876739501953,23.0,0.10331740230321884,144.0,16.24900245666504,-0.06886466592550278,0.0,0.9647526144981384,0.9328507781028748,0.8962250351905823,0.9690454602241516,0.45664989948272705,0.45203089714050293,0.9656059145927429,0.0
107,,,,,,,,,,,,,,,,,,-24.69410514831543,3.3749998692655936e-05,-0.0233032014220953,0.08399929106235504,,,,,,,,,,,,,,9.829351425170898,0.020540952682495117,19.0,0.10335584729909897,144.0,16.24900245666504,-0.06426355242729187,0.0,0.9669001698493958,0.9318771362304688,0.8836915493011475,0.9710712432861328,0.4509863555431366,0.4480353891849518,0.9624993205070496,0.0
108,,,,,,,,,,,,,,,,,,-24.674468994140625,3.3749998692655936e-05,-0.03391053527593613,2.7555832862854004,,,,,,,,,,,,,,9.00064468383789,0.02803182601928711,21.0,0.10347286611795425,144.6999969482422,16.33639907836914,-0.063613161444664,0.0,0.9526628851890564,0.935349702835083,0.9117162227630615,0.9652605652809143,0.45855072140693665,0.46453189849853516,0.9713775515556335,0.0
109,-0.01983635500073433,0.0,0.29851216077804565,0.3027307987213135,0.3000771105289459,0.3051748275756836,0.14966586232185364,0.1523929387331009,0.3006376326084137,0.0,0.0,0.0,1.0,0.0,0.0,0.0,0.0,-24.64596939086914,1.4999999621068127e-05,-0.0393395759165287,0.06390763074159622,0.7246191501617432,0.04183067008852959,0.0060363104566931725,0.05859765037894249,0.4734962582588196,0.08401457965373993,0.009277371689677238,0.035989634692668915,0.1027458980679512,1.2120779752731323,1.0,0.5,0.09090909361839294,9.074237823486328,0.02112269401550293,21.0,0.103533074259758,143.22000122070312,16.167959213256836,-0.06275450438261032,0.0,0.9832682609558105,0.9934042096138,0.983759880065918,0.9984877109527588,0.4925617277622223,0.4986764192581177,0.9855117797851562,0.0
110,,,,,,,,,,,,,,,,,,-24.63936424255371,2.2500000341096893e-05,-0.033416908234357834,0.036252204328775406,,,,,,,,,,,,,,8.859238624572754,0.02084493637084961,21.0,0.10352257639169693,143.27000427246094,16.18427848815918,-0.06439023464918137,0.0,0.9803112149238586,0.9928898811340332,0.9776782989501953,0.9980783462524414,0.48979273438453674,0.4981229603290558,0.9819251894950867,0.0
111,,,,,,,,,,,,,,,,,,-24.639310836791992,2.2500000341096893e-05,-0.03951835632324219,0.054301802068948746,,,,,,,,,,,,,,9.16156005859375,0.022520065307617188,20.0,0.10354561358690262,143.27000427246094,16.18427848815918,-0.06461235135793686,0.0,0.9764266014099121,0.9864625334739685,0.9640180468559265,0.9953532218933105,0.48345956206321716,0.4924904406070709,0.9794079661369324,0.0
112,,,,,,,,,,,,,,,,,,-24.629764556884766,3.3749998692655936e-05,-0.0340392030775547,2.9841551780700684,,,,,,,,,,,,,,8.350357055664062,0.02465081214904785,22.0,0.10359344631433487,141.80999755859375,16.01579475402832,-0.06465271860361099,0.0,0.9604447484016418,0.9457505345344543,0.9307131171226501,0.9796279072761536,0.467692106962204,0.4708460867404938,0.9779922962188721,0.0
113,,,,,,,,,,,,,,,,,,-24.616952896118164,2.2500000341096893e-05,-0.03521989285945892,0.0672750398516655,,,,,,,,,,,,,,8.651897430419922,0.02059006690979004,22.0,0.10361827909946442,142.4199981689453,16.099388122558594,-0.06413670629262924,0.0,0.9801912903785706,0.9785755276679993,0.9568774700164795,0.9935672283172607,0.48316097259521484,0.48644351959228516,0.9707638621330261,0.0
114,,,,,,,,,,,,,,,,,,-24.6134090423584,2.2500000341096893e-05,-0.029956886544823647,0.07903370261192322,,,,,,,,,,,,,,9.86447811126709,0.020921707153320312,19.0,0.10363971441984177,142.4199981689453,16.099388122558594,-0.0646696388721466,0.0,0.964350700378418,0.8944947123527527,0.8367319107055664,0.9516693949699402,0.4409621059894562,0.41735875606536865,0.9419170022010803,0.0
115,,,,,,,,,,,,,,,,,,-24.60428237915039,3.3749998692655936e-05,-0.03612157329916954,4.989912033081055,,,,,,,,,,,,,,9.096034049987793,0.019405126571655273,21.0,0.10368535667657852,143.67999267578125,16.237037658691406,-0.06971104443073273,0.0,0.9586440920829773,0.9125053882598877,0.8966260552406311,0.9573385119438171,0.45476624369621277,0.45143166184425354,0.9714511036872864,0.0
116,,,,,,,,,,,,,,,,,,-24.59769058227539,2.2500000341096893e-05,-0.036040566861629486,0.04523719474673271,,,,,,,,,,,,,,9.994711875915527,0.02415180206298828,19.0,0.1036696806550026,141.8699951171875,16.034931182861328,-0.0644853338599205,0.0,0.9868542551994324,0.9930098652839661,0.9752492308616638,0.9974775910377502,0.4910578727722168,0.4960566759109497,0.9817185401916504,0.0
117,,,,,,,,,,,,,,,,,,-24.60391616821289,1.4999999621068127e-05,-0.03249793499708176,0.09066063910722733,,,,,,,,,,,,,,9.116615295410156,0.022142887115478516,21.0,0.10366614907979965,141.8699951171875,16.034931182861328,-0.06467247009277344,0.0,0.9717121720314026,0.9517786502838135,0.9326295852661133,0.9831066727638245,0.4706493318080902,0.47178390622138977,0.9782074093818665,0.0
118,,,,,,,,,,,,,,,,,,-24.5999698638916,5.062499985797331e-05,-0.01758180744946003,0.6136013269424438,,,,,,,,,,,,,,8.497077941894531,0.022253990173339844,22.0,0.10369012504816055,142.75999450683594,16.1437931060791,-0.06597824394702911,0.0,0.9730370044708252,0.9825819134712219,0.9619303345680237,0.9926877021789551,0.4834071695804596,0.49266812205314636,0.9767128825187683,0.0
119,,,,,,,,,,,,,,,,,,-24.594003677368164,1.4999999621068127e-05,-0.036692384630441666,0.07650158554315567,,,,,,,,,,,,,,8.71597671508789,0.02107381820678711,21.0,0.10371103137731552,142.75999450683594,16.1437931060791,-0.06411150842905045,0.0,0.9739249348640442,0.9720954298973083,0.9494947791099548,0.9906869530677795,0.4772143065929413,0.48338332772254944,0.9802672863006592,0.0
120,,,,,,,,,,,,,,,,,,-24.587846755981445,2.2500000341096893e-05,-0.026249442249536514,1.8692641258239746,,,,,,,,,,,,,,12.469381332397461,0.02374100685119629,15.0,0.10373321920633316,143.69000244140625,16.243614196777344,-0.0624806173145771,0.0,0.9666059017181396,0.9576663374900818,0.9503839612007141,0.9839622378349304,0.47552046179771423,0.48015639185905457,0.9854319095611572,0.0
121,,,,,,,,,,,,,,,,,,-24.581037521362305,1.4999999621068127e-05,-0.04098888486623764,0.0634264275431633,,,,,,,,,,,,,,8.581127166748047,0.021073102951049805,22.0,0.10376539826393127,145.9499969482422,16.5082950592041,-0.06290359050035477,0.0,0.9745061993598938,0.9788610339164734,0.9745376110076904,0.9949581623077393,0.48702681064605713,0.4873692989349365,0.9830171465873718,0.0
122,,,,,,,,,,,,,,,,,,-24.57378387451172,2.2500000341096893e-05,-0.03834344819188118,0.08854732662439346,,,,,,,,,,,,,,8.142040252685547,0.020341873168945312,23.0,0.10378184169530869,148.05999755859375,16.756877899169922,-0.06284677982330322,0.0,0.9622756838798523,0.940360963344574,0.8999555706977844,0.9698540568351746,0.46700990200042725,0.4454873502254486,0.9512434005737305,0.0
123,,,,,,,,,,,,,,,,,,-24.574434280395508,2.2500000341096893e-05,-0.030037151649594307,1.5665318965911865,,,,,,,,,,,,,,8.005985260009766,0.02183699607849121,23.0,0.10376060009002686,146.3000030517578,16.555360794067383,-0.06554395705461502,0.0,0.9550649523735046,0.9075945019721985,0.861027717590332,0.9535813927650452,0.44494637846946716,0.42948344349861145,0.9551853537559509,0.0
124,,,,,,,,,,,,,,,,,,-24.57815170288086,2.2500000341096893e-05,-0.032699331641197205,2.66239333152771,,,,,,,,,,,,,,9.241384506225586,0.020730018615722656,20.0,0.10375664383172989,147.61000061035156,16.694347381591797,-0.06702592968940735,0.0,0.9480202198028564,0.8910107612609863,0.8595390319824219,0.947465717792511,0.4368455708026886,0.43189290165901184,0.9708471894264221,0.0
125,,,,,,,,,,,,,,,,,,-24.57868003845215,2.2500000341096893e-05,-0.02194865047931671,0.6851365566253662,,,,,,,,,,,,,,9.007234573364258,0.022923946380615234,21.0,0.10376309603452682,148.75,16.817596435546875,-0.06451515108346939,0.0,0.9766831398010254,0.9809994697570801,0.9672275185585022,0.9918007850646973,0.4854067862033844,0.4907030761241913,0.9840895533561707,0.0
126,,,,,,,,,,,,,,,,,,-24.576311111450195,1.4999999621068127e-05,-0.03469207510352135,0.08507417887449265,,,,,,,,,,,,,,9.013008117675781,0.029462099075317383,21.0,0.10375823080539703,148.75,16.817596435546875,-0.06382032483816147,0.0,0.9763075709342957,0.9707503914833069,0.9479296803474426,0.9895036816596985,0.4775102138519287,0.4814988672733307,0.9815070033073425,0.0
127,,,,,,,,,,,,,,,,,,-24.583271026611328,2.2500000341096893e-05,-0.023561248555779457,1.371281385421753,,,,,,,,,,,,,,10.034200668334961,0.025167226791381836,19.0,0.10371771454811096,148.49000549316406,16.77751350402832,-0.0671926811337471,0.0,0.9733704924583435,0.9634721875190735,0.9516985416412354,0.9856610894203186,0.4791744649410248,0.47965049743652344,0.980613648891449,0.0
128,,,,,,,,,,,,,,,,,,-24.591299057006836,2.2500000341096893e-05,-0.036116842180490494,0.07493181526660919,,,,,,,,,,,,,,9.140863418579102,0.019559144973754883,20.0,0.10370464622974396,148.49000549316406,16.77751350402832,-0.06317617744207382,0.0,0.970787525177002,0.9525681138038635,0.9255471229553223,0.9824459552764893,0.46929481625556946,0.4581853449344635,0.9670320153236389,0.0
129,,,,,,,,,,,,,,,,,,-24.596351623535156,2.2500000341096893e-05,-0.04275361821055412,2.6667404174804688,,,,,,,,,,,,,,9.277063369750977,0.02154707908630371,20.0,0.10368526726961136,149.83999633789062,16.939163208007812,-0.06247330829501152,0.0,0.9266787171363831,0.8084214329719543,0.7475969791412354,0.9037969708442688,0.4014683961868286,0.3498905897140503,0.9291059374809265,0.0
130,,,,,,,,,,,,,,,,,,-24.599124908447266,1.4999999621068127e-05,-0.0401356965303421,2.894949436187744,,,,,,,,,,,,,,10.23318862915039,0.02193284034729004,18.0,0.10369070619344711,144.83999633789062,16.353321075439453,-0.06529758125543594,0.0,0.9575030207633972,0.9140369296073914,0.8944978713989258,0.9472252726554871,0.45733246207237244,0.43999966979026794,0.970025360584259,0.0
131,,,,,,,,,,,,,,,,,,-24.593008041381836,3.3749998692655936e-05,-0.03221599757671356,0.2604241371154785,,,,,,,,,,,,,,10.177842140197754,0.09510397911071777,18.0,0.10374236106872559,144.83999633789062,16.353321075439453,-0.06420010328292847,0.0,0.9791161417961121,0.9512784481048584,0.9211665987968445,0.974066436290741,0.46820518374443054,0.46046683192253113,0.9755657315254211,0.0
132,,,,,,,,,,,,,,,,,,-24.577770233154297,1.4999999621068127e-05,-0.026430467143654823,0.34855926036834717,,,,,,,,,,,,,,11.303201675415039,0.022181987762451172,16.0,0.10377467423677444,144.17999267578125,16.278284072875977,-0.06403369456529617,0.0,0.9776172637939453,0.9766087532043457,0.9668769240379333,0.9863926768302917,0.4848821461200714,0.4885803163051605,0.9863775372505188,0.0
133,,,,,,,,,,,,,,,,,,-24.56775665283203,2.2500000341096893e-05,-0.036019548773765564,0.0596761517226696,,,,,,,,,,,,,,9.603109359741211,0.021120071411132812,19.0,0.1038379892706871,144.17999267578125,16.278284072875977,-0.06517079472541809,0.0,0.9812596440315247,0.9849650263786316,0.9803891181945801,0.9957036972045898,0.4903383255004883,0.4891984164714813,0.9875229001045227,0.0
134,,,,,,,,,,,,,,,,,,-24.549057006835938,1.4999999621068127e-05,-0.03665129840373993,0.07048389315605164,,,,,,,,,,,,,,8.725849151611328,0.019989013671875,21.0,0.10389389097690582,144.17999267578125,16.278284072875977,-0.06320588290691376,0.0,0.9710941314697266,0.9627568125724792,0.9372795224189758,0.97977215051651,0.4763115346431732,0.4610905945301056,0.9736412167549133,0.0
135,,,,,,,,,,,,,,,,,,-24.537925720214844,3.3749998692655936e-05,-0.028874577954411507,1.3511712551116943,,,,,,,,,,,,,,8.689558982849121,0.020216941833496094,22.0,0.10393622517585754,143.7899932861328,16.22772789001465,-0.06851489096879959,0.0,0.9584280848503113,0.9483017921447754,0.9420340061187744,0.9729179739952087,0.47139811515808105,0.4724512994289398,0.9807283282279968,0.0
136,,,,,,,,,,,,,,,,,,-24.523595809936523,2.2500000341096893e-05,-0.03352969512343407,0.09444019943475723,,,,,,,,,,,,,,8.331303596496582,0.018201828002929688,22.0,0.10398595035076141,143.83999633789062,16.233539581298828,-0.06827404350042343,0.0,0.9785094261169434,0.9907496571540833,0.976771891117096,0.9965326189994812,0.4900085926055908,0.49216172099113464,0.9792072772979736,0.0
137,,,,,,,,,,,,,,,,,,-24.51329803466797,1.4999999621068127e-05,-0.0366164855659008,0.24179738759994507,,,,,,,,,,,,,,7.841464996337891,0.020878076553344727,24.0,0.10401565581560135,143.83999633789062,16.233539581298828,-0.06412290781736374,0.0,0.9697111248970032,0.958738386631012,0.9196481704711914,0.9830365777015686,0.46145009994506836,0.47074294090270996,0.9631154537200928,0.0
138,,,,,,,,,,,,,,,,,,-24.509315490722656,3.3749998692655936e-05,-0.030246132984757423,2.9847702980041504,,,,,,,,,,,,,,7.513328552246094,0.019381999969482422,25.0,0.10401695221662521,145.77999877929688,16.442886352539062,-0.06475124508142471,0.0,0.940392017364502,0.9041023254394531,0.8578607439994812,0.9515436291694641,0.4349539279937744,0.4436034858226776,0.9487338662147522,0.0
139,,,,,,,,,,,,,,,,,,-24.51119041442871,2.2500000341096893e-05,-0.03867076337337494,0.064429372549057,,,,,,,,,,,,,,8.123620986938477,0.018867969512939453,23.0,0.10401900857686996,145.77999877929688,16.442886352539062,-0.06572528928518295,0.0,0.9771943092346191,0.9881722331047058,0.9471028447151184,0.994154155254364,0.4791857898235321,0.49223360419273376,0.9634695053100586,0.0
140,,,,,,,,,,,,,,,,,,-24.504194259643555,1.4999999621068127e-05,-0.03990691527724266,0.14405858516693115,,,,,,,,,,,,,,8.80264663696289,0.02787303924560547,21.0,0.1040775254368782,145.77999877929688,16.442886352539062,-0.06389425694942474,0.0,0.9617087244987488,0.9186838269233704,0.8613576292991638,0.9680044651031494,0.43774518370628357,0.44510897994041443,0.9618175625801086,0.0
141,,,,,,,,,,,,,,,,,,-24.491201400756836,1.4999999621068127e-05,-0.0329710990190506,2.9987521171569824,,,,,,,,,,,,,,8.27307415008545,0.01868581771850586,23.0,0.10410848259925842,145.05999755859375,16.362075805664062,-0.06523054093122482,0.0,0.9484561085700989,0.9139444231987,0.893341600894928,0.964301586151123,0.44700250029563904,0.45393550395965576,0.9764564633369446,0.0
142,,,,,,,,,,,,,,,,,,-24.49142074584961,3.3749998692655936e-05,-0.024517329409718513,0.10679958015680313,,,,,,,,,,,,,,8.39353084564209,0.01916813850402832,22.0,0.10406631976366043,144.9199981689453,16.354944229125977,-0.06659417599439621,0.0,0.9788148999214172,0.9921927452087402,0.9781534075737,0.997739851474762,0.48952004313468933,0.4974406063556671,0.9838120937347412,0.0
143,,,,,,,,,,,,,,,,,,-24.509178161621094,1.4999999621068127e-05,-0.03719343617558479,0.1039561852812767,,,,,,,,,,,,,,8.17233943939209,0.01918172836303711,23.0,0.1040114238858223,144.9199981689453,16.354944229125977,-0.0639348104596138,0.0,0.9747442603111267,0.9684461951255798,0.9435524940490723,0.9886786341667175,0.4741666316986084,0.47870925068855286,0.9786362648010254,0.0
144,,,,,,,,,,,,,,,,,,-24.521102905273438,5.062499985797331e-05,-0.022396236658096313,1.238000750541687,,,,,,,,,,,,,,8.130234718322754,0.017601966857910156,23.0,0.1039692685008049,145.3300018310547,16.401296615600586,-0.06363566964864731,0.0,0.9686324000358582,0.9448562264442444,0.9218583703041077,0.9743584990501404,0.4704383909702301,0.4545086920261383,0.9686713814735413,0.0
145,,,,,,,,,,,,,,,,,,-24.523971557617188,1.4999999621068127e-05,-0.036970771849155426,1.7674355506896973,,,,,,,,,,,,,,8.099553108215332,0.01840996742248535,23.0,0.1040189117193222,144.91000366210938,16.380342483520508,-0.06659375876188278,0.0,0.9602953791618347,0.9125046730041504,0.8671190142631531,0.954752504825592,0.4419611990451813,0.4347505569458008,0.9594799876213074,0.0
146,,,,,,,,,,,,,,,,,,-24.504980087280273,3.3749998692655936e-05,-0.03124541975557804,1.8650379180908203,,,,,,,,,,,,,,7.972379684448242,0.017760038375854492,24.0,0.10411523282527924,145.1199951171875,16.38819122314453,-0.06554796546697617,0.0,0.938442051410675,0.8767304420471191,0.8078771233558655,0.9286565780639648,0.4156617820262909,0.4014144837856293,0.9421880841255188,0.0
147,,,,,,,,,,,,,,,,,,-24.477516174316406,1.4999999621068127e-05,-0.04375952482223511,2.4241912364959717,,,,,,,,,,,,,,8.872017860412598,0.02321791648864746,21.0,0.10418712347745895,147.0800018310547,16.62153434753418,-0.06579047441482544,0.0,0.9615549445152283,0.9209768176078796,0.8991017937660217,0.9617558121681213,0.4556952714920044,0.4549330770969391,0.9707072377204895,0.0
148,,,,,,,,,,,,,,,,,,-24.466922760009766,1.4999999621068127e-05,-0.04070812836289406,0.09445905685424805,,,,,,,,,,,,,,8.446365356445312,0.017256975173950195,22.0,0.10419116914272308,146.02999877929688,16.508413314819336,-0.06682951003313065,0.0,0.9844202399253845,0.9908666610717773,0.9731130599975586,0.9961692690849304,0.4877593517303467,0.4939764440059662,0.981523334980011,0.0
149,,,,,,,,,,,,,,,,,,-24.469301223754883,1.4999999621068127e-05,-0.032964419573545456,0.1280754804611206,,,,,,,,,,,,,,8.109414100646973,0.019407033920288086,23.0,0.10417438298463821,144.3000030517578,16.316530227661133,-0.06460463255643845,0.0,0.9796751141548157,0.9656475186347961,0.9285877346992493,0.9833860993385315,0.47596773505210876,0.4635137617588043,0.9687144160270691,0.0
150,,,,,,,,,,,,,,,,,,-24.467336654663086,2.2500000341096893e-05,-0.03310137614607811,2.148858070373535,,,,,,,,,,,,,,8.007177352905273,0.018520116806030273,23.0,0.10422419756650925,143.33999633789062,16.204635620117188,-0.0661025270819664,0.0,0.9511580467224121,0.8938634991645813,0.8574707508087158,0.9469287991523743,0.43833717703819275,0.4299599826335907,0.9667554497718811,0.0
151,,,,,,,,,,,,,,,,,,-24.446121215820312,2.2500000341096893e-05,-0.03197907283902168,1.3218708038330078,,,,,,,,,,,,,,7.981509208679199,0.01863884925842285,23.0,0.10431782901287079,143.27999877929688,16.20355987548828,-0.06602977961301804,0.0,0.9660677909851074,0.9272667765617371,0.9088285565376282,0.971839964389801,0.4608209431171417,0.4501079022884369,0.9748020172119141,0.0
152,,,,,,,,,,,,,,,,,,-24.42507553100586,2.2500000341096893e-05,-0.03188770264387131,1.884907603263855,,,,,,,,,,,,,,8.40392017364502,0.018004894256591797,22.0,0.1043686717748642,143.25999450683594,16.202373504638672,-0.0679691731929779,0.0,0.9614419937133789,0.9273833632469177,0.9068622589111328,0.9584992527961731,0.4695763885974884,0.4450395107269287,0.962017834186554,0.0
153,,,,,,,,,,,,,,,,,,-24.409873962402344,2.2500000341096893e-05,-0.03088289685547352,0.15366511046886444,,,,,,,,,,,,,,8.496319770812988,0.018230199813842773,22.0,0.10443621873855591,143.25999450683594,16.202373504638672,-0.06656723469495773,0.0,0.9777512550354004,0.9906048774719238,0.9777100086212158,0.9974096417427063,0.49101734161376953,0.4951499402523041,0.9783170819282532,0.0
154,,,,,,,,,,,,,,,,,,-24.393218994140625,2.2500000341096893e-05,-0.035862620919942856,0.12035457789897919,,,,,,,,,,,,,,9.286534309387207,0.021088123321533203,20.0,0.10448749363422394,143.25999450683594,16.202373504638672,-0.06509459763765335,0.0,0.9751717448234558,0.9708598256111145,0.9225370287895203,0.9885449409484863,0.46596547961235046,0.4789266884326935,0.95765620470047,0.0
155,,,,,,,,,,,,,,,,,,-24.37997817993164,2.2500000341096893e-05,-0.03870658949017525,2.1750824451446533,,,,,,,,,,,,,,8.06903076171875,0.018192768096923828,23.0,0.10452746599912643,143.1300048828125,16.17694091796875,-0.06894362717866898,0.0,0.930410623550415,0.8658523559570312,0.8096704483032227,0.9333622455596924,0.40612414479255676,0.4157209098339081,0.9540897011756897,0.0
156,,,,,,,,,,,,,,,,,,-24.36917495727539,2.2500000341096893e-05,-0.026854950934648514,0.7006313800811768,,,,,,,,,,,,,,8.580885887145996,0.02653789520263672,22.0,0.10456464439630508,145.2899932861328,16.419795989990234,-0.06448052078485489,0.0,0.9649038314819336,0.9565370082855225,0.9489228129386902,0.9834957122802734,0.4741703271865845,0.47948285937309265,0.9859620928764343,0.0
157,,,,,,,,,,,,,,,,,,-24.36713409423828,1.4999999621068127e-05,-0.04332522675395012,0.17979522049427032,,,,,,,,,,,,,,8.110302925109863,0.017728090286254883,23.0,0.10453422367572784,147.02999877929688,16.621999740600586,-0.0671880692243576,0.0,0.9718618392944336,0.9902315139770508,0.9694793820381165,0.9978287220001221,0.4871644079685211,0.498050332069397,0.9720661640167236,0.0
158,,,,,,,,,,,,,,,,,,-24.375656127929688,3.3749998692655936e-05,-0.0226738378405571,0.11694338172674179,,,,,,,,,,,,,,7.733786582946777,0.018681049346923828,24.0,0.10451586544513702,146.14999389648438,16.529014587402344,-0.06774869561195374,0.0,0.9820086359977722,0.9817004799842834,0.9218075275421143,0.9898616671562195,0.4698326885700226,0.4843319356441498,0.9548737406730652,0.0
159,,,,,,,,,,,,,,,,,,-24.380428314208984,1.4999999621068127e-05,-0.03713788092136383,1.9742175340652466,,,,,,,,,,,,,,7.667159080505371,0.018258094787597656,24.0,0.10450137406587601,142.74000549316406,16.13450050354004,-0.0704861655831337,0.0,0.958251953125,0.8923452496528625,0.83345627784729,0.9540520310401917,0.4283111095428467,0.4306158721446991,0.9510245323181152,0.0
160,,,,,,,,,,,,,,,,,,-24.381357192993164,3.3749998692655936e-05,-0.027874696999788284,0.8832573890686035,,,,,,,,,,,,,,8.72734260559082,0.020535945892333984,21.0,0.10450751334428787,144.24000549316406,16.30014419555664,-0.06717938929796219,0.0,0.9712591171264648,0.9356689453125,0.8915011286735535,0.9727092385292053,0.45442473888397217,0.457363098859787,0.9664525985717773,0.0
161,,,,,,,,,,,,,,,,,,-24.377758026123047,1.4999999621068127e-05,-0.03635386377573013,0.6607029438018799,,,,,,,,,,,,,,7.934592247009277,0.01851487159729004,24.0,0.1045311689376831,142.9600067138672,16.139873504638672,-0.06662338972091675,0.0,0.9788351655006409,0.9645395874977112,0.927886426448822,0.9819478988647461,0.47095581889152527,0.4752768278121948,0.969010591506958,0.0
162,,,,,,,,,,,,,,,,,,-24.374475479125977,2.2500000341096893e-05,-0.02654782310128212,0.10390661656856537,,,,,,,,,,,,,,9.165691375732422,0.020907163619995117,20.0,0.10452468693256378,142.9600067138672,16.139873504638672,-0.06557608395814896,0.0,0.9889859557151794,0.9871630072593689,0.9387337565422058,0.9910692572593689,0.4764104187488556,0.4825782775878906,0.9681391716003418,0.0
163,,,,,,,,,,,,,,,,,,-24.37486457824707,1.4999999621068127e-05,-0.031629323959350586,0.8601335287094116,,,,,,,,,,,,,,8.293166160583496,0.01867389678955078,23.0,0.10454057157039642,141.6199951171875,15.97290325164795,-0.06600922346115112,0.0,0.9754180908203125,0.933906078338623,0.8789563179016113,0.9691939949989319,0.44661378860473633,0.44545498490333557,0.9678118824958801,0.0
164,,,,,,,,,,,,,,,,,,-24.36616325378418,1.4999999621068127e-05,-0.03426623344421387,2.854517698287964,,,,,,,,,,,,,,9.356258392333984,0.02413797378540039,20.0,0.10458582639694214,139.3800048828125,15.716192245483398,-0.06607077270746231,-2.01602912142107e-08,0.9646544456481934,0.9117987751960754,0.8817004561424255,0.9573296904563904,0.4476968050003052,0.4399223327636719,0.9703306555747986,0.0
165,,,,,,,,,,,,,,,,,,-24.35145378112793,3.3749998692655936e-05,-0.025792814791202545,0.16995814442634583,,,,,,,,,,,,,,8.960050582885742,0.017364978790283203,21.0,0.10466812551021576,139.47999572753906,15.727997779846191,-0.06331627070903778,0.0,0.9868826866149902,0.9957661628723145,0.9908706545829773,0.9993424415588379,0.49536606669425964,0.4996911287307739,0.9913164973258972,0.0
166,-0.005450009368360043,0.0,0.0796952024102211,0.07988879084587097,0.07982347905635834,0.07998589426279068,0.03990389406681061,0.03999556973576546,0.07980984449386597,0.0,0.0,0.0,1.0,0.0,0.0,0.0,0.0,-24.323978424072266,3.3749998692655936e-05,-0.032213762402534485,0.16406048834323883,0.41195210814476013,0.02329392544925213,0.0045621320605278015,0.020067738369107246,0.23635593056678772,0.03577344864606857,0.004795257467776537,0.018820950761437416,0.06648321449756622,0.5894863605499268,1.0,0.5,0.09090909361839294,8.464946746826172,0.01799297332763672,22.0,0.1047661229968071,139.00999450683594,15.672402381896973,-0.0668426975607872,0.0,0.9816096425056458,0.9924697279930115,0.9757558703422546,0.997645378112793,0.4903048276901245,0.4970572888851166,0.9817240238189697,0.0
167,,,,,,,,,,,,,,,,,,-24.309593200683594,1.4999999621068127e-05,-0.03407677635550499,0.24691540002822876,,,,,,,,,,,,,,8.597661972045898,0.01966691017150879,22.0,0.10477297008037567,139.00999450683594,15.672402381896973,-0.06283066421747208,0.0,0.9734100699424744,0.957508385181427,0.9352172017097473,0.9851898550987244,0.4714164733886719,0.47493410110473633,0.9784159660339355,0.0
168,,,,,,,,,,,,,,,,,,-24.30744171142578,2.2500000341096893e-05,-0.028255103155970573,0.40769368410110474,,,,,,,,,,,,,,9.566021919250488,0.021919965744018555,20.0,0.1047821044921875,139.6300048828125,15.762401580810547,-0.06567540019750595,0.0,0.9781234264373779,0.9760751128196716,0.970742404460907,0.9899256825447083,0.48554015159606934,0.4882117807865143,0.9886655807495117,0.0
169,,,,,,,,,,,,,,,,,,-24.30194854736328,2.2500000341096893e-05,-0.031561583280563354,0.15898016095161438,,,,,,,,,,,,,,8.682649612426758,0.018455028533935547,22.0,0.10482016205787659,139.6199951171875,15.776653289794922,-0.0654887780547142,0.0,0.9821901321411133,0.9910216927528381,0.9841130375862122,0.9975874423980713,0.4929083287715912,0.4949723780155182,0.9857417941093445,0.0
170,,,,,,,,,,,,,,,,,,-24.292482376098633,2.2500000341096893e-05,-0.03510988876223564,0.2015809565782547,,,,,,,,,,,,,,8.341934204101562,0.0189969539642334,22.0,0.104826919734478,139.6199951171875,15.776653289794922,-0.06508640944957733,0.0,0.9719372391700745,0.9716694355010986,0.9467475414276123,0.9899023175239563,0.47225213050842285,0.4818992614746094,0.9757137298583984,0.0
171,,,,,,,,,,,,,,,,,,-24.29351234436035,2.2500000341096893e-05,-0.03204186633229256,0.7156608700752258,,,,,,,,,,,,,,8.375715255737305,0.019462108612060547,22.0,0.10482101142406464,140.66000366210938,15.893487930297852,-0.06946118921041489,0.0,0.9490595459938049,0.9345044493675232,0.9025130867958069,0.9625387787818909,0.45194897055625916,0.4620809555053711,0.964040994644165,0.0
172,,,,,,,,,,,,,,,,,,-24.2908878326416,1.4999999621068127e-05,-0.04024755582213402,0.21502730250358582,,,,,,,,,,,,,,8.203657150268555,0.01866292953491211,23.0,0.10485310107469559,139.14999389648438,15.729029655456543,-0.06732899695634842,0.0,0.975907027721405,0.9739398956298828,0.9468796849250793,0.9915916323661804,0.47789183259010315,0.4847109019756317,0.9730997085571289,0.0
173,,,,,,,,,,,,,,,,,,-24.276817321777344,3.3749998692655936e-05,-0.022525785490870476,0.6937678456306458,,,,,,,,,,,,,,8.48670768737793,0.01896381378173828,22.0,0.10492677986621857,139.66000366210938,15.777857780456543,-0.06515031307935715,0.0,0.9669317603111267,0.9563004374504089,0.9446789622306824,0.9835454821586609,0.4734870493412018,0.4788120687007904,0.9809836745262146,0.0
174,,,,,,,,,,,,,,,,,,-24.260807037353516,2.2500000341096893e-05,-0.03892795369029045,0.15143552422523499,,,,,,,,,,,,,,8.58938217163086,0.020018815994262695,22.0,0.10494532436132431,140.05999755859375,15.849026679992676,-0.06730815023183823,0.0,0.9829689860343933,0.992669403553009,0.990393340587616,0.9991496205329895,0.49374496936798096,0.4994841516017914,0.9914525151252747,0.0
175,,,,,,,,,,,,,,,,,,-24.257606506347656,2.2500000341096893e-05,-0.03362323343753815,0.1306004524230957,,,,,,,,,,,,,,11.942197799682617,0.025016069412231445,16.0,0.10495099425315857,139.85000610351562,15.83492660522461,-0.06616843491792679,0.0,0.9865275025367737,0.9951560497283936,0.989396870136261,0.9991572499275208,0.4950524866580963,0.49936923384666443,0.9905820488929749,0.0
176,,,,,,,,,,,,,,,,,,-24.256189346313477,2.2500000341096893e-05,-0.03381761163473129,0.14247260987758636,,,,,,,,,,,,,,8.832418441772461,0.021039724349975586,21.0,0.10495297610759735,139.85000610351562,15.83492660522461,-0.06674780696630478,0.0,0.9802233576774597,0.9922154545783997,0.9872010350227356,0.999065101146698,0.49332666397094727,0.4994584321975708,0.9889760613441467,0.0
177,,,,,,,,,,,,,,,,,,-24.254703521728516,2.2500000341096893e-05,-0.04366602376103401,0.16268303990364075,,,,,,,,,,,,,,8.694087028503418,0.02080512046813965,22.0,0.10495543479919434,139.85000610351562,15.83492660522461,-0.06563055515289307,0.0,0.9716122150421143,0.9876954555511475,0.9725896716117859,0.997492790222168,0.48759570717811584,0.4969007074832916,0.9782021641731262,0.0
178,,,,,,,,,,,,,,,,,,-24.24815559387207,1.4999999621068127e-05,-0.03776569664478302,0.18176987767219543,,,,,,,,,,,,,,8.411541938781738,0.0260012149810791,22.0,0.10500059276819229,140.2100067138672,15.894087791442871,-0.06538277119398117,0.0,0.9663903117179871,0.9704773426055908,0.9490706324577332,0.9909070134162903,0.4760408103466034,0.47939252853393555,0.9735962748527527,0.0
179,,,,,,,,,,,,,,,,,,-24.23565673828125,2.2500000341096893e-05,-0.030256519094109535,0.68490070104599,,,,,,,,,,,,,,8.689702987670898,0.02101612091064453,22.0,0.10504187643527985,139.8800048828125,15.855185508728027,-0.06878729909658432,0.0,0.9682445526123047,0.9445140957832336,0.9122325778007507,0.9732394218444824,0.45825257897377014,0.45286989212036133,0.9686287045478821,0.0
180,,,,,,,,,,,,,,,,,,-24.218761444091797,2.2500000341096893e-05,-0.03771253302693367,1.2675997018814087,,,,,,,,,,,,,,8.56721305847168,0.022711992263793945,22.0,0.10512665659189224,139.3699951171875,15.800698280334473,-0.0701986774802208,0.0,0.958591878414154,0.9215103983879089,0.8854043483734131,0.9612693786621094,0.4451650083065033,0.4480449855327606,0.9685192704200745,0.0
181,,,,,,,,,,,,,,,,,,-24.19736671447754,1.4999999621068127e-05,-0.02619527466595173,0.592902421951294,,,,,,,,,,,,,,8.530919075012207,0.021304845809936523,22.0,0.1051945760846138,139.17999267578125,15.783906936645508,-0.06997703015804291,0.0,0.9704722762107849,0.9574568271636963,0.9336530566215515,0.9820528626441956,0.4721362888813019,0.4757327735424042,0.9743170738220215,0.0
182,,,,,,,,,,,,,,,,,,-24.181276321411133,1.4999999621068127e-05,-0.041072189807891846,0.5938082933425903,,,,,,,,,,,,,,9.801380157470703,0.024936914443969727,19.0,0.10524331033229828,137.82000732421875,15.624967575073242,-0.065972238779068,0.0,0.9716460108757019,0.9497151970863342,0.9202266335487366,0.980154812335968,0.4662667214870453,0.46863579750061035,0.9728720784187317,0.0
183,-0.01677577756345272,0.0,0.24242064356803894,0.23983630537986755,0.232951819896698,0.24711593985557556,0.11758531630039215,0.11914971470832825,0.24431797862052917,0.0,0.0,0.0,0.5,0.5,0.0,0.0,0.0,-24.165016174316406,1.4999999621068127e-05,-0.038180526345968246,0.38479751348495483,1.1024479866027832,0.7733973264694214,0.2418750822544098,0.296712726354599,1.139591932296753,0.6445777416229248,0.10812901705503464,0.3152550756931305,0.21478447318077087,1.5754883289337158,1.0,0.5,0.09090909361839294,8.931965827941895,0.02104330062866211,21.0,0.10531499981880188,138.97000122070312,15.74822998046875,-0.06927081942558289,0.0,0.9783987402915955,0.9747529029846191,0.9542813301086426,0.9906415939331055,0.48231497406959534,0.4834740459918976,0.9805276989936829,0.0
184,,,,,,,,,,,,,,,,,,-24.14535903930664,1.4999999621068127e-05,-0.03641597181558609,0.46159833669662476,,,,,,,,,,,,,,9.96288013458252,0.025207042694091797,19.0,0.10537386685609818,136.97000122070312,15.516797065734863,-0.06691824644804001,0.0,0.9659283757209778,0.943545401096344,0.9210172295570374,0.9772428870201111,0.46704795956611633,0.46339496970176697,0.9664176106452942,0.0
185,,,,,,,,,,,,,,,,,,-24.136369705200195,2.2500000341096893e-05,-0.028263801708817482,0.18993885815143585,,,,,,,,,,,,,,8.511820793151855,0.023437023162841797,22.0,0.10537616908550262,136.97000122070312,15.516797065734863,-0.06680426746606827,0.0,0.9704647064208984,0.9259548187255859,0.8736901879310608,0.9682416915893555,0.4580417573451996,0.43285998702049255,0.9413704872131348,0.0
186,,,,,,,,,,,,,,,,,,-24.134063720703125,2.2500000341096893e-05,-0.04176291823387146,3.1707613468170166,,,,,,,,,,,,,,8.686979293823242,0.021146059036254883,22.0,0.10540787130594254,137.10000610351562,15.525729179382324,-0.06990323960781097,0.0,0.923317015171051,0.84025639295578,0.7894875407218933,0.9120264649391174,0.40759357810020447,0.3965456783771515,0.9398627281188965,0.0
187,,,,,,,,,,,,,,,,,,-24.12038230895996,2.2500000341096893e-05,-0.03146982938051224,0.35942205786705017,,,,,,,,,,,,,,10.457079887390137,0.032254934310913086,18.0,0.10547182708978653,137.10000610351562,15.525729179382324,-0.06986304372549057,0.0,0.9759107232093811,0.9684293866157532,0.9306358695030212,0.9841384291648865,0.4760422706604004,0.4675573408603668,0.970669686794281,0.0
188,,,,,,,,,,,,,,,,,,-24.114160537719727,2.2500000341096893e-05,-0.026817699894309044,1.6305285692214966,,,,,,,,,,,,,,10.542997360229492,0.03151202201843262,18.0,0.1054401621222496,135.36000061035156,15.317161560058594,-0.0687435194849968,0.0,0.9701299667358398,0.9469606280326843,0.9204460978507996,0.9751372933387756,0.46532392501831055,0.46710705757141113,0.9715635180473328,0.0
189,,,,,,,,,,,,,,,,,,-24.118228912353516,1.4999999621068127e-05,-0.031932223588228226,0.3851529657840729,,,,,,,,,,,,,,9.008101463317871,0.020912885665893555,21.0,0.10546231269836426,133.5,15.0967435836792,-0.0700591430068016,0.0,0.9695596694946289,0.9518976211547852,0.937230110168457,0.9791439175605774,0.47287464141845703,0.4683091640472412,0.978874921798706,0.0
190,,,,,,,,,,,,,,,,,,-24.10909652709961,1.4999999621068127e-05,-0.029146844521164894,0.2574143707752228,,,,,,,,,,,,,,8.685596466064453,0.03186678886413574,22.0,0.10549763590097427,132.55999755859375,15.002082824707031,-0.06405683606863022,0.0,0.9827401041984558,0.9729658961296082,0.9454415440559387,0.9882049560546875,0.47795307636260986,0.47687098383903503,0.9728274345397949,0.0
191,,,,,,,,,,,,,,,,,,-24.101160049438477,2.2500000341096893e-05,-0.028930971398949623,0.5206531882286072,,,,,,,,,,,,,,8.968487739562988,0.01980900764465332,21.0,0.10551775246858597,131.39999389648438,14.862502098083496,-0.06642928719520569,0.0,0.963598906993866,0.9503135681152344,0.9242717623710632,0.9713377952575684,0.4658010005950928,0.46821558475494385,0.9732748866081238,0.0
192,,,,,,,,,,,,,,,,,,-24.098812103271484,2.2500000341096893e-05,-0.02897142991423607,0.1666327863931656,,,,,,,,,,,,,,9.174306869506836,0.02927994728088379,20.0,0.1055276170372963,131.39999389648438,14.862502098083496,-0.0680384561419487,0.0,0.9818970561027527,0.991141140460968,0.9658194184303284,0.9951872825622559,0.4865267276763916,0.48883309960365295,0.9803264737129211,0.0
193,,,,,,,,,,,,,,,,,,-24.094743728637695,1.4999999621068127e-05,-0.03736831992864609,0.42000994086265564,,,,,,,,,,,,,,8.875926971435547,0.02180194854736328,21.0,0.10554341226816177,129.74000549316406,14.692485809326172,-0.06930441409349442,0.0,0.973436176776886,0.9597218036651611,0.9221687912940979,0.980703592300415,0.4702524244785309,0.46444904804229736,0.968970000743866,0.0
194,,,,,,,,,,,,,,,,,,-24.08860969543457,2.2500000341096893e-05,-0.027585893869400024,0.9053422212600708,,,,,,,,,,,,,,8.938911437988281,0.02070021629333496,21.0,0.10558485984802246,129.38999938964844,14.645941734313965,-0.06768383830785751,-4.0709466020416585e-08,0.9742428660392761,0.9729241728782654,0.9662564396858215,0.9873558878898621,0.48388615250587463,0.486829549074173,0.9858758449554443,0.0
195,,,,,,,,,,,,,,,,,,-24.081958770751953,1.4999999621068127e-05,-0.02964198589324951,0.19946138560771942,,,,,,,,,,,,,,11.711557388305664,0.021411895751953125,16.0,0.105583056807518,129.38999938964844,14.645941734313965,-0.06522797793149948,0.0,0.9738566875457764,0.9920490384101868,0.9746927618980408,0.9982621073722839,0.4895167350769043,0.4986886978149414,0.975349485874176,0.0
196,,,,,,,,,,,,,,,,,,-24.08315658569336,2.2500000341096893e-05,-0.03532957658171654,0.1817583590745926,,,,,,,,,,,,,,8.576061248779297,0.02145218849182129,22.0,0.10557635128498077,129.38999938964844,14.645941734313965,-0.06589924544095993,0.0,0.9736121296882629,0.9901395440101624,0.9555530548095703,0.9962150454521179,0.4850178062915802,0.49530062079429626,0.9616203308105469,0.0
197,,,,,,,,,,,,,,,,,,-24.085947036743164,1.4999999621068127e-05,-0.030945172533392906,0.29927942156791687,,,,,,,,,,,,,,20.327110290527344,0.019996166229248047,9.0,0.10557790845632553,129.38999938964844,14.645941734313965,-0.06638707965612411,0.0,0.9708318710327148,0.9610611796379089,0.914107620716095,0.9851588606834412,0.46526554226875305,0.4735736548900604,0.96028733253479,0.0
198,,,,,,,,,,,,,,,,,,-24.08169174194336,2.2500000341096893e-05,-0.02830631658434868,1.0457333326339722,,,,,,,,,,,,,,8.768892288208008,0.019182205200195312,21.0,0.10562530905008316,129.8699951171875,14.706583023071289,-0.0706370621919632,0.0,0.9491375088691711,0.8938321471214294,0.8520917892456055,0.9581296443939209,0.43491193652153015,0.43497586250305176,0.9586251378059387,0.0
199,,,,,,,,,,,,,,,,,,-24.06560516357422,2.2500000341096893e-05,-0.0365242138504982,0.22460445761680603,,,,,,,,,,,,,,8.236015319824219,0.020229816436767578,23.0,0.10569323599338531,130.99000549316406,14.841137886047363,-0.07158034294843674,0.0,0.9661652445793152,0.9556571841239929,0.9253236651420593,0.980705738067627,0.4698229134082794,0.4714718163013458,0.9654008746147156,0.0
200,,,,,,,,,,,,,,,,,,-24.049461364746094,1.4999999621068127e-05,-0.03513488918542862,0.5553960204124451,,,,,,,,,,,,,,8.627988815307617,0.019613981246948242,22.0,0.10573713481426239,130.99000549316406,14.841137886047363,-0.06747052818536758,0.0,0.9711443781852722,0.934391975402832,0.8795700073242188,0.9666360020637512,0.459252268075943,0.4376656115055084,0.9546194076538086,0.0
201,,,,,,,,,,,,,,,,,,-24.036693572998047,3.3749998692655936e-05,-0.03182971850037575,1.3297898769378662,,,,,,,,,,,,,,10.028398513793945,0.02089715003967285,19.0,0.1058075800538063,133.63999938964844,15.12983512878418,-0.07017102092504501,0.0,0.9407610893249512,0.8820562362670898,0.8559720516204834,0.9446614384651184,0.43417349457740784,0.43263235688209534,0.9664542078971863,0.0
202,,,,,,,,,,,,,,,,,,-24.013141632080078,1.4999999621068127e-05,-0.03413865715265274,0.2178538739681244,,,,,,,,,,,,,,15.975111961364746,0.018718957901000977,12.0,0.10588259249925613,135.6199951171875,15.362326622009277,-0.07186531275510788,0.0,0.981440544128418,0.9894195199012756,0.9729068279266357,0.9964116215705872,0.4909246861934662,0.4927798807621002,0.9767289161682129,0.0
203,,,,,,,,,,,,,,,,,,-24.00856590270996,2.2500000341096893e-05,-0.029709752649068832,0.3960491418838501,,,,,,,,,,,,,,8.501370429992676,0.01844501495361328,22.0,0.10583163052797318,134.97000122070312,15.300043106079102,-0.06642996519804001,0.0,0.9709178805351257,0.9568953514099121,0.9243136048316956,0.9828689694404602,0.4678504168987274,0.46304023265838623,0.9649854302406311,0.0
204,,,,,,,,,,,,,,,,,,-24.027788162231445,2.2500000341096893e-05,-0.03583469241857529,1.0437662601470947,,,,,,,,,,,,,,7.616808891296387,0.016829252243041992,25.0,0.10576494038105011,135.3699951171875,15.351480484008789,-0.06676951795816422,0.0,0.9545329213142395,0.9114763140678406,0.8699452877044678,0.9595835208892822,0.43860962986946106,0.43217822909355164,0.9571517109870911,0.0
205,,,,,,,,,,,,,,,,,,-24.039318084716797,2.2500000341096893e-05,-0.02828332409262657,1.016351580619812,,,,,,,,,,,,,,7.790225982666016,0.017505884170532227,24.0,0.10576381534337997,135.99000549316406,15.392242431640625,-0.071369469165802,0.0,0.9406233429908752,0.9116310477256775,0.8930988311767578,0.9488472938537598,0.4472927749156952,0.450143426656723,0.9731466174125671,0.0
206,,,,,,,,,,,,,,,,,,-24.039043426513672,2.2500000341096893e-05,-0.04084793105721474,0.19916580617427826,,,,,,,,,,,,,,9.627230644226074,0.02449202537536621,19.0,0.10575424134731293,135.99000549316406,15.392242431640625,-0.06547058373689651,0.0,0.9779555201530457,0.9844203591346741,0.971818208694458,0.995333194732666,0.48804914951324463,0.49079692363739014,0.9790025353431702,0.0
207,,,,,,,,,,,,,,,,,,-24.04388999938965,1.4999999621068127e-05,-0.03393200784921646,0.31732824444770813,,,,,,,,,,,,,,7.675903797149658,0.02662205696105957,24.0,0.10573349893093109,135.99000549316406,15.392242431640625,-0.06803429871797562,0.0,0.9704161286354065,0.9561312794685364,0.9201748371124268,0.9776914119720459,0.47564518451690674,0.4576338231563568,0.957597553730011,0.0
208,,,,,,,,,,,,,,,,,,-24.046768188476562,2.2500000341096893e-05,-0.033799659460783005,1.0515971183776855,,,,,,,,,,,,,,7.62296199798584,0.016705036163330078,25.0,0.10573587566614151,136.17999267578125,15.398061752319336,-0.06422927230596542,0.0,0.9623193740844727,0.9423949122428894,0.9083361029624939,0.9710307121276855,0.4623255431652069,0.4642689526081085,0.9625568389892578,0.0
209,,,,,,,,,,,,,,,,,,-24.044525146484375,1.4999999621068127e-05,-0.03983098641037941,0.41917291283607483,,,,,,,,,,,,,,7.680135250091553,0.018728017807006836,24.0,0.10574287921190262,134.6300048828125,15.232963562011719,-0.06769946217536926,0.0,0.968192994594574,0.9357836842536926,0.9097604155540466,0.9739643931388855,0.46161386370658875,0.4544249475002289,0.9704925417900085,0.0
210,,,,,,,,,,,,,,,,,,-24.04166603088379,2.2500000341096893e-05,-0.03431421518325806,0.7177779674530029,,,,,,,,,,,,,,7.847747802734375,0.01849079132080078,24.0,0.10576322674751282,134.72999572753906,15.24450969696045,-0.06560128927230835,0.0,0.9579387307167053,0.9028951525688171,0.8640896677970886,0.9509155750274658,0.4475758373737335,0.42331191897392273,0.9550073742866516,0.0
211,,,,,,,,,,,,,,,,,,-24.038204193115234,1.4999999621068127e-05,-0.03408025950193405,0.6726007461547852,,,,,,,,,,,,,,8.095492362976074,0.017585039138793945,23.0,0.10575485229492188,134.85000610351562,15.26548957824707,-0.06560714542865753,0.0,0.9719905257225037,0.9708386063575745,0.9619466662406921,0.9838611483573914,0.4826631546020508,0.4861064851284027,0.9821429252624512,0.0
212,,,,,,,,,,,,,,,,,,-24.038564682006836,3.3749998692655936e-05,-0.025898536667227745,0.20346640050411224,,,,,,,,,,,,,,7.852388858795166,0.017031192779541016,24.0,0.1057775616645813,134.85000610351562,15.26548957824707,-0.06422733515501022,0.0,0.9815017580986023,0.9925709366798401,0.9814465641975403,0.9986557960510254,0.49209532141685486,0.49860119819641113,0.9824325442314148,0.0
213,,,,,,,,,,,,,,,,,,-24.03728675842285,1.4999999621068127e-05,-0.03856528177857399,0.18932898342609406,,,,,,,,,,,,,,7.311370849609375,0.016946792602539062,26.0,0.10575013607740402,135.42999267578125,15.332236289978027,-0.06823861598968506,0.0,0.9764819145202637,0.9846081733703613,0.9527986645698547,0.994584858417511,0.48249551653862,0.49035391211509705,0.9683151841163635,0.0
214,,,,,,,,,,,,,,,,,,-24.042150497436523,1.4999999621068127e-05,-0.030703483149409294,0.515874981880188,,,,,,,,,,,,,,8.339437484741211,0.022848129272460938,22.0,0.10576432198286057,133.8800048828125,15.15372085571289,-0.0688358023762703,0.0,0.9665176868438721,0.9450223445892334,0.9063200950622559,0.9774442315101624,0.4596588611602783,0.4664623737335205,0.9668086171150208,0.0
215,,,,,,,,,,,,,,,,,,-24.033597946166992,2.2500000341096893e-05,-0.029052652418613434,1.2532941102981567,,,,,,,,,,,,,,7.5599775314331055,0.018348217010498047,25.0,0.10581300407648087,133.8800048828125,15.15372085571289,-0.0662938728928566,0.0,0.9547937512397766,0.9041025638580322,0.8675342202186584,0.9630934596061707,0.43955835700035095,0.44153448939323425,0.9691712856292725,0.0
216,-0.013708174228668213,0.0,0.20877805352210999,0.19666504859924316,0.18372514843940735,0.20833665132522583,0.09458763897418976,0.09517910331487656,0.2068125307559967,0.0,0.0,0.0,0.0,1.0,0.0,0.0,0.0,-24.019990921020508,1.4999999621068127e-05,-0.03506838530302048,0.3157145380973816,2.131443500518799,1.5798404216766357,0.49157124757766724,0.6021689772605896,2.137105941772461,1.3110378980636597,0.21896597743034363,0.6317315101623535,0.3766830563545227,1.5265648365020752,1.0,0.5,0.09090909361839294,7.960875034332275,0.01763916015625,24.0,0.10585484653711319,134.9600067138672,15.259481430053711,-0.06844311207532883,0.0,0.9676389098167419,0.978731095790863,0.9685685038566589,0.9917094707489014,0.4848950207233429,0.4920403063297272,0.9819971919059753,0.0
217,,,,,,,,,,,,,,,,,,-24.009172439575195,2.2500000341096893e-05,-0.0353606678545475,0.37493404746055603,,,,,,,,,,,,,,7.555499076843262,0.016275882720947266,25.0,0.10589492321014404,136.0399932861328,15.399084091186523,-0.07300328463315964,0.0,0.9743528366088867,0.9885974526405334,0.9660136699676514,0.9961932301521301,0.485410213470459,0.49518850445747375,0.9765500426292419,0.0
218,,,,,,,,,,,,,,,,,,-24.001392364501953,1.4999999621068127e-05,-0.0316133126616478,0.9741129875183105,,,,,,,,,,,,,,7.7415900230407715,0.022841930389404297,24.0,0.1059015616774559,136.66000366210938,15.476350784301758,-0.07068326324224472,0.0,0.9642913937568665,0.9401423335075378,0.9185879826545715,0.9773268103599548,0.4639185965061188,0.46372056007385254,0.9692592620849609,0.0
219,,,,,,,,,,,,,,,,,,-24.001222610473633,1.4999999621068127e-05,-0.03409487381577492,0.13470646739006042,,,,,,,,,,,,,,7.896398544311523,0.016438007354736328,24.0,0.10590007156133652,137.83999633789062,15.631556510925293,-0.06786167621612549,0.0,0.9841396808624268,0.9893791079521179,0.9752348065376282,0.9938861727714539,0.4914664328098297,0.4837016761302948,0.9797442555427551,0.0
220,,,,,,,,,,,,,,,,,,-24.003509521484375,1.4999999621068127e-05,-0.02685629390180111,0.5681174397468567,,,,,,,,,,,,,,7.94438362121582,0.024274110794067383,24.0,0.10587582737207413,137.83999633789062,15.631556510925293,-0.06282731145620346,0.0,0.9709739685058594,0.9478206038475037,0.9113618731498718,0.9742221832275391,0.4580129384994507,0.4587092399597168,0.968224823474884,0.0
221,,,,,,,,,,,,,,,,,,-24.012544631958008,2.2500000341096893e-05,-0.03150033578276634,0.63531094789505,,,,,,,,,,,,,,8.878132820129395,0.021966934204101562,21.0,0.10584398359060287,137.3300018310547,15.568045616149902,-0.06670857965946198,0.0,0.9568185806274414,0.9185047149658203,0.900418221950531,0.9655326008796692,0.4541270434856415,0.4513009488582611,0.9733178019523621,0.0
222,,,,,,,,,,,,,,,,,,-24.01835060119629,2.2500000341096893e-05,-0.033669520169496536,0.3353462219238281,,,,,,,,,,,,,,8.040939331054688,0.017158985137939453,23.0,0.105835922062397,137.74000549316406,15.60400676727295,-0.06958284229040146,0.0,0.9632549285888672,0.9284176826477051,0.9079092144966125,0.9646934866905212,0.47009921073913574,0.44590339064598083,0.9624578356742859,0.0
223,,,,,,,,,,,,,,,,,,-24.01736831665039,2.2500000341096893e-05,-0.030529484152793884,0.6842820644378662,,,,,,,,,,,,,,8.210040092468262,0.020598888397216797,23.0,0.10584456473588943,139.75999450683594,15.835505485534668,-0.0670296773314476,0.0,0.9680301547050476,0.9685897827148438,0.9524337649345398,0.9834434390068054,0.47971394658088684,0.4854658842086792,0.9741681218147278,0.0
224,,,,,,,,,,,,,,,,,,-24.016508102416992,2.2500000341096893e-05,-0.028929704800248146,0.29106515645980835,,,,,,,,,,,,,,8.073814392089844,0.016922950744628906,23.0,0.10584507137537003,140.61000061035156,15.949860572814941,-0.06842825561761856,0.0,0.9739162921905518,0.9821960926055908,0.9583580493927002,0.9939493536949158,0.4807356595993042,0.49057629704475403,0.9764328002929688,0.0
225,-0.023517120629549026,0.0,0.33601823449134827,0.3342306613922119,0.32461124658584595,0.3411494791507721,0.1637239158153534,0.16632051765918732,0.33620119094848633,0.0,0.0,0.0,0.5,0.5,0.0,0.0,0.0,-24.014854431152344,1.4999999621068127e-05,-0.03701158985495567,0.508894145488739,1.3938037157058716,0.7835093140602112,0.2351302057504654,0.32190996408462524,1.3153797388076782,0.6770862936973572,0.10847151279449463,0.3264673352241516,0.26150572299957275,1.4817370176315308,1.0,0.5,0.09090909361839294,7.660338878631592,0.01640486717224121,25.0,0.1058608740568161,142.07000732421875,16.119768142700195,-0.06671599298715591,0.0,0.9690940976142883,0.9509539604187012,0.923618733882904,0.978811502456665,0.4684426784515381,0.46677806973457336,0.9707275032997131,0.0
226,,,,,,,,,,,,,,,,,,-24.006113052368164,1.4999999621068127e-05,-0.029672818258404732,0.2180662900209427,,,,,,,,,,,,,,7.494575023651123,0.018631935119628906,25.0,0.10590958595275879,142.07000732421875,16.119768142700195,-0.06550880521535873,0.0,0.9740843176841736,0.970733106136322,0.9331957697868347,0.9887497425079346,0.47071877121925354,0.4779130518436432,0.9669700264930725,0.0
227,,,,,,,,,,,,,,,,,,-23.988595962524414,3.3749998692655936e-05,-0.03616572543978691,1.1674301624298096,,,,,,,,,,,,,,7.647785186767578,0.01883220672607422,25.0,0.10599162429571152,141.33999633789062,16.0507869720459,-0.06983836740255356,0.0,0.9362127184867859,0.8804436326026917,0.8366124033927917,0.9392369389533997,0.42186930775642395,0.42689070105552673,0.9557633399963379,0.0
228,,,,,,,,,,,,,,,,,,-23.97659683227539,2.2500000341096893e-05,-0.03440055623650551,0.6657922267913818,,,,,,,,,,,,,,7.829538345336914,0.017589092254638672,24.0,0.10597029328346252,140.52999877929688,15.956467628479004,-0.06729061156511307,0.0,0.964148998260498,0.9264913201332092,0.9041374325752258,0.9721154570579529,0.4566532075405121,0.4542578160762787,0.9714360237121582,0.0
229,,,,,,,,,,,,,,,,,,-23.9831600189209,3.3749998692655936e-05,-0.03479831665754318,0.17378230392932892,,,,,,,,,,,,,,9.068737983703613,0.023823022842407227,21.0,0.10595633834600449,140.52999877929688,15.956467628479004,-0.06569939106702805,0.0,0.9681022763252258,0.9296391606330872,0.8875405788421631,0.9641518592834473,0.4689396321773529,0.4249114692211151,0.9431127905845642,0.0
230,,,,,,,,,,,,,,,,,,-23.989717483520508,1.4999999621068127e-05,-0.028623495250940323,2.2010600566864014,,,,,,,,,,,,,,7.821141242980957,0.016449928283691406,24.0,0.10592611879110336,139.5800018310547,15.812816619873047,-0.06864212453365326,0.0,0.938946545124054,0.8566538691520691,0.8174694180488586,0.9232589602470398,0.4283243715763092,0.405789852142334,0.9456055164337158,0.0
231,,,,,,,,,,,,,,,,,,-23.991933822631836,5.062499985797331e-05,-0.02359623834490776,0.18632379174232483,,,,,,,,,,,,,,8.508084297180176,0.019861936569213867,22.0,0.10595528036355972,141.3300018310547,16.00664520263672,-0.06711411476135254,0.0,0.9761003851890564,0.9788287281990051,0.9629091620445251,0.9910414814949036,0.4833793640136719,0.4904671609401703,0.98187255859375,0.0
232,,,,,,,,,,,,,,,,,,-23.980566024780273,9.999999747378752e-06,-0.041500188410282135,0.4487643539905548,,,,,,,,,,,,,,8.12521743774414,0.016659975051879883,23.0,0.1059972420334816,143.02000427246094,16.205249786376953,-0.07082825154066086,0.0,0.9748643040657043,0.966114342212677,0.9453505873680115,0.9888873100280762,0.4757363796234131,0.479970782995224,0.9810786247253418,0.0
233,,,,,,,,,,,,,,,,,,-23.972335815429688,3.3749998692655936e-05,-0.024553071707487106,0.3109574317932129,,,,,,,,,,,,,,8.74612045288086,0.020965099334716797,21.0,0.10602448880672455,142.7100067138672,16.16851806640625,-0.06871157884597778,0.0,0.9653029441833496,0.9638445973396301,0.9566624164581299,0.9859258532524109,0.4791240990161896,0.4833369255065918,0.9849390983581543,0.0
234,-0.0055345031432807446,0.0,0.07530578225851059,0.07581087946891785,0.07572576403617859,0.07615302503108978,0.03785661607980728,0.038073018193244934,0.07574380189180374,0.0,0.0,0.0,1.0,0.0,0.0,0.0,0.0,-23.958223342895508,1.4999999621068127e-05,-0.03443286567926407,0.3279848098754883,0.6352247595787048,0.08062558621168137,0.007781899534165859,0.02442198619246483,0.3918818235397339,0.08706603199243546,0.00620180694386363,0.023206185549497604,0.07815788686275482,1.0563993453979492,1.0,0.5,0.09090909361839294,7.8583760261535645,0.019495010375976562,24.0,0.10608868300914764,141.77000427246094,16.06842803955078,-0.07060743123292923,0.0,0.9691126942634583,0.9757470488548279,0.9717509150505066,0.9945668578147888,0.4855165183544159,0.4877699911594391,0.9836277365684509,0.0
235,,,,,,,,,,,,,,,,,,-23.94822120666504,3.3749998692655936e-05,-0.03511671721935272,0.4681466519832611,,,,,,,,,,,,,,7.383914947509766,0.016191959381103516,25.0,0.10610312968492508,141.77000427246094,16.06842803955078,-0.07208301872015,0.0,0.9608325958251953,0.9348287582397461,0.9004576802253723,0.9670047760009766,0.47040119767189026,0.4471675455570221,0.9467934966087341,0.0
236,,,,,,,,,,,,,,,,,,-23.942407608032227,2.2500000341096893e-05,-0.032499972730875015,0.8246058225631714,,,,,,,,,,,,,,8.387784957885742,0.021004915237426758,22.0,0.10614263266324997,139.75999450683594,15.837966918945312,-0.06939990073442459,0.0,0.963433027267456,0.941852867603302,0.9007177352905273,0.9719901084899902,0.4591608941555023,0.4618866443634033,0.9541227221488953,0.0
237,,,,,,,,,,,,,,,,,,-23.92999839782715,2.2500000341096893e-05,-0.026380375027656555,0.8934859037399292,,,,,,,,,,,,,,7.268373012542725,0.01654982566833496,26.0,0.10618661344051361,141.74000549316406,16.057161331176758,-0.06891492009162903,0.0,0.9444248676300049,0.8714475035667419,0.8113544583320618,0.9408600926399231,0.42769095301628113,0.4019429385662079,0.9389812350273132,0.0
238,,,,,,,,,,,,,,,,,,-23.91531753540039,2.2500000341096893e-05,-0.039028022438287735,1.5548999309539795,,,,,,,,,,,,,,7.622169017791748,0.020147085189819336,25.0,0.10625247657299042,143.9600067138672,16.29929542541504,-0.07135523110628128,0.0,0.9435974955558777,0.8909494876861572,0.8529730439186096,0.9465861320495605,0.4405880868434906,0.43165525794029236,0.9488674998283386,0.0
239,,,,,,,,,,,,,,,,,,-23.89553451538086,1.4999999621068127e-05,-0.04213333502411842,0.24342462420463562,,,,,,,,,,,,,,8.879867553710938,0.018707990646362305,21.0,0.10632681846618652,143.1300048828125,16.20088768005371,-0.07026606798171997,0.0,0.974738597869873,0.9790328145027161,0.9590508937835693,0.9934992790222168,0.481955885887146,0.48811519145965576,0.9814271926879883,0.0
240,,,,,,,,,,,,,,,,,,-23.88126564025879,2.2500000341096893e-05,-0.03743656352162361,0.36138275265693665,,,,,,,,,,,,,,8.850479125976562,0.01826310157775879,21.0,0.10635402053594589,143.11000061035156,16.20517349243164,-0.06394749879837036,0.0,0.9637932777404785,0.9535291790962219,0.943503201007843,0.9830909371376038,0.472351998090744,0.4769050180912018,0.9832379221916199,0.0
241,,,,,,,,,,,,,,,,,,-23.8778133392334,2.2500000341096893e-05,-0.030239112675189972,0.15018776059150696,,,,,,,,,,,,,,8.283219337463379,0.018171072006225586,23.0,0.10636015236377716,144.10000610351562,16.318952560424805,-0.07115543633699417,0.0,0.976015567779541,0.9813794493675232,0.9677212238311768,0.9954400658607483,0.48559972643852234,0.49067458510398865,0.9766526222229004,0.0
242,,,,,,,,,,,,,,,,,,-23.87392234802246,2.2500000341096893e-05,-0.032708246260881424,0.3497919738292694,,,,,,,,,,,,,,7.826740264892578,0.018929004669189453,24.0,0.1063900887966156,143.60000610351562,16.272212982177734,-0.0684603676199913,0.0,0.9694363474845886,0.9371997714042664,0.8986894488334656,0.9709120392799377,0.46400249004364014,0.44492459297180176,0.9552684426307678,0.0
243,,,,,,,,,,,,,,,,,,-23.85996437072754,1.4999999621068127e-05,-0.03396740183234215,2.0711662769317627,,,,,,,,,,,,,,7.715913772583008,0.016899824142456055,24.0,0.1064562276005745,144.1999969482422,16.313753128051758,-0.06665510684251785,0.0,0.9514740109443665,0.9075160026550293,0.8841511607170105,0.9527792930603027,0.452237993478775,0.44522714614868164,0.9614517688751221,0.0
244,,,,,,,,,,,,,,,,,,-23.850215911865234,2.2500000341096893e-05,-0.03137478977441788,0.3293744921684265,,,,,,,,,,,,,,8.46450138092041,0.0236971378326416,22.0,0.10646208375692368,143.99000549316406,16.287023544311523,-0.07005057483911514,0.0,0.9712187647819519,0.9808275103569031,0.9564030170440674,0.9938785433769226,0.48252180218696594,0.48921117186546326,0.9727426171302795,0.0
245,,,,,,,,,,,,,,,,,,-23.849971771240234,2.2500000341096893e-05,-0.038512397557497025,0.646246612071991,,,,,,,,,,,,,,8.062215805053711,0.04459500312805176,23.0,0.10646642744541168,144.89999389648438,16.398744583129883,-0.0724329799413681,0.0,0.9587674736976624,0.9188405871391296,0.8850631713867188,0.9663763046264648,0.45636725425720215,0.4393381178379059,0.9556503295898438,0.0
246,,,,,,,,,,,,,,,,,,-23.84259033203125,2.2500000341096893e-05,-0.03636297583580017,1.226953387260437,,,,,,,,,,,,,,7.359044075012207,0.0215909481048584,26.0,0.10652844607830048,144.4499969482422,16.329702377319336,-0.06681738048791885,0.0,0.9663853049278259,0.9242474436759949,0.8790814280509949,0.9580049514770508,0.4583663046360016,0.443143755197525,0.946268618106842,0.0
247,,,,,,,,,,,,,,,,,,-23.831188201904297,1.4999999621068127e-05,-0.034685976803302765,0.28759852051734924,,,,,,,,,,,,,,7.4559431076049805,0.01811981201171875,25.0,0.10654070228338242,144.30999755859375,16.313919067382812,-0.06755327433347702,0.0,0.9690868258476257,0.9316179156303406,0.871128261089325,0.9664566516876221,0.4514130651950836,0.4407142698764801,0.9498561024665833,0.0
248,,,,,,,,,,,,,,,,,,-23.825027465820312,2.2500000341096893e-05,-0.038483548909425735,0.8276487588882446,,,,,,,,,,,,,,7.7220563888549805,0.019487857818603516,24.0,0.10658792406320572,143.22999572753906,16.16372299194336,-0.06695104390382767,0.0,0.9469956755638123,0.8768243789672852,0.8188831210136414,0.9382966160774231,0.4224961996078491,0.4163118600845337,0.9538159370422363,0.0
249,,,,,,,,,,,,,,,,,,-23.819753646850586,1.4999999621068127e-05,-0.04165461286902428,0.7313249111175537,,,,,,,,,,,,,,7.769527435302734,0.01671004295349121,24.0,0.10656131058931351,139.94000244140625,15.757601737976074,-0.07175812125205994,0.0,0.9494163990020752,0.9042803645133972,0.8811149597167969,0.9620897173881531,0.44638919830322266,0.444356769323349,0.9737944006919861,0.0
250,,,,,,,,,,,,,,,,,,-23.82741928100586,2.2500000341096893e-05,-0.037344790995121,0.302474707365036,,,,,,,,,,,,,,7.649706840515137,0.02486872673034668,25.0,0.10653489083051682,139.94000244140625,15.757601737976074,-0.06909879297018051,0.0,0.9771566987037659,0.9890264868736267,0.9770285487174988,0.9970468878746033,0.4911145269870758,0.49398866295814514,0.9789814949035645,0.0
251,,,,,,,,,,,,,,,,,,-23.835304260253906,1.4999999621068127e-05,-0.033810168504714966,0.26859986782073975,,,,,,,,,,,,,,7.8947038650512695,0.019192934036254883,24.0,0.10651373863220215,140.36000061035156,15.815020561218262,-0.07086721062660217,0.0,0.9806530475616455,0.9817911982536316,0.9459633231163025,0.9884352684020996,0.4854517877101898,0.47353219985961914,0.9622242450714111,0.0
252,,,,,,,,,,,,,,,,,,-23.833566665649414,2.2500000341096893e-05,-0.03401513397693634,1.130259394645691,,,,,,,,,,,,,,7.796799659729004,0.022444963455200195,24.0,0.10656677186489105,140.1300048828125,15.772310256958008,-0.0701625719666481,0.0,0.9578456878662109,0.9175734519958496,0.8593487739562988,0.9550060629844666,0.4434221684932709,0.4372434616088867,0.9504496455192566,0.0
253,,,,,,,,,,,,,,,,,,-23.817066192626953,2.2500000341096893e-05,-0.02906649000942707,0.39301761984825134,,,,,,,,,,,,,,8.382387161254883,0.021373987197875977,22.0,0.10663045942783356,140.3000030517578,15.7963228225708,-0.0709717646241188,0.0,0.9606721997261047,0.9203749299049377,0.8838996887207031,0.9688462615013123,0.44934773445129395,0.45027944445610046,0.9625174403190613,0.0
254,,,,,,,,,,,,,,,,,,-23.805648803710938,2.2500000341096893e-05,-0.03385838493704796,0.5700294971466064,,,,,,,,,,,,,,8.568573951721191,0.01878523826599121,22.0,0.10665805637836456,141.25999450683594,15.898326873779297,-0.06951975077390671,0.0,0.9569640159606934,0.9442851543426514,0.9040441513061523,0.9735426902770996,0.4483914375305176,0.4620548486709595,0.9688549637794495,0.0
255,,,,,,,,,,,,,,,,,,-23.80483627319336,1.4999999621068127e-05,-0.03138431906700134,0.2881799042224884,,,,,,,,,,,,,,8.145004272460938,0.023294925689697266,23.0,0.10663194954395294,141.22000122070312,15.887885093688965,-0.06970850378274918,0.0,0.9450947642326355,0.9454830288887024,0.9203364253044128,0.9698866009712219,0.46023252606391907,0.4709908664226532,0.9698262810707092,0.0
