iteration,Episode_Reward/action_rate,Episode_Reward/batting,Episode_Reward/failure,Episode_Reward/upright,Episode_Termination/fallen,Episode_Termination/invalid_contact,Episode_Termination/time_out,Loss/entropy,Loss/learning_rate,Loss/surrogate,Loss/value,Perf/collection_time,Perf/learning_time,Perf/total_fps,Policy/mean_std,Train/mean_episode_length,Train/mean_reward,reward/action_rate,reward/batting,reward/failure,reward/upright
0,,,,,,,,-1.349058747291565,2.9629629352712072e-05,-0.03308369964361191,5.095290184020996,0.48322033882141113,0.02837395668029785,187.0,0.19920898973941803,14.0,-4.687793731689453,-0.005582120735198259,0.942642867565155,-7.8125,0.9999119639396667
1,,,,,,,,-1.365755319595337,0.0003375000087544322,-0.01435835100710392,5.028875827789307,0.43306398391723633,0.01063990592956543,216.0,0.19887040555477142,15.0,-4.654270172119141,-0.005485080648213625,0.23479042947292328,-10.416666984558105,0.9997095465660095
2,,,,,,,,-1.3698756694793701,4.444444493856281e-05,-0.030481623485684395,3.1497414112091064,0.5021193027496338,0.011308908462524414,186.0,0.19906671345233917,19.44444465637207,-4.549801349639893,-0.00504419906064868,0.6572978496551514,-5.208333492279053,0.999779999256134
3,,,,,,,,-1.3719364404678345,0.0001500000071246177,-0.013428183272480965,0.3390578329563141,0.4330780506134033,0.010734081268310547,216.0,0.19852979481220245,26.5,-3.7450757026672363,-0.005300845950841904,0.8309972286224365,0.0,0.999629020690918
4,,,,,,,,-1.3994665145874023,6.666666740784422e-05,-0.023886073380708694,0.04545065015554428,0.41141819953918457,0.011577844619750977,226.0,0.19781167805194855,26.5,-3.7450757026672363,-0.006225351709872484,0.10104420781135559,0.0,0.9996621608734131
5,,,,,,,,-1.4081730842590332,0.0001500000071246177,-0.014793219976127148,0.03115684539079666,0.41451001167297363,0.010663032531738281,225.0,0.1980540007352829,26.5,-3.7450757026672363,-0.005704596638679504,6.253417086554691e-05,0.0,0.9997532367706299
6,-0.004108679015189409,0.24582256376743317,-0.8333333134651184,0.7098023295402527,0.0,0.3333333432674408,0.6666666865348816,-1.397753119468689,0.0001500000071246177,-0.02846531942486763,1.4794811010360718,0.4464712142944336,0.011523962020874023,209.0,0.19828951358795166,36.769229888916016,-2.8262815475463867,-0.00584592716768384,0.0012026792392134666,-2.6041667461395264,0.9998330473899841
7,-0.0039499239064753056,0.26458534598350525,-0.8333333134651184,0.7148051261901855,0.0,0.6666666865348816,0.6666666865348816,-1.3951935768127441,9.999999747378752e-05,-0.023205619305372238,2.257218837738037,0.44061803817749023,0.011145830154418945,212.0,0.19818837940692902,41.588233947753906,-2.386674642562866,-0.0051759593188762665,0.9635640978813171,-5.208333492279053,0.9998423457145691
8,,,,,,,,-1.4078224897384644,0.0003375000087544322,-0.018840720877051353,0.07302311062812805,0.42163991928100586,0.010740995407104492,222.0,0.19727927446365356,41.588233947753906,-2.386674642562866,-0.005488985683768988,0.2085966318845749,0.0,0.9995241165161133
9,,,,,,,,-1.4489097595214844,0.0001500000071246177,-0.03593198582530022,0.016122013330459595,0.44184112548828125,0.011838197708129883,211.0,0.19633734226226807,41.588233947753906,-2.386674642562866,-0.005678126122802496,0.001149421208538115,0.0,0.9996826648712158
10,,,,,,,,-1.4711503982543945,6.666666740784422e-05,-0.024353154003620148,0.018564730882644653,0.40825605392456055,0.01124715805053711,228.0,0.19593378901481628,41.588233947753906,-2.386674642562866,-0.005462458357214928,2.328032733139206e-16,0.0,0.9997694492340088
11,,,,,,,,-1.4802743196487427,6.666666740784422e-05,-0.032523781061172485,3.111968994140625,0.4487020969390869,0.01172494888305664,208.0,0.19582875072956085,50.181819915771484,-1.8377904891967773,-0.006305218208581209,0.12137392163276672,-5.208333492279053,0.9998660087585449
12,-0.0011563819134607911,0.010273251682519913,-2.5,0.14998789131641388,0.0,1.0,0.0,-1.4820014238357544,6.666666740784422e-05,-0.01735064946115017,0.6504194736480713,0.43236684799194336,0.01056528091430664,216.0,0.19582852721214294,48.65217208862305,-1.9614427089691162,-0.0050358581356704235,0.9709007143974304,-2.6041667461395264,0.999686062335968
13,,,,,,,,-1.4860351085662842,0.00022499999613501132,-0.008993328548967838,0.018964596092700958,0.41167783737182617,0.010740041732788086,227.0,0.19547957181930542,48.65217208862305,-1.9614427089691162,-0.0054720304906368256,0.0014219837030395865,0.0,0.9996121525764465
14,,,,,,,,-1.4949601888656616,6.666666740784422e-05,-0.012620529159903526,0.009705068543553352,0.4115419387817383,0.01106405258178711,227.0,0.19559279084205627,48.65217208862305,-1.9614427089691162,-0.005503953900188208,1.7986260050784075e-11,0.0,0.9997833371162415
15,,,,,,,,-1.4859215021133423,9.999999747378752e-05,-0.02748582325875759,0.01940414495766163,0.43457889556884766,0.011118888854980469,215.0,0.19596172869205475,52.7599983215332,-1.6297274827957153,-0.00550772063434124,0.011588755063712597,0.0,0.9998165965080261
16,,,,,,,,-1.4748204946517944,9.999999747378752e-05,-0.02310475893318653,0.06985952705144882,0.4319791793823242,0.01117396354675293,216.0,0.19616162776947021,56.25925827026367,-1.3010886907577515,-0.0052797370590269566,0.40379729866981506,0.0,0.9997203350067139
17,,,,,,,,-1.469620943069458,6.666666740784422e-05,-0.0340188592672348,0.006696971133351326,0.4114351272583008,0.010696887969970703,227.0,0.1963055431842804,56.25925827026367,-1.3010886907577515,-0.0059059360064566135,0.02368755452334881,0.0,0.9996523857116699
18,,,,,,,,-1.4654375314712524,6.666666740784422e-05,-0.01332839298993349,0.006699379999190569,0.4098680019378662,0.010904788970947266,228.0,0.19638702273368835,56.25925827026367,-1.3010886907577515,-0.005429662298411131,5.952241477480413e-10,0.0,0.9998000264167786
19,,,,,,,,-1.466318130493164,0.00022499999613501132,-0.018103372305631638,0.014918201602995396,0.4329798221588135,0.010657072067260742,216.0,0.19608940184116364,59.27586364746094,-1.0582886934280396,-0.005411356687545776,9.520314051769674e-05,0.0,0.9998433589935303
20,,,,,,,,-1.4833357334136963,6.666666740784422e-05,-0.022100655362010002,0.3463728129863739,0.4726219177246094,0.014290094375610352,197.0,0.19555923342704773,61.90322494506836,-0.8494195938110352,-0.005451750010251999,1.4511680603027344,0.0,0.9996857643127441
21,,,,,,,,-1.4983333349227905,6.666666740784422e-05,-0.02673831582069397,0.004089298192411661,0.4552116394042969,0.01342320442199707,204.0,0.19520455598831177,61.90322494506836,-0.8494195938110352,-0.005255827214568853,0.18355925381183624,0.0,0.9995892643928528
22,,,,,,,,-1.515738606452942,0.0001500000071246177,-0.02586311846971512,1.9221022129058838,0.438230037689209,0.01326298713684082,212.0,0.1944139152765274,62.0,-0.8975206017494202,-0.005030592437833548,0.06770556420087814,-2.6041667461395264,0.9998130798339844
23,,,,,,,,-1.5510190725326538,4.444444493856281e-05,-0.021379521116614342,0.009994986467063427,0.42389893531799316,0.01176309585571289,220.0,0.1935112327337265,63.15151596069336,-0.7697476744651794,-0.004894960206001997,0.0297256950289011,0.0,0.9997480511665344
24,,,,,,,,-1.574901819229126,0.0001500000071246177,-0.021053750067949295,0.043843790888786316,0.4513359069824219,0.012501955032348633,206.0,0.19284166395664215,65.25714111328125,-0.5981168746948242,-0.005589683074504137,0.10417171567678452,0.0,0.9998401999473572
25,,,,,,,,-1.607351303100586,9.999999747378752e-05,-0.020110029727220535,0.09862645715475082,0.437755823135376,0.011935949325561523,213.0,0.19184035062789917,65.25714111328125,-0.5981168746948242,-0.005242197308689356,0.7954794764518738,0.0,0.9996241927146912
26,,,,,,,,-1.636742115020752,6.666666740784422e-05,-0.01912746950984001,0.020305605605244637,0.424130916595459,0.011353015899658203,220.0,0.1913885772228241,66.22222137451172,-0.5210453867912292,-0.0048940000124275684,0.004280564375221729,0.0,0.999803364276886
27,,,,,,,,-1.6468075513839722,9.999999747378752e-05,-0.01943819597363472,0.005683095194399357,0.4100799560546875,0.01059412956237793,228.0,0.1912461668252945,66.22222137451172,-0.5210453867912292,-0.005225984379649162,0.1301472932100296,0.0,0.9997822642326355
28,,,,,,,,-1.6552841663360596,9.999999747378752e-05,-0.0200207456946373,0.04078921303153038,0.4483449459075928,0.011649131774902344,208.0,0.19091592729091644,68.82051086425781,-0.2836403548717499,-0.004636480938643217,0.09807885438203812,0.0,0.9998558163642883
29,,,,,,,,-1.6625726222991943,0.00022499999613501132,-0.01838500052690506,0.16234669089317322,0.4111950397491455,0.011463165283203125,227.0,0.1909714937210083,68.82051086425781,-0.2836403548717499,-0.004418435972183943,1.2823705673217773,0.0,0.9996444582939148
30,,,,,,,,-1.649006724357605,9.999999747378752e-05,-0.027494411915540695,0.015779349952936172,0.42873382568359375,0.011236190795898438,218.0,0.19156824052333832,69.5999984741211,-0.22035934031009674,-0.005600405856966972,1.1002065548382234e-05,0.0,0.9997814297676086
31,,,,,,,,-1.6365859508514404,6.666666740784422e-05,-0.01627722755074501,0.007907059043645859,0.40956807136535645,0.011246681213378906,228.0,0.19162073731422424,69.5999984741211,-0.22035934031009674,-0.004904633387923241,0.10611280053853989,0.0,0.9998188018798828
32,,,,,,,,-1.6413233280181885,0.00022499999613501132,-0.014309915713965893,0.0416715033352375,0.4383862018585205,0.010643959045410156,213.0,0.1912572979927063,71.72093200683594,-0.004552430938929319,-0.005116197280585766,0.06820756942033768,0.0,0.9998530745506287
33,,,,,,,,-1.6621273756027222,6.666666740784422e-05,-0.0293277520686388,0.12323365360498428,0.4257321357727051,0.011158943176269531,219.0,0.19065400958061218,71.72093200683594,-0.004552430938929319,-0.005056532099843025,1.2951241731643677,0.0,0.9997262358665466
34,,,,,,,,-1.672971487045288,9.999999747378752e-05,-0.021507801488041878,0.009983017109334469,0.42246413230895996,0.010509729385375977,221.0,0.19080312550067902,72.36363983154297,0.04539947584271431,-0.005156426224857569,1.4823737792823977e-08,0.0,0.9997448921203613
35,,,,,,,,-1.6615267992019653,6.666666740784422e-05,-0.023300550878047943,0.026933927088975906,0.42572712898254395,0.011461019515991211,219.0,0.19118979573249817,72.36363983154297,0.04539947584271431,-0.004917707294225693,0.5765600204467773,0.0,0.99981290102005
36,,,,,,,,-1.6539546251296997,0.0001500000071246177,-0.02435126155614853,0.02479489892721176,0.43241000175476074,0.011232137680053711,216.0,0.19110968708992004,73.56521606445312,0.16252556443214417,-0.005267329979687929,0.003480084240436554,0.0,0.9998127818107605
37,-0.004560182336717844,0.5585743188858032,0.0,0.9997695088386536,0.0,0.0,1.0,-1.665086269378662,6.666666740784422e-05,-0.023160915821790695,0.13169147074222565,0.4398307800292969,0.011483192443847656,212.0,0.19066931307315826,74.1276626586914,0.22518602013587952,-0.0054753669537603855,1.3518723249435425,0.0,0.9997727274894714
38,,,,,,,,-1.6758965253829956,0.0001500000071246177,-0.020880887284874916,0.01637762412428856,0.4378697872161865,0.011270284652709961,213.0,0.19053146243095398,74.66666412353516,0.28499364852905273,-0.005313025321811438,3.106169899069755e-08,0.0,0.9996686577796936
39,,,,,,,,-1.67685067653656,6.666666740784422e-05,-0.022052016109228134,0.02475486695766449,0.4240531921386719,0.010840892791748047,220.0,0.19061154127120972,74.66666412353516,0.28499364852905273,-0.004930255468934774,0.10073835402727127,0.0,0.9998624324798584
40,,,,,,,,-1.6740834712982178,0.0001500000071246177,-0.01730700023472309,0.017284659668803215,0.425839900970459,0.010918140411376953,219.0,0.19065488874912262,75.18367004394531,0.32390427589416504,-0.004963789600878954,0.0035193876828998327,0.0,0.9998238682746887
41,,,,,,,,-1.6731793880462646,4.444444493856281e-05,-0.01907065510749817,3.7484657764434814,0.4381840229034424,0.010586977005004883,213.0,0.19067275524139404,75.05769348144531,0.3578573167324066,-0.0052940696477890015,0.7209874987602234,-2.6041667461395264,0.9998496174812317
42,,,,,,,,-1.6682358980178833,0.00022499999613501132,-0.013212337158620358,4.178070545196533,0.4388563632965088,0.010641813278198242,213.0,0.1910756379365921,73.94339752197266,0.26361241936683655,-0.0044786278158426285,0.048765312880277634,-2.6041667461395264,0.9998111724853516
43,,,,,,,,-1.652045488357544,4.444444493856281e-05,-0.026688899844884872,1.8237881660461426,0.43230700492858887,0.010456085205078125,216.0,0.19139857590198517,73.3272705078125,0.2081492394208908,-0.005431630183011293,0.189409539103508,-2.6041667461395264,0.9998793601989746
44,,,,,,,,-1.6470868587493896,6.666666740784422e-05,-0.018403397873044014,0.005605685990303755,0.4236571788787842,0.010979890823364258,220.0,0.19138158857822418,73.80357360839844,0.24393855035305023,-0.004766717087477446,0.025938911363482475,0.0,0.9997596740722656
45,,,,,,,,-1.6498774290084839,6.666666740784422e-05,-0.013251331634819508,2.8894920349121094,0.4272499084472656,0.011197805404663086,218.0,0.191314697265625,73.24137878417969,0.19326649606227875,-0.005909864325076342,0.041336651891469955,-2.6041667461395264,0.999901294708252
46,,,,,,,,-1.6499463319778442,9.999999747378752e-05,-0.026072470471262932,0.028629839420318604,0.4118680953979492,0.011505842208862305,226.0,0.19138267636299133,73.24137878417969,0.19326649606227875,-0.004623244982212782,0.7114953398704529,0.0,0.9997040629386902
47,,,,,,,,-1.6411508321762085,6.666666740784422e-05,-0.022120926529169083,3.295478582382202,0.4315629005432129,0.011108875274658203,216.0,0.19176951050758362,73.16393280029297,0.1792566180229187,-0.004763099830597639,0.14518959820270538,-2.6041667461395264,0.9998776316642761
48,,,,,,,,-1.6379605531692505,6.666666740784422e-05,-0.017124705016613007,0.019750501960515976,0.42516207695007324,0.010957002639770508,220.0,0.19141170382499695,73.16393280029297,0.1792566180229187,-0.0053279162384569645,0.7015599608421326,0.0,0.9997401833534241
49,,,,,,,,-1.6556503772735596,6.666666740784422e-05,-0.02021697908639908,0.005857160780578852,0.4232609272003174,0.010804176330566406,221.0,0.19087164103984833,74.01587677001953,0.2591896653175354,-0.005056677386164665,0.005372220184653997,0.0,0.9998366236686707
50,,,,,,,,-1.6740846633911133,6.666666740784422e-05,-0.01804313436150551,0.058969076722860336,0.40850305557250977,0.010606050491333008,229.0,0.19043822586536407,74.01587677001953,0.2591896653175354,-0.005206942092627287,0.8059908747673035,0.0,0.9997131824493408
51,,,,,,,,-1.6947706937789917,0.0001500000071246177,-0.018261659890413284,0.005105424206703901,0.4197061061859131,0.011824846267700195,222.0,0.1896146535873413,74.421875,0.30719810724258423,-0.004649624694138765,0.009518859907984734,0.0,0.9998399615287781
52,,,,,,,,-1.736063003540039,0.00022499999613501132,-0.015758594498038292,0.035153843462467194,0.42278409004211426,0.010666847229003906,221.0,0.1881716400384903,74.81538391113281,0.33690810203552246,-0.0053830742835998535,0.7936609387397766,0.0,0.9997647404670715
53,,,,,,,,-1.783599853515625,9.999999747378752e-05,-0.023428216576576233,0.0075296261347830296,0.42299318313598633,0.01069188117980957,221.0,0.18741977214813232,75.5671615600586,0.40935835242271423,-0.005584420636296272,0.01365144643932581,0.0,0.9998002052307129
54,,,,,,,,-1.7993063926696777,6.666666740784422e-05,-0.024208467453718185,0.06800024211406708,0.4100840091705322,0.011372089385986328,227.0,0.18720643222332,75.5671615600586,0.40935835242271423,-0.00520127872005105,1.2372266054153442,0.0,0.9997407793998718
55,,,,,,,,-1.812226414680481,9.999999747378752e-05,-0.014059462584555149,0.005497016478329897,0.426558256149292,0.011548995971679688,219.0,0.18657870590686798,75.92646789550781,0.45253676176071167,-0.0048011415638029575,1.6855436115292832e-05,0.0,0.9997892379760742
56,,,,,,,,-1.8404699563980103,6.666666740784422e-05,-0.02095671370625496,0.01714424230158329,0.4270179271697998,0.013087034225463867,218.0,0.185886412858963,76.27536010742188,0.477879136800766,-0.005658729467540979,0.23248320817947388,0.0,0.9998546242713928
57,,,,,,,,-1.862229824066162,9.999999747378752e-05,-0.028324656188488007,0.01048590149730444,0.46341705322265625,0.011114120483398438,202.0,0.1853044033050537,76.94366455078125,0.5538850426673889,-0.004730505403131247,0.5396862030029297,0.0,0.999744713306427
58,,,,,,,,-1.8832985162734985,6.666666740784422e-05,-0.027139686048030853,0.011174370534718037,0.4236159324645996,0.011221170425415039,220.0,0.18494249880313873,76.94366455078125,0.5538850426673889,-0.00481812609359622,0.2410004734992981,0.0,0.9998211860656738
59,,,,,,,,-1.9030773639678955,0.0001500000071246177,-0.016792435199022293,0.006197745446115732,0.4227430820465088,0.01114797592163086,221.0,0.18377292156219482,77.26388549804688,0.577433705329895,-0.005529608111828566,0.002257528016343713,0.0,0.9997782707214355
60,,,,,,,,-1.963617205619812,9.999999747378752e-05,-0.027768300846219063,0.02406223863363266,0.423922061920166,0.011105775833129883,220.0,0.18211695551872253,77.5753402709961,0.613538920879364,-0.005125425290316343,0.5762776136398315,0.0,0.9998443126678467
61,,,,,,,,-2.0118162631988525,6.666666740784422e-05,-0.020762519910931587,0.005762260407209396,0.4131507873535156,0.011458873748779297,226.0,0.1813453882932663,77.5753402709961,0.613538920879364,-0.0050534955225884914,0.1128506287932396,0.0,0.9997808337211609
62,-0.0022397334687411785,0.24236555397510529,-1.6666666269302368,0.4565971791744232,0.0,0.6666666865348816,0.6666666865348816,-2.029853582382202,9.999999747378752e-05,-0.028149697929620743,7.3099365234375,0.4398767948150635,0.011523246765136719,212.0,0.18119776248931885,76.62337493896484,0.5349504947662354,-0.0042121498845517635,0.6357638239860535,-5.208333492279053,0.9999062418937683
63,,,,,,,,-2.0393195152282715,9.999999747378752e-05,-0.011198793537914753,0.03286736086010933,0.4255809783935547,0.011070966720581055,219.0,0.18085676431655884,76.92308044433594,0.5677725076675415,-0.004801324103027582,0.6614042520523071,0.0,0.9998376965522766
64,,,,,,,,-2.0508408546447754,0.0001500000071246177,-0.024097396060824394,0.00790206715464592,0.4371068477630615,0.011115074157714844,214.0,0.18078571557998657,77.2151870727539,0.5885437726974487,-0.0042048185132443905,0.09902778267860413,0.0,0.9998049736022949
65,,,,,,,,-2.055180311203003,9.999999747378752e-05,-0.029983529821038246,0.013740948401391506,0.41234922409057617,0.010593891143798828,226.0,0.1805960088968277,77.2151870727539,0.5885437726974487,-0.00443223724141717,0.5012453198432922,0.0,0.9997949004173279
66,,,,,,,,-2.0566558837890625,9.999999747378752e-05,-0.01205102913081646,0.0022571298759430647,0.40999388694763184,0.01082921028137207,228.0,0.18087732791900635,77.77777862548828,0.6388806104660034,-0.004420427605509758,9.966191760746312e-11,0.0,0.9998669624328613
67,,,,,,,,-2.0394299030303955,9.999999747378752e-05,-0.02294023148715496,7.605842590332031,0.4499809741973877,0.011718988418579102,207.0,0.1815778613090515,76.28915405273438,0.5129692554473877,-0.004124925937503576,0.09877621382474899,-5.208333492279053,0.9999397397041321
68,,,,,,,,-2.01377534866333,4.444444493856281e-05,-0.029854893684387207,2.870673179626465,0.4505488872528076,0.010902166366577148,208.0,0.18198151886463165,76.1279067993164,0.5002240538597107,-0.004792952910065651,0.1923099160194397,-2.6041667461395264,0.9998858571052551
69,,,,,,,,-2.0088720321655273,4.444444493856281e-05,-0.014319599606096745,0.0014842431992292404,0.413851261138916,0.011105060577392578,225.0,0.18187034130096436,76.1279067993164,0.5002240538597107,-0.004751351196318865,0.22008772194385529,0.0,0.9997803568840027
70,,,,,,,,-2.0156712532043457,9.999999747378752e-05,-0.011048509739339352,0.0008746765088289976,0.4052112102508545,0.010802984237670898,230.0,0.18164661526679993,76.1279067993164,0.5002240538597107,-0.0044934977777302265,0.0015745555283501744,0.0,0.9999220967292786
71,,,,,,,,-2.020298957824707,0.0003375000087544322,-0.01787441223859787,0.00235170591622591,0.41617822647094727,0.01069188117980957,224.0,0.18177995085716248,76.40229797363281,0.5193704962730408,-0.004350479692220688,7.243746580343213e-08,0.0,0.9999563694000244
72,,,,,,,,-2.0108351707458496,4.444444493856281e-05,-0.024931740015745163,0.0057590920478105545,0.4328792095184326,0.011192798614501953,216.0,0.18213477730751038,77.18888854980469,0.5751581192016602,-0.004251283593475819,0.185169517993927,0.0,0.9999015927314758
73,,,,,,,,-2.001453161239624,0.0001500000071246177,-0.021815912798047066,0.030650820583105087,0.4260098934173584,0.011605024337768555,219.0,0.18244226276874542,77.18888854980469,0.5751581192016602,-0.0042287129908800125,0.6567580103874207,0.0,0.9997784495353699
74,,,,,,,,-1.9870978593826294,9.999999747378752e-05,-0.017445771023631096,0.0013394623529165983,0.4072072505950928,0.01113581657409668,229.0,0.18287047743797302,77.18888854980469,0.5751581192016602,-0.004818884190171957,1.2284684089536313e-05,0.0,0.9998796582221985
75,,,,,,,,-1.9778878688812256,6.666666740784422e-05,-0.023206403478980064,0.0025864457711577415,0.4090268611907959,0.011103153228759766,228.0,0.1830083429813385,77.43955993652344,0.5933658480644226,-0.0044310386292636395,7.414068664557405e-11,0.0,0.9999646544456482
76,,,,,,,,-1.9756630659103394,6.666666740784422e-05,-0.027438143268227577,0.006198568269610405,0.44568514823913574,0.011303901672363281,210.0,0.18301403522491455,77.92472839355469,0.6279773712158203,-0.004530038218945265,0.10799390077590942,0.0,0.9999246001243591
77,,,,,,,,-1.977879524230957,4.444444493856281e-05,-0.012324100360274315,6.785412311553955,0.4557950496673584,0.011377096176147461,205.0,0.18296582996845245,76.85416412353516,0.5420328974723816,-0.00429085036739707,0.16136088967323303,-5.208333492279053,0.9998535513877869
78,,,,,,,,-1.9761378765106201,6.666666740784422e-05,-0.025102553889155388,0.015593105927109718,0.4133930206298828,0.010911226272583008,226.0,0.18305285274982452,76.85416412353516,0.5420328974723816,-0.004716900177299976,0.4922889173030853,0.0,0.9998299479484558
79,,,,,,,,-1.9715293645858765,6.666666740784422e-05,-0.020273201167583466,0.0010505571262910962,0.4072999954223633,0.011536121368408203,229.0,0.18312251567840576,76.85416412353516,0.5420328974723816,-0.004756715148687363,2.8006255092805077e-07,0.0,0.9999058842658997
80,-0.004745094105601311,0.10977980494499207,0.0,0.999893307685852,0.0,0.0,1.0,-1.9735751152038574,6.666666740784422e-05,-0.028753994032740593,0.006048697978258133,0.43031811714172363,0.011042118072509766,217.0,0.18293727934360504,77.32653045654297,0.5760700702667236,-0.004566285293549299,0.07642452418804169,0.0,0.9999483227729797
81,,,,,,,,-1.978851079940796,9.999999747378752e-05,-0.02360823005437851,0.0045585245825350285,0.42931699752807617,0.01112508773803711,217.0,0.18294697999954224,77.77999877929688,0.6138578057289124,-0.004770196974277496,0.1424463540315628,0.0,0.9998607039451599
82,,,,,,,,-1.9787397384643555,6.666666740784422e-05,-0.012302175164222717,0.0009737489162944257,0.42496204376220703,0.011605024337768555,219.0,0.18287302553653717,77.77999877929688,0.6138578057289124,-0.004571417346596718,0.26301324367523193,0.0,0.9998743534088135
83,,,,,,,,-1.9833705425262451,6.666666740784422e-05,-0.011630238965153694,0.000453554472187534,0.40402889251708984,0.011856317520141602,230.0,0.1826939880847931,77.77999877929688,0.6138578057289124,-0.004848378244787455,0.004468843806535006,0.0,0.9999120235443115
84,,,,,,,,-1.989079475402832,6.666666740784422e-05,-0.02289063297212124,0.0040709092281758785,0.43170785903930664,0.010881185531616211,216.0,0.1826331913471222,79.5199966430664,0.7526614665985107,-0.00431276299059391,0.06439057737588882,0.0,0.9999651908874512
85,,,,,,,,-1.987213134765625,6.666666740784422e-05,-0.026848088949918747,0.011496081948280334,0.41946983337402344,0.011181116104125977,222.0,0.18273064494132996,80.36000061035156,0.820882260799408,-0.0043659391812980175,0.4176267683506012,0.0,0.9998491406440735
86,-0.004740646108984947,0.13345950841903687,0.0,0.9998990893363953,0.0,0.0,1.0,-1.9836184978485107,9.999999747378752e-05,-0.01997658796608448,0.02354213409125805,0.4271271228790283,0.011564016342163086,218.0,0.18284937739372253,81.19999694824219,0.88970947265625,-0.004381937440484762,0.8275360465049744,0.0,0.999845564365387
87,,,,,,,,-1.9847570657730103,9.999999747378752e-05,-0.012139886617660522,0.0004243080329615623,0.40813493728637695,0.011460065841674805,228.0,0.18267172574996948,81.19999694824219,0.88970947265625,-0.004455407615751028,2.068819528395268e-14,0.0,0.9998536109924316
88,,,,,,,,-1.9869157075881958,6.666666740784422e-05,-0.02516564540565014,0.005547907669097185,0.4169290065765381,0.011610746383666992,224.0,0.1828797161579132,82.91000366210938,1.0327216386795044,-0.004691654350608587,0.009926318190991879,0.0,0.9999768137931824
89,,,,,,,,-1.978410243988037,4.444444493856281e-05,-0.028515541926026344,0.008468963205814362,0.42307400703430176,0.01076197624206543,221.0,0.1830124408006668,83.7300033569336,1.1049370765686035,-0.005143269430845976,0.7412721514701843,0.0,0.9998441338539124
90,,,,,,,,-1.9760773181915283,9.999999747378752e-05,-0.020306481048464775,0.006934599485248327,0.4392528533935547,0.011183023452758789,213.0,0.18300727009773254,84.58999633789062,1.1804254055023193,-0.004604849964380264,0.17736655473709106,0.0,0.9998602867126465
91,,,,,,,,-1.9688224792480469,4.444444493856281e-05,-0.022168125957250595,0.0032087115105241537,0.41181206703186035,0.011493921279907227,226.0,0.1833927482366562,84.58999633789062,1.1804254055023193,-0.004950535949319601,0.05647648498415947,0.0,0.9998898506164551
92,,,,,,,,-1.9537776708602905,0.00022499999613501132,-0.015265430323779583,0.002582332119345665,0.416856050491333,0.011918783187866211,223.0,0.18378254771232605,85.02999877929688,1.2447437047958374,-0.004794034641236067,6.641486834269017e-05,0.0,0.9999833703041077
93,,,,,,,,-1.9408832788467407,4.444444493856281e-05,-0.023577440530061722,0.005791120696812868,0.43687891960144043,0.011322021484375,214.0,0.18397310376167297,85.12999725341797,1.2363117933273315,-0.004194587003439665,0.2286720722913742,0.0,0.9999208450317383
94,,,,,,,,-1.9346612691879272,9.999999747378752e-05,-0.009093615226447582,0.007140755653381348,0.43754100799560547,0.010820150375366211,214.0,0.18409182131290436,86.0,1.295703411102295,-0.004779073875397444,0.13187381625175476,0.0,0.9998888373374939
95,,,,,,,,-1.9300005435943604,4.444444493856281e-05,-0.027545267716050148,0.004057632759213448,0.4132871627807617,0.010542869567871094,226.0,0.18414618074893951,86.0,1.295703411102295,-0.004801050294190645,0.355867475271225,0.0,0.9998405575752258
96,,,,,,,,-1.9244942665100098,0.0005062500131316483,-0.012249237857758999,0.0024515690747648478,0.4141707420349121,0.010938882827758789,225.0,0.18457040190696716,86.0,1.2959983348846436,-0.004664283711463213,1.1352025097721707e-07,0.0,0.9999825954437256
97,,,,,,,,-1.9185924530029297,6.666666740784422e-05,-0.018961571156978607,0.004689015913754702,0.42523813247680664,0.010815858840942383,220.0,0.18425790965557098,86.0,1.28473699092865,-0.004972418770194054,0.3952343761920929,0.0,0.9999086260795593
98,,,,,,,,-1.9298573732376099,6.666666740784422e-05,-0.021024230867624283,0.005437841638922691,0.43877100944519043,0.01178121566772461,213.0,0.1840287446975708,87.70999908447266,1.4270466566085815,-0.004850595723837614,0.14082758128643036,0.0,0.9998786449432373
99,,,,,,,,-1.9355056285858154,0.0001500000071246177,-0.02558911219239235,0.003842152887955308,0.4177060127258301,0.011169910430908203,223.0,0.18393057584762573,87.70999908447266,1.4270466566085815,-0.004433253780007362,0.36328649520874023,0.0,0.9998305439949036
100,,,,,,,,-1.9396039247512817,4.444444493856281e-05,-0.025909315794706345,0.0020728104282170534,0.4106099605560303,0.010934829711914062,227.0,0.1839272677898407,87.70999908447266,1.4316153526306152,-0.005228040274232626,1.3155387023289222e-05,0.0,0.999958336353302
101,,,,,,,,-1.9352487325668335,9.999999747378752e-05,-0.020362531766295433,0.002812039339914918,0.4358222484588623,0.01164698600769043,214.0,0.1840856373310089,87.70999908447266,1.4317463636398315,-0.004822550807148218,0.1263148933649063,0.0,0.9999393820762634
102,,,,,,,,-1.9344884157180786,9.999999747378752e-05,-0.022452861070632935,0.008792519569396973,0.4386868476867676,0.011393070220947266,213.0,0.18396759033203125,87.9000015258789,1.4896904230117798,-0.004078181926161051,0.3850269317626953,0.0,0.9998375773429871
103,,,,,,,,-1.935481309890747,4.444444493856281e-05,-0.019760534167289734,0.0010788439540192485,0.4155089855194092,0.011570215225219727,224.0,0.18403971195220947,87.9000015258789,1.4896904230117798,-0.004521442111581564,0.29315951466560364,0.0,0.9998591542243958
104,,,,,,,,-1.9349451065063477,6.666666740784422e-05,-0.01820066012442112,0.000170828279806301,0.40987586975097656,0.0115509033203125,227.0,0.18385596573352814,87.9000015258789,1.4896904230117798,-0.0050719124265015125,0.00023813096049707383,0.0,0.9999487996101379
105,-0.004677712917327881,0.24385805428028107,0.0,0.9998898506164551,0.0,0.0,1.0,-1.947001338005066,0.0001500000071246177,-0.014073962345719337,0.0031591046135872602,0.4355471134185791,0.011072158813476562,214.0,0.18336230516433716,88.73999786376953,1.5502363443374634,-0.004959443584084511,0.12485071271657944,0.0,0.9999633431434631
106,,,,,,,,-1.9730708599090576,0.00022499999613501132,-0.02726680599153042,0.0031661097891628742,0.43608808517456055,0.011736154556274414,214.0,0.18243367969989777,89.58999633789062,1.6206263303756714,-0.004567872267216444,0.25250962376594543,0.0,0.9998418688774109
107,,,,,,,,-1.996978521347046,9.999999747378752e-05,-0.014331125654280186,0.008346076123416424,0.4228649139404297,0.01081228256225586,221.0,0.1823619157075882,89.58999633789062,1.6206263303756714,-0.004468971863389015,0.7298728823661804,0.0,0.9998419880867004
108,,,,,,,,-1.9958012104034424,4.444444493856281e-05,-0.009474815800786018,0.0006792076164856553,0.4041290283203125,0.010851860046386719,231.0,0.1824677586555481,89.58999633789062,1.6206263303756714,-0.0044198185205459595,5.360232813167443e-10,0.0,0.9998897910118103
109,,,,,,,,-1.9889848232269287,9.999999747378752e-05,-0.030840514227747917,0.005902395583689213,0.4288299083709717,0.010782957077026367,218.0,0.18289119005203247,89.58999633789062,1.6239440441131592,-0.004264041315764189,0.09263070672750473,0.0,0.999972403049469
110,,,,,,,,-1.9712626934051514,4.444444493856281e-05,-0.020835241302847862,0.003816599491983652,0.42607617378234863,0.011158943176269531,219.0,0.18324792385101318,89.58999633789062,1.6168018579483032,-0.004483291879296303,0.4042651653289795,0.0,0.9998445510864258
111,-0.0045472304336726665,0.3453294336795807,0.0,0.9998785257339478,0.0,0.0,1.0,-1.9577624797821045,0.0001500000071246177,-0.018461357802152634,0.016019530594348907,0.42884206771850586,0.011111974716186523,218.0,0.18376728892326355,89.58999633789062,1.621437668800354,-0.004691586829721928,0.5813383460044861,0.0,0.999853789806366
112,,,,,,,,-1.9424173831939697,6.666666740784422e-05,-0.02028164081275463,0.0013441679766401649,0.41165995597839355,0.011343002319335938,226.0,0.18383142352104187,89.58999633789062,1.621437668800354,-0.005302151199430227,0.02133014239370823,0.0,0.9998686909675598
113,,,,,,,,-1.9453933238983154,9.999999747378752e-05,-0.02249234728515148,0.0030677318572998047,0.4225292205810547,0.011398077011108398,221.0,0.18371360003948212,89.58999633789062,1.6268627643585205,-0.004506193567067385,0.009414068423211575,0.0,0.9999679923057556
114,,,,,,,,-1.9494044780731201,0.0001500000071246177,-0.028467943891882896,0.0034889020025730133,0.42566394805908203,0.010879993438720703,219.0,0.1836571991443634,89.58999633789062,1.6339846849441528,-0.004640305880457163,0.31380578875541687,0.0,0.9998698830604553
115,,,,,,,,-1.9544357061386108,6.666666740784422e-05,-0.02059086225926876,0.008420286700129509,0.4376242160797119,0.011530876159667969,213.0,0.1835816502571106,89.94000244140625,1.6802551746368408,-0.005446696188300848,0.48296722769737244,0.0,0.9998524785041809
116,,,,,,,,-1.9528722763061523,0.0001500000071246177,-0.017514638602733612,0.0014141881838440895,0.4125659465789795,0.01123499870300293,226.0,0.18377439677715302,89.94000244140625,1.6802551746368408,-0.0047017354518175125,0.04401608183979988,0.0,0.9998515248298645
117,,,,,,,,-1.9507800340652466,6.666666740784422e-05,-0.019438834860920906,0.001223179278895259,0.41893768310546875,0.011607170104980469,222.0,0.18362824618816376,89.94000244140625,1.66938054561615,-0.005068065132945776,8.69136638357304e-05,0.0,0.9999790191650391
118,,,,,,,,-1.9479237794876099,6.666666740784422e-05,-0.022131549194455147,0.0035133289638906717,0.42461085319519043,0.011104106903076172,220.0,0.18404653668403625,89.94000244140625,1.6707574129104614,-0.004885390400886536,0.24185065925121307,0.0,0.9998834133148193
119,,,,,,,,-1.931511402130127,0.0001500000071246177,-0.01986079476773739,0.025150761008262634,0.4389181137084961,0.01105809211730957,213.0,0.1844661384820938,89.94000244140625,1.6765406131744385,-0.004661224782466888,0.51801997423172,0.0,0.9998589158058167
120,,,,,,,,-1.9164624214172363,9.999999747378752e-05,-0.02907971292734146,0.0015187253011390567,0.41429710388183594,0.011726856231689453,225.0,0.18475620448589325,89.94000244140625,1.6765406131744385,-0.004546424839645624,0.12743493914604187,0.0,0.9997947812080383
121,,,,,,,,-1.9054638147354126,9.999999747378752e-05,-0.016047874465584755,0.0013664551079273224,0.42125415802001953,0.012392759323120117,221.0,0.18511547148227692,89.94000244140625,1.676958441734314,-0.004355214070528746,2.9054669425931934e-07,0.0,0.9999509453773499
122,,,,,,,,-1.891505479812622,9.999999747378752e-05,-0.014010617509484291,0.011560524813830853,0.42194676399230957,0.011664152145385742,221.0,0.18547920882701874,89.94000244140625,1.6777194738388062,-0.005202691536396742,0.5390779376029968,0.0,0.9998775124549866
123,,,,,,,,-1.8828908205032349,0.0001500000071246177,-0.02129722386598587,0.0037993802689015865,0.43898701667785645,0.01083517074584961,213.0,0.18554159998893738,89.94000244140625,1.6737548112869263,-0.005133264232426882,0.17169137299060822,0.0,0.9998199343681335
124,,,,,,,,-1.8808679580688477,6.666666740784422e-05,-0.0315682478249073,0.012541434727609158,0.4135012626647949,0.011429786682128906,225.0,0.18544526398181915,89.94000244140625,1.6737548112869263,-0.004778363276273012,0.5564723610877991,0.0,0.9997925162315369
125,,,,,,,,-1.8953208923339844,0.0001500000071246177,-0.015918686985969543,0.001181907719001174,0.40947508811950684,0.011260032653808594,228.0,0.18474562466144562,89.94000244140625,1.6805424690246582,-0.005138840060681105,2.8700686272031817e-09,0.0,0.9999051690101624
126,,,,,,,,-1.911548137664795,6.666666740784422e-05,-0.016070308163762093,0.005583768244832754,0.4315609931945801,0.011448860168457031,216.0,0.18483899533748627,89.94000244140625,1.6723212003707886,-0.0047817532904446125,0.19944900274276733,0.0,0.9999151825904846
127,,,,,,,,-1.9035824537277222,0.00022499999613501132,-0.01664368435740471,0.0038567259907722473,0.4373190402984619,0.011114835739135742,214.0,0.1850282996892929,89.94000244140625,1.6695609092712402,-0.004447638522833586,0.1316024214029312,0.0,0.9998310208320618
128,,,,,,,,-1.9092159271240234,9.999999747378752e-05,-0.017021823674440384,0.007385944481939077,0.43057680130004883,0.012138128280639648,216.0,0.18463177978992462,89.94000244140625,1.6695609092712402,-0.004539421293884516,0.715216875076294,0.0,0.9998085498809814
129,,,,,,,,-1.9184361696243286,6.666666740784422e-05,-0.0325741246342659,0.0005205426714383066,0.41652989387512207,0.011339187622070312,224.0,0.18464410305023193,89.94000244140625,1.6695609092712402,-0.0050955298356711864,2.6076160002976023e-13,0.0,0.9998893141746521
130,-0.004785617813467979,0.15638208389282227,0.0,0.9998761415481567,0.0,0.0,1.0,-1.9149202108383179,6.666666740784422e-05,-0.023852622136473656,0.005126317497342825,0.43720221519470215,0.010596990585327148,214.0,0.18477937579154968,89.94000244140625,1.6608338356018066,-0.00473015895113349,0.15620453655719757,0.0,0.9999408721923828
131,,,,,,,,-1.9086796045303345,0.0001500000071246177,-0.025145621970295906,0.001996448263525963,0.43033528327941895,0.011183738708496094,217.0,0.18504688143730164,89.94000244140625,1.6524397134780884,-0.0049157217144966125,0.24648964405059814,0.0,0.9997889995574951
132,,,,,,,,-1.9029390811920166,6.666666740784422e-05,-0.012081986293196678,0.013895577751100063,0.4276998043060303,0.010961294174194336,218.0,0.18511299788951874,89.94000244140625,1.6524397134780884,-0.004998186137527227,0.6202123761177063,0.0,0.9998114705085754
133,,,,,,,,-1.9070394039154053,6.666666740784422e-05,-0.01320233941078186,0.00036102128797210753,0.4141089916229248,0.011026144027709961,225.0,0.18488211929798126,89.94000244140625,1.6524397134780884,-0.005150340031832457,0.001500860438682139,0.0,0.9998493790626526
134,,,,,,,,-1.9154391288757324,0.00022499999613501132,-0.025244617834687233,0.0026483959518373013,0.438230037689209,0.011137962341308594,213.0,0.18465910851955414,89.94000244140625,1.645965337753296,-0.00485248863697052,0.09001916646957397,0.0,0.9999289512634277
135,,,,,,,,-1.9168992042541504,6.666666740784422e-05,-0.020491639152169228,0.002571767196059227,0.4289231300354004,0.011221885681152344,218.0,0.18484719097614288,89.94000244140625,1.642866611480713,-0.005346503108739853,0.1610124260187149,0.0,0.9998149275779724
136,-0.004550183191895485,0.1603236347436905,0.0,0.9998445510864258,0.0,0.0,1.0,-1.9098464250564575,6.666666740784422e-05,-0.011645045131444931,0.03737868741154671,0.4314439296722412,0.011837244033813477,216.0,0.1848500818014145,90.75,1.7023983001708984,-0.004636271391063929,0.999107837677002,0.0,0.9998299479484558
137,,,,,,,,-1.9122436046600342,6.666666740784422e-05,-0.016536030918359756,0.00029522296972572803,0.4131460189819336,0.011577129364013672,226.0,0.18462812900543213,90.75,1.7023983001708984,-0.004731250461190939,8.450319437247611e-12,0.0,0.9998109936714172
138,,,,,,,,-1.916168451309204,0.00022499999613501132,-0.024852268397808075,0.0022226113360375166,0.42632007598876953,0.011776924133300781,219.0,0.18447135388851166,91.58999633789062,1.771504282951355,-0.005181128159165382,0.015881286934018135,0.0,0.9999403357505798
139,,,,,,,,-1.9185703992843628,6.666666740784422e-05,-0.029773617163300514,0.0033310132566839457,0.4254579544067383,0.010807991027832031,220.0,0.1845751255750656,92.44999694824219,1.8474713563919067,-0.004956790246069431,0.45468688011169434,0.0,0.9997885823249817
140,,,,,,,,-1.9195804595947266,0.0001500000071246177,-0.028596429154276848,0.004847492557018995,0.4424879550933838,0.011421918869018555,211.0,0.18429234623908997,92.44999694824219,1.8554812669754028,-0.0048108394257724285,0.2611815631389618,0.0,0.9998162388801575
141,,,,,,,,-1.9358447790145874,6.666666740784422e-05,-0.025078607723116875,0.0013913677539676428,0.41647982597351074,0.011818170547485352,224.0,0.18393471837043762,92.44999694824219,1.8554812669754028,-0.004392271861433983,0.030285069718956947,0.0,0.9997979998588562
142,,,,,,,,-1.9466527700424194,6.666666740784422e-05,-0.01648961938917637,0.0008800238138064742,0.4241061210632324,0.010898828506469727,220.0,0.18366238474845886,92.44999694824219,1.857196569442749,-0.004759678617119789,0.00021992572874296457,0.0,0.9999220371246338
143,,,,,,,,-1.961808681488037,9.999999747378752e-05,-0.025283610448241234,0.02257988601922989,0.4287221431732178,0.01182699203491211,217.0,0.18312115967273712,93.30000305175781,1.928905963897705,-0.005234293639659882,0.7676877379417419,0.0,0.9998400211334229
144,,,,,,,,-1.9794905185699463,6.666666740784422e-05,-0.03275005519390106,0.004537780303508043,0.4399988651275635,0.011007308959960938,212.0,0.18290160596370697,93.30000305175781,1.9304053783416748,-0.005024745129048824,0.15758965909481049,0.0,0.9998157024383545
145,,,,,,,,-1.9899795055389404,9.999999747378752e-05,-0.012002269737422466,0.010669328272342682,0.4113430976867676,0.01149606704711914,227.0,0.1824129819869995,93.30000305175781,1.9304053783416748,-0.0052786641754209995,0.4441744089126587,0.0,0.9997957348823547
146,,,,,,,,-2.0174272060394287,6.666666740784422e-05,-0.021215174347162247,0.0006909408839419484,0.42935824394226074,0.011408805847167969,217.0,0.18171848356723785,94.1500015258789,2.0072481632232666,-0.004630679730325937,2.848065889793361e-07,0.0,0.999914824962616
147,,,,,,,,-2.0368833541870117,0.0001500000071246177,-0.02555396407842636,0.006130240857601166,0.43314290046691895,0.011673212051391602,215.0,0.18140074610710144,94.1500015258789,2.009827136993408,-0.0049106525257229805,0.47968944907188416,0.0,0.999860942363739
148,,,,,,,,-2.044891595840454,6.666666740784422e-05,-0.02004021592438221,0.004576167557388544,0.4411439895629883,0.011349916458129883,212.0,0.1814400553703308,94.1500015258789,1.995602011680603,-0.004679249599575996,0.1554756760597229,0.0,0.9998300075531006
149,,,,,,,,-2.034795045852661,0.0001500000071246177,-0.026472922414541245,0.0069975885562598705,0.4232299327850342,0.010962963104248047,221.0,0.18203040957450867,94.1500015258789,1.995602011680603,-0.004811951424926519,0.6067543625831604,0.0,0.999764621257782
150,,,,,,,,-2.0195982456207275,6.666666740784422e-05,-0.0196114219725132,0.0011466810246929526,0.4165661334991455,0.011441946029663086,224.0,0.18209616839885712,94.1500015258789,2.000710964202881,-0.004793955013155937,5.251915717963129e-05,0.0,0.9999114871025085
151,,,,,,,,-2.0194098949432373,0.0001500000071246177,-0.023789526894688606,0.0029655960388481617,0.43753814697265625,0.011976957321166992,213.0,0.18215155601501465,94.1500015258789,1.9902396202087402,-0.004829741083085537,0.3362361192703247,0.0,0.9998992085456848
152,,,,,,,,-2.0161030292510986,9.999999747378752e-05,-0.022798990830779076,0.0043194531463086605,0.4409348964691162,0.011676788330078125,212.0,0.18219253420829773,94.1500015258789,1.987936019897461,-0.005119003355503082,0.15343539416790009,0.0,0.9998052716255188
153,,,,,,,,-2.0211663246154785,6.666666740784422e-05,-0.02784569002687931,0.00581992557272315,0.4161651134490967,0.011469841003417969,224.0,0.18195022642612457,94.1500015258789,1.987936019897461,-0.005377672147005796,0.4639366567134857,0.0,0.9998301863670349
154,,,,,,,,-2.0326437950134277,6.666666740784422e-05,-0.012678125873208046,0.0008212923421524465,0.4105260372161865,0.01152491569519043,227.0,0.18157200515270233,94.1500015258789,1.987936019897461,-0.004667536821216345,2.964769585389604e-08,0.0,0.999899685382843
155,-0.004986951127648354,0.23309075832366943,0.0,0.9998739361763,0.0,0.0,1.0,-2.044126272201538,0.00022499999613501132,-0.013920231722295284,0.006367889698594809,0.43904781341552734,0.011167049407958984,213.0,0.18141162395477295,94.1500015258789,1.9831405878067017,-0.005327846389263868,0.1490478217601776,0.0,0.9999370574951172
156,,,,,,,,-2.0506434440612793,6.666666740784422e-05,-0.02038458175957203,0.004768963437527418,0.42851710319519043,0.010787725448608398,218.0,0.1812504082918167,94.1500015258789,1.9778087139129639,-0.004811448510736227,0.30471357703208923,0.0,0.9997952580451965
157,,,,,,,,-2.0531516075134277,0.00022499999613501132,-0.014724953100085258,0.006703911814838648,0.4772169589996338,0.013942956924438477,195.0,0.18140247464179993,94.1500015258789,1.9778087139129639,-0.0049521527253091335,0.5155541300773621,0.0,0.9998416900634766
158,,,,,,,,-2.0498766899108887,4.444444493856281e-05,-0.025869708508253098,0.00025953270960599184,0.44091105461120605,0.012990951538085938,211.0,0.18141260743141174,94.1500015258789,1.9778087139129639,-0.0051260520704090595,0.0017916912911459804,0.0,0.9998615384101868
159,,,,,,,,-2.053879737854004,9.999999747378752e-05,-0.020259464159607887,0.0030178746674209833,0.4469029903411865,0.01170802116394043,209.0,0.18119555711746216,94.1500015258789,1.9717577695846558,-0.0041869208216667175,0.07962914556264877,0.0,0.999931812286377
160,,,,,,,,-2.066908836364746,6.666666740784422e-05,-0.01585739478468895,0.004303396679461002,0.4314138889312744,0.01182103157043457,216.0,0.1807287335395813,94.1500015258789,1.9757165908813477,-0.004702173639088869,0.5066031813621521,0.0,0.9998019337654114
161,-0.005092594772577286,0.19218116998672485,0.0,0.9998424053192139,0.0,0.0,1.0,-2.087891101837158,4.444444493856281e-05,-0.02259548008441925,0.002921454142779112,0.43274521827697754,0.011121034622192383,216.0,0.18018484115600586,94.97000122070312,2.044743299484253,-0.004422464407980442,0.5048584342002869,0.0,0.9998762607574463
162,,,,,,,,-2.107144832611084,9.999999747378752e-05,-0.010161804035305977,0.001231214264407754,0.41384196281433105,0.011441230773925781,225.0,0.17976310849189758,94.97000122070312,2.044743299484253,-0.004750628490000963,0.09524094313383102,0.0,0.9998455047607422
163,,,,,,,,-2.1166841983795166,6.666666740784422e-05,-0.035313930362463,0.0019204450072720647,0.4244711399078369,0.0109710693359375,220.0,0.17985814809799194,95.77999877929688,2.100003480911255,-0.0045989081263542175,0.1111806258559227,0.0,0.9999496340751648
164,,,,,,,,-2.111668825149536,6.666666740784422e-05,-0.020809460431337357,0.0034077311865985394,0.4291410446166992,0.011126041412353516,218.0,0.1798781007528305,95.77999877929688,2.106132984161377,-0.004507888574153185,0.4095417261123657,0.0,0.9998221397399902
165,,,,,,,,-2.1119606494903564,0.0001500000071246177,-0.022097937762737274,0.0062616122886538506,0.44306111335754395,0.011978864669799805,210.0,0.17977769672870636,95.77999877929688,2.1010475158691406,-0.004524703603237867,0.22417624294757843,0.0,0.9998556971549988
166,,,,,,,,-2.1141977310180664,6.666666740784422e-05,-0.02678101509809494,0.00326046091504395,0.415693998336792,0.011636018753051758,224.0,0.17968586087226868,95.77999877929688,2.1010475158691406,-0.004401207435876131,0.24572856724262238,0.0,0.999805748462677
167,,,,,,,,-2.11959171295166,6.666666740784422e-05,-0.019809793680906296,0.0004118747601751238,0.42755818367004395,0.011467695236206055,218.0,0.17928218841552734,95.77999877929688,2.101969003677368,-0.004423181992024183,6.617401959374547e-05,0.0,0.999931812286377
168,,,,,,,,-2.1365413665771484,9.999999747378752e-05,-0.02064308524131775,0.015551007352769375,0.4311990737915039,0.011359214782714844,216.0,0.17892234027385712,96.63999938964844,2.173691987991333,-0.004227049648761749,0.5014174580574036,0.0,0.9998372197151184
169,,,,,,,,-2.1463918685913086,6.666666740784422e-05,-0.02306593768298626,0.0031853357795625925,0.4431178569793701,0.011098146438598633,211.0,0.17880791425704956,97.45999908447266,2.2452290058135986,-0.0044287727214396,0.14792732894420624,0.0,0.9998435974121094
170,,,,,,,,-2.15028715133667,6.666666740784422e-05,-0.027666902169585228,0.0006061309250071645,0.41894102096557617,0.01125192642211914,223.0,0.1787465214729309,97.45999908447266,2.2452290058135986,-0.003921158611774445,0.18350572884082794,0.0,0.9997947216033936
171,,,,,,,,-2.151214361190796,6.666666740784422e-05,-0.019234396517276764,0.00045665184734389186,0.4279649257659912,0.011593103408813477,218.0,0.17869091033935547,98.30999755859375,2.318983554840088,-0.0046797557733953,3.5593591292126803e-06,0.0,0.9999063611030579
172,,,,,,,,-2.154258966445923,4.444444493856281e-05,-0.031214533373713493,0.0008833531755954027,0.43246889114379883,0.011225223541259766,216.0,0.17861638963222504,98.30999755859375,2.3122384548187256,-0.004457432311028242,0.19968803226947784,0.0,0.9998619556427002
173,,,,,,,,-2.1552276611328125,9.999999747378752e-05,-0.016305753961205482,0.005018750671297312,0.4415009021759033,0.011398077011108398,211.0,0.17858946323394775,98.30999755859375,2.314645767211914,-0.004840268287807703,0.3212679922580719,0.0,0.9998149871826172
174,,,,,,,,-2.151151657104492,6.666666740784422e-05,-0.028727559372782707,0.0014395969919860363,0.4163179397583008,0.011139154434204102,224.0,0.17885629832744598,98.30999755859375,2.314645767211914,-0.00459206523373723,0.3145246207714081,0.0,0.9997811913490295
175,,,,,,,,-2.1441116333007812,6.666666740784422e-05,-0.023783303797245026,0.0004160950193181634,0.4225649833679199,0.011223077774047852,221.0,0.1788235902786255,98.30999755859375,2.3150877952575684,-0.004276132211089134,0.00011458353401394561,0.0,0.9999082684516907
176,,,,,,,,-2.151007652282715,6.666666740784422e-05,-0.018271351233124733,0.0021866625174880028,0.4400918483734131,0.011018991470336914,212.0,0.17848913371562958,98.30999755859375,2.3195550441741943,-0.004499488510191441,0.13247248530387878,0.0,0.9998798370361328
177,,,,,,,,-2.1614773273468018,4.444444493856281e-05,-0.02428409643471241,0.0012737703509628773,0.44453883171081543,0.01086115837097168,210.0,0.17833521962165833,98.30999755859375,2.3221795558929443,-0.004639993421733379,0.18245379626750946,0.0,0.9997826218605042
178,,,,,,,,-2.167097330093384,6.666666740784422e-05,-0.02539823390543461,0.0076086074113845825,0.4178450107574463,0.010944843292236328,223.0,0.17820397019386292,98.30999755859375,2.3221795558929443,-0.004772443324327469,0.4933682978153229,0.0,0.9997899532318115
179,,,,,,,,-2.17266583442688,4.444444493856281e-05,-0.023334601894021034,0.00022904292563907802,0.414837121963501,0.011040925979614258,225.0,0.17805932462215424,98.30999755859375,2.3221795558929443,-0.004373435862362385,0.00025136678596027195,0.0,0.9998747706413269
180,-0.004522923845797777,0.14913690090179443,0.0,0.9998509287834167,0.0,0.0,1.0,-2.1847434043884277,0.00022499999613501132,-0.009665160439908504,0.004044137429445982,0.4448721408843994,0.012877702713012695,209.0,0.17748545110225677,98.30999755859375,2.3164889812469482,-0.004555739928036928,0.28743231296539307,0.0,0.9998863339424133
181,,,,,,,,-2.2132625579833984,4.444444493856281e-05,-0.027412813156843185,0.00855241995304823,0.4335172176361084,0.011495828628540039,215.0,0.17696994543075562,100.0,2.4589431285858154,-0.004280763678252697,0.37121859192848206,0.0,0.9997337460517883
182,,,,,,,,-2.2316575050354004,0.0003375000087544322,-0.01000966876745224,0.012133869342505932,0.42916393280029297,0.011397123336791992,217.0,0.17602607607841492,100.0,2.4589431285858154,-0.004487907513976097,0.41747328639030457,0.0,0.9998155236244202
183,,,,,,,,-2.271120071411133,4.444444493856281e-05,-0.02271946519613266,0.0015261309454217553,0.41641879081726074,0.011218070983886719,224.0,0.1755235493183136,100.0,2.4589431285858154,-0.004286198411136866,0.0007218178361654282,0.0,0.9998235702514648
184,,,,,,,,-2.277606964111328,6.666666740784422e-05,-0.02028198540210724,0.0013789491495117545,0.44468021392822266,0.011745691299438477,210.0,0.1754489243030548,100.0,2.467214584350586,-0.004758557304739952,0.11325765401124954,0.0,0.9998999238014221
185,,,,,,,,-2.2793591022491455,6.666666740784422e-05,-0.01682036928832531,0.008380557410418987,0.43153905868530273,0.011265039443969727,216.0,0.1754423975944519,100.0,2.4711179733276367,-0.004085140768438578,0.15773282945156097,0.0,0.9997978210449219
186,-0.004824008326977491,0.11369892209768295,0.0,0.9998472332954407,0.0,0.0,1.0,-2.2748193740844727,9.999999747378752e-05,-0.024081332609057426,0.03730042651295662,0.43213677406311035,0.011976003646850586,216.0,0.17565815150737762,100.0,2.4657490253448486,-0.004380072001367807,0.7202556729316711,0.0,0.999815046787262
187,,,,,,,,-2.2620558738708496,4.444444493856281e-05,-0.026234690099954605,0.0019852533005177975,0.4189929962158203,0.011167049407958984,223.0,0.17603833973407745,100.0,2.4657490253448486,-0.004555485676974058,0.001167957321740687,0.0,0.999764621257782
188,,,,,,,,-2.2498342990875244,0.0001500000071246177,-0.024175472557544708,0.0012193670263513923,0.43084216117858887,0.011879920959472656,216.0,0.17623238265514374,100.0,2.466766119003296,-0.004075760021805763,0.014365832321345806,0.0,0.999891459941864
189,,,,,,,,-2.2468068599700928,4.444444493856281e-05,-0.024591481313109398,0.0174944456666708,0.4286651611328125,0.011217117309570312,218.0,0.17617788910865784,100.0,2.4687716960906982,-0.004122009035199881,0.49296894669532776,0.0,0.9997368454933167
190,,,,,,,,-2.24340558052063,0.00022499999613501132,-0.014571730978786945,0.011874811723828316,0.44182491302490234,0.011333942413330078,211.0,0.17651471495628357,100.0,2.47548508644104,-0.0044307345524430275,0.26562070846557617,0.0,0.9998170733451843
191,,,,,,,,-2.229811668395996,2.9629629352712072e-05,-0.01392302941530943,0.0012438648846000433,0.41896605491638184,0.011655807495117188,222.0,0.17653045058250427,100.0,2.47548508644104,-0.004472420085221529,0.023763155564665794,0.0,0.9997405409812927
192,,,,,,,,-2.233534097671509,6.666666740784422e-05,-0.01049885619431734,0.0007488371338695288,0.43295812606811523,0.011339187622070312,216.0,0.17635704576969147,100.0,2.480705499649048,-0.004516060929745436,9.215238969773054e-05,0.0,0.9998535513877869
193,,,,,,,,-2.2387702465057373,9.999999747378752e-05,-0.020982123911380768,0.003726820694282651,0.43477821350097656,0.011479854583740234,215.0,0.17630255222320557,100.0,2.4759914875030518,-0.004281624685972929,0.3048189580440521,0.0,0.9997627139091492
194,,,,,,,,-2.2373218536376953,6.666666740784422e-05,-0.03358415514230728,0.004914755001664162,0.44125986099243164,0.011530876159667969,212.0,0.17645378410816193,100.0,2.4656333923339844,-0.004312240052968264,0.3021625876426697,0.0,0.9997996687889099
195,,,,,,,,-2.2319893836975098,0.0001500000071246177,-0.01184788066893816,0.01992475613951683,0.4197061061859131,0.010959863662719727,222.0,0.17650604248046875,100.0,2.4656333923339844,-0.004404869396239519,0.3986314833164215,0.0,0.9996960759162903
196,,,,,,,,-2.2298245429992676,4.444444493856281e-05,-0.033811893314123154,0.0006577683379873633,0.43028879165649414,0.01155996322631836,217.0,0.17654384672641754,100.0,2.461364269256592,-0.0044305152259767056,4.2341949324509187e-07,0.0,0.9998576045036316
197,,,,,,,,-2.2307939529418945,6.666666740784422e-05,-0.019649993628263474,0.01684289239346981,0.431171178817749,0.011358976364135742,216.0,0.1763959378004074,100.0,2.4572513103485107,-0.004685848485678434,0.43135866522789,0.0,0.999779462814331
198,,,,,,,,-2.240311861038208,9.999999747378752e-05,-0.015580757521092892,0.006290254183113575,0.44673991203308105,0.011201143264770508,209.0,0.17606094479560852,100.0,2.4660682678222656,-0.004270441830158234,0.1698165088891983,0.0,0.9997541904449463
199,,,,,,,,-2.2467191219329834,0.0001500000071246177,-0.023024696856737137,0.006366917863488197,0.4154987335205078,0.012198209762573242,224.0,0.1762966364622116,100.0,2.4660682678222656,-0.004369745030999184,0.6658788323402405,0.0,0.9997069835662842
200,,,,,,,,-2.2429940700531006,4.444444493856281e-05,-0.02056596241891384,0.0007220386760309339,0.42293620109558105,0.012228965759277344,220.0,0.17615501582622528,100.0,2.470444440841675,-0.004265439230948687,6.947015879221752e-11,0.0,0.9998324513435364
201,,,,,,,,-2.2488934993743896,6.666666740784422e-05,-0.029200725257396698,0.018336797133088112,0.4366607666015625,0.011813163757324219,214.0,0.17612682282924652,100.0,2.4704816341400146,-0.004449125379323959,0.13268724083900452,0.0,0.9998309016227722
202,,,,,,,,-2.242095470428467,0.0001500000071246177,-0.027597246691584587,0.009701763279736042,0.44318580627441406,0.012015104293823242,210.0,0.1764887571334839,100.0,2.4766461849212646,-0.003984972834587097,0.17563356459140778,0.0,0.9997310042381287
203,,,,,,,,-2.2313244342803955,6.666666740784422e-05,-0.005831855349242687,0.02136273682117462,0.41684889793395996,0.011345148086547852,224.0,0.1766006201505661,100.0,2.4766461849212646,-0.004231364466249943,0.7467613220214844,0.0,0.9997482895851135
204,,,,,,,,-2.2271463871002197,0.0001500000071246177,-0.01269111130386591,0.0017386424588039517,0.4178752899169922,0.01099395751953125,223.0,0.1767910271883011,100.0,2.4766461849212646,-0.004573469050228596,1.6487667468257444e-26,0.0,0.9998127818107605
205,-0.004320970736443996,0.1446828544139862,0.0,0.9997870922088623,0.0,0.0,1.0,-2.229623317718506,0.0001500000071246177,-0.030031373724341393,0.0010086408583447337,0.44159913063049316,0.01117086410522461,212.0,0.176367849111557,100.0,2.473665237426758,-0.004780369345098734,0.29806017875671387,0.0,0.9998484253883362
206,,,,,,,,-2.251915216445923,6.666666740784422e-05,-0.029159458354115486,0.006544672884047031,0.43523097038269043,0.010947942733764648,215.0,0.1760322004556656,100.0,2.479658365249634,-0.0047795455902814865,0.3695504367351532,0.0,0.9996988773345947
207,,,,,,,,-2.256704568862915,9.999999747378752e-05,-0.022344306111335754,0.025715770199894905,0.42773985862731934,0.011049985885620117,218.0,0.17612135410308838,100.0,2.479658365249634,-0.0048345900140702724,0.4991164207458496,0.0,0.9998032450675964
208,,,,,,,,-2.249099016189575,9.999999747378752e-05,-0.03017021156847477,0.0009075055131688714,0.41645002365112305,0.0117340087890625,224.0,0.17632243037223816,100.0,2.479658365249634,-0.004290287382900715,2.3017521016299725e-05,0.0,0.9997907280921936
209,,,,,,,,-2.248997688293457,6.666666740784422e-05,-0.025589291006326675,0.009990563616156578,0.4408762454986572,0.010711669921875,212.0,0.17628887295722961,100.0,2.4827210903167725,-0.004356561694294214,0.1358719915151596,0.0,0.9998741149902344
210,,,,,,,,-2.243258476257324,0.0001500000071246177,-0.016420885920524597,0.013502363115549088,0.4310169219970703,0.010833740234375,217.0,0.17679110169410706,100.0,2.4833896160125732,-0.004467593505978584,0.38990354537963867,0.0,0.9997126460075378
211,-0.004736586473882198,0.3129042088985443,0.0,0.9997869729995728,0.0,0.0,1.0,-2.22552752494812,6.666666740784422e-05,-0.02533804066479206,0.018716422840952873,0.4349398612976074,0.011192083358764648,215.0,0.17706380784511566,100.0,2.486604928970337,-0.004541169386357069,0.7127971053123474,0.0,0.99980229139328
212,,,,,,,,-2.2235488891601562,6.666666740784422e-05,-0.02086777240037918,0.0018164674984291196,0.41678810119628906,0.010972023010253906,224.0,0.17702260613441467,100.0,2.486604928970337,-0.004473928827792406,3.805130027923514e-35,0.0,0.9997608065605164
213,,,,,,,,-2.2165825366973877,9.999999747378752e-05,-0.019033031538128853,0.0010899900225922465,0.4304311275482178,0.01110076904296875,217.0,0.17748789489269257,100.0,2.4894278049468994,-0.0044927396811544895,0.015446123667061329,0.0,0.9998767971992493
214,,,,,,,,-2.200925827026367,9.999999747378752e-05,-0.007574208080768585,0.007863999344408512,0.43213486671447754,0.012012004852294922,216.0,0.17774006724357605,100.0,2.488600492477417,-0.004849625285714865,0.7065958976745605,0.0,0.9997386336326599
215,,,,,,,,-2.189279079437256,9.999999747378752e-05,-0.02614567056298256,0.018353795632719994,0.44484806060791016,0.011204957962036133,210.0,0.1781625747680664,100.0,2.489116907119751,-0.0043878802098333836,0.5585569739341736,0.0,0.9997912049293518
216,,,,,,,,-2.171722173690796,4.444444493856281e-05,-0.02887422777712345,0.0007939953939057887,0.417464017868042,0.01121211051940918,223.0,0.17862185835838318,100.0,2.489116907119751,-0.004437784664332867,0.03872251138091087,0.0,0.9997281432151794
217,,,,,,,,-2.1587932109832764,4.444444493856281e-05,-0.019512047991156578,0.00034952015266753733,0.4297959804534912,0.011691093444824219,217.0,0.17874933779239655,100.0,2.490790605545044,-0.004576885607093573,0.00011087847087765113,0.0,0.9998803734779358
218,,,,,,,,-2.153477668762207,6.666666740784422e-05,-0.016606464982032776,0.004873371683061123,0.4306070804595947,0.01067805290222168,217.0,0.17898567020893097,100.0,2.493412733078003,-0.004440316464751959,0.5660417675971985,0.0,0.9997699856758118
219,,,,,,,,-2.141566038131714,6.666666740784422e-05,-0.018046263605356216,0.003960013389587402,0.44136786460876465,0.011437177658081055,212.0,0.17934013903141022,100.0,2.4933435916900635,-0.004118041601032019,0.3470996618270874,0.0,0.9998014569282532
220,,,,,,,,-2.1305220127105713,9.999999747378752e-05,-0.02821141853928566,0.0021678812336176634,0.4167940616607666,0.011186838150024414,224.0,0.1795358657836914,100.0,2.4933435916900635,-0.005230981390923262,0.28674614429473877,0.0,0.9997368454933167
221,,,,,,,,-2.1220345497131348,6.666666740784422e-05,-0.029736047610640526,0.00023609248455613852,0.4285581111907959,0.011554956436157227,218.0,0.17973613739013672,100.0,2.496446132659912,-0.004336248617619276,2.1863094445961906e-07,0.0,0.9998652338981628
222,,,,,,,,-2.112778425216675,2.9629629352712072e-05,-0.028939686715602875,0.014798845164477825,0.432574987411499,0.011555910110473633,216.0,0.17989671230316162,100.0,2.4979870319366455,-0.004553773906081915,0.4103628695011139,0.0,0.9998123049736023
223,,,,,,,,-2.105898857116699,0.0001500000071246177,-0.021135834977030754,0.0017105289734899998,0.441478967666626,0.01203298568725586,211.0,0.1801125407218933,100.0,2.500091791152954,-0.004411325789988041,0.32826611399650574,0.0,0.9997609257698059
224,,,,,,,,-2.0934548377990723,6.666666740784422e-05,-0.01957257091999054,0.005496407859027386,0.4168357849121094,0.011190176010131836,224.0,0.18038132786750793,100.0,2.500091791152954,-0.00386698916554451,0.674464225769043,0.0,0.999741792678833
225,,,,,,,,-2.0801374912261963,4.444444493856281e-05,-0.024807725101709366,0.0005952637293376029,0.42007970809936523,0.0110321044921875,222.0,0.18067705631256104,100.0,2.503756284713745,-0.0048048654571175575,6.6676088261719e-11,0.0,0.9998614192008972
226,,,,,,,,-2.070289373397827,9.999999747378752e-05,-0.017886700108647346,0.0015632740687578917,0.4454047679901123,0.011023998260498047,210.0,0.1809016615152359,100.0,2.507246494293213,-0.004855152685195208,0.3769136965274811,0.0,0.9998458027839661
227,,,,,,,,-2.0643932819366455,4.444444493856281e-05,-0.02692222036421299,0.0023121086414903402,0.4452521800994873,0.011633872985839844,210.0,0.18094666302204132,100.0,2.510200262069702,-0.004361649975180626,0.3166838586330414,0.0,0.9997321963310242
228,,,,,,,,-2.066835880279541,9.999999747378752e-05,-0.01789066195487976,0.01188850961625576,0.41861796379089355,0.011848926544189453,223.0,0.18083325028419495,100.0,2.510200262069702,-0.004816034343093634,0.7747029662132263,0.0,0.9997785687446594
229,,,,,,,,-2.072524070739746,4.444444493856281e-05,-0.03524274006485939,0.0004848848038818687,0.4210062026977539,0.012141942977905273,221.0,0.18081717193126678,100.0,2.510200262069702,-0.004287263844162226,0.0,0.0,0.9998663067817688
230,-0.004686834756284952,0.3304808437824249,0.0,0.9998145699501038,0.0,0.0,1.0,-2.070066213607788,0.0001500000071246177,-0.01652286760509014,0.0024038979317992926,0.44683289527893066,0.011658906936645508,209.0,0.1810728758573532,100.0,2.5110859870910645,-0.005151988472789526,0.35104110836982727,0.0,0.9999298453330994
231,,,,,,,,-2.0582754611968994,9.999999747378752e-05,-0.029805004596710205,0.003438329789787531,0.43488311767578125,0.011868953704833984,214.0,0.1815209835767746,100.0,2.5140914916992188,-0.004984152503311634,0.3909018337726593,0.0,0.999763011932373
232,,,,,,,,-2.043294906616211,9.999999747378752e-05,-0.024116583168506622,0.005641422234475613,0.4270331859588623,0.011008977890014648,219.0,0.18167145550251007,100.0,2.5140914916992188,-0.0039881812408566475,0.7972025275230408,0.0,0.9998024106025696
233,,,,,,,,-2.0444419384002686,0.0001500000071246177,-0.014818327501416206,0.0002727749233599752,0.4196901321411133,0.011483192443847656,222.0,0.18143446743488312,100.0,2.5140914916992188,-0.004979943856596947,0.0,0.0,0.999854564666748
234,,,,,,,,-2.0532801151275635,0.0001500000071246177,-0.025097621604800224,0.0024428244214504957,0.4382920265197754,0.011284112930297852,213.0,0.18113067746162415,100.0,2.5220718383789062,-0.004449802450835705,0.27916190028190613,0.0,0.9999501705169678
235,,,,,,,,-2.0640430450439453,4.444444493856281e-05,-0.041060395538806915,0.07360992580652237,0.4275791645050049,0.011169910430908203,218.0,0.18081814050674438,100.0,2.5240890979766846,-0.004398688208311796,0.1792081594467163,0.0,0.9998005032539368
236,-0.004032324068248272,0.35100772976875305,0.0,0.9998480081558228,0.0,0.0,1.0,-2.0702595710754395,9.999999747378752e-05,-0.022466672584414482,0.005921318661421537,0.4325129985809326,0.011807680130004883,216.0,0.180752232670784,100.0,2.5235543251037598,-0.004576543346047401,0.6648491024971008,0.0,0.9998511672019958
237,,,,,,,,-2.0663535594940186,4.444444493856281e-05,-0.016590435057878494,0.0009702884126454592,0.4163379669189453,0.010454893112182617,224.0,0.18103483319282532,100.0,2.5235543251037598,-0.005002592224627733,9.639319855013695e-23,0.0,0.9998547434806824
238,,,,,,,,-2.054776668548584,0.0001500000071246177,-0.02339230291545391,0.0015496526611968875,0.4307289123535156,0.011647939682006836,217.0,0.18126031756401062,100.0,2.524653434753418,-0.004698418080806732,0.012345574796199799,0.0,0.9999745488166809
239,,,,,,,,-2.0485219955444336,6.666666740784422e-05,-0.017672985792160034,0.022319339215755463,0.4297349452972412,0.011352062225341797,217.0,0.18128611147403717,100.0,2.5220537185668945,-0.004730576649308205,0.5721425414085388,0.0,0.9998414516448975
240,,,,,,,,-2.048013687133789,0.0001500000071246177,-0.02080719918012619,0.029029591009020805,0.44327712059020996,0.011935949325561523,210.0,0.1813281774520874,100.0,2.525486707687378,-0.004612591117620468,0.28745269775390625,0.0,0.9998607635498047
241,,,,,,,,-2.056314468383789,6.666666740784422e-05,-0.02350429818034172,0.00631036376580596,0.424102783203125,0.011775970458984375,220.0,0.18080507218837738,100.0,2.525486707687378,-0.004696863703429699,0.2345173954963684,0.0,0.9998103976249695
242,,,,,,,,-2.0747525691986084,9.999999747378752e-05,-0.02385084703564644,0.0008419816149398685,0.4322340488433838,0.012417078018188477,215.0,0.1804419904947281,100.0,2.5297272205352783,-0.004714093636721373,6.0910835600225255e-05,0.0,0.999969482421875
243,,,,,,,,-2.086977005004883,0.0001500000071246177,-0.013413882814347744,0.010201863944530487,0.43771910667419434,0.011046171188354492,213.0,0.18015561997890472,100.0,2.5319771766662598,-0.004776449874043465,0.552315354347229,0.0,0.9998638033866882
244,,,,,,,,-2.0932934284210205,9.999999747378752e-05,-0.0208037868142128,0.019737740978598595,0.44613099098205566,0.011140823364257812,209.0,0.18020689487457275,100.0,2.52274227142334,-0.004865988623350859,0.3788255751132965,0.0,0.9998587965965271
245,,,,,,,,-2.0899243354797363,6.666666740784422e-05,-0.03058759495615959,0.007577544543892145,0.41974878311157227,0.012957096099853516,221.0,0.18024833500385284,100.0,2.52274227142334,-0.004336419049650431,0.3347505033016205,0.0,0.9998111128807068
246,,,,,,,,-2.089646816253662,4.444444493856281e-05,-0.024863779544830322,0.0004507990670390427,0.42640089988708496,0.01134181022644043,219.0,0.18014362454414368,100.0,2.5247747898101807,-0.00506832730025053,1.1271191624473431e-07,0.0,0.9999704957008362
247,,,,,,,,-2.0964086055755615,4.444444493856281e-05,-0.020916812121868134,0.019460121169686317,0.4300038814544678,0.011756181716918945,217.0,0.17991259694099426,100.0,2.524479627609253,-0.004886392503976822,0.2942836582660675,0.0,0.9998981952667236
248,,,,,,,,-2.1074979305267334,0.0003375000087544322,-0.00967695377767086,0.003949142061173916,0.4430851936340332,0.010872840881347656,211.0,0.17946621775627136,100.0,2.5324180126190186,-0.004288834054023027,0.32473909854888916,0.0,0.9998429417610168
249,,,,,,,,-2.1295816898345947,2.9629629352712072e-05,-0.03282112255692482,0.00911911390721798,0.41745781898498535,0.011049032211303711,224.0,0.17909133434295654,100.0,2.5324180126190186,-0.004442831967025995,0.35671567916870117,0.0,0.9998371601104736
250,,,,,,,,-2.1370725631713867,6.666666740784422e-05,-0.023565037176012993,0.0007272198563441634,0.41620683670043945,0.010789155960083008,224.0,0.17899440228939056,100.0,2.5261898040771484,-0.004279749002307653,0.00027414734358899295,0.0,0.9999656081199646
251,,,,,,,,-2.1396992206573486,6.666666740784422e-05,-0.019913477823138237,0.005250546615570784,0.44141483306884766,0.01109933853149414,212.0,0.17896009981632233,100.0,2.52840256690979,-0.004594065248966217,0.23595136404037476,0.0,0.9999408721923828
252,,,,,,,,-2.1406376361846924,9.999999747378752e-05,-0.02375563606619835,0.01395138818770647,0.4430539608001709,0.010850906372070312,211.0,0.17891311645507812,100.0,2.52490496635437,-0.0048807780258357525,0.31699466705322266,0.0,0.9998396039009094
253,,,,,,,,-2.133897304534912,0.00022499999613501132,-0.011372867040336132,0.013944882899522781,0.4204390048980713,0.01142120361328125,222.0,0.1795981228351593,100.0,2.52490496635437,-0.004765169229358435,0.4958098828792572,0.0,0.9998299479484558
254,,,,,,,,-2.11149263381958,4.444444493856281e-05,-0.009048695676028728,0.000405235419748351,0.41714978218078613,0.011773109436035156,223.0,0.17980067431926727,100.0,2.52490496635437,-0.005169754382222891,0.0019707046449184418,0.0,0.9999397397041321
255,-0.004550953395664692,0.26328301429748535,0.0,0.9998937249183655,0.0,0.0,1.0,-2.110766887664795,4.444444493856281e-05,-0.02144542895257473,0.001728571718558669,0.44097399711608887,0.01167607307434082,212.0,0.17973066866397858,100.0,2.5250959396362305,-0.004341484978795052,0.24041710793972015,0.0,0.9999614357948303
256,,,,,,,,-2.114030122756958,9.999999747378752e-05,-0.02468133717775345,0.01745922490954399,0.4343700408935547,0.011490106582641602,215.0,0.1796460747718811,100.0,2.521235942840576,-0.004719926510006189,0.3991713225841522,0.0,0.9998148083686829
257,,,,,,,,-2.114785671234131,9.999999747378752e-05,-0.017954902723431587,0.010043004527688026,0.42589807510375977,0.011453866958618164,219.0,0.17967912554740906,100.0,2.521235942840576,-0.004709357861429453,0.6262959837913513,0.0,0.9998428225517273
258,,,,,,,,-2.1132700443267822,0.0003375000087544322,-0.005035868845880032,0.0010158646618947387,0.41698408126831055,0.011136054992675781,224.0,0.17970310151576996,100.0,2.521235942840576,-0.004224927630275488,0.0,0.0,0.9999060034751892
259,,,,,,,,-2.096137523651123,9.999999747378752e-05,-0.041812922805547714,0.0015617863973602653,0.4409599304199219,0.010956764221191406,212.0,0.180494487285614,100.0,2.52421236038208,-0.004661435727030039,0.10646343231201172,0.0,0.9999697804450989
260,,,,,,,,-2.0666680335998535,9.999999747378752e-05,-0.014295347966253757,0.00904531218111515,0.43097925186157227,0.012107610702514648,216.0,0.1811310350894928,100.0,2.528475284576416,-0.00462161423638463,0.601350724697113,0.0,0.9998195171356201
261,-0.004733085632324219,0.249299094080925,0.0,0.9998870491981506,0.0,0.0,1.0,-2.0491104125976562,4.444444493856281e-05,-0.026508068665862083,0.04059193655848503,0.42974209785461426,0.011153221130371094,217.0,0.18130691349506378,100.0,2.5272645950317383,-0.004521352704614401,0.5853847861289978,0.0,0.9998438954353333
262,,,,,,,,-2.0443356037139893,2.9629629352712072e-05,-0.020184144377708435,0.0006031743832863867,0.4171879291534424,0.011380910873413086,224.0,0.18141326308250427,100.0,2.5272645950317383,-0.004536196123808622,0.001509509515017271,0.0,0.9998674988746643
263,,,,,,,,-2.042928457260132,0.00022499999613501132,-0.01272500492632389,0.000419222196796909,0.4277498722076416,0.011765003204345703,218.0,0.18132884800434113,100.0,2.5321686267852783,-0.00480947969481349,0.01923801191151142,0.0,0.9999744296073914
264,,,,,,,,-2.051851511001587,6.666666740784422e-05,-0.013836242258548737,0.0073865423910319805,0.4282100200653076,0.011301994323730469,218.0,0.18114130198955536,100.0,2.5312137603759766,-0.004626364912837744,0.7189056873321533,0.0,0.9998385310173035
265,,,,,,,,-2.0544981956481934,4.444444493856281e-05,-0.025984326377511024,0.006508899386972189,0.44169187545776367,0.012224912643432617,211.0,0.18124420940876007,100.0,2.5335161685943604,-0.005150694400072098,0.6965534687042236,0.0,0.9998509287834167
266,,,,,,,,-2.050199031829834,0.00022499999613501132,-0.004456307273358107,0.002289305906742811,0.41745471954345703,0.011065244674682617,224.0,0.1812804788351059,100.0,2.5335161685943604,-0.004446970298886299,0.03453505411744118,0.0,0.999817430973053
267,,,,,,,,-2.0567524433135986,6.666666740784422e-05,-0.03148955479264259,0.00037679995875805616,0.4276258945465088,0.011235952377319336,218.0,0.1809784173965454,100.0,2.534332752227783,-0.0043456642888486385,0.0001035270033753477,0.0,0.9999811053276062
268,,,,,,,,-2.062751293182373,6.666666740784422e-05,-0.01869216188788414,0.07609785348176956,0.43176889419555664,0.011252880096435547,216.0,0.1808948516845703,100.0,2.5364227294921875,-0.004628275521099567,0.5095758438110352,0.0,0.9998650550842285
269,,,,,,,,-2.057833433151245,0.0001500000071246177,-0.018851568922400475,0.0514565110206604,0.4429922103881836,0.011765003204345703,211.0,0.18123012781143188,100.0,2.5365254878997803,-0.004420184064656496,0.16425944864749908,0.0,0.999851405620575
270,,,,,,,,-2.0473077297210693,4.444444493856281e-05,-0.030378218740224838,0.012993366457521915,0.4180769920349121,0.011009931564331055,223.0,0.18122990429401398,100.0,2.5365254878997803,-0.0045355563051998615,0.38991284370422363,0.0,0.9998090267181396
271,,,,,,,,-2.048936367034912,6.666666740784422e-05,-0.022339176386594772,0.002332219621166587,0.4302487373352051,0.010952949523925781,217.0,0.1811949461698532,100.0,2.540522813796997,-0.005287159699946642,1.9719730914857792e-07,0.0,0.9999751448631287
272,,,,,,,,-2.04457950592041,9.999999747378752e-05,-0.021496431902050972,0.020156215876340866,0.433488130569458,0.011229991912841797,215.0,0.18153433501720428,100.0,2.538893461227417,-0.004479695577174425,0.49971911311149597,0.0,0.9999076724052429
273,,,,,,,,-2.0314385890960693,6.666666740784422e-05,-0.012823490425944328,0.00441532488912344,0.44416117668151855,0.011134862899780273,210.0,0.1818697154521942,100.0,2.5403261184692383,-0.005097878165543079,0.3649793565273285,0.0,0.9998266100883484
274,,,,,,,,-2.0205237865448,6.666666740784422e-05,-0.018262183293700218,0.012732809409499168,0.41940879821777344,0.011243104934692383,222.0,0.1821564882993698,100.0,2.5403261184692383,-0.004447816871106625,0.6700511574745178,0.0,0.9998020529747009
275,,,,,,,,-2.012568473815918,4.444444493856281e-05,-0.01894073747098446,0.0004345149209257215,0.418255090713501,0.01085805892944336,223.0,0.18229232728481293,100.0,2.541166305541992,-0.004783604294061661,1.0193777072453614e-10,0.0,0.9999553561210632
276,,,,,,,,-2.003831624984741,0.0001500000071246177,-0.017190728336572647,0.008146198466420174,0.440964937210083,0.011035919189453125,212.0,0.18273517489433289,100.0,2.545292854309082,-0.004682627040892839,0.2636309564113617,0.0,0.9999370574951172
277,,,,,,,,-1.986689567565918,4.444444493856281e-05,-0.028329554945230484,0.021874772384762764,0.4465188980102539,0.010757207870483398,209.0,0.182976633310318,100.0,2.5537667274475098,-0.004965117201209068,0.22880394756793976,0.0,0.9998350739479065
278,,,,,,,,-1.9824881553649902,6.666666740784422e-05,-0.024816712364554405,0.009646890684962273,0.41823697090148926,0.011526107788085938,223.0,0.18304936587810516,100.0,2.5537667274475098,-0.0048064314760267735,0.4140312671661377,0.0,0.9998368620872498
279,,,,,,,,-1.9854271411895752,9.999999747378752e-05,-0.016005169600248337,0.0011629012878984213,0.41610097885131836,0.011823892593383789,224.0,0.18262188136577606,100.0,2.5537667274475098,-0.005109691061079502,0.0016126791015267372,0.0,0.9999515414237976
280,-0.0048863086849451065,0.23386722803115845,0.0,0.9998925924301147,0.0,0.0,1.0,-2.0100386142730713,9.999999747378752e-05,-0.01827443204820156,0.013900164514780045,0.4424629211425781,0.011816024780273438,211.0,0.18191060423851013,100.0,2.5542123317718506,-0.004579305183142424,0.27559077739715576,0.0,0.9999604225158691
281,,,,,,,,-2.0345356464385986,9.999999747378752e-05,-0.02212095633149147,0.007612529210746288,0.4346928596496582,0.011397123336791992,215.0,0.18142540752887726,100.0,2.5551512241363525,-0.004539127461612225,0.3573824167251587,0.0,0.9998207092285156
282,,,,,,,,-2.0453715324401855,6.666666740784422e-05,-0.01354881189763546,0.013510549440979958,0.42505812644958496,0.012090921401977539,219.0,0.18141183257102966,100.0,2.5551512241363525,-0.004680347628891468,0.6871086955070496,0.0,0.9998276829719543
283,,,,,,,,-2.0450398921966553,4.444444493856281e-05,-0.02338547632098198,0.0012547435471788049,0.42195796966552734,0.011481046676635742,221.0,0.18132832646369934,100.0,2.5551512241363525,-0.004339756444096565,0.0,0.0,0.9998915791511536
284,,,,,,,,-2.051440954208374,0.0005062500131316483,-0.012059159576892853,0.0015425930032506585,0.44434523582458496,0.011754989624023438,210.0,0.1808178573846817,100.0,2.561337471008301,-0.004541987087577581,0.31578609347343445,0.0,0.9999725818634033
285,,,,,,,,-2.0846235752105713,4.444444493856281e-05,-0.017979571595788002,0.004377242177724838,0.4328160285949707,0.011766910552978516,215.0,0.18007993698120117,100.0,2.5622897148132324,-0.005322917830199003,0.3733175992965698,0.0,0.999821662902832
286,-0.0050337109714746475,0.3061177730560303,0.0,0.9998652338981628,0.0,0.0,1.0,-2.099472999572754,6.666666740784422e-05,-0.023782487958669662,0.07065624743700027,0.43561315536499023,0.011544942855834961,214.0,0.1797812283039093,100.0,2.5649614334106445,-0.0048524970188736916,0.451169490814209,0.0,0.9998459815979004
287,,,,,,,,-2.109586477279663,6.666666740784422e-05,-0.01741665229201317,0.0006079953163862228,0.41754913330078125,0.011558055877685547,223.0,0.17955072224140167,100.0,2.5649614334106445,-0.004786232952028513,0.008204692043364048,0.0,0.9998604655265808
288,,,,,,,,-2.11700701713562,6.666666740784422e-05,-0.013470938429236412,0.000714608293492347,0.43074679374694824,0.010709047317504883,217.0,0.17938046157360077,100.0,2.5655362606048584,-0.0047469534911215305,0.02238604612648487,0.0,0.9999704360961914
289,,,,,,,,-2.1218836307525635,6.666666740784422e-05,-0.03603653982281685,0.060517191886901855,0.4295179843902588,0.010903120040893555,217.0,0.17931917309761047,100.0,2.5648412704467773,-0.004834076389670372,0.6795607209205627,0.0,0.9998167157173157
290,,,,,,,,-2.120934009552002,4.444444493856281e-05,-0.030446402728557587,0.023866135627031326,0.444486141204834,0.011092901229858398,210.0,0.17939597368240356,100.0,2.5663108825683594,-0.004655532073229551,0.8166868090629578,0.0,0.9998235702514648
291,,,,,,,,-2.1173572540283203,6.666666740784422e-05,-0.015195361338555813,0.0011602588929235935,0.41762590408325195,0.011146783828735352,223.0,0.1795012652873993,100.0,2.5663108825683594,-0.005156653001904488,0.03310947120189667,0.0,0.999790370464325
292,,,,,,,,-2.1110970973968506,4.444444493856281e-05,-0.024308331310749054,0.0005988279590383172,0.4789540767669678,0.019687891006469727,192.0,0.17968861758708954,100.0,2.573002815246582,-0.004899127408862114,0.0001153780976892449,0.0,0.9999706149101257
293,,,,,,,,-2.104459524154663,0.0001500000071246177,-0.01688959077000618,0.022501129657030106,0.44173693656921387,0.013222932815551758,211.0,0.17981047928333282,100.0,2.574603796005249,-0.0044210427440702915,0.7709569334983826,0.0,0.9998469352722168
294,,,,,,,,-2.1045875549316406,6.666666740784422e-05,-0.024616960436105728,0.014075328595936298,0.4716501235961914,0.012747049331665039,198.0,0.17967583239078522,100.0,2.577007532119751,-0.004596861079335213,0.3459855318069458,0.0,0.9998318552970886
295,,,,,,,,-2.106400966644287,0.0001500000071246177,-0.006464497651904821,0.004627804737538099,0.4302699565887451,0.012236833572387695,216.0,0.1797090470790863,100.0,2.577007532119751,-0.004601690452545881,0.352864533662796,0.0,0.9997890591621399
296,,,,,,,,-2.1036994457244873,6.666666740784422e-05,-0.032591670751571655,0.00038951000897213817,0.4376358985900879,0.010956048965454102,214.0,0.17968228459358215,100.0,2.577258348464966,-0.00513731362298131,2.0156782909452886e-07,0.0,0.9999691843986511
297,,,,,,,,-2.1109416484832764,6.666666740784422e-05,-0.021003464236855507,0.02215551771223545,0.43073105812072754,0.010779857635498047,217.0,0.17937219142913818,100.0,2.5820348262786865,-0.004698002710938454,0.4542411267757416,0.0,0.9998825192451477
298,,,,,,,,-2.12188458442688,6.666666740784422e-05,-0.030286284163594246,0.0038914286997169256,0.44622015953063965,0.011843681335449219,209.0,0.17909686267375946,100.0,2.589904308319092,-0.005230271723121405,0.4037680923938751,0.0,0.9997922778129578
299,,,,,,,,-2.1307241916656494,6.666666740784422e-05,-0.0050079734064638615,0.00571128586307168,0.41678786277770996,0.011152267456054688,224.0,0.1789059340953827,100.0,2.589904308319092,-0.004818866495043039,0.655350387096405,0.0,0.9997737407684326
300,,,,,,,,-2.1345183849334717,2.9629629352712072e-05,-0.021775109693408012,0.00036132277455180883,0.42183518409729004,0.011581897735595703,221.0,0.1788724660873413,100.0,2.593179941177368,-0.005240082740783691,1.3224331352201801e-10,0.0,0.999946653842926
301,,,,,,,,-2.12986159324646,9.999999747378752e-05,-0.013024823740124702,0.0064961607567965984,0.44797706604003906,0.011539220809936523,208.0,0.17931434512138367,100.0,2.59843373298645,-0.004806128330528736,0.24358682334423065,0.0,0.9999256134033203
302,,,,,,,,-2.1042885780334473,6.666666740784422e-05,-0.01833115890622139,0.011882486753165722,0.4491868019104004,0.012428998947143555,207.0,0.17999589443206787,100.0,2.5996060371398926,-0.004883285146206617,0.14373308420181274,0.0,0.9998220801353455
303,,,,,,,,-2.092341184616089,6.666666740784422e-05,-0.021141676232218742,0.03035558946430683,0.42679309844970703,0.012307882308959961,218.0,0.17985686659812927,100.0,2.5996060371398926,-0.004537014756351709,0.4465809762477875,0.0,0.9998166561126709
304,,,,,,,,-2.094059944152832,0.00022499999613501132,-0.013511460274457932,0.0014083278365433216,0.4231069087982178,0.011102914810180664,221.0,0.1801876425743103,100.0,2.5996060371398926,-0.004185978323221207,9.663423952588346e-06,0.0,0.9999306797981262
305,-0.004249759018421173,0.183552086353302,0.0,0.9998898506164551,0.0,0.0,1.0,-2.074341058731079,4.444444493856281e-05,-0.041376546025276184,0.00877628568559885,0.44711923599243164,0.011207818984985352,209.0,0.18064935505390167,100.0,2.5976014137268066,-0.004722453188151121,0.2716890275478363,0.0,0.999960720539093
306,,,,,,,,-2.0700743198394775,9.999999747378752e-05,-0.019119858741760254,0.0174680408090353,0.4368770122528076,0.013375997543334961,213.0,0.18042448163032532,100.0,2.5912904739379883,-0.004840271081775427,0.39554086327552795,0.0,0.9998123049736023
307,,,,,,,,-2.0802526473999023,4.444444493856281e-05,-0.021913720294833183,0.0130756301805377,0.4353981018066406,0.011365890502929688,214.0,0.18031176924705505,100.0,2.5912904739379883,-0.0049066501669585705,0.3423995077610016,0.0,0.9998373985290527
308,,,,,,,,-2.0820887088775635,4.444444493856281e-05,-0.010641464963555336,0.001402833266183734,0.4191277027130127,0.011020183563232422,223.0,0.18028494715690613,100.0,2.5912904739379883,-0.004662394057959318,0.081328846514225,0.0,0.999908447265625
309,,,,,,,,-2.079090118408203,0.00022499999613501132,-0.010421669110655785,0.014881689101457596,0.44507384300231934,0.011323928833007812,210.0,0.18058426678180695,100.0,2.5982954502105713,-0.004988169763237238,0.41423192620277405,0.0,0.9999611377716064
310,,,,,,,,-2.0670101642608643,1.975308623514138e-05,-0.020842330530285835,0.015408198349177837,0.4318580627441406,0.01146388053894043,216.0,0.18072503805160522,100.0,2.59830379486084,-0.004559092689305544,0.4807603657245636,0.0,0.9997902512550354
311,-0.004377441480755806,0.1256580352783203,0.0,0.9999069571495056,0.0,0.0,1.0,-2.068237066268921,0.00022499999613501132,-0.008657308295369148,0.01953708752989769,0.4295518398284912,0.011339902877807617,217.0,0.1804533749818802,100.0,2.5934526920318604,-0.0051344712264835835,0.6826910972595215,0.0,0.9998154640197754
312,,,,,,,,-2.091097593307495,6.666666740784422e-05,-0.020858341827988625,0.0025484084617346525,0.42217493057250977,0.010967254638671875,221.0,0.17986977100372314,100.0,2.5934526920318604,-0.004732899833470583,0.0013483911752700806,0.0,0.9998127818107605
313,,,,,,,,-2.104410409927368,0.0001500000071246177,-0.007826521061360836,0.0005259009194560349,0.43259096145629883,0.01139211654663086,216.0,0.1796322613954544,100.0,2.596320152282715,-0.004343682434409857,0.01986146718263626,0.0,0.9999457001686096
314,,,,,,,,-2.114496946334839,6.666666740784422e-05,-0.02016003243625164,0.009369896724820137,0.4312748908996582,0.011423110961914062,216.0,0.17941780388355255,100.0,2.600768804550171,-0.00473737483844161,0.6610954403877258,0.0,0.9997794032096863
315,,,,,,,,-2.119480609893799,9.999999747378752e-05,-0.015166540630161762,0.01999201625585556,0.44450998306274414,0.01147913932800293,210.0,0.17932358384132385,100.0,2.599868059158325,-0.004540933296084404,0.7942615151405334,0.0,0.9998026490211487
316,,,,,,,,-2.123420238494873,6.666666740784422e-05,-0.01616336964070797,0.002114625182002783,0.4196021556854248,0.011319160461425781,222.0,0.17916451394557953,100.0,2.599868059158325,-0.004450181964784861,0.038337185978889465,0.0,0.9997692108154297
317,,,,,,,,-2.1323201656341553,9.999999747378752e-05,-0.01913168840110302,0.0003907857171725482,0.4367852210998535,0.01181793212890625,213.0,0.1787993162870407,100.0,2.603064775466919,-0.0043981485068798065,0.00016335702093783766,0.0,0.9999480247497559
318,,,,,,,,-2.1496963500976562,4.444444493856281e-05,-0.02720562368631363,0.008237515576183796,0.42851996421813965,0.011208772659301758,218.0,0.17838351428508759,100.0,2.60284686088562,-0.004420023877173662,0.8064214587211609,0.0,0.9998276829719543
319,,,,,,,,-2.1650195121765137,9.999999747378752e-05,-0.016787175089120865,0.006419632118195295,0.4558568000793457,0.012651205062866211,204.0,0.17796237766742706,100.0,2.6051478385925293,-0.004387123044580221,0.34519636631011963,0.0,0.9998066425323486
320,,,,,,,,-2.1817758083343506,4.444444493856281e-05,-0.02400895766913891,0.026406405493617058,0.4657022953033447,0.011662960052490234,201.0,0.17768363654613495,100.0,2.6051478385925293,-0.004501596558839083,0.24084842205047607,0.0,0.9997519850730896
321,,,,,,,,-2.189612865447998,4.444444493856281e-05,-0.012481937184929848,0.000533076876308769,0.4276008605957031,0.011047124862670898,218.0,0.17752307653427124,100.0,2.605408191680908,-0.0042404904961586,1.3223932910477743e-05,0.0,0.9999369978904724
322,,,,,,,,-2.1967954635620117,6.666666740784422e-05,-0.016541358083486557,0.04875867813825607,0.42898011207580566,0.010789871215820312,218.0,0.1772826611995697,100.0,2.606783866882324,-0.004249038174748421,0.3664238452911377,0.0,0.9998762011528015
323,,,,,,,,-2.2033238410949707,2.9629629352712072e-05,-0.03048282489180565,0.005021464079618454,0.44605112075805664,0.01208806037902832,209.0,0.17726418375968933,100.0,2.6065731048583984,-0.0045580570586025715,0.26455071568489075,0.0,0.9998056888580322
324,,,,,,,,-2.204833984375,6.666666740784422e-05,-0.024106916040182114,0.010337445884943008,0.415729284286499,0.011665821075439453,224.0,0.17713353037834167,100.0,2.6065731048583984,-0.004453066270798445,0.6941341757774353,0.0,0.9997842907905579
325,,,,,,,,-2.209959030151367,4.444444493856281e-05,-0.017787350341677666,0.00037014513509348035,0.42106103897094727,0.012371063232421875,221.0,0.17711111903190613,100.0,2.6061594486236572,-0.005091460887342691,5.835198296777477e-11,0.0,0.9999494552612305
326,,,,,,,,-2.212820053100586,9.999999747378752e-05,-0.014150595292448997,0.004624061286449432,0.4412190914154053,0.011286020278930664,212.0,0.17693659663200378,100.0,2.606184482574463,-0.004687209147959948,0.37004780769348145,0.0,0.9999093413352966
327,,,,,,,,-2.215756893157959,9.999999747378752e-05,-0.025337787345051765,0.010666043497622013,0.4454829692840576,0.011366128921508789,210.0,0.17709732055664062,100.0,2.6089677810668945,-0.004474322777241468,0.4437619745731354,0.0,0.9997565746307373
328,,,,,,,,-2.2088913917541504,6.666666740784422e-05,-0.007900811731815338,0.00834793969988823,0.41763806343078613,0.011578798294067383,223.0,0.17729520797729492,100.0,2.6089677810668945,-0.004505775403231382,0.7440195083618164,0.0,0.9997676014900208
329,,,,,,,,-2.208174228668213,4.444444493856281e-05,-0.019913073629140854,0.0002894081699196249,0.4172050952911377,0.011092185974121094,224.0,0.17719118297100067,100.0,2.6089677810668945,-0.0043107797391712666,0.0,0.0,0.9998884201049805
330,-0.004518156871199608,0.38761210441589355,0.0,0.9998255968093872,0.0,0.0,1.0,-2.2123401165008545,9.999999747378752e-05,-0.018747862428426743,0.0030872668139636517,0.4508481025695801,0.01125192642211914,207.0,0.17720182240009308,100.0,2.612217903137207,-0.005090801045298576,0.3845013678073883,0.0,0.999931275844574
331,,,,,,,,-2.2088282108306885,6.666666740784422e-05,-0.020950723439455032,0.022553881630301476,0.4345250129699707,0.011668920516967773,215.0,0.17743298411369324,100.0,2.6117379665374756,-0.0051601361483335495,0.13473409414291382,0.0,0.9998002648353577
332,,,,,,,,-2.202273368835449,4.444444493856281e-05,-0.020330196246504784,0.01496876124292612,0.4309687614440918,0.01071619987487793,217.0,0.17751333117485046,100.0,2.6117379665374756,-0.00457046227529645,0.5914056897163391,0.0,0.9998083114624023
333,,,,,,,,-2.201502799987793,4.444444493856281e-05,-0.01994217559695244,0.0010088164126500487,0.41988396644592285,0.012306928634643555,222.0,0.17751725018024445,100.0,2.6117379665374756,-0.004785971250385046,0.07411874830722809,0.0,0.9998669624328613
334,,,,,,,,-2.202744483947754,6.666666740784422e-05,-0.02082189917564392,0.007675890810787678,0.4488232135772705,0.012024641036987305,208.0,0.17752549052238464,100.0,2.608482599258423,-0.00530522083863616,0.38940349221229553,0.0,0.9999634623527527
335,,,,,,,,-2.2003443241119385,6.666666740784422e-05,-0.015564877539873123,0.0019018882885575294,0.4319319725036621,0.011907100677490234,216.0,0.17773228883743286,100.0,2.6083788871765137,-0.004621947184205055,0.34452298283576965,0.0,0.9998154640197754
336,-0.004182740114629269,0.3656395971775055,0.0,0.9998599290847778,0.0,0.0,1.0,-2.187439441680908,6.666666740784422e-05,-0.018885955214500427,0.017602672800421715,0.43102478981018066,0.01091909408569336,217.0,0.17821653187274933,100.0,2.6076881885528564,-0.004528979305177927,0.40211260318756104,0.0,0.9998442530632019
337,,,,,,,,-2.166172742843628,4.444444493856281e-05,-0.01975950412452221,0.0018461296567693353,0.4192941188812256,0.010703802108764648,223.0,0.1787068098783493,100.0,2.6076881885528564,-0.00460490956902504,0.016031568869948387,0.0,0.9998802542686462
338,,,,,,,,-2.146690607070923,6.666666740784422e-05,-0.010701487772166729,0.0019182033138349652,0.4321107864379883,0.010577917098999023,216.0,0.17925439774990082,100.0,2.606121778488159,-0.005159672815352678,0.014292002655565739,0.0,0.9999796748161316
339,,,,,,,,-2.1256771087646484,9.999999747378752e-05,-0.019261907786130905,0.01411445438861847,0.4315500259399414,0.010961055755615234,216.0,0.1797056645154953,100.0,2.603292226791382,-0.004433945287019014,0.43971917033195496,0.0,0.9998612403869629
340,,,,,,,,-2.118163585662842,2.9629629352712072e-05,-0.022305283695459366,0.020529938861727715,0.4435718059539795,0.010499000549316406,211.0,0.1796247810125351,100.0,2.598839044570923,-0.004368461202830076,0.4648760259151459,0.0,0.9998500347137451
341,,,,,,,,-2.120962142944336,6.666666740784422e-05,-0.01611439138650894,0.009359114803373814,0.41727733612060547,0.011054754257202148,224.0,0.17960330843925476,100.0,2.598839044570923,-0.004673712886869907,0.037859831005334854,0.0,0.9998364448547363
342,,,,,,,,-2.1224613189697266,2.9629629352712072e-05,-0.021301092579960823,0.00054247333901003,0.43550682067871094,0.01121830940246582,214.0,0.1795036494731903,100.0,2.5953285694122314,-0.004825451876968145,0.00013415295688901097,0.0,0.999981164932251
343,,,,,,,,-2.1244091987609863,6.666666740784422e-05,-0.009939211420714855,0.00855973456054926,0.43346309661865234,0.011611223220825195,215.0,0.1796390414237976,100.0,2.598740577697754,-0.0055299848318099976,0.46402159333229065,0.0,0.999866783618927
344,,,,,,,,-2.1173794269561768,6.666666740784422e-05,-0.011028577573597431,0.008410797454416752,0.444216251373291,0.011780738830566406,210.0,0.17978957295417786,100.0,2.5956385135650635,-0.005136789754033089,0.3633405864238739,0.0,0.999847948551178
345,,,,,,,,-2.1139657497406006,9.999999747378752e-05,-0.008470418862998486,0.01378422137349844,0.41844868659973145,0.010879039764404297,223.0,0.17986348271369934,100.0,2.5956385135650635,-0.00488133542239666,0.15477338433265686,0.0,0.9997916221618652
346,,,,,,,,-2.1041128635406494,6.666666740784422e-05,-0.026152435690164566,0.0024937905836850405,0.428861141204834,0.01140594482421875,218.0,0.1801568567752838,100.0,2.595010757446289,-0.005174802150577307,0.0024141024332493544,0.0,0.9999727606773376
347,,,,,,,,-2.0944135189056396,6.666666740784422e-05,-0.01357278972864151,0.006990054622292519,0.43023085594177246,0.011265993118286133,217.0,0.18023963272571564,100.0,2.5940213203430176,-0.004635858815163374,0.4065615236759186,0.0,0.9998893141746521
348,,,,,,,,-2.0940513610839844,0.0001500000071246177,-0.007651277352124453,0.0015584852080792189,0.44310808181762695,0.010812997817993164,211.0,0.1802676022052765,100.0,2.593268632888794,-0.004908962640911341,0.293050080537796,0.0,0.9998160004615784
349,,,,,,,,-2.088468313217163,6.666666740784422e-05,-0.02732076682150364,0.007796407211571932,0.4156632423400879,0.010944843292236328,225.0,0.18058717250823975,100.0,2.593268632888794,-0.0045450846664607525,0.3686678111553192,0.0,0.9997940063476562
350,,,,,,,,-2.076982259750366,6.666666740784422e-05,-0.011471966281533241,0.0012269788421690464,0.41855788230895996,0.011399269104003906,223.0,0.18095561861991882,100.0,2.593317747116089,-0.003976399544626474,3.4133201552322134e-05,0.0,0.9999553561210632
351,,,,,,,,-2.0651063919067383,6.666666740784422e-05,-0.02659590356051922,0.007509662304073572,0.4444258213043213,0.011892080307006836,210.0,0.1811598837375641,100.0,2.593959093093872,-0.0046997363679111,0.1335769146680832,0.0,0.9999391436576843
352,,,,,,,,-2.060802698135376,4.444444493856281e-05,-0.017007965594530106,0.01032850332558155,0.4500899314880371,0.011607170104980469,207.0,0.1811794489622116,100.0,2.5894973278045654,-0.004451405256986618,0.32648637890815735,0.0,0.9998165965080261
353,,,,,,,,-2.0581588745117188,6.666666740784422e-05,-0.02216438762843609,0.02790817804634571,0.4224998950958252,0.010957002639770508,221.0,0.18134555220603943,100.0,2.5894973278045654,-0.0048802257515490055,0.6173049807548523,0.0,0.9997829794883728
354,,,,,,,,-2.0585525035858154,9.999999747378752e-05,-0.006541489623486996,0.0006057971622794867,0.4181950092315674,0.01202702522277832,223.0,0.18112556636333466,100.0,2.5894973278045654,-0.005185513291507959,0.08309468626976013,0.0,0.9999115467071533
355,-0.005014684982597828,0.21779660880565643,0.0,0.9998728036880493,0.0,0.0,1.0,-2.073094606399536,6.666666740784422e-05,-0.02375955879688263,0.007793956436216831,0.44386720657348633,0.010837078094482422,211.0,0.18072593212127686,100.0,2.5872578620910645,-0.0049157221801579,0.36070990562438965,0.0,0.999941885471344
356,,,,,,,,-2.092991352081299,6.666666740784422e-05,-0.01925804652273655,0.006958567537367344,0.43850183486938477,0.011622905731201172,213.0,0.1801624596118927,100.0,2.594841718673706,-0.005200773477554321,0.32624804973602295,0.0,0.9997608065605164
357,,,,,,,,-2.1137588024139404,4.444444493856281e-05,-0.019543934613466263,0.022213255986571312,0.42990684509277344,0.011669158935546875,217.0,0.1798175424337387,100.0,2.594841718673706,-0.004901412408798933,0.5619781017303467,0.0,0.9997875094413757
358,,,,,,,,-2.1225829124450684,0.00022499999613501132,-0.0023997232783585787,0.00025591408484615386,0.41560864448547363,0.011677980422973633,224.0,0.17966996133327484,100.0,2.594841718673706,-0.0050850012339651585,0.046988725662231445,0.0,0.9998478889465332
359,,,,,,,,-2.1253137588500977,1.975308623514138e-05,-0.018158772960305214,0.013959542848169804,0.4428112506866455,0.010938882827758789,211.0,0.17957469820976257,100.0,2.5956411361694336,-0.004650999791920185,0.4056633412837982,0.0,0.9999432563781738
360,,,,,,,,-2.1268343925476074,9.999999747378752e-05,-0.01964842528104782,0.0036921901628375053,0.42922520637512207,0.011482715606689453,217.0,0.17951254546642303,100.0,2.595954179763794,-0.004526225849986076,0.41622546315193176,0.0,0.9997515678405762
361,-0.004708562046289444,0.3557884991168976,0.0,0.9998327493667603,0.0,0.0,1.0,-2.129499912261963,4.444444493856281e-05,-0.017875023186206818,0.0110799390822649,0.44113588333129883,0.010960102081298828,212.0,0.1793871819972992,100.0,2.5983331203460693,-0.0051860506646335125,0.7874670028686523,0.0,0.9997773170471191
362,,,,,,,,-2.1315970420837402,2.9629629352712072e-05,-0.009711716324090958,0.000597178062889725,0.41643285751342773,0.010875225067138672,224.0,0.17941318452358246,100.0,2.5983331203460693,-0.004239336121827364,0.0,0.0,0.9997708201408386
363,,,,,,,,-2.1305155754089355,9.999999747378752e-05,-0.014032714068889618,0.00034392421366646886,0.4358818531036377,0.013110160827636719,213.0,0.17942003905773163,100.0,2.6011908054351807,-0.0044057946652174,0.023512402549386024,0.0,0.9999368190765381
364,,,,,,,,-2.131394386291504,6.666666740784422e-05,-0.02188839763402939,0.007700405549257994,0.5034561157226562,0.011636972427368164,186.0,0.17941302061080933,100.0,2.602189302444458,-0.005170315038412809,0.6998785138130188,0.0,0.9997915625572205
365,,,,,,,,-2.134721040725708,4.444444493856281e-05,-0.02978847548365593,0.004680585116147995,0.44233012199401855,0.011308908462524414,211.0,0.17929796874523163,100.0,2.6042802333831787,-0.00541449710726738,0.5994588732719421,0.0,0.9998109936714172
366,,,,,,,,-2.140502691268921,4.444444493856281e-05,-0.014126492664217949,0.001756159937940538,0.41574978828430176,0.010796070098876953,225.0,0.17920422554016113,100.0,2.6042802333831787,-0.005635573994368315,0.027716221287846565,0.0,0.9997687339782715
367,,,,,,,,-2.141467571258545,0.0003375000087544322,-0.01225176453590393,0.00026491889730095863,0.4312119483947754,0.010923147201538086,217.0,0.17933286726474762,100.0,2.6057746410369873,-0.004411188419908285,0.00013683865836355835,0.0,0.999966561794281
368,,,,,,,,-2.143310308456421,6.666666740784422e-05,-0.012173635885119438,0.007655675057321787,0.4285900592803955,0.01208186149597168,217.0,0.1790793240070343,100.0,2.6045572757720947,-0.0049313814379274845,0.6567497849464417,0.0,0.9998350143432617
369,,,,,,,,-2.152553081512451,6.666666740784422e-05,-0.017504924908280373,0.014849591068923473,0.444551944732666,0.012190103530883789,210.0,0.17889659106731415,100.0,2.6053102016448975,-0.005147941410541534,0.44374194741249084,0.0,0.9997844099998474
370,,,,,,,,-2.1630494594573975,4.444444493856281e-05,-0.03266621381044388,0.011459965258836746,0.4379580020904541,0.011309146881103516,213.0,0.17855916917324066,100.0,2.6053102016448975,-0.004260633606463671,0.28436991572380066,0.0,0.9997429847717285
371,,,,,,,,-2.177790403366089,6.666666740784422e-05,-0.009608859196305275,0.0004770602099597454,0.4287118911743164,0.011363983154296875,218.0,0.1782224476337433,100.0,2.604668378829956,-0.004775975365191698,7.982356692082249e-06,0.0,0.9999379515647888
372,,,,,,,,-2.189084529876709,9.999999747378752e-05,-0.008095256052911282,0.007401471026241779,0.4343249797821045,0.012005805969238281,215.0,0.1780773401260376,100.0,2.6037790775299072,-0.0047531030140817165,0.712861955165863,0.0,0.9998658299446106
373,,,,,,,,-2.1872172355651855,4.444444493856281e-05,-0.03666132688522339,0.003050563856959343,0.4442322254180908,0.010998010635375977,210.0,0.17828060686588287,100.0,2.6036808490753174,-0.0046598766930401325,0.1706097275018692,0.0,0.9997803568840027
374,,,,,,,,-2.182786703109741,2.9629629352712072e-05,-0.017764978110790253,0.005938046611845493,0.41629481315612793,0.011795997619628906,224.0,0.17823371291160583,100.0,2.6036808490753174,-0.004581193905323744,0.5973168015480042,0.0,0.999727725982666
375,,,,,,,,-2.187819480895996,6.666666740784422e-05,-0.01353636384010315,0.000308401882648468,0.4189589023590088,0.010859012603759766,223.0,0.1779450923204422,100.0,2.603785276412964,-0.0053680515848100185,9.795560890202282e-11,0.0,0.999913215637207
376,,,,,,,,-2.1990275382995605,9.999999747378752e-05,-0.007660502102226019,0.0051876031793653965,0.4424912929534912,0.01066279411315918,211.0,0.17760436236858368,100.0,2.60857892036438,-0.004607912618666887,0.38855409622192383,0.0,0.9999070167541504
377,,,,,,,,-2.207484722137451,4.444444493856281e-05,-0.014701721258461475,0.003908797167241573,0.4467439651489258,0.011805057525634766,209.0,0.17750361561775208,100.0,2.611661434173584,-0.004767503589391708,0.40283283591270447,0.0,0.9997541308403015
378,,,,,,,,-2.2071611881256104,6.666666740784422e-05,-0.017269033938646317,0.017027243971824646,0.42246508598327637,0.012239933013916016,220.0,0.17762257158756256,100.0,2.611661434173584,-0.005004251841455698,0.5834828019142151,0.0,0.9997515082359314
379,,,,,,,,-2.2017664909362793,4.444444493856281e-05,-0.013805985450744629,0.0003765132278203964,0.417499303817749,0.012151718139648438,223.0,0.17771919071674347,100.0,2.611661434173584,-0.004719563294202089,0.0,0.0,0.9998690485954285
380,-0.004778498783707619,0.37624233961105347,0.0,0.9998133778572083,0.0,0.0,1.0,-2.1994526386260986,6.666666740784422e-05,-0.01788472756743431,0.0021793681662529707,0.4452388286590576,0.01117706298828125,210.0,0.1777469366788864,100.0,2.6119704246520996,-0.004538122098892927,0.3444492816925049,0.0,0.9999244809150696
381,,,,,,,,-2.1980581283569336,4.444444493856281e-05,-0.01910780370235443,0.00790916383266449,0.4347660541534424,0.011120080947875977,215.0,0.17781275510787964,100.0,2.6085963249206543,-0.004907248076051474,0.23417627811431885,0.0,0.9997590184211731
382,,,,,,,,-2.197476863861084,6.666666740784422e-05,-0.01184756401926279,0.0056953951716423035,0.42830896377563477,0.010664939880371094,218.0,0.17770975828170776,100.0,2.6085963249206543,-0.004818398039788008,0.8339478969573975,0.0,0.9997655749320984
383,,,,,,,,-2.2043352127075195,6.666666740784422e-05,-0.01470185350626707,0.0003470270021352917,0.4179189205169678,0.01077413558959961,223.0,0.17748114466667175,100.0,2.6085963249206543,-0.005353692919015884,0.04976429417729378,0.0,0.999825656414032
384,,,,,,,,-2.216442584991455,0.00022499999613501132,-0.00795697420835495,0.0025309682823717594,0.44363903999328613,0.011087894439697266,211.0,0.1768941432237625,100.0,2.6127607822418213,-0.004712150897830725,0.359372615814209,0.0,0.999937117099762
385,,,,,,,,-2.236422061920166,1.975308623514138e-05,-0.026681961491703987,0.004952468443661928,0.4275662899017334,0.011631965637207031,218.0,0.17677852511405945,100.0,2.6141300201416016,-0.004530648235231638,0.35764825344085693,0.0,0.999742329120636
386,-0.004827514756470919,0.3925500512123108,0.0,0.9998104572296143,0.0,0.0,1.0,-2.234734535217285,6.666666740784422e-05,-0.012296529486775398,0.03387083113193512,0.43212103843688965,0.01184225082397461,216.0,0.17696917057037354,100.0,2.619335651397705,-0.004467090126127005,0.5009947419166565,0.0,0.9997844696044922
387,,,,,,,,-2.226024866104126,1.975308623514138e-05,-0.019134830683469772,0.002815437503159046,0.4202852249145508,0.011105775833129883,222.0,0.17712882161140442,100.0,2.619335651397705,-0.004103136248886585,0.004580055363476276,0.0,0.9997687339782715
388,,,,,,,,-2.224313974380493,0.0001500000071246177,-0.01787565089762211,0.0010981917148455977,0.43072986602783203,0.011644124984741211,217.0,0.17706982791423798,100.0,2.620837450027466,-0.005110462196171284,0.027583280578255653,0.0,0.9999196529388428
389,,,,,,,,-2.2263526916503906,1.975308623514138e-05,-0.02871071919798851,0.021985160186886787,0.4308440685272217,0.011775970458984375,216.0,0.17707040905952454,100.0,2.618234395980835,-0.004726037383079529,0.8081286549568176,0.0,0.9997674822807312
390,,,,,,,,-2.2259554862976074,0.0001500000071246177,-0.005179426167160273,0.020914187654852867,0.4459960460662842,0.011883020401000977,209.0,0.17714858055114746,100.0,2.617361068725586,-0.004364903550595045,0.5817786455154419,0.0,0.9997683167457581
391,,,,,,,,-2.2238502502441406,2.9629629352712072e-05,-0.014994567260146141,0.0012979671591892838,0.42293381690979004,0.010822057723999023,221.0,0.17713338136672974,100.0,2.617361068725586,-0.004873168654739857,0.10197865217924118,0.0,0.9997179508209229
392,,,,,,,,-2.2211813926696777,0.0003375000087544322,-0.009179648943245411,0.00030510331271216273,0.4290440082550049,0.011693954467773438,217.0,0.177568256855011,100.0,2.6184961795806885,-0.004992516245692968,0.05718807503581047,0.0,0.9998945593833923
393,,,,,,,,-2.1984047889709473,2.9629629352712072e-05,-0.03340970724821091,0.007413002196699381,0.4329352378845215,0.01123666763305664,216.0,0.17790091037750244,100.0,2.620159864425659,-0.004830231424421072,0.6047039031982422,0.0,0.9997871518135071
394,,,,,,,,-2.1972811222076416,0.0001500000071246177,-0.013368895277380943,0.013535005040466785,0.45047497749328613,0.011155366897583008,207.0,0.17777197062969208,100.0,2.6258764266967773,-0.00424927705898881,0.4427272379398346,0.0,0.9997649788856506
395,,,,,,,,-2.2075130939483643,6.666666740784422e-05,-0.01441139541566372,0.00548004824668169,0.4150569438934326,0.011404037475585938,225.0,0.17760123312473297,100.0,2.6258764266967773,-0.004589207004755735,0.3427816331386566,0.0,0.9996843934059143
396,,,,,,,,-2.214536190032959,9.999999747378752e-05,-0.0056334612891077995,0.00028168034623377025,0.43039774894714355,0.010978937149047852,217.0,0.17757603526115417,100.0,2.622904062271118,-0.00442762766033411,0.0001298273855354637,0.0,0.9998725056648254
397,,,,,,,,-2.2150487899780273,2.9629629352712072e-05,-0.0106987114995718,0.005405473988503218,0.43251609802246094,0.010815858840942383,216.0,0.17763479053974152,100.0,2.6236956119537354,-0.004390992224216461,0.4907330572605133,0.0,0.9998209476470947
398,,,,,,,,-2.214245319366455,9.999999747378752e-05,-0.017559750005602837,0.0036832382902503014,0.44728803634643555,0.010946989059448242,209.0,0.17772066593170166,100.0,2.6224873065948486,-0.005137433297932148,0.31471243500709534,0.0,0.9997565746307373
399,,,,,,,,-2.2124626636505127,4.444444493856281e-05,-0.00860927440226078,0.0038806675001978874,0.42266297340393066,0.01194906234741211,220.0,0.17785054445266724,100.0,2.6224873065948486,-0.0045974841341376305,0.5094226002693176,0.0,0.9997283816337585
400,,,,,,,,-2.2092485427856445,6.666666740784422e-05,-0.011044925078749657,0.00015190918929874897,0.42005109786987305,0.010841131210327148,222.0,0.17797335982322693,100.0,2.6225228309631348,-0.004987064749002457,1.3363583850622973e-10,0.0,0.9998858571052551
401,,,,,,,,-2.2094473838806152,1.975308623514138e-05,-0.027649404481053352,0.009631375782191753,0.4378678798675537,0.011690855026245117,213.0,0.17793528735637665,100.0,2.621082067489624,-0.0046225241385400295,0.438205361366272,0.0,0.9998616576194763
402,,,,,,,,-2.2112655639648438,9.999999747378752e-05,-0.01274186186492443,0.004502651281654835,0.44528722763061523,0.010560750961303711,210.0,0.17789719998836517,100.0,2.61950945854187,-0.005036868620663881,0.3306961953639984,0.0,0.9997097849845886
403,,,,,,,,-2.216176986694336,0.0003375000087544322,0.003731565084308386,0.013144579716026783,0.41646504402160645,0.011063098907470703,224.0,0.17756178975105286,100.0,2.61950945854187,-0.004239354282617569,0.6440539956092834,0.0,0.999705970287323
404,,,,,,,,-2.2300734519958496,1.975308623514138e-05,-0.01419413834810257,0.00023253053950611502,0.4198949337005615,0.012251138687133789,222.0,0.17737746238708496,100.0,2.61950945854187,-0.004667104221880436,2.7173560738447122e-05,0.0,0.9998219013214111
405,-0.004433378577232361,0.3654932677745819,0.0,0.9997715950012207,0.0,0.0,1.0,-2.229583978652954,4.444444493856281e-05,-0.025496000424027443,0.003946251701563597,0.44408607482910156,0.011852025985717773,210.0,0.17748785018920898,100.0,2.619590997695923,-0.00469541409984231,0.3463294506072998,0.0,0.999896228313446
406,,,,,,,,-2.2263927459716797,4.444444493856281e-05,-0.016772115603089333,0.04737698286771774,0.43399930000305176,0.011800050735473633,215.0,0.177450492978096,100.0,2.617607355117798,-0.005102001596242189,0.1806447058916092,0.0,0.999713122844696
407,,,,,,,,-2.2275125980377197,2.9629629352712072e-05,-0.017344696447253227,0.009920542128384113,0.4271056652069092,0.011198282241821289,219.0,0.17749738693237305,100.0,2.617607355117798,-0.004347588401287794,0.7117910981178284,0.0,0.9997591972351074
408,,,,,,,,-2.2254881858825684,2.9629629352712072e-05,-0.027701975777745247,0.0011131837964057922,0.41578173637390137,0.011022090911865234,224.0,0.17750732600688934,100.0,2.617607355117798,-0.0045371935702860355,1.196960234726208e-22,0.0,0.9998319149017334
409,,,,,,,,-2.2266287803649902,4.444444493856281e-05,-0.020713405683636665,0.004084926564246416,0.4443340301513672,0.012101173400878906,210.0,0.17746087908744812,100.0,2.6203720569610596,-0.004204631317406893,0.2595349848270416,0.0,0.9999465346336365
410,,,,,,,,-2.223543405532837,6.666666740784422e-05,-0.015072432346642017,0.003037623129785061,0.42976880073547363,0.01121211051940918,217.0,0.17775991559028625,100.0,2.62300705909729,-0.005040684249252081,0.3801875114440918,0.0,0.9997605681419373
411,-0.004782514646649361,0.33760178089141846,0.0,0.9998241662979126,0.0,0.0,1.0,-2.205389976501465,4.444444493856281e-05,-0.016934815794229507,0.009840350598096848,0.4290778636932373,0.010915994644165039,218.0,0.17831547558307648,100.0,2.6253631114959717,-0.0053059980273246765,0.5060862898826599,0.0,0.9998118281364441
412,,,,,,,,-2.188124179840088,6.666666740784422e-05,-0.011079204268753529,0.0021586145740002394,0.4220237731933594,0.011785268783569336,221.0,0.17866788804531097,100.0,2.6253631114959717,-0.0048020221292972565,0.05386240780353546,0.0,0.9998262524604797
413,,,,,,,,-2.1815266609191895,6.666666740784422e-05,-0.016509365290403366,0.0007574298651888967,0.4316849708557129,0.011251211166381836,216.0,0.17866836488246918,100.0,2.6248366832733154,-0.005179224070161581,0.047491829842329025,0.0,0.9999580979347229
414,,,,,,,,-2.185379981994629,4.444444493856281e-05,-0.023311523720622063,0.002926548710092902,0.43018507957458496,0.011193990707397461,217.0,0.17857182025909424,100.0,2.6246469020843506,-0.004919595550745726,0.550224781036377,0.0,0.9998021125793457
415,,,,,,,,-2.1888744831085205,6.666666740784422e-05,-0.016125161200761795,0.005656242836266756,0.443648099899292,0.01165008544921875,210.0,0.17849408090114594,100.0,2.6265878677368164,-0.004259161651134491,0.4534648358821869,0.0,0.9998199343681335
416,,,,,,,,-2.1918373107910156,2.9629629352712072e-05,-0.023233802989125252,0.010240267030894756,0.41885900497436523,0.011172056198120117,223.0,0.1785144805908203,100.0,2.6265878677368164,-0.004549453966319561,0.0591212622821331,0.0,0.999793529510498
417,,,,,,,,-2.189545154571533,6.666666740784422e-05,-0.014087417162954807,0.0004054159508086741,0.42890119552612305,0.011610746383666992,217.0,0.1787099540233612,100.0,2.6247429847717285,-0.005068125203251839,0.06454994529485703,0.0,0.9999549984931946
418,,,,,,,,-2.182661533355713,4.444444493856281e-05,-0.010600754991173744,0.02667813003063202,0.4309539794921875,0.011200904846191406,217.0,0.17882373929023743,100.0,2.6217405796051025,-0.005329571198672056,0.5052028298377991,0.0,0.9998483657836914
419,,,,,,,,-2.1839661598205566,4.444444493856281e-05,-0.013210246339440346,0.005041650030761957,0.44358396530151367,0.012511730194091797,210.0,0.17863775789737701,100.0,2.620051383972168,-0.00482997065410018,0.3055448532104492,0.0,0.9998120665550232
420,,,,,,,,-2.1902570724487305,2.9629629352712072e-05,-0.017673157155513763,0.0011781969806179404,0.41849374771118164,0.010744094848632812,223.0,0.17856334149837494,100.0,2.620051383972168,-0.00477248290553689,0.2777811586856842,0.0,0.9997627139091492
421,,,,,,,,-2.192883014678955,4.444444493856281e-05,-0.021346503868699074,0.0002689070242922753,0.4299650192260742,0.010828018188476562,217.0,0.1784626692533493,100.0,2.6177515983581543,-0.004641436040401459,1.2930651394071901e-07,0.0,0.9999439716339111
422,,,,,,,,-2.193826913833618,9.999999747378752e-05,-0.01734854280948639,0.0037236460484564304,0.43135690689086914,0.011506080627441406,216.0,0.1785798966884613,100.0,2.6163268089294434,-0.004704332444816828,0.35894104838371277,0.0,0.9998733401298523
423,,,,,,,,-2.179163694381714,9.999999747378752e-05,-0.011606385931372643,0.0032093096524477005,0.445728063583374,0.011528968811035156,209.0,0.179091677069664,100.0,2.611478567123413,-0.0053218062967062,0.3124065399169922,0.0,0.9998162388801575
424,,,,,,,,-2.1583092212677,4.444444493856281e-05,-0.010684903711080551,0.008044888265430927,0.4171328544616699,0.01205301284790039,223.0,0.17961686849594116,100.0,2.611478567123413,-0.0050736055709421635,0.43060946464538574,0.0,0.9997755885124207
425,,,,,,,,-2.147897720336914,9.999999747378752e-05,-0.010425334796309471,0.0002383883693255484,0.42149806022644043,0.010864973068237305,222.0,0.17948567867279053,100.0,2.608686685562134,-0.00505103962495923,0.0005102908471599221,0.0,0.9999359250068665
426,,,,,,,,-2.158608913421631,6.666666740784422e-05,-0.01699855923652649,0.001403767615556717,0.4571678638458252,0.013682365417480469,203.0,0.1791972815990448,100.0,2.607272148132324,-0.004525399301201105,0.27112045884132385,0.0,0.9999279975891113
427,,,,,,,,-2.1675798892974854,6.666666740784422e-05,-0.02608712576329708,0.0016234240029007196,0.5565710067749023,0.013988018035888672,168.0,0.17898568511009216,100.0,2.6058671474456787,-0.005400156136602163,0.30476319789886475,0.0,0.999795138835907
428,,,,,,,,-2.176041603088379,9.999999747378752e-05,-0.01153480727225542,0.014792324043810368,0.43665575981140137,0.011868953704833984,214.0,0.17886382341384888,100.0,2.6058671474456787,-0.004887197632342577,0.6195810437202454,0.0,0.9997915625572205
429,,,,,,,,-2.180384397506714,1.975308623514138e-05,-0.022571943700313568,0.00022498174803331494,0.4170949459075928,0.010846138000488281,224.0,0.1788879632949829,100.0,2.6058671474456787,-0.0049897897988557816,0.0,0.0,0.9999046325683594
430,-0.004671338014304638,0.27382493019104004,0.0,0.9998551607131958,0.0,0.0,1.0,-2.1792795658111572,4.444444493856281e-05,-0.012947426177561283,0.004703581798821688,0.44495296478271484,0.01145315170288086,210.0,0.1789197027683258,100.0,2.6063196659088135,-0.004577705170959234,0.25984203815460205,0.0,0.9999434947967529
431,,,,,,,,-2.17881178855896,4.444444493856281e-05,-0.017364123836159706,0.0036751842126250267,0.43647003173828125,0.01106405258178711,214.0,0.17887155711650848,100.0,2.603360891342163,-0.004755118396133184,0.22452779114246368,0.0,0.9997898936271667
432,,,,,,,,-2.1815061569213867,4.444444493856281e-05,-0.012397805228829384,0.011344606988132,0.4344620704650879,0.01111912727355957,215.0,0.17881172895431519,100.0,2.603360891342163,-0.0051388987340033054,0.37383833527565,0.0,0.9998301863670349
433,,,,,,,,-2.179847240447998,2.9629629352712072e-05,-0.017530566081404686,0.0005573628004640341,0.4158322811126709,0.010888814926147461,224.0,0.17897245287895203,100.0,2.603360891342163,-0.004554928746074438,0.06397286057472229,0.0,0.9998855590820312
434,,,,,,,,-2.173401355743408,9.999999747378752e-05,-0.017074832692742348,0.0007670008926652372,0.44136667251586914,0.01118326187133789,212.0,0.17914238572120667,100.0,2.5971479415893555,-0.004992298781871796,0.15257184207439423,0.0,0.9999656677246094
435,,,,,,,,-2.165681838989258,4.444444493856281e-05,-0.022753305733203888,0.0058303456753492355,0.43064188957214355,0.011184215545654297,217.0,0.1793546825647354,100.0,2.5937156677246094,-0.004758633207529783,0.5157931447029114,0.0,0.9998067021369934
436,-0.004531800746917725,0.3001190721988678,0.0,0.9998853206634521,0.0,0.0,1.0,-2.158356189727783,4.444444493856281e-05,-0.01837145909667015,0.010868504643440247,0.43561291694641113,0.011775970458984375,214.0,0.17958879470825195,100.0,2.5932424068450928,-0.004815575201064348,0.5470064282417297,0.0,0.9998092651367188
437,,,,,,,,-2.1516506671905518,2.9629629352712072e-05,-0.018257170915603638,0.00047909212298691273,0.4156308174133301,0.011260747909545898,224.0,0.179686039686203,100.0,2.5932424068450928,-0.004465252161026001,0.005027981009334326,0.0,0.9998210072517395
438,,,,,,,,-2.155360460281372,9.999999747378752e-05,-0.01245550625026226,0.00042497378308326006,0.43142199516296387,0.010890960693359375,217.0,0.1792583167552948,100.0,2.5940098762512207,-0.00481972424313426,0.01548607274889946,0.0,0.9999516606330872
439,,,,,,,,-2.1762330532073975,6.666666740784422e-05,-0.009412504732608795,0.01335026416927576,0.42863011360168457,0.010954856872558594,218.0,0.17877066135406494,100.0,2.5928192138671875,-0.004995382856577635,0.6117071509361267,0.0,0.9998065829277039
440,,,,,,,,-2.1810078620910645,2.9629629352712072e-05,-0.031436819583177567,0.010840579867362976,0.4442780017852783,0.012279033660888672,210.0,0.17891915142536163,100.0,2.5904037952423096,-0.004993349779397249,0.6199805736541748,0.0,0.9998216032981873
441,,,,,,,,-2.1761512756347656,0.0001500000071246177,-0.017286088317632675,0.000867412774823606,0.41705894470214844,0.011791229248046875,223.0,0.17897388339042664,100.0,2.5904037952423096,-0.004397643730044365,0.025493009015917778,0.0,0.9997718930244446
442,,,,,,,,-2.174774169921875,2.9629629352712072e-05,-0.02444647066295147,0.0005886994185857475,0.4301328659057617,0.01165008544921875,217.0,0.17895491421222687,100.0,2.58992862701416,-0.004513735417276621,0.00015103885380085558,0.0,0.9999473690986633
443,,,,,,,,-2.175408363342285,9.999999747378752e-05,-0.014214110560715199,0.08632588386535645,0.43109583854675293,0.011014938354492188,217.0,0.17892810702323914,100.0,2.5897841453552246,-0.0050017680041491985,0.32632187008857727,0.0,0.9998512268066406
444,,,,,,,,-2.180114984512329,2.9629629352712072e-05,-0.018114600330591202,0.014159285463392735,0.4419271945953369,0.011659860610961914,211.0,0.17878618836402893,100.0,2.5941386222839355,-0.005000184755772352,0.3681892454624176,0.0,0.999812126159668
445,,,,,,,,-2.185042381286621,6.666666740784422e-05,-0.01044012326747179,0.0038648033514618874,0.418323278427124,0.010863780975341797,223.0,0.17872585356235504,100.0,2.5941386222839355,-0.004287558142095804,0.27289673686027527,0.0,0.9997709393501282
446,,,,,,,,-2.1855897903442383,4.444444493856281e-05,-0.013650364242494106,0.00036010047188028693,0.43104100227355957,0.01130223274230957,217.0,0.17884019017219543,100.0,2.5948283672332764,-0.005298857111483812,1.735636487865122e-07,0.0,0.9999556541442871
447,,,,,,,,-2.18141508102417,9.999999747378752e-05,-0.017211483791470528,0.015528351999819279,0.4321153163909912,0.011783838272094727,216.0,0.1789180189371109,100.0,2.5918266773223877,-0.004820425063371658,0.3730635643005371,0.0,0.9998682141304016
448,,,,,,,,-2.1796653270721436,4.444444493856281e-05,-0.026349594816565514,0.00752828735858202,0.4435157775878906,0.011229991912841797,211.0,0.17890869081020355,100.0,2.5943374633789062,-0.004938224796205759,0.335949569940567,0.0,0.9997761845588684
449,,,,,,,,-2.1803829669952393,4.444444493856281e-05,-0.004812158644199371,0.010766674764454365,0.4726369380950928,0.013699054718017578,197.0,0.17881076037883759,100.0,2.5943374633789062,-0.005112722981721163,0.5416715741157532,0.0,0.9997472167015076
450,,,,,,,,-2.1810009479522705,6.666666740784422e-05,-0.01850779913365841,0.00040022138273343444,0.4431447982788086,0.011919021606445312,210.0,0.17883196473121643,100.0,2.5934202671051025,-0.004899823572486639,1.3173460933213477e-10,0.0,0.9998964667320251
451,,,,,,,,-2.1847643852233887,4.444444493856281e-05,-0.015889238566160202,0.007591834291815758,0.444990873336792,0.01198124885559082,210.0,0.17860162258148193,100.0,2.5963644981384277,-0.004768758546561003,0.3201860189437866,0.0,0.9998898506164551
452,,,,,,,,-2.190028667449951,9.999999747378752e-05,-0.01112474873661995,0.032985836267471313,0.44376587867736816,0.011276006698608398,210.0,0.17872615158557892,100.0,2.5994536876678467,-0.004611551761627197,0.16544701159000397,0.0,0.9997475743293762
453,,,,,,,,-2.1864991188049316,6.666666740784422e-05,-0.01913021132349968,0.017253350466489792,0.4118161201477051,0.010770082473754883,227.0,0.17872007191181183,100.0,2.5994536876678467,-0.004707962740212679,0.4855844974517822,0.0,0.999753475189209
454,,,,,,,,-2.189722776412964,2.9629629352712072e-05,-0.028362372890114784,0.0008300987537950277,0.4119422435760498,0.011016845703125,226.0,0.1786128431558609,100.0,2.5994536876678467,-0.004300534259527922,5.5363052524626255e-06,0.0,0.999870240688324
455,-0.004581966437399387,0.23030802607536316,0.0,0.9998233318328857,0.0,0.0,1.0,-2.1910548210144043,9.999999747378752e-05,-0.0166561808437109,0.003619335824623704,0.440227746963501,0.011170148849487305,212.0,0.1787019520998001,100.0,2.5971341133117676,-0.004637287929654121,0.32973480224609375,0.0,0.9999333024024963
456,,,,,,,,-2.188333511352539,6.666666740784422e-05,-0.013945515267550945,0.021616807207465172,0.43033885955810547,0.011725187301635742,217.0,0.17860805988311768,100.0,2.5975797176361084,-0.005033585242927074,0.37322792410850525,0.0,0.9997406601905823
457,,,,,,,,-2.1950290203094482,2.9629629352712072e-05,-0.02407705970108509,0.015166339464485645,0.4245920181274414,0.011182069778442383,220.0,0.1784011274576187,100.0,2.5975797176361084,-0.004977330565452576,0.654039204120636,0.0,0.9997565150260925
458,,,,,,,,-2.2039551734924316,9.999999747378752e-05,-0.011341776698827744,0.00026804779190570116,0.41160011291503906,0.011609077453613281,226.0,0.17800301313400269,100.0,2.5975797176361084,-0.005048825405538082,0.0,0.0,0.9997899532318115
459,,,,,,,,-2.2227821350097656,2.9629629352712072e-05,-0.018421649932861328,0.004132768604904413,0.44028210639953613,0.01068115234375,212.0,0.17763791978359222,100.0,2.602360248565674,-0.004861641209572554,0.2909524142742157,0.0,0.9999029636383057
460,,,,,,,,-2.229609489440918,9.999999747378752e-05,-0.01392512209713459,0.0684560090303421,0.4309349060058594,0.011525154113769531,216.0,0.17763882875442505,100.0,2.6014933586120605,-0.005112150683999062,0.16399194300174713,0.0,0.9997334480285645
461,-0.005282278638333082,0.30859607458114624,0.0,0.9997909069061279,0.0,0.0,1.0,-2.21879243850708,4.444444493856281e-05,-0.01894436590373516,0.04538780823349953,0.4306461811065674,0.01096487045288086,217.0,0.1781032234430313,100.0,2.5995001792907715,-0.00456639751791954,0.6150391697883606,0.0,0.9997789263725281
462,,,,,,,,-2.200582504272461,6.666666740784422e-05,-0.0165619645267725,0.001375570660457015,0.41751790046691895,0.01172494888305664,223.0,0.1786036193370819,100.0,2.5995001792907715,-0.005631887819617987,0.005605736281722784,0.0,0.9997537732124329
463,,,,,,,,-2.1848058700561523,1.975308623514138e-05,-0.029651576653122902,0.0015353938797488809,0.4329872131347656,0.011865854263305664,215.0,0.17875917255878448,100.0,2.596890449523926,-0.0046953074634075165,0.019467202946543694,0.0,0.999908983707428
464,,,,,,,,-2.1826977729797363,9.999999747378752e-05,-0.0136724803596735,0.06406980752944946,0.4309999942779541,0.011497974395751953,216.0,0.17877963185310364,100.0,2.5989410877227783,-0.0049105179496109486,0.49736252427101135,0.0,0.9997503757476807
465,,,,,,,,-2.1825222969055176,2.9629629352712072e-05,-0.028609763830900192,0.03656177967786789,0.44466185569763184,0.011270999908447266,210.0,0.17875826358795166,100.0,2.596466064453125,-0.005245003383606672,0.3308282792568207,0.0,0.9997785687446594
466,,,,,,,,-2.1850643157958984,9.999999747378752e-05,-0.013252933509647846,0.004764586221426725,0.4166116714477539,0.011715173721313477,224.0,0.17861244082450867,100.0,2.596466064453125,-0.0048074424266815186,0.024540437385439873,0.0,0.9997355341911316
467,,,,,,,,-2.1968421936035156,9.999999747378752e-05,-0.0143959391862154,0.0025578669738024473,0.43132901191711426,0.01186680793762207,216.0,0.17815887928009033,100.0,2.5952277183532715,-0.0049881539307534695,0.0002202846808359027,0.0,0.9999133944511414
468,,,,,,,,-2.218148708343506,6.666666740784422e-05,-0.021487779915332794,0.07163693010807037,0.4323298931121826,0.011760950088500977,216.0,0.17764313519001007,100.0,2.591259241104126,-0.004567150492221117,0.7660862803459167,0.0,0.9998157620429993
469,,,,,,,,-2.2323501110076904,6.666666740784422e-05,-0.02558760717511177,0.031000453978776932,0.4481959342956543,0.011044979095458984,209.0,0.17742569744586945,100.0,2.5829200744628906,-0.00517891114577651,0.20385438203811646,0.0,0.9997860789299011
470,,,,,,,,-2.2381603717803955,6.666666740784422e-05,-0.01829044334590435,0.006825343705713749,0.41537904739379883,0.010711908340454102,225.0,0.17727184295654297,100.0,2.5829200744628906,-0.004513437394052744,0.21083004772663116,0.0,0.9997239112854004
471,,,,,,,,-2.2413742542266846,2.9629629352712072e-05,-0.030606023967266083,0.0015931820962578058,0.43129706382751465,0.010631799697875977,217.0,0.17729829251766205,100.0,2.5831379890441895,-0.004899998661130667,3.065079226871603e-06,0.0,0.9999008178710938
472,,,,,,,,-2.237184762954712,2.9629629352712072e-05,-0.008441939018666744,0.0211534071713686,0.43369197845458984,0.011240959167480469,215.0,0.17747075855731964,100.0,2.5838043689727783,-0.004584277048707008,0.2957518696784973,0.0,0.9998558163642883
473,,,,,,,,-2.2320568561553955,4.444444493856281e-05,-0.011787681840360165,0.012048967182636261,0.4429130554199219,0.011621952056884766,211.0,0.17748339474201202,100.0,2.579690933227539,-0.005462612956762314,0.40772485733032227,0.0,0.9997627139091492
474,,,,,,,,-2.233039617538452,4.444444493856281e-05,-0.009167755953967571,0.06739725172519684,0.41557884216308594,0.011339902877807617,224.0,0.17745757102966309,100.0,2.579690933227539,-0.004851289559155703,0.5867720246315002,0.0,0.9997034072875977
475,,,,,,,,-2.2326290607452393,2.9629629352712072e-05,-0.029835054650902748,0.001370919169858098,0.4194529056549072,0.012851953506469727,222.0,0.17744462192058563,100.0,2.5772833824157715,-0.004235377069562674,0.0002189689694205299,0.0,0.9998829960823059
476,,,,,,,,-2.2328057289123535,0.00022499999613501132,-0.0042085833847522736,0.039213553071022034,0.4391140937805176,0.011214733123779297,213.0,0.17742563784122467,100.0,2.5786211490631104,-0.004938713740557432,0.4124416410923004,0.0,0.9998703002929688
477,,,,,,,,-2.2237486839294434,4.444444493856281e-05,-0.028752056881785393,0.025828739628195763,0.44461894035339355,0.011169195175170898,210.0,0.17779016494750977,100.0,2.5778732299804688,-0.0048543307930231094,0.3877148926258087,0.0,0.9997368454933167
478,,,,,,,,-2.204629421234131,0.0005062500131316483,-0.0031224065460264683,0.021240435540676117,0.41869497299194336,0.01202702522277832,222.0,0.1787334680557251,100.0,2.5778732299804688,-0.004507314879447222,0.6704180836677551,0.0,0.9997262954711914
479,,,,,,,,-2.1572396755218506,2.9629629352712072e-05,-0.018068501725792885,0.0008575138635933399,0.4139871597290039,0.010928869247436523,225.0,0.17938053607940674,100.0,2.5778732299804688,-0.004768753424286842,0.0011472146725282073,0.0,0.9998579621315002
480,-0.004614440258592367,0.37850847840309143,0.0,0.9998070001602173,0.0,0.0,1.0,-2.1510989665985107,0.0001500000071246177,-0.006290106102824211,0.045072849839925766,0.442641019821167,0.011132001876831055,211.0,0.17921821773052216,100.0,2.5781545639038086,-0.004953283350914717,0.1848999261856079,0.0,0.9999173283576965
481,,,,,,,,-2.1637604236602783,2.9629629352712072e-05,-0.014617487788200378,0.005632403306663036,0.43218302726745605,0.011334896087646484,216.0,0.1788909137248993,100.0,2.577700614929199,-0.005643742624670267,0.34061118960380554,0.0,0.9997215270996094
482,,,,,,,,-2.1719539165496826,4.444444493856281e-05,-0.006605288479477167,0.05358825623989105,0.426361083984375,0.011070966720581055,219.0,0.17867115139961243,100.0,2.577700614929199,-0.004307302180677652,0.6867262721061707,0.0,0.9997360110282898
483,,,,,,,,-2.182795524597168,2.9629629352712072e-05,-0.015413900837302208,0.0011762867216020823,0.416719913482666,0.012015104293823242,223.0,0.17839983105659485,100.0,2.577700614929199,-0.004468388389796019,1.0171712716555703e-07,0.0,0.9998176693916321
484,,,,,,,,-2.1904685497283936,4.444444493856281e-05,-0.007331217639148235,0.02190774492919445,0.4429149627685547,0.012123823165893555,210.0,0.17834363877773285,100.0,2.572755813598633,-0.004527810029685497,0.3977935314178467,0.0,0.999927818775177
485,,,,,,,,-2.1893668174743652,4.444444493856281e-05,-0.023418642580509186,0.0030745817348361015,0.4308149814605713,0.011202812194824219,217.0,0.17851579189300537,100.0,2.5743541717529297,-0.004680536687374115,0.3537940979003906,0.0,0.9997512698173523
486,-0.004508970305323601,0.3210012912750244,0.0,0.9998294711112976,0.0,0.0,1.0,-2.1863720417022705,2.9629629352712072e-05,-0.02201840840280056,0.16154353320598602,0.4288041591644287,0.011885643005371094,217.0,0.17851924896240234,100.0,2.574577808380127,-0.0052109453827142715,0.3223589360713959,0.0,0.9997633099555969
487,,,,,,,,-2.186495780944824,6.666666740784422e-05,-0.0074775246903300285,0.011518387123942375,0.4182088375091553,0.011135101318359375,223.0,0.17854607105255127,100.0,2.574577808380127,-0.004437388386577368,0.004168763291090727,0.0,0.9997484087944031
488,,,,,,,,-2.188014268875122,2.9629629352712072e-05,-0.023799818009138107,0.001161172054708004,0.4352388381958008,0.011566162109375,214.0,0.1784333735704422,100.0,2.5754897594451904,-0.005528017412871122,0.019678091630339622,0.0,0.9999164938926697
489,,,,,,,,-2.1915700435638428,6.666666740784422e-05,-0.02128571644425392,0.03000398352742195,0.43656492233276367,0.0110321044921875,214.0,0.17843440175056458,100.0,2.571364402770996,-0.005299174692481756,0.5893061757087708,0.0,0.9998019337654114
490,,,,,,,,-2.190051794052124,4.444444493856281e-05,-0.012157583609223366,0.04321999102830887,0.44466304779052734,0.011055231094360352,210.0,0.17846035957336426,100.0,2.567077398300171,-0.004937849007546902,0.6659301519393921,0.0,0.999786913394928
491,,,,,,,,-2.1889488697052,2.9629629352712072e-05,-0.020180052146315575,0.0016102833906188607,0.41358304023742676,0.011486053466796875,225.0,0.17852623760700226,100.0,2.567077398300171,-0.004422831814736128,0.03275400027632713,0.0,0.9997305274009705
492,,,,,,,,-2.1877920627593994,4.444444493856281e-05,-0.020810356363654137,0.0008746017119847238,0.42972803115844727,0.01151585578918457,217.0,0.1784549504518509,100.0,2.565239429473877,-0.004676188342273235,0.00029138950048945844,0.0,0.9999071955680847
493,,,,,,,,-2.193697929382324,6.666666740784422e-05,-0.011892001144587994,0.03786031901836395,0.4303550720214844,0.011646032333374023,217.0,0.17821870744228363,100.0,2.5651028156280518,-0.005204825662076473,0.7371614575386047,0.0,0.9997947812080383
494,,,,,,,,-2.2020668983459473,0.0001500000071246177,-0.005052162799984217,0.018352031707763672,0.44252872467041016,0.01168203353881836,211.0,0.1779465228319168,100.0,2.5687878131866455,-0.004799094051122665,0.36026275157928467,0.0,0.9997715353965759
495,,,,,,,,-2.2146787643432617,2.9629629352712072e-05,-0.030625779181718826,0.03558853641152382,0.41687822341918945,0.011472702026367188,224.0,0.17757084965705872,100.0,2.5687878131866455,-0.005321659613400698,0.2595473825931549,0.0,0.9997167587280273
496,,,,,,,,-2.2239584922790527,2.9629629352712072e-05,-0.02472860924899578,0.00198156014084816,0.4314689636230469,0.01153421401977539,216.0,0.17741835117340088,100.0,2.5680136680603027,-0.00461985357105732,2.8338461106613977e-06,0.0,0.9999148845672607
497,,,,,,,,-2.2278892993927,4.444444493856281e-05,-0.021120380610227585,0.020832359790802002,0.43251585960388184,0.011143922805786133,216.0,0.1773296594619751,100.0,2.566939115524292,-0.005235841032117605,0.46916136145591736,0.0,0.999845027923584
498,,,,,,,,-2.2289252281188965,4.444444493856281e-05,-0.009984929114580154,0.009434713050723076,0.4437131881713867,0.011784791946411133,210.0,0.17738687992095947,100.0,2.5642688274383545,-0.005024863872677088,0.3476813733577728,0.0,0.999760627746582
499,,,,,,,,-2.2272865772247314,6.666666740784422e-05,-0.00996636226773262,0.0033648975659161806,0.4202690124511719,0.011215925216674805,222.0,0.1773916482925415,100.0,2.5642688274383545,-0.0047329445369541645,0.618050754070282,0.0,0.9997299313545227
500,,,,,,,,-2.2279672622680664,1.316872385359602e-05,-0.03090890310704708,0.0002834055630955845,0.4222218990325928,0.012293100357055664,220.0,0.17739485204219818,100.0,2.564833641052246,-0.004727371968328953,8.144820928812635e-11,0.0,0.9998986721038818
501,,,,,,,,-2.2264840602874756,9.999999747378752e-05,-0.010359294712543488,0.11204712092876434,0.4406132698059082,0.011493682861328125,212.0,0.17751260101795197,100.0,2.566728115081787,-0.004601165186613798,0.18225280940532684,0.0,0.9998936653137207
502,,,,,,,,-2.2199649810791016,4.444444493856281e-05,-0.015324949286878109,0.04502377286553383,0.44152283668518066,0.011250972747802734,212.0,0.17763583362102509,100.0,2.5654139518737793,-0.004984396975487471,0.18214677274227142,0.0,0.9997666478157043
503,,,,,,,,-2.2195494174957275,2.9629629352712072e-05,-0.024848338216543198,0.03949246555566788,0.41606783866882324,0.011723041534423828,224.0,0.17751948535442352,100.0,2.5654139518737793,-0.0046853478997945786,0.6462696194648743,0.0,0.9997544288635254
504,,,,,,,,-2.2258341312408447,6.666666740784422e-05,-0.014647225849330425,0.0014786900719627738,0.4172341823577881,0.011555910110473633,223.0,0.17726100981235504,100.0,2.5654139518737793,-0.004108300898224115,7.116173417482609e-20,0.0,0.9998693466186523
505,-0.004916775971651077,0.1713024377822876,0.0,0.9998310208320618,0.0,0.0,1.0,-2.2436330318450928,6.666666740784422e-05,-0.011791239492595196,0.002079201862215996,0.44188404083251953,0.011506080627441406,211.0,0.17666883766651154,100.0,2.558854579925537,-0.004174476023763418,0.3496922552585602,0.0,0.9999179840087891
506,,,,,,,,-2.263406276702881,6.666666740784422e-05,-0.02082129754126072,0.0377192348241806,0.4305429458618164,0.011002063751220703,217.0,0.17642848193645477,100.0,2.559584379196167,-0.005287943873554468,0.21646670997142792,0.0,0.9997480511665344
507,,,,,,,,-2.2725791931152344,2.9629629352712072e-05,-0.026275668293237686,0.017785876989364624,0.42864322662353516,0.010995864868164062,218.0,0.17622895538806915,100.0,2.559584379196167,-0.004623189102858305,0.6243216395378113,0.0,0.9997822642326355
508,,,,,,,,-2.278223991394043,6.666666740784422e-05,-0.00968866515904665,0.0005089744227007031,0.41575002670288086,0.010812759399414062,225.0,0.1761329472064972,100.0,2.559584379196167,-0.0043769036419689655,2.3320817390919124e-13,0.0,0.999840497970581
509,,,,,,,,-2.2829933166503906,4.444444493856281e-05,-0.013458535075187683,0.011370720341801643,0.44422411918640137,0.011380910873413086,210.0,0.1760384887456894,100.0,2.555823802947998,-0.004993466194719076,0.2795490622520447,0.0,0.9999415278434753
510,,,,,,,,-2.2817654609680176,4.444444493856281e-05,-0.028623487800359726,0.016440052539110184,0.4307701587677002,0.012084007263183594,216.0,0.17621943354606628,100.0,2.556396484375,-0.0049003842286765575,0.39710137248039246,0.0,0.9997763633728027
511,-0.004853134974837303,0.3042204678058624,0.0,0.9998317956924438,0.0,0.0,1.0,-2.2703285217285156,4.444444493856281e-05,-0.011571148410439491,0.011656822636723518,0.42871999740600586,0.013267993927001953,217.0,0.17659518122673035,100.0,2.555309534072876,-0.0038424290250986814,0.6428693532943726,0.0,0.9998114705085754
512,,,,,,,,-2.2586851119995117,4.444444493856281e-05,-0.015432036481797695,0.00015719790826551616,0.4233260154724121,0.01180410385131836,220.0,0.1767723262310028,100.0,2.555309534072876,-0.004706773441284895,0.0011612161761149764,0.0,0.9997991919517517
513,,,,,,,,-2.2553019523620605,2.9629629352712072e-05,-0.024050526320934296,0.0005399216897785664,0.4264671802520752,0.012193918228149414,218.0,0.17679361999034882,100.0,2.5581774711608887,-0.004657432436943054,0.023446599021553993,0.0,0.9999319911003113
514,,,,,,,,-2.2561779022216797,2.9629629352712072e-05,-0.013066550716757774,0.010193963535130024,0.42874908447265625,0.011952877044677734,217.0,0.17668744921684265,100.0,2.5577614307403564,-0.004726469982415438,0.681276261806488,0.0,0.9997830986976624
515,,,,,,,,-2.2603273391723633,4.444444493856281e-05,-0.027286455035209656,0.05961349233984947,0.44258904457092285,0.010720968246459961,211.0,0.176554873585701,100.0,2.5568976402282715,-0.00472493888810277,0.5366851687431335,0.0,0.9997947812080383
516,,,,,,,,-2.2655787467956543,9.999999747378752e-05,-0.006465860176831484,0.004220195114612579,0.4166269302368164,0.010818004608154297,224.0,0.17640888690948486,100.0,2.5568976402282715,-0.004313935991376638,0.027468694373965263,0.0,0.9997450709342957
517,,,,,,,,-2.271489381790161,2.9629629352712072e-05,-0.012621063739061356,0.0007482995861209929,0.43126344680786133,0.011307001113891602,216.0,0.176223486661911,100.0,2.5586299896240234,-0.004581733141094446,0.00021618731261696666,0.0,0.9999272227287292
518,,,,,,,,-2.27641224861145,9.999999747378752e-05,-0.00978914089500904,0.016743669286370277,0.42964816093444824,0.011092901229858398,217.0,0.17613141238689423,100.0,2.5581605434417725,-0.004505809396505356,0.5900559425354004,0.0,0.9998469352722168
519,,,,,,,,-2.2772271633148193,4.444444493856281e-05,-0.02013450115919113,0.04093421623110771,0.4462149143218994,0.010672807693481445,210.0,0.17627502977848053,100.0,2.5575966835021973,-0.004979664459824562,0.254116028547287,0.0,0.9998120665550232
520,,,,,,,,-2.271810531616211,1.975308623514138e-05,-0.01229804940521717,0.009943665936589241,0.4179069995880127,0.011245012283325195,223.0,0.17639391124248505,100.0,2.5575966835021973,-0.004364167805761099,0.3276890814304352,0.0,0.9997509121894836
521,,,,,,,,-2.268972635269165,4.444444493856281e-05,-0.018281374126672745,0.00016667293675709516,0.4278879165649414,0.010905027389526367,218.0,0.1764076054096222,100.0,2.557892084121704,-0.004893889185041189,4.401036619583465e-07,0.0,0.9999220967292786
522,,,,,,,,-2.2677254676818848,2.9629629352712072e-05,-0.023220308125019073,0.058107055723667145,0.4307429790496826,0.012135028839111328,216.0,0.1764848828315735,100.0,2.5581254959106445,-0.0046590412966907024,0.40137001872062683,0.0,0.9998615384101868
523,,,,,,,,-2.2623839378356934,9.999999747378752e-05,-0.009434995241463184,0.005925264675170183,0.44756579399108887,0.011672258377075195,209.0,0.17671094834804535,100.0,2.5578255653381348,-0.005224988330155611,0.2297344207763672,0.0,0.9997841715812683
524,,,,,,,,-2.2546651363372803,1.975308623514138e-05,-0.034113846719264984,0.00415421836078167,0.41463184356689453,0.011100053787231445,225.0,0.17678213119506836,100.0,2.5578255653381348,-0.004672352224588394,0.6260805130004883,0.0,0.9997475743293762
525,,,,,,,,-2.2527573108673096,6.666666740784422e-05,-0.014348679222166538,0.0003727313014678657,0.42086291313171387,0.011215925216674805,222.0,0.17690300941467285,100.0,2.559875011444092,-0.004153788555413485,6.740560193341238e-11,0.0,0.9999096393585205
526,,,,,,,,-2.2469537258148193,1.975308623514138e-05,-0.029221756383776665,0.019166655838489532,0.44121289253234863,0.011365890502929688,212.0,0.17699383199214935,100.0,2.5586256980895996,-0.005092399660497904,0.37369731068611145,0.0,0.9998776912689209
527,,,,,,,,-2.2453136444091797,4.444444493856281e-05,-0.01987353526055813,0.06345312297344208,0.4436657428741455,0.011840105056762695,210.0,0.17703771591186523,100.0,2.5614466667175293,-0.004878252744674683,0.1811312884092331,0.0,0.9997437596321106
528,,,,,,,,-2.2418885231018066,2.9629629352712072e-05,-0.024495955556631088,0.08048500865697861,0.4165840148925781,0.011968135833740234,224.0,0.1771533340215683,100.0,2.5614466667175293,-0.005014611408114433,0.5607852339744568,0.0,0.9997434616088867
529,,,,,,,,-2.2393317222595215,2.9629629352712072e-05,-0.016216613352298737,0.000859676452819258,0.4349172115325928,0.011046886444091797,215.0,0.17712907493114471,100.0,2.5614466667175293,-0.004220193717628717,4.083237854501931e-07,0.0,0.999838650226593
530,-0.004348081536591053,0.2629771828651428,0.0,0.9998146295547485,0.0,0.0,1.0,-2.2396624088287354,9.999999747378752e-05,-0.014808440580964088,0.03112082928419113,0.46207213401794434,0.011286735534667969,202.0,0.17707879841327667,100.0,2.560683250427246,-0.005219567101448774,0.3925090730190277,0.0,0.9998980164527893
531,,,,,,,,-2.2377045154571533,4.444444493856281e-05,-0.015460428781807423,0.1258193999528885,0.4390683174133301,0.011006832122802734,213.0,0.17722566425800323,100.0,2.561701774597168,-0.004852562677115202,0.150612473487854,0.0,0.9997240900993347
532,,,,,,,,-2.2322452068328857,6.666666740784422e-05,-0.017266780138015747,0.24107986688613892,0.43771910667419434,0.011160135269165039,213.0,0.17738451063632965,100.0,2.561701774597168,-0.005348637700080872,0.32071736454963684,0.0,0.9997695088386536
533,,,,,,,,-2.23059344291687,6.666666740784422e-05,-0.003770281793549657,0.005887553095817566,0.42414283752441406,0.010816097259521484,220.0,0.17725126445293427,100.0,2.561701774597168,-0.0046515800058841705,0.0005060136900283396,0.0,0.9998133778572083
534,,,,,,,,-2.239157199859619,1.975308623514138e-05,-0.030533388257026672,0.026131916791200638,0.44528889656066895,0.010814905166625977,210.0,0.17707061767578125,100.0,2.56115984916687,-0.004749787971377373,0.3228893578052521,0.0,0.9999260306358337
535,,,,,,,,-2.246185779571533,9.999999747378752e-05,-0.009496787562966347,0.034090716391801834,0.42290592193603516,0.01096796989440918,221.0,0.1767684668302536,100.0,2.55774188041687,-0.004392727743834257,0.3910268247127533,0.0,0.9997747540473938
536,-0.004474813584238291,0.1409199833869934,0.0,0.999855637550354,0.0,0.0,1.0,-2.2636053562164307,2.9629629352712072e-05,-0.02189646102488041,0.034500256180763245,0.4241011142730713,0.011168956756591797,220.0,0.17654873430728912,100.0,2.5553390979766846,-0.004758534487336874,0.6729989647865295,0.0,0.9997809529304504
537,,,,,,,,-2.267242431640625,4.444444493856281e-05,-0.013201463967561722,0.0013275759993121028,0.41105103492736816,0.010859966278076172,227.0,0.1766277700662613,100.0,2.5553390979766846,-0.0052239857614040375,0.00135834701359272,0.0,0.9997591376304626
538,,,,,,,,-2.265749931335449,6.666666740784422e-05,-0.028545580804347992,0.000795707746874541,0.4230921268463135,0.011289834976196289,221.0,0.17666706442832947,100.0,2.559755325317383,-0.004514007363468409,0.0324406735599041,0.0,0.9999217987060547
539,,,,,,,,-2.2651517391204834,1.316872385359602e-05,-0.02586442604660988,0.022871248424053192,0.42429423332214355,0.010900020599365234,220.0,0.17668883502483368,100.0,2.561716079711914,-0.005070649087429047,0.6234622597694397,0.0,0.9997813105583191
540,,,,,,,,-2.266047716140747,4.444444493856281e-05,-0.020170116797089577,0.036907948553562164,0.4342939853668213,0.011162042617797852,215.0,0.17662066221237183,100.0,2.5621938705444336,-0.004971314687281847,0.5050795674324036,0.0,0.9998011589050293
541,,,,,,,,-2.269183397293091,2.9629629352712072e-05,-0.004267762415111065,0.002799808047711849,0.4129209518432617,0.011291027069091797,226.0,0.17654313147068024,100.0,2.5621938705444336,-0.004717038478702307,0.029671108350157738,0.0,0.9997532963752747
542,,,,,,,,-2.270569086074829,2.9629629352712072e-05,-0.0280259158462286,0.0002425267011858523,0.42249131202697754,0.010835886001586914,221.0,0.17651966214179993,100.0,2.5634706020355225,-0.0045320079661905766,0.00028004334308207035,0.0,0.9999100565910339
543,,,,,,,,-2.2708282470703125,9.999999747378752e-05,-0.014413881115615368,0.03899000212550163,0.42176079750061035,0.011193037033081055,221.0,0.17647098004817963,100.0,2.564051389694214,-0.0049126241356134415,0.5875902771949768,0.0,0.9998252391815186
544,,,,,,,,-2.271354913711548,2.9629629352712072e-05,-0.01992860622704029,0.002808378543704748,0.4351208209991455,0.0110931396484375,215.0,0.17644184827804565,100.0,2.5637192726135254,-0.004359588958323002,0.37771913409233093,0.0,0.9998005032539368
545,,,,,,,,-2.272343397140503,4.444444493856281e-05,-0.024050425738096237,0.017559433355927467,0.41693997383117676,0.011514902114868164,224.0,0.17642414569854736,100.0,2.5637192726135254,-0.004607134964317083,0.21606969833374023,0.0,0.9997532367706299
546,,,,,,,,-2.2722201347351074,2.9629629352712072e-05,-0.008819064125418663,0.00020876228518318385,0.4211561679840088,0.01107478141784668,222.0,0.17643822729587555,100.0,2.564260721206665,-0.004474313464015722,0.06362959742546082,0.0,0.9999253153800964
547,,,,,,,,-2.2746362686157227,9.999999747378752e-05,-0.016054527834057808,0.056021030992269516,0.4222300052642822,0.010924100875854492,221.0,0.17618954181671143,100.0,2.563133478164673,-0.004533335100859404,0.583967387676239,0.0,0.9998545050621033
548,,,,,,,,-2.2835264205932617,1.975308623514138e-05,-0.03472961485385895,0.03564023599028587,0.43448591232299805,0.01087498664855957,215.0,0.1761063188314438,100.0,2.56375789642334,-0.005431608762592077,0.1474301666021347,0.0,0.9997782707214355
549,,,,,,,,-2.2834577560424805,6.666666740784422e-05,-0.01850440353155136,0.03432122617959976,0.4059782028198242,0.010692834854125977,230.0,0.176137313246727,100.0,2.56375789642334,-0.00471047917380929,0.5515229105949402,0.0,0.9997327923774719
550,,,,,,,,-2.286071538925171,2.9629629352712072e-05,-0.019292589277029037,0.0012628434924408793,0.4123060703277588,0.010918855667114258,226.0,0.17601867020130157,100.0,2.5672740936279297,-0.004502065479755402,2.0024074274260784e-06,0.0,0.9998809695243835
551,,,,,,,,-2.2889575958251953,6.666666740784422e-05,-0.0130855618044734,0.005651040468364954,0.4311668872833252,0.010710000991821289,217.0,0.17603066563606262,100.0,2.5690133571624756,-0.004585068207234144,0.32096245884895325,0.0,0.9998660087585449
552,,,,,,,,-2.2853808403015137,2.9629629352712072e-05,-0.01712571457028389,0.017399592325091362,0.4360060691833496,0.011036157608032227,214.0,0.1761840283870697,100.0,2.5692591667175293,-0.004815483931452036,0.40715155005455017,0.0,0.999725878238678
553,,,,,,,,-2.2817940711975098,4.444444493856281e-05,-0.02326493337750435,0.09343923628330231,0.4093613624572754,0.010804891586303711,228.0,0.17626766860485077,100.0,2.5692591667175293,-0.004699753597378731,0.5659087300300598,0.0,0.9997298121452332
554,,,,,,,,-2.2797296047210693,6.666666740784422e-05,-0.0084474952891469,0.0018308843718841672,0.4070911407470703,0.010803937911987305,229.0,0.17630253732204437,100.0,2.5692591667175293,-0.0036603433545678854,6.086009562977779e-08,0.0,0.9998147487640381
555,-0.0043573882430791855,0.3453279733657837,0.0,0.9997900128364563,0.0,0.0,1.0,-2.275684118270874,9.999999747378752e-05,-0.021991200745105743,0.04519736021757126,0.4345700740814209,0.010765790939331055,215.0,0.17654067277908325,100.0,2.5713624954223633,-0.005032705143094063,0.4251749515533447,0.0,0.9998825192451477
556,,,,,,,,-2.2763772010803223,6.666666740784422e-05,-0.02414911612868309,0.022633764892816544,0.42421579360961914,0.010741949081420898,220.0,0.176176980137825,100.0,2.570126533508301,-0.004764178302139044,0.40850892663002014,0.0,0.999710738658905
557,,,,,,,,-2.292557716369629,2.9629629352712072e-05,-0.010944126173853874,0.04316328838467598,0.423659086227417,0.011337995529174805,220.0,0.17585095763206482,100.0,2.570126533508301,-0.004724819678813219,0.8749740719795227,0.0,0.999727725982666
558,,,,,,,,-2.302539348602295,9.999999747378752e-05,-0.005342741962522268,0.0007864282815717161,0.4072840213775635,0.010725975036621094,229.0,0.1756165623664856,100.0,2.570126533508301,-0.0038525729905813932,0.0014732185518369079,0.0,0.999745786190033
559,,,,,,,,-2.3092851638793945,4.444444493856281e-05,-0.020652178674936295,0.06597904860973358,0.4350428581237793,0.010782003402709961,215.0,0.1755710393190384,100.0,2.5769176483154297,-0.00449274480342865,0.18108303844928741,0.0,0.9998494982719421
560,,,,,,,,-2.309807300567627,9.999999747378752e-05,-0.01203502994030714,0.05368523672223091,0.4218909740447998,0.010759115219116211,221.0,0.17553050816059113,100.0,2.5825836658477783,-0.005001051351428032,0.5551249384880066,0.0,0.9996871948242188
561,-0.004609611351042986,0.37323686480522156,0.0,0.9997676610946655,0.0,0.0,1.0,-2.3133645057678223,4.444444493856281e-05,-0.021222075447440147,0.11776108294725418,0.4215829372406006,0.011282920837402344,221.0,0.1754622906446457,100.0,2.5843071937561035,-0.005102415103465319,0.5657649636268616,0.0,0.9997172355651855
562,,,,,,,,-2.3120999336242676,4.444444493856281e-05,-0.007746071554720402,0.001796083990484476,0.5415170192718506,0.028831005096435547,168.0,0.17564232647418976,100.0,2.5843071937561035,-0.004998898133635521,0.0039367820136249065,0.0,0.9996806979179382
563,,,,,,,,-2.3020272254943848,0.0001500000071246177,-0.014732022769749165,0.0005764252855442464,0.4786102771759033,0.010943889617919922,196.0,0.17587007582187653,100.0,2.5849480628967285,-0.004789516795426607,0.04108193516731262,0.0,0.9998433589935303
564,,,,,,,,-2.3000106811523438,4.444444493856281e-05,-0.018740950152277946,0.028817061334848404,0.4310181140899658,0.011781692504882812,216.0,0.17570769786834717,100.0,2.582958221435547,-0.005422499030828476,0.9209411144256592,0.0,0.9997184872627258
565,,,,,,,,-2.307466745376587,6.666666740784422e-05,-0.02194829098880291,0.0794471800327301,0.4390230178833008,0.01132512092590332,213.0,0.17544673383235931,100.0,2.5833210945129395,-0.005064928438514471,0.8548285365104675,0.0,0.9996872544288635
566,,,,,,,,-2.321016311645508,4.444444493856281e-05,-0.011638706550002098,0.00125892146024853,0.4152820110321045,0.011317968368530273,225.0,0.1751696765422821,100.0,2.5833210945129395,-0.004739760886877775,0.04134676232933998,0.0,0.9996130466461182
567,,,,,,,,-2.3280751705169678,9.999999747378752e-06,-0.021811123937368393,0.0011285264045000076,0.4223020076751709,0.010876178741455078,221.0,0.17509959638118744,100.0,2.586811065673828,-0.0048333690501749516,0.0003621470823418349,0.0,0.9998078942298889
568,,,,,,,,-2.329371213912964,7.593750342493877e-05,-0.012023700401186943,0.09096653759479523,0.4248793125152588,0.011326789855957031,220.0,0.17508256435394287,100.0,2.5930449962615967,-0.004326337948441505,0.697584867477417,0.0,0.9997267723083496
569,,,,,,,,-2.331721782684326,3.3749998692655936e-05,-0.008701584301888943,0.09103850275278091,0.436812162399292,0.01093292236328125,214.0,0.17499256134033203,100.0,2.5983448028564453,-0.005135459825396538,0.23478984832763672,0.0,0.9997365474700928
570,,,,,,,,-2.3354969024658203,7.593750342493877e-05,-0.01854212023317814,0.006958893034607172,0.41027092933654785,0.010852813720703125,227.0,0.17491470277309418,100.0,2.5983448028564453,-0.004660234320908785,0.29506349563598633,0.0,0.9996747970581055
571,,,,,,,,-2.337790012359619,5.062499985797331e-05,-0.01686173304915428,0.00042999672587029636,0.4214751720428467,0.011984109878540039,221.0,0.17485001683235168,100.0,2.60111141204834,-0.004526949021965265,0.00011606973566813394,0.0,0.999882161617279
572,,,,,,,,-2.342099189758301,5.062499985797331e-05,-0.020864984020590782,0.04728154465556145,0.4231102466583252,0.01125192642211914,221.0,0.17473752796649933,100.0,2.6018972396850586,-0.004443175159394741,0.8301394581794739,0.0,0.9998364448547363
573,,,,,,,,-2.346475601196289,5.062499985797331e-05,-0.02441401407122612,0.04977253079414368,0.4504389762878418,0.011243820190429688,207.0,0.17470848560333252,100.0,2.6051931381225586,-0.0047708479687571526,0.487018346786499,0.0,0.9997244477272034
574,,,,,,,,-2.3515985012054443,7.593750342493877e-05,-0.01190505363047123,0.02094316855072975,0.40666985511779785,0.010926961898803711,229.0,0.1744193583726883,100.0,2.6051931381225586,-0.004522521980106831,0.5660488605499268,0.0,0.9996311068534851
575,,,,,,,,-2.3690500259399414,7.593750342493877e-05,-0.015576522797346115,0.0013660170370712876,0.41222405433654785,0.010960817337036133,226.0,0.17388585209846497,100.0,2.6061580181121826,-0.004241096321493387,1.4753202826067735e-10,0.0,0.9997681975364685
576,,,,,,,,-2.3898425102233887,3.3749998692655936e-05,-0.02601790800690651,0.06628642231225967,0.4320230484008789,0.010692119598388672,216.0,0.17351432144641876,100.0,2.6076059341430664,-0.004566445481032133,0.3698780834674835,0.0,0.9997784495353699
577,,,,,,,,-2.4021379947662354,7.593750342493877e-05,-0.017355462536215782,0.025498466566205025,0.4394059181213379,0.010809183120727539,213.0,0.17329038679599762,100.0,2.6187005043029785,-0.004206350073218346,0.5475755333900452,0.0,0.9996356964111328
578,,,,,,,,-2.4111828804016113,2.2500000341096893e-05,-0.016614990308880806,0.05331311374902725,0.4343149662017822,0.010991096496582031,215.0,0.1731802225112915,100.0,2.6187005043029785,-0.004322020802646875,1.1021391153335571,0.0,0.999625027179718
579,,,,,,,,-2.4137916564941406,3.3749998692655936e-05,-0.02137298509478569,0.00102673948276788,0.4106721878051758,0.012707948684692383,226.0,0.17318785190582275,100.0,2.6187005043029785,-0.004156779032200575,8.890127135956084e-24,0.0,0.9997169375419617
580,-0.004342352040112019,0.4319533705711365,0.0,0.9997069835662842,0.0,0.0,1.0,-2.4085068702697754,0.00011390625149942935,-0.015836022794246674,0.1309908777475357,0.4375629425048828,0.011002063751220703,214.0,0.173526793718338,100.0,2.6244101524353027,-0.00434075016528368,0.20104236900806427,0.0,0.9997777342796326
581,,,,,,,,-2.3924953937530518,5.062499985797331e-05,-0.016265299171209335,0.03985109180212021,0.4260079860687256,0.011756181716918945,219.0,0.17373763024806976,100.0,2.632720470428467,-0.005010614171624184,0.5704880356788635,0.0,0.9995772838592529
582,,,,,,,,-2.389958620071411,3.3749998692655936e-05,-0.028737148270010948,0.031071120873093605,0.4200730323791504,0.010881900787353516,222.0,0.1737256497144699,100.0,2.632720470428467,-0.004066796507686377,0.9629191756248474,0.0,0.9996228218078613
583,,,,,,,,-2.3959290981292725,0.00017085937724914402,-0.011738521046936512,0.0008585095056332648,0.40990281105041504,0.010924100875854492,228.0,0.17339685559272766,100.0,2.632720470428467,-0.004773989785462618,2.2588847167008192e-39,0.0,0.9996369481086731
584,,,,,,,,-2.411713123321533,5.062499985797331e-05,-0.01800752617418766,0.04694386571645737,0.4364783763885498,0.011224746704101562,214.0,0.1732058823108673,100.0,2.6323883533477783,-0.0044850935228168964,0.4604373872280121,0.0,0.9997536540031433
585,,,,,,,,-2.4152333736419678,5.062499985797331e-05,-0.02000795491039753,0.030475761741399765,0.4226717948913574,0.010866165161132812,221.0,0.17313502728939056,100.0,2.6346518993377686,-0.004812551662325859,0.5102890133857727,0.0,0.9995695948600769
586,-0.0042328061535954475,0.4548068940639496,0.0,0.9996376037597656,0.0,0.0,1.0,-2.4211130142211914,2.2500000341096893e-05,-0.02224372699856758,0.03256398066878319,0.4234299659729004,0.01104283332824707,220.0,0.17295964062213898,100.0,2.6377761363983154,-0.004741467069834471,0.9404070973396301,0.0,0.9996153712272644
587,,,,,,,,-2.426906108856201,7.593750342493877e-05,-0.022729190066456795,0.0017878464423120022,0.41072893142700195,0.010972976684570312,227.0,0.17279386520385742,100.0,2.6377761363983154,-0.0036408391315490007,0.006151381880044937,0.0,0.9995355606079102
588,,,,,,,,-2.4352571964263916,5.062499985797331e-05,-0.022354403510689735,0.0009712016326375306,0.4221351146697998,0.010886907577514648,221.0,0.172602578997612,100.0,2.646331787109375,-0.004545841831713915,0.04861535504460335,0.0,0.9997400641441345
589,,,,,,,,-2.438711166381836,3.3749998692655936e-05,-0.031036343425512314,0.04921264573931694,0.42316293716430664,0.011156082153320312,221.0,0.17260976135730743,100.0,2.6495554447174072,-0.004470171872526407,0.7792310118675232,0.0,0.9995989799499512
590,,,,,,,,-2.4405298233032227,2.2500000341096893e-05,-0.01572583243250847,0.011080357246100903,0.44018006324768066,0.011178970336914062,212.0,0.17255201935768127,100.0,2.6513192653656006,-0.004747805185616016,1.0146963596343994,0.0,0.9996461868286133
591,,,,,,,,-2.4449656009674072,0.00017085937724914402,-0.003289432032033801,0.0016669838223606348,0.40847277641296387,0.010746240615844727,228.0,0.17239752411842346,100.0,2.6513192653656006,-0.004520242568105459,0.0447770394384861,0.0,0.9995534420013428
592,,,,,,,,-2.461559534072876,3.3749998692655936e-05,-0.015049265697598457,0.0005848727305419743,0.4248349666595459,0.010728836059570312,220.0,0.17201584577560425,100.0,2.650254011154175,-0.004078785423189402,0.00046912263496778905,0.0,0.9996991753578186
593,,,,,,,,-2.474336862564087,2.2500000341096893e-05,-0.01611010730266571,0.07600384205579758,0.42650914192199707,0.011092901229858398,219.0,0.17179037630558014,100.0,2.652777910232544,-0.0037866912316530943,1.0534721612930298,0.0,0.9996151924133301
594,,,,,,,,-2.4809272289276123,5.062499985797331e-05,-0.009784060530364513,0.03577137365937233,0.43669700622558594,0.011003971099853516,214.0,0.17166908085346222,100.0,2.666882038116455,-0.004766245372593403,0.5400479435920715,0.0,0.9996288418769836
595,,,,,,,,-2.487781047821045,7.593750342493877e-05,-0.01978672854602337,0.034161169081926346,0.4085047245025635,0.011837244033813477,228.0,0.17132703959941864,100.0,2.666882038116455,-0.004538001026958227,0.261590838432312,0.0,0.9995343089103699
596,,,,,,,,-2.498697519302368,5.062499985797331e-05,-0.029272284358739853,0.0015078452415764332,0.4212067127227783,0.010770320892333984,222.0,0.17122623324394226,100.0,2.671837091445923,-0.004099267069250345,1.5920372788968962e-06,0.0,0.9996723532676697
597,,,,,,,,-2.500375509262085,5.062499985797331e-05,-0.015365698374807835,0.14460915327072144,0.42361903190612793,0.010860919952392578,220.0,0.17117241024971008,100.0,2.67557692527771,-0.004490474704653025,0.6453742384910583,0.0,0.9996617436408997
598,,,,,,,,-2.5018374919891357,3.3749998692655936e-05,-0.04044634476304054,0.05722611024975777,0.4423251152038574,0.01129007339477539,211.0,0.1711350828409195,100.0,2.6774344444274902,-0.004654752556234598,0.4878310263156891,0.0,0.9996418952941895
599,,,,,,,,-2.506751298904419,5.062499985797331e-05,-0.009856645949184895,0.018869047984480858,0.4090120792388916,0.011054039001464844,228.0,0.1708240509033203,100.0,2.6774344444274902,-0.00456215301528573,0.5259810090065002,0.0,0.9995647072792053
600,,,,,,,,-2.522411823272705,5.062499985797331e-05,-0.00781249301508069,0.0008561775903217494,0.41576600074768066,0.010998010635375977,224.0,0.170445516705513,100.0,2.679623603820801,-0.0045332289300858974,0.00036652435665018857,0.0,0.9996960163116455
601,,,,,,,,-2.5306639671325684,5.062499985797331e-05,-0.025583840906620026,0.010416091419756413,0.4306950569152832,0.01094508171081543,217.0,0.17046411335468292,100.0,2.676514148712158,-0.004676579963415861,0.48950353264808655,0.0,0.9997032284736633
602,,,,,,,,-2.525932788848877,3.3749998692655936e-05,-0.02367805875837803,0.024312838912010193,0.4357278347015381,0.010906219482421875,214.0,0.17060688138008118,100.0,2.683245897293091,-0.004296684637665749,0.335381418466568,0.0,0.9995810985565186
603,,,,,,,,-2.523679733276367,7.593750342493877e-05,-0.014504671096801758,0.07530557364225388,0.4079279899597168,0.011391162872314453,228.0,0.17048586905002594,100.0,2.683245897293091,-0.0045274728909134865,0.8837475776672363,0.0,0.9995743632316589
604,,,,,,,,-2.5320725440979004,0.0002562890585977584,-0.00828692689538002,0.000816766987554729,0.4062080383300781,0.011046171188354492,230.0,0.17013289034366608,100.0,2.683245897293091,-0.004290034994482994,0.0001786782086128369,0.0,0.9996232986450195
605,-0.004127730615437031,0.38813138008117676,0.0,0.9996523857116699,0.0,0.0,1.0,-2.545149564743042,3.3749998692655936e-05,-0.013233513571321964,0.0554254911839962,0.4443368911743164,0.011507272720336914,210.0,0.16997596621513367,100.0,2.684992551803589,-0.004385160282254219,0.5432334542274475,0.0,0.9997134804725647
606,,,,,,,,-2.5385923385620117,7.593750342493877e-05,-0.011792789213359356,0.05481536313891411,0.4236469268798828,0.011171817779541016,220.0,0.1704655885696411,100.0,2.6885311603546143,-0.004587388131767511,0.30716341733932495,0.0,0.9995593428611755
607,,,,,,,,-2.517268180847168,3.3749998692655936e-05,-0.01746952161192894,0.1348893642425537,0.41878724098205566,0.010919809341430664,223.0,0.17076475918293,100.0,2.6885311603546143,-0.004417295102030039,0.9741732478141785,0.0,0.9995842576026917
608,,,,,,,,-2.5125389099121094,7.593750342493877e-05,-0.014890018850564957,0.002295668935403228,0.4085719585418701,0.01075291633605957,228.0,0.17071785032749176,100.0,2.6885311603546143,-0.004279457498341799,1.0059865417133551e-05,0.0,0.9995529055595398
609,,,,,,,,-2.514683961868286,5.062499985797331e-05,-0.02813454531133175,0.04729168489575386,0.4333019256591797,0.010911941528320312,216.0,0.17069914937019348,100.0,2.6980113983154297,-0.004849602933973074,0.5936319828033447,0.0,0.9997236728668213
610,,,,,,,,-2.5152716636657715,3.3749998692655936e-05,-0.01853276416659355,0.04556053504347801,0.4208090305328369,0.010747909545898438,222.0,0.17069685459136963,100.0,2.698018789291382,-0.0035529823508113623,0.5720380544662476,0.0,0.9994993209838867
611,-0.004099908284842968,0.6274338364601135,0.0,0.9995534420013428,0.0,0.0,1.0,-2.517995834350586,5.062499985797331e-05,-0.006750601809471846,0.06858489662408829,0.424710750579834,0.010854244232177734,220.0,0.17051814496517181,100.0,2.7041542530059814,-0.004570071119815111,1.0765364170074463,0.0,0.9995744228363037
612,,,,,,,,-2.523198366165161,3.3749998692655936e-05,-0.0162668377161026,0.0024400304537266493,0.4090256690979004,0.010878324508666992,228.0,0.1704064905643463,100.0,2.7041542530059814,-0.004208010155707598,0.0030232134740799665,0.0,0.9994461536407471
613,,,,,,,,-2.52473783493042,3.3749998692655936e-05,-0.017919223755598068,0.0026049064472317696,0.42340993881225586,0.01113128662109375,220.0,0.17040646076202393,100.0,2.715681314468384,-0.004388908855617046,0.043972548097372055,0.0,0.999634325504303
614,,,,,,,,-2.5254626274108887,2.2500000341096893e-05,-0.017494823783636093,0.14742736518383026,0.4216148853302002,0.010740995407104492,222.0,0.17033737897872925,100.0,2.7207868099212646,-0.0047683012671768665,0.7775964736938477,0.0,0.9995161890983582
615,,,,,,,,-2.526909589767456,7.593750342493877e-05,-0.010712742805480957,0.08125784993171692,0.43598508834838867,0.010973930358886719,214.0,0.1704038381576538,100.0,2.724418878555298,-0.0046463715843856335,1.018507480621338,0.0,0.9996278285980225
616,,,,,,,,-2.525412082672119,3.3749998692655936e-05,-0.023218560963869095,0.003684137249365449,0.4105679988861084,0.010579824447631836,227.0,0.170452281832695,100.0,2.724418878555298,-0.003773815231397748,0.07662802934646606,0.0,0.9994809627532959
617,,,,,,,,-2.5221943855285645,0.00017085937724914402,-0.003792252391576767,0.0018267064588144422,0.4219670295715332,0.010876893997192383,221.0,0.17058303952217102,100.0,2.7287707328796387,-0.004310982301831245,0.0005479799583554268,0.0,0.9996686577796936
618,,,,,,,,-2.5119667053222656,3.3749998692655936e-05,-0.015319433994591236,0.0519556999206543,0.4242560863494873,0.011107921600341797,220.0,0.1708550900220871,100.0,2.727222204208374,-0.004591843578964472,1.0241252183914185,0.0,0.9995518326759338
619,,,,,,,,-2.5042667388916016,0.00011390625149942935,-0.015891538932919502,0.11834388971328735,0.43608808517456055,0.010953903198242188,214.0,0.1708938330411911,100.0,2.7358522415161133,-0.004810723010450602,0.3614824712276459,0.0,0.9995701909065247
620,,,,,,,,-2.5133771896362305,5.062499985797331e-05,-0.012176411226391792,0.018321039155125618,0.409818172454834,0.011015892028808594,228.0,0.170430526137352,100.0,2.7358522415161133,-0.004545203410089016,0.5512129664421082,0.0,0.999478816986084
621,,,,,,,,-2.5298855304718018,2.2500000341096893e-05,-0.011932802386581898,0.0008931553456932306,0.4216461181640625,0.010676860809326172,222.0,0.17027539014816284,100.0,2.739274740219116,-0.005281972233206034,2.6340597969465307e-07,0.0,0.9996487498283386
622,,,,,,,,-2.5336759090423584,5.062499985797331e-05,-0.02736281231045723,0.05942622199654579,0.4222688674926758,0.010890007019042969,221.0,0.170188307762146,100.0,2.7421061992645264,-0.004837641026824713,0.8618308901786804,0.0,0.9996817111968994
623,,,,,,,,-2.540295124053955,2.2500000341096893e-05,-0.016313714906573296,0.0346689447760582,0.4373459815979004,0.010841846466064453,214.0,0.17001087963581085,100.0,2.748656988143921,-0.004717111587524414,0.5455247759819031,0.0,0.9996033310890198
624,,,,,,,,-2.5424952507019043,2.2500000341096893e-05,-0.022254930809140205,0.11045817285776138,0.4047858715057373,0.01071929931640625,231.0,0.17008845508098602,100.0,2.748656988143921,-0.004269334953278303,0.32907623052597046,0.0,0.9995836615562439
625,,,,,,,,-2.538439989089966,5.062499985797331e-05,-0.008414077572524548,0.000999158015474677,0.4205319881439209,0.011473894119262695,222.0,0.1702001690864563,100.0,2.751295804977417,-0.004305965267121792,2.4458274765493115e-06,0.0,0.9996929168701172
626,,,,,,,,-2.5343143939971924,3.3749998692655936e-05,-0.020701749250292778,0.04848334565758705,0.4393291473388672,0.010830163955688477,213.0,0.1702589988708496,100.0,2.755561590194702,-0.004839980974793434,0.427304744720459,0.0,0.9997228980064392
627,,,,,,,,-2.5343894958496094,7.593750342493877e-05,-0.017378084361553192,0.02294638194143772,0.43652915954589844,0.010982990264892578,214.0,0.17020243406295776,100.0,2.759479284286499,-0.004456967115402222,0.5090310573577881,0.0,0.9996228218078613
628,,,,,,,,-2.5390052795410156,5.062499985797331e-05,-0.017590712755918503,0.15832233428955078,0.40775513648986816,0.010934591293334961,229.0,0.1700427234172821,100.0,2.759479284286499,-0.003997670020908117,0.7335719466209412,0.0,0.9996002316474915
629,,,,,,,,-2.5436697006225586,7.593750342493877e-05,-0.011871512047946453,0.001211712951771915,0.4090149402618408,0.011301994323730469,228.0,0.17005175352096558,100.0,2.759479284286499,-0.004221415612846613,3.5394459700910375e-05,0.0,0.999631941318512
630,-0.004321129992604256,0.44291985034942627,0.0,0.9996247291564941,0.0,0.0,1.0,-2.5434045791625977,2.2500000341096893e-05,-0.017951011657714844,0.005012581590563059,0.4374659061431885,0.011071205139160156,214.0,0.17003290355205536,100.0,2.767043352127075,-0.004781477618962526,0.5333691239356995,0.0,0.9996992945671082
631,,,,,,,,-2.547863245010376,7.593750342493877e-05,-0.016185002401471138,0.03389265388250351,0.42351508140563965,0.010912179946899414,220.0,0.16979046165943146,100.0,2.7674291133880615,-0.00486886827275157,0.49146413803100586,0.0,0.9996182322502136
632,,,,,,,,-2.5620944499969482,3.3749998692655936e-05,-0.015409702435135841,0.04794434830546379,0.41983723640441895,0.010866880416870117,222.0,0.16949164867401123,100.0,2.7674291133880615,-0.004572057630866766,0.8910930156707764,0.0,0.999638557434082
633,,,,,,,,-2.571488380432129,3.3749998692655936e-05,-0.009174255654215813,0.000950765737798065,0.4077880382537842,0.010772943496704102,229.0,0.16933731734752655,100.0,2.7674291133880615,-0.0039866468869149685,0.0014416449703276157,0.0,0.999621570110321
634,,,,,,,,-2.5774691104888916,5.062499985797331e-05,-0.010286392644047737,0.04269455000758171,0.4336380958557129,0.011027812957763672,215.0,0.16920650005340576,100.0,2.776576042175293,-0.004785966128110886,0.27947670221328735,0.0,0.9997284412384033
635,,,,,,,,-2.581894636154175,2.2500000341096893e-05,-0.02463117055594921,0.012278435751795769,0.4216036796569824,0.010787248611450195,222.0,0.16913942992687225,100.0,2.7817893028259277,-0.00436807656660676,0.5819510817527771,0.0,0.9995967745780945
636,-0.004342946689575911,0.40766552090644836,0.0,0.9996625185012817,0.0,0.0,1.0,-2.583578586578369,5.062499985797331e-05,-0.013076849281787872,0.07933545857667923,0.4275350570678711,0.01147603988647461,218.0,0.16909129917621613,100.0,2.782837390899658,-0.004824190866202116,0.9660126566886902,0.0,0.9996785521507263
637,,,,,,,,-2.588141918182373,3.3749998692655936e-05,-0.013153416104614735,0.002532459795475006,0.4300098419189453,0.011286020278930664,217.0,0.16898232698440552,100.0,2.782837390899658,-0.0047315130941569805,0.004306113813072443,0.0,0.9996045231819153
638,,,,,,,,-2.591578960418701,1.4999999621068127e-05,-0.017862461507320404,0.0008816839545033872,0.4305870532989502,0.012121915817260742,216.0,0.1689588874578476,100.0,2.7889597415924072,-0.004201620817184448,0.027186276391148567,0.0,0.999746561050415
639,,,,,,,,-2.59224271774292,0.00011390625149942935,-0.008536538109183311,0.01929239183664322,0.4293692111968994,0.010930776596069336,218.0,0.1688944697380066,100.0,2.7956273555755615,-0.004509770777076483,0.7597732543945312,0.0,0.9996342062950134
640,,,,,,,,-2.5954885482788086,3.3749998692655936e-05,-0.016147959977388382,0.04970037564635277,0.4356241226196289,0.010956048965454102,214.0,0.16893452405929565,100.0,2.8014214038848877,-0.004143285099416971,0.9050136208534241,0.0,0.999699592590332
641,,,,,,,,-2.593075752258301,5.062499985797331e-05,-0.012311219237744808,0.0007531536393798888,0.4134037494659424,0.011255025863647461,226.0,0.16912586987018585,100.0,2.8014214038848877,-0.0038074904587119818,0.04332973062992096,0.0,0.9995986819267273
642,,,,,,,,-2.5861363410949707,5.062499985797331e-05,-0.01708635315299034,0.000686312559992075,0.42381787300109863,0.011126995086669922,220.0,0.16929036378860474,100.0,2.8003172874450684,-0.004029358271509409,0.0003168047114741057,0.0,0.9997541904449463
643,,,,,,,,-2.582407236099243,3.3749998692655936e-05,-0.015029710717499256,0.03949516639113426,0.428753137588501,0.011096954345703125,218.0,0.16930536925792694,100.0,2.8028297424316406,-0.004566430579870939,0.7643502354621887,0.0,0.9996638298034668
644,,,,,,,,-2.586060047149658,7.593750342493877e-05,-0.02281501144170761,0.023827284574508667,0.43764209747314453,0.011092901229858398,213.0,0.1691921502351761,100.0,2.808119297027588,-0.003882658900693059,0.5064790844917297,0.0,0.9996715188026428
645,,,,,,,,-2.592031240463257,3.3749998692655936e-05,-0.013171817176043987,0.003248220542445779,0.4094212055206299,0.010875701904296875,228.0,0.1691402643918991,100.0,2.808119297027588,-0.003712877631187439,0.4488966464996338,0.0,0.999594509601593
646,,,,,,,,-2.592996120452881,3.3749998692655936e-05,-0.01314979512244463,0.0003048284270334989,0.42710304260253906,0.011291027069091797,218.0,0.1691717803478241,100.0,2.807236671447754,-0.0041967821307480335,3.793803671214846e-07,0.0,0.9997673630714417
647,,,,,,,,-2.5934691429138184,0.00017085937724914402,-0.01523452065885067,0.05546462535858154,0.4270012378692627,0.011204719543457031,219.0,0.16915924847126007,100.0,2.810323715209961,-0.004839129280298948,0.7611826062202454,0.0,0.9997013211250305
648,,,,,,,,-2.592982053756714,5.062499985797331e-05,-0.020705148577690125,0.06587598472833633,0.4387490749359131,0.010934114456176758,213.0,0.1694566011428833,100.0,2.8183393478393555,-0.004865521099418402,0.26843440532684326,0.0,0.9996485114097595
649,,,,,,,,-2.5798988342285156,5.062499985797331e-05,-0.02354891411960125,0.024528227746486664,0.4104580879211426,0.01102900505065918,227.0,0.16983337700366974,100.0,2.8183393478393555,-0.0038600927218794823,0.487526535987854,0.0,0.9996378421783447
650,,,,,,,,-2.5693516731262207,2.2500000341096893e-05,-0.009221644140779972,0.0008550235070288181,0.412769079208374,0.010896921157836914,226.0,0.1698278784751892,100.0,2.818387985229492,-0.004611840005964041,2.245372998643802e-09,0.0,0.999738872051239
651,,,,,,,,-2.5703673362731934,5.062499985797331e-05,-0.008420469239354134,0.0015416177920997143,0.4336972236633301,0.010849952697753906,215.0,0.16979897022247314,100.0,2.822981357574463,-0.004873467609286308,0.4239162504673004,0.0,0.9997766613960266
652,,,,,,,,-2.571229934692383,7.593750342493877e-05,-0.012303718365728855,0.02266034297645092,0.43375301361083984,0.010936975479125977,215.0,0.16974981129169464,100.0,2.822988271713257,-0.00456684036180377,0.4730817973613739,0.0,0.9996611475944519
653,,,,,,,,-2.568218231201172,3.3749998692655936e-05,-0.012400025501847267,0.030471336096525192,0.4072861671447754,0.01093602180480957,229.0,0.16987687349319458,100.0,2.822988271713257,-0.004591373726725578,0.8390992283821106,0.0,0.9996645450592041
654,,,,,,,,-2.56380558013916,3.3749998692655936e-05,-0.0220638420432806,0.0008762386278249323,0.4104790687561035,0.012032032012939453,227.0,0.16993431746959686,100.0,2.822988271713257,-0.004060185048729181,0.0,0.0,0.9997069239616394
655,-0.004653099458664656,0.42251163721084595,0.0,0.999699056148529,0.0,0.0,1.0,-2.5613062381744385,5.062499985797331e-05,-0.00912208016961813,0.033337775617837906,0.43654394149780273,0.011037349700927734,214.0,0.1699402630329132,100.0,2.828226327896118,-0.0045365579426288605,0.4480150640010834,0.0,0.9997770190238953
656,,,,,,,,-2.5600790977478027,2.2500000341096893e-05,-0.032354045659303665,0.005903356708586216,0.4210786819458008,0.010813236236572266,222.0,0.16996526718139648,100.0,2.832261085510254,-0.004581506829708815,0.4260859489440918,0.0,0.9996076226234436
657,,,,,,,,-2.5591578483581543,3.3749998692655936e-05,-0.021640285849571228,0.014391354285180569,0.416323184967041,0.011065959930419922,224.0,0.1699758768081665,100.0,2.832261085510254,-0.004140495788305998,0.9028574824333191,0.0,0.9996654987335205
658,,,,,,,,-2.5635039806365967,3.3749998692655936e-05,-0.011291829869151115,0.0008339292253367603,0.405897855758667,0.010754108428955078,230.0,0.16978386044502258,100.0,2.832261085510254,-0.0037710738833993673,0.0,0.0,0.9996619820594788
659,,,,,,,,-2.5720627307891846,3.3749998692655936e-05,-0.01833619922399521,0.06884804368019104,0.43196964263916016,0.01093292236328125,216.0,0.16966144740581512,100.0,2.8352251052856445,-0.004218147601932287,0.17672693729400635,0.0,0.9997765421867371
660,,,,,,,,-2.5775270462036133,0.00011390625149942935,-0.006431802175939083,0.02871514856815338,0.41898107528686523,0.011056184768676758,223.0,0.16944916546344757,100.0,2.8418097496032715,-0.004461934324353933,0.4600948989391327,0.0,0.9996337294578552
661,-0.004266312345862389,0.3703189194202423,0.0,0.9996800422668457,0.0,0.0,1.0,-2.5877223014831543,3.3749998692655936e-05,-0.02127404324710369,0.04096250981092453,0.42166996002197266,0.010621786117553711,222.0,0.16928455233573914,100.0,2.8415400981903076,-0.004561628680676222,0.8903681635856628,0.0,0.9997192025184631
662,,,,,,,,-2.590954542160034,5.062499985797331e-05,-0.008421801961958408,0.0013660904951393604,0.406937837600708,0.01103520393371582,229.0,0.16931970417499542,100.0,2.8415400981903076,-0.004457450937479734,0.0013397797010838985,0.0,0.9996616244316101
663,,,,,,,,-2.587570905685425,3.3749998692655936e-05,-0.023813346400856972,0.0010805311612784863,0.4197831153869629,0.010760068893432617,222.0,0.1694735586643219,100.0,2.837770938873291,-0.004388987552374601,0.027934059500694275,0.0,0.999777615070343
664,,,,,,,,-2.5844039916992188,2.2500000341096893e-05,-0.008855347521603107,0.06180921196937561,0.42405200004577637,0.011281728744506836,220.0,0.16945283114910126,100.0,2.8370087146759033,-0.0038845064118504524,0.5698921084403992,0.0,0.9996795654296875
665,,,,,,,,-2.5842010974884033,7.593750342493877e-05,-0.005974609404802322,0.13368068635463715,0.43557238578796387,0.011259794235229492,214.0,0.16948798298835754,100.0,2.8380701541900635,-0.004528133664280176,0.5892727375030518,0.0,0.9997446537017822
666,,,,,,,,-2.580341339111328,2.2500000341096893e-05,-0.032536230981349945,0.0015245142858475447,0.4079549312591553,0.010882139205932617,229.0,0.1695537567138672,100.0,2.8380701541900635,-0.0037399723660200834,0.03789063170552254,0.0,0.9997048377990723
667,,,,,,,,-2.5790629386901855,5.062499985797331e-05,-0.017649147659540176,0.001297434908337891,0.43613290786743164,0.01101994514465332,214.0,0.16955497860908508,100.0,2.837991714477539,-0.004172721412032843,0.000219984634895809,0.0,0.9998624920845032
668,,,,,,,,-2.581233501434326,3.3749998692655936e-05,-0.009632168337702751,0.021435895934700966,0.42101311683654785,0.010776996612548828,222.0,0.16946546733379364,100.0,2.8354458808898926,-0.004187821876257658,0.8725183010101318,0.0,0.9997572898864746
669,,,,,,,,-2.5856194496154785,2.2500000341096893e-05,-0.014521213248372078,0.003630809485912323,0.43918800354003906,0.011060953140258789,213.0,0.1693621426820755,100.0,2.836578369140625,-0.004978885408490896,0.49023592472076416,0.0,0.9997178912162781
670,,,,,,,,-2.5893805027008057,2.2500000341096893e-05,-0.014588145539164543,0.0013332408852875233,0.40790390968322754,0.010895967483520508,229.0,0.16927941143512726,100.0,2.836578369140625,-0.00456783315166831,0.3733285367488861,0.0,0.9996280670166016
671,,,,,,,,-2.5943329334259033,5.062499985797331e-05,-0.016657061874866486,0.000381121615646407,0.4229419231414795,0.011065244674682617,221.0,0.16908974945545197,100.0,2.835258960723877,-0.0045372978784143925,3.319907193599647e-07,0.0,0.9997983574867249
672,,,,,,,,-2.6024205684661865,5.062499985797331e-05,-0.019071046262979507,0.004288260359317064,0.42157530784606934,0.011131763458251953,221.0,0.16890734434127808,100.0,2.834949493408203,-0.003880655625835061,0.4439624845981598,0.0,0.9997856616973877
673,,,,,,,,-2.6095681190490723,7.593750342493877e-05,-0.015163159929215908,0.05325702950358391,0.43485498428344727,0.011113166809082031,215.0,0.1687048226594925,100.0,2.8342740535736084,-0.004938338417559862,0.41676947474479675,0.0,0.9997368454933167
674,,,,,,,,-2.6108176708221436,3.3749998692655936e-05,-0.02314137853682041,0.03982751443982124,0.40808701515197754,0.010799884796142578,229.0,0.1688445806503296,100.0,2.8342740535736084,-0.004254678729921579,0.29982879757881165,0.0,0.9997210502624512
675,,,,,,,,-2.605353355407715,7.593750342493877e-05,-0.013543309643864632,0.0004327221540734172,0.4111611843109131,0.011006832122802734,227.0,0.16889527440071106,100.0,2.8308916091918945,-0.0041667078621685505,6.255644984776154e-05,0.0,0.9998381733894348
676,,,,,,,,-2.6156809329986572,7.593750342493877e-05,-0.011814062483608723,0.01338682696223259,0.4312582015991211,0.01080775260925293,217.0,0.16825821995735168,100.0,2.8340706825256348,-0.004098193254321814,0.3635624349117279,0.0,0.9998577237129211
677,,,,,,,,-2.6397476196289062,3.3749998692655936e-05,-0.016484864056110382,0.014304724521934986,0.436769962310791,0.010693788528442383,214.0,0.16787651181221008,100.0,2.833008289337158,-0.0046107592061161995,0.3714016377925873,0.0,0.999758780002594
678,,,,,,,,-2.6501660346984863,7.593750342493877e-05,-0.01961188018321991,0.08446884900331497,0.41013002395629883,0.010957956314086914,227.0,0.16772624850273132,100.0,2.833008289337158,-0.0036619126331061125,0.4466971457004547,0.0,0.9997420907020569
679,,,,,,,,-2.653944492340088,5.062499985797331e-05,-0.010549590922892094,0.000653775641694665,0.40714406967163086,0.010615825653076172,229.0,0.16777491569519043,100.0,2.833008289337158,-0.003954553510993719,0.000136472619487904,0.0,0.9997904896736145
680,-0.0038706460036337376,0.3489852845668793,0.0,0.9997702836990356,0.0,0.0,1.0,-2.648465871810913,7.593750342493877e-05,-0.02027514949440956,0.01233524177223444,0.43692898750305176,0.010740995407104492,214.0,0.16801828145980835,100.0,2.829829216003418,-0.004722557030618191,0.3265213072299957,0.0,0.999855101108551
681,,,,,,,,-2.6374282836914062,0.00017085937724914402,-0.019844282418489456,0.026878168806433678,0.4297912120819092,0.010957956314086914,217.0,0.1681845337152481,100.0,2.819572687149048,-0.0047341142781078815,0.2588582932949066,0.0,0.9997407793998718
682,,,,,,,,-2.6245217323303223,3.3749998692655936e-05,-0.02162346988916397,0.024739792570471764,0.4184708595275879,0.010767221450805664,223.0,0.16860081255435944,100.0,2.819572687149048,-0.0037554700393229723,0.7820338606834412,0.0,0.9997437000274658
683,,,,,,,,-2.608266830444336,7.593750342493877e-05,-0.017733395099639893,0.0004731162334792316,0.40697193145751953,0.011228084564208984,229.0,0.16892887651920319,100.0,2.819572687149048,-0.004183314740657806,1.4659133350009186e-14,0.0,0.9997453689575195
684,,,,,,,,-2.5889158248901367,3.3749998692655936e-05,-0.01786823756992817,0.002559446729719639,0.4342789649963379,0.011004924774169922,215.0,0.16939471662044525,100.0,2.8135340213775635,-0.004274647682905197,0.36023202538490295,0.0,0.9998610019683838
685,,,,,,,,-2.576195240020752,5.062499985797331e-05,-0.01616710051894188,0.02135106921195984,0.4207639694213867,0.010689020156860352,222.0,0.16946469247341156,100.0,2.810523271560669,-0.004712830763310194,0.3928036689758301,0.0,0.9997245669364929
686,-0.004473071079701185,0.3553659915924072,0.0,0.9997687935829163,0.0,0.0,1.0,-2.575039863586426,2.2500000341096893e-05,-0.022884417325258255,0.02623705193400383,0.422252893447876,0.01108407974243164,221.0,0.1694512814283371,100.0,2.807053327560425,-0.0036593663971871138,0.7310500144958496,0.0,0.9997689723968506
687,,,,,,,,-2.574018955230713,5.062499985797331e-05,-0.023376042023301125,0.0008781504584476352,0.40694379806518555,0.01108407974243164,229.0,0.16950075328350067,100.0,2.807053327560425,-0.004065704066306353,0.0,0.0,0.9997087121009827
688,,,,,,,,-2.577749729156494,3.3749998692655936e-05,-0.018125325441360474,0.0007865995867177844,0.42238497734069824,0.01113271713256836,221.0,0.16931533813476562,100.0,2.8067221641540527,-0.004627731628715992,0.029887540265917778,0.0,0.9998160004615784
689,,,,,,,,-2.5828146934509277,0.00017085937724914402,-0.011476266197860241,0.018186606466770172,0.4239327907562256,0.011115074157714844,220.0,0.16934436559677124,100.0,2.804352045059204,-0.004513310268521309,0.7496094107627869,0.0,0.9996953010559082
690,,,,,,,,-2.576939105987549,0.00011390625149942935,-0.013645078986883163,0.017035992816090584,0.4341552257537842,0.010889768600463867,215.0,0.16960011422634125,100.0,2.802278995513916,-0.004978050012141466,0.6981704831123352,0.0,0.9997584223747253
691,,,,,,,,-2.5630059242248535,7.593750342493877e-05,-0.015297837555408478,0.002463163575157523,0.40582823753356934,0.01097869873046875,230.0,0.16994130611419678,100.0,2.802278995513916,-0.0036294031888246536,0.034525785595178604,0.0,0.9996928572654724
692,,,,,,,,-2.5554683208465576,5.062499985797331e-05,-0.01465030200779438,0.001372640603221953,0.42390894889831543,0.010905027389526367,220.0,0.16982468962669373,100.0,2.800224542617798,-0.004803942982107401,0.0002121491270372644,0.0,0.999822199344635
693,,,,,,,,-2.567805528640747,5.062499985797331e-05,-0.015913430601358414,0.008038540370762348,0.41891002655029297,0.010689973831176758,223.0,0.1694144308567047,100.0,2.798588752746582,-0.004283377900719643,0.6650785803794861,0.0,0.9997477531433105
694,,,,,,,,-2.584481954574585,3.3749998692655936e-05,-0.013618442229926586,0.004702595062553883,0.4350399971008301,0.01083683967590332,215.0,0.16918008029460907,100.0,2.7945094108581543,-0.004947839304804802,0.3654956519603729,0.0,0.9997760653495789
695,,,,,,,,-2.5937602519989014,5.062499985797331e-05,-0.010333837941288948,0.001832720241509378,0.40798306465148926,0.010893821716308594,229.0,0.16894003748893738,100.0,2.7945094108581543,-0.003935129847377539,0.2917937934398651,0.0,0.9997161030769348
696,,,,,,,,-2.6074717044830322,5.062499985797331e-05,-0.017398325726389885,0.0007565589039586484,0.42287516593933105,0.010854005813598633,221.0,0.16855287551879883,100.0,2.7931554317474365,-0.004367965739220381,2.689294831270672e-07,0.0,0.9998528361320496
697,,,,,,,,-2.62103533744812,3.3749998692655936e-05,-0.01925942860543728,0.0028033764101564884,0.4271409511566162,0.011855125427246094,218.0,0.1683666855096817,100.0,2.7914533615112305,-0.0038772085681557655,0.40625429153442383,0.0,0.9998052716255188
698,,,,,,,,-2.62610125541687,7.593750342493877e-05,-0.015131782740354538,0.0339944064617157,0.4414680004119873,0.011237144470214844,212.0,0.16828277707099915,100.0,2.7836928367614746,-0.004451789893209934,0.17741519212722778,0.0,0.9997746348381042
699,,,,,,,,-2.628606081008911,2.2500000341096893e-05,-0.0043838052079081535,0.004586481489241123,0.6051502227783203,0.023314952850341797,152.0,0.16824877262115479,100.0,2.7836928367614746,-0.0045166886411607265,0.5680559277534485,0.0,0.9997236132621765
700,,,,,,,,-2.626758098602295,7.593750342493877e-05,-0.016907189041376114,0.000435858586570248,0.5151491165161133,0.012284994125366211,182.0,0.16839730739593506,100.0,2.779237747192383,-0.004119547083973885,1.2131805306125898e-05,0.0,0.9998464584350586
701,,,,,,,,-2.6224191188812256,5.062499985797331e-05,-0.01470230333507061,0.00733046093955636,0.49251508712768555,0.012157917022705078,190.0,0.16837167739868164,100.0,2.7726664543151855,-0.004445241764187813,0.25854989886283875,0.0,0.999847948551178
702,,,,,,,,-2.6283578872680664,0.00011390625149942935,-0.009565778076648712,0.006020096130669117,0.45589709281921387,0.012378931045532227,205.0,0.16819848120212555,100.0,2.7701990604400635,-0.004004275891929865,0.37839505076408386,0.0,0.9997143745422363
703,,,,,,,,-2.634681224822998,3.3749998692655936e-05,-0.021175121888518333,0.00514342961832881,0.43300294876098633,0.011688947677612305,215.0,0.16817662119865417,100.0,2.7701990604400635,-0.004468183498829603,0.6786091923713684,0.0,0.999718189239502
704,,,,,,,,-2.6328227519989014,5.062499985797331e-05,-0.023015202954411507,0.00019034897559322417,0.46300196647644043,0.010925054550170898,202.0,0.16832813620567322,100.0,2.7701990604400635,-0.004304894711822271,0.0,0.0,0.9998015761375427
705,-0.004538344219326973,0.30101150274276733,0.0,0.9997696876525879,0.0,0.0,1.0,-2.6229584217071533,3.3749998692655936e-05,-0.014794692397117615,0.01757689379155636,0.5005929470062256,0.01110696792602539,187.0,0.16864249110221863,100.0,2.7689759731292725,-0.00480218231678009,0.15206553041934967,0.0,0.9998636245727539
706,,,,,,,,-2.6106135845184326,7.593750342493877e-05,-0.016168739646673203,0.005756373982876539,0.42965197563171387,0.011613845825195312,217.0,0.16881582140922546,100.0,2.7636234760284424,-0.0042810519225895405,0.3914910852909088,0.0,0.9997193217277527
707,,,,,,,,-2.6061134338378906,7.593750342493877e-05,-0.006432238034904003,0.008707392029464245,0.42065930366516113,0.011121749877929688,222.0,0.1688946932554245,100.0,2.7636234760284424,-0.0045661539770662785,0.7437265515327454,0.0,0.999748170375824
708,,,,,,,,-2.607731819152832,2.2500000341096893e-05,-0.015863562002778053,0.0003931654500775039,0.4080929756164551,0.010709047317504883,229.0,0.1687602698802948,100.0,2.7636234760284424,-0.004003568086773157,2.912089485107572e-06,0.0,0.9997618794441223
709,,,,,,,,-2.6142079830169678,0.00017085937724914402,-0.00726428534835577,0.008742728270590305,0.43627429008483887,0.01131582260131836,214.0,0.168694406747818,100.0,2.7585482597351074,-0.004918395075947046,0.15292230248451233,0.0,0.9998576045036316
710,,,,,,,,-2.618260383605957,1.4999999621068127e-05,-0.007568632252514362,0.046968162059783936,0.4258847236633301,0.010784149169921875,219.0,0.16868464648723602,100.0,2.7551941871643066,-0.0044376603327691555,0.2311629205942154,0.0,0.999739408493042
711,-0.004464466590434313,0.36446407437324524,0.0,0.9997530579566956,0.0,0.0,1.0,-2.6203501224517822,0.00011390625149942935,-0.015414458699524403,0.006441026926040649,0.423997163772583,0.010956764221191406,220.0,0.1685507595539093,100.0,2.755526065826416,-0.004196311812847853,0.7169185280799866,0.0,0.999783992767334
712,,,,,,,,-2.632204055786133,3.3749998692655936e-05,-0.004924427717924118,0.001217920915223658,0.4078950881958008,0.011890888214111328,228.0,0.16823852062225342,100.0,2.755526065826416,-0.004501608666032553,0.009058196097612381,0.0,0.9997633099555969
713,,,,,,,,-2.642341136932373,3.3749998692655936e-05,-0.026639889925718307,0.0016714714001864195,0.42761969566345215,0.010978221893310547,218.0,0.168104350566864,100.0,2.7474629878997803,-0.004992107395082712,0.023145494982600212,0.0,0.9998879432678223
714,,,,,,,,-2.6493425369262695,2.2500000341096893e-05,-0.018844468519091606,0.021776242181658745,0.43469691276550293,0.011146306991577148,215.0,0.167978435754776,100.0,2.747776746749878,-0.004179290495812893,0.5137364268302917,0.0,0.9997605681419373
715,,,,,,,,-2.6542551517486572,3.3749998692655936e-05,-0.016323190182447433,0.00732518220320344,0.43423891067504883,0.011165142059326172,215.0,0.16791966557502747,100.0,2.7418439388275146,-0.004618486855179071,0.6529542803764343,0.0,0.9997987747192383
716,,,,,,,,-2.6583237648010254,3.3749998692655936e-05,-0.010939450934529305,0.0009458236745558679,0.41226696968078613,0.011018037796020508,226.0,0.16783420741558075,100.0,2.7418439388275146,-0.004148552659898996,0.03008316457271576,0.0,0.9997510313987732
717,,,,,,,,-2.664170503616333,5.062499985797331e-05,-0.015362467616796494,0.0005816605989821255,0.4221470355987549,0.010954141616821289,221.0,0.16769438982009888,100.0,2.733677864074707,-0.003956316038966179,0.00015820324188098311,0.0,0.9999033808708191
718,,,,,,,,-2.6686487197875977,5.062499985797331e-05,-0.014073478989303112,0.0265065748244524,0.42109203338623047,0.010890007019042969,222.0,0.16771447658538818,100.0,2.729919910430908,-0.004549058619886637,0.45120570063591003,0.0,0.9998113512992859
719,,,,,,,,-2.670685052871704,3.3749998692655936e-05,-0.022796060889959335,0.007149891462177038,0.43670201301574707,0.011049032211303711,214.0,0.16759690642356873,100.0,2.722158193588257,-0.004458820912986994,0.38027283549308777,0.0,0.9998261332511902
720,,,,,,,,-2.6765899658203125,7.593750342493877e-05,-0.009874316863715649,0.0037586248945444822,0.408581018447876,0.010761022567749023,228.0,0.16748273372650146,100.0,2.722158193588257,-0.004184920806437731,0.28092455863952637,0.0,0.9997374415397644
721,,,,,,,,-2.679414749145508,3.3749998692655936e-05,-0.010334260761737823,0.0005840404191985726,0.4219017028808594,0.011174201965332031,221.0,0.16749989986419678,100.0,2.718400239944458,-0.0044959005899727345,3.628203728567314e-07,0.0,0.9998975396156311
722,,,,,,,,-2.6763484477996826,3.3749998692655936e-05,-0.022957226261496544,0.02009412832558155,0.42247796058654785,0.010956048965454102,221.0,0.1675904542207718,100.0,2.715282678604126,-0.004706768784672022,0.23810259997844696,0.0,0.9998626708984375
723,,,,,,,,-2.6693620681762695,0.00011390625149942935,-0.010753610171377659,0.0028749676421284676,0.4408121109008789,0.010993003845214844,212.0,0.16776657104492188,100.0,2.7067291736602783,-0.0048630028031766415,0.3003421425819397,0.0,0.9997970461845398
724,,,,,,,,-2.6593990325927734,3.3749998692655936e-05,-0.019812945276498795,0.005998676642775536,0.4121971130371094,0.011024951934814453,226.0,0.16787683963775635,100.0,2.7067291736602783,-0.003935925662517548,0.5687102675437927,0.0,0.9997449517250061
725,,,,,,,,-2.6609578132629395,0.00011390625149942935,-0.005051726009696722,0.00045649270759895444,0.4185459613800049,0.011021137237548828,223.0,0.1676357537508011,100.0,2.6987087726593018,-0.004443186800926924,1.0504275227418702e-10,0.0,0.999871551990509
726,,,,,,,,-2.6740808486938477,5.062499985797331e-05,-0.03462543338537216,0.03054429218173027,0.43297410011291504,0.011067867279052734,216.0,0.16742806136608124,100.0,2.695183753967285,-0.004203323740512133,0.1757456660270691,0.0,0.9998531341552734
727,,,,,,,,-2.6799707412719727,3.3749998692655936e-05,-0.02045040763914585,0.009920526295900345,0.4349181652069092,0.010865926742553711,215.0,0.16736987233161926,100.0,2.6908371448516846,-0.004935183096677065,0.3795017898082733,0.0,0.9997391700744629
728,,,,,,,,-2.6804325580596924,3.3749998692655936e-05,-0.0305235106498003,0.03310621529817581,0.4123241901397705,0.010999679565429688,226.0,0.16749191284179688,100.0,2.6908371448516846,-0.0040174913592636585,0.33057987689971924,0.0,0.9997644424438477
729,,,,,,,,-2.677450656890869,2.2500000341096893e-05,-0.027228156104683876,0.004537362605333328,0.4066898822784424,0.01076817512512207,229.0,0.16751444339752197,100.0,2.6908371448516846,-0.004054387100040913,0.011616175062954426,0.0,0.9998195767402649
730,-0.004296177998185158,0.2622619569301605,0.0,0.9998059868812561,0.0,0.0,1.0,-2.678731918334961,5.062499985797331e-05,-0.016800999641418457,0.016803119331598282,0.437701940536499,0.011029958724975586,213.0,0.16746151447296143,100.0,2.6830687522888184,-0.0047073266468942165,0.38433751463890076,0.0,0.9998717904090881
731,,,,,,,,-2.6813642978668213,5.062499985797331e-05,-0.018218783661723137,0.011091738007962704,0.42465877532958984,0.01152801513671875,220.0,0.1674010455608368,100.0,2.67476487159729,-0.004583137575536966,0.3544127941131592,0.0,0.9997496604919434
732,,,,,,,,-2.681021213531494,2.2500000341096893e-05,-0.03633946180343628,0.03703899309039116,0.4219808578491211,0.011056900024414062,221.0,0.16746962070465088,100.0,2.67476487159729,-0.004433880094438791,0.33317044377326965,0.0,0.9997653961181641
733,,,,,,,,-2.677140235900879,2.2500000341096893e-05,-0.010573217645287514,0.0014062400441616774,0.40808820724487305,0.010893106460571289,229.0,0.1675838679075241,100.0,2.67476487159729,-0.004243745934218168,0.028759175911545753,0.0,0.9997711777687073
734,,,,,,,,-2.6731135845184326,3.3749998692655936e-05,-0.006740807089954615,0.009948228485882282,0.4351799488067627,0.01090097427368164,215.0,0.16768036782741547,100.0,2.671231746673584,-0.004668733105063438,0.16266655921936035,0.0,0.9998703002929688
735,,,,,,,,-2.671626567840576,3.3749998692655936e-05,-0.02032061293721199,0.02604321576654911,0.42876100540161133,0.011302947998046875,218.0,0.16766566038131714,100.0,2.6644740104675293,-0.004485229030251503,0.22411207854747772,0.0,0.9997622966766357
736,-0.004528504330664873,0.17129358649253845,0.0,0.9998329281806946,0.0,0.0,1.0,-2.67402720451355,7.593750342493877e-05,-0.012960344552993774,0.028295248746871948,0.4246540069580078,0.010999917984008789,220.0,0.16756388545036316,100.0,2.663849353790283,-0.004596329294145107,0.5935928225517273,0.0,0.9997660517692566
737,,,,,,,,-2.68208909034729,3.3749998692655936e-05,-0.0035047074779868126,0.0018284606048837304,0.41027188301086426,0.01120615005493164,227.0,0.16739697754383087,100.0,2.663849353790283,-0.0038468476850539446,0.03057032823562622,0.0,0.9997426867485046
738,,,,,,,,-2.6835944652557373,7.593750342493877e-05,-0.00795716606080532,0.002754934597760439,0.4214138984680176,0.010792970657348633,222.0,0.16768144071102142,100.0,2.6519157886505127,-0.004422054626047611,0.02277582883834839,0.0,0.9998649954795837
739,,,,,,,,-2.667785167694092,7.593750342493877e-05,-0.005328842904418707,0.02414657175540924,0.42708492279052734,0.01087808609008789,219.0,0.1680995672941208,100.0,2.650287628173828,-0.004773932974785566,0.5076195001602173,0.0,0.9997579455375671
740,,,,,,,,-2.66011643409729,7.593750342493877e-05,-0.00888434611260891,0.023987675085663795,0.4358952045440674,0.01110696792602539,214.0,0.168051078915596,100.0,2.6464695930480957,-0.004588321316987276,0.7393860220909119,0.0,0.9997777938842773
741,,,,,,,,-2.667518377304077,2.2500000341096893e-05,-0.021719032898545265,0.0012552139814943075,0.4082622528076172,0.010823726654052734,229.0,0.16786615550518036,100.0,2.6464695930480957,-0.004287281539291143,0.03695905581116676,0.0,0.9997000694274902
742,,,,,,,,-2.670135021209717,0.00011390625149942935,-0.009546982124447823,0.0003071438695769757,0.42824506759643555,0.011116981506347656,218.0,0.16800342500209808,100.0,2.643655776977539,-0.0037909671664237976,0.00029296535649336874,0.0,0.9998345375061035
743,,,,,,,,-2.665419816970825,3.3749998692655936e-05,-0.013045983389019966,0.018578166142106056,0.4225008487701416,0.010890960693359375,221.0,0.16799156367778778,100.0,2.640110969543457,-0.004386603366583586,0.8092382550239563,0.0,0.9997315406799316
744,,,,,,,,-2.6679084300994873,2.2500000341096893e-05,-0.014515227638185024,0.004213545471429825,0.437819242477417,0.010804891586303711,213.0,0.16799843311309814,100.0,2.6363894939422607,-0.004913885612040758,0.1766454130411148,0.0,0.9997499585151672
745,,,,,,,,-2.665282964706421,7.593750342493877e-05,-0.014043708331882954,0.010577565059065819,0.4092118740081787,0.010865926742553711,228.0,0.16815216839313507,100.0,2.6363894939422607,-0.004080062732100487,0.41839027404785156,0.0,0.9996955990791321
746,,,,,,,,-2.655662775039673,3.3749998692655936e-05,-0.01845596358180046,0.0033081239089369774,0.420424222946167,0.011012792587280273,222.0,0.1682935208082199,100.0,2.6382312774658203,-0.004215012304484844,4.282969428004435e-07,0.0,0.999808132648468
747,,,,,,,,-2.649529457092285,3.3749998692655936e-05,-0.025693459436297417,0.03394812345504761,0.42285609245300293,0.011188983917236328,221.0,0.16839678585529327,100.0,2.6369056701660156,-0.004267357289791107,0.3300551772117615,0.0,0.999805212020874
748,,,,,,,,-2.6420388221740723,7.593750342493877e-05,-0.023131102323532104,0.024352140724658966,0.453110933303833,0.01102590560913086,206.0,0.16855080425739288,100.0,2.6300370693206787,-0.0047769793309271336,0.24650561809539795,0.0,0.9997217059135437
749,,,,,,,,-2.631964683532715,2.2500000341096893e-05,-0.026822656393051147,0.025265509262681007,0.40995001792907715,0.01110696792602539,227.0,0.16868865489959717,100.0,2.6300370693206787,-0.0041589876636862755,0.5740151405334473,0.0,0.9996635317802429
750,,,,,,,,-2.628600597381592,0.00011390625149942935,-0.010565953329205513,0.0010550660081207752,0.41263890266418457,0.010816097259521484,226.0,0.16865085065364838,100.0,2.6268227100372314,-0.0045890226028859615,0.10557680577039719,0.0,0.999772846698761
751,,,,,,,,-2.629404067993164,3.3749998692655936e-05,-0.015994727611541748,0.016276812180876732,0.43186306953430176,0.010803937911987305,216.0,0.16859742999076843,100.0,2.625331401824951,-0.0039060867857187986,0.5360106229782104,0.0,0.9997544288635254
752,,,,,,,,-2.6297874450683594,2.2500000341096893e-05,-0.026319308206439018,0.013531370088458061,0.439241886138916,0.01109004020690918,213.0,0.16857784986495972,100.0,2.622852087020874,-0.004402840044349432,0.2575833201408386,0.0,0.999647319316864
753,,,,,,,,-2.6302478313446045,0.00017085937724914402,-0.010630072094500065,0.009469131007790565,0.4086902141571045,0.010799884796142578,228.0,0.16853250563144684,100.0,2.622852087020874,-0.004557573702186346,0.8221686482429504,0.0,0.9996369481086731
754,,,,,,,,-2.6349873542785645,2.2500000341096893e-05,-0.01675109565258026,0.0010876588057726622,0.4069490432739258,0.011288881301879883,229.0,0.1684499979019165,100.0,2.622852087020874,-0.004568052012473345,0.0,0.0,0.9997041821479797
755,-0.004542698618024588,0.3319128751754761,0.0,0.9996733069419861,0.0,0.0,1.0,-2.6359469890594482,3.3749998692655936e-05,-0.013488076627254486,0.011770624667406082,0.4346938133239746,0.010747194290161133,215.0,0.1684538573026657,100.0,2.6200244426727295,-0.004844190087169409,0.42947080731391907,0.0,0.999796450138092
756,,,,,,,,-2.6328108310699463,5.062499985797331e-05,-0.02127322554588318,0.02754126861691475,0.42525386810302734,0.01080012321472168,220.0,0.16868820786476135,100.0,2.6230080127716064,-0.004616179503500462,0.20883262157440186,0.0,0.9996597170829773
757,,,,,,,,-2.621962547302246,2.2500000341096893e-05,-0.02564777061343193,0.030653798952698708,0.4141671657562256,0.011102914810180664,225.0,0.16883377730846405,100.0,2.6230080127716064,-0.003884346457198262,0.526477038860321,0.0,0.99972003698349
758,,,,,,,,-2.6188437938690186,2.2500000341096893e-05,-0.02451721765100956,0.0018423593137413263,0.40737199783325195,0.010669946670532227,229.0,0.16888371109962463,100.0,2.6230080127716064,-0.004986694548279047,0.002589754993095994,0.0,0.999704897403717
759,,,,,,,,-2.616171360015869,3.3749998692655936e-05,-0.017967242747545242,0.01379461120814085,0.43541598320007324,0.011044979095458984,215.0,0.16895410418510437,100.0,2.6185641288757324,-0.004166843835264444,0.37907275557518005,0.0,0.9998099207878113
760,,,,,,,,-2.613818645477295,5.062499985797331e-05,-0.00790488999336958,0.015286979265511036,0.4215569496154785,0.010862112045288086,222.0,0.16901202499866486,100.0,2.6166634559631348,-0.004401639103889465,0.4932820796966553,0.0,0.9996560215950012
761,-0.004424047190696001,0.14201562106609344,0.0,0.9998009204864502,0.0,0.0,1.0,-2.6110191345214844,3.3749998692655936e-05,-0.02517409436404705,0.00943782553076744,0.4220292568206787,0.010930776596069336,221.0,0.1690855771303177,100.0,2.6120927333831787,-0.004237534943968058,0.7922618985176086,0.0,0.99969482421875
762,,,,,,,,-2.6108479499816895,3.3749998692655936e-05,-0.021127300336956978,0.0007832680712454021,0.4080989360809326,0.01070094108581543,229.0,0.16907039284706116,100.0,2.6120927333831787,-0.004181034862995148,0.0021130137611180544,0.0,0.9996054768562317
763,,,,,,,,-2.6097729206085205,5.062499985797331e-05,-0.012473084963858128,0.00223033269867301,0.42113423347473145,0.010793924331665039,222.0,0.16919200122356415,100.0,2.612062931060791,-0.004128880333155394,0.03299756720662117,0.0,0.9997509121894836
764,,,,,,,,-2.603641986846924,2.2500000341096893e-05,-0.016772102564573288,0.00664553651586175,0.42372608184814453,0.011156082153320312,220.0,0.16933844983577728,100.0,2.6111769676208496,-0.004459121730178595,0.7213096022605896,0.0,0.9996650218963623
765,,,,,,,,-2.6005959510803223,7.593750342493877e-05,-0.016678275540471077,0.01429718267172575,0.43296313285827637,0.010976076126098633,216.0,0.16929246485233307,100.0,2.609973907470703,-0.003957877401262522,0.8740002512931824,0.0,0.9997089505195618
766,,,,,,,,-2.6045327186584473,2.2500000341096893e-05,-0.017796330153942108,0.0009552651317790151,0.4073500633239746,0.010825872421264648,229.0,0.16918528079986572,100.0,2.609973907470703,-0.004033764358609915,0.042801786214113235,0.0,0.9995881915092468
767,,,,,,,,-2.6048831939697266,2.2500000341096893e-05,-0.014423000626266003,0.0004804215859621763,0.4206569194793701,0.010982990264892578,222.0,0.1692190170288086,100.0,2.612727403640747,-0.004530115053057671,0.0004438020696397871,0.0,0.9997385144233704
768,,,,,,,,-2.6017870903015137,7.593750342493877e-05,-0.024320269003510475,0.013448568992316723,0.42191123962402344,0.011053085327148438,221.0,0.16937434673309326,100.0,2.6122324466705322,-0.0045723519288003445,0.8388920426368713,0.0,0.9996480941772461
769,,,,,,,,-2.594954490661621,2.2500000341096893e-05,-0.018710413947701454,0.00635076779872179,0.4363677501678467,0.011091947555541992,214.0,0.16945870220661163,100.0,2.6127209663391113,-0.004889775533229113,0.5310202240943909,0.0,0.9996590614318848
770,,,,,,,,-2.597224473953247,0.0002562890585977584,-0.00917336717247963,0.005015933886170387,0.4071989059448242,0.011497259140014648,229.0,0.16912473738193512,100.0,2.6127209663391113,-0.004402460064738989,0.41256555914878845,0.0,0.9995562434196472
771,,,,,,,,-2.622729778289795,5.062499985797331e-05,-0.018021348863840103,0.00045743308146484196,0.42287278175354004,0.011049270629882812,221.0,0.16860021650791168,100.0,2.6173722743988037,-0.004090193193405867,2.948089559140499e-07,0.0,0.9997086524963379
772,,,,,,,,-2.63381028175354,5.062499985797331e-05,-0.022485652938485146,0.011878974735736847,0.4337007999420166,0.011686086654663086,215.0,0.16841459274291992,100.0,2.617537498474121,-0.0047036814503371716,0.8515159487724304,0.0,0.9996883273124695
773,,,,,,,,-2.6428027153015137,3.3749998692655936e-05,-0.005119287874549627,0.012109369039535522,0.43619704246520996,0.0110321044921875,214.0,0.1683020144701004,100.0,2.6233978271484375,-0.0045143356546759605,0.457795113325119,0.0,0.999657154083252
774,,,,,,,,-2.6436383724212646,0.00011390625149942935,-0.009431028738617897,0.009400755167007446,0.4096488952636719,0.010909318923950195,228.0,0.1683667004108429,100.0,2.6233978271484375,-0.004321629647165537,0.5791571736335754,0.0,0.9996170997619629
775,,,,,,,,-2.64312744140625,2.2500000341096893e-05,-0.023964090272784233,0.0004361126630101353,0.41004490852355957,0.010883092880249023,228.0,0.1682627946138382,100.0,2.624281167984009,-0.00426793796941638,3.1260309896197214e-09,0.0,0.9997370839118958
776,,,,,,,,-2.645768165588379,7.593750342493877e-05,-0.008908095769584179,0.004564407281577587,0.4302847385406494,0.010750293731689453,217.0,0.1681898832321167,100.0,2.624295949935913,-0.004005937371402979,0.4324900209903717,0.0,0.9997653365135193
777,,,,,,,,-2.6420798301696777,3.3749998692655936e-05,-0.01810377649962902,0.00380593235604465,0.4342970848083496,0.011184215545654297,215.0,0.16840209066867828,100.0,2.626316547393799,-0.004805112723261118,0.41485869884490967,0.0,0.9996601939201355
778,,,,,,,,-2.6336169242858887,5.062499985797331e-05,-0.018434489145874977,0.00546377245336771,0.40989089012145996,0.01125788688659668,227.0,0.1685374528169632,100.0,2.626316547393799,-0.00461287796497345,0.8679428100585938,0.0,0.9996678233146667
779,,,,,,,,-2.6266274452209473,2.2500000341096893e-05,-0.020599495619535446,0.0006262058159336448,0.40761494636535645,0.010921001434326172,229.0,0.16864369809627533,100.0,2.626316547393799,-0.0036809712182730436,0.0,0.0,0.9997178912162781
780,-0.004204773344099522,0.40126854181289673,0.0,0.9997183680534363,0.0,0.0,1.0,-2.6227593421936035,3.3749998692655936e-05,-0.020100833848118782,0.005449710413813591,0.436032772064209,0.010891914367675781,214.0,0.16866524517536163,100.0,2.6290924549102783,-0.004581734072417021,0.5095637440681458,0.0,0.9997861981391907
781,,,,,,,,-2.6229922771453857,2.2500000341096893e-05,-0.019571788609027863,0.02716114930808544,0.427595853805542,0.010801076889038086,218.0,0.1686250865459442,100.0,2.636974573135376,-0.004695152398198843,0.23674482107162476,0.0,0.9996356964111328
782,,,,,,,,-2.624929428100586,3.3749998692655936e-05,-0.02130235731601715,0.013492168858647346,0.4190850257873535,0.010865211486816406,223.0,0.1685483604669571,100.0,2.636974573135376,-0.00478914612904191,0.9952559471130371,0.0,0.9996897578239441
783,,,,,,,,-2.630678653717041,7.593750342493877e-05,-0.006233095657080412,0.0009862282313406467,0.40982675552368164,0.01109623908996582,228.0,0.16823649406433105,100.0,2.636974573135376,-0.004725466016680002,0.0768408253788948,0.0,0.9996687769889832
784,,,,,,,,-2.646420955657959,3.3749998692655936e-05,-0.036853913217782974,0.02906651981174946,0.4382779598236084,0.010750770568847656,213.0,0.16792523860931396,100.0,2.6410837173461914,-0.004116257186979055,0.28821873664855957,0.0,0.9997484087944031
785,,,,,,,,-2.6534852981567383,3.3749998692655936e-05,-0.03062356449663639,0.011015777476131916,0.4227609634399414,0.010890960693359375,221.0,0.1678512841463089,100.0,2.644399642944336,-0.004696378018707037,0.5481855273246765,0.0,0.999579906463623
786,-0.005009043496102095,0.48625481128692627,0.0,0.9996458888053894,0.0,0.0,1.0,-2.655775547027588,3.3749998692655936e-05,-0.01879013143479824,0.022187618538737297,0.42244601249694824,0.010794878005981445,221.0,0.16789254546165466,100.0,2.6502082347869873,-0.004970186855643988,0.8966371417045593,0.0,0.9996631145477295
787,,,,,,,,-2.651209831237793,3.3749998692655936e-05,-0.018238859251141548,0.0004127700813114643,0.40814876556396484,0.011010169982910156,229.0,0.1680629551410675,100.0,2.6502082347869873,-0.004277156665921211,0.004012865945696831,0.0,0.9995735287666321
788,,,,,,,,-2.645404577255249,3.3749998692655936e-05,-0.024620840325951576,0.001114345039241016,0.42215704917907715,0.011466026306152344,221.0,0.1682080775499344,100.0,2.6539433002471924,-0.004981717560440302,0.04400262236595154,0.0,0.9997270703315735
789,,,,,,,,-2.6417603492736816,0.00011390625149942935,-0.017539262771606445,0.01479134988039732,0.42482805252075195,0.010980844497680664,220.0,0.16827920079231262,100.0,2.653836488723755,-0.0037897340953350067,0.9636926651000977,0.0,0.9996168613433838
790,,,,,,,,-2.646660804748535,2.2500000341096893e-05,-0.03311086446046829,0.014738974161446095,0.43323707580566406,0.01084589958190918,216.0,0.16812555491924286,100.0,2.6562118530273438,-0.005131182726472616,0.9125096201896667,0.0,0.9996678233146667
791,,,,,,,,-2.6521081924438477,7.593750342493877e-05,-0.0073268115520477295,0.0013745807809755206,0.40683698654174805,0.010572195053100586,229.0,0.16803300380706787,100.0,2.6562118530273438,-0.004296603612601757,0.05562533065676689,0.0,0.9995629787445068
792,,,,,,,,-2.6575632095336914,3.3749998692655936e-05,-0.027666287496685982,0.0003901102172676474,0.47126102447509766,0.012643098831176758,198.0,0.16792985796928406,100.0,2.6591591835021973,-0.003977375105023384,0.0004405377840157598,0.0,0.9997155070304871
793,,,,,,,,-2.6602888107299805,3.3749998692655936e-05,-0.025563469156622887,0.011252625845372677,0.4385058879852295,0.011079072952270508,213.0,0.16796666383743286,100.0,2.661080837249756,-0.004220761824399233,0.9353008270263672,0.0,0.9996342062950134
794,,,,,,,,-2.6586966514587402,3.3749998692655936e-05,-0.02581017278134823,0.010149577632546425,0.4358699321746826,0.011362075805664062,214.0,0.1680305153131485,100.0,2.665631055831909,-0.004747041501104832,0.5227115750312805,0.0,0.9996755719184875
795,,,,,,,,-2.6580395698547363,5.062499985797331e-05,-0.013932136818766594,0.005020012613385916,0.40921902656555176,0.010746240615844727,228.0,0.16803200542926788,100.0,2.665631055831909,-0.003941585775464773,0.46203795075416565,0.0,0.9995665550231934
796,,,,,,,,-2.6572020053863525,3.3749998692655936e-05,-0.02189880795776844,0.0006132653797976673,0.42229700088500977,0.010941028594970703,221.0,0.16806377470493317,100.0,2.6670103073120117,-0.0042403824627399445,2.877403062484518e-07,0.0,0.9996910691261292
797,,,,,,,,-2.652453660964966,5.062499985797331e-05,-0.016468193382024765,0.009043877944350243,0.4205610752105713,0.011312007904052734,222.0,0.16832482814788818,100.0,2.6687800884246826,-0.004294130019843578,0.888901948928833,0.0,0.9996821284294128
798,,,,,,,,-2.6381595134735107,5.062499985797331e-05,-0.011242004111409187,0.010494270361959934,0.4332420825958252,0.01655411720275879,213.0,0.16856196522712708,100.0,2.6734790802001953,-0.004443243145942688,0.5108258724212646,0.0,0.9996380805969238
799,,,,,,,,-2.630295991897583,3.3749998692655936e-05,-0.0259413905441761,0.006750472821295261,0.4293081760406494,0.011247873306274414,217.0,0.168722465634346,100.0,2.6734790802001953,-0.00388695509172976,0.5489785671234131,0.0,0.9995940327644348
800,,,,,,,,-2.6259753704071045,5.062499985797331e-05,-0.014832619577646255,0.00045751480502076447,0.41274595260620117,0.010808944702148438,226.0,0.16871170699596405,100.0,2.6772685050964355,-0.004754470195621252,7.770300375353756e-11,0.0,0.9996840953826904
801,,,,,,,,-2.631622552871704,5.062499985797331e-05,-0.01535127218812704,0.014453484676778316,0.4457569122314453,0.01164102554321289,209.0,0.16844822466373444,100.0,2.6792261600494385,-0.004615315701812506,0.4786003530025482,0.0,0.9997050762176514
802,,,,,,,,-2.6383109092712402,3.3749998692655936e-05,-0.01324649341404438,0.006782202515751123,0.43665075302124023,0.010921239852905273,214.0,0.1684180647134781,100.0,2.685476064682007,-0.004960920661687851,0.4907062351703644,0.0,0.9995972514152527
803,,,,,,,,-2.6377387046813965,2.2500000341096893e-05,-0.029575815424323082,0.010673520155251026,0.4089210033416748,0.010809898376464844,228.0,0.16840839385986328,100.0,2.685476064682007,-0.004032706841826439,0.9475199580192566,0.0,0.999600887298584
804,,,,,,,,-2.6388301849365234,1.4999999621068127e-05,-0.03259974718093872,0.00032204866874963045,0.407742977142334,0.010770320892333984,229.0,0.168391153216362,100.0,2.685476064682007,-0.00487797474488616,0.0,0.0,0.9996323585510254
805,-0.004439997486770153,0.45874205231666565,0.0,0.9996441602706909,0.0,0.0,1.0,-2.6390016078948975,7.593750342493877e-05,-0.009036908857524395,0.006720009259879589,0.4353678226470947,0.010738134384155273,215.0,0.16846998035907745,100.0,2.6944735050201416,-0.0047673690132796764,0.258867472410202,0.0,0.9997380375862122
806,,,,,,,,-2.629094123840332,5.062499985797331e-05,-0.019369283691048622,0.006145607680082321,0.429401159286499,0.011321783065795898,217.0,0.16889460384845734,100.0,2.7001264095306396,-0.005040348973125219,0.46003589034080505,0.0,0.9996119141578674
807,,,,,,,,-2.6148757934570312,7.593750342493877e-05,-0.012046466581523418,0.020295927301049232,0.41936397552490234,0.011409997940063477,222.0,0.16907083988189697,100.0,2.7001264095306396,-0.004498275462538004,1.0258259773254395,0.0,0.9996387958526611
808,,,,,,,,-2.620697259902954,7.593750342493877e-05,-0.012679838575422764,0.0010229696054011583,0.4693021774291992,0.01137995719909668,199.0,0.16853579878807068,100.0,2.7001264095306396,-0.003939431626349688,0.050452470779418945,0.0,0.9996140599250793
809,,,,,,,,-2.640888214111328,3.3749998692655936e-05,-0.02567405067384243,0.005153621081262827,0.4344329833984375,0.011027812957763672,215.0,0.16824185848236084,100.0,2.703989028930664,-0.004039959516376257,0.3898918628692627,0.0,0.9997480511665344
810,,,,,,,,-2.6466171741485596,0.00017085937724914402,-0.012386458925902843,0.004575169645249844,0.425961971282959,0.011265039443969727,219.0,0.16812008619308472,100.0,2.7070212364196777,-0.0049188933335244656,0.5305655002593994,0.0,0.9996047019958496
811,-0.004343149717897177,0.4261198341846466,0.0,0.9996833801269531,0.0,0.0,1.0,-2.656742811203003,3.3749998692655936e-05,-0.018123317509889603,0.009369984269142151,0.42969608306884766,0.011356830596923828,217.0,0.16808851063251495,100.0,2.709507942199707,-0.004419799894094467,0.9333329200744629,0.0,0.9997072219848633
812,,,,,,,,-2.655564785003662,1.4999999621068127e-05,-0.013001497834920883,0.0008371716248802841,0.40752291679382324,0.011111259460449219,229.0,0.168186217546463,100.0,2.709507942199707,-0.0043437606655061245,0.0025713760405778885,0.0,0.9996244311332703
813,,,,,,,,-2.6534440517425537,3.3749998692655936e-05,-0.014927448704838753,0.0014298605965450406,0.42250919342041016,0.010963916778564453,221.0,0.16816231608390808,100.0,2.7165350914001465,-0.004783566575497389,0.040941108018159866,0.0,0.9997316002845764
814,,,,,,,,-2.657620906829834,3.3749998692655936e-05,-0.026714280247688293,0.008326000533998013,0.42083191871643066,0.010802984237670898,222.0,0.16798518598079681,100.0,2.718651533126831,-0.004904338624328375,0.9108268618583679,0.0,0.9996021389961243
815,,,,,,,,-2.6673271656036377,5.062499985797331e-05,-0.02281307429075241,0.00797819159924984,0.43457603454589844,0.011670112609863281,215.0,0.1677371710538864,100.0,2.720238208770752,-0.004248142708092928,0.7879412174224854,0.0,0.99969881772995
816,,,,,,,,-2.678342342376709,2.2500000341096893e-05,-0.026537243276834488,0.002026000525802374,0.40706491470336914,0.010706901550292969,229.0,0.16752374172210693,100.0,2.720238208770752,-0.004475284833461046,0.035200707614421844,0.0,0.9995830059051514
817,,,,,,,,-2.6854777336120605,2.2500000341096893e-05,-0.01322518102824688,0.0003547775559127331,0.4231140613555908,0.011204719543457031,221.0,0.16739226877689362,100.0,2.7262418270111084,-0.0039920746348798275,0.00046231341548264027,0.0,0.9997036457061768
818,,,,,,,,-2.6896462440490723,5.062499985797331e-05,-0.0216322373598814,0.02185593545436859,0.4200747013092041,0.011113166809082031,222.0,0.167342871427536,100.0,2.730250358581543,-0.004040692001581192,0.8412365913391113,0.0,0.9996395111083984
819,,,,,,,,-2.6922531127929688,3.3749998692655936e-05,-0.018232906237244606,0.02523455210030079,0.43677806854248047,0.011160850524902344,214.0,0.16726770997047424,100.0,2.732978105545044,-0.004048594739288092,0.28163737058639526,0.0,0.9996744990348816
820,,,,,,,,-2.696714401245117,3.3749998692655936e-05,-0.01971900463104248,0.006169797386974096,0.4071030616760254,0.010790109634399414,229.0,0.1671670824289322,100.0,2.732978105545044,-0.00432045990601182,0.4697740972042084,0.0,0.9995779395103455
821,,,,,,,,-2.697720527648926,3.3749998692655936e-05,-0.014138743281364441,0.00044149128370918334,0.42167186737060547,0.011458873748779297,221.0,0.16731704771518707,100.0,2.7385001182556152,-0.004095656331628561,3.2317203135789896e-07,0.0,0.9997215270996094
822,,,,,,,,-2.694639205932617,3.3749998692655936e-05,-0.025968212634325027,0.007457656320184469,0.4236631393432617,0.010864973068237305,220.0,0.16726282238960266,100.0,2.7387759685516357,-0.004347017500549555,0.6846807599067688,0.0,0.9997096657752991
823,,,,,,,,-2.7022151947021484,3.3749998692655936e-05,-0.01769101619720459,0.006178221665322781,0.4406239986419678,0.010890960693359375,212.0,0.16707777976989746,100.0,2.740159749984741,-0.004445909988135099,0.4047362804412842,0.0,0.9996744990348816
824,,,,,,,,-2.7081449031829834,3.3749998692655936e-05,-0.023101726546883583,0.0041555603966116905,0.4071080684661865,0.010849237442016602,229.0,0.16700413823127747,100.0,2.740159749984741,-0.003778130980208516,0.49585795402526855,0.0,0.999620258808136
825,,,,,,,,-2.707547903060913,7.593750342493877e-05,-0.0026911913882941008,0.00044680736027657986,0.4122450351715088,0.01102900505065918,226.0,0.16725045442581177,100.0,2.7417702674865723,-0.004413410555571318,1.4427042893672137e-10,0.0,0.9997360706329346
826,,,,,,,,-2.6935298442840576,5.062499985797331e-05,-0.02698656916618347,0.0024049202911555767,0.43352484703063965,0.011205911636352539,215.0,0.16747456789016724,100.0,2.745300769805908,-0.004624220542609692,0.35741350054740906,0.0,0.9997867941856384
827,,,,,,,,-2.6926774978637695,2.2500000341096893e-05,-0.02601734921336174,0.0019011744298040867,0.43438196182250977,0.010637760162353516,215.0,0.16729480028152466,100.0,2.7492454051971436,-0.004246018826961517,0.3606686592102051,0.0,0.9997002482414246
828,,,,,,,,-2.697688341140747,7.593750342493877e-05,-0.016290800645947456,0.009507857263088226,0.4135611057281494,0.011208772659301758,226.0,0.16721613705158234,100.0,2.7492454051971436,-0.0045250942930579185,0.9095785617828369,0.0,0.9996883273124695
829,,,,,,,,-2.696559190750122,2.2500000341096893e-05,-0.032376479357481,0.0002282432687934488,0.4076731204986572,0.010770797729492188,229.0,0.16729997098445892,100.0,2.7492454051971436,-0.004105094820261002,0.0,0.0,0.9997503161430359
830,-0.004570760764181614,0.3393787145614624,0.0,0.9997506737709045,0.0,0.0,1.0,-2.690683364868164,3.3749998692655936e-05,-0.014012967236340046,0.002321222797036171,0.4348490238189697,0.010946035385131836,215.0,0.1674720197916031,100.0,2.7545721530914307,-0.004555977880954742,0.45679178833961487,0.0,0.9998140931129456
831,,,,,,,,-2.683622121810913,5.062499985797331e-05,-0.004045586101710796,0.003581878961995244,0.427401065826416,0.010970115661621094,218.0,0.16761761903762817,100.0,2.7592337131500244,-0.004881740547716618,0.4381687641143799,0.0,0.9996744990348816
832,,,,,,,,-2.675382137298584,0.00011390625149942935,-0.009743121452629566,0.019941776990890503,0.41919589042663574,0.010781049728393555,223.0,0.16796502470970154,100.0,2.7592337131500244,-0.004127454478293657,0.8694078326225281,0.0,0.9997252821922302
833,,,,,,,,-2.659313440322876,2.2500000341096893e-05,-0.011515740305185318,0.0005987859913147986,0.4080619812011719,0.010821104049682617,229.0,0.16825053095817566,100.0,2.7592337131500244,-0.0042997803539037704,0.0013768835924565792,0.0,0.999732494354248
834,,,,,,,,-2.651252508163452,7.593750342493877e-05,-0.01868276298046112,0.010371721349656582,0.4332878589630127,0.011538982391357422,215.0,0.1683979034423828,100.0,2.765920639038086,-0.00438208831474185,0.4311307370662689,0.0,0.9998345375061035
835,,,,,,,,-2.643998622894287,7.593750342493877e-05,-0.01924789883196354,0.003268524305894971,0.4765918254852295,0.015146970748901367,195.0,0.1686306744813919,100.0,2.772641658782959,-0.004469175357371569,0.4044570028781891,0.0,0.9997006058692932
836,-0.00446297787129879,0.3468096852302551,0.0,0.9997603893280029,0.0,0.0,1.0,-2.6376795768737793,2.2500000341096893e-05,-0.013123296201229095,0.0027428220491856337,0.5554840564727783,0.02147197723388672,166.0,0.16866740584373474,100.0,2.775890827178955,-0.004215793684124947,0.8221961855888367,0.0,0.999744713306427
837,,,,,,,,-2.6385722160339355,5.062499985797331e-05,-0.009212501347064972,0.00038051416049711406,0.47558093070983887,0.011699914932250977,197.0,0.1686684489250183,100.0,2.775890827178955,-0.003922574687749147,0.0011232350952923298,0.0,0.9997014999389648
838,,,,,,,,-2.639003276824951,3.3749998692655936e-05,-0.015381117351353168,0.0009287542197853327,0.5138199329376221,0.011114835739135742,182.0,0.16870281100273132,100.0,2.7777528762817383,-0.004692592658102512,0.028484513983130455,0.0,0.9998304843902588
839,,,,,,,,-2.6405787467956543,7.593750342493877e-05,-0.013992776162922382,0.00489992368966341,0.42783308029174805,0.011220932006835938,218.0,0.16859495639801025,100.0,2.7831339836120605,-0.004357318859547377,0.8454151153564453,0.0,0.9997262358665466
840,,,,,,,,-2.647092342376709,1.4999999621068127e-05,-0.035476699471473694,0.018309693783521652,0.4416031837463379,0.010910987854003906,212.0,0.16848711669445038,100.0,2.786604404449463,-0.004292708355933428,0.6897735595703125,0.0,0.9997672438621521
841,,,,,,,,-2.6476645469665527,3.3749998692655936e-05,-0.019270319491624832,0.0010461426572874188,0.42142415046691895,0.01156306266784668,221.0,0.1685418337583542,100.0,2.786604404449463,-0.004257540684193373,0.03447675704956055,0.0,0.9996927380561829
842,,,,,,,,-2.645299196243286,7.593750342493877e-05,-0.01846795529127121,0.0003517472359817475,0.4286470413208008,0.011200904846191406,218.0,0.16852322220802307,100.0,2.7906455993652344,-0.004804473370313644,0.00033038342371582985,0.0,0.9998421669006348
843,,,,,,,,-2.648005962371826,3.3749998692655936e-05,-0.022419925779104233,0.0034325369633734226,0.42268919944763184,0.010950803756713867,221.0,0.16841356456279755,100.0,2.795649290084839,-0.004262360278517008,0.7247808575630188,0.0,0.9997937679290771
844,,,,,,,,-2.6535022258758545,5.062499985797331e-05,-0.020265785977244377,0.0022621285170316696,0.43927717208862305,0.011408805847167969,213.0,0.16825705766677856,100.0,2.7978675365448,-0.004548205528408289,0.3142077326774597,0.0,0.9997744560241699
845,,,,,,,,-2.6602346897125244,1.4999999621068127e-05,-0.022206997498869896,0.002668348839506507,0.4136378765106201,0.011013031005859375,226.0,0.16818077862262726,100.0,2.7978675365448,-0.004335539415478706,0.39499330520629883,0.0,0.9996967911720276
846,,,,,,,,-2.664156198501587,0.0002562890585977584,-0.004199655260890722,0.0004508185957092792,0.422652006149292,0.010847091674804688,221.0,0.16800276935100555,100.0,2.8026607036590576,-0.00431376788765192,2.879465057503694e-07,0.0,0.9998429417610168
847,,,,,,,,-2.680201530456543,5.062499985797331e-05,-0.007355545647442341,0.0065900604240596294,0.42548203468322754,0.010868072509765625,220.0,0.1679055094718933,100.0,2.801694631576538,-0.004648860543966293,0.7634251117706299,0.0,0.9997909665107727
848,,,,,,,,-2.6890721321105957,7.593750342493877e-05,-0.02500602975487709,0.004908022470772266,0.4352231025695801,0.011304855346679688,214.0,0.1676282435655594,100.0,2.800344228744507,-0.004338650498539209,0.18854676187038422,0.0,0.9997448325157166
849,,,,,,,,-2.705227851867676,5.062499985797331e-05,-0.011957854963839054,0.0029736338183283806,0.4082510471343994,0.010866165161132812,229.0,0.16739098727703094,100.0,2.800344228744507,-0.004074281081557274,0.7007964253425598,0.0,0.9997243285179138
850,,,,,,,,-2.71488618850708,5.062499985797331e-05,-0.009928951971232891,0.00024938612477853894,0.41205501556396484,0.010758161544799805,227.0,0.16715534031391144,100.0,2.8004469871520996,-0.00411206716671586,1.5273123044057257e-10,0.0,0.9998538494110107
851,,,,,,,,-2.725184440612793,0.0002562890585977584,-0.009495006874203682,0.006038141902536154,0.4345359802246094,0.011077165603637695,215.0,0.16685889661312103,100.0,2.8007283210754395,-0.004869937431067228,0.45127418637275696,0.0,0.9998356699943542
852,,,,,,,,-2.7355315685272217,3.3749998692655936e-05,-0.036933787167072296,0.0042937095277011395,0.43593406677246094,0.011391878128051758,214.0,0.16667704284191132,100.0,2.805110216140747,-0.004488365259021521,0.4816321134567261,0.0,0.9997064471244812
853,,,,,,,,-2.7385435104370117,3.3749998692655936e-05,-0.03024793229997158,0.004542115144431591,0.41159987449645996,0.011117935180664062,227.0,0.16658315062522888,100.0,2.805110216140747,-0.003954494837671518,0.895892858505249,0.0,0.9997027516365051
854,,,,,,,,-2.7440812587738037,3.3749998692655936e-05,-0.02424929477274418,0.00048575541586615145,0.4093139171600342,0.010931968688964844,228.0,0.1664019525051117,100.0,2.805110216140747,-0.004146236926317215,0.0,0.0,0.9998008608818054
855,-0.0046199411153793335,0.44258132576942444,0.0,0.9997516870498657,0.0,0.0,1.0,-2.754589080810547,5.062499985797331e-05,-0.011646462604403496,0.006050324533134699,0.44038915634155273,0.01237797737121582,212.0,0.16608497500419617,100.0,2.8127260208129883,-0.004136126022785902,0.47080954909324646,0.0,0.999866783618927
856,,,,,,,,-2.7679555416107178,5.062499985797331e-05,-0.018808072432875633,0.003873026929795742,0.42552804946899414,0.011234045028686523,219.0,0.16598770022392273,100.0,2.81437087059021,-0.004456390161067247,0.4959479868412018,0.0,0.9997112154960632
857,,,,,,,,-2.7659950256347656,2.2500000341096893e-05,-0.015047982335090637,0.0038307923823595047,0.41982579231262207,0.010776042938232422,222.0,0.1662193089723587,100.0,2.81437087059021,-0.004156461451202631,0.8239656090736389,0.0,0.9997410774230957
858,,,,,,,,-2.7535219192504883,5.062499985797331e-05,-0.014754446223378181,0.0005180912557989359,0.4083981513977051,0.010996818542480469,228.0,0.16655829548835754,100.0,2.81437087059021,-0.004406070802360773,0.0,0.0,0.9997738003730774
859,,,,,,,,-2.7347893714904785,5.062499985797331e-05,-0.020958848297595978,0.0022754278033971786,0.4392251968383789,0.011394023895263672,213.0,0.16700370609760284,100.0,2.819657564163208,-0.00433507701382041,0.35779038071632385,0.0,0.9998600482940674
860,,,,,,,,-2.721073627471924,3.3749998692655936e-05,-0.02766122668981552,0.006126250606030226,0.4309859275817871,0.012497901916503906,216.0,0.1671244502067566,100.0,2.819650650024414,-0.004381189588457346,0.5464847087860107,0.0,0.9996930956840515
861,-0.004194718319922686,0.37735217809677124,0.0,0.9997590184211731,0.0,0.0,1.0,-2.7202577590942383,3.3749998692655936e-05,-0.016173571348190308,0.005507948808372021,0.42554807662963867,0.011929035186767578,219.0,0.16702377796173096,100.0,2.8194873332977295,-0.004517147783190012,0.8444303870201111,0.0,0.9997477531433105
862,,,,,,,,-2.7263174057006836,3.3749998692655936e-05,-0.019373688846826553,0.0006122763152234256,0.41037821769714355,0.01146078109741211,227.0,0.16680964827537537,100.0,2.8194873332977295,-0.004410203546285629,0.0016791913658380508,0.0,0.99971604347229
863,,,,,,,,-2.7327680587768555,0.00011390625149942935,-0.013654511421918869,0.0004060374922119081,0.422091007232666,0.010696887969970703,221.0,0.1665862798690796,100.0,2.824409008026123,-0.004316280130296946,0.04440295696258545,0.0,0.9998202919960022
864,,,,,,,,-2.746778726577759,5.062499985797331e-05,-0.014015758410096169,0.012561574578285217,0.42415428161621094,0.01111602783203125,220.0,0.1660667210817337,100.0,2.825075387954712,-0.0050848014652729034,1.0110350847244263,0.0,0.9996619820594788
865,,,,,,,,-2.7575738430023193,3.3749998692655936e-05,-0.017749972641468048,0.012032430619001389,0.4353647232055664,0.010801315307617188,215.0,0.16599494218826294,100.0,2.8306796550750732,-0.0043408507481217384,0.7149322628974915,0.0,0.9996859431266785
866,,,,,,,,-2.758432626724243,3.3749998692655936e-05,-0.016459500417113304,0.002343251369893551,0.4075450897216797,0.011615991592407227,229.0,0.16599225997924805,100.0,2.8306796550750732,-0.004024473484605551,0.026012539863586426,0.0,0.999620258808136
867,,,,,,,,-2.7582294940948486,2.2500000341096893e-05,-0.030104052275419235,0.00043859315337613225,0.4236299991607666,0.011302947998046875,220.0,0.16606676578521729,100.0,2.832365036010742,-0.004306367132812738,0.00043592267320491374,0.0,0.9997724890708923
868,,,,,,,,-2.755084276199341,7.593750342493877e-05,-0.014561744406819344,0.024482732638716698,0.42270588874816895,0.01111602783203125,221.0,0.16616122424602509,100.0,2.8341972827911377,-0.0042437040247023106,1.1458479166030884,0.0,0.9996967911720276
869,,,,,,,,-2.74991512298584,2.2500000341096893e-05,-0.00697453785687685,0.009081704542040825,0.43930578231811523,0.011213064193725586,213.0,0.16627533733844757,100.0,2.833169937133789,-0.004762586206197739,0.5689162611961365,0.0,0.9996817708015442
870,,,,,,,,-2.743863344192505,7.593750342493877e-05,-0.013979333452880383,0.00997671764343977,0.40994811058044434,0.010843038558959961,228.0,0.16651655733585358,100.0,2.833169937133789,-0.004908550065010786,0.23445861041545868,0.0,0.9995905756950378
871,,,,,,,,-2.7290117740631104,1.4999999621068127e-05,-0.00853720586746931,0.00027110177325084805,0.42368221282958984,0.010917901992797852,220.0,0.16687840223312378,100.0,2.836669683456421,-0.004955514799803495,7.355678803833143e-07,0.0,0.9997478127479553
872,,,,,,,,-2.7190542221069336,5.062499985797331e-05,-0.028784532099962234,0.017465554177761078,0.42337894439697266,0.010743141174316406,221.0,0.16702900826931,100.0,2.8408236503601074,-0.004539965186268091,1.1154155731201172,0.0,0.9997310638427734
873,,,,,,,,-2.7180111408233643,3.3749998692655936e-05,0.004760105162858963,0.008417176082730293,0.43772172927856445,0.011087179183959961,213.0,0.16690081357955933,100.0,2.838467597961426,-0.004625900182873011,0.5990874767303467,0.0,0.9996442794799805
874,,,,,,,,-2.7263453006744385,0.00011390625149942935,-0.013169515877962112,0.005753145553171635,0.4087250232696533,0.011013031005859375,228.0,0.16662149131298065,100.0,2.838467597961426,-0.0039391350001096725,0.6883546710014343,0.0,0.9995319247245789
875,,,,,,,,-2.738170623779297,2.2500000341096893e-05,-0.02877795137465,0.0004439443291630596,0.4112980365753174,0.010904788970947266,227.0,0.16644832491874695,100.0,2.8404653072357178,-0.004501478746533394,1.220351597552849e-10,0.0,0.999645471572876
876,,,,,,,,-2.741276264190674,7.593750342493877e-05,-0.011988949030637741,0.011029261164367199,0.43778109550476074,0.011034011840820312,213.0,0.16645924746990204,100.0,2.8450911045074463,-0.004381465259939432,0.45599398016929626,0.0,0.9997072219848633
877,,,,,,,,-2.7374467849731445,3.3749998692655936e-05,-0.027520857751369476,0.004463841672986746,0.43305325508117676,0.010765790939331055,216.0,0.1666511744260788,100.0,2.8504016399383545,-0.004597198683768511,0.5286458134651184,0.0,0.9995825886726379
878,,,,,,,,-2.7300591468811035,3.3749998692655936e-05,-0.025484036654233932,0.02207367867231369,0.41345691680908203,0.011053085327148438,226.0,0.16678117215633392,100.0,2.8504016399383545,-0.003653803141787648,0.80719393491745,0.0,0.9995829463005066
879,,,,,,,,-2.726077079772949,1.4999999621068127e-05,-0.025897251442074776,0.00033744063694030046,0.4080331325531006,0.011523008346557617,228.0,0.16686907410621643,100.0,2.8504016399383545,-0.004395959433168173,7.273930435758302e-08,0.0,0.9996320605278015
880,-0.004860132932662964,0.463375449180603,0.0,0.9996353387832642,0.0,0.0,1.0,-2.72214937210083,0.00011390625149942935,-0.013208817690610886,0.009500501677393913,0.4357750415802002,0.010782957077026367,214.0,0.1669837385416031,100.0,2.8511998653411865,-0.0046263751573860645,0.5665773153305054,0.0,0.999736487865448
881,,,,,,,,-2.7129223346710205,3.3749998692655936e-05,-0.020014751702547073,0.012875009328126907,0.4242539405822754,0.01092076301574707,220.0,0.16724395751953125,100.0,2.84854793548584,-0.004836591426283121,0.3484981954097748,0.0,0.9995561242103577
882,,,,,,,,-2.7046496868133545,5.062499985797331e-05,-0.014275974594056606,0.014884540811181068,0.41883230209350586,0.011401891708374023,223.0,0.16728609800338745,100.0,2.84854793548584,-0.00474770599976182,1.186240315437317,0.0,0.999577522277832
883,,,,,,,,-2.704913377761841,0.00017085937724914402,-0.013095339760184288,0.0008210396044887602,0.4110138416290283,0.011820077896118164,227.0,0.16718608140945435,100.0,2.84854793548584,-0.004280132707208395,1.8664314072134452e-13,0.0,0.9995560646057129
884,,,,,,,,-2.7186243534088135,2.2500000341096893e-05,-0.017990967258810997,0.0058587645180523396,0.43372297286987305,0.010747909545898438,215.0,0.16672822833061218,100.0,2.8500490188598633,-0.0046080611646175385,0.34740379452705383,0.0,0.9997137188911438
885,,,,,,,,-2.7342071533203125,5.062499985797331e-05,-0.019564153626561165,0.015067696571350098,0.422961950302124,0.010877847671508789,221.0,0.1663857251405716,100.0,2.85371994972229,-0.004026878159493208,0.37608882784843445,0.0,0.9995515942573547
886,-0.004649687558412552,0.5242584943771362,0.0,0.9996002912521362,0.0,0.0,1.0,-2.7466647624969482,1.4999999621068127e-05,-0.0308722872287035,0.035681452602148056,0.4233078956604004,0.011031150817871094,221.0,0.1662828028202057,100.0,2.8559274673461914,-0.0041551594622433186,0.8925473093986511,0.0,0.9996166825294495
887,,,,,,,,-2.746781349182129,0.00017085937724914402,-0.003577790455892682,0.0009174926672130823,0.407865047454834,0.010774850845336914,229.0,0.16652028262615204,100.0,2.8559274673461914,-0.004603762645274401,0.0038967346772551537,0.0,0.9995409846305847
888,,,,,,,,-2.7164688110351562,5.062499985797331e-05,-0.02902558632194996,0.0013997751520946622,0.42145681381225586,0.010915040969848633,222.0,0.16739332675933838,100.0,2.8517189025878906,-0.004686230327934027,0.03782130032777786,0.0,0.9997093081474304
889,,,,,,,,-2.695953845977783,7.593750342493877e-05,-0.013139137998223305,0.016199778765439987,0.4214820861816406,0.011100053787231445,221.0,0.1675676554441452,100.0,2.8483939170837402,-0.0043169348500669,0.7264285087585449,0.0,0.9996457695960999
890,,,,,,,,-2.69185209274292,3.3749998692655936e-05,-0.013376465067267418,0.022747300565242767,0.43590593338012695,0.010799884796142578,214.0,0.16766014695167542,100.0,2.8510565757751465,-0.003884590230882168,1.1135751008987427,0.0,0.9996325969696045
891,,,,,,,,-2.687721014022827,3.3749998692655936e-05,-0.01342064794152975,0.0010828162776306272,0.4079122543334961,0.010734796524047852,229.0,0.16774436831474304,100.0,2.8510565757751465,-0.00410725362598896,0.06230255588889122,0.0,0.999504566192627
892,,,,,,,,-2.684856653213501,2.2500000341096893e-05,-0.017988180741667747,0.0005754565936513245,0.4215059280395508,0.011365890502929688,221.0,0.16773344576358795,100.0,2.849562406539917,-0.004304337780922651,0.0007550849695689976,0.0,0.9996684193611145
893,,,,,,,,-2.686197519302368,5.062499985797331e-05,-0.01821320317685604,0.04694606736302376,0.4215219020843506,0.01111292839050293,221.0,0.16765490174293518,100.0,2.8507580757141113,-0.004196878056973219,0.7334880232810974,0.0,0.9995854496955872
894,,,,,,,,-2.690462827682495,3.3749998692655936e-05,-0.006869003176689148,0.03131034970283508,0.4360775947570801,0.011066198348999023,214.0,0.16761398315429688,100.0,2.856053352355957,-0.004614680074155331,0.2835845649242401,0.0,0.9996201395988464
895,,,,,,,,-2.6917619705200195,5.062499985797331e-05,-0.011740614660084248,0.013846111483871937,0.41150784492492676,0.010760068893432617,227.0,0.16759365797042847,100.0,2.856053352355957,-0.004191148094832897,0.6093437075614929,0.0,0.9995018839836121
896,,,,,,,,-2.6902034282684326,3.3749998692655936e-05,-0.014348242431879044,0.0008335037273354828,0.42467689514160156,0.011149168014526367,220.0,0.16778676211833954,100.0,2.856182336807251,-0.004447292070835829,6.601517839044391e-07,0.0,0.9996792674064636
897,,,,,,,,-2.6816024780273438,5.062499985797331e-05,-0.019911399111151695,0.014242657460272312,0.42275285720825195,0.011015892028808594,221.0,0.1680642068386078,100.0,2.8508355617523193,-0.004773808177560568,0.6339846253395081,0.0,0.9996929168701172
898,,,,,,,,-2.673593759536743,3.3749998692655936e-05,-0.02382725477218628,0.04216696694493294,0.4362061023712158,0.01116490364074707,214.0,0.16814562678337097,100.0,2.849358320236206,-0.004433879163116217,0.6375429034233093,0.0,0.9995996952056885
899,,,,,,,,-2.671830177307129,7.593750342493877e-05,-0.013278364203870296,0.01438001450151205,0.4091479778289795,0.011123180389404297,228.0,0.1682911217212677,100.0,2.849358320236206,-0.0042253765277564526,0.6217457056045532,0.0,0.9994961619377136
900,,,,,,,,-2.6683969497680664,5.062499985797331e-05,-0.012108777649700642,0.0006386644090525806,0.4129049777984619,0.010921001434326172,226.0,0.16830706596374512,100.0,2.84731388092041,-0.005163496360182762,9.692621705248428e-11,0.0,0.9996218085289001
901,,,,,,,,-2.6682262420654297,5.062499985797331e-05,-0.01448922511190176,0.024689767509698868,0.43254566192626953,0.011425018310546875,216.0,0.16837328672409058,100.0,2.844435691833496,-0.0046080537140369415,0.2969214916229248,0.0,0.9997022151947021
902,,,,,,,,-2.664578676223755,3.3749998692655936e-05,-0.01394028402864933,0.017325742170214653,0.4365842342376709,0.011195898056030273,214.0,0.1684333086013794,100.0,2.848799228668213,-0.005010368302464485,0.6166970133781433,0.0,0.9995784759521484
903,,,,,,,,-2.6631553173065186,7.593750342493877e-05,-0.00417810445651412,0.03632179647684097,0.40965986251831055,0.011090993881225586,228.0,0.16847260296344757,100.0,2.848799228668213,-0.0041882931254804134,1.1513477563858032,0.0,0.999523401260376
904,,,,,,,,-2.6637256145477295,2.2500000341096893e-05,-0.021426942199468613,0.0004598475934471935,0.4174187183380127,0.011279106140136719,223.0,0.16840112209320068,100.0,2.848799228668213,-0.004204506520181894,3.1836287158995005e-35,0.0,0.9995841383934021
905,-0.0045822435058653355,0.4269886612892151,0.0,0.9996004104614258,0.0,0.0,1.0,-2.6676197052001953,7.593750342493877e-05,-0.015915069729089737,0.02100427635014057,0.4361097812652588,0.010886192321777344,214.0,0.1683533936738968,100.0,2.8472986221313477,-0.005161489825695753,0.5790948271751404,0.0,0.9997116923332214
906,,,,,,,,-2.6728153228759766,3.3749998692655936e-05,-0.019051436334848404,0.0107891745865345,0.42609119415283203,0.010974884033203125,219.0,0.16820208728313446,100.0,2.851015567779541,-0.004972882568836212,0.5714037418365479,0.0,0.9995577931404114
907,,,,,,,,-2.6798086166381836,2.2500000341096893e-05,-0.01589781977236271,0.014434016309678555,0.4208550453186035,0.011067867279052734,222.0,0.16810321807861328,100.0,2.851015567779541,-0.004517996218055487,1.134299635887146,0.0,0.9995613098144531
908,,,,,,,,-2.6821930408477783,5.062499985797331e-05,-0.018475603312253952,0.0004634215438272804,0.4092717170715332,0.010967016220092773,228.0,0.16820208728313446,100.0,2.851015567779541,-0.004067634232342243,0.0,0.0,0.9995352625846863
909,,,,,,,,-2.6731467247009277,3.3749998692655936e-05,-0.029266882687807083,0.019821196794509888,0.43407392501831055,0.010957002639770508,215.0,0.1684783697128296,100.0,2.854745388031006,-0.004677628166973591,0.5625231862068176,0.0,0.9996969699859619
910,,,,,,,,-2.6632778644561768,0.00017085937724914402,-0.01087859831750393,0.05324874073266983,0.4232778549194336,0.01080012321472168,221.0,0.16857722401618958,100.0,2.8578975200653076,-0.004445675294846296,0.30136188864707947,0.0,0.9995595812797546
911,-0.004299510270357132,0.499525249004364,0.0,0.9995952248573303,0.0,0.0,1.0,-2.661616563796997,7.593750342493877e-05,-0.023108934983611107,0.025934649631381035,0.4240579605102539,0.011198043823242188,220.0,0.1684710681438446,100.0,2.858093738555908,-0.0044559515081346035,1.1838608980178833,0.0,0.9996088147163391
912,,,,,,,,-2.6684646606445312,0.0002562890585977584,-0.011013813316822052,0.001633965875953436,0.40770697593688965,0.011458873748779297,229.0,0.16835862398147583,100.0,2.858093738555908,-0.004572997335344553,0.003099276451393962,0.0,0.9995120167732239
913,,,,,,,,-2.6762313842773438,2.2500000341096893e-05,-0.029277438297867775,0.0012653679586946964,0.4246180057525635,0.01093912124633789,220.0,0.16830280423164368,100.0,2.8587646484375,-0.004918997175991535,0.055805087089538574,0.0,0.9996851086616516
914,,,,,,,,-2.679424524307251,3.3749998692655936e-05,-0.016623517498373985,0.057663559913635254,0.42357397079467773,0.011043071746826172,220.0,0.16825267672538757,100.0,2.860196352005005,-0.00448629492893815,0.8811478614807129,0.0,0.9995695948600769
915,,,,,,,,-2.6821272373199463,5.062499985797331e-05,-0.015024784952402115,0.022212130948901176,0.43429088592529297,0.010824203491210938,215.0,0.16824260354042053,100.0,2.862788677215576,-0.004615729209035635,1.1817026138305664,0.0,0.9996075630187988
916,,,,,,,,-2.681797981262207,2.2500000341096893e-05,-0.006572651211172342,0.0014827942941337824,0.40974903106689453,0.011265039443969727,228.0,0.1682712435722351,100.0,2.862788677215576,-0.004665822256356478,0.04548658803105354,0.0,0.9994918704032898
917,,,,,,,,-2.681165933609009,0.00011390625149942935,-0.008127359673380852,0.0006324657006189227,0.44136500358581543,0.022886037826538086,206.0,0.1682066172361374,100.0,2.867176055908203,-0.004323345143347979,0.0007974184118211269,0.0,0.9996646046638489
918,,,,,,,,-2.683964967727661,3.3749998692655936e-05,-0.013405314646661282,0.009757794439792633,0.4423649311065674,0.011039972305297852,211.0,0.16808860003948212,100.0,2.8632962703704834,-0.00487545458599925,1.118916392326355,0.0,0.99958735704422
919,,,,,,,,-2.6888279914855957,7.593750342493877e-05,0.00020757465972565114,0.0065117087215185165,0.47065186500549316,0.015935182571411133,197.0,0.16794899106025696,100.0,2.8688690662384033,-0.0043372963555157185,0.6222448945045471,0.0,0.9995577931404114
920,,,,,,,,-2.6926558017730713,1.4999999621068127e-05,-0.022405339404940605,0.006355541758239269,0.4812028408050537,0.010973930358886719,195.0,0.1680031418800354,100.0,2.8688690662384033,-0.004432510118931532,0.5352696776390076,0.0,0.9994421005249023
921,,,,,,,,-2.6916306018829346,5.062499985797331e-05,-0.014508159831166267,0.0004441422061063349,0.43794822692871094,0.010857820510864258,213.0,0.16795124113559723,100.0,2.87050199508667,-0.004556898958981037,4.2302713154640514e-07,0.0,0.9996013641357422
922,,,,,,,,-2.698068618774414,5.062499985797331e-05,-0.011050708591938019,0.011960950680077076,0.4364748001098633,0.012696027755737305,213.0,0.1678331196308136,100.0,2.8722574710845947,-0.004097311291843653,1.0449647903442383,0.0,0.9996131062507629
923,,,,,,,,-2.7039928436279297,3.3749998692655936e-05,-0.02213124744594097,0.012396741658449173,0.4428737163543701,0.011416196823120117,211.0,0.16774342954158783,100.0,2.878505229949951,-0.004723937716335058,0.577138364315033,0.0,0.9995470643043518
924,,,,,,,,-2.7079806327819824,5.062499985797331e-05,-0.013896048069000244,0.007420830894261599,0.4750630855560303,0.011321783065795898,197.0,0.16769841313362122,100.0,2.878505229949951,-0.004132183734327555,0.6727628707885742,0.0,0.9994423985481262
925,,,,,,,,-2.70823073387146,3.3749998692655936e-05,-0.012635832652449608,0.0008954841177910566,0.41840100288391113,0.013210773468017578,222.0,0.1676683872938156,100.0,2.879845142364502,-0.004599308129400015,9.406805889788927e-11,0.0,0.999546468257904
926,,,,,,,,-2.7078897953033447,3.3749998692655936e-05,-0.021821077913045883,0.05993799865245819,0.44517016410827637,0.011073827743530273,210.0,0.1676756739616394,100.0,2.883892297744751,-0.0038479145150631666,0.27490824460983276,0.0,0.9996607303619385
927,,,,,,,,-2.7022154331207275,0.00011390625149942935,-0.00921056792140007,0.020970189943909645,0.5216388702392578,0.010912895202636719,180.0,0.16798527538776398,100.0,2.8919577598571777,-0.004848153796046972,0.25427788496017456,0.0,0.9995493292808533
928,,,,,,,,-2.6911845207214355,2.2500000341096893e-05,-0.03181114047765732,0.0061176251620054245,0.4095730781555176,0.011021137237548828,228.0,0.16811957955360413,100.0,2.8919577598571777,-0.0041314177215099335,1.002156376838684,0.0,0.999474048614502
929,,,,,,,,-2.6884868144989014,3.3749998692655936e-05,-0.004430241882801056,0.0007426703814417124,0.4081580638885498,0.010995864868164062,229.0,0.16815483570098877,100.0,2.8919577598571777,-0.004080364014953375,1.1394249328166213e-23,0.0,0.9995271563529968
930,-0.0040222043171525,0.24310877919197083,0.0,0.9995648264884949,0.0,0.0,1.0,-2.6895062923431396,7.593750342493877e-05,-0.011520260944962502,0.010810079984366894,0.43540096282958984,0.010979175567626953,215.0,0.16812527179718018,100.0,2.88763427734375,-0.004874585196375847,0.5573557019233704,0.0,0.999684751033783
931,,,,,,,,-2.696895122528076,5.062499985797331e-05,-0.011614223942160606,0.010455372743308544,0.4253041744232178,0.010722875595092773,220.0,0.1678898185491562,100.0,2.8908936977386475,-0.005022722762078047,0.5941672921180725,0.0,0.9995384216308594
932,,,,,,,,-2.707292079925537,2.2500000341096893e-05,-0.02380886860191822,0.017323989421129227,0.41832709312438965,0.01087188720703125,223.0,0.16779068112373352,100.0,2.8908936977386475,-0.004279482644051313,0.9540679454803467,0.0,0.999578058719635
933,,,,,,,,-2.70881724357605,5.062499985797331e-05,-0.010748153552412987,0.0003135217702947557,0.4069669246673584,0.011055946350097656,229.0,0.16785171627998352,100.0,2.8908936977386475,-0.004097482189536095,4.440761040314101e-05,0.0,0.9995308518409729
934,,,,,,,,-2.702291965484619,5.062499985797331e-05,-0.017274079844355583,0.016176365315914154,0.43291807174682617,0.010844945907592773,216.0,0.16800087690353394,100.0,2.8994140625,-0.0053128465078771114,0.5781235098838806,0.0,0.9996718764305115
935,,,,,,,,-2.698965549468994,5.062499985797331e-05,-0.01979619450867176,0.007709134370088577,0.42238497734069824,0.010862112045288086,221.0,0.16787798702716827,100.0,2.898192882537842,-0.004356549587100744,0.7130129337310791,0.0,0.999498188495636
936,-0.004893351811915636,0.5439844727516174,0.0,0.9995939135551453,0.0,0.0,1.0,-2.7064881324768066,0.00017085937724914402,-0.011012904345989227,0.01787167228758335,0.4233429431915283,0.01108098030090332,220.0,0.16754058003425598,100.0,2.9000444412231445,-0.004828637465834618,1.2640937566757202,0.0,0.999531090259552
937,,,,,,,,-2.720123291015625,5.062499985797331e-05,0.017301542684435844,0.00169477891176939,0.40947818756103516,0.011069774627685547,228.0,0.16738569736480713,100.0,2.9000444412231445,-0.004008020740002394,0.0,0.0,0.9993929862976074
938,,,,,,,,-2.72204327583313,1.4999999621068127e-05,-0.008431639522314072,0.0016418005106970668,0.42267394065856934,0.010612964630126953,221.0,0.1673770248889923,100.0,2.9076247215270996,-0.004789363127201796,0.05312029644846916,0.0,0.9995735287666321
939,,,,,,,,-2.722365617752075,5.062499985797331e-05,-0.01905028522014618,0.06781650334596634,0.42248106002807617,0.010927915573120117,221.0,0.1673724353313446,100.0,2.9093971252441406,-0.004575646482408047,0.8887844085693359,0.0,0.9994943141937256
940,,,,,,,,-2.7278223037719727,0.00011390625149942935,-0.00735693471506238,0.01975625567138195,0.43488168716430664,0.010859966278076172,215.0,0.16701598465442657,100.0,2.9151806831359863,-0.004781562834978104,1.2645295858383179,0.0,0.999553382396698
941,,,,,,,,-2.7392961978912354,5.062499985797331e-05,-0.025112902745604515,0.002707802690565586,0.40662384033203125,0.010913848876953125,229.0,0.16706328094005585,100.0,2.9151806831359863,-0.004314880818128586,0.06594718247652054,0.0,0.9993698000907898
942,,,,,,,,-2.7338850498199463,2.2500000341096893e-05,-0.015353200025856495,0.0010365628404542804,0.4212470054626465,0.011610984802246094,221.0,0.16719818115234375,100.0,2.919490337371826,-0.003904866287484765,0.0006842273869551718,0.0,0.9995536208152771
943,,,,,,,,-2.731501579284668,2.2500000341096893e-05,-0.013510609045624733,0.019225331023335457,0.4223780632019043,0.010977983474731445,221.0,0.1671844869852066,100.0,2.917210340499878,-0.004419069271534681,1.2442044019699097,0.0,0.9995384812355042
944,,,,,,,,-2.7331557273864746,7.593750342493877e-05,-0.02098538726568222,0.041920989751815796,0.4360678195953369,0.010808944702148438,214.0,0.16717202961444855,100.0,2.926915407180786,-0.004456494003534317,0.3388788402080536,0.0,0.9995357990264893
945,,,,,,,,-2.731827735900879,3.3749998692655936e-05,-0.0212869755923748,0.00871531292796135,0.4071469306945801,0.010752201080322266,229.0,0.16727964580059052,100.0,2.926915407180786,-0.004342404659837484,0.6079171895980835,0.0,0.9993856549263
946,,,,,,,,-2.724907398223877,0.00011390625149942935,-0.01446235366165638,0.000431840744568035,0.4225609302520752,0.010836124420166016,221.0,0.16763202846050262,100.0,2.929471015930176,-0.0049191187135875225,5.298272753861966e-07,0.0,0.9995246529579163
947,,,,,,,,-2.706320285797119,2.2500000341096893e-05,-0.03142841160297394,0.0716131329536438,0.4205639362335205,0.011340141296386719,222.0,0.16792532801628113,100.0,2.9340157508850098,-0.0048182038590312,0.7876994609832764,0.0,0.9996033310890198
948,,,,,,,,-2.7019295692443848,7.593750342493877e-05,-0.014138522557914257,0.017344079911708832,0.43494391441345215,0.01103830337524414,215.0,0.16781994700431824,100.0,2.9382882118225098,-0.005668735597282648,0.7457470893859863,0.0,0.9995368123054504
949,,,,,,,,-2.710198163986206,2.2500000341096893e-05,-0.02959606982767582,0.013905830681324005,0.4074440002441406,0.011458873748779297,229.0,0.16754797101020813,100.0,2.9382882118225098,-0.004203074146062136,0.7780394554138184,0.0,0.9994440674781799
950,,,,,,,,-2.719156265258789,3.3749998692655936e-05,-0.02139047347009182,0.0006650438881479204,0.41156005859375,0.010766983032226562,227.0,0.16729742288589478,100.0,2.9347853660583496,-0.004502552095800638,9.053641863987494e-11,0.0,0.9995315074920654
951,,,,,,,,-2.72979736328125,2.2500000341096893e-05,-0.015665218234062195,0.021286793053150177,0.43251490592956543,0.010761022567749023,216.0,0.16709963977336884,100.0,2.941253900527954,-0.004905860871076584,0.7266342639923096,0.0,0.9995756149291992
952,,,,,,,,-2.7387609481811523,3.3749998692655936e-05,-0.012945838272571564,0.009337508119642735,0.43349504470825195,0.010667800903320312,216.0,0.16685740649700165,100.0,2.955073356628418,-0.005219032522290945,0.6566594839096069,0.0,0.9994581341743469
953,,,,,,,,-2.7508974075317383,5.062499985797331e-05,-0.014229509979486465,0.01780945435166359,0.4098539352416992,0.010879993438720703,228.0,0.16648049652576447,100.0,2.955073356628418,-0.004659451078623533,1.3156908750534058,0.0,0.9994258880615234
954,,,,,,,,-2.7639524936676025,2.2500000341096893e-05,-0.010596956126391888,0.0003428902418818325,0.40871405601501465,0.010864019393920898,228.0,0.16628898680210114,100.0,2.955073356628418,-0.004144946578890085,0.0,0.0,0.99945068359375
955,-0.004632322117686272,0.6477731466293335,0.0,0.999481201171875,0.0,0.0,1.0,-2.7673192024230957,5.062499985797331e-05,-0.012869598343968391,0.03234400600194931,0.4341740608215332,0.010807991027832031,215.0,0.1663225293159485,100.0,2.964949607849121,-0.004601543303579092,0.3221961557865143,0.0,0.9996213912963867
956,,,,,,,,-2.7656073570251465,2.2500000341096893e-05,-0.01952940598130226,0.016046706587076187,0.4294767379760742,0.010683298110961914,218.0,0.16629618406295776,100.0,2.9751055240631104,-0.004746678285300732,0.6819359660148621,0.0,0.9994471669197083
957,,,,,,,,-2.7644429206848145,5.062499985797331e-05,-0.007750626187771559,0.05856918543577194,0.41573309898376465,0.010839700698852539,225.0,0.16637277603149414,100.0,2.9751055240631104,-0.003944526892155409,1.0523492097854614,0.0,0.9994745254516602
958,,,,,,,,-2.760502815246582,3.3749998692655936e-05,-0.024032846093177795,0.0006419222336262465,0.4094259738922119,0.011003971099853516,228.0,0.16637341678142548,100.0,2.9751055240631104,-0.003859778633341193,0.0001638248359085992,0.0,0.9994118809700012
959,,,,,,,,-2.763310432434082,5.062499985797331e-05,-0.006370836403220892,0.02061261236667633,0.434783935546875,0.011136054992675781,215.0,0.1661679893732071,100.0,2.9766738414764404,-0.004393310286104679,0.26326796412467957,0.0,0.9995724558830261
960,,,,,,,,-2.7768754959106445,3.3749998692655936e-05,-0.020803648978471756,0.03781461343169212,0.4344649314880371,0.011217355728149414,215.0,0.16573211550712585,100.0,2.982120990753174,-0.0044226269237697124,0.7393240332603455,0.0,0.9994567036628723
961,-0.003983980044722557,0.2996377646923065,0.0,0.9995090961456299,0.0,0.0,1.0,-2.7897448539733887,2.2500000341096893e-05,-0.01833963952958584,0.05343525484204292,0.43407583236694336,0.010989189147949219,215.0,0.16560998558998108,100.0,2.979466676712036,-0.004489963408559561,1.415482997894287,0.0,0.9994733929634094
962,,,,,,,,-2.7953007221221924,7.593750342493877e-05,-0.009304039180278778,0.002122434787452221,0.4082369804382324,0.0108489990234375,229.0,0.16542784869670868,100.0,2.979466676712036,-0.004429685417562723,3.3201951914907766e-29,0.0,0.9993560314178467
963,,,,,,,,-2.8119592666625977,5.062499985797331e-05,-0.010220346041023731,0.0017781087663024664,0.4227180480957031,0.010758161544799805,221.0,0.1650039404630661,100.0,2.98014497756958,-0.005384339485317469,0.06684019416570663,0.0,0.9995344281196594
964,,,,,,,,-2.8258979320526123,2.2500000341096893e-05,-0.02283560298383236,0.032709866762161255,0.4252901077270508,0.01071310043334961,220.0,0.16484692692756653,100.0,2.9841928482055664,-0.0048333038575947285,0.8956939578056335,0.0,0.9994632601737976
965,,,,,,,,-2.8287172317504883,3.3749998692655936e-05,-0.020881984382867813,0.11467787623405457,0.4355301856994629,0.010985851287841797,214.0,0.16484619677066803,100.0,2.99147891998291,-0.004509839694947004,0.9404857754707336,0.0,0.9995124936103821
966,,,,,,,,-2.828143835067749,2.2500000341096893e-05,-0.013416847214102745,0.0018032742664217949,0.4119071960449219,0.01080012321472168,227.0,0.16487351059913635,100.0,2.99147891998291,-0.004120753612369299,0.0002580776053946465,0.0,0.9993708729743958
967,,,,,,,,-2.82388973236084,5.062499985797331e-05,-0.021609853953123093,0.0004916072939522564,0.4245109558105469,0.010881185531616211,220.0,0.1650601327419281,100.0,2.9892423152923584,-0.004244682844728231,0.0016565591795369983,0.0,0.9995160102844238
968,,,,,,,,-2.8153953552246094,2.2500000341096893e-05,-0.017064977437257767,0.04287322983145714,0.42506909370422363,0.01096200942993164,220.0,0.16514937579631805,100.0,2.992560386657715,-0.004634290933609009,1.3801063299179077,0.0,0.9994692802429199
969,,,,,,,,-2.8156092166900635,0.00011390625149942935,-0.010068762116134167,0.05148881673812866,0.4345231056213379,0.01099395751953125,215.0,0.16506077349185944,100.0,2.994377851486206,-0.0045922440476715565,0.8897440433502197,0.0,0.999443531036377
970,,,,,,,,-2.8206534385681152,3.3749998692655936e-05,-0.02079365961253643,0.0076453667134046555,0.41304445266723633,0.011001825332641602,226.0,0.16503508388996124,100.0,2.994377851486206,-0.004282819107174873,0.6435282230377197,0.0,0.9992976188659668
971,,,,,,,,-2.8211207389831543,3.3749998692655936e-05,-0.01908726990222931,0.0010598477674648166,0.42411017417907715,0.011796951293945312,220.0,0.1650606244802475,100.0,2.998281955718994,-0.0040715765208005905,9.702384886622895e-07,0.0,0.9994376301765442
972,,,,,,,,-2.8219099044799805,3.3749998692655936e-05,-0.011518987827003002,0.03865646570920944,0.5935859680175781,0.0175321102142334,157.0,0.16505831480026245,100.0,3.0006282329559326,-0.0044195326045155525,1.091264247894287,0.0,0.9994948506355286
973,,,,,,,,-2.821526050567627,0.00017085937724914402,-0.0069008320569992065,0.01115245372056961,0.5322141647338867,0.012518882751464844,176.0,0.16518524289131165,100.0,3.0158300399780273,-0.004671532195061445,0.7671800255775452,0.0,0.999428927898407
974,,,,,,,,-2.815423011779785,3.3749998692655936e-05,-0.020720548927783966,0.0010876025771722198,0.4087502956390381,0.011041879653930664,228.0,0.16520851850509644,100.0,3.0158300399780273,-0.004429323133081198,0.8358156085014343,0.0,0.9993224143981934
975,,,,,,,,-2.815530300140381,2.2500000341096893e-05,-0.020853769034147263,0.0007401441689580679,0.4125699996948242,0.011074066162109375,226.0,0.16522260010242462,100.0,3.0193374156951904,-0.003797184443101287,1.7796068785269625e-10,0.0,0.9994185566902161
976,,,,,,,,-2.8149712085723877,7.593750342493877e-05,-0.013931646011769772,0.013767413794994354,0.4334890842437744,0.010911941528320312,216.0,0.1652802675962448,100.0,3.0158631801605225,-0.004194363486021757,0.8764021992683411,0.0,0.9995377659797668
977,,,,,,,,-2.813650608062744,0.00017085937724914402,-0.01802479475736618,0.01736813224852085,0.4338052272796631,0.010802984237670898,215.0,0.16519001126289368,100.0,3.030139446258545,-0.00454507814720273,0.3974267542362213,0.0,0.9994106292724609
978,,,,,,,,-2.8179218769073486,2.2500000341096893e-05,-0.02161012589931488,0.016972703859210014,0.4121668338775635,0.011052131652832031,226.0,0.165119007229805,100.0,3.030139446258545,-0.004065754357725382,1.2764543294906616,0.0,0.9993453621864319
979,,,,,,,,-2.8218295574188232,3.3749998692655936e-05,-0.01670776680111885,0.000994773581624031,0.40921807289123535,0.010866880416870117,228.0,0.16502515971660614,100.0,3.030139446258545,-0.004047244321554899,0.00034542320645414293,0.0,0.9993851780891418
980,-0.003974071703851223,0.5904242992401123,0.0,0.9994181394577026,0.0,0.0,1.0,-2.82905650138855,5.062499985797331e-05,-0.021613383665680885,0.023118233308196068,0.43547630310058594,0.010945796966552734,215.0,0.16482456028461456,100.0,3.0308313369750977,-0.004261894151568413,0.7351625561714172,0.0,0.9995651841163635
981,,,,,,,,-2.84389328956604,7.593750342493877e-05,-0.018224423751235008,0.018231503665447235,0.42234086990356445,0.01052403450012207,221.0,0.16439710557460785,100.0,3.032968759536743,-0.004033207427710295,0.45713117718696594,0.0,0.9994146227836609
982,,,,,,,,-2.8579821586608887,3.3749998692655936e-05,-0.0075447759591042995,0.03273148834705353,0.41787075996398926,0.010856151580810547,223.0,0.1641780287027359,100.0,3.032968759536743,-0.0041335043497383595,0.9255597591400146,0.0,0.9994185566902161
983,,,,,,,,-2.8637306690216064,3.3749998692655936e-05,-0.02148914523422718,0.0007897467585280538,0.40667295455932617,0.010903120040893555,229.0,0.16416093707084656,100.0,3.032968759536743,-0.003979246597737074,0.0036476952955126762,0.0,0.9993376135826111
984,,,,,,,,-2.863882303237915,3.3749998692655936e-05,-0.01853199303150177,0.007334907539188862,0.43291497230529785,0.011023998260498047,216.0,0.16413971781730652,100.0,3.0373427867889404,-0.004435913171619177,0.5123961567878723,0.0,0.9995314478874207
985,,,,,,,,-2.8641295433044434,1.4999999621068127e-05,-0.03652799874544144,0.005009027197957039,0.420712947845459,0.010747909545898438,222.0,0.16415700316429138,100.0,3.039797782897949,-0.00442356476560235,0.6192471385002136,0.0,0.9993951320648193
986,-0.004083801992237568,0.5188390612602234,0.0,0.999423086643219,0.0,0.0,1.0,-2.861935615539551,7.593750342493877e-05,-0.014279504306614399,0.04538311809301376,0.4197242259979248,0.01075291633605957,223.0,0.16427937150001526,100.0,3.039302349090576,-0.004660429898649454,1.1031185388565063,0.0,0.9994350075721741
987,,,,,,,,-2.8500704765319824,5.062499985797331e-05,-0.01890646666288376,0.0011108260368928313,0.4132969379425049,0.011615991592407227,225.0,0.16460822522640228,100.0,3.039302349090576,-0.0037976547610014677,0.00169058283790946,0.0,0.9992968440055847
988,,,,,,,,-2.8382909297943115,3.3749998692655936e-05,-0.021114736795425415,0.001465681823901832,0.4211080074310303,0.010906219482421875,222.0,0.16482985019683838,100.0,3.043454885482788,-0.004468478728085756,0.08110982179641724,0.0,0.999474823474884
989,,,,,,,,-2.8273086547851562,7.593750342493877e-05,-0.017365938052535057,0.02981817163527012,0.42650699615478516,0.01090383529663086,219.0,0.16509458422660828,100.0,3.044321298599243,-0.004605119116604328,1.2021757364273071,0.0,0.9993880391120911
990,,,,,,,,-2.8183956146240234,7.593750342493877e-05,-0.026544703170657158,0.030964193865656853,0.43923401832580566,0.010946035385131836,213.0,0.1649709939956665,100.0,3.041886568069458,-0.004292905330657959,1.2795453071594238,0.0,0.9994649887084961
991,,,,,,,,-2.8237907886505127,3.3749998692655936e-05,-0.01395372487604618,0.0023216966073960066,0.4109671115875244,0.010734796524047852,227.0,0.16480836272239685,100.0,3.041886568069458,-0.004058306571096182,0.0,0.0,0.9992427229881287
992,,,,,,,,-2.826874017715454,3.3749998692655936e-05,-0.01734139956533909,0.0014362911460921168,0.4217407703399658,0.010842084884643555,221.0,0.1647491157054901,100.0,3.0466394424438477,-0.004182531964033842,0.0010666183661669493,0.0,0.9994062781333923
993,,,,,,,,-2.830396890640259,3.3749998692655936e-05,-0.018948446959257126,0.01670648716390133,0.42401885986328125,0.011620283126831055,220.0,0.164621964097023,100.0,3.052638053894043,-0.004611914977431297,1.3205820322036743,0.0,0.9993975162506104
994,,,,,,,,-2.832228422164917,7.593750342493877e-05,-0.009175402112305164,0.025588704273104668,0.4381601810455322,0.010938882827758789,213.0,0.16474133729934692,100.0,3.059990882873535,-0.004700100049376488,0.793623685836792,0.0,0.9994702339172363
995,,,,,,,,-2.8239498138427734,5.062499985797331e-05,-0.02100108563899994,0.007711885962635279,0.4115259647369385,0.010775089263916016,227.0,0.1648726463317871,100.0,3.059990882873535,-0.00393805792555213,0.565994918346405,0.0,0.999267041683197
996,,,,,,,,-2.819760322570801,3.3749998692655936e-05,-0.02761881984770298,0.0005187282804399729,0.422321081161499,0.01059269905090332,221.0,0.1649571806192398,100.0,3.070070505142212,-0.004254432860761881,1.0826455536516733e-06,0.0,0.9993994832038879
997,,,,,,,,-2.817943811416626,5.062499985797331e-05,-0.020552078261971474,0.016966482624411583,0.42940378189086914,0.010837078094482422,218.0,0.16503310203552246,100.0,3.0709099769592285,-0.004274480044841766,1.2794843912124634,0.0,0.9994354248046875
998,,,,,,,,-2.8131730556488037,2.2500000341096893e-05,-0.020422575995326042,0.013620547018945217,0.4410409927368164,0.011011838912963867,212.0,0.16521279513835907,100.0,3.0741822719573975,-0.004673178307712078,0.7434704303741455,0.0,0.9994212985038757
999,,,,,,,,-2.808208465576172,3.3749998692655936e-05,-0.013720371760427952,0.009126001037657261,0.415020227432251,0.010827779769897461,225.0,0.1653154492378235,100.0,3.0741822719573975,-0.004092203453183174,0.6839231848716736,0.0,0.9993000030517578
1000,,,,,,,,-2.8100426197052,0.00011390625149942935,-0.0072884513065218925,0.0008292194688692689,0.40972089767456055,0.010864019393920898,228.0,0.16521532833576202,100.0,3.075787305831909,-0.004426984582096338,1.5551694654281079e-10,0.0,0.9993672370910645
1001,,,,,,,,-2.821014165878296,3.3749998692655936e-05,-0.02507358230650425,0.007049218285828829,0.43547964096069336,0.010696172714233398,215.0,0.16507157683372498,100.0,3.0866408348083496,-0.004167305305600166,0.6908960342407227,0.0,0.999487578868866
1002,,,,,,,,-2.8240833282470703,2.2500000341096893e-05,-0.019637538120150566,0.010920329950749874,0.4382150173187256,0.010867834091186523,213.0,0.16505210101604462,100.0,3.0949032306671143,-0.004610542673617601,0.6890438199043274,0.0,0.9994239807128906
1003,,,,,,,,-2.8265583515167236,0.00017085937724914402,0.002997489646077156,0.012001918628811836,0.4108290672302246,0.010868072509765625,227.0,0.16499987244606018,100.0,3.0949032306671143,-0.004501577466726303,1.0576528310775757,0.0,0.9993975758552551
1004,,,,,,,,-2.837204933166504,2.2500000341096893e-05,-0.017229262739419937,0.002209698548540473,0.412139892578125,0.010798931121826172,226.0,0.16479375958442688,100.0,3.0949032306671143,-0.004291772376745939,0.0006132142152637243,0.0,0.9993475079536438
1005,-0.004272903315722942,0.6451085805892944,0.0,0.9994193315505981,0.0,0.0,1.0,-2.8455748558044434,5.062499985797331e-05,-0.016972124576568604,0.002782199764624238,0.43733692169189453,0.010899066925048828,214.0,0.16470091044902802,100.0,3.107515335083008,-0.004726691171526909,0.4515352249145508,0.0,0.9995071887969971
1006,,,,,,,,-2.8577849864959717,7.593750342493877e-05,-0.01632116362452507,0.010159376077353954,0.42807698249816895,0.01108694076538086,218.0,0.1643954962491989,100.0,3.1053662300109863,-0.004759584553539753,0.6620392203330994,0.0,0.9994060397148132
1007,,,,,,,,-2.878136396408081,0.0002562890585977584,-0.00596938980743289,0.016980744898319244,0.4318680763244629,0.010909795761108398,216.0,0.1640191376209259,100.0,3.1053662300109863,-0.004691429901868105,1.3547247648239136,0.0,0.9994246363639832
1008,,,,,,,,-2.894343852996826,3.3749998692655936e-05,-0.019335312768816948,0.0022955338936299086,0.41002488136291504,0.010933876037597656,228.0,0.1640074998140335,100.0,3.1053662300109863,-0.004011746495962143,5.341497712455556e-18,0.0,0.9993347525596619
1009,,,,,,,,-2.8897604942321777,5.062499985797331e-05,-0.020168770104646683,0.006425148341804743,0.43367719650268555,0.010940790176391602,215.0,0.16422244906425476,100.0,3.1096630096435547,-0.004740313161164522,0.6331819891929626,0.0,0.9994991421699524
1010,,,,,,,,-2.8800041675567627,1.4999999621068127e-05,-0.0279073528945446,0.009711033664643764,0.4323000907897949,0.011075019836425781,216.0,0.1643255650997162,100.0,3.1113839149475098,-0.0038200176786631346,0.74953293800354,0.0,0.9993823170661926
1011,-0.004946550820022821,0.6535018682479858,0.0,0.9993938207626343,0.0,0.0,1.0,-2.8770434856414795,5.062499985797331e-05,-0.01249036006629467,0.012367993593215942,0.4213440418243408,0.010987043380737305,222.0,0.16440856456756592,100.0,3.113102674484253,-0.004168401006609201,1.0924413204193115,0.0,0.9994907975196838
1012,,,,,,,,-2.8749303817749023,2.2500000341096893e-05,-0.008973471820354462,0.0033843033015727997,0.41341710090637207,0.01098179817199707,226.0,0.16448020935058594,100.0,3.113102674484253,-0.003858485259115696,0.013008669018745422,0.0,0.9993467330932617
1013,,,,,,,,-2.870732069015503,0.00017085937724914402,-0.0122360959649086,0.0037768222391605377,0.4234609603881836,0.01110219955444336,220.0,0.16464988887310028,100.0,3.1175730228424072,-0.004571131896227598,0.07149960100650787,0.0,0.9995190501213074
1014,,,,,,,,-2.8534629344940186,7.593750342493877e-05,-0.003136205021291971,0.010623031295835972,0.4206829071044922,0.012908697128295898,221.0,0.16513347625732422,100.0,3.115501642227173,-0.00457235099747777,1.0529283285140991,0.0,0.9994649291038513
1015,,,,,,,,-2.83988618850708,1.4999999621068127e-05,-0.01275821402668953,0.01914116181433201,0.43786072731018066,0.011325359344482422,213.0,0.16528359055519104,100.0,3.117018461227417,-0.0044509051367640495,1.3818501234054565,0.0,0.9995243549346924
1016,,,,,,,,-2.838182210922241,7.593750342493877e-05,-0.011332260444760323,0.0029487856663763523,0.40998029708862305,0.011066913604736328,228.0,0.16521233320236206,100.0,3.117018461227417,-0.004226290620863438,0.034473832696676254,0.0,0.9993438124656677
1017,,,,,,,,-2.8405513763427734,3.3749998692655936e-05,-0.011447216384112835,0.001963798189535737,0.4205498695373535,0.010827064514160156,222.0,0.1651567667722702,100.0,3.1172053813934326,-0.003960515838116407,0.0013199379900470376,0.0,0.9995031356811523
1018,,,,,,,,-2.8377885818481445,7.593750342493877e-05,-0.00872301496565342,0.009530160576105118,0.4232602119445801,0.011752843856811523,220.0,0.1652563214302063,100.0,3.122065305709839,-0.005059624556452036,1.3934279680252075,0.0,0.9994613528251648
1019,,,,,,,,-2.835864305496216,2.2500000341096893e-05,-0.016957459971308708,0.01467581745237112,0.43663477897644043,0.010828018188476562,214.0,0.16520023345947266,100.0,3.1264331340789795,-0.004138369113206863,0.7789776921272278,0.0,0.9994783997535706
1020,,,,,,,,-2.8382561206817627,3.3749998692655936e-05,-0.028086375445127487,0.018200116232037544,0.4110989570617676,0.010810136795043945,227.0,0.16516463458538055,100.0,3.1264331340789795,-0.004160596989095211,0.26382720470428467,0.0,0.99932461977005
1021,,,,,,,,-2.837222099304199,7.593750342493877e-05,-0.010371563024818897,0.001984658185392618,0.42900991439819336,0.011035919189453125,218.0,0.16514065861701965,100.0,3.1274514198303223,-0.005000936333090067,2.6233559765387326e-05,0.0,0.9994320869445801
1022,,,,,,,,-2.8342020511627197,3.3749998692655936e-05,-0.03256657347083092,0.02242920733988285,0.424130916595459,0.010789871215820312,220.0,0.16513203084468842,100.0,3.135204792022705,-0.004447445273399353,1.3856004476547241,0.0,0.9994664192199707
1023,,,,,,,,-2.8325371742248535,5.062499985797331e-05,-0.01571108028292656,0.009519405663013458,0.4353601932525635,0.01100611686706543,215.0,0.1651436984539032,100.0,3.1316797733306885,-0.004721581935882568,0.7917454242706299,0.0,0.999443769454956
1024,,,,,,,,-2.828557252883911,3.3749998692655936e-05,-0.022147972136735916,0.007099187467247248,0.4099898338317871,0.01077127456665039,228.0,0.16526933014392853,100.0,3.1316797733306885,-0.004138976335525513,0.7393755912780762,0.0,0.9993133544921875
1025,,,,,,,,-2.825521945953369,3.3749998692655936e-05,-0.012050136923789978,0.0015504889888688922,0.41246986389160156,0.010816097259521484,226.0,0.16529859602451324,100.0,3.1345276832580566,-0.0041792807169258595,1.840159274957287e-10,0.0,0.999377429485321
1026,,,,,,,,-2.8273868560791016,7.593750342493877e-05,-0.016452394425868988,0.011169574223458767,0.4311647415161133,0.010939359664916992,217.0,0.16526728868484497,100.0,3.139103889465332,-0.0044579473324120045,0.8054589629173279,0.0,0.9994843006134033
1027,,,,,,,,-2.8328940868377686,5.062499985797331e-05,-0.01487637311220169,0.008811302483081818,0.43409299850463867,0.011285066604614258,215.0,0.16513307392597198,100.0,3.143946647644043,-0.004756030160933733,0.4606492221355438,0.0,0.9994122385978699
1028,,,,,,,,-2.8433895111083984,5.062499985797331e-05,-0.023223454132676125,0.01077267061918974,0.4163551330566406,0.010952949523925781,224.0,0.16475673019886017,100.0,3.143946647644043,-0.004246577620506287,1.3558111190795898,0.0,0.9993383884429932
1029,,,,,,,,-2.86362624168396,5.062499985797331e-05,-0.014786598272621632,0.0028427604120224714,0.4065079689025879,0.010631322860717773,230.0,0.16431725025177002,100.0,3.143946647644043,-0.0038870510179549456,1.0873134857758426e-11,0.0,0.9993104934692383
1030,-0.004177425988018513,0.5888139605522156,0.0,0.9994033575057983,0.0,0.0,1.0,-2.881267786026001,2.2500000341096893e-05,-0.018577182665467262,0.011264218017458916,0.43616771697998047,0.011748313903808594,214.0,0.16397908329963684,100.0,3.1458473205566406,-0.0045571583323180676,0.4888763427734375,0.0,0.9995024800300598
1031,,,,,,,,-2.8929200172424316,7.593750342493877e-05,-0.020717745646834373,0.01279204711318016,0.42554497718811035,0.010837078094482422,219.0,0.1635735183954239,100.0,3.1502156257629395,-0.004648286383599043,0.7559854388237,0.0,0.9993572235107422
1032,,,,,,,,-2.9097647666931152,3.3749998692655936e-05,-0.02364424616098404,0.024030940607190132,0.4201357364654541,0.010751008987426758,222.0,0.1631380319595337,100.0,3.1502156257629395,-0.0034346359316259623,1.4999181032180786,0.0,0.9993679523468018
1033,,,,,,,,-2.9195363521575928,3.3749998692655936e-05,-0.020904861390590668,0.0011600116267800331,0.40920591354370117,0.010854959487915039,228.0,0.16300395131111145,100.0,3.1502156257629395,-0.0036458009853959084,3.92031265326997e-19,0.0,0.999267578125
1034,,,,,,,,-2.9232492446899414,0.00011390625149942935,-0.00900347251445055,0.013157326728105545,0.43625688552856445,0.011349916458129883,214.0,0.16295777261257172,100.0,3.1643762588500977,-0.004702796693891287,0.6998202204704285,0.0,0.9994730949401855
1035,,,,,,,,-2.91914439201355,3.3749998692655936e-05,-0.03451385349035263,0.0322328619658947,0.4214019775390625,0.011115789413452148,221.0,0.16307701170444489,100.0,3.168811321258545,-0.004463280085474253,0.41932687163352966,0.0,0.9993380904197693
1036,-0.0037549666594713926,0.7280465960502625,0.0,0.9993577599525452,0.0,0.0,1.0,-2.9187428951263428,0.00017085937724914402,-0.008589213714003563,0.04027363657951355,0.42044901847839355,0.010833978652954102,222.0,0.16288331151008606,100.0,3.1735289096832275,-0.004408401902765036,1.0364903211593628,0.0,0.9994353652000427
1037,,,,,,,,-2.9351606369018555,0.00011390625149942935,-0.028673922643065453,0.0009121329057961702,0.4065399169921875,0.010955095291137695,229.0,0.16238407790660858,100.0,3.1735289096832275,-0.0036077171098440886,0.008436989970505238,0.0,0.9992788434028625
1038,,,,,,,,-2.952052593231201,2.2500000341096893e-05,-0.02987191453576088,0.00303730764426291,0.4211132526397705,0.010874032974243164,222.0,0.16217538714408875,100.0,3.172922134399414,-0.004265508148819208,0.07759933918714523,0.0,0.9994710087776184
1039,,,,,,,,-2.955420970916748,3.3749998692655936e-05,-0.016781888902187347,0.02364681288599968,0.42031288146972656,0.011056184768676758,222.0,0.16218870878219604,100.0,3.171719551086426,-0.0045257918536663055,1.4221500158309937,0.0,0.9993883967399597
1040,,,,,,,,-2.9566235542297363,5.062499985797331e-05,-0.0126870758831501,0.02408883534371853,0.4387490749359131,0.01122283935546875,213.0,0.16216637194156647,100.0,3.1746652126312256,-0.004468781407922506,1.3896335363388062,0.0,0.9994423985481262
1041,,,,,,,,-2.9584591388702393,3.3749998692655936e-05,-0.01021711714565754,0.003435010090470314,0.40697312355041504,0.010768890380859375,229.0,0.1620786041021347,100.0,3.1746652126312256,-0.004711511079221964,0.08243916928768158,0.0,0.9992101192474365
1042,,,,,,,,-2.955375909805298,7.593750342493877e-05,-0.01588020846247673,0.002443842589855194,0.4206840991973877,0.010915756225585938,222.0,0.16243885457515717,100.0,3.1774158477783203,-0.0045251366682350636,0.0016540564829483628,0.0,0.9993793964385986
1043,,,,,,,,-2.9382636547088623,3.3749998692655936e-05,-0.026437733322381973,0.011552572250366211,0.4196650981903076,0.010612010955810547,223.0,0.16272519528865814,100.0,3.1786868572235107,-0.004161495249718428,1.3341413736343384,0.0,0.9993913769721985
1044,,,,,,,,-2.9320404529571533,5.062499985797331e-05,-0.015555793419480324,0.006318534724414349,0.4532968997955322,0.011615991592407227,206.0,0.16277439892292023,100.0,3.1826493740081787,-0.004042813554406166,0.6094040870666504,0.0,0.9994316101074219
1045,,,,,,,,-2.929780960083008,2.2500000341096893e-05,-0.016756316646933556,0.010132002644240856,0.42321014404296875,0.01191568374633789,220.0,0.16284438967704773,100.0,3.1826493740081787,-0.004427661653608084,0.7195346355438232,0.0,0.9992100596427917
1046,,,,,,,,-2.9239697456359863,3.3749998692655936e-05,-0.01613873988389969,0.0009220818756148219,0.42443108558654785,0.010982036590576172,220.0,0.16305021941661835,100.0,3.183032274246216,-0.004319662693887949,1.096040591619385e-06,0.0,0.9992906451225281
1047,,,,,,,,-2.918529987335205,0.00017085937724914402,-0.0023179438430815935,0.025634609162807465,0.4230649471282959,0.010927915573120117,221.0,0.16301880776882172,100.0,3.190561056137085,-0.0041349418461322784,0.5973199009895325,0.0,0.9993798136711121
1048,,,,,,,,-2.923924207687378,1.4999999621068127e-05,-0.016700327396392822,0.008699404075741768,0.43688392639160156,0.010853052139282227,214.0,0.1628706306219101,100.0,3.1902003288269043,-0.004751288797706366,0.2578304708003998,0.0,0.9993712306022644
1049,,,,,,,,-2.927541971206665,0.00011390625149942935,-0.013024536892771721,0.014042433351278305,0.4118180274963379,0.01149892807006836,226.0,0.16285862028598785,100.0,3.1902003288269043,-0.004907375667244196,0.26691967248916626,0.0,0.9992685914039612
1050,,,,,,,,-2.9287149906158447,1.4999999621068127e-05,-0.027133440598845482,0.0010630529141053557,0.41124701499938965,0.011141061782836914,227.0,0.16283659636974335,100.0,3.186211347579956,-0.0038302300963550806,6.5056426912235565e-09,0.0,0.9992693066596985
1051,,,,,,,,-2.9330337047576904,0.00011390625149942935,-0.00845442432910204,0.021588172763586044,0.4328181743621826,0.010828018188476562,216.0,0.16273754835128784,100.0,3.178501605987549,-0.004412282723933458,0.7862749695777893,0.0,0.9994089007377625
1052,,,,,,,,-2.9429197311401367,3.3749998692655936e-05,-0.010678119026124477,0.013274679891765118,0.4344477653503418,0.010821342468261719,215.0,0.16272222995758057,100.0,3.1696460247039795,-0.004561315290629864,0.776448667049408,0.0,0.9993241429328918
1053,,,,,,,,-2.942305326461792,2.2500000341096893e-05,-0.01920875906944275,0.010361592285335064,0.40751099586486816,0.01094675064086914,229.0,0.16282513737678528,100.0,3.1696460247039795,-0.004527905490249395,0.5277102589607239,0.0,0.9992987513542175
1054,,,,,,,,-2.941878080368042,7.593750342493877e-05,-0.006624103989452124,0.00040010164957493544,0.4094269275665283,0.010854244232177734,228.0,0.16261999309062958,100.0,3.1696460247039795,-0.003984822425991297,3.5980581287731184e-06,0.0,0.9992519021034241
1055,-0.004451794549822807,0.7317550182342529,0.0,0.9993082284927368,0.0,0.0,1.0,-2.960838556289673,0.0002562890585977584,-0.012402922846376896,0.0291249118745327,0.4359440803527832,0.01084589958190918,214.0,0.16187350451946259,100.0,3.1819357872009277,-0.004376537632197142,0.7774960398674011,0.0,0.9994430541992188
1056,,,,,,,,-3.003121852874756,3.3749998692655936e-05,-0.01966867782175541,0.014528795145452023,0.4266653060913086,0.010931015014648438,219.0,0.16135533154010773,100.0,3.16542387008667,-0.0048541356809437275,0.7600253224372864,0.0,0.9993278384208679
1057,,,,,,,,-3.008535385131836,1.4999999621068127e-05,-0.015439615584909916,0.012156659737229347,0.4197821617126465,0.010956764221191406,222.0,0.1614868938922882,100.0,3.16542387008667,-0.004471167456358671,0.8256168961524963,0.0,0.9993440508842468
1058,,,,,,,,-3.00368595123291,5.062499985797331e-05,-0.012206395156681538,0.001102422596886754,0.4079737663269043,0.010982275009155273,229.0,0.16157449781894684,100.0,3.16542387008667,-0.004113818984478712,0.00015421913121826947,0.0,0.9992625117301941
1059,,,,,,,,-2.99745512008667,2.2500000341096893e-05,-0.0063032968901097775,0.015666505321860313,0.43415117263793945,0.010749101638793945,215.0,0.16169774532318115,100.0,3.169039011001587,-0.004461284261196852,0.6565783619880676,0.0,0.9994489550590515
1060,,,,,,,,-2.9929957389831543,7.593750342493877e-05,-0.013926053419709206,0.006524309515953064,0.4279308319091797,0.01114797592163086,218.0,0.1618291586637497,100.0,3.1648194789886475,-0.004237911198288202,0.7282647490501404,0.0,0.9993414878845215
1061,-0.004201031755656004,0.3738630414009094,0.0,0.9993854761123657,0.0,0.0,1.0,-2.988337516784668,1.4999999621068127e-05,-0.008641687221825123,0.00845264457166195,0.4246859550476074,0.010843038558959961,220.0,0.16185994446277618,100.0,3.1589906215667725,-0.003975483123213053,1.2536730766296387,0.0,0.9994099140167236
1062,,,,,,,,-2.990373134613037,5.062499985797331e-05,-0.015517449006438255,0.002172607695683837,0.4068489074707031,0.010887861251831055,229.0,0.16175034642219543,100.0,3.1589906215667725,-0.004400729667395353,0.006851498503237963,0.0,0.9992812275886536
1063,,,,,,,,-3.000765323638916,3.3749998692655936e-05,-0.03221239894628525,0.013135223649442196,0.4218158721923828,0.010734081268310547,221.0,0.1615695059299469,100.0,3.1663076877593994,-0.004159699659794569,0.08725696057081223,0.0,0.9994520545005798
1064,,,,,,,,-3.0092520713806152,5.062499985797331e-05,-0.017307695001363754,0.03032192774116993,0.4214291572570801,0.010828018188476562,222.0,0.1615150272846222,100.0,3.1649279594421387,-0.004440756049007177,0.8406009674072266,0.0,0.9993963241577148
1065,,,,,,,,-3.011207342147827,2.2500000341096893e-05,-0.02933361753821373,0.013751879334449768,0.4381530284881592,0.01163482666015625,213.0,0.16155603528022766,100.0,3.1702802181243896,-0.0037734678480774164,1.1157798767089844,0.0,0.9994792342185974
1066,,,,,,,,-3.0106539726257324,7.593750342493877e-05,-0.015414169058203697,0.002759876661002636,0.406005859375,0.010890960693359375,230.0,0.16161853075027466,100.0,3.1702802181243896,-0.0038664161693304777,0.04722140356898308,0.0,0.999309241771698
1067,,,,,,,,-3.0119364261627197,1.4999999621068127e-05,-0.027699314057826996,0.0015056207776069641,0.42076921463012695,0.011006832122802734,222.0,0.1616651713848114,100.0,3.176922559738159,-0.004118190612643957,0.001781802042387426,0.0,0.9994718432426453
1068,,,,,,,,-3.0136635303497314,2.2500000341096893e-05,-0.01991473138332367,0.01505886111408472,0.4221770763397217,0.010855913162231445,221.0,0.16162259876728058,100.0,3.1688671112060547,-0.004155439790338278,1.3282634019851685,0.0,0.9994135499000549
1069,,,,,,,,-3.0223655700683594,7.593750342493877e-05,-0.008055213838815689,0.002545546041801572,0.4339761734008789,0.011137962341308594,215.0,0.1612837165594101,100.0,3.1640312671661377,-0.004835742991417646,0.5602940917015076,0.0,0.9994677901268005
1070,,,,,,,,-3.0434844493865967,5.062499985797331e-05,-0.017617078498005867,0.00940039660781622,0.406627893447876,0.010868072509765625,229.0,0.16089126467704773,100.0,3.1640312671661377,-0.004246581345796585,0.6920263171195984,0.0,0.9992997050285339
1071,,,,,,,,-3.056950807571411,2.2500000341096893e-05,-0.031720928847789764,0.0005288849351927638,0.4194529056549072,0.01070404052734375,223.0,0.16071774065494537,100.0,3.172185182571411,-0.004434896633028984,8.393248549509735e-07,0.0,0.9993991255760193
1072,,,,,,,,-3.063385486602783,7.593750342493877e-05,-0.011918147094547749,0.018856272101402283,0.43079090118408203,0.011088132858276367,217.0,0.1605352759361267,100.0,3.1714251041412354,-0.0043266769498586655,1.2647433280944824,0.0,0.9994463324546814
1073,,,,,,,,-3.0713248252868652,2.2500000341096893e-05,-0.024032559245824814,0.00959404930472374,0.4355759620666504,0.01153707504272461,214.0,0.16034047305583954,100.0,3.177083969116211,-0.0050058807246387005,0.6971902251243591,0.0,0.9994397759437561
1074,,,,,,,,-3.075225353240967,3.3749998692655936e-05,-0.016780756413936615,0.0074225966818630695,0.40872812271118164,0.011332035064697266,228.0,0.16032393276691437,100.0,3.177083969116211,-0.0037574416492134333,0.7881907820701599,0.0,0.9993467330932617
1075,,,,,,,,-3.071427345275879,3.3749998692655936e-05,-0.01761207915842533,0.0018745636334642768,0.42331409454345703,0.011543989181518555,220.0,0.1604422628879547,100.0,3.177264451980591,-0.0036643061321228743,9.666236110206228e-06,0.0,0.9994296431541443
1076,,,,,,,,-3.063277006149292,5.062499985797331e-05,-0.011201966553926468,0.004484024364501238,0.43170714378356934,0.010739803314208984,216.0,0.16055195033550262,100.0,3.177168130874634,-0.004158855881541967,0.617365300655365,0.0,0.9995329976081848
1077,,,,,,,,-3.0571277141571045,2.2500000341096893e-05,-0.034020330756902695,0.006501373369246721,0.4367549419403076,0.010855913162231445,214.0,0.16061513125896454,100.0,3.173933744430542,-0.004228298086673021,0.7334136962890625,0.0,0.9994359016418457
1078,,,,,,,,-3.054065465927124,7.593750342493877e-05,-0.01430728379637003,0.00673918891698122,0.40785789489746094,0.01085209846496582,229.0,0.16062727570533752,100.0,3.173933744430542,-0.004219404887408018,1.049225926399231,0.0,0.9993923306465149
1079,,,,,,,,-3.0498979091644287,3.3749998692655936e-05,-0.027517106384038925,0.0013468178221955895,0.41033387184143066,0.011378049850463867,227.0,0.16070976853370667,100.0,3.173933744430542,-0.003872690489515662,1.0348559271733393e-06,0.0,0.9993868470191956
1080,-0.004298171028494835,0.6329290866851807,0.0,0.999434232711792,0.0,0.0,1.0,-3.0445992946624756,3.3749998692655936e-05,-0.02361110970377922,0.007150683086365461,0.43541502952575684,0.010668039321899414,215.0,0.16078691184520721,100.0,3.1770668029785156,-0.0049882191233336926,0.4377191364765167,0.0,0.9995672702789307
1081,,,,,,,,-3.041759967803955,2.2500000341096893e-05,-0.01759302243590355,0.010951568372547626,0.4262969493865967,0.01096796989440918,219.0,0.16083338856697083,100.0,3.1682846546173096,-0.004353662487119436,0.7185519337654114,0.0,0.9994263648986816
1082,,,,,,,,-3.042304515838623,5.062499985797331e-05,-0.016386792063713074,0.011094491928815842,0.41880297660827637,0.010827064514160156,223.0,0.16076578199863434,100.0,3.1682846546173096,-0.004089074674993753,1.3841150999069214,0.0,0.9994493126869202
1083,,,,,,,,-3.044574737548828,3.3749998692655936e-05,-0.01646217331290245,0.0012408338952809572,0.4074399471282959,0.010834932327270508,229.0,0.16072647273540497,100.0,3.1682846546173096,-0.0037972787395119667,4.6008846908997975e-22,0.0,0.9993782639503479
1084,,,,,,,,-3.047302722930908,3.3749998692655936e-05,-0.022559378296136856,0.009866222739219666,0.4350471496582031,0.010861635208129883,215.0,0.16066789627075195,100.0,3.1668574810028076,-0.004699436016380787,0.6233420968055725,0.0,0.9995243549346924
1085,,,,,,,,-3.047626495361328,5.062499985797331e-05,-0.01708916760981083,0.004472433589398861,0.4200148582458496,0.01059412956237793,222.0,0.16071176528930664,100.0,3.1660165786743164,-0.004643344320356846,0.5797005295753479,0.0,0.9993836283683777
1086,-0.003970062825828791,0.6703373193740845,0.0,0.9994367957115173,0.0,0.0,1.0,-3.038814067840576,3.3749998692655936e-05,-0.02162907086312771,0.007736674044281244,0.42740416526794434,0.010869979858398438,219.0,0.16099010407924652,100.0,3.1680822372436523,-0.0037795703392475843,1.2775617837905884,0.0,0.9994926452636719
1087,,,,,,,,-3.0276496410369873,2.2500000341096893e-05,-0.014180649071931839,0.001559172640554607,0.4066178798675537,0.010677099227905273,230.0,0.16116762161254883,100.0,3.1680822372436523,-0.003925973549485207,2.8692228714460866e-13,0.0,0.9993445873260498
1088,,,,,,,,-3.020867347717285,3.3749998692655936e-05,-0.01347961463034153,0.001907050027512014,0.4239797592163086,0.010738134384155273,220.0,0.16123805940151215,100.0,3.168280839920044,-0.004949893336743116,0.07457184791564941,0.0,0.9995110034942627
1089,,,,,,,,-3.0180583000183105,3.3749998692655936e-05,-0.014941995963454247,0.01121040154248476,0.42119598388671875,0.010861873626708984,222.0,0.16125111281871796,100.0,3.173771858215332,-0.004318765364587307,1.2267510890960693,0.0,0.9994215965270996
1090,,,,,,,,-3.0165905952453613,5.062499985797331e-05,-0.017915179952979088,0.05056457221508026,0.43857812881469727,0.011418819427490234,213.0,0.16119593381881714,100.0,3.1749637126922607,-0.00410663615912199,0.9052653908729553,0.0,0.999533474445343
1091,,,,,,,,-3.0099117755889893,5.062499985797331e-05,-0.00676385872066021,0.004096261691302061,0.42586517333984375,0.011968851089477539,219.0,0.16139478981494904,100.0,3.1749637126922607,-0.003955412190407515,0.08107664436101913,0.0,0.9993955492973328
1092,,,,,,,,-2.9990100860595703,9.999999747378752e-06,-0.015168717131018639,0.0008759162155911326,0.4228851795196533,0.010635852813720703,221.0,0.1615031510591507,100.0,3.177459716796875,-0.00440244609490037,0.0010145934065803885,0.0,0.9995422959327698
1093,,,,,,,,-2.996497392654419,5.062499985797331e-05,-0.008616666309535503,0.013219112530350685,0.4293968677520752,0.010896921157836914,218.0,0.1615033596754074,100.0,3.178499221801758,-0.004030697513371706,1.3123759031295776,0.0,0.9994667172431946
1094,,,,,,,,-2.999311923980713,5.062499985797331e-05,-0.013188823126256466,0.006473891902714968,0.4355640411376953,0.010900020599365234,215.0,0.16137361526489258,100.0,3.1759703159332275,-0.004767364356666803,0.6952846646308899,0.0,0.9995169043540955
1095,,,,,,,,-3.00765061378479,5.062499985797331e-05,-0.01700354740023613,0.0036798163782805204,0.4081242084503174,0.011326074600219727,228.0,0.16102752089500427,100.0,3.1759703159332275,-0.003912638872861862,0.5709851384162903,0.0,0.9994001984596252
1096,,,,,,,,-3.0179624557495117,5.062499985797331e-05,-0.02051425352692604,0.0010057376930490136,0.4226369857788086,0.010719060897827148,221.0,0.1610736846923828,100.0,3.17600679397583,-0.004283933434635401,9.192394259116554e-07,0.0,0.9994902610778809
1097,,,,,,,,-3.0151166915893555,7.593750342493877e-05,-0.01078699342906475,0.01802080124616623,0.42581701278686523,0.010945796966552734,219.0,0.1612028330564499,100.0,3.1765499114990234,-0.004366693086922169,1.2726613283157349,0.0,0.9995009303092957
1098,,,,,,,,-3.010143995285034,3.3749998692655936e-05,-0.03018018789589405,0.004314319230616093,0.4350011348724365,0.01084280014038086,215.0,0.16134430468082428,100.0,3.176301956176758,-0.0046987514942884445,0.5822204351425171,0.0,0.9995250701904297
1099,,,,,,,,-3.0111098289489746,5.062499985797331e-05,-0.008694554679095745,0.008608166128396988,0.4076347351074219,0.011020183563232422,229.0,0.1611042022705078,100.0,3.176301956176758,-0.00409159017726779,0.799390971660614,0.0,0.9994490742683411
1100,,,,,,,,-3.0211050510406494,5.062499985797331e-05,-0.015060191042721272,0.0006527001387439668,0.4103989601135254,0.010824918746948242,227.0,0.1609708070755005,100.0,3.1751115322113037,-0.004457548726350069,4.864919901592657e-06,0.0,0.9994940757751465
1101,,,,,,,,-3.021226406097412,5.062499985797331e-05,-0.02413383685052395,0.0048966542817652225,0.43221497535705566,0.010855913162231445,216.0,0.16100743412971497,100.0,3.177124261856079,-0.004309315700083971,0.6405186653137207,0.0,0.9995819926261902
1102,,,,,,,,-3.0175256729125977,7.593750342493877e-05,-0.02101886086165905,0.00619791354984045,0.43680906295776367,0.011248111724853516,214.0,0.16095460951328278,100.0,3.175801992416382,-0.004740067292004824,0.6546735167503357,0.0,0.9994797706604004
1103,,,,,,,,-3.0198981761932373,3.3749998692655936e-05,-0.01517376396805048,0.009191452525556087,0.409473180770874,0.0107879638671875,228.0,0.16086387634277344,100.0,3.175801992416382,-0.004460130352526903,1.1786187887191772,0.0,0.9994681477546692
1104,,,,,,,,-3.020803213119507,3.3749998692655936e-05,-0.010305049829185009,0.0006678995559923351,0.40840601921081543,0.011306047439575195,228.0,0.16087459027767181,100.0,3.175801992416382,-0.004298272076994181,0.0001595390640432015,0.0,0.9994288086891174
1105,-0.004690051078796387,0.6075758934020996,0.0,0.9994775056838989,0.0,0.0,1.0,-3.0167410373687744,3.3749998692655936e-05,-0.01912488043308258,0.007952515035867691,0.4374673366546631,0.011470794677734375,213.0,0.16102783381938934,100.0,3.1735024452209473,-0.004556567408144474,0.2828119993209839,0.0,0.9995520710945129
1106,,,,,,,,-3.0024492740631104,0.0002562890585977584,-0.015332778915762901,0.007619063835591078,0.42433691024780273,0.010834932327270508,220.0,0.16166596114635468,100.0,3.171308994293213,-0.004914401564747095,0.5728262066841125,0.0,0.9994332194328308
1107,,,,,,,,-2.9685490131378174,3.3749998692655936e-05,-0.021166032180190086,0.01586713083088398,0.4188041687011719,0.011000871658325195,223.0,0.16205081343650818,100.0,3.171308994293213,-0.004454738926142454,1.3273905515670776,0.0,0.9994787573814392
1108,,,,,,,,-2.9609649181365967,3.3749998692655936e-05,-0.0194143857806921,0.0018168180249631405,0.4073631763458252,0.01076817512512207,229.0,0.16215267777442932,100.0,3.171308994293213,-0.004177198279649019,6.950302746527859e-12,0.0,0.9994321465492249
1109,,,,,,,,-2.9554851055145264,3.3749998692655936e-05,-0.006695349235087633,0.0017841379158198833,0.6283903121948242,0.021028757095336914,147.0,0.1622401624917984,100.0,3.1619362831115723,-0.004526401404291391,0.4575289189815521,0.0,0.9995827078819275
1110,,,,,,,,-2.9489145278930664,7.593750342493877e-05,-0.029851315543055534,0.010974900797009468,0.49047398567199707,0.01221013069152832,190.0,0.16239334642887115,100.0,3.1624093055725098,-0.004491522442549467,0.5337550640106201,0.0,0.9994515776634216
1111,-0.004531846847385168,0.6409162878990173,0.0,0.9994907975196838,0.0,0.0,1.0,-2.9395298957824707,3.3749998692655936e-05,-0.02552478201687336,0.009617270901799202,0.43295907974243164,0.011097908020019531,216.0,0.16258738934993744,100.0,3.1664202213287354,-0.004374461714178324,1.201393485069275,0.0,0.9995459914207458
1112,,,,,,,,-2.9295170307159424,3.3749998692655936e-05,-0.013744767755270004,0.001709517790004611,0.4096839427947998,0.01105189323425293,228.0,0.162802055478096,100.0,3.1664202213287354,-0.003781892592087388,0.004434231203049421,0.0,0.9994285106658936
1113,,,,,,,,-2.917945623397827,0.00011390625149942935,-0.007970646023750305,0.001979611348360777,0.42488598823547363,0.01058197021484375,220.0,0.16313126683235168,100.0,3.1641268730163574,-0.004361907485872507,0.06584838777780533,0.0,0.9995843768119812
1114,,,,,,,,-2.9049084186553955,2.2500000341096893e-05,-0.031147677451372147,0.010611680336296558,0.4260718822479248,0.010875940322875977,219.0,0.16328729689121246,100.0,3.163220167160034,-0.004384118597954512,1.14374577999115,0.0,0.9994738698005676
1115,,,,,,,,-2.9035120010375977,7.593750342493877e-05,-0.011419234797358513,0.022710073739290237,0.43613314628601074,0.011284828186035156,214.0,0.16324570775032043,100.0,3.161245584487915,-0.004485249985009432,1.3508774042129517,0.0,0.9995498061180115
1116,,,,,,,,-2.904575824737549,5.062499985797331e-05,-0.01872086338698864,0.0017384729580953717,0.41124892234802246,0.010961294174194336,227.0,0.1633317619562149,100.0,3.161245584487915,-0.0044207461178302765,0.07469523698091507,0.0,0.9993862509727478
1117,,,,,,,,-2.896305561065674,7.593750342493877e-05,-0.012225260958075523,0.0009318631491623819,0.42360591888427734,0.01079106330871582,220.0,0.16380639374256134,100.0,3.1585569381713867,-0.004403701517730951,0.0011868613073602319,0.0,0.9995080828666687
1118,,,,,,,,-2.878401517868042,2.2500000341096893e-05,-0.01617119461297989,0.008520030416548252,0.4259772300720215,0.01075887680053711,219.0,0.16409024596214294,100.0,3.1579132080078125,-0.0041468096897006035,1.2794057130813599,0.0,0.9994465708732605
1119,,,,,,,,-2.8729536533355713,0.00017085937724914402,-0.017580799758434296,0.005143191199749708,0.43826913833618164,0.010882854461669922,213.0,0.16409921646118164,100.0,3.1640403270721436,-0.004787451587617397,0.5381633043289185,0.0,0.9995219707489014
1120,,,,,,,,-2.8851730823516846,2.2500000341096893e-05,-0.026398805901408195,0.008787023834884167,0.4109938144683838,0.010941267013549805,227.0,0.16378910839557648,100.0,3.1640403270721436,-0.004127592779695988,0.6897318959236145,0.0,0.9993835091590881
1121,,,,,,,,-2.895862579345703,0.00011390625149942935,-0.013610508292913437,0.0009042583988048136,0.41999316215515137,0.010974884033203125,222.0,0.1635376662015915,100.0,3.164638042449951,-0.003989486489444971,8.897029601939721e-07,0.0,0.9994967579841614
1122,,,,,,,,-2.900054454803467,3.3749998692655936e-05,-0.01555853895843029,0.010465921834111214,0.4257783889770508,0.010776758193969727,219.0,0.1636877804994583,100.0,3.1673741340637207,-0.004348993767052889,1.1970677375793457,0.0,0.9994718432426453
1123,,,,,,,,-2.8931937217712402,3.3749998692655936e-05,-0.017827166244387627,0.007299227174371481,0.4378550052642822,0.010757923126220703,213.0,0.16382890939712524,100.0,3.1634361743927,-0.004386281128972769,0.6749858856201172,0.0,0.9994571805000305
1124,,,,,,,,-2.8882498741149902,3.3749998692655936e-05,-0.018676163628697395,0.010189619846642017,0.4150221347808838,0.011042118072509766,225.0,0.1639111340045929,100.0,3.1634361743927,-0.004330276045948267,0.7863863110542297,0.0,0.9993467330932617
1125,,,,,,,,-2.8889122009277344,5.062499985797331e-05,-0.01065614353865385,0.001955171348527074,0.41295313835144043,0.010681629180908203,226.0,0.16375577449798584,100.0,3.1632230281829834,-0.004072186537086964,1.6489435372690764e-09,0.0,0.9994175434112549
1126,,,,,,,,-2.8963940143585205,5.062499985797331e-05,-0.016133952885866165,0.0062863766215741634,0.4349532127380371,0.011198997497558594,215.0,0.16357843577861786,100.0,3.1613881587982178,-0.004803837742656469,0.7326856255531311,0.0,0.9995119571685791
1127,,,,,,,,-2.9013659954071045,7.593750342493877e-05,-0.014160370454192162,0.005305527243763208,0.4382200241088867,0.01082611083984375,213.0,0.16354124248027802,100.0,3.1676909923553467,-0.004542768467217684,0.702159583568573,0.0,0.9994208812713623
1128,,,,,,,,-2.9032082557678223,3.3749998692655936e-05,-0.02257593162357807,0.007232395466417074,0.4115288257598877,0.010843038558959961,227.0,0.16359655559062958,100.0,3.1676909923553467,-0.0040481905452907085,1.314796805381775,0.0,0.9994029998779297
1129,,,,,,,,-2.898749828338623,0.00011390625149942935,-0.003152259858325124,0.002065321197733283,0.40866994857788086,0.011121273040771484,228.0,0.16372434794902802,100.0,3.1676909923553467,-0.004244261886924505,0.006878330837935209,0.0,0.9993757605552673
1130,-0.004786210600286722,0.6704246997833252,0.0,0.9994223117828369,0.0,0.0,1.0,-2.8955674171447754,7.593750342493877e-05,-0.016432732343673706,0.023392576724290848,0.436049222946167,0.010859966278076172,214.0,0.1635742336511612,100.0,3.16540265083313,-0.004609526135027409,0.347932904958725,0.0,0.9995247721672058
1131,,,,,,,,-2.903618335723877,0.00017085937724914402,-0.01014377735555172,0.0231340229511261,0.42783284187316895,0.011006355285644531,218.0,0.16341958940029144,100.0,3.164614200592041,-0.0045893266797065735,0.7664206624031067,0.0,0.9994099140167236
1132,,,,,,,,-2.912431001663208,3.3749998692655936e-05,-0.014360438100993633,0.013075915165245533,0.42208170890808105,0.010904073715209961,221.0,0.16336318850517273,100.0,3.164614200592041,-0.004130893852561712,1.374402642250061,0.0,0.999455988407135
1133,,,,,,,,-2.9132041931152344,3.3749998692655936e-05,-0.0033308258280158043,0.002432523760944605,0.40865588188171387,0.01098012924194336,228.0,0.16343936324119568,100.0,3.164614200592041,-0.0043092225678265095,1.4080790700088386e-10,0.0,0.9994077682495117
1134,,,,,,,,-2.908945083618164,3.3749998692655936e-05,-0.018206004053354263,0.005405725445598364,0.4384419918060303,0.01074981689453125,213.0,0.1635921150445938,100.0,3.16245174407959,-0.003694867016747594,0.6088097095489502,0.0,0.9995571970939636
1135,,,,,,,,-2.908560276031494,7.593750342493877e-05,-0.010013972409069538,0.011804092675447464,0.426699161529541,0.011294841766357422,219.0,0.16346055269241333,100.0,3.162578821182251,-0.0044792951084673405,0.8287833333015442,0.0,0.9993937611579895
1136,-0.004182789009064436,0.6405991315841675,0.0,0.9994469285011292,0.0,0.0,1.0,-2.921295404434204,5.062499985797331e-05,-0.02346176654100418,0.014247954823076725,0.4268519878387451,0.010619163513183594,219.0,0.16324718296527863,100.0,3.162064790725708,-0.004016836639493704,1.4657708406448364,0.0,0.9995374083518982
1137,,,,,,,,-2.928849220275879,2.2500000341096893e-05,-0.02300107106566429,0.002962177386507392,0.4088561534881592,0.011159896850585938,228.0,0.1631297618150711,100.0,3.162064790725708,-0.0039221798069775105,0.0,0.0,0.9993980526924133
1138,,,,,,,,-2.934185743331909,7.593750342493877e-05,-0.018703782930970192,0.0014787961263209581,0.425126314163208,0.011322736740112305,219.0,0.16297471523284912,100.0,3.165778875350952,-0.004120532423257828,0.0805695578455925,0.0,0.9995410442352295
1139,,,,,,,,-2.949084997177124,7.593750342493877e-05,-0.021305125206708908,0.0396621935069561,0.42334508895874023,0.011722087860107422,220.0,0.16253630816936493,100.0,3.166060209274292,-0.004291110206395388,1.1350239515304565,0.0,0.9994158744812012
1140,,,,,,,,-2.963496208190918,3.3749998692655936e-05,-0.030494626611471176,0.023401007056236267,0.43920397758483887,0.011031866073608398,213.0,0.16244520246982574,100.0,3.1651229858398438,-0.0041198269464075565,1.3297065496444702,0.0,0.9995424151420593
1141,,,,,,,,-2.965989351272583,0.00011390625149942935,-0.010035191662609577,0.003345778211951256,0.40792298316955566,0.010928869247436523,229.0,0.16236425936222076,100.0,3.1651229858398438,-0.0045342291705310345,0.09438744932413101,0.0,0.9993631839752197
1142,,,,,,,,-2.970712423324585,1.4999999621068127e-05,-0.011782744899392128,0.0015786562580615282,0.42132568359375,0.011080265045166016,222.0,0.16219715774059296,100.0,3.1657071113586426,-0.003861944889649749,0.0037846665363758802,0.0,0.999516487121582
1143,,,,,,,,-2.976853132247925,0.00011390625149942935,-0.013738594949245453,0.017101414501667023,0.42588210105895996,0.01077580451965332,219.0,0.16189762949943542,100.0,3.166998863220215,-0.003752676071599126,1.4881607294082642,0.0,0.999431848526001
1144,,,,,,,,-3.0008325576782227,3.3749998692655936e-05,-0.02698320895433426,0.011994313448667526,0.4359297752380371,0.010833263397216797,214.0,0.1614937037229538,100.0,3.1743037700653076,-0.004140104167163372,0.3852332532405853,0.0,0.9994624257087708
1145,,,,,,,,-3.0135931968688965,2.2500000341096893e-05,-0.013630038127303123,0.00300635420717299,0.4095499515533447,0.011014938354492188,228.0,0.16139647364616394,100.0,3.1743037700653076,-0.004043698776513338,0.4901854991912842,0.0,0.9993572235107422
1146,,,,,,,,-3.016479015350342,0.00011390625149942935,-0.012699703685939312,0.001207569264806807,0.42661190032958984,0.010741949081420898,219.0,0.16137175261974335,100.0,3.1733968257904053,-0.004044535104185343,3.958711658924585e-06,0.0,0.9994590282440186
1147,,,,,,,,-3.0193309783935547,3.3749998692655936e-05,-0.0181044302880764,0.022404154762625694,0.4419410228729248,0.011012792587280273,211.0,0.16124044358730316,100.0,3.1741232872009277,-0.004167376551777124,1.409369945526123,0.0,0.9994776844978333
1148,,,,,,,,-3.025667667388916,5.062499985797331e-05,-0.012654812075197697,0.011455612257122993,0.4356400966644287,0.010985851287841797,214.0,0.16106554865837097,100.0,3.162702798843384,-0.004478406626731157,0.7473980784416199,0.0,0.999436616897583
1149,,,,,,,,-3.0317788124084473,3.3749998692655936e-05,-0.015464350581169128,0.006799908820539713,0.4096848964691162,0.01112508773803711,228.0,0.16094282269477844,100.0,3.162702798843384,-0.0036975194234400988,0.8191802501678467,0.0,0.9993677139282227
1150,,,,,,,,-3.035222053527832,3.3749998692655936e-05,-0.012295308522880077,0.0018775560893118382,0.41512298583984375,0.010838031768798828,225.0,0.1608310490846634,100.0,3.163492202758789,-0.004375028423964977,1.5725086510709474e-10,0.0,0.9994352459907532
1151,,,,,,,,-3.0412490367889404,7.593750342493877e-05,-0.014550162479281425,0.005250588525086641,0.43308305740356445,0.010995864868164062,216.0,0.16066044569015503,100.0,3.1650588512420654,-0.0037028456572443247,0.7989440560340881,0.0,0.9995231032371521
1152,,,,,,,,-3.053541898727417,2.2500000341096893e-05,-0.01493954285979271,0.00843380019068718,0.44655489921569824,0.011233091354370117,209.0,0.16054105758666992,100.0,3.1687004566192627,-0.004135288298130035,0.753572940826416,0.0,0.9994385242462158
1153,,,,,,,,-3.056983232498169,3.3749998692655936e-05,-0.013118062168359756,0.007420687470585108,0.40848398208618164,0.010869979858398438,228.0,0.16066434979438782,100.0,3.1687004566192627,-0.0040569300763309,1.0616165399551392,0.0,0.9994295239448547
1154,,,,,,,,-3.05043363571167,0.00011390625149942935,-0.010008910670876503,0.0010457499884068966,0.4117879867553711,0.011139154434204102,226.0,0.16074740886688232,100.0,3.1687004566192627,-0.0034734562505036592,0.00019960921781603247,0.0,0.9993990063667297
1155,-0.003972722217440605,0.727493405342102,0.0,0.999442458152771,0.0,0.0,1.0,-3.0449554920196533,2.2500000341096893e-05,-0.020015640184283257,0.00608278252184391,0.4356081485748291,0.010663986206054688,215.0,0.16071650385856628,100.0,3.1856210231781006,-0.00460415193811059,0.6989936232566833,0.0,0.9995357394218445
1156,,,,,,,,-3.044114589691162,3.3749998692655936e-05,-0.020109251141548157,0.006564295385032892,0.42446398735046387,0.010787010192871094,220.0,0.16075021028518677,100.0,3.1973910331726074,-0.004414813127368689,0.46229609847068787,0.0,0.999401330947876
1157,,,,,,,,-3.041212320327759,5.062499985797331e-05,-0.011453655548393726,0.013722959905862808,0.4161250591278076,0.010947704315185547,224.0,0.16090142726898193,100.0,3.1973910331726074,-0.004111246671527624,0.8953518271446228,0.0,0.9994781613349915
1158,,,,,,,,-3.0370235443115234,3.3749998692655936e-05,-0.02451019547879696,0.0011113978689536452,0.4074418544769287,0.010962247848510742,229.0,0.16097672283649445,100.0,3.1973910331726074,-0.003746386617422104,0.00029955877107568085,0.0,0.999363124370575
1159,,,,,,,,-3.040632724761963,3.3749998692655936e-05,-0.022920049726963043,0.007410561665892601,0.43231773376464844,0.010920286178588867,216.0,0.16077621281147003,100.0,3.1904397010803223,-0.0046197413466870785,0.6318560242652893,0.0,0.9995370507240295
1160,,,,,,,,-3.0502307415008545,2.2500000341096893e-05,-0.013958354480564594,0.014152404852211475,0.4229607582092285,0.010767221450805664,221.0,0.16063077747821808,100.0,3.194143295288086,-0.004241891670972109,0.8247263431549072,0.0,0.9993600249290466
1161,-0.004703310318291187,0.409278929233551,0.0,0.9994481801986694,0.0,0.0,1.0,-3.0575973987579346,5.062499985797331e-05,-0.02029111422598362,0.016400769352912903,0.42457103729248047,0.011529922485351562,220.0,0.1604902148246765,100.0,3.196772575378418,-0.004263127222657204,1.3112910985946655,0.0,0.9994642734527588
1162,,,,,,,,-3.0700459480285645,0.00017085937724914402,-0.003886643797159195,0.0012211326975375414,0.40894532203674316,0.010740995407104492,228.0,0.16019415855407715,100.0,3.196772575378418,-0.003961590584367514,0.00021400653349701315,0.0,0.9992445111274719
1163,,,,,,,,-3.0875725746154785,3.3749998692655936e-05,-0.018330398947000504,0.0070897056721150875,0.42212772369384766,0.01078343391418457,221.0,0.15999218821525574,100.0,3.1952197551727295,-0.004719268064945936,0.09070431441068649,0.0,0.9993909001350403
1164,,,,,,,,-3.095123767852783,3.3749998692655936e-05,-0.02218557894229889,0.0063278693705797195,0.42789673805236816,0.011161088943481445,218.0,0.15992304682731628,100.0,3.1970272064208984,-0.004422306083142757,1.3418761491775513,0.0,0.9993049502372742
1165,,,,,,,,-3.102558135986328,0.00011390625149942935,-0.01199997216463089,0.007764770649373531,0.4352588653564453,0.011326789855957031,214.0,0.15954944491386414,100.0,3.204554319381714,-0.003929342608898878,1.2201029062271118,0.0,0.999448835849762
1166,,,,,,,,-3.122793197631836,3.3749998692655936e-05,-0.015792887657880783,0.001983792055398226,0.40831422805786133,0.011322736740112305,228.0,0.1593465805053711,100.0,3.204554319381714,-0.003952445928007364,0.05676652863621712,0.0,0.999204158782959
1167,,,,,,,,-3.1331722736358643,7.593750342493877e-05,-0.020068438723683357,0.0014829256106168032,0.422224760055542,0.010874271392822266,221.0,0.15902014076709747,100.0,3.2054154872894287,-0.004070354625582695,0.0016301419818773866,0.0,0.9993081092834473
1168,,,,,,,,-3.1475558280944824,0.00017085937724914402,-0.015310525894165039,0.025567537173628807,0.42649197578430176,0.010885000228881836,219.0,0.15895406901836395,100.0,3.2055325508117676,-0.004235275089740753,1.5056565999984741,0.0,0.9993274807929993
1169,,,,,,,,-3.153489112854004,3.3749998692655936e-05,-0.009407205507159233,0.010621756315231323,0.43734002113342285,0.010785102844238281,214.0,0.1587054431438446,100.0,3.2057878971099854,-0.004710181150585413,0.8447585701942444,0.0,0.9993836879730225
1170,,,,,,,,-3.163358688354492,5.062499985797331e-05,-0.01511954702436924,0.007923309691250324,0.4087700843811035,0.010927915573120117,228.0,0.1585095226764679,100.0,3.2057878971099854,-0.004704971332103014,0.6622124314308167,0.0,0.9991788864135742
1171,,,,,,,,-3.1731173992156982,3.3749998692655936e-05,-0.012991122901439667,0.0033966251648962498,0.42061495780944824,0.010732889175415039,222.0,0.1581973433494568,100.0,3.2075014114379883,-0.00419697817414999,0.0035358888562768698,0.0,0.9992535710334778
1172,,,,,,,,-3.181431293487549,5.062499985797331e-05,-0.011723115108907223,0.008963560685515404,0.42488718032836914,0.011124849319458008,220.0,0.15814879536628723,100.0,3.216895818710327,-0.004262319300323725,1.4567872285842896,0.0,0.9993557929992676
1173,,,,,,,,-3.185816526412964,7.593750342493877e-05,-0.020006414502859116,0.0052477773278951645,0.4338722229003906,0.010757684707641602,215.0,0.15787748992443085,100.0,3.223552703857422,-0.004214584361761808,0.7737645506858826,0.0,0.9993515014648438
1174,,,,,,,,-3.2014408111572266,2.2500000341096893e-05,-0.020371731370687485,0.0039239125326275826,0.40710973739624023,0.010760307312011719,229.0,0.15764448046684265,100.0,3.223552703857422,-0.004339079838246107,0.8767260909080505,0.0,0.9991926550865173
1175,,,,,,,,-3.2053630352020264,5.062499985797331e-05,-0.014679982326924801,0.002920140279456973,0.41258907318115234,0.011092901229858398,226.0,0.15770407021045685,100.0,3.2254750728607178,-0.00403230544179678,1.6381851430935512e-10,0.0,0.9992304444313049
1176,,,,,,,,-3.2014307975769043,1.4999999621068127e-05,-0.03647526353597641,0.008073309436440468,0.4348490238189697,0.011338949203491211,215.0,0.15772750973701477,100.0,3.228123664855957,-0.003877718700096011,0.7505941987037659,0.0,0.9993963241577148
1177,,,,,,,,-3.1987128257751465,0.00011390625149942935,-0.009927568025887012,0.010053169913589954,0.438140869140625,0.011116981506347656,213.0,0.15785333514213562,100.0,3.2336366176605225,-0.0040674335323274136,0.7297594547271729,0.0,0.9993267059326172
1178,,,,,,,,-3.18430757522583,2.2500000341096893e-05,-0.010679374448955059,0.010043886490166187,0.41028785705566406,0.01081395149230957,227.0,0.1579638570547104,100.0,3.2336366176605225,-0.0035595267545431852,1.4195245504379272,0.0,0.9993109107017517
1179,,,,,,,,-3.178032159805298,5.062499985797331e-05,-0.005639792885631323,0.0011605322360992432,0.409761905670166,0.010792970657348633,228.0,0.15801051259040833,100.0,3.2336366176605225,-0.003923514392226934,0.0009196459432132542,0.0,0.9992256164550781
1180,-0.004010602831840515,0.6855437755584717,0.0,0.9993117451667786,0.0,0.0,1.0,-3.1731181144714355,2.2500000341096893e-05,-0.025897853076457977,0.014140800572931767,0.4343082904815674,0.010605812072753906,215.0,0.158060684800148,100.0,3.2344536781311035,-0.004064622800797224,0.820990264415741,0.0,0.9994412064552307
1181,,,,,,,,-3.171550989151001,5.062499985797331e-05,-0.013452161103487015,0.00424938602373004,0.4252660274505615,0.01093292236328125,220.0,0.1580663025379181,100.0,3.236539840698242,-0.004122841637581587,0.7523556351661682,0.0,0.9993261694908142
1182,,,,,,,,-3.1698691844940186,2.2500000341096893e-05,-0.025100097060203552,0.007369518745690584,0.42665910720825195,0.01126408576965332,219.0,0.15816622972488403,100.0,3.236539840698242,-0.004166833590716124,1.4099231958389282,0.0,0.999391496181488
1183,,,,,,,,-3.1628754138946533,0.00011390625149942935,-0.008764409460127354,0.003327205777168274,0.4081289768218994,0.010748863220214844,229.0,0.15846773982048035,100.0,3.236539840698242,-0.003749442519620061,0.001601655501872301,0.0,0.9992929100990295
1184,,,,,,,,-3.152904510498047,3.3749998692655936e-05,-0.017100851982831955,0.00677670631557703,0.4344761371612549,0.010905981063842773,215.0,0.1584368199110031,100.0,3.241424322128296,-0.004527563229203224,0.6875523924827576,0.0,0.9994582533836365
1185,,,,,,,,-3.1555631160736084,5.062499985797331e-05,-0.020132577046751976,0.024637583643198013,0.42008018493652344,0.010673761367797852,222.0,0.1585479974746704,100.0,3.2451813220977783,-0.004892144352197647,0.5849230885505676,0.0,0.9993324279785156
1186,-0.004352150484919548,0.7501781582832336,0.0,0.999411404132843,0.0,0.0,1.0,-3.1515605449676514,2.2500000341096893e-05,-0.01580914296209812,0.01593862660229206,0.431380033493042,0.011235952377319336,216.0,0.15868738293647766,100.0,3.2477760314941406,-0.004267157055437565,1.562254548072815,0.0,0.9994400143623352
1187,,,,,,,,-3.1478350162506104,2.2500000341096893e-05,-0.01251913607120514,0.004338913597166538,0.4108710289001465,0.010775089263916016,227.0,0.15881088376045227,100.0,3.2477760314941406,-0.0036465779412537813,0.0064833196811378,0.0,0.9991998672485352
1188,,,,,,,,-3.1415891647338867,3.3749998692655936e-05,-0.01826154999434948,0.0266270749270916,0.4233572483062744,0.010956764221191406,221.0,0.1590290367603302,100.0,3.250011444091797,-0.003925104159861803,0.0942072868347168,0.0,0.9993745684623718
1189,,,,,,,,-3.134830951690674,3.3749998692655936e-05,-0.009224082343280315,0.011942797340452671,0.4226229190826416,0.010890007019042969,221.0,0.15916356444358826,100.0,3.2514848709106445,-0.0037877680733799934,1.1570706367492676,0.0,0.9993350505828857
1190,,,,,,,,-3.1241321563720703,0.00011390625149942935,-0.01832311414182186,0.011757100000977516,0.4341449737548828,0.010935068130493164,215.0,0.15965504944324493,100.0,3.2535579204559326,-0.004713863134384155,1.043993592262268,0.0,0.9994618892669678
1191,,,,,,,,-3.0923681259155273,5.062499985797331e-05,-0.01977817714214325,0.0023646331392228603,0.41113901138305664,0.010867118835449219,227.0,0.16015712916851044,100.0,3.2535579204559326,-0.004187563434243202,0.043492287397384644,0.0,0.9992584586143494
1192,,,,,,,,-3.0798451900482178,3.3749998692655936e-05,-0.020177295431494713,0.001926962286233902,0.4216451644897461,0.010941743850708008,221.0,0.16029098629951477,100.0,3.25308895111084,-0.003738428233191371,0.002388130407780409,0.0,0.9993806481361389
1193,,,,,,,,-3.077136516571045,5.062499985797331e-05,-0.011268259957432747,0.021225880831480026,0.4256739616394043,0.011042118072509766,219.0,0.16028207540512085,100.0,3.254542350769043,-0.004405054729431868,1.416387677192688,0.0,0.9993718266487122
1194,,,,,,,,-3.076847791671753,7.593750342493877e-05,-0.015885110944509506,0.022157425060868263,0.43500804901123047,0.0106201171875,215.0,0.16025425493717194,100.0,3.250835657119751,-0.0041990880854427814,0.8481731414794922,0.0,0.9994398951530457
1195,,,,,,,,-3.0833866596221924,3.3749998692655936e-05,-0.012839569710195065,0.009266252629458904,0.41350388526916504,0.011170148849487305,226.0,0.16000136733055115,100.0,3.250835657119751,-0.0040275235660374165,0.6351515650749207,0.0,0.9992170929908752
1196,,,,,,,,-3.0927696228027344,0.00017085937724914402,-0.005415727850049734,0.003576803719624877,0.42410922050476074,0.011036157608032227,220.0,0.1598493456840515,100.0,3.2519683837890625,-0.003808356123045087,5.869024334970163e-06,0.0,0.9993137717247009
1197,,,,,,,,-3.097688674926758,3.3749998692655936e-05,-0.01420293003320694,0.013719361275434494,0.4232022762298584,0.01113581657409668,221.0,0.15982286632061005,100.0,3.253417491912842,-0.003925077151507139,1.2875090837478638,0.0,0.9993782639503479
1198,,,,,,,,-3.0966107845306396,7.593750342493877e-05,-0.013474978506565094,0.0044492073357105255,0.43421006202697754,0.01074981689453125,215.0,0.15987126529216766,100.0,3.262639284133911,-0.0041481195949018,0.6371294856071472,0.0,0.9993887543678284
1199,,,,,,,,-3.095750093460083,2.2500000341096893e-05,-0.013007096946239471,0.01778607815504074,0.4085221290588379,0.01073598861694336,228.0,0.1599297821521759,100.0,3.262639284133911,-0.0037872884422540665,0.8825716376304626,0.0,0.9992815852165222
1200,,,,,,,,-3.092604160308838,0.00011390625149942935,-0.014085437171161175,0.0038643907755613327,0.4132707118988037,0.010931253433227539,226.0,0.16006481647491455,100.0,3.263225555419922,-0.004340050742030144,4.356263161753304e-05,0.0,0.9993240833282471
1201,,,,,,,,-3.081913948059082,2.2500000341096893e-05,-0.02650311030447483,0.031791459769010544,0.4299657344818115,0.010994195938110352,217.0,0.1602417379617691,100.0,3.265045404434204,-0.004078902769833803,0.9016599655151367,0.0,0.9994176030158997
1202,,,,,,,,-3.075532913208008,0.00011390625149942935,-0.013570420444011688,0.008395594544708729,0.4394857883453369,0.010893106460571289,213.0,0.16042450070381165,100.0,3.267012119293213,-0.004856081213802099,0.708625853061676,0.0,0.9993247985839844
1203,,,,,,,,-3.063009262084961,2.2500000341096893e-05,-0.01676013320684433,0.01168018952012062,0.4101729393005371,0.010797977447509766,228.0,0.16067521274089813,100.0,3.267012119293213,-0.004033397883176804,1.358168601989746,0.0,0.9992685914039612
1204,,,,,,,,-3.0565860271453857,5.062499985797331e-05,-0.017464356496930122,0.004620986524969339,0.4072880744934082,0.011001825332641602,229.0,0.16075636446475983,100.0,3.267012119293213,-0.0036394093185663223,0.0005878358497284353,0.0,0.9991663098335266
1205,-0.004337674472481012,0.74659264087677,0.0,0.9992930889129639,0.0,0.0,1.0,-3.054060220718384,7.593750342493877e-05,-0.006062312517315149,0.008812668733298779,0.43654704093933105,0.011036872863769531,214.0,0.16065891087055206,100.0,3.270442008972168,-0.0042896573431789875,0.7534108757972717,0.0,0.999366819858551
1206,,,,,,,,-3.0565109252929688,3.3749998692655936e-05,-0.035180311650037766,0.005047982092946768,0.4272019863128662,0.011015892028808594,219.0,0.1605677306652069,100.0,3.27305006980896,-0.0039656818844377995,0.6837151050567627,0.0,0.9992343783378601
1207,,,,,,,,-3.0561792850494385,2.2500000341096893e-05,-0.023503370583057404,0.02965709939599037,0.4213707447052002,0.010689020156860352,222.0,0.16057711839675903,100.0,3.27305006980896,-0.0038153098430484533,1.5766487121582031,0.0,0.9993297457695007
1208,,,,,,,,-3.052985906600952,5.062499985797331e-05,-0.020328504964709282,0.002780102426186204,0.40888500213623047,0.010900020599365234,228.0,0.1606529951095581,100.0,3.27305006980896,-0.003962961491197348,3.9391684367728885e-06,0.0,0.9991919994354248
1209,,,,,,,,-3.0461807250976562,2.2500000341096893e-05,-0.00611911853775382,0.007305946201086044,0.4356417655944824,0.011157989501953125,214.0,0.16079339385032654,100.0,3.276376247406006,-0.004231866914778948,0.7445275187492371,0.0,0.9993930459022522
1210,,,,,,,,-3.0456790924072266,7.593750342493877e-05,-0.014371277764439583,0.007126644253730774,0.4264981746673584,0.010612010955810547,219.0,0.16067679226398468,100.0,3.279341697692871,-0.00475092651322484,0.7325515747070312,0.0,0.9992387890815735
1211,-0.0037363714072853327,0.7045222520828247,0.0,0.9992930293083191,0.0,0.0,1.0,-3.0546271800994873,3.3749998692655936e-05,-0.013697006739675999,0.01162093598395586,0.4291698932647705,0.011165142059326172,218.0,0.16076049208641052,100.0,3.2834391593933105,-0.004335463512688875,1.4883867502212524,0.0,0.9993966221809387
1212,,,,,,,,-3.0529980659484863,5.062499985797331e-05,-0.013881608843803406,0.003996309358626604,0.4091520309448242,0.010919332504272461,228.0,0.16072870790958405,100.0,3.2834391593933105,-0.0036941254511475563,0.0,0.0,0.9991646409034729
1213,,,,,,,,-3.0602688789367676,3.3749998692655936e-05,-0.020377645269036293,0.013787907548248768,0.42299914360046387,0.01081395149230957,221.0,0.1605374813079834,100.0,3.2953572273254395,-0.004407896660268307,0.09118151664733887,0.0,0.9993341565132141
1214,,,,,,,,-3.0688962936401367,5.062499985797331e-05,-0.01682940497994423,0.008784147910773754,0.4219372272491455,0.010905742645263672,221.0,0.16046682000160217,100.0,3.2970352172851562,-0.0040113357827067375,1.297842264175415,0.0,0.9992673993110657
1215,,,,,,,,-3.0765669345855713,2.2500000341096893e-05,-0.0187302827835083,0.019555535167455673,0.4371938705444336,0.01107478141784668,214.0,0.16042925417423248,100.0,3.298466920852661,-0.004195767920464277,1.5163532495498657,0.0,0.9993756413459778
1216,,,,,,,,-3.0789103507995605,5.062499985797331e-05,-0.01070098951458931,0.004801497794687748,0.4118990898132324,0.010869026184082031,227.0,0.16043096780776978,100.0,3.298466920852661,-0.003722005756571889,0.009890474379062653,0.0,0.9991646409034729
1217,,,,,,,,-3.077615261077881,1.4999999621068127e-05,-0.03586096689105034,0.003622695803642273,0.4219167232513428,0.010996103286743164,221.0,0.160425066947937,100.0,3.3005971908569336,-0.004076582379639149,0.0028967277612537146,0.0,0.9993399977684021
1218,,,,,,,,-3.0770931243896484,3.3749998692655936e-05,-0.010586130432784557,0.008190135471522808,0.4603607654571533,0.010445117950439453,203.0,0.16038361191749573,100.0,3.3061726093292236,-0.004402682650834322,1.438258171081543,0.0,0.9993308186531067
1219,,,,,,,,-3.076385974884033,5.062499985797331e-05,-0.013017462566494942,0.04544168710708618,0.5067939758300781,0.011617183685302734,185.0,0.1604430377483368,100.0,3.3122596740722656,-0.004456930793821812,0.8950641751289368,0.0,0.999392032623291
1220,,,,,,,,-3.0722827911376953,3.3749998692655936e-05,-0.03314285725355148,0.005756497383117676,0.4122598171234131,0.011020898818969727,226.0,0.16054901480674744,100.0,3.3122596740722656,-0.003959303721785545,0.6298350691795349,0.0,0.9992122650146484
1221,,,,,,,,-3.0695533752441406,3.3749998692655936e-05,-0.017100101336836815,0.0017534294165670872,0.42139601707458496,0.011173248291015625,221.0,0.1606210321187973,100.0,3.316023111343384,-0.004317496437579393,2.6524465283728205e-05,0.0,0.9992976188659668
1222,,,,,,,,-3.0721092224121094,0.00017085937724914402,-0.006307364907115698,0.010718596167862415,0.425091028213501,0.011022090911865234,220.0,0.16044583916664124,100.0,3.316736936569214,-0.004411644767969847,1.4036632776260376,0.0,0.9993389248847961
1223,,,,,,,,-3.0855112075805664,2.2500000341096893e-05,-0.009142478927969933,0.015635985881090164,0.4353318214416504,0.011343002319335938,214.0,0.16006681323051453,100.0,3.318605422973633,-0.004375562537461519,0.8725576400756836,0.0,0.9993405938148499
1224,,,,,,,,-3.0987017154693604,3.3749998692655936e-05,-0.016914434731006622,0.008903205394744873,0.4110870361328125,0.011117696762084961,227.0,0.15980590879917145,100.0,3.318605422973633,-0.0037824101746082306,0.7818740010261536,0.0,0.999212920665741
1225,,,,,,,,-3.108872413635254,7.593750342493877e-05,-0.0013858763268217444,0.0046270452439785,0.41147494316101074,0.010808944702148438,227.0,0.15966245532035828,100.0,3.321331024169922,-0.004362731706351042,0.0021666984539479017,0.0,0.9992936253547668
1226,,,,,,,,-3.1087450981140137,2.2500000341096893e-05,-0.02262987568974495,0.06569233536720276,0.43299102783203125,0.0107879638671875,216.0,0.15978571772575378,100.0,3.323491096496582,-0.0042511639185249805,0.463137149810791,0.0,0.9994332790374756
1227,,,,,,,,-3.1033074855804443,3.3749998692655936e-05,-0.028080545365810394,0.015299647115170956,0.44097399711608887,0.011234760284423828,212.0,0.15984061360359192,100.0,3.329193115234375,-0.004328814800828695,0.7407433390617371,0.0,0.9993619918823242
1228,,,,,,,,-3.103703260421753,3.3749998692655936e-05,-0.007073761895298958,0.01761077716946602,0.41233396530151367,0.010732889175415039,226.0,0.15972506999969482,100.0,3.329193115234375,-0.0040116701275110245,1.38889741897583,0.0,0.9992902874946594
1229,,,,,,,,-3.1099343299865723,3.3749998692655936e-05,-0.014712072908878326,0.0037563261575996876,0.40964508056640625,0.010952949523925781,228.0,0.15962526202201843,100.0,3.329193115234375,-0.00411728722974658,0.0,0.0,0.9992203712463379
1230,-0.004351654089987278,0.5516452789306641,0.0,0.9993355870246887,0.0,0.0,1.0,-3.113386392593384,5.062499985797331e-05,-0.021558213979005814,0.028026077896356583,0.4369242191314697,0.010875940322875977,214.0,0.1595965325832367,100.0,3.326529026031494,-0.004338388331234455,0.4310733377933502,0.0,0.9994070529937744
1231,,,,,,,,-3.115065813064575,5.062499985797331e-05,-0.017860939726233482,0.017689546570181847,0.4293251037597656,0.01099705696105957,218.0,0.1596032977104187,100.0,3.3279385566711426,-0.004578906577080488,0.7179837226867676,0.0,0.9993183016777039
1232,,,,,,,,-3.110111951828003,3.3749998692655936e-05,-0.01961658149957657,0.025803614407777786,0.4188249111175537,0.011257171630859375,223.0,0.1598128229379654,100.0,3.3279385566711426,-0.0037658733781427145,1.1984189748764038,0.0,0.9993880391120911
1233,,,,,,,,-3.098438262939453,5.062499985797331e-05,-0.009100543335080147,0.00408319104462862,0.4088759422302246,0.011394023895263672,228.0,0.160091370344162,100.0,3.3279385566711426,-0.003984528128057718,0.003962225746363401,0.0,0.9992663264274597
1234,,,,,,,,-3.087009906768799,3.3749998692655936e-05,-0.023612162098288536,0.011625038459897041,0.43349719047546387,0.01108098030090332,215.0,0.16023509204387665,100.0,3.3231868743896484,-0.004437750671058893,0.6554973721504211,0.0,0.9994168281555176
1235,,,,,,,,-3.0875492095947266,7.593750342493877e-05,-0.009693831205368042,0.01690158247947693,0.42344093322753906,0.010811090469360352,221.0,0.15998828411102295,100.0,3.3181774616241455,-0.00370146706700325,0.874100923538208,0.0,0.9992787837982178
1236,-0.004148487001657486,0.7162328362464905,0.0,0.9993529319763184,0.0,0.0,1.0,-3.100234031677246,3.3749998692655936e-05,-0.02444881573319435,0.018173307180404663,0.42723679542541504,0.01089787483215332,219.0,0.1597408950328827,100.0,3.320180892944336,-0.003987938165664673,1.5140172243118286,0.0,0.9993739128112793
1237,,,,,,,,-3.1065995693206787,3.3749998692655936e-05,-0.017299119383096695,0.005968658719211817,0.4068260192871094,0.010901927947998047,229.0,0.15960662066936493,100.0,3.320180892944336,-0.0038345621433109045,5.1169486141589005e-06,0.0,0.9991582036018372
1238,,,,,,,,-3.111788511276245,5.062499985797331e-05,-0.011617663316428661,0.005350802559405565,0.4221022129058838,0.011684894561767578,221.0,0.159401074051857,100.0,3.328171968460083,-0.004417960066348314,0.10695186257362366,0.0,0.9993377327919006
1239,,,,,,,,-3.120112895965576,7.593750342493877e-05,-0.0161199402064085,0.010467282496392727,0.4241909980773926,0.010814905166625977,220.0,0.15934789180755615,100.0,3.329057216644287,-0.004772082436829805,1.302625298500061,0.0,0.9992424845695496
1240,,,,,,,,-3.123396873474121,3.3749998692655936e-05,-0.01305275596678257,0.020266782492399216,0.43717074394226074,0.010964155197143555,214.0,0.15933465957641602,100.0,3.3308305740356445,-0.003959347028285265,1.5828286409378052,0.0,0.9993322491645813
1241,,,,,,,,-3.1269309520721436,3.3749998692655936e-05,-0.02691088244318962,0.0041465722024440765,0.4131040573120117,0.011272907257080078,226.0,0.15922273695468903,100.0,3.3308305740356445,-0.003588347928598523,0.007577220443636179,0.0,0.9990890622138977
1242,,,,,,,,-3.1313374042510986,5.062499985797331e-05,-0.008513301610946655,0.0038944229017943144,0.4220869541168213,0.010662078857421875,221.0,0.1590743362903595,100.0,3.329521656036377,-0.003993908409029245,0.003733457066118717,0.0,0.9992610812187195
1243,,,,,,,,-3.1371140480041504,3.3749998692655936e-05,-0.01145115401595831,0.015769416466355324,0.42690086364746094,0.010876893997192383,219.0,0.1589859575033188,100.0,3.3304455280303955,-0.004293504171073437,1.2251847982406616,0.0,0.9993014931678772
1244,,,,,,,,-3.1380774974823,0.00011390625149942935,-0.011414103209972382,0.0272394847124815,0.4396340847015381,0.010948657989501953,213.0,0.1590336412191391,100.0,3.332660436630249,-0.004276940133422613,0.5164867639541626,0.0,0.9993117451667786
1245,,,,,,,,-3.130856990814209,0.0002562890585977584,-0.01694239303469658,0.00890791229903698,0.41087818145751953,0.012287139892578125,226.0,0.15926644206047058,100.0,3.332660436630249,-0.003860756056383252,0.62801593542099,0.0,0.9990871548652649
1246,,,,,,,,-3.1215178966522217,5.062499985797331e-05,-0.03423772007226944,0.0022844995837658644,0.5414249897003174,0.01386117935180664,172.0,0.1593373864889145,100.0,3.32629656791687,-0.004552547354251146,3.675907237266074e-06,0.0,0.9991798996925354
1247,,,,,,,,-3.121129274368286,3.3749998692655936e-05,-0.01641141064465046,0.035653114318847656,0.44576311111450195,0.012452840805053711,209.0,0.1593015491962433,100.0,3.332887649536133,-0.004831507336348295,1.5367159843444824,0.0,0.9993156790733337
1248,,,,,,,,-3.125903367996216,0.00011390625149942935,-0.010156678035855293,0.024048861116170883,0.4583852291107178,0.011704683303833008,204.0,0.1590462177991867,100.0,3.327486038208008,-0.004656469915062189,0.7714535593986511,0.0,0.9992833137512207
1249,,,,,,,,-3.130972385406494,3.3749998692655936e-05,-0.02341330423951149,0.00964508019387722,0.40689516067504883,0.01100301742553711,229.0,0.1590411514043808,100.0,3.327486038208008,-0.0037494574207812548,0.8619658946990967,0.0,0.9991447329521179
1250,,,,,,,,-3.122295618057251,7.593750342493877e-05,-0.017954375594854355,0.005880878306925297,0.41344428062438965,0.010965824127197266,226.0,0.15927036106586456,100.0,3.3291099071502686,-0.003919503185898066,0.002823044778779149,0.0,0.9991742968559265
1251,,,,,,,,-3.1096549034118652,5.062499985797331e-05,-0.011588513851165771,0.0467078760266304,0.43058109283447266,0.010657072067260742,217.0,0.1594235897064209,100.0,3.3293185234069824,-0.004262907896190882,1.0520449876785278,0.0,0.9993203282356262
1252,,,,,,,,-3.10625958442688,5.062499985797331e-05,-0.014612074941396713,0.01603865623474121,0.43741917610168457,0.011130809783935547,214.0,0.15939392149448395,100.0,3.3429675102233887,-0.004789532627910376,0.7689318060874939,0.0,0.9992661476135254
1253,,,,,,,,-3.1158666610717773,7.593750342493877e-05,-0.01850360445678234,0.011487990617752075,0.4084889888763428,0.010729074478149414,228.0,0.1589907705783844,100.0,3.3429675102233887,-0.0039091832004487514,1.2312599420547485,0.0,0.9991788864135742
1254,,,,,,,,-3.1331398487091064,2.2500000341096893e-05,-0.012743542902171612,0.004495699889957905,0.4257981777191162,0.010827064514160156,219.0,0.1588594764471054,100.0,3.3429675102233887,-0.003442024113610387,1.0154395368999758e-07,0.0,0.9990915656089783
1255,-0.004431874491274357,0.8385328054428101,0.0,0.9992179870605469,0.0,0.0,1.0,-3.132986545562744,5.062499985797331e-05,-0.021032212302088737,0.0072422511875629425,0.4365220069885254,0.01120305061340332,214.0,0.15897153317928314,100.0,3.3481452465057373,-0.004466464277356863,0.7574942708015442,0.0,0.9993403553962708
1256,,,,,,,,-3.130425214767456,5.062499985797331e-05,-0.01785494014620781,0.018267260864377022,0.42589592933654785,0.011070966720581055,219.0,0.15897317230701447,100.0,3.344400644302368,-0.004433182533830404,0.9039943814277649,0.0,0.9992416501045227
1257,,,,,,,,-3.131617784500122,2.2500000341096893e-05,-0.030550971627235413,0.10071396082639694,0.4206669330596924,0.010834932327270508,222.0,0.15897414088249207,100.0,3.344400644302368,-0.00392873352393508,0.8133134841918945,0.0,0.9992878437042236
1258,,,,,,,,-3.1314661502838135,7.593750342493877e-05,-0.008466645143926144,0.008784124627709389,0.4109230041503906,0.01116180419921875,227.0,0.15889127552509308,100.0,3.344400644302368,-0.003942251205444336,0.00038920677616260946,0.0,0.9991374611854553
1259,,,,,,,,-3.1347153186798096,2.2500000341096893e-05,-0.012978107668459415,0.01091784331947565,0.43333983421325684,0.011132001876831055,215.0,0.15883684158325195,100.0,3.347212076187134,-0.0047401865012943745,0.7173097729682922,0.0,0.9993113875389099
1260,,,,,,,,-3.1323390007019043,5.062499985797331e-05,-0.020869994536042213,0.009184807538986206,0.4271581172943115,0.010872840881347656,219.0,0.15898387134075165,100.0,3.3432211875915527,-0.0038931111339479685,0.7445287108421326,0.0,0.9991856217384338
1261,-0.0036338239442557096,0.44359543919563293,0.0,0.9992660284042358,0.0,0.0,1.0,-3.1253113746643066,9.999999747378752e-06,-0.02419435791671276,0.045668430626392365,0.42716503143310547,0.011278152465820312,218.0,0.15906579792499542,100.0,3.3417108058929443,-0.0036498596891760826,1.1077691316604614,0.0,0.9992985129356384
1262,,,,,,,,-3.1233389377593994,5.062499985797331e-05,-0.0150212487205863,0.006509354338049889,0.4334752559661865,0.011152029037475586,215.0,0.15914137661457062,100.0,3.3417108058929443,-0.004459709394723177,5.983840765111381e-06,0.0,0.9990530014038086
1263,,,,,,,,-3.1216676235198975,2.2500000341096893e-05,-0.025239290669560432,0.01568838208913803,0.4343068599700928,0.012902021408081055,214.0,0.15909896790981293,100.0,3.34745717048645,-0.004006506875157356,0.10411294549703598,0.0,0.9992625117301941
1264,,,,,,,,-3.1275041103363037,0.00011390625149942935,-0.008293318562209606,0.02597353793680668,0.4305710792541504,0.010872125625610352,217.0,0.15881411731243134,100.0,3.345829725265503,-0.004091201350092888,1.3813875913619995,0.0,0.9992154240608215
1265,,,,,,,,-3.1466574668884277,3.3749998692655936e-05,-0.023674003779888153,0.029576845467090607,0.4364051818847656,0.010961055755615234,214.0,0.1584782898426056,100.0,3.351531982421875,-0.004293599631637335,1.5098114013671875,0.0,0.9993085265159607
1266,,,,,,,,-3.156672239303589,3.3749998692655936e-05,-0.01097176130861044,0.003382730996236205,0.4125797748565674,0.010924100875854492,226.0,0.15834808349609375,100.0,3.351531982421875,-0.004260035697370768,0.0,0.0,0.9990503787994385
1267,,,,,,,,-3.158909320831299,5.062499985797331e-05,-0.016974877566099167,0.0036297510378062725,0.4221668243408203,0.010986089706420898,221.0,0.158241868019104,100.0,3.353191614151001,-0.003426403971388936,0.00322749768383801,0.0,0.9991970062255859
1268,,,,,,,,-3.1634373664855957,5.062499985797331e-05,-0.009623726829886436,0.013928620144724846,0.42293596267700195,0.011635065078735352,220.0,0.15812337398529053,100.0,3.352090358734131,-0.004381256643682718,1.4482955932617188,0.0,0.9992377161979675
1269,,,,,,,,-3.168548345565796,3.3749998692655936e-05,-0.02662794105708599,0.016217472031712532,0.4371640682220459,0.010757923126220703,214.0,0.1581212878227234,100.0,3.355898380279541,-0.004574906546622515,0.8480184674263,0.0,0.9992988705635071
1270,,,,,,,,-3.1680004596710205,0.00011390625149942935,-0.011040793731808662,0.007237815763801336,0.4066600799560547,0.011277198791503906,229.0,0.15825600922107697,100.0,3.355898380279541,-0.00409467751160264,0.7158565521240234,0.0,0.9990823864936829
1271,,,,,,,,-3.160534620285034,1.4999999621068127e-05,-0.01308140717446804,0.0049278815276920795,0.42631101608276367,0.011059045791625977,219.0,0.1583636999130249,100.0,3.354909658432007,-0.0038602855056524277,0.002507124561816454,0.0,0.9992099404335022
1272,,,,,,,,-3.157813549041748,3.3749998692655936e-05,-0.017319921404123306,0.027743320912122726,0.4230678081512451,0.010730981826782227,221.0,0.15843872725963593,100.0,3.3567614555358887,-0.004268308635801077,1.2332509756088257,0.0,0.9993152022361755
1273,,,,,,,,-3.152503490447998,7.593750342493877e-05,-0.019708599895238876,0.01000767108052969,0.437636137008667,0.010817766189575195,214.0,0.15867675840854645,100.0,3.361818552017212,-0.00434889318421483,0.8421053886413574,0.0,0.9993203282356262
1274,,,,,,,,-3.1384387016296387,3.3749998692655936e-05,-0.013031444512307644,0.010901197791099548,0.4092259407043457,0.01076197624206543,228.0,0.15894916653633118,100.0,3.361818552017212,-0.004040107596665621,0.8720360398292542,0.0,0.9991691708564758
1275,,,,,,,,-3.1293530464172363,2.2500000341096893e-05,-0.008766161277890205,0.008686766028404236,0.41309118270874023,0.011742830276489258,225.0,0.15904240310192108,100.0,3.3586010932922363,-0.004070030525326729,0.001691525336354971,0.0,0.9992114901542664
1276,,,,,,,,-3.126880168914795,5.062499985797331e-05,-0.007834390737116337,0.02885705977678299,0.433121919631958,0.01151418685913086,215.0,0.15904276072978973,100.0,3.360175848007202,-0.004385323729366064,0.6484153270721436,0.0,0.9993586540222168
1277,,,,,,,,-3.1290595531463623,5.062499985797331e-05,-0.01674717664718628,0.019494634121656418,0.4400448799133301,0.01086115837097168,212.0,0.1588239222764969,100.0,3.3605008125305176,-0.004403174854815006,0.7478270530700684,0.0,0.9992755055427551
1278,,,,,,,,-3.139784336090088,5.062499985797331e-05,-0.016531651839613914,0.019845128059387207,0.4095733165740967,0.010787010192871094,228.0,0.15843914449214935,100.0,3.3605008125305176,-0.004381226841360331,1.308638572692871,0.0,0.9992408752441406
1279,,,,,,,,-3.1568479537963867,3.3749998692655936e-05,-0.019361499696969986,0.008293280377984047,0.4092729091644287,0.010782957077026367,228.0,0.15803667902946472,100.0,3.3605008125305176,-0.0038929216098040342,0.0011974109802395105,0.0,0.9991812705993652
1280,-0.004122786223888397,0.6405344009399414,0.0,0.9992486238479614,0.0,0.0,1.0,-3.1699557304382324,7.593750342493877e-05,-0.020991496741771698,0.025885000824928284,0.43876099586486816,0.011012077331542969,213.0,0.15783512592315674,100.0,3.355700969696045,-0.004820120055228472,0.7405638694763184,0.0,0.9993670582771301
1281,,,,,,,,-3.1714131832122803,5.062499985797331e-05,-0.02595401741564274,0.02590838074684143,0.43038201332092285,0.01079106330871582,217.0,0.1578083634376526,100.0,3.3527936935424805,-0.00434827757999301,0.7196854948997498,0.0,0.999202311038971
1282,,,,,,,,-3.1685991287231445,3.3749998692655936e-05,-0.017006244510412216,0.03792141005396843,0.4199330806732178,0.01093602180480957,222.0,0.15790367126464844,100.0,3.3527936935424805,-0.004254509694874287,1.2598878145217896,0.0,0.9992706179618835
1283,,,,,,,,-3.1698217391967773,7.593750342493877e-05,-0.01146518811583519,0.0026356393937021494,0.4074370861053467,0.010807037353515625,229.0,0.157613143324852,100.0,3.3527936935424805,-0.004466569516807795,1.895235641313775e-06,0.0,0.9991357922554016
1284,,,,,,,,-3.1869711875915527,3.3749998692655936e-05,-0.012516498565673828,0.01324404589831829,0.4378092288970947,0.01099705696105957,213.0,0.15724052488803864,100.0,3.353388547897339,-0.004060640465468168,0.6574587225914001,0.0,0.9993259310722351
1285,,,,,,,,-3.1981489658355713,3.3749998692655936e-05,-0.013810476288199425,0.014219112694263458,0.42601704597473145,0.010838031768798828,219.0,0.15708868205547333,100.0,3.3481435775756836,-0.004103266168385744,0.8095746040344238,0.0,0.999223530292511
1286,-0.0043403394520282745,0.7403479814529419,0.0,0.9992496967315674,0.0,0.0,1.0,-3.2064526081085205,5.062499985797331e-05,-0.01862604357302189,0.05253251641988754,0.4240579605102539,0.011169910430908203,220.0,0.1569119393825531,100.0,3.3492839336395264,-0.004032600671052933,1.2114521265029907,0.0,0.999317467212677
1287,,,,,,,,-3.211592197418213,5.062499985797331e-05,-0.009164310991764069,0.00311530870385468,0.4082627296447754,0.010801315307617188,229.0,0.15692399442195892,100.0,3.3492839336395264,-0.0038101021200418472,0.018817253410816193,0.0,0.9991002082824707
1288,,,,,,,,-3.207791328430176,3.3749998692655936e-05,-0.00979127362370491,0.02927176095545292,0.42108702659606934,0.010840892791748047,222.0,0.15697339177131653,100.0,3.347250461578369,-0.004201422445476055,0.09882258623838425,0.0,0.9992435574531555
1289,,,,,,,,-3.2063541412353516,5.062499985797331e-05,-0.0173829086124897,0.02769526280462742,0.4286317825317383,0.011065244674682617,218.0,0.15690134465694427,100.0,3.3443050384521484,-0.004170246887952089,1.3171902894973755,0.0,0.999248206615448
1290,,,,,,,,-3.2132208347320557,0.00011390625149942935,-0.025059448555111885,0.047563157975673676,0.4357187747955322,0.011046171188354492,214.0,0.1565369814634323,100.0,3.3437719345092773,-0.004107411485165358,1.624526023864746,0.0,0.9993453621864319
1291,,,,,,,,-3.223125457763672,0.00011390625149942935,-0.013215171173214912,0.01437074039131403,0.42716288566589355,0.010996103286743164,219.0,0.1567186564207077,100.0,3.3437719345092773,-0.003887747647240758,0.008139688521623611,0.0,0.9990517497062683
1292,,,,,,,,-3.21006178855896,2.2500000341096893e-05,-0.026233654469251633,0.010822230018675327,0.4285550117492676,0.011502265930175781,218.0,0.15695659816265106,100.0,3.338850498199463,-0.0037634011823683977,0.0036391133908182383,0.0,0.999229907989502
1293,,,,,,,,-3.2061421871185303,7.593750342493877e-05,-0.016056032851338387,0.017261993139982224,0.4308490753173828,0.011095046997070312,217.0,0.15699724853038788,100.0,3.3467164039611816,-0.0038579951506108046,1.5572389364242554,0.0,0.9992743134498596
1294,,,,,,,,-3.210219383239746,7.593750342493877e-05,-0.017861470580101013,0.07757986336946487,0.4431588649749756,0.011054039001464844,211.0,0.15687531232833862,100.0,3.347743272781372,-0.004606605041772127,0.9658634662628174,0.0,0.9992678761482239
1295,,,,,,,,-3.2096474170684814,2.2500000341096893e-05,-0.02093886397778988,0.05065343528985977,0.40953803062438965,0.011167049407958984,228.0,0.15702101588249207,100.0,3.347743272781372,-0.0037645308766514063,0.16486015915870667,0.0,0.9991154074668884
1296,,,,,,,,-3.2051994800567627,5.062499985797331e-05,-0.019110193476080894,0.010690893977880478,0.4211139678955078,0.010825872421264648,222.0,0.157028928399086,100.0,3.3516383171081543,-0.0037925392389297485,0.0005546440952457488,0.0,0.9991705417633057
1297,,,,,,,,-3.208334445953369,3.3749998692655936e-05,-0.019118376076221466,0.030288824811577797,0.4222838878631592,0.010989189147949219,221.0,0.15692798793315887,100.0,3.3536384105682373,-0.003716216189786792,1.2859236001968384,0.0,0.9992967247962952
1298,,,,,,,,-3.2131197452545166,0.00011390625149942935,-0.0050577567890286446,0.04674391821026802,0.43511509895324707,0.010661840438842773,215.0,0.15673716366291046,100.0,3.3545260429382324,-0.004654073156416416,0.776974618434906,0.0,0.9993407130241394
1299,,,,,,,,-3.2136175632476807,0.00017085937724914402,-0.012994268909096718,0.019863521680235863,0.4079430103302002,0.0106658935546875,229.0,0.15702684223651886,100.0,3.3545260429382324,-0.00364958425052464,1.0080759525299072,0.0,0.9991772174835205
1300,,,,,,,,-3.2068352699279785,2.2500000341096893e-05,-0.02031794562935829,0.008195720613002777,0.41359996795654297,0.011382818222045898,225.0,0.1570165902376175,100.0,3.3558356761932373,-0.003989529330283403,0.0012806883314624429,0.0,0.9992002844810486
1301,,,,,,,,-3.2073135375976562,0.00011390625149942935,-0.012882416136562824,0.07080604135990143,0.4304330348968506,0.011546134948730469,217.0,0.15714555978775024,100.0,3.3527112007141113,-0.004358022008091211,0.5717617869377136,0.0,0.9993653297424316
1302,,,,,,,,-3.1952483654022217,5.062499985797331e-05,-0.013379517011344433,0.031015856191515923,0.43448877334594727,0.010924100875854492,215.0,0.15740516781806946,100.0,3.357787847518921,-0.004472168628126383,0.39369890093803406,0.0,0.9993006587028503
1303,,,,,,,,-3.192302942276001,3.3749998692655936e-05,-0.01741296611726284,0.033425796777009964,0.4100480079650879,0.010702848434448242,228.0,0.15736429393291473,100.0,3.357787847518921,-0.0032627731561660767,1.56268310546875,0.0,0.9991891980171204
1304,,,,,,,,-3.187695264816284,7.593750342493877e-05,-0.008946399204432964,0.008058641105890274,0.40862011909484863,0.010869979858398438,228.0,0.15764477849006653,100.0,3.357787847518921,-0.004003227222710848,0.005178383551537991,0.0,0.9991490840911865
1305,-0.00416116276755929,0.43028897047042847,0.0,0.9992818236351013,0.0,0.0,1.0,-3.1719253063201904,3.3749998692655936e-05,-0.00872773863375187,0.03218666464090347,0.4358987808227539,0.011034011840820312,214.0,0.15776924788951874,100.0,3.3473713397979736,-0.004048776347190142,0.867865264415741,0.0,0.9993247389793396
1306,,,,,,,,-3.168038845062256,5.062499985797331e-05,-0.012769503518939018,0.014236276969313622,0.42421698570251465,0.010751008987426758,220.0,0.15775026381015778,100.0,3.3525328636169434,-0.004299750551581383,0.9063231348991394,0.0,0.9991733431816101
1307,,,,,,,,-3.1670081615448,2.2500000341096893e-05,-0.012306946329772472,0.03049226850271225,0.4186880588531494,0.01104283332824707,223.0,0.15780630707740784,100.0,3.3525328636169434,-0.003916289657354355,1.834822654724121,0.0,0.9991812109947205
1308,,,,,,,,-3.1652116775512695,7.593750342493877e-05,-0.004090599715709686,0.00666851457208395,0.40903234481811523,0.010689973831176758,228.0,0.1578950732946396,100.0,3.3525328636169434,-0.0038767270743846893,0.009052339009940624,0.0,0.9989965558052063
1309,,,,,,,,-3.160308599472046,3.3749998692655936e-05,-0.026292834430933,0.05277301371097565,0.49736976623535156,0.01100921630859375,188.0,0.15803344547748566,100.0,3.3567934036254883,-0.004473787732422352,0.4178219735622406,0.0,0.999241828918457
1310,,,,,,,,-3.1569008827209473,5.062499985797331e-05,-0.02687406726181507,0.02736799418926239,0.42205095291137695,0.010761022567749023,221.0,0.15806888043880463,100.0,3.360597848892212,-0.00364314834587276,0.6006047129631042,0.0,0.999188244342804
1311,-0.004145212005823851,0.9086030721664429,0.0,0.999143123626709,0.0,0.0,1.0,-3.159414768218994,3.3749998692655936e-05,-0.025101110339164734,0.031136857345700264,0.4238920211791992,0.010769844055175781,220.0,0.15795014798641205,100.0,3.3649933338165283,-0.004097263794392347,1.654621958732605,0.0,0.9992665648460388
1312,,,,,,,,-3.1632492542266846,2.2500000341096893e-05,-0.01877056062221527,0.005885681137442589,0.40680694580078125,0.010833978652954102,229.0,0.15789100527763367,100.0,3.3649933338165283,-0.003985418938100338,0.042720112949609756,0.0,0.9990153312683105
1313,,,,,,,,-3.167268991470337,3.3749998692655936e-05,-0.022422321140766144,0.010223900899291039,0.4219191074371338,0.011046171188354492,221.0,0.1577892303466797,100.0,3.356931447982788,-0.003885064972564578,0.12113595008850098,0.0,0.99919193983078
1314,,,,,,,,-3.179288864135742,7.593750342493877e-05,-0.013554580509662628,0.2368888258934021,0.42482995986938477,0.010947704315185547,220.0,0.15743468701839447,100.0,3.355729103088379,-0.003969559911638498,1.0115886926651,0.0,0.9991622567176819
1315,,,,,,,,-3.1948306560516357,5.062499985797331e-05,-0.012628212571144104,0.15501129627227783,0.4334399700164795,0.011087179183959961,215.0,0.15739095211029053,100.0,3.359269618988037,-0.004361596889793873,1.2564178705215454,0.0,0.9992521405220032
1316,,,,,,,,-3.1932387351989746,2.2500000341096893e-05,-0.017543474212288857,0.008586887270212173,0.4082479476928711,0.01073312759399414,229.0,0.1575537770986557,100.0,3.359269618988037,-0.00379454274661839,0.02703462541103363,0.0,0.9990025162696838
1317,,,,,,,,-3.185091495513916,7.593750342493877e-05,-0.011697257868945599,0.005624874494969845,0.42055606842041016,0.010835886001586914,222.0,0.15786327421665192,100.0,3.362515926361084,-0.003810821333900094,0.005983417388051748,0.0,0.9991733431816101
1318,,,,,,,,-3.1762137413024902,7.593750342493877e-05,-0.024350930005311966,0.034444570541381836,0.44664692878723145,0.011542081832885742,209.0,0.15792378783226013,100.0,3.3527004718780518,-0.004170556552708149,1.2456687688827515,0.0,0.9992243647575378
1319,,,,,,,,-3.1816494464874268,2.2500000341096893e-05,-0.01800226978957653,0.2020326405763626,0.4441797733306885,0.011007070541381836,210.0,0.15777185559272766,100.0,3.3487660884857178,-0.004716020077466965,0.38801655173301697,0.0,0.9992921948432922
1320,,,,,,,,-3.190678834915161,5.062499985797331e-05,-0.017484256997704506,0.04978565126657486,0.4088723659515381,0.011373758316040039,228.0,0.15749050676822662,100.0,3.3487660884857178,-0.003961934242397547,0.0749727413058281,0.0,0.9991270899772644
1321,,,,,,,,-3.2002696990966797,2.2500000341096893e-05,-0.024223607033491135,0.009937330149114132,0.42201805114746094,0.010770082473754883,221.0,0.15738537907600403,100.0,3.3454272747039795,-0.003822657512500882,4.127886768401368e-06,0.0,0.9991132616996765
1322,,,,,,,,-3.2042887210845947,5.062499985797331e-05,-0.010526466183364391,0.09945368766784668,0.42464613914489746,0.010966062545776367,220.0,0.15727126598358154,100.0,3.346823215484619,-0.0040137688629329205,1.69456946849823,0.0,0.9992799162864685
1323,,,,,,,,-3.2110562324523926,3.3749998692655936e-05,-0.016847003251314163,0.041915152221918106,0.48857593536376953,0.011250019073486328,192.0,0.15723012387752533,100.0,3.3256478309631348,-0.004649563226848841,0.8886959552764893,0.0,0.9992805123329163
1324,,,,,,,,-3.214211940765381,5.062499985797331e-05,-0.009421613067388535,0.031572356820106506,0.4068448543548584,0.010712146759033203,229.0,0.15716604888439178,100.0,3.3256478309631348,-0.004200168419629335,0.48754528164863586,0.0,0.9991200566291809
1325,,,,,,,,-3.219081401824951,3.3749998692655936e-05,-0.029323579743504524,0.0031994048040360212,0.41181278228759766,0.01086115837097168,227.0,0.1570485383272171,100.0,3.3286755084991455,-0.004089145455509424,2.73316018137848e-05,0.0,0.9991111755371094
1326,,,,,,,,-3.222656488418579,3.3749998692655936e-05,-0.018491080030798912,0.1088816449046135,0.43035173416137695,0.010577917098999023,217.0,0.15706557035446167,100.0,3.3344550132751465,-0.003890301799401641,0.3410286009311676,0.0,0.999321699142456
1327,,,,,,,,-3.2216527462005615,3.3749998692655936e-05,-0.030021633952856064,0.017712026834487915,0.43613123893737793,0.011439085006713867,214.0,0.15713807940483093,100.0,3.327674388885498,-0.004324617329984903,0.3760608434677124,0.0,0.9992570281028748
1328,,,,,,,,-3.2200019359588623,2.2500000341096893e-05,-0.019058311358094215,0.07560764253139496,0.4081268310546875,0.01082611083984375,229.0,0.15718701481819153,100.0,3.327674388885498,-0.003961312584578991,1.7361382246017456,0.0,0.999087393283844
1329,,,,,,,,-3.2253715991973877,0.00017085937724914402,-0.010871974751353264,0.005035280715674162,0.40564608573913574,0.010815858840942383,230.0,0.15680983662605286,100.0,3.327674388885498,-0.0043212720192968845,0.005963312927633524,0.0,0.9990277886390686
1330,-0.004522594157606363,0.3051728308200836,0.0,0.9992027878761292,0.0,0.0,1.0,-3.2675297260284424,5.062499985797331e-05,-0.021076608449220657,0.0671246349811554,0.43575119972229004,0.010807037353515625,214.0,0.1557338535785675,100.0,3.310019016265869,-0.004921432118862867,0.879500687122345,0.0,0.9992929100990295
1331,,,,,,,,-3.298746347427368,2.2500000341096893e-05,-0.020534228533506393,0.0638171061873436,0.4293661117553711,0.010865211486816406,218.0,0.1554172784090042,100.0,3.3161120414733887,-0.004341047257184982,0.8240647315979004,0.0,0.9991645216941833
1332,,,,,,,,-3.308953046798706,2.2500000341096893e-05,-0.016851797699928284,0.09467249363660812,0.42913317680358887,0.011057138442993164,218.0,0.15525534749031067,100.0,3.3161120414733887,-0.003907230217009783,1.4903870820999146,0.0,0.9991490244865417
1333,,,,,,,,-3.3192639350891113,3.3749998692655936e-05,-0.008326838724315166,0.02303675375878811,0.4094212055206299,0.010608911514282227,228.0,0.1549740731716156,100.0,3.3161120414733887,-0.004011522512882948,3.963071776524885e-06,0.0,0.9990202784538269
1334,,,,,,,,-3.330437660217285,3.3749998692655936e-05,-0.026576470583677292,0.03728657215833664,0.43576598167419434,0.010834932327270508,214.0,0.15487445890903473,100.0,3.3267438411712646,-0.003970345947891474,0.7823556065559387,0.0,0.9992730021476746
1335,,,,,,,,-3.332939624786377,2.2500000341096893e-05,-0.03131461143493652,0.01607668399810791,0.4225962162017822,0.010649681091308594,221.0,0.15490640699863434,100.0,3.327056407928467,-0.003706755116581917,0.7968764901161194,0.0,0.9991216659545898
1336,-0.004036496393382549,0.7261514663696289,0.0,0.9991182684898376,0.0,0.0,1.0,-3.3306472301483154,2.2500000341096893e-05,-0.015108123421669006,0.05787094682455063,0.42699599266052246,0.011272192001342773,219.0,0.1550213247537613,100.0,3.3276419639587402,-0.004179105628281832,1.6344751119613647,0.0,0.9992298483848572
1337,,,,,,,,-3.3272018432617188,5.062499985797331e-05,-0.013561565428972244,0.0052282121032476425,0.40860605239868164,0.01098012924194336,228.0,0.15505358576774597,100.0,3.3276419639587402,-0.003730563446879387,0.0023906908463686705,0.0,0.9989797472953796
1338,,,,,,,,-3.333247661590576,3.3749998692655936e-05,-0.00601723650470376,0.006506531964987516,0.4224371910095215,0.010840892791748047,221.0,0.15480634570121765,100.0,3.335935115814209,-0.0045295655727386475,0.1259767860174179,0.0,0.9992215037345886
1339,,,,,,,,-3.3421058654785156,1.4999999621068127e-05,-0.024363817647099495,0.02878658100962639,0.43805909156799316,0.010961771011352539,213.0,0.1547563225030899,100.0,3.344007730484009,-0.004370494745671749,1.7381051778793335,0.0,0.9992091655731201
1340,,,,,,,,-3.3424856662750244,7.593750342493877e-05,-0.01706402562558651,0.03803117945790291,0.4347879886627197,0.010695934295654297,215.0,0.1547897905111313,100.0,3.3442342281341553,-0.004047560505568981,1.6546149253845215,0.0,0.9993037581443787
1341,,,,,,,,-3.3414199352264404,2.2500000341096893e-05,-0.02173745632171631,0.01804630272090435,0.4082047939300537,0.011078119277954102,228.0,0.15479378402233124,100.0,3.3442342281341553,-0.003307803301140666,0.16712789237499237,0.0,0.9990832805633545
1342,,,,,,,,-3.3407654762268066,5.062499985797331e-05,-0.009272150695323944,0.006952584255486727,0.42075014114379883,0.011241912841796875,222.0,0.1548115611076355,100.0,3.3478782176971436,-0.003408467397093773,0.004548175726085901,0.0,0.9992106556892395
1343,,,,,,,,-3.343099594116211,2.2500000341096893e-05,-0.01394637580960989,0.11915852874517441,0.41921401023864746,0.010937929153442383,223.0,0.15470539033412933,100.0,3.3508493900299072,-0.004224276635795832,0.7147005200386047,0.0,0.9992666840553284
1344,,,,,,,,-3.350651502609253,3.3749998692655936e-05,-0.03386404737830162,0.2876417636871338,0.43538618087768555,0.01093292236328125,215.0,0.15451431274414062,100.0,3.3566126823425293,-0.004252419341355562,0.3105757236480713,0.0,0.9993195533752441
1345,,,,,,,,-3.364530086517334,0.00017085937724914402,-0.012508615851402283,0.031095905229449272,0.41136789321899414,0.010935068130493164,227.0,0.15415087342262268,100.0,3.3566126823425293,-0.004149367567151785,0.7033858895301819,0.0,0.9991157054901123
1346,,,,,,,,-3.3894174098968506,2.2500000341096893e-05,-0.011034166440367699,0.01661028154194355,0.4227631092071533,0.010894060134887695,221.0,0.1538638174533844,100.0,3.351633310317993,-0.0038557983934879303,2.273937070640386e-06,0.0,0.9992625713348389
1347,,,,,,,,-3.3965044021606445,2.2500000341096893e-05,-0.013024711050093174,0.15586967766284943,0.42434215545654297,0.010748863220214844,220.0,0.15373079478740692,100.0,3.3432016372680664,-0.0037410578224807978,1.17629873752594,0.0,0.9993636012077332
1348,,,,,,,,-3.401108741760254,5.062499985797331e-05,-0.01602286659181118,0.04913173243403435,0.43731093406677246,0.010805130004882812,214.0,0.15366099774837494,100.0,3.3322629928588867,-0.004452349152415991,0.7482824325561523,0.0,0.9993302822113037
1349,,,,,,,,-3.3971803188323975,5.062499985797331e-05,-0.024216700345277786,0.05078210309147835,0.40610718727111816,0.010761022567749023,230.0,0.1537931114435196,100.0,3.3322629928588867,-0.0035858836490660906,0.5760316848754883,0.0,0.9991519451141357
1350,,,,,,,,-3.3857688903808594,5.062499985797331e-05,-0.02600320614874363,0.00425917562097311,0.4115922451019287,0.010969877243041992,227.0,0.1541137397289276,100.0,3.3415567874908447,-0.0035975829232484102,2.421589861967277e-08,0.0,0.9991801381111145
1351,,,,,,,,-3.3749265670776367,3.3749998692655936e-05,-0.025771312415599823,0.03492848947644234,0.43079400062561035,0.010905742645263672,217.0,0.15431682765483856,100.0,3.331528425216675,-0.003988944459706545,0.7880425453186035,0.0,0.9993703961372375
1352,,,,,,,,-3.367175817489624,5.062499985797331e-05,-0.017265502363443375,0.04022002965211868,0.4355330467224121,0.010946989059448242,215.0,0.1544979214668274,100.0,3.33473801612854,-0.0037312041968107224,0.3186070919036865,0.0,0.9993200898170471
1353,,,,,,,,-3.3585710525512695,7.593750342493877e-05,-0.02099447138607502,0.10916317254304886,0.40862107276916504,0.011037826538085938,228.0,0.15484225749969482,100.0,3.33473801612854,-0.003913448192179203,1.0921162366867065,0.0,0.9992268085479736
1354,,,,,,,,-3.3460636138916016,1.4999999621068127e-05,-0.01863967441022396,0.004077055957168341,0.4080798625946045,0.011407136917114258,228.0,0.15495023131370544,100.0,3.33473801612854,-0.003503061830997467,3.1250894494405657e-07,0.0,0.9991760849952698
1355,-0.0037300752010196447,0.49699485301971436,0.0,0.9992876052856445,0.0,0.0,1.0,-3.3454997539520264,3.3749998692655936e-05,-0.019864114001393318,0.025018244981765747,0.4368250370025635,0.010910987854003906,214.0,0.15487784147262573,100.0,3.324188709259033,-0.004073590040206909,0.5933253169059753,0.0,0.999407947063446
1356,,,,,,,,-3.351571798324585,3.3749998692655936e-05,-0.01212296076118946,0.08227977901697159,0.4250457286834717,0.01118612289428711,220.0,0.1548539400100708,100.0,3.316061496734619,-0.004204827826470137,0.8493039608001709,0.0,0.9992925524711609
1357,,,,,,,,-3.354106903076172,2.2500000341096893e-05,-0.01674889400601387,0.09826324880123138,0.41747093200683594,0.010796070098876953,224.0,0.15492644906044006,100.0,3.316061496734619,-0.0035524070262908936,1.6554030179977417,0.0,0.9993147850036621
1358,,,,,,,,-3.3564765453338623,7.593750342493877e-05,-0.010695721954107285,0.005286386236548424,0.4079720973968506,0.010993003845214844,229.0,0.15488135814666748,100.0,3.316061496734619,-0.0034846055787056684,0.018662309274077415,0.0,0.9992010593414307
1359,,,,,,,,-3.3653433322906494,3.3749998692655936e-05,-0.020697804167866707,0.06478027999401093,0.43233299255371094,0.010692119598388672,216.0,0.15480276942253113,100.0,3.3102376461029053,-0.003973520826548338,0.7691357731819153,0.0,0.9994134902954102
1360,,,,,,,,-3.3713815212249756,5.062499985797331e-05,-0.012580743059515953,0.00839517917484045,0.41974711418151855,0.01114964485168457,222.0,0.15467722713947296,100.0,3.316230535507202,-0.00465242937207222,0.664581835269928,0.0,0.9993308186531067
1361,-0.00433636037632823,0.7658819556236267,0.0,0.9993367195129395,0.0,0.0,1.0,-3.372955083847046,5.062499985797331e-05,-0.008538557216525078,0.09951628744602203,0.42270588874816895,0.010949134826660156,221.0,0.1548278033733368,100.0,3.3173673152923584,-0.004540661349892616,1.7234078645706177,0.0,0.9994149208068848
1362,,,,,,,,-3.364361047744751,2.2500000341096893e-05,-0.0256106685847044,0.005647605750709772,0.407681941986084,0.010822296142578125,229.0,0.15493090450763702,100.0,3.3173673152923584,-0.0038934603799134493,0.025039399042725563,0.0,0.9992147088050842
1363,,,,,,,,-3.361429452896118,0.00011390625149942935,-0.008632078766822815,0.005113172344863415,0.42073988914489746,0.010619163513183594,222.0,0.15487635135650635,100.0,3.3129405975341797,-0.004193337168544531,0.09856605529785156,0.0,0.9993802905082703
1364,,,,,,,,-3.3606011867523193,0.00017085937724914402,-0.016485294327139854,0.032106585800647736,0.420698881149292,0.010935068130493164,222.0,0.15503481030464172,100.0,3.322758436203003,-0.0046914671547710896,1.5657310485839844,0.0,0.9993205666542053
1365,,,,,,,,-3.356844425201416,3.3749998692655936e-05,-0.027367930859327316,0.029215585440397263,0.4341881275177002,0.010962247848510742,215.0,0.15502841770648956,100.0,3.3309099674224854,-0.004499679896980524,1.582657814025879,0.0,0.9994411468505859
1366,,,,,,,,-3.365349531173706,3.3749998692655936e-05,-0.010244559496641159,0.013457508757710457,0.4062809944152832,0.01139521598815918,229.0,0.15480032563209534,100.0,3.3309099674224854,-0.0035917058121412992,0.11546218395233154,0.0,0.99922776222229
1367,,,,,,,,-3.37424635887146,3.3749998692655936e-05,-0.018809907138347626,0.003161738393828273,0.4210631847381592,0.010894775390625,222.0,0.15478837490081787,100.0,3.3328793048858643,-0.0038753810804337263,0.002419333206489682,0.0,0.9993255138397217
1368,,,,,,,,-3.3771815299987793,3.3749998692655936e-05,-0.014295797795057297,0.05631696432828903,0.42247676849365234,0.010863065719604492,221.0,0.1546788513660431,100.0,3.334833860397339,-0.004337782505899668,0.8726933598518372,0.0,0.99935382604599
1369,,,,,,,,-3.38293194770813,3.3749998692655936e-05,-0.026873137801885605,0.027553196996450424,0.45366811752319336,0.012313127517700195,206.0,0.15457552671432495,100.0,3.346153974533081,-0.00408330000936985,0.8633524775505066,0.0,0.999439001083374
1370,,,,,,,,-3.3862569332122803,0.00017085937724914402,-0.0028986185789108276,0.03432517498731613,0.4854409694671631,0.011152029037475586,193.0,0.1544756442308426,100.0,3.346153974533081,-0.003419478191062808,0.6409010291099548,0.0,0.9991921782493591
1371,,,,,,,,-3.3947319984436035,2.2500000341096893e-05,-0.013814355246722698,0.016859158873558044,0.42309999465942383,0.01087188720703125,221.0,0.1544065922498703,100.0,3.3412413597106934,-0.003779454156756401,1.4784155837332946e-06,0.0,0.9993259906768799
1372,,,,,,,,-3.3994128704071045,5.062499985797331e-05,-0.014889419078826904,0.041679903864860535,0.4262840747833252,0.011356115341186523,219.0,0.15433277189731598,100.0,3.334467649459839,-0.004177067894488573,0.9626300930976868,0.0,0.9993764758110046
1373,,,,,,,,-3.40749192237854,3.3749998692655936e-05,-0.020466173067688942,0.03326094523072243,0.4410860538482666,0.011108875274658203,212.0,0.1542055904865265,100.0,3.3343427181243896,-0.00401585316285491,0.745314359664917,0.0,0.9994189739227295
1374,,,,,,,,-3.4147539138793945,3.3749998692655936e-05,-0.018028592690825462,0.017410535365343094,0.4100360870361328,0.010863780975341797,228.0,0.15413087606430054,100.0,3.3343427181243896,-0.0036096416879445314,0.5927228927612305,0.0,0.9992755055427551
1375,,,,,,,,-3.4095497131347656,7.593750342493877e-05,-0.02015654183924198,0.003386200638487935,0.41076111793518066,0.010856866836547852,227.0,0.15443651378154755,100.0,3.3326878547668457,-0.003503368003293872,2.1438952444441384e-06,0.0,0.9993188977241516
1376,,,,,,,,-3.38718318939209,2.2500000341096893e-05,-0.014179498888552189,0.03515873849391937,0.4643557071685791,0.012077093124389648,201.0,0.15464042127132416,100.0,3.3252315521240234,-0.004097131080925465,0.8336649537086487,0.0,0.9994588494300842
1377,,,,,,,,-3.3789048194885254,3.3749998692655936e-05,-0.02301672473549843,0.03451123088598251,0.4335758686065674,0.011131048202514648,215.0,0.154743030667305,100.0,3.3205957412719727,-0.004256689455360174,0.7826783657073975,0.0,0.9993885159492493
1378,,,,,,,,-3.3714802265167236,2.2500000341096893e-05,-0.022656504064798355,0.05806652456521988,0.45647311210632324,0.010956048965454102,205.0,0.15485508739948273,100.0,3.3205957412719727,-0.004102128092199564,1.7364205121994019,0.0,0.9993591904640198
1379,,,,,,,,-3.36377215385437,0.00017085937724914402,-0.010876782238483429,0.005172566510736942,0.4104733467102051,0.011215925216674805,227.0,0.1551734358072281,100.0,3.3205957412719727,-0.003956969827413559,0.0,0.0,0.9993305206298828
1380,-0.0039049899205565453,0.7521110773086548,0.0,0.9993987679481506,0.0,0.0,1.0,-3.339484691619873,2.2500000341096893e-05,-0.027126461267471313,0.051082346588373184,0.4371988773345947,0.010888814926147461,214.0,0.15552516281604767,100.0,3.3234012126922607,-0.004267075564712286,0.41196322441101074,0.0,0.9994807839393616
1381,,,,,,,,-3.3309574127197266,3.3749998692655936e-05,-0.021675752475857735,0.015388832427561283,0.42710208892822266,0.010893821716308594,219.0,0.15554219484329224,100.0,3.3283841609954834,-0.003642331575974822,0.6488844752311707,0.0,0.9993688464164734
1382,,,,,,,,-3.3273308277130127,5.062499985797331e-05,-0.004157986957579851,0.051277294754981995,0.48559999465942383,0.014585733413696289,191.0,0.15574805438518524,100.0,3.3283841609954834,-0.0037280649412423372,1.5421229600906372,0.0,0.999392032623291
1383,,,,,,,,-3.315171003341675,3.3749998692655936e-05,-0.007012961897999048,0.005635763052850962,0.6135001182556152,0.015774011611938477,152.0,0.1559261679649353,100.0,3.3283841609954834,-0.004050446208566427,1.485069515183568e-05,0.0,0.999305248260498
1384,,,,,,,,-3.3156661987304688,2.2500000341096893e-05,-0.02434253692626953,0.021840600296854973,0.5300970077514648,0.011827945709228516,177.0,0.15580441057682037,100.0,3.3231375217437744,-0.0042583635076880455,0.740942656993866,0.0,0.9994754195213318
1385,,,,,,,,-3.321326971054077,0.00011390625149942935,-0.006021411623805761,0.02748538739979267,0.4493832588195801,0.010891914367675781,208.0,0.15571920573711395,100.0,3.32323956489563,-0.0043965536169707775,0.8248298764228821,0.0,0.9993224143981934
1386,-0.004066417459398508,0.8616078495979309,0.0,0.9994025230407715,0.0,0.0,1.0,-3.3239121437072754,5.062499985797331e-05,-0.029995856806635857,0.034582775086164474,0.42537903785705566,0.010905981063842773,220.0,0.15577861666679382,100.0,3.3264338970184326,-0.0037880095187574625,1.3539601564407349,0.0,0.9994621276855469
1387,,,,,,,,-3.324636936187744,5.062499985797331e-05,-0.019358264282345772,0.018470140174031258,0.4098801612854004,0.01073002815246582,228.0,0.15583756566047668,100.0,3.3264338970184326,-0.0035382304340600967,0.004943419713526964,0.0,0.9993135333061218
1388,,,,,,,,-3.3264267444610596,7.593750342493877e-05,-0.029458995908498764,0.018532387912273407,0.42490720748901367,0.011327981948852539,220.0,0.15584945678710938,100.0,3.328490972518921,-0.00414059404283762,0.09180793911218643,0.0,0.9994592666625977
1389,,,,,,,,-3.3259530067443848,2.2500000341096893e-05,-0.026768628507852554,0.08795075863599777,0.42215681076049805,0.010987043380737305,221.0,0.15597765147686005,100.0,3.3338780403137207,-0.0038655211683362722,1.255675196647644,0.0,0.9993942379951477
1390,,,,,,,,-3.323457956314087,5.062499985797331e-05,-0.011821108870208263,0.0559869222342968,0.4350249767303467,0.011401891708374023,215.0,0.1560065895318985,100.0,3.33040452003479,-0.00404874375090003,1.2999317646026611,0.0,0.9995157718658447
1391,,,,,,,,-3.322910785675049,3.3749998692655936e-05,-0.015604757703840733,0.024196121841669083,0.4196619987487793,0.011243820190429688,222.0,0.15610399842262268,100.0,3.33040452003479,-0.0043029808439314365,0.0007464528898708522,0.0,0.9993090033531189
1392,,,,,,,,-3.316209316253662,2.2500000341096893e-05,-0.02007719688117504,0.012089759111404419,0.42667293548583984,0.010952234268188477,219.0,0.1562402993440628,100.0,3.3330371379852295,-0.003993676975369453,0.001507469336502254,0.0,0.9994848370552063
1393,,,,,,,,-3.3114941120147705,3.3749998692655936e-05,-0.019846290349960327,0.035738229751586914,0.42569398880004883,0.010942935943603516,219.0,0.15625306963920593,100.0,3.328141927719116,-0.0038425319362431765,1.551348328590393,0.0,0.9994661211967468
1394,,,,,,,,-3.31032657623291,3.3749998692655936e-05,-0.020910710096359253,0.055500634014606476,0.43515896797180176,0.010854005813598633,215.0,0.15623287856578827,100.0,3.329477548599243,-0.003922095522284508,0.7833444476127625,0.0,0.9994998574256897
1395,,,,,,,,-3.3090133666992188,3.3749998692655936e-05,-0.019877417013049126,0.032410718500614166,0.4088597297668457,0.010828018188476562,228.0,0.1561560332775116,100.0,3.329477548599243,-0.003909692168235779,0.8071470260620117,0.0,0.999372661113739
1396,,,,,,,,-3.3114094734191895,2.2500000341096893e-05,-0.015769850462675095,0.00656155776232481,0.42033982276916504,0.010712146759033203,222.0,0.15602102875709534,100.0,3.333987236022949,-0.0036743655800819397,9.69075585999235e-07,0.0,0.9994744658470154
1397,,,,,,,,-3.3150217533111572,5.062499985797331e-05,-0.01802494190633297,0.053803179413080215,0.4225118160247803,0.010775089263916016,221.0,0.1559595763683319,100.0,3.3319311141967773,-0.003753891447558999,1.586967945098877,0.0,0.9995169043540955
1398,,,,,,,,-3.3102195262908936,5.062499985797331e-05,-0.019710302352905273,0.01628243178129196,0.4349701404571533,0.011343955993652344,215.0,0.15624995529651642,100.0,3.3313350677490234,-0.0038378413300961256,0.7996430397033691,0.0,0.9995150566101074
1399,,,,,,,,-3.3005123138427734,5.062499985797331e-05,-0.02003512717783451,0.028268439695239067,0.4109351634979248,0.010983943939208984,227.0,0.15635435283184052,100.0,3.3313350677490234,-0.0036441246047616005,0.783890426158905,0.0,0.999383270740509
1400,,,,,,,,-3.3047635555267334,2.2500000341096893e-05,-0.013547787442803383,0.016091296449303627,0.4137117862701416,0.010965108871459961,226.0,0.15619230270385742,100.0,3.3306362628936768,-0.004632630851119757,1.3824419387020725e-10,0.0,0.9994628429412842
1401,,,,,,,,-3.312852382659912,0.00038443360244855285,-0.012626413255929947,0.028322909027338028,0.43334221839904785,0.01069784164428711,216.0,0.15589255094528198,100.0,3.3344454765319824,-0.004450278356671333,0.7182219624519348,0.0,0.9995506405830383
1402,,,,,,,,-3.3215537071228027,2.2500000341096893e-05,-0.0361938439309597,0.040182892233133316,0.43611598014831543,0.010982990264892578,214.0,0.15578055381774902,100.0,3.3405349254608154,-0.004034679848700762,0.7873929142951965,0.0,0.9994999766349792
1403,,,,,,,,-3.322381019592285,3.3749998692655936e-05,-0.013442649506032467,0.05274484306573868,0.4178476333618164,0.010990142822265625,223.0,0.15567640960216522,100.0,3.3405349254608154,-0.0041757612489163876,1.4190826416015625,0.0,0.9994981288909912
1404,,,,,,,,-3.326901435852051,3.3749998692655936e-05,-0.017179008573293686,0.012763007543981075,0.4121119976043701,0.010872125625610352,226.0,0.15552645921707153,100.0,3.3405349254608154,-0.003692591330036521,0.0,0.0,0.999506950378418
1405,-0.004276863299310207,0.7029271125793457,0.0,0.9995142221450806,0.0,0.0,1.0,-3.331332206726074,5.062499985797331e-05,-0.01913127489387989,0.031876906752586365,0.4374411106109619,0.011346817016601562,213.0,0.15550047159194946,100.0,3.3426339626312256,-0.004448795225471258,0.7453139424324036,0.0,0.9996164441108704
1406,,,,,,,,-3.3341474533081055,0.00011390625149942935,-0.013335464522242546,0.27066919207572937,0.4332857131958008,0.010931015014648438,216.0,0.15527045726776123,100.0,3.337721824645996,-0.00434789527207613,0.2283724546432495,0.0,0.9994935393333435
1407,,,,,,,,-3.346390962600708,3.3749998692655936e-05,-0.025195250287652016,0.2125488817691803,0.4334731101989746,0.011206865310668945,215.0,0.15513578057289124,100.0,3.337721824645996,-0.0038656527176499367,1.1050387620925903,0.0,0.9995594024658203
1408,,,,,,,,-3.348856210708618,5.062499985797331e-05,-0.014620944857597351,0.027519354596734047,0.412045955657959,0.010601043701171875,227.0,0.15511716902256012,100.0,3.337721824645996,-0.004105349536985159,0.0020122944843024015,0.0,0.9994840621948242
1409,,,,,,,,-3.3457159996032715,3.3749998692655936e-05,-0.023535147309303284,0.051814496517181396,0.4362339973449707,0.010791778564453125,214.0,0.15520328283309937,100.0,3.33927845954895,-0.004194763023406267,0.40271711349487305,0.0,0.9996361136436462
1410,,,,,,,,-3.342414617538452,1.4999999621068127e-05,-0.016843434423208237,0.07509247958660126,0.42526793479919434,0.01094198226928711,220.0,0.15514619648456573,100.0,3.3319733142852783,-0.0036096705589443445,0.7515572905540466,0.0,0.9995079636573792
1411,-0.004066451918333769,0.7063249945640564,0.0,0.9995341300964355,0.0,0.0,1.0,-3.3468477725982666,5.062499985797331e-05,-0.010380391031503677,0.36596372723579407,0.4228987693786621,0.010986089706420898,221.0,0.15498043596744537,100.0,3.329055070877075,-0.004097711760550737,0.7959962487220764,0.0,0.999584436416626
1412,,,,,,,,-3.3578548431396484,3.3749998692655936e-05,-0.031831786036491394,0.025898901745676994,0.4097099304199219,0.01090097427368164,228.0,0.15478076040744781,100.0,3.329055070877075,-0.0041372813284397125,0.0035206135362386703,0.0,0.9995095729827881
1413,,,,,,,,-3.3669419288635254,5.062499985797331e-05,-0.01434976328164339,0.06697490066289902,0.42154693603515625,0.011263132095336914,221.0,0.15466640889644623,100.0,3.317091941833496,-0.004090783651918173,0.07486632466316223,0.0,0.9996307492256165
1414,,,,,,,,-3.380530834197998,0.00017085937724914402,-0.013552779331803322,0.11560568958520889,0.4263269901275635,0.011108160018920898,219.0,0.15430790185928345,100.0,3.305281400680542,-0.0041016461327672005,1.0231345891952515,0.0,0.9995473027229309
1415,,,,,,,,-3.403219223022461,1.4999999621068127e-05,0.0017307847738265991,0.12153472751379013,0.4401261806488037,0.01120305061340332,212.0,0.1541220098733902,100.0,3.2971198558807373,-0.00421808660030365,1.47386634349823,0.0,0.9996099472045898
1416,,,,,,,,-3.4066267013549805,7.593750342493877e-05,-0.012272244319319725,0.06322634220123291,0.40996217727661133,0.010989904403686523,228.0,0.15418846905231476,100.0,3.2971198558807373,-0.003694789484143257,0.038025934249162674,0.0,0.9994833469390869
1417,,,,,,,,-3.4011001586914062,2.2500000341096893e-05,-0.02019299939274788,0.010334715247154236,0.42165398597717285,0.010869026184082031,221.0,0.1543044000864029,100.0,3.295163869857788,-0.004197335336357355,0.0011976901441812515,0.0,0.9996348023414612
1418,,,,,,,,-3.3979685306549072,7.593750342493877e-05,-0.0064791906625032425,0.10615205019712448,0.423799991607666,0.01088714599609375,220.0,0.15430691838264465,100.0,3.298666000366211,-0.003927543293684721,1.1830968856811523,0.0,0.9995624423027039
1419,,,,,,,,-3.4039998054504395,3.3749998692655936e-05,-0.02387482300400734,0.15116475522518158,0.43753504753112793,0.010631799697875977,214.0,0.15412859618663788,100.0,3.2951135635375977,-0.0037379704881459475,0.7596402168273926,0.0,0.9995899796485901
1420,,,,,,,,-3.4143881797790527,5.062499985797331e-05,-0.014417672529816628,0.08502660691738129,0.41829991340637207,0.010843753814697266,223.0,0.1540025919675827,100.0,3.2951135635375977,-0.004057768732309341,0.1439170390367508,0.0,0.9995190501213074
1421,,,,,,,,-3.416086196899414,3.3749998692655936e-05,-0.018134288489818573,0.007197325583547354,0.43436217308044434,0.010843992233276367,215.0,0.15409958362579346,100.0,3.28635835647583,-0.004433786496520042,0.00013167345605324954,0.0,0.9996488690376282
1422,,,,,,,,-3.4097909927368164,3.3749998692655936e-05,-0.021051766350865364,0.21662691235542297,0.42264294624328613,0.011118888854980469,221.0,0.15417389571666718,100.0,3.2960832118988037,-0.004328238777816296,1.5547428131103516,0.0,0.9996209144592285
1423,,,,,,,,-3.4084417819976807,5.062499985797331e-05,-0.027714185416698456,0.19543376564979553,0.4350130558013916,0.010931015014648438,215.0,0.1541745960712433,100.0,3.2888002395629883,-0.003678111359477043,0.28450965881347656,0.0,0.999577522277832
1424,,,,,,,,-3.4094011783599854,2.2500000341096893e-05,-0.006026294082403183,0.11487731337547302,0.414553165435791,0.010659217834472656,225.0,0.15420444309711456,100.0,3.2888002395629883,-0.0041342247277498245,0.762996256351471,0.0,0.9995288252830505
1425,,,,,,,,-3.4115800857543945,2.2500000341096893e-05,-0.021308721974492073,0.0073380740359425545,0.4212160110473633,0.011137962341308594,222.0,0.15410077571868896,100.0,3.297105312347412,-0.0038612906355410814,0.0003888171922881156,0.0,0.9995818138122559
1426,,,,,,,,-3.4164140224456787,5.062499985797331e-05,-0.015509063377976418,0.10489688813686371,0.4331810474395752,0.010861873626708984,216.0,0.1540910005569458,100.0,3.295269250869751,-0.0038385512307286263,0.7205749154090881,0.0,0.9996602535247803
1427,,,,,,,,-3.418059825897217,5.062499985797331e-05,-0.008530840277671814,0.10110577195882797,0.4390871524810791,0.010896921157836914,213.0,0.15401844680309296,100.0,3.3059592247009277,-0.004171662498265505,0.7492448687553406,0.0,0.9995613098144531
1428,,,,,,,,-3.42094087600708,3.3749998692655936e-05,-0.022320931777358055,0.19251401722431183,0.40841174125671387,0.010972976684570312,228.0,0.15405431389808655,100.0,3.3059592247009277,-0.003975639585405588,1.1637567281723022,0.0,0.9995484352111816
1429,,,,,,,,-3.417668581008911,1.4999999621068127e-05,-0.015297097153961658,0.009622259996831417,0.4116983413696289,0.010972976684570312,227.0,0.15418922901153564,100.0,3.3059592247009277,-0.004316840786486864,0.0001745480258250609,0.0,0.9995824694633484
1430,-0.00433444045484066,0.6865589022636414,0.0,0.9995917677879333,0.0,0.0,1.0,-3.4135513305664062,0.00017085937724914402,-0.007308300584554672,0.11207237839698792,0.4365870952606201,0.011167049407958984,214.0,0.15427348017692566,100.0,3.296921491622925,-0.0038693423848599195,0.7231099009513855,0.0,0.9996877312660217
1431,,,,,,,,-3.4152777194976807,3.3749998692655936e-05,-0.03240785002708435,0.06314173340797424,0.42467188835144043,0.01098775863647461,220.0,0.1541243940591812,100.0,3.2975881099700928,-0.003985616844147444,0.6997807621955872,0.0,0.9995500445365906
1432,,,,,,,,-3.4194138050079346,7.593750342493877e-05,-0.010551420971751213,0.16000519692897797,0.42098212242126465,0.011106729507446289,222.0,0.1541411429643631,100.0,3.2975881099700928,-0.0038850251585245132,1.5870800018310547,0.0,0.9995799660682678
1433,,,,,,,,-3.4188060760498047,3.3749998692655936e-05,-0.008590424433350563,0.009194971062242985,0.40852785110473633,0.01083993911743164,228.0,0.1540367305278778,100.0,3.2975881099700928,-0.0038320638705044985,0.0,0.0,0.9995436668395996
1434,,,,,,,,-3.422999382019043,3.3749998692655936e-05,-0.017871683463454247,0.06997848302125931,0.436934232711792,0.01119089126586914,214.0,0.15386423468589783,100.0,3.3127293586730957,-0.004257404711097479,0.809298038482666,0.0,0.999697744846344
1435,,,,,,,,-3.4274351596832275,0.00017085937724914402,-0.009779911488294601,0.41665151715278625,0.42142391204833984,0.010650873184204102,222.0,0.15377496182918549,100.0,3.310774326324463,-0.003957968670874834,0.396450012922287,0.0,0.9995717406272888
1436,-0.0034165375400334597,0.756479799747467,0.0,0.9996045827865601,0.0,0.0,1.0,-3.4314346313476562,3.3749998692655936e-05,-0.02189790830016136,0.05427560955286026,0.4315812587738037,0.011114835739135742,216.0,0.15363016724586487,100.0,3.3082265853881836,-0.004225595388561487,1.4825388193130493,0.0,0.9996442794799805
1437,,,,,,,,-3.4388108253479004,7.593750342493877e-05,-0.009644843637943268,0.00948582123965025,0.4138827323913574,0.011140108108520508,225.0,0.1534535437822342,100.0,3.3082265853881836,-0.0032952663023024797,3.5220855920670147e-07,0.0,0.999555766582489
1438,,,,,,,,-3.44482421875,2.2500000341096893e-05,-0.029799718409776688,0.017269644886255264,0.4206669330596924,0.011876106262207031,221.0,0.15341904759407043,100.0,3.2987213134765625,-0.00391322560608387,0.07674188166856766,0.0,0.9997156262397766
1439,,,,,,,,-3.444225788116455,0.00017085937724914402,-0.01566958799958229,0.6893758177757263,0.428725004196167,0.01089620590209961,218.0,0.15349847078323364,100.0,3.298372268676758,-0.003774230135604739,0.8536534309387207,0.0,0.9995914101600647
1440,,,,,,,,-3.4332025051116943,7.593750342493877e-05,-0.013539514504373074,0.05075667053461075,0.43512916564941406,0.011343002319335938,215.0,0.15389662981033325,100.0,3.298579454421997,-0.003941812086850405,1.4903329610824585,0.0,0.9996750354766846
1441,,,,,,,,-3.421327590942383,1.4999999621068127e-05,-0.013546767644584179,0.02007603831589222,0.41391992568969727,0.01073002815246582,226.0,0.1539991796016693,100.0,3.298579454421997,-0.004242789000272751,0.00034817136474885046,0.0,0.9995396733283997
1442,,,,,,,,-3.4192793369293213,2.2500000341096893e-05,-0.011384068056941032,0.01017603650689125,0.42157578468322754,0.010759353637695312,222.0,0.15398232638835907,100.0,3.2941720485687256,-0.0039106979966163635,0.0021631482522934675,0.0,0.9996969699859619
1443,,,,,,,,-3.420413017272949,5.062499985797331e-05,-0.022390076890587807,0.03781392052769661,0.4256742000579834,0.010961055755615234,219.0,0.15397174656391144,100.0,3.286227226257324,-0.004260113462805748,1.506493091583252,0.0,0.9996085166931152
1444,,,,,,,,-3.423151731491089,2.2500000341096893e-05,-0.02378685399889946,0.029160015285015106,0.43648695945739746,0.011142969131469727,214.0,0.1539451777935028,100.0,3.283369779586792,-0.0037951606791466475,0.7991719245910645,0.0,0.9996316432952881
1445,,,,,,,,-3.4246082305908203,3.3749998692655936e-05,-0.021997440606355667,0.1629209816455841,0.41663169860839844,0.011425018310546875,224.0,0.153969407081604,100.0,3.283369779586792,-0.003635561792179942,0.16052719950675964,0.0,0.9995928406715393
1446,,,,,,,,-3.4227569103240967,3.3749998692655936e-05,-0.00743760634213686,0.014308074489235878,0.42514491081237793,0.010731935501098633,220.0,0.15403132140636444,100.0,3.2794430255889893,-0.003699731780216098,0.0004350421659182757,0.0,0.9997246861457825
1447,,,,,,,,-3.418668746948242,5.062499985797331e-05,-0.02437645196914673,0.17681176960468292,0.421191930770874,0.010982990264892578,222.0,0.1540386825799942,100.0,3.276337146759033,-0.0037845298647880554,0.9791995882987976,0.0,0.9997039437294006
1448,,,,,,,,-3.41709303855896,7.593750342493877e-05,-0.0178256593644619,0.20194371044635773,0.438046932220459,0.010981321334838867,213.0,0.15396954119205475,100.0,3.2600245475769043,-0.0038603737484663725,0.19189538061618805,0.0,0.9996920228004456
1449,,,,,,,,-3.4165399074554443,2.2500000341096893e-05,-0.04201103746891022,0.44248315691947937,0.41082072257995605,0.010775089263916016,227.0,0.15389768779277802,100.0,3.2600245475769043,-0.0038965705316513777,0.25482335686683655,0.0,0.9996805191040039
1450,,,,,,,,-3.417842149734497,3.3749998692655936e-05,-0.015135066583752632,0.05921714007854462,0.41124987602233887,0.010847091674804688,227.0,0.15382267534732819,100.0,3.2676053047180176,-0.00386395794339478,1.426923995628826e-10,0.0,0.9997379779815674
1451,,,,,,,,-3.4203708171844482,0.00011390625149942935,-0.01136445626616478,0.06995639204978943,0.43439483642578125,0.010954856872558594,215.0,0.1538485735654831,100.0,3.265756368637085,-0.004183937795460224,0.747692346572876,0.0,0.9997522234916687
1452,,,,,,,,-3.4155478477478027,3.3749998692655936e-05,0.009510742500424385,0.09623238444328308,0.4427299499511719,0.010877847671508789,211.0,0.15392398834228516,100.0,3.254173755645752,-0.004376779776066542,0.20129461586475372,0.0,0.9996877312660217
1453,,,,,,,,-3.4176547527313232,5.062499985797331e-05,-0.018241053447127342,0.17896869778633118,0.409038782119751,0.010751962661743164,228.0,0.15383577346801758,100.0,3.254173755645752,-0.0043509467504918575,1.5186008214950562,0.0,0.9996345639228821
1454,,,,,,,,-3.4298996925354004,3.3749998692655936e-05,-0.023215709254145622,0.03852488100528717,0.40801405906677246,0.010771989822387695,229.0,0.15350212156772614,100.0,3.254173755645752,-0.0038062913808971643,2.6751209247777297e-08,0.0,0.9997234344482422
1455,-0.004298879764974117,0.44138509035110474,0.0,0.9997193813323975,0.0,0.0,1.0,-3.450145959854126,7.593750342493877e-05,-0.01688554137945175,0.3891514241695404,0.44118499755859375,0.013480901718139648,211.0,0.1531929224729538,100.0,3.248981475830078,-0.0040883407928049564,0.1861792355775833,0.0,0.9998019337654114
1456,,,,,,,,-3.4661808013916016,5.062499985797331e-05,-0.015498645603656769,0.10502287745475769,0.4298861026763916,0.010948896408081055,217.0,0.15290264785289764,100.0,3.2535550594329834,-0.003350125392898917,0.8083434700965881,0.0,0.9996593594551086
1457,,,,,,,,-3.473275661468506,2.2500000341096893e-05,-0.009833712130784988,0.07560095936059952,0.4224989414215088,0.010960102081298828,221.0,0.1528392732143402,100.0,3.2535550594329834,-0.0037619166541844606,1.4158354997634888,0.0,0.9996396899223328
1458,,,,,,,,-3.475081443786621,7.593750342493877e-05,-0.01160631887614727,0.010886426083743572,0.4075777530670166,0.010994911193847656,229.0,0.15276019275188446,100.0,3.2535550594329834,-0.003769567469134927,4.417944502208807e-24,0.0,0.9996885657310486
1459,,,,,,,,-3.4818644523620605,2.2500000341096893e-05,-0.020712748169898987,0.026881080120801926,0.4341151714324951,0.011024951934814453,215.0,0.1525813788175583,100.0,3.252784252166748,-0.0037072363775223494,0.6650417447090149,0.0,0.9998195767402649
1460,,,,,,,,-3.4886248111724854,5.062499985797331e-05,-0.01721961982548237,0.0643436536192894,0.41915082931518555,0.010631322860717773,223.0,0.15246661007404327,100.0,3.249394178390503,-0.003989340737462044,0.6391936540603638,0.0,0.9996543526649475
1461,-0.003861787263303995,0.6657609939575195,0.0,0.9996914863586426,0.0,0.0,1.0,-3.4932727813720703,7.593750342493877e-05,-0.015011632815003395,0.1783582717180252,0.4229738712310791,0.011224985122680664,221.0,0.15244515240192413,100.0,3.2576558589935303,-0.00429880665615201,1.0689853429794312,0.0,0.9996974468231201
1462,,,,,,,,-3.4905731678009033,2.2500000341096893e-05,-0.015423322096467018,0.020138803869485855,0.41103172302246094,0.010982275009155273,227.0,0.15250346064567566,100.0,3.2576558589935303,-0.0034832365345209837,0.0017667025094851851,0.0,0.9996890425682068
1463,,,,,,,,-3.4842567443847656,7.593750342493877e-05,-0.014073509722948074,0.024225013330578804,0.422039270401001,0.010800838470458984,221.0,0.1528310626745224,100.0,3.2550246715545654,-0.003941284958273172,0.0639854371547699,0.0,0.9998146891593933
1464,,,,,,,,-3.464594602584839,3.3749998692655936e-05,-0.01882031373679638,0.0520169660449028,0.42356395721435547,0.011326074600219727,220.0,0.1532168686389923,100.0,3.2517051696777344,-0.004490173887461424,1.3106101751327515,0.0,0.9996643662452698
1465,,,,,,,,-3.449906349182129,7.593750342493877e-05,-0.019979696720838547,0.4516955018043518,0.43408918380737305,0.01069784164428711,215.0,0.15350984036922455,100.0,3.2434096336364746,-0.004287860821932554,1.0326029062271118,0.0,0.9996992945671082
1466,,,,,,,,-3.436488628387451,7.593750342493877e-05,-0.004925105720758438,0.015669770538806915,0.4121837615966797,0.010822057723999023,226.0,0.15372933447360992,100.0,3.2434096336364746,-0.003523691790178418,0.03136834874749184,0.0,0.9996566772460938
1467,,,,,,,,-3.4275972843170166,5.062499985797331e-05,-0.015230287797749043,0.0051855663768947124,0.42415475845336914,0.01112508773803711,220.0,0.15391094982624054,100.0,3.2394580841064453,-0.003941710572689772,0.0008027105941437185,0.0,0.9998143315315247
1468,,,,,,,,-3.4226067066192627,2.2500000341096893e-05,-0.015175780281424522,0.11308321356773376,0.42183589935302734,0.010970115661621094,221.0,0.15385021269321442,100.0,3.2423322200775146,-0.004076237324625254,1.5260969400405884,0.0,0.9997191429138184
1469,,,,,,,,-3.4244978427886963,7.593750342493877e-05,-0.017229652032256126,0.11991597712039948,0.43511080741882324,0.01100921630859375,215.0,0.15382497012615204,100.0,3.2292075157165527,-0.0039027968887239695,0.8552587032318115,0.0,0.9997122287750244
1470,,,,,,,,-3.4247045516967773,5.062499985797331e-05,-0.012235919013619423,0.6112290620803833,0.4067988395690918,0.011569023132324219,229.0,0.15382763743400574,100.0,3.2292075157165527,-0.004084750544279814,0.10702282190322876,0.0,0.9996784329414368
1471,,,,,,,,-3.4232277870178223,5.062499985797331e-05,-0.01122091244906187,0.039641253650188446,0.42501282691955566,0.011354207992553711,219.0,0.15397422015666962,100.0,3.2268435955047607,-0.003945591393858194,1.1660353038678295e-06,0.0,0.99977046251297
1472,,,,,,,,-3.4154975414276123,3.3749998692655936e-05,-0.028485210612416267,1.1161431074142456,0.4236938953399658,0.011517047882080078,220.0,0.15408551692962646,100.0,3.226578712463379,-0.0038531171157956123,0.4257916212081909,0.0,0.9997434616088867
1473,,,,,,,,-3.4096310138702393,3.3749998692655936e-05,-0.015902040526270866,0.2989700734615326,0.43753480911254883,0.010850906372070312,214.0,0.15427134931087494,100.0,3.2124781608581543,-0.004100300837308168,0.23464356362819672,0.0,0.9997125267982483
1474,,,,,,,,-3.4026670455932617,3.3749998692655936e-05,-0.019565025344491005,0.19933126866817474,0.41388821601867676,0.010875701904296875,226.0,0.15440702438354492,100.0,3.2124781608581543,-0.003978206310421228,0.5901926159858704,0.0,0.999647319316864
1475,,,,,,,,-3.3973450660705566,3.3749998692655936e-05,-0.014521618373692036,0.05834602937102318,0.4129607677459717,0.01079702377319336,226.0,0.15450561046600342,100.0,3.2060842514038086,-0.004325870890170336,0.0005500900442712009,0.0,0.9997637271881104
1476,,,,,,,,-3.3953285217285156,5.062499985797331e-05,-0.02388647012412548,0.16612455248832703,0.43314099311828613,0.011535882949829102,215.0,0.15453894436359406,100.0,3.204584836959839,-0.003612051485106349,0.7213804125785828,0.0,0.9997572302818298
1477,,,,,,,,-3.391885280609131,7.593750342493877e-05,-0.026672542095184326,0.0908007100224495,0.43546295166015625,0.0110321044921875,215.0,0.1547333002090454,100.0,3.1908578872680664,-0.0037996366154402494,0.7400636076927185,0.0,0.9996498227119446
1478,,,,,,,,-3.3828938007354736,3.3749998692655936e-05,-0.01624584197998047,0.17619721591472626,0.41001391410827637,0.010920047760009766,228.0,0.15488556027412415,100.0,3.1908578872680664,-0.003496812656521797,1.4263516664505005,0.0,0.9996328949928284
1479,,,,,,,,-3.3759937286376953,2.2500000341096893e-05,-0.026181399822235107,0.008884129114449024,0.40754199028015137,0.01085209846496582,229.0,0.15500380098819733,100.0,3.1908578872680664,-0.003912798594683409,0.0,0.0,0.9997217655181885
1480,-0.0038692299276590347,0.6863027811050415,0.0,0.9996942281723022,0.0,0.0,1.0,-3.3711440563201904,7.593750342493877e-05,-0.017736485227942467,0.14437924325466156,0.43675708770751953,0.010891914367675781,214.0,0.15507909655570984,100.0,3.199019432067871,-0.00418870709836483,0.7642932534217834,0.0,0.9997887015342712
1481,,,,,,,,-3.3690035343170166,2.2500000341096893e-05,-0.025246262550354004,0.06304267048835754,0.42586398124694824,0.010693073272705078,219.0,0.1550600528717041,100.0,3.202167272567749,-0.004317568149417639,0.7021964192390442,0.0,0.9996362328529358
1482,,,,,,,,-3.368295907974243,0.00011390625149942935,-0.014851064421236515,0.4138408899307251,0.426285982131958,0.010865926742553711,219.0,0.15517334640026093,100.0,3.202167272567749,-0.00431662704795599,0.54457026720047,0.0,0.9997003674507141
1483,,,,,,,,-3.362633228302002,2.2500000341096893e-05,-0.020365295931696892,0.03134939819574356,0.40764784812927246,0.010833978652954102,229.0,0.15527895092964172,100.0,3.202167272567749,-0.0035885795950889587,0.0,0.0,0.9997258186340332
1484,,,,,,,,-3.361560106277466,2.2500000341096893e-05,-0.020812863484025,0.1898917853832245,0.4342660903930664,0.010885953903198242,215.0,0.15527231991291046,100.0,3.2002289295196533,-0.004614931996911764,0.15527883172035217,0.0,0.9998099207878113
1485,,,,,,,,-3.3625576496124268,0.00011390625149942935,-0.016719689592719078,0.4528057277202606,0.4222099781036377,0.011104106903076172,221.0,0.15518878400325775,100.0,3.188555955886841,-0.004409518092870712,0.765740692615509,0.0,0.9997054934501648
1486,-0.004450258333235979,0.22101300954818726,0.0,0.9997495412826538,0.0,0.0,1.0,-3.361804723739624,3.3749998692655936e-05,-0.02378476783633232,0.2634870111942291,0.4231429100036621,0.010994195938110352,221.0,0.15515032410621643,100.0,3.1764049530029297,-0.0037776336539536715,1.4910045862197876,0.0,0.999714195728302
1487,,,,,,,,-3.3593649864196777,2.2500000341096893e-05,-0.028297685086727142,0.010639648884534836,0.40786290168762207,0.010832071304321289,229.0,0.1550823450088501,100.0,3.1764049530029297,-0.004211018327623606,6.917877744404599e-25,0.0,0.9996953010559082
1488,,,,,,,,-3.3617916107177734,0.00011390625149942935,-0.013194278813898563,0.01822301745414734,0.4237401485443115,0.010786771774291992,220.0,0.1549418419599533,100.0,3.173737049102783,-0.003923430107533932,0.07678856700658798,0.0,0.9998217225074768
1489,,,,,,,,-3.361973285675049,2.2500000341096893e-05,-0.027019435539841652,0.15864700078964233,0.42345404624938965,0.010931968688964844,221.0,0.15495052933692932,100.0,3.1761081218719482,-0.0044175018556416035,1.3378888368606567,0.0,0.9996722340583801
1490,,,,,,,,-3.3640551567077637,0.00011390625149942935,-0.009880419820547104,0.4217841625213623,0.43457722663879395,0.010832786560058594,215.0,0.15478633344173431,100.0,3.17276668548584,-0.003983565140515566,0.35088682174682617,0.0,0.9997155070304871
1491,,,,,,,,-3.3738279342651367,3.3749998692655936e-05,-0.027538280934095383,0.32897377014160156,0.40708494186401367,0.01104593276977539,229.0,0.15475384891033173,100.0,3.17276668548584,-0.0037482769694179296,0.04722491279244423,0.0,0.9997193813323975
1492,,,,,,,,-3.3729310035705566,1.4999999621068127e-05,-0.012708496302366257,0.04312298074364662,0.42208361625671387,0.010856389999389648,221.0,0.15483787655830383,100.0,3.1723427772521973,-0.003860665252432227,0.05624372884631157,0.0,0.9998167157173157
1493,,,,,,,,-3.3702800273895264,5.062499985797331e-05,-0.014250037260353565,0.6653074622154236,0.4261512756347656,0.010950803756713867,219.0,0.1548938751220703,100.0,3.169863224029541,-0.003914936911314726,0.44729653000831604,0.0,0.9997656941413879
1494,,,,,,,,-3.3679277896881104,2.2500000341096893e-05,-0.006895304191857576,0.5777540802955627,0.43695902824401855,0.010764122009277344,214.0,0.15494124591350555,100.0,3.152949571609497,-0.004458221141248941,0.2794525623321533,0.0,0.999778687953949
1495,,,,,,,,-3.367363452911377,5.062499985797331e-05,-0.014707333408296108,0.17172564566135406,0.41440486907958984,0.010962247848510742,225.0,0.15496321022510529,100.0,3.152949571609497,-0.0037055027205497026,0.7257661819458008,0.0,0.9996556639671326
1496,,,,,,,,-3.3637523651123047,2.2500000341096893e-05,-0.02131728082895279,0.07678176462650299,0.42403721809387207,0.01074671745300293,220.0,0.15509028732776642,100.0,3.1410529613494873,-0.0042666788212955,9.313302484770247e-07,0.0,0.9997994303703308
1497,,,,,,,,-3.361161470413208,0.00011390625149942935,-0.009302744641900063,0.3186749517917633,0.4242558479309082,0.01076507568359375,220.0,0.1551273912191391,100.0,3.135282516479492,-0.004539651796221733,0.989563524723053,0.0,0.9997609257698059
1498,,,,,,,,-3.3601834774017334,0.00017085937724914402,-0.013804803602397442,0.07089133560657501,0.43682193756103516,0.010791301727294922,214.0,0.15510493516921997,100.0,3.1295738220214844,-0.004425486549735069,0.32080402970314026,0.0,0.999695360660553
1499,,,,,,,,-3.365745782852173,2.2500000341096893e-05,-0.02680421993136406,0.2617361545562744,0.40877509117126465,0.01081395149230957,228.0,0.15498961508274078,100.0,3.1295738220214844,-0.003618258982896805,0.7782683372497559,0.0,0.9996652603149414
1500,,,,,,,,-3.3692855834960938,3.3749998692655936e-05,-0.005913793575018644,0.005332496017217636,0.4128410816192627,0.010828971862792969,226.0,0.15491601824760437,100.0,3.121046543121338,-0.004255370702594519,1.4833823058779672e-10,0.0,0.9998027682304382
1501,,,,,,,,-3.3738160133361816,3.3749998692655936e-05,-0.007065984420478344,0.3089412450790405,0.4312751293182373,0.011596918106079102,216.0,0.15486109256744385,100.0,3.1200692653656006,-0.0036722386721521616,0.37583819031715393,0.0,0.9998146891593933
1502,,,,,,,,-3.3741300106048584,3.3749998692655936e-05,-0.01901734247803688,0.22489243745803833,0.4376969337463379,0.010684967041015625,214.0,0.15489356219768524,100.0,3.109327793121338,-0.004444693680852652,0.22282814979553223,0.0,0.9997265338897705
1503,,,,,,,,-3.3690688610076904,3.3749998692655936e-05,-0.01843785122036934,0.4004802107810974,0.4120650291442871,0.011152982711791992,226.0,0.15505588054656982,100.0,3.109327793121338,-0.004230046179145575,1.1242287158966064,0.0,0.9996828436851501
1504,,,,,,,,-3.3596091270446777,5.062499985797331e-05,-0.022807585075497627,0.003893440356478095,0.40783023834228516,0.01092672348022461,229.0,0.15521080791950226,100.0,3.109327793121338,-0.003727074945345521,0.00011420142982387915,0.0,0.9997740387916565
1505,-0.004129115492105484,0.28412437438964844,0.0,0.999760627746582,0.0,0.0,1.0,-3.347912073135376,7.593750342493877e-05,-0.0267519298940897,0.2914186418056488,0.4379110336303711,0.010881900787353516,213.0,0.1554606854915619,100.0,3.0876290798187256,-0.00394446961581707,0.7041962742805481,0.0,0.9998440146446228
1506,,,,,,,,-3.335279941558838,2.2500000341096893e-05,-0.009384168311953545,0.18382780253887177,0.42481207847595215,0.011417150497436523,220.0,0.1556612253189087,100.0,3.0815632343292236,-0.003944935277104378,0.4166487753391266,0.0,0.9996955394744873
1507,,,,,,,,-3.3319973945617676,0.0002562890585977584,-0.013116935268044472,0.4161057770252228,0.42126989364624023,0.011014938354492188,222.0,0.15568749606609344,100.0,3.0815632343292236,-0.0036616548895835876,1.326208233833313,0.0,0.9997329115867615
1508,,,,,,,,-3.331915855407715,3.3749998692655936e-05,-0.028369102627038956,0.009919611737132072,0.40811610221862793,0.010848045349121094,229.0,0.15576276183128357,100.0,3.0815632343292236,-0.0036126121412962675,0.0,0.0,0.9997539520263672
1509,,,,,,,,-3.3353207111358643,5.062499985797331e-05,-0.01332145370543003,0.15435786545276642,0.43534016609191895,0.010861873626708984,215.0,0.15569967031478882,100.0,3.0749990940093994,-0.004172137007117271,0.3031904697418213,0.0,0.9998509287834167
1510,,,,,,,,-3.3354787826538086,2.2500000341096893e-05,-0.021950390189886093,0.30232998728752136,0.4277191162109375,0.014673948287963867,217.0,0.15577997267246246,100.0,3.0738372802734375,-0.0038253627717494965,0.7384126782417297,0.0,0.9997014403343201
1511,-0.0038406853564083576,0.6597417593002319,0.0,0.999762237071991,0.0,0.0,1.0,-3.335358142852783,3.3749998692655936e-05,-0.026304177939891815,0.4862566590309143,0.4313538074493408,0.011006355285644531,217.0,0.15571635961532593,100.0,3.072425127029419,-0.00395128084346652,0.5609772205352783,0.0,0.9997525215148926
1512,,,,,,,,-3.3402392864227295,5.062499985797331e-05,-0.018150359392166138,0.07243043184280396,0.4103560447692871,0.011022806167602539,227.0,0.15570075809955597,100.0,3.072425127029419,-0.004348990973085165,0.0,0.0,0.9997676014900208
1513,,,,,,,,-3.3457961082458496,3.3749998692655936e-05,-0.018075935542583466,0.03243601694703102,0.43020129203796387,0.010770797729492188,217.0,0.15558680891990662,100.0,3.0736732482910156,-0.0043441797606647015,0.045282330363988876,0.0,0.9998748302459717
1514,,,,,,,,-3.3541786670684814,5.062499985797331e-05,-0.012727309949696064,0.3545433580875397,0.42402219772338867,0.010926961898803711,220.0,0.15540005266666412,100.0,3.071725368499756,-0.004654438700526953,1.3755947351455688,0.0,0.9997199177742004
1515,,,,,,,,-3.36952805519104,7.593750342493877e-05,-0.021941369399428368,0.2910497188568115,0.43503379821777344,0.010751008987426758,215.0,0.15506844222545624,100.0,3.0632429122924805,-0.0038751091342419386,1.1072944402694702,0.0,0.9997506141662598
1516,,,,,,,,-3.3863489627838135,3.3749998692655936e-05,-0.012470381334424019,0.11009151488542557,0.4093170166015625,0.011124134063720703,228.0,0.1548442840576172,100.0,3.0632429122924805,-0.003941368777304888,0.05786210671067238,0.0,0.9996981024742126
1517,,,,,,,,-3.3933887481689453,5.062499985797331e-05,-0.019166160374879837,0.033445876091718674,0.420943021774292,0.010803937911987305,222.0,0.15475498139858246,100.0,3.068406581878662,-0.004083327483385801,0.0003738672530744225,0.0,0.9998639225959778
1518,,,,,,,,-3.402571678161621,2.2500000341096893e-05,-0.019761526957154274,0.33098241686820984,0.4231841564178467,0.010833978652954102,221.0,0.15462729334831238,100.0,3.0683815479278564,-0.004140462260693312,1.5648363828659058,0.0,0.9997656345367432
1519,,,,,,,,-3.4105355739593506,3.3749998692655936e-05,-0.012209002859890461,0.13263559341430664,0.543097972869873,0.016983985900878906,171.0,0.15443484485149384,100.0,3.075406551361084,-0.004027605522423983,0.7182232737541199,0.0,0.9997391104698181
1520,,,,,,,,-3.419551134109497,7.593750342493877e-05,-0.013936488889157772,0.04479675367474556,0.44178199768066406,0.011024236679077148,212.0,0.15433377027511597,100.0,3.075406551361084,-0.003694740356877446,0.6961279511451721,0.0,0.9996529221534729
1521,,,,,,,,-3.4253053665161133,2.2500000341096893e-05,-0.013095416128635406,0.010821442119777203,0.4270648956298828,0.010918140411376953,219.0,0.15427550673484802,100.0,3.0830342769622803,-0.004387464374303818,3.33931438945001e-07,0.0,0.999843418598175
1522,,,,,,,,-3.426384925842285,7.593750342493877e-05,-0.01283487118780613,0.17777951061725616,0.42225003242492676,0.011035919189453125,221.0,0.15426594018936157,100.0,3.0843794345855713,-0.004077156540006399,1.4066863059997559,0.0,0.9997846484184265
1523,,,,,,,,-3.427116632461548,3.3749998692655936e-05,-0.027627240866422653,0.0658186599612236,0.4416670799255371,0.011024951934814453,212.0,0.15430934727191925,100.0,3.0825228691101074,-0.0042122844606637955,0.5939462780952454,0.0,0.9997233748435974
1524,,,,,,,,-3.4242136478424072,3.3749998692655936e-05,-0.011064869351685047,0.22662360966205597,0.4093787670135498,0.01062321662902832,228.0,0.15432608127593994,100.0,3.0825228691101074,-0.003842265112325549,0.38200998306274414,0.0,0.9996914863586426
1525,,,,,,,,-3.4277544021606445,3.3749998692655936e-05,-0.013767060823738575,0.018569327890872955,0.41181302070617676,0.010792970657348633,227.0,0.1541738510131836,100.0,3.0879650115966797,-0.003831153968349099,9.454376170836554e-11,0.0,0.9998382925987244
1526,,,,,,,,-3.4356882572174072,7.593750342493877e-05,-0.017834246158599854,0.059163808822631836,0.43306612968444824,0.011036872863769531,216.0,0.15394553542137146,100.0,3.0875015258789062,-0.003821011632680893,0.7655982375144958,0.0,0.9998307228088379
1527,,,,,,,,-3.442289352416992,2.2500000341096893e-05,-0.011486591771245003,0.05865703523159027,0.43686389923095703,0.011129140853881836,214.0,0.15388596057891846,100.0,3.0881927013397217,-0.004514362197369337,0.7143685221672058,0.0,0.9997227787971497
1528,,,,,,,,-3.4381022453308105,0.00017085937724914402,-0.005169972777366638,0.31372639536857605,0.41173386573791504,0.011039972305297852,227.0,0.1542317122220993,100.0,3.0881927013397217,-0.0036367950960993767,1.0884371995925903,0.0,0.9997201561927795
1529,,,,,,,,-3.419616222381592,2.2500000341096893e-05,-0.008900927379727364,0.019501585513353348,0.4092249870300293,0.010842084884643555,228.0,0.15443098545074463,100.0,3.0881927013397217,-0.003697657259181142,0.0,0.0,0.9997873306274414
1530,-0.003930784296244383,0.6994966864585876,0.0,0.9997702836990356,0.0,0.0,1.0,-3.419764280319214,7.593750342493877e-05,-0.017634877935051918,0.051003098487854004,0.43760108947753906,0.010830163955688477,214.0,0.1543792486190796,100.0,3.084890127182007,-0.0037978601176291704,0.7663121819496155,0.0,0.999830424785614
1531,,,,,,,,-3.4199888706207275,2.2500000341096893e-05,-0.022528761997818947,0.03276768699288368,0.4261631965637207,0.011119842529296875,219.0,0.15446487069129944,100.0,3.0875401496887207,-0.004173723980784416,0.657548725605011,0.0,0.9996858239173889
1532,,,,,,,,-3.4151968955993652,0.00011390625149942935,-0.0073795500211417675,0.24288660287857056,0.42084813117980957,0.010806083679199219,222.0,0.1546265333890915,100.0,3.0875401496887207,-0.003856529714539647,1.2108409404754639,0.0,0.9997074007987976
1533,,,,,,,,-3.404540777206421,2.2500000341096893e-05,-0.011612622067332268,0.03837762400507927,0.409351110458374,0.011308908462524414,228.0,0.15473511815071106,100.0,3.0875401496887207,-0.003739004023373127,0.0,0.0,0.9997591972351074
1534,,,,,,,,-3.4060614109039307,0.00011390625149942935,-0.012691618874669075,0.05050092563033104,0.4337158203125,0.010921955108642578,215.0,0.15452449023723602,100.0,3.0874407291412354,-0.00412411754950881,0.6660699248313904,0.0,0.9998442530632019
1535,,,,,,,,-3.4141910076141357,3.3749998692655936e-05,-0.03258316218852997,0.034499332308769226,0.42340564727783203,0.011140108108520508,220.0,0.15453124046325684,100.0,3.084526777267456,-0.004555316176265478,0.7047309875488281,0.0,0.9996932148933411
1536,-0.004434030503034592,0.5427774786949158,0.0,0.9997615218162537,0.0,0.0,1.0,-3.407097816467285,0.00017085937724914402,-0.0051283882930874825,0.22644168138504028,0.4224216938018799,0.010891914367675781,221.0,0.15503840148448944,100.0,3.0875911712646484,-0.004297334235161543,1.2570728063583374,0.0,0.9997341632843018
1537,,,,,,,,-3.3776967525482178,2.2500000341096893e-05,-0.02746216394007206,0.014428026042878628,0.40776920318603516,0.010995864868164062,229.0,0.1554773896932602,100.0,3.0875911712646484,-0.004036210011690855,0.003388019511476159,0.0,0.9997200965881348
1538,,,,,,,,-3.366830348968506,1.4999999621068127e-05,-0.02992234379053116,0.03343866020441055,0.4228858947753906,0.01075601577758789,221.0,0.1555280238389969,100.0,3.0865886211395264,-0.004168431740254164,0.04149812087416649,0.0,0.9998564720153809
1539,,,,,,,,-3.366220712661743,3.3749998692655936e-05,-0.01562861166894436,0.08045777678489685,0.42056894302368164,0.010967016220092773,222.0,0.15553556382656097,100.0,3.0848915576934814,-0.0039697312749922276,1.4794994592666626,0.0,0.9997038841247559
1540,,,,,,,,-3.3664073944091797,3.3749998692655936e-05,-0.02614017203450203,0.47953319549560547,0.43382763862609863,0.011056184768676758,215.0,0.15555129945278168,100.0,3.0803141593933105,-0.004143175203353167,1.059506893157959,0.0,0.9997283816337585
1541,,,,,,,,-3.3668975830078125,3.3749998692655936e-05,-0.010769308544695377,0.15421992540359497,0.4084510803222656,0.011175870895385742,228.0,0.1555677205324173,100.0,3.0803141593933105,-0.003709587035700679,0.030068127438426018,0.0,0.9996772408485413
1542,,,,,,,,-3.360640048980713,0.00011390625149942935,-0.012224383652210236,0.008375703357160091,0.4228529930114746,0.010988950729370117,221.0,0.15606479346752167,100.0,3.079084873199463,-0.004002664238214493,0.0005284591461531818,0.0,0.9998224377632141
1543,,,,,,,,-3.3245553970336914,5.062499985797331e-05,-0.025103125721216202,0.16419056057929993,0.4240758419036865,0.010853052139282227,220.0,0.15696951746940613,100.0,3.086367607116699,-0.003906401339918375,1.5380549430847168,0.0,0.9997199177742004
1544,,,,,,,,-3.299529552459717,7.593750342493877e-05,-0.01673806831240654,0.25212007761001587,0.43593883514404297,0.010914087295532227,214.0,0.15726053714752197,100.0,3.0788230895996094,-0.004313695710152388,0.569550096988678,0.0,0.9997091889381409
1545,,,,,,,,-3.2955455780029297,0.00011390625149942935,-0.0036423825658857822,0.027690095826983452,0.4105961322784424,0.01073002815246582,227.0,0.15740826725959778,100.0,3.0788230895996094,-0.004301455803215504,0.717191219329834,0.0,0.9996440410614014
1546,,,,,,,,-3.3040754795074463,5.062499985797331e-05,-0.012522914446890354,0.006448220927268267,0.4219188690185547,0.01073598861694336,221.0,0.15686623752117157,100.0,3.080000400543213,-0.003960310015827417,6.424058369702834e-07,0.0,0.9998080730438232
1547,,,,,,,,-3.3253023624420166,2.2500000341096893e-05,-0.04502187669277191,0.08686541765928268,0.42554497718811035,0.010822296142578125,219.0,0.15659809112548828,100.0,3.0903890132904053,-0.004238152876496315,1.3385839462280273,0.0,0.9997666478157043
1548,,,,,,,,-3.332947015762329,7.593750342493877e-05,-0.012315211817622185,0.17534980177879333,0.43538784980773926,0.01074528694152832,215.0,0.156502366065979,100.0,3.086561918258667,-0.004209449514746666,0.5707243084907532,0.0,0.9996979236602783
1549,,,,,,,,-3.335512399673462,5.062499985797331e-05,-0.017197003588080406,0.07670567184686661,0.40672898292541504,0.010923147201538086,229.0,0.15654057264328003,100.0,3.086561918258667,-0.003527665277943015,0.5359506011009216,0.0,0.9996495246887207
1550,,,,,,,,-3.3330864906311035,1.4999999621068127e-05,-0.014573788270354271,0.006290434394031763,0.4116811752319336,0.010915756225585938,227.0,0.15652790665626526,100.0,3.0856001377105713,-0.003909311722964048,2.186392703151796e-05,0.0,0.99977046251297
1551,,,,,,,,-3.334211587905884,7.593750342493877e-05,-0.006478339433670044,0.13682474195957184,0.43384313583374023,0.011581897735595703,215.0,0.15645603835582733,100.0,3.085500478744507,-0.004851065576076508,0.7903478741645813,0.0,0.9997882843017578
1552,,,,,,,,-3.3524363040924072,5.062499985797331e-05,-0.026926608756184578,0.06546531617641449,0.43543100357055664,0.01075291633605957,215.0,0.15590524673461914,100.0,3.0860953330993652,-0.004313687328249216,0.7444180846214294,0.0,0.9996845126152039
1553,,,,,,,,-3.3724489212036133,5.062499985797331e-05,-0.022767331451177597,0.06713300198316574,0.4096052646636963,0.011412858963012695,228.0,0.1558445692062378,100.0,3.0860953330993652,-0.0037788832560181618,1.1869398355484009,0.0,0.9996477961540222
1554,,,,,,,,-3.3752355575561523,5.062499985797331e-05,-0.012251590378582478,0.013717148452997208,0.40595221519470215,0.010614871978759766,230.0,0.15579470992088318,100.0,3.0860953330993652,-0.003410498844459653,7.5348697237132e-07,0.0,0.9997584223747253
1555,-0.004113420844078064,0.72612464427948,0.0,0.9997233748435974,0.0,0.0,1.0,-3.386909008026123,3.3749998692655936e-05,-0.011114138178527355,0.7217618823051453,0.43766283988952637,0.010962247848510742,213.0,0.1554878056049347,100.0,3.0956084728240967,-0.004123906139284372,0.2527991235256195,0.0,0.9998452067375183
1556,,,,,,,,-3.4019360542297363,0.00011390625149942935,-0.01519470289349556,0.16798099875450134,0.4246559143066406,0.010751008987426758,220.0,0.1551273912191391,100.0,3.1109883785247803,-0.0042251101695001125,0.7348425388336182,0.0,0.9996979832649231
1557,,,,,,,,-3.4288442134857178,5.062499985797331e-05,-0.02124754525721073,0.5227345824241638,0.418975830078125,0.010900020599365234,223.0,0.15466760098934174,100.0,3.1109883785247803,-0.0041477191261947155,1.0914117097854614,0.0,0.9997096061706543
1558,,,,,,,,-3.445101737976074,5.062499985797331e-05,-0.0024438537657260895,0.013225207105278969,0.409207820892334,0.010995149612426758,228.0,0.15459637343883514,100.0,3.1109883785247803,-0.004039132036268711,0.0,0.0,0.9997687935829163
1559,,,,,,,,-3.4477651119232178,2.2500000341096893e-05,-0.022891134023666382,0.027110885828733444,0.433182954788208,0.010912895202636719,216.0,0.15461690723896027,100.0,3.112308979034424,-0.004711949732154608,0.6637241840362549,0.0,0.9998672604560852
1560,,,,,,,,-3.442626714706421,7.593750342493877e-05,-0.007173759397119284,0.16606631875038147,0.4240560531616211,0.011145830154418945,220.0,0.1548186093568802,100.0,3.104527473449707,-0.004625357687473297,0.8570840954780579,0.0,0.9996867775917053
1561,-0.004621059168130159,0.7479539513587952,0.0,0.9997495412826538,0.0,0.0,1.0,-3.4283971786499023,3.3749998692655936e-05,-0.03049091249704361,0.08406457304954529,0.4440300464630127,0.011054039001464844,210.0,0.15500065684318542,100.0,3.1035308837890625,-0.004575883969664574,1.5103164911270142,0.0,0.9996954798698425
1562,,,,,,,,-3.422100305557251,7.593750342493877e-05,-0.011273286305367947,0.031557824462652206,0.41016507148742676,0.011058807373046875,227.0,0.155059814453125,100.0,3.1035308837890625,-0.00428464962169528,0.0,0.0,0.9996933341026306
1563,,,,,,,,-3.4250619411468506,2.2500000341096893e-05,-0.035441093146800995,0.039178136736154556,0.4303717613220215,0.010755062103271484,217.0,0.1549740880727768,100.0,3.113607883453369,-0.004434633534401655,0.04457619786262512,0.0,0.9998512268066406
1564,,,,,,,,-3.4300599098205566,2.2500000341096893e-05,-0.02164618857204914,0.8644963502883911,0.42129015922546387,0.010730981826782227,222.0,0.15489786863327026,100.0,3.114884376525879,-0.004005013033747673,1.1752349138259888,0.0,0.9997021555900574
1565,,,,,,,,-3.43670916557312,5.062499985797331e-05,-0.018319150432944298,0.06867022067308426,0.43559694290161133,0.010764122009277344,215.0,0.15470995008945465,100.0,3.1153907775878906,-0.004253854043781757,1.4955943822860718,0.0,0.9997350573539734
1566,,,,,,,,-3.4485015869140625,3.3749998692655936e-05,-0.022193262353539467,0.011606385000050068,0.40859007835388184,0.010931015014648438,228.0,0.15453174710273743,100.0,3.1153907775878906,-0.003978084307163954,0.03132414445281029,0.0,0.9996495842933655
1567,,,,,,,,-3.4569602012634277,5.062499985797331e-05,-0.014494222588837147,0.014275908470153809,0.4255499839782715,0.010836124420166016,219.0,0.1544281244277954,100.0,3.1178276538848877,-0.003367643803358078,0.0005154724349267781,0.0,0.9998416900634766
1568,,,,,,,,-3.4646236896514893,2.2500000341096893e-05,-0.022626498714089394,0.15569153428077698,0.421781063079834,0.010905742645263672,221.0,0.1542915552854538,100.0,3.113785982131958,-0.004039444029331207,1.4177058935165405,0.0,0.9997496604919434
1569,,,,,,,,-3.469247817993164,5.062499985797331e-05,-0.015730684623122215,0.0728939101099968,0.4352710247039795,0.011014938354492188,215.0,0.1543220728635788,100.0,3.1225318908691406,-0.0039826384745538235,0.7698063850402832,0.0,0.9997218251228333
1570,,,,,,,,-3.4636359214782715,5.062499985797331e-05,-0.018245531246066093,0.03747957572340965,0.40703272819519043,0.010779142379760742,229.0,0.1545623540878296,100.0,3.1225318908691406,-0.004116708412766457,0.7420138716697693,0.0,0.9996614456176758
1571,,,,,,,,-3.4525859355926514,2.2500000341096893e-05,-0.020661400631070137,0.01263451762497425,0.4228060245513916,0.011118888854980469,221.0,0.15461629629135132,100.0,3.1211986541748047,-0.0037703432608395815,4.448143897661794e-07,0.0,0.999847948551178
1572,,,,,,,,-3.4480338096618652,5.062499985797331e-05,-0.016904357820749283,0.15987065434455872,0.4229419231414795,0.010865926742553711,221.0,0.15474417805671692,100.0,3.123703718185425,-0.0041541182436048985,1.5380171537399292,0.0,0.9997842907905579
1573,,,,,,,,-3.4405195713043213,5.062499985797331e-05,-0.019561903551220894,0.04693608731031418,0.4355659484863281,0.010899066925048828,215.0,0.15473014116287231,100.0,3.1319780349731445,-0.004510459024459124,0.8009591698646545,0.0,0.9997166991233826
1574,,,,,,,,-3.443851947784424,5.062499985797331e-05,-0.010597017593681812,0.03883489593863487,0.40968966484069824,0.01082611083984375,228.0,0.15462493896484375,100.0,3.1319780349731445,-0.004088052082806826,0.8665640354156494,0.0,0.9996709823608398
1575,,,,,,,,-3.446019411087036,3.3749998692655936e-05,-0.02273913286626339,0.00604428444057703,0.4112131595611572,0.010835886001586914,227.0,0.15466174483299255,100.0,3.1338913440704346,-0.004380546510219574,5.81891757001074e-11,0.0,0.999840259552002
1576,,,,,,,,-3.4434096813201904,3.3749998692655936e-05,-0.013502096757292747,0.02940310724079609,0.43375468254089355,0.010792255401611328,215.0,0.15468908846378326,100.0,3.1333422660827637,-0.0040147085674107075,0.7739989161491394,0.0,0.9998425841331482
1577,,,,,,,,-3.4397213459014893,5.062499985797331e-05,-0.02784564346075058,0.5156981945037842,0.4363279342651367,0.010734796524047852,214.0,0.15475381910800934,100.0,3.145718812942505,-0.0042143315076828,0.38594362139701843,0.0,0.9997207522392273
1578,,,,,,,,-3.4392812252044678,7.593750342493877e-05,-0.01893763616681099,0.46554094552993774,0.41349101066589355,0.011630058288574219,225.0,0.15465901792049408,100.0,3.145718812942505,-0.003692361293360591,1.0049067735671997,0.0,0.9997029304504395
1579,,,,,,,,-3.4407451152801514,7.593750342493877e-05,-0.0030955225229263306,0.05044974386692047,0.40767908096313477,0.010860919952392578,229.0,0.15472300350666046,100.0,3.145718812942505,-0.0042821248061954975,0.0,0.0,0.9998189806938171
1580,-0.00403242465108633,0.5485291481018066,0.0,0.9997637867927551,0.0,0.0,1.0,-3.439210891723633,1.4999999621068127e-05,-0.0131703345105052,0.46930187940597534,0.4368288516998291,0.010894060134887695,214.0,0.1547977179288864,100.0,3.1587436199188232,-0.004340756684541702,0.3741995394229889,0.0,0.9998722672462463
1581,,,,,,,,-3.4395480155944824,5.062499985797331e-05,-0.018713638186454773,0.10257088392972946,0.4299190044403076,0.01162099838256836,217.0,0.15482446551322937,100.0,3.1632497310638428,-0.0043593416921794415,0.7265041470527649,0.0,0.9997189044952393
1582,,,,,,,,-3.442333221435547,7.593750342493877e-05,-0.021345485001802444,0.10889806598424911,0.41994714736938477,0.011555671691894531,222.0,0.15483136475086212,100.0,3.1632497310638428,-0.004070859868079424,1.5100454092025757,0.0,0.9997166991233826
1583,,,,,,,,-3.4419102668762207,2.2500000341096893e-05,-0.03158511593937874,0.002734686713665724,0.4144628047943115,0.011334896087646484,225.0,0.15498851239681244,100.0,3.1632497310638428,-0.0036856967490166426,0.0,0.0,0.9997941851615906
1584,,,,,,,,-3.4352638721466064,3.3749998692655936e-05,-0.026556162163615227,0.04174968600273132,0.43650102615356445,0.011162996292114258,214.0,0.1551809161901474,100.0,3.1569225788116455,-0.004113017115741968,0.7073149085044861,0.0,0.9998993873596191
1585,,,,,,,,-3.424669027328491,7.593750342493877e-05,-0.006184618920087814,0.031561288982629776,0.42302513122558594,0.010830879211425781,221.0,0.15537889301776886,100.0,3.1568150520324707,-0.0039045687299221754,0.6891767978668213,0.0,0.9997458457946777
1586,-0.003953592851758003,0.7742266058921814,0.0,0.9997947216033936,0.0,0.0,1.0,-3.415649175643921,3.3749998692655936e-05,-0.02805653028190136,0.048172056674957275,0.42093515396118164,0.010673999786376953,222.0,0.15548597276210785,100.0,3.1579174995422363,-0.004182945471256971,1.4943233728408813,0.0,0.9997608661651611
1587,,,,,,,,-3.4130327701568604,3.3749998692655936e-05,-0.010299570858478546,0.015466267243027687,0.4073910713195801,0.010971784591674805,229.0,0.15547339618206024,100.0,3.1579174995422363,-0.004015584476292133,0.002688387408852577,0.0,0.9997894763946533
1588,,,,,,,,-3.4119455814361572,2.2500000341096893e-05,-0.021567944437265396,0.01423494890332222,0.42421698570251465,0.011152029037475586,220.0,0.15547320246696472,100.0,3.156585454940796,-0.0038406848907470703,0.036298345774412155,0.0,0.9999206066131592
1589,,,,,,,,-3.4096221923828125,0.00011390625149942935,-0.005225738976150751,0.05034447833895683,0.42296910285949707,0.010870695114135742,221.0,0.15548783540725708,100.0,3.1648926734924316,-0.004491084720939398,1.5133556127548218,0.0,0.9997650980949402
1590,,,,,,,,-3.404125213623047,2.2500000341096893e-05,-0.02865411341190338,0.05768081918358803,0.43405604362487793,0.010861873626708984,215.0,0.15549130737781525,100.0,3.1748886108398438,-0.004347443114966154,1.5072799921035767,0.0,0.9997703433036804
1591,,,,,,,,-3.397806167602539,5.062499985797331e-05,-0.016884660348296165,0.016463719308376312,0.40834879875183105,0.010711193084716797,229.0,0.1557760238647461,100.0,3.1748886108398438,-0.003909923601895571,0.065360426902771,0.0,0.999748170375824
1592,,,,,,,,-3.3808984756469727,3.3749998692655936e-05,-0.029851172119379044,0.00917501375079155,0.42120981216430664,0.010793209075927734,222.0,0.15596529841423035,100.0,3.187721014022827,-0.004070092923939228,0.00022955068561714143,0.0,0.9999306201934814
1593,,,,,,,,-3.3754868507385254,2.2500000341096893e-05,-0.015568478964269161,0.026918230578303337,0.44554615020751953,0.010617733001708984,210.0,0.1560840606689453,100.0,3.1869451999664307,-0.004450243432074785,1.4343498945236206,0.0,0.9998118281364441
1594,,,,,,,,-3.3740382194519043,7.593750342493877e-05,-0.016971036791801453,0.0430465042591095,0.43485522270202637,0.011302709579467773,215.0,0.1561030149459839,100.0,3.188516139984131,-0.004158061929047108,0.7875010967254639,0.0,0.9997723698616028
1595,,,,,,,,-3.3787589073181152,7.593750342493877e-05,-0.016805391758680344,0.01878511719405651,0.4111921787261963,0.011102914810180664,227.0,0.1561213880777359,100.0,3.188516139984131,-0.004178452771157026,0.6824567914009094,0.0,0.9997289776802063
1596,,,,,,,,-3.3828279972076416,2.2500000341096893e-05,-0.018139071762561798,0.008333712816238403,0.4196140766143799,0.011043071746826172,222.0,0.15616987645626068,100.0,3.1887032985687256,-0.004317338578402996,2.280612676486271e-07,0.0,0.9999260306358337
1597,,,,,,,,-3.3884878158569336,7.593750342493877e-05,-0.01210810523480177,0.10776571929454803,0.4245171546936035,0.01107478141784668,220.0,0.15591561794281006,100.0,3.189100742340088,-0.003949402365833521,0.9760006070137024,0.0,0.9998624920845032
1598,,,,,,,,-3.4060373306274414,5.062499985797331e-05,-0.014443263411521912,0.019403107464313507,0.4354691505432129,0.01070404052734375,215.0,0.15563128888607025,100.0,3.207953929901123,-0.004444080404937267,0.7214341163635254,0.0,0.9997749328613281
1599,,,,,,,,-3.41007661819458,3.3749998692655936e-05,-0.01507908571511507,0.022587018087506294,0.4070911407470703,0.011001825332641602,229.0,0.15564818680286407,100.0,3.207953929901123,-0.0042695035226643085,0.7615782618522644,0.0,0.9997351765632629
1600,,,,,,,,-3.406057834625244,3.3749998692655936e-05,-0.008910780772566795,0.015130572021007538,0.41079282760620117,0.010934114456176758,227.0,0.15570372343063354,100.0,3.210036277770996,-0.003986056428402662,9.679251150584989e-11,0.0,0.9999139308929443
1601,,,,,,,,-3.40458607673645,2.2500000341096893e-05,-0.023319115862250328,0.07036556303501129,0.431826114654541,0.01110982894897461,216.0,0.15565483272075653,100.0,3.2200846672058105,-0.004223946947604418,0.6672546863555908,0.0,0.9998944401741028
1602,,,,,,,,-3.407754421234131,2.2500000341096893e-05,-0.037580475211143494,0.02423609234392643,0.4616818428039551,0.011254072189331055,202.0,0.15555575489997864,100.0,3.2277138233184814,-0.004228656180202961,0.8149819374084473,0.0,0.9997690320014954
1603,,,,,,,,-3.411219358444214,2.2500000341096893e-05,-0.02254241146147251,0.08634033054113388,0.4099109172821045,0.010859012603759766,228.0,0.1555526852607727,100.0,3.2277138233184814,-0.0041927918791770935,0.8141045570373535,0.0,0.9997528195381165
1604,,,,,,,,-3.4116482734680176,2.2500000341096893e-05,-0.015275906771421432,0.015393471345305443,0.40900516510009766,0.011088848114013672,228.0,0.15554843842983246,100.0,3.2277138233184814,-0.004269507247954607,4.558454384095967e-05,0.0,0.9998951554298401
1605,-0.004134932532906532,0.7037285566329956,0.0,0.9998283386230469,0.0,0.0,1.0,-3.4165382385253906,3.3749998692655936e-05,-0.015069072134792805,0.03669434040784836,0.4339427947998047,0.011137008666992188,215.0,0.15545837581157684,100.0,3.2355544567108154,-0.004627637565135956,0.31890466809272766,0.0,0.9999338984489441
1606,,,,,,,,-3.4222958087921143,2.2500000341096893e-05,-0.024233805015683174,0.030710287392139435,0.42307519912719727,0.011090755462646484,221.0,0.15546734631061554,100.0,3.2316901683807373,-0.004218842834234238,0.6753190159797668,0.0,0.9998011589050293
1607,,,,,,,,-3.4204635620117188,3.3749998692655936e-05,-0.014404123649001122,0.07738400995731354,0.4205319881439209,0.010956048965454102,222.0,0.15559104084968567,100.0,3.2316901683807373,-0.004062460269778967,1.4185901880264282,0.0,0.9997883439064026
1608,,,,,,,,-3.413876533508301,2.2500000341096893e-05,-0.024021973833441734,0.013274568133056164,0.4097321033477783,0.010794878005981445,228.0,0.15564922988414764,100.0,3.2316901683807373,-0.003573461202904582,2.266097860075016e-25,0.0,0.9998683333396912
1609,,,,,,,,-3.4163713455200195,5.062499985797331e-05,-0.019306732341647148,0.03198188915848732,0.44233107566833496,0.010882139205932617,211.0,0.15538804233074188,100.0,3.239421844482422,-0.0044083488173782825,0.5796950459480286,0.0,0.9999564290046692
1610,,,,,,,,-3.4292383193969727,3.3749998692655936e-05,-0.01590016856789589,0.024880696088075638,0.4198637008666992,0.011129140853881836,222.0,0.1551194190979004,100.0,3.2455930709838867,-0.004637089092284441,0.7883076667785645,0.0,0.9997956156730652
1611,-0.0044746436178684235,0.6885179281234741,0.0,0.999832272529602,0.0,0.0,1.0,-3.4374806880950928,5.062499985797331e-05,-0.013367178849875927,0.03713614493608475,0.432697057723999,0.010835886001586914,216.0,0.15490411221981049,100.0,3.2449402809143066,-0.004409119486808777,1.3482779264450073,0.0,0.9998008608818054
1612,,,,,,,,-3.4365103244781494,5.062499985797331e-05,-0.023837773129343987,0.006835433654487133,0.40703606605529785,0.010905981063842773,229.0,0.15507039427757263,100.0,3.2449402809143066,-0.004001682624220848,0.0019592668395489454,0.0,0.9998477101325989
1613,,,,,,,,-3.4312047958374023,5.062499985797331e-05,-0.012626944109797478,0.015273768454790115,0.42304301261901855,0.010751008987426758,221.0,0.15488268435001373,100.0,3.249659776687622,-0.004150468856096268,0.028825506567955017,0.0,0.9999662041664124
1614,,,,,,,,-3.4421401023864746,5.062499985797331e-05,-0.00892638135701418,0.03150195628404617,0.4199559688568115,0.010941028594970703,222.0,0.15468348562717438,100.0,3.2502281665802,-0.003509068163111806,1.410712718963623,0.0,0.9998103976249695
1615,,,,,,,,-3.4519553184509277,3.3749998692655936e-05,-0.027974601835012436,0.02863246574997902,0.43598008155822754,0.011067867279052734,214.0,0.1545054167509079,100.0,3.2501251697540283,-0.004696009214967489,1.3318625688552856,0.0,0.9998140335083008
1616,,,,,,,,-3.4577760696411133,3.3749998692655936e-05,-0.01267204899340868,0.007418225985020399,0.4071192741394043,0.010745763778686523,229.0,0.15452411770820618,100.0,3.2501251697540283,-0.003901599906384945,0.04402093216776848,0.0,0.9998036026954651
1617,,,,,,,,-3.456064462661743,0.00011390625149942935,-0.00973703432828188,0.009253833442926407,0.4205451011657715,0.010831832885742188,222.0,0.15469643473625183,100.0,3.259399890899658,-0.0039141676388680935,0.0002652646799106151,0.0,0.9999716281890869
1618,,,,,,,,-3.44437837600708,5.062499985797331e-05,-0.03605836629867554,0.5393350720405579,0.4219808578491211,0.010960102081298828,221.0,0.15510104596614838,100.0,3.2577767372131348,-0.004062159452587366,0.9466133713722229,0.0,0.9998645186424255
1619,,,,,,,,-3.427612781524658,0.0002562890585977584,-0.013029043562710285,0.04998878389596939,0.43790602684020996,0.011123895645141602,213.0,0.15541478991508484,100.0,3.273425579071045,-0.004466459155082703,0.2801065444946289,0.0,0.999843418598175
1620,,,,,,,,-3.4152650833129883,5.062499985797331e-05,-0.015803342685103416,0.02625744231045246,0.4090301990509033,0.01104879379272461,228.0,0.15558302402496338,100.0,3.273425579071045,-0.0034361460711807013,0.5875715613365173,0.0,0.9998083710670471
1621,,,,,,,,-3.416198253631592,5.062499985797331e-05,-0.015857696533203125,0.004374716896563768,0.4276411533355713,0.010810136795043945,218.0,0.15552730858325958,100.0,3.2731966972351074,-0.0038612012285739183,1.8298965187568683e-07,0.0,0.9999648928642273
1622,,,,,,,,-3.4209961891174316,5.062499985797331e-05,-0.026302216574549675,0.04757707193493843,0.42477917671203613,0.011279106140136719,220.0,0.15547877550125122,100.0,3.264357328414917,-0.004544805269688368,1.0015565156936646,0.0,0.9998878836631775
1623,,,,,,,,-3.4254307746887207,5.062499985797331e-05,-0.022021986544132233,0.030737560242414474,0.43306994438171387,0.010782003402709961,216.0,0.15542297065258026,100.0,3.258638620376587,-0.0042395335622131824,0.6239303350448608,0.0,0.9998286366462708
1624,,,,,,,,-3.432770252227783,3.3749998692655936e-05,-0.016581090167164803,0.03266826272010803,0.409027099609375,0.010811805725097656,228.0,0.1552649438381195,100.0,3.258638620376587,-0.003998239059001207,0.738011360168457,0.0,0.9997799396514893
1625,,,,,,,,-3.44055438041687,3.3749998692655936e-05,-0.02712637186050415,0.00924448762089014,0.41040706634521484,0.010824918746948242,227.0,0.15525944530963898,100.0,3.2523295879364014,-0.003886429825797677,1.3866240100579574e-10,0.0,0.9999515414237976
1626,,,,,,,,-3.444556474685669,2.2500000341096893e-05,-0.036400966346263885,0.014970547519624233,0.43239712715148926,0.011287927627563477,216.0,0.15528054535388947,100.0,3.2495322227478027,-0.004750892054289579,0.6917813420295715,0.0,0.9999175667762756
1627,,,,,,,,-3.445526123046875,3.3749998692655936e-05,-0.016837455332279205,0.011730082333087921,0.4365701675415039,0.011753082275390625,214.0,0.15540722012519836,100.0,3.246798515319824,-0.004336831625550985,0.6542080044746399,0.0,0.999808132648468
1628,,,,,,,,-3.4469897747039795,7.593750342493877e-05,-0.021266354247927666,0.019928807392716408,0.40863585472106934,0.011242151260375977,228.0,0.15544691681861877,100.0,3.246798515319824,-0.003602750366553664,1.3852306604385376,0.0,0.9998014569282532
1629,,,,,,,,-3.4532392024993896,5.062499985797331e-05,-0.012023704126477242,0.004403476137667894,0.4077126979827881,0.010985136032104492,229.0,0.15561135113239288,100.0,3.246798515319824,-0.004517487715929747,0.0,0.0,0.9999270439147949
1630,-0.004188223741948605,0.6406311392784119,0.0,0.9998608827590942,0.0,0.0,1.0,-3.451782703399658,0.00011390625149942935,-0.02408478781580925,0.008894657716155052,0.43456387519836426,0.010758161544799805,215.0,0.1557217389345169,100.0,3.244715929031372,-0.00412466237321496,0.6429927349090576,0.0,0.9999495148658752
1631,,,,,,,,-3.4538705348968506,3.3749998692655936e-05,-0.030996207147836685,0.010748876258730888,0.42551493644714355,0.010767221450805664,220.0,0.15570104122161865,100.0,3.2534894943237305,-0.004337997641414404,0.6370171904563904,0.0,0.9998138546943665
1632,,,,,,,,-3.4578804969787598,2.2500000341096893e-05,-0.011086354963481426,0.05033787339925766,0.4219977855682373,0.010847091674804688,221.0,0.155702143907547,100.0,3.2534894943237305,-0.004130756948143244,1.3585923910140991,0.0,0.9998176693916321
1633,,,,,,,,-3.456451654434204,3.3749998692655936e-05,-0.006607195362448692,0.006487305276095867,0.41137027740478516,0.010997772216796875,227.0,0.15590329468250275,100.0,3.2534894943237305,-0.003972575534135103,0.0,0.0,0.999906063079834
1634,,,,,,,,-3.448714256286621,3.3749998692655936e-05,-0.019293950870633125,0.01547411922365427,0.4351470470428467,0.010987997055053711,215.0,0.1560930460691452,100.0,3.2500860691070557,-0.003647633595392108,0.6075412034988403,0.0,0.9999666213989258
1635,,,,,,,,-3.448845386505127,3.3749998692655936e-05,-0.012869099155068398,0.05124350264668465,0.4207909107208252,0.010666131973266602,222.0,0.15602561831474304,100.0,3.2556347846984863,-0.004976556170731783,0.6562222838401794,0.0,0.9998190402984619
1636,-0.004153215326368809,0.7168078422546387,0.0,0.9998786449432373,0.0,0.0,1.0,-3.4580423831939697,5.062499985797331e-05,-0.013393870554864407,0.03111870214343071,0.42412900924682617,0.011423826217651367,220.0,0.15589967370033264,100.0,3.254823684692383,-0.004059679806232452,0.942734956741333,0.0,0.9998456835746765
1637,,,,,,,,-3.468019962310791,3.3749998692655936e-05,-0.015092589892446995,0.002404311206191778,0.40764379501342773,0.010622024536132812,229.0,0.15571925044059753,100.0,3.254823684692383,-0.003771417774260044,0.002559776185080409,0.0,0.9998680949211121
1638,,,,,,,,-3.47823166847229,3.3749998692655936e-05,-0.025345737114548683,0.008412668481469154,0.42038822174072266,0.010995864868164062,222.0,0.15545059740543365,100.0,3.251751661300659,-0.004122599493712187,0.019020359963178635,0.0,0.9999816417694092
1639,,,,,,,,-3.4909396171569824,5.062499985797331e-05,-0.014969142153859138,0.029765348881483078,0.4236452579498291,0.010874748229980469,220.0,0.15519674122333527,100.0,3.244312286376953,-0.0047547840513288975,1.3324185609817505,0.0,0.9998505711555481
1640,,,,,,,,-3.5035669803619385,5.062499985797331e-05,-0.016735153272747993,0.04360451549291611,0.43215489387512207,0.010859966278076172,216.0,0.15496328473091125,100.0,3.2466514110565186,-0.004123119171708822,1.3381441831588745,0.0,0.9998540282249451
1641,,,,,,,,-3.5089640617370605,1.4999999621068127e-05,-0.0162546094506979,0.008439640514552593,0.4060537815093994,0.010902166366577148,230.0,0.1549423485994339,100.0,3.2466514110565186,-0.0036881223786622286,0.052230704575777054,0.0,0.9998404383659363
1642,,,,,,,,-3.509127616882324,3.3749998692655936e-05,-0.02083723247051239,0.011108373291790485,0.4224402904510498,0.011665821075439453,221.0,0.154976025223732,100.0,3.2456936836242676,-0.0038396231830120087,0.00015633115253876895,0.0,0.9999895691871643
1643,,,,,,,,-3.5079288482666016,2.2500000341096893e-05,-0.03372671827673912,0.08965568244457245,0.4232780933380127,0.010914087295532227,221.0,0.15502597391605377,100.0,3.246302366256714,-0.004154996480792761,1.1824594736099243,0.0,0.9998752474784851
1644,,,,,,,,-3.508364200592041,3.3749998692655936e-05,-0.020946424454450607,0.035382915288209915,0.4332847595214844,0.010727167129516602,216.0,0.15502089262008667,100.0,3.2487850189208984,-0.004185519181191921,0.23281586170196533,0.0,0.9998688697814941
1645,,,,,,,,-3.5142624378204346,3.3749998692655936e-05,-0.010800632648169994,0.019077276811003685,0.40906691551208496,0.010849237442016602,228.0,0.1549926996231079,100.0,3.2487850189208984,-0.004417188931256533,0.18648405373096466,0.0,0.9998541474342346
1646,,,,,,,,-3.5196709632873535,3.3749998692655936e-05,-0.019459117203950882,0.004249008372426033,0.4210960865020752,0.010987997055053711,222.0,0.15504033863544464,100.0,3.247488021850586,-0.004123793449252844,2.1183616638609237e-07,0.0,0.9999843239784241
1647,,,,,,,,-3.5189883708953857,5.062499985797331e-05,-0.017169175669550896,0.029204735532402992,0.42328906059265137,0.010803937911987305,221.0,0.15517745912075043,100.0,3.242316961288452,-0.0034773368388414383,0.7278215289115906,0.0,0.9999063014984131
1648,,,,,,,,-3.514810800552368,2.2500000341096893e-05,-0.02298983372747898,0.03956755995750427,0.4348318576812744,0.010703086853027344,215.0,0.1552361696958542,100.0,3.2294256687164307,-0.003962653689086437,0.7728540301322937,0.0,0.9998579025268555
1649,,,,,,,,-3.5122408866882324,3.3749998692655936e-05,-0.012452060356736183,0.026828523725271225,0.4051828384399414,0.01091909408569336,230.0,0.15537899732589722,100.0,3.2294256687164307,-0.00448390981182456,0.7763769030570984,0.0,0.9998101592063904
1650,,,,,,,,-3.506464958190918,3.3749998692655936e-05,-0.016574246808886528,0.00817269179970026,0.4089851379394531,0.010834932327270508,228.0,0.15551485121250153,100.0,3.226200819015503,-0.003536434145644307,5.552663884245135e-11,0.0,0.9999714493751526
1651,,,,,,,,-3.5041871070861816,0.00011390625149942935,-0.012020235881209373,0.01801813580095768,0.4310340881347656,0.010916948318481445,217.0,0.1555468738079071,100.0,3.220614194869995,-0.004386641550809145,0.6704981327056885,0.0,0.999926745891571
1652,,,,,,,,-3.505009174346924,7.593750342493877e-05,-0.01200714148581028,0.04029451683163643,0.4343709945678711,0.010820865631103516,215.0,0.15560372173786163,100.0,3.2189245223999023,-0.004759301897138357,0.18908947706222534,0.0,0.9998549818992615
1653,,,,,,,,-3.508345127105713,5.062499985797331e-05,-0.025926729664206505,0.025266455486416817,0.4077582359313965,0.010755062103271484,229.0,0.15561991930007935,100.0,3.2189245223999023,-0.004726233426481485,1.1121792793273926,0.0,0.9998278021812439
1654,,,,,,,,-3.509807586669922,3.3749998692655936e-05,-0.012594705447554588,0.009367724880576134,0.4085850715637207,0.010662078857421875,228.0,0.15570878982543945,100.0,3.2189245223999023,-0.0030330417212098837,2.0895863806719256e-26,0.0,0.9999555945396423
1655,-0.004239959642291069,0.4096502661705017,0.0,0.9998917579650879,0.0,0.0,1.0,-3.510514259338379,3.3749998692655936e-05,-0.029209598898887634,0.016691548749804497,0.4362797737121582,0.01082301139831543,214.0,0.15567149221897125,100.0,3.207425117492676,-0.004138138145208359,0.6217111945152283,0.0,0.9999628067016602
1656,,,,,,,,-3.5166404247283936,3.3749998692655936e-05,-0.026188582181930542,0.09914960712194443,0.4245471954345703,0.01766180992126465,217.0,0.15554019808769226,100.0,3.209825277328491,-0.004174397327005863,0.17245076596736908,0.0,0.9998541474342346
1657,,,,,,,,-3.5290181636810303,0.00017085937724914402,-0.009753825142979622,0.027969753369688988,0.6597030162811279,0.022157669067382812,140.0,0.1552840620279312,100.0,3.209825277328491,-0.0038377195596694946,1.3137418031692505,0.0,0.9998467564582825
1658,,,,,,,,-3.5484862327575684,3.3749998692655936e-05,-0.012639330700039864,0.008319618180394173,0.47574806213378906,0.011065006256103516,197.0,0.15506544709205627,100.0,3.209825277328491,-0.004062950611114502,1.579122196320972e-22,0.0,0.9999272227287292
1659,,,,,,,,-3.5585410594940186,5.062499985797331e-05,-0.02549445629119873,0.03264429792761803,0.46768617630004883,0.01122903823852539,200.0,0.15487121045589447,100.0,3.1960277557373047,-0.004471458029001951,0.18191522359848022,0.0,0.999973475933075
1660,,,,,,,,-3.5720789432525635,2.2500000341096893e-05,-0.012841670773923397,0.024134280160069466,0.4454681873321533,0.012167930603027344,209.0,0.15467512607574463,100.0,3.199706554412842,-0.0046044643968343735,0.32930710911750793,0.0,0.9998660087585449
1661,-0.0040299370884895325,0.6773874759674072,0.0,0.9998997449874878,0.0,0.0,1.0,-3.582587718963623,3.3749998692655936e-05,-0.014837276190519333,0.01988716423511505,0.4205760955810547,0.01086282730102539,222.0,0.15448899567127228,100.0,3.1980531215667725,-0.004035943653434515,1.0627647638320923,0.0,0.9998717308044434
1662,,,,,,,,-3.5946967601776123,5.062499985797331e-05,-0.01627166196703911,0.003957975190132856,0.4081270694732666,0.011369943618774414,228.0,0.15426506102085114,100.0,3.1980531215667725,-0.003644054988399148,2.406415724239691e-13,0.0,0.9998936653137207
1663,,,,,,,,-3.6051440238952637,2.2500000341096893e-05,-0.01923324167728424,0.01020343042910099,0.4258878231048584,0.01096034049987793,219.0,0.15415367484092712,100.0,3.1889123916625977,-0.004371644929051399,0.018649639561772346,0.0,0.9999837279319763
1664,,,,,,,,-3.609450340270996,3.3749998692655936e-05,-0.022513024508953094,0.10462876409292221,0.428037166595459,0.011414051055908203,218.0,0.1540766954421997,100.0,3.1953542232513428,-0.004461305681616068,0.8029668927192688,0.0,0.9998636245727539
1665,,,,,,,,-3.613776445388794,2.2500000341096893e-05,-0.014277184382081032,0.05591510981321335,0.43810582160949707,0.010876178741455078,213.0,0.1540413796901703,100.0,3.1883704662323,-0.004592327866703272,1.2126483917236328,0.0,0.9998826384544373
1666,,,,,,,,-3.6161623001098633,5.062499985797331e-05,-0.015261661261320114,0.004436953458935022,0.40836095809936523,0.010742902755737305,229.0,0.1540534645318985,100.0,3.1883704662323,-0.0039531392976641655,0.04644041135907173,0.0,0.9998505711555481
1667,,,,,,,,-3.61698842048645,3.3749998692655936e-05,-0.020688889548182487,0.005229542963206768,0.4204437732696533,0.011132240295410156,222.0,0.1540307253599167,100.0,3.1866681575775146,-0.003972813952714205,9.98572722892277e-05,0.0,0.9999902248382568
1668,,,,,,,,-3.618300676345825,2.2500000341096893e-05,-0.01748492568731308,0.022820936515927315,0.42125892639160156,0.010841846466064453,222.0,0.15400327742099762,100.0,3.1750056743621826,-0.0044431728310883045,1.141883373260498,0.0,0.9998853206634521
1669,,,,,,,,-3.620417356491089,0.00011390625149942935,-0.015458761714398861,0.02661503292620182,0.4351789951324463,0.010996341705322266,215.0,0.1538252830505371,100.0,3.170159101486206,-0.004492334555834532,0.6916835308074951,0.0,0.9998744130134583
1670,,,,,,,,-3.6263089179992676,2.2500000341096893e-05,-0.018480459228157997,0.014005905017256737,0.406782865524292,0.010977983474731445,229.0,0.15374773740768433,100.0,3.170159101486206,-0.0038168278988450766,0.6406225562095642,0.0,0.9998293519020081
1671,,,,,,,,-3.624079942703247,7.593750342493877e-05,-0.011913091875612736,0.0070967464707791805,0.4366481304168701,0.011414051055908203,214.0,0.15382181107997894,100.0,3.16591739654541,-0.004012540448457003,9.204154594044667e-08,0.0,0.9999870657920837
1672,,,,,,,,-3.621403217315674,2.2500000341096893e-05,-0.014031479135155678,0.02512397989630699,0.42606520652770996,0.011059045791625977,219.0,0.15372541546821594,100.0,3.168701171875,-0.004543460439890623,0.905768096446991,0.0,0.9999151825904846
1673,,,,,,,,-3.6252658367156982,5.062499985797331e-05,-0.010329467244446278,0.12499064952135086,0.43578600883483887,0.010901927947998047,214.0,0.153581440448761,100.0,3.16491961479187,-0.004175791051238775,0.7074241042137146,0.0,0.9998674392700195
1674,,,,,,,,-3.6292150020599365,2.2500000341096893e-05,-0.018209554255008698,0.021715234965085983,0.4077136516571045,0.010976076126098633,229.0,0.15351350605487823,100.0,3.16491961479187,-0.0041588167659938335,0.7802405953407288,0.0,0.9998164772987366
1675,,,,,,,,-3.631829023361206,3.3749998692655936e-05,-0.011066129431128502,0.006600592285394669,0.4116630554199219,0.010702848434448242,227.0,0.1533740758895874,100.0,3.165294647216797,-0.0042877476662397385,8.171387871902525e-11,0.0,0.9999738335609436
1676,,,,,,,,-3.640549421310425,3.3749998692655936e-05,-0.01627749390900135,0.013560964725911617,0.43128013610839844,0.010849952697753906,217.0,0.153207466006279,100.0,3.1557393074035645,-0.004132623318582773,0.6617848873138428,0.0,0.9999356269836426
1677,,,,,,,,-3.645235061645508,5.062499985797331e-05,-0.012084407731890678,0.012154539115726948,0.4351789951324463,0.010951042175292969,215.0,0.15311817824840546,100.0,3.1546084880828857,-0.0037185531109571457,0.6839842796325684,0.0,0.9998617172241211
1678,,,,,,,,-3.650243043899536,2.2500000341096893e-05,-0.024370677769184113,0.06280645728111267,0.4109039306640625,0.011138200759887695,227.0,0.1530269980430603,100.0,3.1546084880828857,-0.0039349948056042194,1.1489726305007935,0.0,0.999828040599823
1679,,,,,,,,-3.6545472145080566,3.3749998692655936e-05,-0.013981184922158718,0.008286552503705025,0.4070770740509033,0.010920047760009766,229.0,0.15297281742095947,100.0,3.1546084880828857,-0.004094879608601332,0.0,0.0,0.9999518990516663
1680,-0.00393114797770977,0.6430038213729858,0.0,0.9998997449874878,0.0,0.0,1.0,-3.656397581100464,5.062499985797331e-05,-0.014070243574678898,0.12486452609300613,0.4338870048522949,0.010829925537109375,215.0,0.15296177566051483,100.0,3.149648904800415,-0.004373700823634863,0.3548318147659302,0.0,0.9999568462371826
1681,,,,,,,,-3.658473491668701,7.593750342493877e-05,-0.01924537494778633,0.06812198460102081,0.42543792724609375,0.010885953903198242,220.0,0.15293271839618683,100.0,3.1409831047058105,-0.004003597889095545,0.5365599393844604,0.0,0.9998490810394287
1682,,,,,,,,-3.660475254058838,1.4999999621068127e-05,-0.025999993085861206,0.049335774034261703,0.4230659008026123,0.011400222778320312,220.0,0.1528470665216446,100.0,3.1409831047058105,-0.0039619761519134045,1.2695471048355103,0.0,0.9998526573181152
1683,,,,,,,,-3.6628618240356445,2.2500000341096893e-05,-0.025807896628975868,0.007311232853680849,0.40830278396606445,0.010998964309692383,228.0,0.1528472602367401,100.0,3.1409831047058105,-0.003933772444725037,0.0,0.0,0.9999282360076904
1684,,,,,,,,-3.661215305328369,3.3749998692655936e-05,-0.008954004384577274,0.08534098416566849,0.4346287250518799,0.010689973831176758,215.0,0.15287135541439056,100.0,3.136157751083374,-0.003982999362051487,0.1227051392197609,0.0,0.999978244304657
1685,,,,,,,,-3.661449909210205,7.593750342493877e-05,-0.013351243920624256,0.947591245174408,0.41997408866882324,0.011480093002319336,222.0,0.15278291702270508,100.0,3.133863687515259,-0.004048798233270645,0.160774365067482,0.0,0.999889075756073
1686,-0.003671464277431369,0.6143354773521423,0.0,0.9999036192893982,0.0,0.0,1.0,-3.667032480239868,7.593750342493877e-05,-0.018916308879852295,0.5715926885604858,0.4245460033416748,0.010935068130493164,220.0,0.15270662307739258,100.0,3.140922784805298,-0.003744361223652959,0.7579098343849182,0.0,0.9998766779899597
1687,,,,,,,,-3.666862726211548,0.00011390625149942935,-0.008477505296468735,0.1001899316906929,0.4088571071624756,0.011033058166503906,228.0,0.1527847945690155,100.0,3.140922784805298,-0.0034038983285427094,0.0010165540734305978,0.0,0.9998994469642639
1688,,,,,,,,-3.666193723678589,0.00017085937724914402,-0.017124025151133537,0.05549788475036621,0.41885900497436523,0.010804891586303711,223.0,0.15277497470378876,100.0,3.125244379043579,-0.00473044253885746,0.02182234264910221,0.0,0.9999864101409912
1689,,,,,,,,-3.6692755222320557,3.3749998692655936e-05,-0.018971644341945648,0.05033819377422333,0.42151665687561035,0.011108160018920898,221.0,0.15264923870563507,100.0,3.114816665649414,-0.0038560163229703903,0.9063887000083923,0.0,0.9998591542243958
1690,,,,,,,,-3.6713383197784424,7.593750342493877e-05,-0.01465572975575924,0.19635038077831268,0.43695616722106934,0.010843038558959961,214.0,0.1526050567626953,100.0,3.110830783843994,-0.004684653133153915,1.2858343124389648,0.0,0.9998693466186523
1691,,,,,,,,-3.6807913780212402,1.4999999621068127e-05,-0.014142891392111778,0.020083196461200714,0.4076201915740967,0.010727882385253906,229.0,0.15236100554466248,100.0,3.110830783843994,-0.003937204368412495,0.0469743013381958,0.0,0.9998655915260315
1692,,,,,,,,-3.692352294921875,7.593750342493877e-05,-0.017971526831388474,0.013539875857532024,0.419935941696167,0.011129140853881836,222.0,0.15210823714733124,100.0,3.1066408157348633,-0.003785541048273444,0.0001357914152322337,0.0,0.999988853931427
1693,,,,,,,,-3.712740182876587,1.4999999621068127e-05,-0.014047960750758648,0.12936249375343323,0.42479372024536133,0.011847257614135742,219.0,0.15182238817214966,100.0,3.1018447875976562,-0.003812166629359126,1.1828566789627075,0.0,0.999884307384491
1694,,,,,,,,-3.7244129180908203,7.593750342493877e-05,-0.01146228052675724,0.0649247020483017,0.43534302711486816,0.01071310043334961,215.0,0.15174080431461334,100.0,3.0986945629119873,-0.0043703108094632626,0.6752541661262512,0.0,0.9998798966407776
1695,,,,,,,,-3.7324295043945312,5.062499985797331e-05,-0.007963416166603565,0.08977136015892029,0.4064357280731201,0.011336088180541992,229.0,0.15159031748771667,100.0,3.0986945629119873,-0.004474394489079714,0.3378690779209137,0.0,0.9998407363891602
1696,,,,,,,,-3.7398407459259033,3.3749998692655936e-05,-0.019380008801817894,0.010701458901166916,0.4200897216796875,0.010536909103393555,222.0,0.15135052800178528,100.0,3.093895673751831,-0.003739158855751157,1.2049783038037276e-07,0.0,0.999985933303833
1697,,,,,,,,-3.7497806549072266,3.3749998692655936e-05,-0.01832408644258976,0.0381280779838562,0.42125701904296875,0.011184215545654297,221.0,0.15121841430664062,100.0,3.0917294025421143,-0.00401408551260829,1.0062339305877686,0.0,0.9999116063117981
1698,,,,,,,,-3.7515311241149902,2.2500000341096893e-05,-0.019159041345119476,0.0175272636115551,0.43491506576538086,0.011043071746826172,215.0,0.151192307472229,100.0,3.080925226211548,-0.0037809412460774183,0.1804935485124588,0.0,0.9998697638511658
1699,,,,,,,,-3.7532968521118164,2.2500000341096893e-05,-0.018265394493937492,0.08219864219427109,0.4077589511871338,0.0115509033203125,228.0,0.15114329755306244,100.0,3.080925226211548,-0.0039010948967188597,1.2377203702926636,0.0,0.9998302459716797
1700,,,,,,,,-3.75835919380188,7.593750342493877e-05,-0.010488102212548256,0.007503691595047712,0.4107351303100586,0.010765790939331055,227.0,0.15106378495693207,100.0,3.0768842697143555,-0.004352353513240814,5.629770261084133e-11,0.0,0.9999771118164062
1701,,,,,,,,-3.770928382873535,1.4999999621068127e-05,-0.017028922215104103,0.042547937482595444,0.4283592700958252,0.010814905166625977,218.0,0.1508832722902298,100.0,3.073723554611206,-0.004327533300966024,0.6309770941734314,0.0,0.9999329447746277
1702,,,,,,,,-3.777953624725342,7.593750342493877e-05,-0.005702342372387648,0.03526866436004639,0.43488097190856934,0.011015176773071289,215.0,0.15080754458904266,100.0,3.071728229522705,-0.0037223417311906815,0.6296077370643616,0.0,0.9998624324798584
1703,,,,,,,,-3.782182216644287,2.2500000341096893e-05,-0.02192670851945877,0.08409042656421661,0.407238245010376,0.01083993911743164,229.0,0.15076719224452972,100.0,3.071728229522705,-0.004342184867709875,1.1243089437484741,0.0,0.9998400211334229
1704,,,,,,,,-3.780735492706299,5.062499985797331e-05,-0.006657647900283337,0.007136309985071421,0.4054591655731201,0.011163949966430664,230.0,0.1509159803390503,100.0,3.071728229522705,-0.003831055946648121,0.0,0.0,0.999957799911499
1705,-0.0038529690355062485,0.6014382243156433,0.0,0.9999011158943176,0.0,0.0,1.0,-3.7684879302978516,5.062499985797331e-05,-0.019535021856427193,0.06110953167080879,0.4327690601348877,0.010830879211425781,216.0,0.1511092633008957,100.0,3.075453281402588,-0.004085846710950136,0.6662235260009766,0.0,0.9999606013298035
1706,,,,,,,,-3.7620179653167725,0.00011390625149942935,-0.01658225990831852,0.02742132544517517,0.4252941608428955,0.011122941970825195,219.0,0.1511486917734146,100.0,3.070326805114746,-0.004671760369092226,0.6704370975494385,0.0,0.9998456835746765
1707,,,,,,,,-3.763169050216675,5.062499985797331e-05,-0.018441425636410713,0.05355696752667427,0.4192030429840088,0.01099395751953125,223.0,0.15107610821723938,100.0,3.070326805114746,-0.004167608916759491,1.2371724843978882,0.0,0.9998454451560974
1708,,,,,,,,-3.7638235092163086,2.2500000341096893e-05,-0.017955461516976357,0.005410404875874519,0.4065978527069092,0.010879039764404297,229.0,0.1510700285434723,100.0,3.070326805114746,-0.0039365943521261215,0.0,0.0,0.9999232292175293
1709,,,,,,,,-3.760376214981079,2.2500000341096893e-05,-0.015851687639951706,0.02562066540122032,0.43654298782348633,0.010929107666015625,214.0,0.15114381909370422,100.0,3.0678398609161377,-0.0038639167323708534,0.6333688497543335,0.0,0.9999772906303406
1710,,,,,,,,-3.7573161125183105,3.3749998692655936e-05,-0.011823335662484169,0.02798386849462986,0.4179368019104004,0.010718107223510742,223.0,0.15118573606014252,100.0,3.0681445598602295,-0.004117284435778856,0.7375445365905762,0.0,0.9998368620872498
1711,-0.004363611806184053,0.5819845795631409,0.0,0.999893307685852,0.0,0.0,1.0,-3.757415771484375,3.3749998692655936e-05,-0.022393357008695602,0.04574771970510483,0.42027902603149414,0.010925054550170898,222.0,0.15119774639606476,100.0,3.0756683349609375,-0.0043471818789839745,1.1481724977493286,0.0,0.999849796295166
1712,,,,,,,,-3.7612133026123047,3.3749998692655936e-05,-0.007730022072792053,0.004954761825501919,0.40564990043640137,0.010720968246459961,230.0,0.15111443400382996,100.0,3.0756683349609375,-0.00340544362552464,0.0,0.0,0.9999006390571594
1713,,,,,,,,-3.763557195663452,0.00017085937724914402,-0.012550417333841324,0.007886981591582298,0.41669416427612305,0.010951757431030273,224.0,0.15126387774944305,100.0,3.082908868789673,-0.004265565425157547,0.014237563125789165,0.0,0.9999866485595703
1714,,,,,,,,-3.746751070022583,3.3749998692655936e-05,-0.026176512241363525,0.23515155911445618,0.4214169979095459,0.01096200942993164,222.0,0.15167495608329773,100.0,3.083037853240967,-0.003571388078853488,1.0491411685943604,0.0,0.9998670220375061
1715,,,,,,,,-3.737088918685913,2.2500000341096893e-05,-0.012758882716298103,0.04492362216114998,0.43154001235961914,0.01099395751953125,216.0,0.15169329941272736,100.0,3.0777170658111572,-0.004402599763125181,1.1962224245071411,0.0,0.9998793601989746
1716,,,,,,,,-3.732368230819702,5.062499985797331e-05,-0.02281699888408184,0.0105073107406497,0.4073820114135742,0.011049032211303711,229.0,0.1518816202878952,100.0,3.0777170658111572,-0.003645361168310046,0.044959500432014465,0.0,0.9998669028282166
1717,,,,,,,,-3.7185492515563965,3.3749998692655936e-05,-0.010600470937788486,0.009296027943491936,0.42087793350219727,0.010888814926147461,222.0,0.152037113904953,100.0,3.0775938034057617,-0.003232106799259782,9.21558021218516e-05,0.0,0.9999915957450867
1718,,,,,,,,-3.711827278137207,7.593750342493877e-05,-0.014987828209996223,0.020061440765857697,0.421734094619751,0.010948896408081055,221.0,0.15207965672016144,100.0,3.0719010829925537,-0.004182085860520601,1.2079862356185913,0.0,0.9998934268951416
1719,,,,,,,,-3.704011917114258,5.062499985797331e-05,-0.01248142123222351,0.019601456820964813,0.4346649646759033,0.011107921600341797,215.0,0.15205104649066925,100.0,3.069810390472412,-0.0038799112662672997,0.35171613097190857,0.0,0.9998853802680969
1720,,,,,,,,-3.702129364013672,3.3749998692655936e-05,-0.02052779495716095,0.012708486057817936,0.4066591262817383,0.011004924774169922,229.0,0.15206032991409302,100.0,3.069810390472412,-0.003943111281841993,0.573062002658844,0.0,0.9998474717140198
1721,,,,,,,,-3.699902057647705,5.062499985797331e-05,-0.010787726379930973,0.006400431040674448,0.4180788993835449,0.010560035705566406,223.0,0.15202154219150543,100.0,3.066715717315674,-0.003923348151147366,2.840596948772145e-07,0.0,0.9999876022338867
1722,,,,,,,,-3.70125412940979,3.3749998692655936e-05,-0.024057863280177116,0.020673422142863274,0.42368197441101074,0.011098146438598633,220.0,0.15202391147613525,100.0,3.0654351711273193,-0.004117927979677916,0.3535573482513428,0.0,0.9999162554740906
1723,,,,,,,,-3.7011258602142334,2.2500000341096893e-05,-0.024634866043925285,0.022152643650770187,0.4330930709838867,0.010612964630126953,216.0,0.15204569697380066,100.0,3.056715488433838,-0.004058204125612974,0.6509167551994324,0.0,0.999871551990509
1724,,,,,,,,-3.697416067123413,3.3749998692655936e-05,-0.018495606258511543,0.024438370019197464,0.4043877124786377,0.01143026351928711,230.0,0.15210041403770447,100.0,3.056715488433838,-0.0031380923464894295,0.5441306233406067,0.0,0.9998381733894348
1725,,,,,,,,-3.686901807785034,3.3749998692655936e-05,-0.015009082853794098,0.007766112685203552,0.40793299674987793,0.010767936706542969,229.0,0.15232045948505402,100.0,3.0480496883392334,-0.0041281916201114655,2.398839797024266e-06,0.0,0.9999759197235107
1726,,,,,,,,-3.6747140884399414,5.062499985797331e-05,-0.016889795660972595,0.014352451078593731,0.44176506996154785,0.011198043823242188,211.0,0.15242670476436615,100.0,3.056008815765381,-0.0044014775194227695,0.6726194024085999,0.0,0.9999383091926575
1727,,,,,,,,-3.6689751148223877,7.593750342493877e-05,-0.024097375571727753,0.014927700161933899,0.43593788146972656,0.010920047760009766,214.0,0.15255628526210785,100.0,3.051621675491333,-0.004229638259857893,0.5845640301704407,0.0,0.999859631061554
1728,,,,,,,,-3.661233425140381,5.062499985797331e-05,-0.007257391698658466,0.021291537210345268,0.40668487548828125,0.010987043380737305,229.0,0.15275098383426666,100.0,3.051621675491333,-0.004116236697882414,0.9708249568939209,0.0,0.9998373985290527
1729,,,,,,,,-3.6549134254455566,2.2500000341096893e-05,-0.018579445779323578,0.005236194934695959,0.4057738780975342,0.010866880416870117,230.0,0.15274129807949066,100.0,3.051621675491333,-0.00407260050997138,0.0,0.0,0.9999608993530273
1730,-0.004334686324000359,0.6007296442985535,0.0,0.9999035596847534,0.0,0.0,1.0,-3.6572678089141846,2.2500000341096893e-05,-0.01703089475631714,0.02156767062842846,0.43874669075012207,0.010990142822265625,213.0,0.15257853269577026,100.0,3.0547025203704834,-0.0041117281652987,0.6618094444274902,0.0,0.9999585151672363
1731,,,,,,,,-3.662729263305664,5.062499985797331e-05,-0.00955192930996418,0.10741148889064789,0.4223461151123047,0.010994911193847656,221.0,0.15237800776958466,100.0,3.0490329265594482,-0.004110405687242746,0.15983964502811432,0.0,0.9998642802238464
1732,,,,,,,,-3.6648497581481934,2.2500000341096893e-05,-0.02241690084338188,0.04014183580875397,0.4178781509399414,0.010915994644165039,223.0,0.15237657725811005,100.0,3.0490329265594482,-0.004248845856636763,1.170115351676941,0.0,0.999843418598175
1733,,,,,,,,-3.6604573726654053,1.4999999621068127e-05,-0.021693255752325058,0.018207505345344543,0.40440988540649414,0.010988235473632812,231.0,0.15249277651309967,100.0,3.0490329265594482,-0.004099014215171337,1.1091728467977329e-24,0.0,0.9999247193336487
1734,,,,,,,,-3.6531870365142822,0.00017085937724914402,-0.013233211822807789,0.038973551243543625,0.4331669807434082,0.011101961135864258,216.0,0.15278175473213196,100.0,3.039184808731079,-0.004015208687633276,0.7418410778045654,0.0,0.9999759197235107
1735,,,,,,,,-3.640190839767456,2.2500000341096893e-05,-0.02849678322672844,0.021834902465343475,0.4217660427093506,0.01088094711303711,221.0,0.15281175076961517,100.0,3.0381646156311035,-0.004356244578957558,0.6499449610710144,0.0,0.9998371005058289
1736,-0.004252629354596138,0.47640785574913025,0.0,0.9998925924301147,0.0,0.0,1.0,-3.64418888092041,7.593750342493877e-05,-0.008593911305069923,0.020727280527353287,0.42008090019226074,0.010711193084716797,222.0,0.15274855494499207,100.0,3.0348381996154785,-0.004170706495642662,1.3086628913879395,0.0,0.999864399433136
1737,,,,,,,,-3.642190456390381,3.3749998692655936e-05,-0.022756118327379227,0.004478714428842068,0.40257692337036133,0.010796070098876953,232.0,0.15289685130119324,100.0,3.0348381996154785,-0.0034187249839305878,0.0,0.0,0.9998868107795715
1738,,,,,,,,-3.635552406311035,3.3749998692655936e-05,-0.005300992634147406,0.011745646595954895,0.42017316818237305,0.010755062103271484,222.0,0.1529497653245926,100.0,3.036982297897339,-0.004419434815645218,0.01995210349559784,0.0,0.9999845623970032
1739,,,,,,,,-3.635552167892456,5.062499985797331e-05,-0.020231612026691437,0.03980439901351929,0.4217541217803955,0.010799884796142578,221.0,0.15292783081531525,100.0,3.0387117862701416,-0.004691238049417734,1.516224980354309,0.0,0.9998406767845154
1740,,,,,,,,-3.636460542678833,2.2500000341096893e-05,-0.02902255766093731,0.04123963788151741,0.43130016326904297,0.011061906814575195,217.0,0.15283887088298798,100.0,3.0360283851623535,-0.003830013796687126,1.3744710683822632,0.0,0.9998567700386047
1741,,,,,,,,-3.6404919624328613,5.062499985797331e-05,-0.007824806496500969,0.008051132783293724,0.4067399501800537,0.010857820510864258,229.0,0.15272124111652374,100.0,3.0360283851623535,-0.0037114908918738365,0.0525730736553669,0.0,0.9998380541801453
1742,,,,,,,,-3.6453638076782227,3.3749998692655936e-05,-0.01737203821539879,0.008001992478966713,0.41600894927978516,0.010768890380859375,224.0,0.15261591970920563,100.0,3.0388238430023193,-0.004217898938804865,0.0001091202357201837,0.0,0.9999899864196777
1743,,,,,,,,-3.647132635116577,5.062499985797331e-05,-0.017934145405888557,0.038582418113946915,0.41976308822631836,0.011053800582885742,222.0,0.15263216197490692,100.0,3.0412509441375732,-0.0040212287567555904,1.4988532066345215,0.0,0.9998652338981628
1744,,,,,,,,-3.6417224407196045,7.593750342493877e-05,-0.01980861835181713,0.371105432510376,0.4320497512817383,0.010873079299926758,216.0,0.15278716385364532,100.0,3.050522565841675,-0.004177252296358347,0.14809055626392365,0.0,0.9998490214347839
1745,,,,,,,,-3.6364541053771973,1.4999999621068127e-05,-0.031545188277959824,0.5448284149169922,0.40549802780151367,0.010900259017944336,230.0,0.1527446210384369,100.0,3.050522565841675,-0.0045908126048743725,0.1459760218858719,0.0,0.9998548030853271
1746,,,,,,,,-3.639188528060913,7.593750342493877e-05,-0.01757390797138214,0.024426719173789024,0.42033815383911133,0.010838031768798828,222.0,0.1526244431734085,100.0,3.0524203777313232,-0.003943266812711954,8.65322249410383e-08,0.0,0.9999801516532898
1747,,,,,,,,-3.6505789756774902,3.3749998692655936e-05,-0.028580572456121445,0.059484854340553284,0.42185187339782715,0.010938167572021484,221.0,0.15242168307304382,100.0,3.0533485412597656,-0.003923776093870401,0.37749871611595154,0.0,0.9999032020568848
1748,,,,,,,,-3.6573774814605713,3.3749998692655936e-05,-0.029255058616399765,0.3164498209953308,0.43018412590026855,0.011070966720581055,217.0,0.15242637693881989,100.0,3.0323026180267334,-0.004262862261384726,0.13885140419006348,0.0,0.999873697757721
1749,,,,,,,,-3.662576198577881,2.2500000341096893e-05,-0.021746186539530754,0.10869194567203522,0.4069528579711914,0.010763168334960938,229.0,0.1523200273513794,100.0,3.0323026180267334,-0.0036667436361312866,0.9686946868896484,0.0,0.9998126029968262
1750,,,,,,,,-3.6668002605438232,7.593750342493877e-05,-0.004928559064865112,0.024419846013188362,0.40825510025024414,0.011012077331542969,228.0,0.15239647030830383,100.0,3.0239241123199463,-0.0038040976505726576,5.355948928809084e-07,0.0,0.999973475933075
1751,,,,,,,,-3.6586074829101562,5.062499985797331e-05,-0.02333948016166687,0.03892757371068001,0.4353339672088623,0.011201858520507812,214.0,0.1527121365070343,100.0,3.0175952911376953,-0.0037016889546066523,0.7609713077545166,0.0,0.9999281764030457
1752,,,,,,,,-3.6462888717651367,2.2500000341096893e-05,-0.0261092409491539,0.031235571950674057,0.4325380325317383,0.011198997497558594,216.0,0.1528692990541458,100.0,3.030074119567871,-0.003817865392193198,0.36272624135017395,0.0,0.9998378753662109
1753,,,,,,,,-3.64223313331604,3.3749998692655936e-05,-0.025133538991212845,0.09321271628141403,0.4096369743347168,0.011055231094360352,228.0,0.15286944806575775,100.0,3.030074119567871,-0.00416217977181077,0.8534958958625793,0.0,0.9998213648796082
1754,,,,,,,,-3.649916410446167,5.062499985797331e-05,-0.01101943664252758,0.006026032380759716,0.4036588668823242,0.010725259780883789,231.0,0.15266601741313934,100.0,3.030074119567871,-0.003692396217957139,0.0002916315570473671,0.0,0.9999495148658752
1755,-0.004067295230925083,0.5371889472007751,0.0,0.999884843826294,0.0,0.0,1.0,-3.659961462020874,3.3749998692655936e-05,-0.017822764813899994,0.39315420389175415,0.434283971786499,0.010779857635498047,215.0,0.15263257920742035,100.0,3.030848503112793,-0.0040820748545229435,0.1251154989004135,0.0,0.999965250492096
1756,,,,,,,,-3.6612601280212402,0.00017085937724914402,-0.009049847722053528,0.29035070538520813,0.4247009754180908,0.011098146438598633,220.0,0.15252120792865753,100.0,3.0243306159973145,-0.003948921803385019,0.18469059467315674,0.0,0.9998647570610046
1757,,,,,,,,-3.6753926277160645,0.00011390625149942935,-0.017277797684073448,0.2861795723438263,0.41736507415771484,0.010938882827758789,224.0,0.15219926834106445,100.0,3.0243306159973145,-0.004128211177885532,0.703291654586792,0.0,0.9998448491096497
1758,,,,,,,,-3.687091827392578,3.3749998692655936e-05,-0.021182477474212646,0.07108736038208008,0.40497708320617676,0.010830163955688477,230.0,0.15223820507526398,100.0,3.0243306159973145,-0.0037195857148617506,0.0006468764040619135,0.0,0.9999329447746277
1759,,,,,,,,-3.6928281784057617,0.00011390625149942935,-0.025034761056303978,0.11938299238681793,0.43381714820861816,0.011101961135864258,215.0,0.1517971307039261,100.0,3.013906478881836,-0.003971415106207132,0.10873041301965714,0.0,0.999977171421051
1760,,,,,,,,-3.713653087615967,2.2500000341096893e-05,-0.023805860430002213,0.46619531512260437,0.4181549549102783,0.010962247848510742,223.0,0.15168969333171844,100.0,3.0169429779052734,-0.004214843735098839,0.16676147282123566,0.0,0.9998710751533508
1761,-0.004180560819804668,0.13268953561782837,0.0,0.999912679195404,0.0,0.0,1.0,-3.711925983428955,2.2500000341096893e-05,-0.010324687696993351,0.6001248359680176,0.4184739589691162,0.010696887969970703,223.0,0.1517660915851593,100.0,3.0059521198272705,-0.0038126392755657434,0.31101247668266296,0.0,0.9998669624328613
1762,,,,,,,,-3.704777479171753,7.593750342493877e-05,-0.006541942246258259,0.040603648871183395,0.4351069927215576,0.010359048843383789,215.0,0.15197362005710602,100.0,3.0059521198272705,-0.0038728585932403803,0.004322294611483812,0.0,0.999897301197052
1763,,,,,,,,-3.68699049949646,3.3749998692655936e-05,-0.016736598685383797,0.03557145968079567,0.4690821170806885,0.011236906051635742,199.0,0.15221735835075378,100.0,2.9960012435913086,-0.00434980308637023,0.013618245720863342,0.0,0.9999864101409912
1764,,,,,,,,-3.6794018745422363,0.00017085937724914402,-0.01482448261231184,0.07452356070280075,0.42284226417541504,0.010976791381835938,221.0,0.1520467847585678,100.0,2.9869747161865234,-0.0038983048871159554,0.38209664821624756,0.0,0.9998624920845032
1765,,,,,,,,-3.684490203857422,1.4999999621068127e-05,-0.02175169065594673,0.2317075878381729,0.4294857978820801,0.01093912124633789,217.0,0.15196377038955688,100.0,2.9768383502960205,-0.0039094905368983746,0.6961516737937927,0.0,0.9998600482940674
1766,,,,,,,,-3.6850779056549072,0.00017085937724914402,-0.003333758795633912,0.05724513903260231,0.40410804748535156,0.010889053344726562,231.0,0.15195299685001373,100.0,2.9768383502960205,-0.0038916899356991053,0.020715517923235893,0.0,0.9998599886894226
1767,,,,,,,,-3.680391311645508,1.4999999621068127e-05,-0.019016046077013016,0.012941433116793633,0.4173130989074707,0.010865926742553711,224.0,0.1521085500717163,100.0,2.977024555206299,-0.003342135576531291,7.423765055136755e-05,0.0,0.9999882578849792
1768,,,,,,,,-3.6743783950805664,5.062499985797331e-05,-0.008367819711565971,0.18804724514484406,0.4195570945739746,0.011260986328125,222.0,0.15217868983745575,100.0,2.9746458530426025,-0.004596691578626633,0.4921697676181793,0.0,0.9998795986175537
1769,,,,,,,,-3.675560235977173,3.3749998692655936e-05,-0.015269334428012371,0.372798353433609,0.430419921875,0.01078176498413086,217.0,0.15206918120384216,100.0,2.967996835708618,-0.003575725480914116,0.7654483914375305,0.0,0.9998612403869629
1770,,,,,,,,-3.685102701187134,5.062499985797331e-05,-0.020790863782167435,0.13439033925533295,0.4044821262359619,0.010931015014648438,231.0,0.15191559493541718,100.0,2.967996835708618,-0.0041275834664702415,0.1316463202238083,0.0,0.999812662601471
1771,,,,,,,,-3.696601390838623,3.3749998692655936e-05,-0.022185999900102615,0.03150956705212593,0.4178280830383301,0.010989904403686523,223.0,0.15173552930355072,100.0,2.9623217582702637,-0.00437235226854682,8.968019216126777e-08,0.0,0.9999794363975525
1772,,,,,,,,-3.70129132270813,7.593750342493877e-05,-0.019316544756293297,0.07974399626255035,0.41980600357055664,0.010941267013549805,222.0,0.15174362063407898,100.0,2.96172833442688,-0.0035334881395101547,0.47456538677215576,0.0,0.9999058246612549
1773,,,,,,,,-3.6954872608184814,2.2500000341096893e-05,-0.023582132533192635,0.06823562830686569,0.43075108528137207,0.010857820510864258,217.0,0.15186244249343872,100.0,2.954739570617676,-0.004337774123996496,0.29151609539985657,0.0,0.9998448491096497
1774,,,,,,,,-3.691563606262207,7.593750342493877e-05,-0.01035197265446186,0.1904306560754776,0.40086793899536133,0.0107421875,233.0,0.15190303325653076,100.0,2.954739570617676,-0.0041187661699950695,0.6065474152565002,0.0,0.9997890591621399
1775,,,,,,,,-3.697787284851074,5.062499985797331e-05,-0.007693188730627298,0.008289594203233719,0.40439510345458984,0.010670900344848633,231.0,0.1516425907611847,100.0,2.948002576828003,-0.00395880127325654,4.7391591095902186e-08,0.0,0.999963104724884
1776,,,,,,,,-3.7095658779144287,2.2500000341096893e-05,-0.01831471547484398,0.47783222794532776,0.4301760196685791,0.011098146438598633,217.0,0.15160387754440308,100.0,2.943035125732422,-0.0037661297246813774,0.13672856986522675,0.0,0.99993497133255
1777,,,,,,,,-3.7126946449279785,7.593750342493877e-05,-0.01542759221047163,0.2020854949951172,0.43181490898132324,0.01082921028137207,216.0,0.15148259699344635,100.0,2.9336001873016357,-0.004589238204061985,0.14491216838359833,0.0,0.9998500943183899
1778,,,,,,,,-3.7214853763580322,2.2500000341096893e-05,-0.028826557099819183,0.6002624034881592,0.4058518409729004,0.010906219482421875,230.0,0.15127091109752655,100.0,2.9336001873016357,-0.004005082417279482,1.2082818746566772,0.0,0.9997842311859131
1779,,,,,,,,-3.7290830612182617,2.2500000341096893e-05,-0.020011575892567635,0.03395412489771843,0.40425801277160645,0.011074066162109375,231.0,0.1511838585138321,100.0,2.9336001873016357,-0.0042015002109110355,3.2505427952855825e-05,0.0,0.9999397397041321
1780,-0.004334109835326672,0.13236600160598755,0.0,0.9998878240585327,0.0,0.0,1.0,-3.7335381507873535,5.062499985797331e-05,-0.019083797931671143,0.015007616952061653,0.43422389030456543,0.011052131652832031,215.0,0.15110813081264496,100.0,2.9205000400543213,-0.00420309929177165,0.2191600352525711,0.0,0.9999594688415527
1781,,,,,,,,-3.7387893199920654,2.2500000341096893e-05,-0.021750949323177338,0.029905805364251137,0.4212031364440918,0.010962963104248047,222.0,0.15107572078704834,100.0,2.9162516593933105,-0.0038119249511510134,0.30488553643226624,0.0,0.9998335838317871
1782,,,,,,,,-3.7404825687408447,3.3749998692655936e-05,-0.025868909433484077,0.6016672849655151,0.41677331924438477,0.010861873626708984,224.0,0.15096482634544373,100.0,2.9162516593933105,-0.00413003982976079,1.4648752212524414,0.0,0.9998190402984619
1783,,,,,,,,-3.744443416595459,3.3749998692655936e-05,-0.011803263798356056,0.01393803022801876,0.40312910079956055,0.010763883590698242,231.0,0.15094827115535736,100.0,2.9162516593933105,-0.004529437515884638,1.9038043547896683e-16,0.0,0.9999103546142578
1784,,,,,,,,-3.748077630996704,7.593750342493877e-05,-0.018984684720635414,0.03210240602493286,0.430203914642334,0.010740995407104492,217.0,0.150793194770813,100.0,2.9005744457244873,-0.004390673711895943,0.31252872943878174,0.0,0.9999785423278809
1785,,,,,,,,-3.7562716007232666,3.3749998692655936e-05,-0.010312275029718876,0.11189739406108856,0.4210481643676758,0.010869026184082031,222.0,0.15060299634933472,100.0,2.9039089679718018,-0.004201344680041075,0.6308766007423401,0.0,0.999840259552002
1786,-0.004172037821263075,0.7517462372779846,0.0,0.9998795390129089,0.0,0.0,1.0,-3.7614669799804688,5.062499985797331e-05,-0.01673409529030323,0.19519631564617157,0.4202258586883545,0.010793209075927734,222.0,0.15052072703838348,100.0,2.9065260887145996,-0.0041661751456558704,1.1837594509124756,0.0,0.9998475909233093
1787,,,,,,,,-3.7640740871429443,1.4999999621068127e-05,-0.022989820688962936,0.0052336156368255615,0.40242910385131836,0.010829925537109375,232.0,0.15058088302612305,100.0,2.9065260887145996,-0.0037652545142918825,2.0956039207662755e-20,0.0,0.9998781085014343
1788,,,,,,,,-3.7630836963653564,5.062499985797331e-05,-0.019212471321225166,0.014706718735396862,0.42136693000793457,0.010787010192871094,222.0,0.15059639513492584,100.0,2.907543420791626,-0.003949880134314299,0.01567603088915348,0.0,0.9999874234199524
1789,,,,,,,,-3.764319896697998,3.3749998692655936e-05,-0.016555655747652054,0.14989309012889862,0.4279458522796631,0.01076817512512207,218.0,0.15066730976104736,100.0,2.9084722995758057,-0.003760429099202156,0.6022491455078125,0.0,0.9998496174812317
1790,,,,,,,,-3.762977123260498,5.062499985797331e-05,-0.024094821885228157,0.31752851605415344,0.44458484649658203,0.010869979858398438,210.0,0.1507042944431305,100.0,2.9058828353881836,-0.0036125164479017258,1.375994324684143,0.0,0.9998588562011719
1791,,,,,,,,-3.7655320167541504,5.062499985797331e-05,-0.01329426746815443,0.011823900043964386,0.4110679626464844,0.0109710693359375,227.0,0.1506117284297943,100.0,2.9058828353881836,-0.003531193360686302,0.04130854085087776,0.0,0.9998300671577454
1792,,,,,,,,-3.7719919681549072,5.062499985797331e-05,-0.02369079925119877,0.014185701496899128,0.416184663772583,0.010803937911987305,224.0,0.15059489011764526,100.0,2.9113874435424805,-0.0041289362125098705,0.00010543852113187313,0.0,0.9999883770942688
1793,,,,,,,,-3.7765283584594727,2.2500000341096893e-05,-0.015475274994969368,0.21142898499965668,0.4205358028411865,0.0109710693359375,222.0,0.15044216811656952,100.0,2.9123380184173584,-0.0043265605345368385,1.4917598962783813,0.0,0.9998577237129211
1794,,,,,,,,-3.786773443222046,7.593750342493877e-05,-0.014414194040000439,0.12966790795326233,0.4862661361694336,0.012995004653930664,192.0,0.15015289187431335,100.0,2.9249446392059326,-0.003701496869325638,0.7690567374229431,0.0,0.9998295903205872
1795,,,,,,,,-3.8000409603118896,7.593750342493877e-05,-0.01293343398720026,0.045763954520225525,0.4763607978820801,0.014138936996459961,195.0,0.14994704723358154,100.0,2.9249446392059326,-0.003856530413031578,0.6907303929328918,0.0,0.999795138835907
1796,,,,,,,,-3.808725357055664,0.00017085937724914402,-0.008780288510024548,0.012123866006731987,0.43913793563842773,0.010828971862792969,213.0,0.14976051449775696,100.0,2.9293735027313232,-0.0037906505167484283,8.435742415713321e-08,0.0,0.9999839663505554
1797,,,,,,,,-3.814749240875244,1.4999999621068127e-05,-0.01460951380431652,0.14145387709140778,0.4224250316619873,0.010870695114135742,221.0,0.14971520006656647,100.0,2.935786724090576,-0.004158634692430496,1.3070759773254395,0.0,0.9999030232429504
1798,,,,,,,,-3.8173561096191406,5.062499985797331e-05,-0.027561083436012268,0.032298408448696136,0.43755292892456055,0.010999917984008789,214.0,0.14965121448040009,100.0,2.9382219314575195,-0.0043325661681592464,0.1977199912071228,0.0,0.9998331665992737
1799,,,,,,,,-3.81767201423645,5.062499985797331e-05,-0.02228747494518757,0.3917316794395447,0.4030463695526123,0.011216878890991211,231.0,0.14980952441692352,100.0,2.9382219314575195,-0.004135135095566511,0.6749413013458252,0.0,0.9998114705085754
1800,,,,,,,,-3.80812406539917,7.593750342493877e-05,-0.008661768399178982,0.022656619548797607,0.4022078514099121,0.010805130004882812,232.0,0.1500682383775711,100.0,2.938713312149048,-0.003809315385296941,4.633345724869287e-06,0.0,0.9999704957008362
1801,,,,,,,,-3.795135498046875,2.2500000341096893e-05,-0.015803776681423187,0.10561925172805786,0.4324319362640381,0.01101994514465332,216.0,0.15032604336738586,100.0,2.9422929286956787,-0.004586437717080116,0.3477429449558258,0.0,0.9999352097511292
1802,,,,,,,,-3.7840633392333984,3.3749998692655936e-05,-0.01732342503964901,0.05099199339747429,0.4379599094390869,0.010789155960083008,213.0,0.1505480706691742,100.0,2.9378957748413086,-0.00409248610958457,0.7125181555747986,0.0,0.9998268485069275
1803,,,,,,,,-3.7755277156829834,2.2500000341096893e-05,-0.025368720293045044,1.3857228755950928,0.40584778785705566,0.011609077453613281,229.0,0.15055261552333832,100.0,2.9378957748413086,-0.0043005128391087055,0.3249347507953644,0.0,0.9998376965522766
1804,,,,,,,,-3.7763051986694336,7.593750342493877e-05,-0.009273067116737366,0.014586635865271091,0.39942193031311035,0.01078176498413086,234.0,0.15060189366340637,100.0,2.9378957748413086,-0.0038607448805123568,8.18812768557109e-05,0.0,0.9999435544013977
1805,-0.004232907667756081,0.5069754123687744,0.0,0.9998822808265686,0.0,0.0,1.0,-3.773189067840576,3.3749998692655936e-05,-0.02412090077996254,0.07092458754777908,0.4301009178161621,0.010838985443115234,217.0,0.15075327455997467,100.0,2.9376354217529297,-0.0045037479139864445,0.7912923693656921,0.0,0.9999565482139587
1806,,,,,,,,-3.771111488342285,3.3749998692655936e-05,-0.014687021262943745,0.10392900556325912,0.4215829372406006,0.010836124420166016,222.0,0.15087445080280304,100.0,2.917941093444824,-0.004496932029724121,0.3229335844516754,0.0,0.99981290102005
1807,,,,,,,,-3.766916275024414,5.062499985797331e-05,-0.008506083860993385,0.8210482597351074,0.41280317306518555,0.011191129684448242,226.0,0.1509522944688797,100.0,2.917941093444824,-0.0045323786325752735,0.5029194951057434,0.0,0.9998288154602051
1808,,,,,,,,-3.759824275970459,0.00017085937724914402,-0.00988551415503025,0.09024058282375336,0.4018218517303467,0.010953187942504883,232.0,0.15124757587909698,100.0,2.917941093444824,-0.004017997067421675,0.0016645384021103382,0.0,0.9999211430549622
1809,,,,,,,,-3.7469406127929688,1.4999999621068127e-05,-0.01796106807887554,0.07702592760324478,0.4291841983795166,0.010710000991821289,218.0,0.15134871006011963,100.0,2.915255069732666,-0.00429545110091567,0.6890730857849121,0.0,0.9999756217002869
1810,,,,,,,,-3.7491531372070312,7.593750342493877e-05,-0.017794746905565262,0.039553187787532806,0.43116307258605957,0.011044979095458984,217.0,0.151255801320076,100.0,2.9131102561950684,-0.0038589651230722666,0.6922848224639893,0.0,0.9998169541358948
1811,-0.004488497041165829,0.12695245444774628,0.0,0.999894380569458,0.0,0.0,1.0,-3.756110429763794,2.2500000341096893e-05,-0.006240177899599075,0.4828682243824005,0.41422009468078613,0.01081085205078125,225.0,0.15127332508563995,100.0,2.9031968116760254,-0.004236877895891666,0.5346161723136902,0.0,0.9998469352722168
1812,,,,,,,,-3.7565505504608154,2.2500000341096893e-05,-0.02586129866540432,0.01853945106267929,0.3974599838256836,0.011099100112915039,234.0,0.15124069154262543,100.0,2.9031968116760254,-0.0039907475002110004,0.008683196268975735,0.0,0.9998748898506165
1813,,,,,,,,-3.7618141174316406,3.3749998692655936e-05,-0.020377684384584427,0.023520881310105324,0.4145698547363281,0.011556148529052734,225.0,0.15106512606143951,100.0,2.9040772914886475,-0.003844253718852997,0.013531637378036976,0.0,0.9999847412109375
1814,,,,,,,,-3.7683160305023193,7.593750342493877e-05,-0.010850862599909306,1.3918970823287964,0.4166851043701172,0.011004924774169922,224.0,0.15092091262340546,100.0,2.8953022956848145,-0.0036634057760238647,0.26236027479171753,0.0,0.9998721480369568
1815,,,,,,,,-3.7701613903045654,3.3749998692655936e-05,-0.01598067581653595,0.30729982256889343,0.42800211906433105,0.010774850845336914,218.0,0.1507064700126648,100.0,2.890751361846924,-0.004330097232013941,1.4574412107467651,0.0,0.9998655915260315
1816,,,,,,,,-3.774669647216797,2.2500000341096893e-05,-0.01631641574203968,0.014346865937113762,0.4024009704589844,0.010963916778564453,232.0,0.150577574968338,100.0,2.890751361846924,-0.0038433659356087446,0.05368330702185631,0.0,0.9998298287391663
1817,,,,,,,,-3.7819275856018066,3.3749998692655936e-05,-0.024010250344872475,0.004721310921013355,0.41317081451416016,0.010990142822265625,226.0,0.1505253165960312,100.0,2.880357027053833,-0.0040308027528226376,8.377465564990416e-05,0.0,0.9999901652336121
1818,,,,,,,,-3.785365104675293,3.3749998692655936e-05,-0.01293920073658228,0.054541200399398804,0.4193260669708252,0.010776042938232422,223.0,0.15061014890670776,100.0,2.869764566421509,-0.004156194161623716,0.7787469029426575,0.0,0.9998767971992493
1819,,,,,,,,-3.780801773071289,7.593750342493877e-05,-0.021026017144322395,0.1052042692899704,0.43166017532348633,0.01089787483215332,216.0,0.1507318615913391,100.0,2.8766930103302,-0.003961154725402594,0.708629846572876,0.0,0.9998599886894226
1820,,,,,,,,-3.776254177093506,0.00011390625149942935,-0.0175813976675272,0.23190107941627502,0.4039430618286133,0.010822772979736328,231.0,0.1507319211959839,100.0,2.8766930103302,-0.004016846418380737,0.14193619787693024,0.0,0.9998261332511902
1821,,,,,,,,-3.7799651622772217,2.2500000341096893e-05,-0.02257535792887211,0.016189413145184517,0.41419482231140137,0.010972976684570312,225.0,0.1505964696407318,100.0,2.8703854084014893,-0.003764087101444602,1.7843142074980278e-07,0.0,0.999983012676239
1822,,,,,,,,-3.7811591625213623,0.00011390625149942935,-0.007914826273918152,0.30140313506126404,0.4230821132659912,0.011230945587158203,221.0,0.15073390305042267,100.0,2.8712730407714844,-0.0044297040440142155,1.4721609354019165,0.0,0.9998950958251953
1823,,,,,,,,-3.7653214931488037,5.062499985797331e-05,-0.018149934709072113,0.038421619683504105,0.4309959411621094,0.010833978652954102,217.0,0.1509888917207718,100.0,2.8637189865112305,-0.004616664256900549,0.18435238301753998,0.0,0.9998421669006348
1824,,,,,,,,-3.75900936126709,3.3749998692655936e-05,-0.01999363861978054,0.026377767324447632,0.4008748531341553,0.01085805892944336,233.0,0.15104253590106964,100.0,2.8637189865112305,-0.004237241577357054,0.9710848331451416,0.0,0.9998067021369934
1825,,,,,,,,-3.7565510272979736,3.3749998692655936e-05,-0.014159558340907097,0.0064705791883170605,0.4059929847717285,0.01168680191040039,229.0,0.15118971467018127,100.0,2.8663926124572754,-0.003843223676085472,6.876571534419895e-11,0.0,0.9999716877937317
1826,,,,,,,,-3.7495310306549072,3.3749998692655936e-05,-0.01505201868712902,0.08088785409927368,0.42711400985717773,0.01117086410522461,219.0,0.1513209044933319,100.0,2.870267152786255,-0.003872860921546817,0.690411388874054,0.0,0.9999356269836426
1827,,,,,,,,-3.744053363800049,3.3749998692655936e-05,-0.01955408602952957,0.020822955295443535,0.43164801597595215,0.010703086853027344,217.0,0.15137025713920593,100.0,2.873192071914673,-0.004399918485432863,0.5223916172981262,0.0,0.9998345971107483
1828,,,,,,,,-3.7400434017181396,5.062499985797331e-05,-0.02217218466103077,0.11373846232891083,0.40349316596984863,0.010800838470458984,231.0,0.15149138867855072,100.0,2.873192071914673,-0.003927504178136587,1.3836097717285156,0.0,0.9998016953468323
1829,,,,,,,,-3.7415173053741455,0.00017085937724914402,-0.004423647187650204,0.005674848333001137,0.3994748592376709,0.010781049728393555,234.0,0.1510615348815918,100.0,2.873192071914673,-0.003958140965551138,0.0,0.0,0.9999497532844543
1830,-0.004026681184768677,0.5789421200752258,0.0,0.9998862743377686,0.0,0.0,1.0,-3.765394926071167,5.062499985797331e-05,-0.023622289299964905,0.05989319086074829,0.42956066131591797,0.010915040969848633,217.0,0.15083521604537964,100.0,2.8788609504699707,-0.004099433775991201,0.6991207003593445,0.0,0.9999576210975647
1831,,,,,,,,-3.7720091342926025,7.593750342493877e-05,-0.01281033270061016,0.025535138323903084,0.4231581687927246,0.011473894119262695,220.0,0.1508610099554062,100.0,2.8932878971099854,-0.004410050809383392,0.5694341063499451,0.0,0.9998350143432617
1832,,,,,,,,-3.774142265319824,3.3749998692655936e-05,-0.020375877618789673,0.12405921518802643,0.4138503074645996,0.010709762573242188,226.0,0.15096047520637512,100.0,2.8932878971099854,-0.004103892017155886,1.0145506858825684,0.0,0.9998266100883484
1833,,,,,,,,-3.77133846282959,5.062499985797331e-05,-0.015285350382328033,0.004764626733958721,0.4010159969329834,0.01092386245727539,233.0,0.15102164447307587,100.0,2.8932878971099854,-0.003503020154312253,0.00318681332282722,0.0,0.9999158978462219
1834,,,,,,,,-3.7639989852905273,7.593750342493877e-05,-0.012546493671834469,0.026992570608854294,0.4299919605255127,0.010978937149047852,217.0,0.15112559497356415,100.0,2.893632411956787,-0.0036333652678877115,0.6166499257087708,0.0,0.9999763369560242
1835,,,,,,,,-3.755345344543457,1.4999999621068127e-05,-0.026024239137768745,0.0453404076397419,0.42084503173828125,0.01098012924194336,222.0,0.1512298583984375,100.0,2.8943607807159424,-0.0040761809796094894,0.7568395137786865,0.0,0.9998214840888977
1836,-0.004185454919934273,0.3385404646396637,0.0,0.9998902082443237,0.0,0.0,1.0,-3.750690460205078,7.593750342493877e-05,-0.016725383698940277,0.12948063015937805,0.4212000370025635,0.01164102554321289,221.0,0.15129271149635315,100.0,2.8944251537323,-0.00430064694955945,1.1354502439498901,0.0,0.9998494982719421
1837,,,,,,,,-3.743598461151123,2.2500000341096893e-05,-0.017175383865833282,0.01894901692867279,0.4019341468811035,0.010736942291259766,232.0,0.15140528976917267,100.0,2.8944251537323,-0.0035291630774736404,0.0,0.0,0.9998791217803955
1838,,,,,,,,-3.7365543842315674,2.2500000341096893e-05,-0.022499151527881622,0.014975111931562424,0.42443394660949707,0.011178970336914062,220.0,0.151535302400589,100.0,2.9050369262695312,-0.0041685448959469795,0.018210960552096367,0.0,0.9999871253967285
1839,,,,,,,,-3.7360870838165283,5.062499985797331e-05,-0.017796002328395844,0.05444363132119179,0.419478178024292,0.011389970779418945,222.0,0.15130873024463654,100.0,2.899839401245117,-0.004272207152098417,1.401605486869812,0.0,0.9998448491096497
1840,,,,,,,,-3.7467594146728516,2.2500000341096893e-05,-0.018181707710027695,0.14534959197044373,0.431394100189209,0.010987043380737305,217.0,0.15133805572986603,100.0,2.9043731689453125,-0.004310754127800465,0.7530462145805359,0.0,0.9998610615730286
1841,,,,,,,,-3.7432355880737305,7.593750342493877e-05,-0.019145362079143524,0.062158260494470596,0.401533842086792,0.010862112045288086,232.0,0.15148523449897766,100.0,2.9043731689453125,-0.004027663264423609,0.02998613379895687,0.0,0.9998614192008972
1842,,,,,,,,-3.7405219078063965,3.3749998692655936e-05,-0.019573213532567024,0.0064543732441961765,0.4126889705657959,0.01088404655456543,226.0,0.15148526430130005,100.0,2.9038712978363037,-0.004674012307077646,7.503567758249119e-05,0.0,0.9999858736991882
1843,,,,,,,,-3.7452495098114014,3.3749998692655936e-05,-0.017143137753009796,0.0520041398704052,0.41748809814453125,0.010771989822387695,224.0,0.15151429176330566,100.0,2.904895544052124,-0.0035499222576618195,1.3620214462280273,0.0,0.9998683929443359
1844,,,,,,,,-3.748863697052002,5.062499985797331e-05,-0.017572294920682907,0.04458799958229065,0.4277617931365967,0.010961294174194336,218.0,0.15154725313186646,100.0,2.894804000854492,-0.004179159179329872,0.7067244052886963,0.0,0.9998595714569092
1845,,,,,,,,-3.750913143157959,3.3749998692655936e-05,-0.022858282551169395,0.07055612653493881,0.40234804153442383,0.01127004623413086,232.0,0.1516820192337036,100.0,2.894804000854492,-0.0038322973996400833,0.2732531726360321,0.0,0.9998324513435364
1846,,,,,,,,-3.7504842281341553,3.3749998692655936e-05,-0.01781775802373886,0.0037356000393629074,0.41490626335144043,0.010904788970947266,225.0,0.15159089863300323,100.0,2.8929803371429443,-0.003623083932325244,2.8589317935256986e-06,0.0,0.9999854564666748
1847,,,,,,,,-3.7564966678619385,0.00011390625149942935,-0.012289600446820259,0.06123191863298416,0.4184718132019043,0.0109100341796875,223.0,0.15140025317668915,100.0,2.8915340900421143,-0.003845919854938984,0.8256017565727234,0.0,0.9999026656150818
1848,,,,,,,,-3.7613255977630615,2.2500000341096893e-05,-0.018032725900411606,0.018490586429834366,0.432877779006958,0.011085987091064453,216.0,0.15133380889892578,100.0,2.8828883171081543,-0.0044767060317099094,0.6194425225257874,0.0,0.9998569488525391
1849,,,,,,,,-3.7587459087371826,3.3749998692655936e-05,-0.02051909826695919,0.05757063627243042,0.4045999050140381,0.010986089706420898,230.0,0.15138185024261475,100.0,2.8828883171081543,-0.004021948669105768,1.348715901374817,0.0,0.9998133778572083
1850,,,,,,,,-3.753763437271118,5.062499985797331e-05,-0.015855278819799423,0.0045813885517418385,0.4040350914001465,0.010921955108642578,231.0,0.15138216316699982,100.0,2.8825652599334717,-0.0038721964228898287,7.579868677165535e-11,0.0,0.9999688267707825
1851,,,,,,,,-3.7473576068878174,0.00017085937724914402,-0.0173517856746912,0.03533698990941048,0.4264397621154785,0.010820150375366211,219.0,0.15143811702728271,100.0,2.8798794746398926,-0.003988322336226702,0.763234555721283,0.0,0.9999287724494934
1852,,,,,,,,-3.7448227405548096,1.4999999621068127e-05,-0.006429995875805616,0.036212578415870667,0.432758092880249,0.010918855667114258,216.0,0.15140359103679657,100.0,2.9021155834198,-0.004317228216677904,0.7925193309783936,0.0,0.9998399615287781
1853,,,,,,,,-3.7441887855529785,3.3749998692655936e-05,-0.022318799048662186,0.03788711503148079,0.39967894554138184,0.010590314865112305,233.0,0.15144866704940796,100.0,2.9021155834198,-0.0039091263897717,1.4290828704833984,0.0,0.9998211860656738
1854,,,,,,,,-3.740607738494873,2.2500000341096893e-05,-0.01614241488277912,0.0034939085599035025,0.39887213706970215,0.011172771453857422,234.0,0.15153488516807556,100.0,2.9021155834198,-0.0038037069607526064,0.0,0.0,0.9999485015869141
1855,-0.003945307340472937,0.7441486120223999,0.0,0.9998851418495178,0.0,0.0,1.0,-3.7315545082092285,5.062499985797331e-05,-0.020495984703302383,0.036206990480422974,0.43096399307250977,0.011562108993530273,216.0,0.1517724245786667,100.0,2.92384934425354,-0.0043019442819058895,0.6444240212440491,0.0,0.9999521374702454
1856,,,,,,,,-3.7190957069396973,2.2500000341096893e-05,-0.02184959501028061,0.02903296798467636,0.42252206802368164,0.01081991195678711,221.0,0.15176551043987274,100.0,2.9308955669403076,-0.00453483359888196,0.7361536026000977,0.0,0.9998298287391663
1857,,,,,,,,-3.718679904937744,3.3749998692655936e-05,-0.013795631937682629,0.039296627044677734,0.41448020935058594,0.010711908340454102,225.0,0.15173891186714172,100.0,2.9308955669403076,-0.004865719471126795,1.4620790481567383,0.0,0.9998383522033691
1858,,,,,,,,-3.718963146209717,3.3749998692655936e-05,-0.014950405806303024,0.0034117030445486307,0.3989522457122803,0.010757923126220703,234.0,0.1517159342765808,100.0,2.9308955669403076,-0.004263494163751602,0.0,0.0,0.9999234080314636
1859,,,,,,,,-3.723653554916382,5.062499985797331e-05,-0.019905490800738335,0.019407859072089195,0.42555880546569824,0.010824203491210938,219.0,0.15160052478313446,100.0,2.935898542404175,-0.004353659227490425,0.6470015048980713,0.0,0.9999740123748779
1860,,,,,,,,-3.735391616821289,7.593750342493877e-05,-0.018265126273036003,0.03617969527840614,0.41747522354125977,0.010746955871582031,224.0,0.15142256021499634,100.0,2.9369115829467773,-0.0041768234223127365,0.6578130722045898,0.0,0.999835193157196
1861,-0.004530599806457758,0.7492327690124512,0.0,0.9998878240585327,0.0,0.0,1.0,-3.7393031120300293,2.2500000341096893e-05,-0.017651839181780815,0.11472896486520767,0.42044496536254883,0.010943889617919922,222.0,0.15148986876010895,100.0,2.9474592208862305,-0.003945983946323395,1.1345295906066895,0.0,0.9998541474342346
1862,,,,,,,,-3.731929302215576,2.2500000341096893e-05,-0.021081745624542236,0.004261577967554331,0.40140223503112793,0.010846853256225586,232.0,0.15156148374080658,100.0,2.9474592208862305,-0.0041283429600298405,0.0,0.0,0.9998760223388672
1863,,,,,,,,-3.7276570796966553,3.3749998692655936e-05,-0.028041265904903412,0.006671690847724676,0.415255069732666,0.010963916778564453,225.0,0.15159471333026886,100.0,2.966553211212158,-0.004209862556308508,0.014276571571826935,0.0,0.9999857544898987
1864,,,,,,,,-3.7237436771392822,2.2500000341096893e-05,-0.02465991862118244,0.03381146118044853,0.4185469150543213,0.011053800582885742,223.0,0.1516353189945221,100.0,2.963733196258545,-0.003971097990870476,1.397311806678772,0.0,0.9998462796211243
1865,,,,,,,,-3.723998785018921,7.593750342493877e-05,-0.014579767361283302,0.04642091691493988,0.43131589889526367,0.010843276977539062,217.0,0.15150244534015656,100.0,2.974822521209717,-0.003950905054807663,1.2914214134216309,0.0,0.9998547434806824
1866,,,,,,,,-3.7278640270233154,2.2500000341096893e-05,-0.017068026587367058,0.006664077751338482,0.40673112869262695,0.010959863662719727,229.0,0.15138943493366241,100.0,2.974822521209717,-0.0037962414789944887,0.03533671051263809,0.0,0.9998278617858887
1867,,,,,,,,-3.7305357456207275,5.062499985797331e-05,-0.014161736704409122,0.006127461791038513,0.4243011474609375,0.010799884796142578,220.0,0.15123693645000458,100.0,2.986086845397949,-0.003960371483117342,0.0001086626507458277,0.0,0.9999899864196777
1868,,,,,,,,-3.7388503551483154,3.3749998692655936e-05,-0.021942857652902603,0.04312179237604141,0.42229628562927246,0.010985851287841797,221.0,0.15095974504947662,100.0,2.9966349601745605,-0.003927558194845915,1.4712997674942017,0.0,0.9998631477355957
1869,,,,,,,,-3.752004384994507,0.00017085937724914402,-0.007239051163196564,0.03218117356300354,0.43552613258361816,0.010869026184082031,215.0,0.15077154338359833,100.0,3.016054153442383,-0.004214816261082888,0.7363045811653137,0.0,0.9998466372489929
1870,,,,,,,,-3.7644615173339844,7.593750342493877e-05,-0.015579399652779102,0.02976025454699993,0.40429210662841797,0.010850906372070312,231.0,0.15060551464557648,100.0,3.016054153442383,-0.003960747271776199,0.4804806411266327,0.0,0.9998005032539368
1871,,,,,,,,-3.777449369430542,3.3749998692655936e-05,-0.01157462690025568,0.005602386314421892,0.4177558422088623,0.010854959487915039,223.0,0.15043088793754578,100.0,3.0272209644317627,-0.0035199634730815887,1.1801571986325143e-07,0.0,0.9999837875366211
1872,,,,,,,,-3.782165050506592,2.2500000341096893e-05,-0.0182681605219841,0.03528998792171478,0.4202601909637451,0.010820865631103516,222.0,0.15046392381191254,100.0,3.036762237548828,-0.0037932966370135546,0.7967780232429504,0.0,0.99989253282547
1873,,,,,,,,-3.7813804149627686,7.593750342493877e-05,-0.015613557770848274,0.02233281545341015,0.434600830078125,0.011004209518432617,215.0,0.15049006044864655,100.0,3.046308755874634,-0.004209268372505903,0.7332009673118591,0.0,0.9998313784599304
1874,,,,,,,,-3.7814838886260986,2.2500000341096893e-05,-0.02884293906390667,0.11016913503408432,0.4034559726715088,0.010661840438842773,231.0,0.1505306363105774,100.0,3.046308755874634,-0.004776071757078171,0.8899950385093689,0.0,0.9998038411140442
1875,,,,,,,,-3.78206205368042,1.4999999621068127e-05,-0.02165013551712036,0.003209268907085061,0.4050333499908447,0.010788917541503906,230.0,0.15058599412441254,100.0,3.053536891937256,-0.0036596525460481644,9.238978964276612e-05,0.0,0.9999699592590332
1876,,,,,,,,-3.781428098678589,5.062499985797331e-05,-0.015930717810988426,0.03970061242580414,0.42697596549987793,0.010848045349121094,219.0,0.15061958134174347,100.0,3.064155101776123,-0.004293954931199551,0.7518293857574463,0.0,0.9999315738677979
1877,,,,,,,,-3.783149242401123,3.3749998692655936e-05,-0.016510402783751488,0.032743874937295914,0.430570125579834,0.010793924331665039,217.0,0.15059182047843933,100.0,3.0660898685455322,-0.004015736747533083,0.8000321984291077,0.0,0.9998235106468201
1878,,,,,,,,-3.7853310108184814,3.3749998692655936e-05,-0.016451220959424973,0.08476975560188293,0.40823793411254883,0.010720014572143555,229.0,0.1506015509366989,100.0,3.0660898685455322,-0.004006252158433199,0.6841662526130676,0.0,0.9998013377189636
1879,,,,,,,,-3.786020040512085,3.3749998692655936e-05,-0.016294177621603012,0.004434419795870781,0.4009699821472168,0.010929107666015625,233.0,0.15053822100162506,100.0,3.0660898685455322,-0.0034737971145659685,0.0,0.0,0.9999414086341858
1880,-0.004071968607604504,0.7426490187644958,0.0,0.9998787641525269,0.0,0.0,1.0,-3.791692018508911,5.062499985797331e-05,-0.014377468265593052,0.018287476152181625,0.43259477615356445,0.011350154876708984,216.0,0.1503334790468216,100.0,3.085517406463623,-0.004157373681664467,0.6367728114128113,0.0,0.999957263469696
1881,,,,,,,,-3.795774221420288,5.062499985797331e-05,-0.02077970840036869,0.04917754977941513,0.42064404487609863,0.010607719421386719,222.0,0.15023541450500488,100.0,3.0826687812805176,-0.004542278125882149,0.39379024505615234,0.0,0.9998018741607666
1882,,,,,,,,-3.7936148643493652,7.593750342493877e-05,-0.017406832426786423,0.167379230260849,0.4362831115722656,0.018481969833374023,211.0,0.15025684237480164,100.0,3.0826687812805176,-0.0038851595018059015,1.0772162675857544,0.0,0.9998067021369934
1883,,,,,,,,-3.790437936782837,2.2500000341096893e-05,-0.009377030655741692,0.002199983224272728,0.4866797924041748,0.01116800308227539,192.0,0.15042123198509216,100.0,3.0826687812805176,-0.00363075640052557,0.0020042387768626213,0.0,0.9999076724052429
1884,,,,,,,,-3.7890169620513916,3.3749998692655936e-05,-0.016824282705783844,0.0670938789844513,0.43163394927978516,0.011053085327148438,216.0,0.15038073062896729,100.0,3.097177505493164,-0.0044373031705617905,0.7414331436157227,0.0,0.9999764561653137
1885,,,,,,,,-3.7958545684814453,0.00011390625149942935,-0.015092911198735237,0.05848180502653122,0.42209625244140625,0.010851860046386719,221.0,0.15035958588123322,100.0,3.1042656898498535,-0.004448689520359039,0.8235142827033997,0.0,0.9998064637184143
1886,-0.004137922078371048,0.30005887150764465,0.0,0.9998800754547119,0.0,0.0,1.0,-3.8066487312316895,2.2500000341096893e-05,0.0033425979781895876,0.05415307357907295,0.4196338653564453,0.010820150375366211,223.0,0.15022988617420197,100.0,3.094578981399536,-0.004181949887424707,1.430118441581726,0.0,0.9998305439949036
1887,,,,,,,,-3.8145995140075684,7.593750342493877e-05,-0.013923577032983303,0.005033622495830059,0.40386390686035156,0.01079106330871582,231.0,0.15005458891391754,100.0,3.094578981399536,-0.004048606380820274,0.0,0.0,0.9998553395271301
1888,,,,,,,,-3.820338010787964,2.2500000341096893e-05,-0.007057578768581152,0.005852069705724716,0.4182741641998291,0.01093292236328125,223.0,0.14999163150787354,100.0,3.114572286605835,-0.004019377753138542,0.015380657278001308,0.0,0.9999869465827942
1889,,,,,,,,-3.8189280033111572,5.062499985797331e-05,-0.025319287553429604,0.04578273743391037,0.45226597785949707,0.011126995086669922,207.0,0.15004248917102814,100.0,3.115311861038208,-0.0038487811107188463,1.4322490692138672,0.0,0.9998298287391663
1890,,,,,,,,-3.814925193786621,3.3749998692655936e-05,-0.022581828758120537,0.041881125420331955,0.43218207359313965,0.011201143264770508,216.0,0.15005162358283997,100.0,3.1138999462127686,-0.0039749457500875,1.3445758819580078,0.0,0.9998416304588318
1891,,,,,,,,-3.810098171234131,0.00017085937724914402,-0.011125373654067516,0.0077955755405128,0.39927196502685547,0.011011838912963867,233.0,0.15027272701263428,100.0,3.1138999462127686,-0.003643035190179944,0.049917373806238174,0.0,0.9998181462287903
1892,,,,,,,,-3.7987446784973145,1.4999999621068127e-05,-0.004933921154588461,0.005580345168709755,0.4188380241394043,0.010812044143676758,223.0,0.15035559237003326,100.0,3.119553327560425,-0.004281050991266966,8.750533015700057e-05,0.0,0.9999884963035583
1893,,,,,,,,-3.8017656803131104,5.062499985797331e-05,-0.008804107084870338,0.049446187913417816,0.4216630458831787,0.011062145233154297,221.0,0.15023764967918396,100.0,3.123567581176758,-0.00458245724439621,1.4282926321029663,0.0,0.9998536109924316
1894,,,,,,,,-3.814864158630371,2.2500000341096893e-05,-0.029246224090456963,0.06656574457883835,0.42993688583374023,0.01069021224975586,217.0,0.15009216964244843,100.0,3.1276187896728516,-0.004216535482555628,0.39094093441963196,0.0,0.9998214244842529
1895,,,,,,,,-3.8198914527893066,5.062499985797331e-05,-0.014809760265052319,0.02124153822660446,0.40132617950439453,0.010755777359008789,232.0,0.1501065492630005,100.0,3.1276187896728516,-0.004559229128062725,0.6854002475738525,0.0,0.9997785687446594
1896,,,,,,,,-3.82491397857666,5.062499985797331e-05,-0.012872548773884773,0.004831177648156881,0.4128439426422119,0.01097416877746582,226.0,0.14999763667583466,100.0,3.132830858230591,-0.004062769003212452,9.945133427891051e-08,0.0,0.9999794363975525
1897,,,,,,,,-3.833254098892212,7.593750342493877e-05,-0.007738078944385052,0.17057278752326965,0.420137882232666,0.010815143585205078,222.0,0.1499294936656952,100.0,3.143125295639038,-0.004054756835103035,1.103776454925537,0.0,0.9998946189880371
1898,,,,,,,,-3.830716133117676,3.3749998692655936e-05,-0.022834844887256622,0.024287894368171692,0.43230485916137695,0.010875225067138672,216.0,0.15006905794143677,100.0,3.13659405708313,-0.004565217532217503,0.15385738015174866,0.0,0.9998138546943665
1899,,,,,,,,-3.825423002243042,5.062499985797331e-05,-0.027582071721553802,0.03292425721883774,0.3982198238372803,0.011089086532592773,234.0,0.1500549614429474,100.0,3.13659405708313,-0.004140725824981928,1.1359790563583374,0.0,0.9997658133506775
1900,,,,,,,,-3.827840566635132,2.2500000341096893e-05,-0.01766909286379814,0.003985472489148378,0.4018990993499756,0.010903120040893555,232.0,0.15000765025615692,100.0,3.129802703857422,-0.0033777065109461546,1.0563309255084974e-10,0.0,0.9999608993530273
1901,,,,,,,,-3.8318028450012207,3.3749998692655936e-05,-0.01940165087580681,0.029494451358914375,0.4284179210662842,0.011354923248291016,218.0,0.14989012479782104,100.0,3.1305298805236816,-0.0038583092391490936,0.7272518277168274,0.0,0.9999241828918457
1902,,,,,,,,-3.8392858505249023,3.3749998692655936e-05,-0.012917905114591122,0.03213772922754288,0.42810702323913574,0.010843038558959961,218.0,0.14967145025730133,100.0,3.1258738040924072,-0.004210819955915213,0.7053372263908386,0.0,0.9997976422309875
1903,,,,,,,,-3.8431026935577393,5.062499985797331e-05,-0.028296194970607758,0.05540080368518829,0.40213704109191895,0.010949850082397461,232.0,0.14959843456745148,100.0,3.1258738040924072,-0.0037395425606518984,1.4720405340194702,0.0,0.9997530579566956
1904,,,,,,,,-3.8394105434417725,5.062499985797331e-05,-0.01339348591864109,0.0035551725886762142,0.3969151973724365,0.010692834854125977,235.0,0.14963795244693756,100.0,3.1258738040924072,-0.0034799145068973303,0.0,0.0,0.9999275207519531
1905,-0.004223193973302841,0.6840987801551819,0.0,0.9998565912246704,0.0,0.0,1.0,-3.8389017581939697,7.593750342493877e-05,-0.011094690300524235,0.029892437160015106,0.4301271438598633,0.010863065719604492,217.0,0.14951756596565247,100.0,3.1263885498046875,-0.004756446462124586,0.6799926161766052,0.0,0.9999520778656006
1906,,,,,,,,-3.852407455444336,7.593750342493877e-05,-0.009582608938217163,0.029588377103209496,0.42093896865844727,0.010821819305419922,222.0,0.14932242035865784,100.0,3.139808177947998,-0.004339104052633047,0.8263881206512451,0.0,0.9997863173484802
1907,,,,,,,,-3.8603620529174805,2.2500000341096893e-05,-0.01923275738954544,0.05532574653625488,0.4147298336029053,0.010886192321777344,225.0,0.149331197142601,100.0,3.139808177947998,-0.004416622221469879,1.307928442955017,0.0,0.9997798800468445
1908,,,,,,,,-3.859792947769165,3.3749998692655936e-05,-0.015525761991739273,0.006417679134756327,0.40283799171447754,0.010796070098876953,232.0,0.14944975078105927,100.0,3.139808177947998,-0.004004120826721191,0.0,0.0,0.999888002872467
1909,,,,,,,,-3.8544998168945312,1.4999999621068127e-05,-0.010475007817149162,0.02155202254652977,0.42960214614868164,0.011076688766479492,217.0,0.14954185485839844,100.0,3.1484484672546387,-0.004124945495277643,0.7456214427947998,0.0,0.9999755024909973
1910,,,,,,,,-3.8517439365386963,5.062499985797331e-05,-0.020624957978725433,0.07067868858575821,0.4163401126861572,0.010830163955688477,224.0,0.14959682524204254,100.0,3.160555839538574,-0.004099671263247728,0.49203065037727356,0.0,0.9997798800468445
1911,-0.004296247381716967,0.5214979648590088,0.0,0.9998672604560852,0.0,0.0,1.0,-3.8483638763427734,5.062499985797331e-05,-0.016857745125889778,0.06276941299438477,0.41678905487060547,0.010626077651977539,224.0,0.1496805101633072,100.0,3.167233943939209,-0.004076037090271711,1.5989021062850952,0.0,0.9997856020927429
1912,,,,,,,,-3.8480679988861084,3.3749998692655936e-05,-0.015474553219974041,0.015958741307258606,0.40369486808776855,0.011094093322753906,231.0,0.14968688786029816,100.0,3.167233943939209,-0.0035312713589519262,0.0,0.0,0.9998205304145813
1913,,,,,,,,-3.850423812866211,2.2500000341096893e-05,-0.012373632751405239,0.0103016821667552,0.4154481887817383,0.010657072067260742,225.0,0.14965032041072845,100.0,3.169624090194702,-0.004163255915045738,0.022139335051178932,0.0,0.9999750256538391
1914,,,,,,,,-3.853219747543335,7.593750342493877e-05,-0.011547408066689968,0.032172150909900665,0.42102980613708496,0.010806083679199219,222.0,0.14960095286369324,100.0,3.1776814460754395,-0.004657636862248182,1.4714056253433228,0.0,0.999803364276886
1915,,,,,,,,-3.8511319160461426,3.3749998692655936e-05,-0.015964927151799202,0.1507803201675415,0.4273557662963867,0.0108489990234375,219.0,0.1496700793504715,100.0,3.1906423568725586,-0.0040687997825443745,1.149691104888916,0.0,0.9998133182525635
1916,,,,,,,,-3.8460142612457275,2.2500000341096893e-05,-0.01646142080426216,0.006658355705440044,0.4011709690093994,0.010813236236572266,233.0,0.14972668886184692,100.0,3.1906423568725586,-0.0045303660444915295,0.04734122380614281,0.0,0.9997881054878235
1917,,,,,,,,-3.842313289642334,3.3749998692655936e-05,-0.022406378760933876,0.005579574964940548,0.41665101051330566,0.01093292236328125,224.0,0.14971931278705597,100.0,3.191344976425171,-0.0041352808475494385,0.00010909369302680716,0.0,0.9999802708625793
1918,,,,,,,,-3.847763776779175,3.3749998692655936e-05,-0.0193767249584198,0.034676454961299896,0.41927289962768555,0.01093602180480957,223.0,0.14948827028274536,100.0,3.1927640438079834,-0.004229615908116102,1.4341555833816528,0.0,0.999835729598999
1919,,,,,,,,-3.8556320667266846,3.3749998692655936e-05,-0.03333083167672157,0.024197731167078018,0.43329811096191406,0.010907173156738281,216.0,0.14938050508499146,100.0,3.2053115367889404,-0.003933464642614126,0.558917224407196,0.0,0.999810516834259
1920,,,,,,,,-3.8587026596069336,2.2500000341096893e-05,-0.017834210768342018,0.02023783139884472,0.4024500846862793,0.010802984237670898,232.0,0.14931894838809967,100.0,3.2053115367889404,-0.003654173808172345,0.7268388867378235,0.0,0.9997619986534119
1921,,,,,,,,-3.8602120876312256,2.2500000341096893e-05,-0.01667489856481552,0.004919213708490133,0.41254496574401855,0.010548114776611328,226.0,0.14931222796440125,100.0,3.2170794010162354,-0.0036978619173169136,1.0406790096340046e-07,0.0,0.9999768733978271
1922,,,,,,,,-3.8603334426879883,7.593750342493877e-05,-0.013846585527062416,0.06307968497276306,0.4217081069946289,0.011026859283447266,221.0,0.14924941956996918,100.0,3.2275948524475098,-0.004159176722168922,1.4353164434432983,0.0,0.999893844127655
1923,,,,,,,,-3.8645637035369873,2.2500000341096893e-05,-0.013188637793064117,0.030697351321578026,0.4311690330505371,0.011368036270141602,216.0,0.14919401705265045,100.0,3.223238468170166,-0.004568309057503939,0.18044565618038177,0.0,0.9998183846473694
1924,,,,,,,,-3.8677656650543213,3.3749998692655936e-05,-0.026747027412056923,0.13309821486473083,0.4033820629119873,0.011005163192749023,231.0,0.14907605946063995,100.0,3.223238468170166,-0.004366684705018997,0.8761506080627441,0.0,0.9997763633728027
1925,,,,,,,,-3.8714852333068848,5.062499985797331e-05,-0.020559843629598618,0.004423876758664846,0.4031107425689697,0.010567188262939453,232.0,0.1491374671459198,100.0,3.2314372062683105,-0.0034466171637177467,4.825678843189962e-05,0.0,0.99996018409729
1926,,,,,,,,-3.8673582077026367,5.062499985797331e-05,-0.026045890524983406,0.36193469166755676,0.42917490005493164,0.011107206344604492,218.0,0.14935962855815887,100.0,3.237247943878174,-0.003952905535697937,0.18223322927951813,0.0,0.9999352097511292
1927,,,,,,,,-3.863610029220581,5.062499985797331e-05,-0.027127930894494057,0.04855238273739815,0.4310951232910156,0.011182069778442383,217.0,0.14951331913471222,100.0,3.239783763885498,-0.004216615576297045,0.7258129119873047,0.0,0.9998076558113098
1928,,,,,,,,-3.853820562362671,2.2500000341096893e-05,-0.014968082308769226,0.1122458428144455,0.4028637409210205,0.010612010955810547,232.0,0.14968673884868622,100.0,3.239783763885498,-0.0039084479212760925,0.9608587622642517,0.0,0.9997833371162415
1929,,,,,,,,-3.8472654819488525,3.3749998692655936e-05,-0.01115264929831028,0.004386783577501774,0.3999061584472656,0.011131048202514648,233.0,0.14973685145378113,100.0,3.239783763885498,-0.003695589257404208,2.3842424070608104e-06,0.0,0.9999363422393799
1930,-0.0037610591389238834,0.43320682644844055,0.0,0.9998682737350464,0.0,0.0,1.0,-3.8477797508239746,3.3749998692655936e-05,-0.016845881938934326,0.02920532412827015,0.4303140640258789,0.01081705093383789,217.0,0.1497211754322052,100.0,3.2273106575012207,-0.004431241657584906,0.7400317788124084,0.0,0.9999520778656006
1931,,,,,,,,-3.849208354949951,2.2500000341096893e-05,-0.019297175109386444,0.03853188082575798,0.41956210136413574,0.010889053344726562,223.0,0.14973098039627075,100.0,3.2252402305603027,-0.004154583439230919,0.7885850071907043,0.0,0.9997790455818176
1932,,,,,,,,-3.842831611633301,5.062499985797331e-05,-0.022614674642682076,0.03687664493918419,0.41747522354125977,0.010661840438842773,224.0,0.15000119805335999,100.0,3.2252402305603027,-0.0038296999409794807,1.4558467864990234,0.0,0.9997766017913818
1933,,,,,,,,-3.8239831924438477,2.2500000341096893e-05,-0.023904072120785713,0.004490064922720194,0.44026684761047363,0.01612710952758789,210.0,0.15011675655841827,100.0,3.2252402305603027,-0.003883091500028968,0.0,0.0,0.9998828768730164
1934,,,,,,,,-3.8171517848968506,0.00011390625149942935,-0.01547860074788332,0.03646346181631088,0.5109231472015381,0.013386964797973633,183.0,0.15012256801128387,100.0,3.231426477432251,-0.004642401356250048,0.7646687626838684,0.0,0.9999777674674988
1935,,,,,,,,-3.818861246109009,3.3749998692655936e-05,-0.0077131520956754684,0.026350630447268486,0.44869470596313477,0.0118560791015625,208.0,0.14993304014205933,100.0,3.2309420108795166,-0.0041040959767997265,0.8420249819755554,0.0,0.9997937679290771
1936,-0.004095866344869137,0.7271381616592407,0.0,0.999855637550354,0.0,0.0,1.0,-3.8203001022338867,5.062499985797331e-05,-0.015452845022082329,0.02875390276312828,0.4351940155029297,0.010940074920654297,215.0,0.1499195098876953,100.0,3.2326865196228027,-0.0038358529563993216,1.115918755531311,0.0,0.9998055100440979
1937,,,,,,,,-3.8140311241149902,2.2500000341096893e-05,-0.026778558269143105,0.029938949272036552,0.4034721851348877,0.010728836059570312,231.0,0.15000507235527039,100.0,3.2326865196228027,-0.004002157598733902,0.0009097972069866955,0.0,0.9998460412025452
1938,,,,,,,,-3.8103625774383545,3.3749998692655936e-05,-0.016626624390482903,0.010564303025603294,0.420396089553833,0.01061701774597168,222.0,0.15008080005645752,100.0,3.2391765117645264,-0.003937945235520601,0.018885469064116478,0.0,0.9999793171882629
1939,,,,,,,,-3.8085241317749023,3.3749998692655936e-05,-0.021275145933032036,0.04282905161380768,0.42521119117736816,0.010688066482543945,220.0,0.15007218718528748,100.0,3.2401885986328125,-0.004184593912214041,1.309586524963379,0.0,0.9998182654380798
1940,,,,,,,,-3.812087297439575,3.3749998692655936e-05,-0.014089636504650116,0.027227995917201042,0.4306769371032715,0.011035919189453125,217.0,0.1499604731798172,100.0,3.241070032119751,-0.004696238785982132,1.447500228881836,0.0,0.9998196959495544
1941,,,,,,,,-3.81725811958313,2.2500000341096893e-05,-0.026232775300741196,0.005654177628457546,0.401212215423584,0.011801958084106445,232.0,0.14985240995883942,100.0,3.241070032119751,-0.003766686422750354,0.04125000163912773,0.0,0.999799907207489
1942,,,,,,,,-3.8242743015289307,5.062499985797331e-05,-0.010857922025024891,0.004575630184262991,0.41284799575805664,0.011625051498413086,226.0,0.14969214797019958,100.0,3.2383506298065186,-0.003809447633102536,8.729134424356744e-05,0.0,0.9999843239784241
1943,,,,,,,,-3.8356401920318604,2.2500000341096893e-05,-0.018375646322965622,0.030816344544291496,0.41944098472595215,0.010843038558959961,223.0,0.14956803619861603,100.0,3.240184783935547,-0.004550641868263483,1.4783331155776978,0.0,0.9998524785041809
1944,,,,,,,,-3.8406143188476562,0.00011390625149942935,-0.007245473563671112,0.02125585451722145,0.4307279586791992,0.010806083679199219,217.0,0.14948008954524994,100.0,3.2469658851623535,-0.004627678077667952,0.7851685881614685,0.0,0.999828040599823
1945,,,,,,,,-3.8460731506347656,3.3749998692655936e-05,-0.02030263841152191,0.011393134482204914,0.3993978500366211,0.010815143585205078,234.0,0.14953605830669403,100.0,3.2469658851623535,-0.004018654581159353,0.697533905506134,0.0,0.9997760653495789
1946,,,,,,,,-3.844363212585449,2.2500000341096893e-05,-0.013902774080634117,0.004705231636762619,0.41359472274780273,0.011146068572998047,226.0,0.14958012104034424,100.0,3.245850086212158,-0.004545139614492655,6.590894230384947e-08,0.0,0.9999773502349854
1947,,,,,,,,-3.8471522331237793,3.3749998692655936e-05,-0.012853266671299934,0.03743501380085945,0.42183399200439453,0.011036157608032227,221.0,0.14944376051425934,100.0,3.248098134994507,-0.004041241016238928,1.4063987731933594,0.0,0.9999002814292908
1948,,,,,,,,-3.8571133613586426,2.2500000341096893e-05,-0.01780761405825615,0.04671889916062355,0.4305741786956787,0.010645866394042969,217.0,0.14927303791046143,100.0,3.2615225315093994,-0.0042764111422002316,0.7903182506561279,0.0,0.999833345413208
1949,,,,,,,,-3.8651630878448486,3.3749998692655936e-05,-0.015073870308697224,0.02787371352314949,0.40383315086364746,0.011626720428466797,231.0,0.14915819466114044,100.0,3.2615225315093994,-0.003975585103034973,0.7969613075256348,0.0,0.9997608065605164
1950,,,,,,,,-3.8690242767333984,2.2500000341096893e-05,-0.019582374021410942,0.0030251136049628258,0.419482946395874,0.011117219924926758,222.0,0.14913153648376465,100.0,3.261521100997925,-0.0037834972608834505,6.382174649877115e-11,0.0,0.9999558925628662
1951,,,,,,,,-3.8644332885742188,7.593750342493877e-05,-0.010249391198158264,0.01633084937930107,0.42754673957824707,0.018426179885864258,215.0,0.1491820216178894,100.0,3.2635786533355713,-0.004042795859277248,0.7805960774421692,0.0,0.9999289512634277
1952,,,,,,,,-3.8547163009643555,1.4999999621068127e-05,-0.028283914551138878,0.01615198329091072,0.46009397506713867,0.011108160018920898,203.0,0.14922679960727692,100.0,3.2740237712860107,-0.00451029883697629,0.7987861037254333,0.0,0.9998045563697815
1953,,,,,,,,-3.8522119522094727,0.00017085937724914402,-0.012758315540850163,0.1437886506319046,0.40189480781555176,0.01071786880493164,232.0,0.14923915266990662,100.0,3.2740237712860107,-0.003962965216487646,1.0586957931518555,0.0,0.9997714161872864
1954,,,,,,,,-3.853689193725586,5.062499985797331e-05,-0.009230720810592175,0.014526614919304848,0.40145277976989746,0.010978937149047852,232.0,0.14923231303691864,100.0,3.2740237712860107,-0.0033073341473937035,0.0,0.0,0.9999257922172546
1955,-0.0043085841462016106,0.7546180486679077,0.0,0.9998657703399658,0.0,0.0,1.0,-3.8531651496887207,3.3749998692655936e-05,-0.02335347607731819,0.01847921498119831,0.4324362277984619,0.01092076301574707,216.0,0.14924773573875427,100.0,3.2784297466278076,-0.004283977206796408,0.6912879943847656,0.0,0.999946117401123
1956,,,,,,,,-3.8512933254241943,2.2500000341096893e-05,-0.02290753461420536,0.028362387791275978,0.42237114906311035,0.010927915573120117,221.0,0.14923478662967682,100.0,3.271026134490967,-0.00450065778568387,0.8260530829429626,0.0,0.9997807145118713
1957,,,,,,,,-3.850419521331787,0.00011390625149942935,-0.016701236367225647,0.02927948534488678,0.41512084007263184,0.011088132858276367,225.0,0.14934265613555908,100.0,3.271026134490967,-0.003716127946972847,1.5572572946548462,0.0,0.9997764229774475
1958,,,,,,,,-3.8497986793518066,5.062499985797331e-05,-0.02305915392935276,0.005255857016891241,0.3972189426422119,0.011175155639648438,235.0,0.1492508202791214,100.0,3.271026134490967,-0.004675746895372868,0.0,0.0,0.9998796582221985
1959,,,,,,,,-3.8612489700317383,3.3749998692655936e-05,-0.016046680510044098,0.014576500281691551,0.43658018112182617,0.011090993881225586,214.0,0.14897644519805908,100.0,3.2703793048858643,-0.004048075992614031,0.7561884522438049,0.0,0.999971330165863
1960,,,,,,,,-3.872650623321533,0.00011390625149942935,-0.00967283546924591,0.01766832172870636,0.4180619716644287,0.010775089263916016,223.0,0.14881794154644012,100.0,3.2708070278167725,-0.00382073107175529,0.8427295684814453,0.0,0.9997841715812683
1961,-0.003969225566834211,0.7812435030937195,0.0,0.9998527765274048,0.0,0.0,1.0,-3.8748157024383545,2.2500000341096893e-05,-0.011153306812047958,0.015542834997177124,0.41701388359069824,0.010734081268310547,224.0,0.14883911609649658,100.0,3.2727344036102295,-0.004543140064924955,1.3137317895889282,0.0,0.9998038411140442
1962,,,,,,,,-3.8717687129974365,3.3749998692655936e-05,-0.015983473509550095,0.003001673612743616,0.3995697498321533,0.010746240615844727,233.0,0.14890888333320618,100.0,3.2727344036102295,-0.003590789856389165,0.0017564358422532678,0.0,0.9998462200164795
1963,,,,,,,,-3.8643381595611572,3.3749998692655936e-05,-0.01681220345199108,0.004315198864787817,0.4144608974456787,0.010792016983032227,225.0,0.14913618564605713,100.0,3.2769339084625244,-0.00403945567086339,0.022796154022216797,0.0,0.9999831318855286
1964,,,,,,,,-3.8521878719329834,3.3749998692655936e-05,-0.026815705001354218,0.022981256246566772,0.4166269302368164,0.010724782943725586,224.0,0.14927759766578674,100.0,3.2775332927703857,-0.003976890817284584,1.5337039232254028,0.0,0.9998197555541992
1965,,,,,,,,-3.843165397644043,7.593750342493877e-05,-0.010904434137046337,0.15386463701725006,0.4283101558685303,0.010950803756713867,218.0,0.1494438797235489,100.0,3.2741482257843018,-0.004564452450722456,0.9973402619361877,0.0,0.9998281002044678
1966,,,,,,,,-3.832211494445801,3.3749998692655936e-05,-0.022762352600693703,0.0051415059715509415,0.4012451171875,0.010716915130615234,233.0,0.14960210025310516,100.0,3.2741482257843018,-0.004003926645964384,0.04147607460618019,0.0,0.9998109936714172
1967,,,,,,,,-3.829810380935669,3.3749998692655936e-05,-0.01821218803524971,0.0043266243301332,0.4157869815826416,0.010889053344726562,224.0,0.1496875286102295,100.0,3.275843858718872,-0.003849386004731059,0.00013390948879532516,0.0,0.9999799728393555
1968,,,,,,,,-3.831655502319336,5.062499985797331e-05,-0.025745335966348648,0.1249210312962532,0.4176640510559082,0.010895013809204102,224.0,0.14964047074317932,100.0,3.278989791870117,-0.003565911902114749,1.207241177558899,0.0,0.9998562932014465
1969,,,,,,,,-3.8361644744873047,5.062499985797331e-05,-0.012656522914767265,0.031378235667943954,0.4289517402648926,0.010801076889038086,218.0,0.14961537718772888,100.0,3.277142286300659,-0.004681674297899008,0.7855990529060364,0.0,0.9998109340667725
1970,,,,,,,,-3.8371949195861816,1.4999999621068127e-05,-0.023296823725104332,0.0475655235350132,0.4098339080810547,0.010786056518554688,228.0,0.14962173998355865,100.0,3.277142286300659,-0.004083411302417517,0.2698332667350769,0.0,0.9997653961181641
1971,,,,,,,,-3.8325798511505127,0.00011390625149942935,-0.01136404275894165,0.004696696065366268,0.4117412567138672,0.010782957077026367,227.0,0.14984071254730225,100.0,3.2709665298461914,-0.0038416057359427214,1.0293590690935162e-07,0.0,0.9999599456787109
1972,,,,,,,,-3.816016912460327,3.3749998692655936e-05,-0.029517745599150658,0.11705378443002701,0.4481980800628662,0.011700868606567383,208.0,0.1500009298324585,100.0,3.273219347000122,-0.004495540633797646,1.2010427713394165,0.0,0.9998779296875
1973,,,,,,,,-3.815286874771118,7.593750342493877e-05,-0.012670132331550121,0.03733564540743828,0.4306366443634033,0.010769128799438477,217.0,0.14997339248657227,100.0,3.267984628677368,-0.004520476330071688,0.7937846779823303,0.0,0.9998006224632263
1974,,,,,,,,-3.82399320602417,5.062499985797331e-05,-0.017426662147045135,0.01998736523091793,0.401231050491333,0.011013984680175781,232.0,0.14980961382389069,100.0,3.267984628677368,-0.004139543976634741,0.8709010481834412,0.0,0.9997472167015076
1975,,,,,,,,-3.828352689743042,1.4999999621068127e-05,-0.02358154021203518,0.004112769849598408,0.40062904357910156,0.011008977890014648,233.0,0.14984795451164246,100.0,3.261890411376953,-0.004163165111094713,4.319813950992568e-11,0.0,0.9999435544013977
1976,,,,,,,,-3.824167251586914,5.062499985797331e-05,-0.018986260518431664,0.012681173160672188,0.42374515533447266,0.010873079299926758,220.0,0.14997881650924683,100.0,3.26379656791687,-0.004854749422520399,0.7213831543922424,0.0,0.9999164938926697
1977,,,,,,,,-3.8129336833953857,3.3749998692655936e-05,-0.024604128673672676,0.02204882726073265,0.43529200553894043,0.011561870574951172,214.0,0.15005645155906677,100.0,3.2713658809661865,-0.004368232097476721,0.7421982288360596,0.0,0.9997960925102234
1978,,,,,,,,-3.8134100437164307,7.593750342493877e-05,-0.009050710126757622,0.023585477843880653,0.4022941589355469,0.010833978652954102,232.0,0.1499250829219818,100.0,3.2713658809661865,-0.004024544730782509,1.4226903915405273,0.0,0.9997636675834656
1979,,,,,,,,-3.8259997367858887,2.2500000341096893e-05,-0.025944368913769722,0.0025258485693484545,0.3996260166168213,0.010931968688964844,233.0,0.1497899740934372,100.0,3.2713658809661865,-0.0036545973271131516,0.0,0.0,0.9999213814735413
1980,-0.0044653089717030525,0.6986180543899536,0.0,0.9998570680618286,0.0,0.0,1.0,-3.8360676765441895,0.00011390625149942935,-0.004754344932734966,0.0183672234416008,0.43174290657043457,0.010879993438720703,216.0,0.14953067898750305,100.0,3.2719051837921143,-0.004247985314577818,0.7812253832817078,0.0,0.9999432563781738
1981,,,,,,,,-3.8560450077056885,2.2500000341096893e-05,-0.017029765993356705,0.013149085454642773,0.41841793060302734,0.011134862899780273,223.0,0.14920982718467712,100.0,3.2803006172180176,-0.004940044600516558,0.7377880215644836,0.0,0.9997729659080505
1982,,,,,,,,-3.864046335220337,7.593750342493877e-05,-0.0166185200214386,0.020970288664102554,0.41164398193359375,0.01096796989440918,227.0,0.14902755618095398,100.0,3.2803006172180176,-0.003539832541719079,1.4448667764663696,0.0,0.9997891783714294
1983,,,,,,,,-3.8699216842651367,2.2500000341096893e-05,-0.004680270329117775,0.0019202529219910502,0.3988380432128906,0.01098179817199707,234.0,0.14915813505649567,100.0,3.2803006172180176,-0.003811301663517952,0.0,0.0,0.9998859763145447
1984,,,,,,,,-3.8609440326690674,7.593750342493877e-05,-0.011638189665973186,0.005207431502640247,0.43013811111450195,0.011090993881225586,217.0,0.14944180846214294,100.0,3.279759645462036,-0.004099125042557716,0.7189130783081055,0.0,0.9999704360961914
1985,,,,,,,,-3.843658924102783,3.3749998692655936e-05,-0.016295423731207848,0.018329652026295662,0.41686391830444336,0.010682106018066406,224.0,0.14971394836902618,100.0,3.2874574661254883,-0.004269514232873917,0.798740565776825,0.0,0.9997836947441101
1986,-0.004008998163044453,0.633953332901001,0.0,0.999859094619751,0.0,0.0,1.0,-3.840147018432617,3.3749998692655936e-05,-0.02425180934369564,0.05673939362168312,0.41334009170532227,0.010635852813720703,226.0,0.14967212080955505,100.0,3.294273614883423,-0.0037364421878010035,1.2337539196014404,0.0,0.9997972846031189
1987,,,,,,,,-3.844754219055176,7.593750342493877e-05,-0.007219933904707432,0.02793378010392189,0.39792513847351074,0.010867834091186523,234.0,0.1495860517024994,100.0,3.294273614883423,-0.003728736424818635,0.0007181011023931205,0.0,0.9998204708099365
1988,,,,,,,,-3.855703830718994,3.3749998692655936e-05,-0.026925968006253242,0.007816788740456104,0.4153759479522705,0.01069498062133789,225.0,0.14935904741287231,100.0,3.303619623184204,-0.004448746796697378,0.022063562646508217,0.0,0.9999642372131348
1989,,,,,,,,-3.8625071048736572,3.3749998692655936e-05,-0.0119377626106143,0.07529143244028091,0.42305994033813477,0.01100015640258789,221.0,0.14952532947063446,100.0,3.303894519805908,-0.0037690838798880577,1.0535837411880493,0.0,0.9998047351837158
1990,,,,,,,,-3.8539087772369385,5.062499985797331e-05,-0.013413063250482082,0.3718971014022827,0.43064212799072266,0.010772943496704102,217.0,0.14966194331645966,100.0,3.306612253189087,-0.0039488086476922035,0.5301576256752014,0.0,0.9998026490211487
1991,,,,,,,,-3.8537654876708984,5.062499985797331e-05,-0.017289966344833374,0.032007064670324326,0.4015848636627197,0.010900020599365234,232.0,0.14964930713176727,100.0,3.306612253189087,-0.0032183416187763214,0.023436306044459343,0.0,0.9998059868812561
1992,,,,,,,,-3.8608288764953613,3.3749998692655936e-05,-0.008887425996363163,0.007837888784706593,0.4147520065307617,0.01125192642211914,225.0,0.14957259595394135,100.0,3.2973947525024414,-0.004599464125931263,0.00013298775593284518,0.0,0.9999640583992004
1993,,,,,,,,-3.8693528175354004,3.3749998692655936e-05,-0.021676819771528244,0.040603216737508774,0.4217398166656494,0.011059999465942383,221.0,0.14948508143424988,100.0,3.2972183227539062,-0.004122691694647074,1.5762556791305542,0.0,0.9998396039009094
1994,,,,,,,,-3.8785769939422607,5.062499985797331e-05,-0.018193593248724937,0.035595495253801346,0.4294741153717041,0.010782003402709961,218.0,0.14931701123714447,100.0,3.280400037765503,-0.004251627251505852,0.785660982131958,0.0,0.9998154640197754
1995,,,,,,,,-3.895383596420288,5.062499985797331e-05,-0.02123235911130905,0.021641794592142105,0.40111279487609863,0.01111602783203125,232.0,0.14900927245616913,100.0,3.280400037765503,-0.0040091946721076965,0.7506484985351562,0.0,0.9997532367706299
1996,,,,,,,,-3.9067203998565674,1.4999999621068127e-05,-0.014135371893644333,0.0027097221463918686,0.4105978012084961,0.010951995849609375,227.0,0.14897802472114563,100.0,3.283634901046753,-0.0037597056943923235,1.369821518437675e-07,0.0,0.9999672770500183
1997,,,,,,,,-3.909215211868286,7.593750342493877e-05,-0.009741757065057755,0.18860700726509094,0.4179680347442627,0.010749101638793945,223.0,0.14888320863246918,100.0,3.282872438430786,-0.0036944577004760504,1.1243575811386108,0.0,0.9998922348022461
1998,,,,,,,,-3.9231183528900146,5.062499985797331e-05,-0.014366110786795616,0.041912827640771866,0.43201518058776855,0.010859966278076172,216.0,0.14864642918109894,100.0,3.285604953765869,-0.004141731653362513,0.42295756936073303,0.0,0.9997958540916443
1999,,,,,,,,-3.9296505451202393,2.2500000341096893e-05,-0.029946554452180862,0.07595491409301758,0.4018728733062744,0.010728120803833008,232.0,0.14866282045841217,100.0,3.285604953765869,-0.004177497699856758,0.7755016684532166,0.0,0.9997426867485046
2000,,,,,,,,-3.929050922393799,2.2500000341096893e-05,-0.015413089655339718,0.008064529858529568,0.4010908603668213,0.010811090469360352,233.0,0.1486513912677765,100.0,3.28000545501709,-0.003692427882924676,5.865704449936615e-11,0.0,0.99993497133255
2001,,,,,,,,-3.9321975708007812,2.2500000341096893e-05,-0.019622711464762688,0.038442689925432205,0.4273819923400879,0.010791778564453125,219.0,0.1486024409532547,100.0,3.2812318801879883,-0.004238874651491642,0.7890331149101257,0.0,0.9999101161956787
2002,,,,,,,,-3.93373703956604,5.062499985797331e-05,-0.01755416765809059,0.0293479785323143,0.43146777153015137,0.011543989181518555,216.0,0.14861652255058289,100.0,3.2821335792541504,-0.0042870682664215565,0.6961155533790588,0.0,0.9997925758361816
2003,,,,,,,,-3.9335169792175293,1.4999999621068127e-05,-0.0074615804478526115,0.034518271684646606,0.40404510498046875,0.010893106460571289,231.0,0.14859381318092346,100.0,3.2821335792541504,-0.0036513612139970064,1.4356398582458496,0.0,0.9997553825378418
2004,,,,,,,,-3.9334754943847656,7.593750342493877e-05,-0.011840138584375381,0.003848554100841284,0.4011268615722656,0.011280059814453125,232.0,0.14868828654289246,100.0,3.2821335792541504,-0.0031685761641710997,0.0,0.0,0.9999184608459473
2005,-0.0038723181933164597,0.7088148593902588,0.0,0.9998565912246704,0.0,0.0,1.0,-3.930467367172241,2.2500000341096893e-05,-0.02482273057103157,0.004830218385905027,0.4321568012237549,0.010882139205932617,216.0,0.14867040514945984,100.0,3.287899971008301,-0.004058327525854111,0.4726813733577728,0.0,0.9999540448188782
2006,,,,,,,,-3.9362335205078125,7.593750342493877e-05,-0.0027247369289398193,0.04689176008105278,0.4193611145019531,0.01090693473815918,223.0,0.148386612534523,100.0,3.292261838912964,-0.004032911267131567,0.5839188694953918,0.0,0.9998083710670471
2007,,,,,,,,-3.9514474868774414,1.4999999621068127e-05,-0.037491340190172195,0.046152450144290924,0.41280102729797363,0.010784149169921875,226.0,0.14822737872600555,100.0,3.292261838912964,-0.004103414248675108,1.1192069053649902,0.0,0.9997866749763489
2008,,,,,,,,-3.957925796508789,5.062499985797331e-05,-0.013339179567992687,0.0034143049269914627,0.4016561508178711,0.01107478141784668,232.0,0.14806921780109406,100.0,3.292261838912964,-0.003764467081055045,0.0019260034896433353,0.0,0.9998847842216492
2009,,,,,,,,-3.9823434352874756,7.593750342493877e-05,-0.01705373264849186,0.005709284450858831,0.429858922958374,0.01076197624206543,217.0,0.1475454419851303,100.0,3.2851967811584473,-0.0037706971634179354,0.45962023735046387,0.0,0.9999673962593079
2010,,,,,,,,-4.010823726654053,2.2500000341096893e-05,-0.023259514942765236,0.0156659297645092,0.41628217697143555,0.010828018188476562,224.0,0.14730866253376007,100.0,3.2850067615509033,-0.0037488213274627924,0.7779190540313721,0.0,0.9997877478599548
2011,-0.004236509557813406,0.33846795558929443,0.0,0.9998613595962524,0.0,0.0,1.0,-4.021668434143066,3.3749998692655936e-05,-0.016314400359988213,0.03173164650797844,0.42699599266052246,0.010816097259521484,219.0,0.14714168012142181,100.0,3.2783091068267822,-0.0038797876331955194,1.436876654624939,0.0,0.9997897744178772
2012,,,,,,,,-4.0306806564331055,2.2500000341096893e-05,-0.007542448118329048,0.0032066325657069683,0.399921178817749,0.011235952377319336,233.0,0.1470208466053009,100.0,3.2783091068267822,-0.0040228222496807575,0.0,0.0,0.9998221397399902
2013,,,,,,,,-4.0363030433654785,0.00017085937724914402,-0.00571683282032609,0.002675214782357216,0.418942928314209,0.010773897171020508,223.0,0.1470663845539093,100.0,3.2731709480285645,-0.0038082480896264315,0.02245565503835678,0.0,0.9999732375144958
2014,,,,,,,,-4.03769063949585,1.4999999621068127e-05,-0.010047124698758125,0.07178176194429398,0.4188981056213379,0.011039018630981445,223.0,0.1471574902534485,100.0,3.272247314453125,-0.0037192378658801317,1.257769227027893,0.0,0.9998136162757874
2015,,,,,,,,-4.036164283752441,2.2500000341096893e-05,-0.020607903599739075,0.02741595171391964,0.42728424072265625,0.010668754577636719,219.0,0.1471857726573944,100.0,3.275660514831543,-0.004038088023662567,1.2261744737625122,0.0,0.9998086094856262
2016,,,,,,,,-4.032883644104004,3.3749998692655936e-05,-0.010257615707814693,0.008480577729642391,0.39913201332092285,0.01083993911743164,234.0,0.14724858105182648,100.0,3.275660514831543,-0.0029870166908949614,0.04531276226043701,0.0,0.9997851252555847
2017,,,,,,,,-4.028968811035156,2.2500000341096893e-05,-0.02447124943137169,0.003300909185782075,0.4130260944366455,0.01087808609008789,226.0,0.147343710064888,100.0,3.2705142498016357,-0.004040180239826441,0.00012031072401441634,0.0,0.9999729990959167
2018,,,,,,,,-4.027573585510254,1.4999999621068127e-05,-0.029678039252758026,0.031536925584077835,0.41425323486328125,0.010931968688964844,225.0,0.1473454236984253,100.0,3.276486396789551,-0.0039611151441931725,1.503989815711975,0.0,0.9998512268066406
2019,,,,,,,,-4.027835369110107,5.062499985797331e-05,-0.010713305324316025,0.013515830039978027,0.4274139404296875,0.010714292526245117,219.0,0.14737698435783386,100.0,3.270205020904541,-0.004334001336246729,0.789454460144043,0.0,0.9998243451118469
2020,,,,,,,,-4.029321193695068,7.593750342493877e-05,-0.01963045448064804,0.01383955217897892,0.40241312980651855,0.010828018188476562,232.0,0.14731243252754211,100.0,3.270205020904541,-0.004022666253149509,0.6820475459098816,0.0,0.9997676014900208
2021,,,,,,,,-4.036160469055176,5.062499985797331e-05,-0.018193896859884262,0.0027121168095618486,0.409991979598999,0.011712074279785156,227.0,0.14712679386138916,100.0,3.2683775424957275,-0.004039321094751358,1.2999953469261527e-07,0.0,0.9999663233757019
2022,,,,,,,,-4.04132080078125,3.3749998692655936e-05,-0.01304898876696825,0.17506949603557587,0.41728997230529785,0.010946035385131836,224.0,0.14698098599910736,100.0,3.270419120788574,-0.004264869261533022,1.1510227918624878,0.0,0.9998841881752014
2023,,,,,,,,-4.046024322509766,2.2500000341096893e-05,-0.026367682963609695,0.01367806363850832,0.42857789993286133,0.010869026184082031,218.0,0.14685499668121338,100.0,3.2757112979888916,-0.00403330335393548,0.44188109040260315,0.0,0.9998059868812561
2024,,,,,,,,-4.048678874969482,3.3749998692655936e-05,-0.018017185851931572,0.02645818144083023,0.4108002185821533,0.011024713516235352,227.0,0.1468963921070099,100.0,3.2757112979888916,-0.00398378586396575,0.8143775463104248,0.0,0.9997584819793701
2025,,,,,,,,-4.0423264503479,3.3749998692655936e-05,-0.01785423420369625,0.0033576947171241045,0.4003472328186035,0.010812759399414062,233.0,0.14703550934791565,100.0,3.2706151008605957,-0.003572849789634347,8.055791450578553e-11,0.0,0.9999451041221619
2026,,,,,,,,-4.034775257110596,2.2500000341096893e-05,-0.012282363139092922,0.060074009001255035,0.4282870292663574,0.010893106460571289,218.0,0.14716166257858276,100.0,3.271242380142212,-0.0035223320592194796,0.2599688172340393,0.0,0.9999216198921204
2027,,,,,,,,-4.0299811363220215,7.593750342493877e-05,-0.019419392570853233,0.013989856466650963,0.43148207664489746,0.01106405258178711,216.0,0.14720094203948975,100.0,3.2696940898895264,-0.0040808492340147495,0.6216875910758972,0.0,0.9997968077659607
2028,,,,,,,,-4.031317234039307,2.2500000341096893e-05,-0.014863773249089718,0.03139357641339302,0.40161895751953125,0.010853767395019531,232.0,0.14714881777763367,100.0,3.2696940898895264,-0.0036051112692803144,1.4187049865722656,0.0,0.9997525811195374
2029,,,,,,,,-4.029783248901367,0.00017085937724914402,-0.009359941817820072,0.0040953559800982475,0.3968989849090576,0.010929346084594727,235.0,0.1474909484386444,100.0,3.2696940898895264,-0.0038350087124854326,5.464402580055005e-35,0.0,0.9999209046363831
2030,-0.003530788468196988,0.4192957878112793,0.0,0.9998561143875122,0.0,0.0,1.0,-4.0053629875183105,5.062499985797331e-05,-0.02225847728550434,0.01212436892092228,0.42746400833129883,0.010724067687988281,219.0,0.1480378359556198,100.0,3.257463216781616,-0.003968860022723675,0.37915995717048645,0.0,0.9999520778656006
2031,,,,,,,,-3.993396282196045,2.2500000341096893e-05,-0.018868468701839447,0.018220501020550728,0.4203188419342041,0.011220932006835938,222.0,0.14815641939640045,100.0,3.266040325164795,-0.0038602284621447325,0.729902446269989,0.0,0.9997852444648743
2032,,,,,,,,-3.985872745513916,7.593750342493877e-05,-0.01566571742296219,0.05764242261648178,0.40929198265075684,0.010632991790771484,228.0,0.14839497208595276,100.0,3.266040325164795,-0.00399353401735425,1.1056798696517944,0.0,0.9997884631156921
2033,,,,,,,,-3.9769716262817383,2.2500000341096893e-05,-0.009814156219363213,0.004959795158356428,0.39698195457458496,0.010872840881347656,235.0,0.1484369933605194,100.0,3.266040325164795,-0.003415115177631378,0.002023027278482914,0.0,0.9998847842216492
2034,,,,,,,,-3.9738872051239014,5.062499985797331e-05,-0.019555194303393364,0.01673271507024765,0.4292149543762207,0.01099705696105957,218.0,0.14856216311454773,100.0,3.2700088024139404,-0.004305254202336073,0.24321843683719635,0.0,0.9999634623527527
2035,,,,,,,,-3.9626572132110596,5.062499985797331e-05,-0.01931661181151867,0.015424310229718685,0.4205200672149658,0.010758161544799805,222.0,0.14862459897994995,100.0,3.279792070388794,-0.004730803892016411,0.5353382229804993,0.0,0.9997949600219727
2036,-0.0041494653560221195,0.3318233788013458,0.0,0.9998602271080017,0.0,0.0,1.0,-3.961545467376709,7.593750342493877e-05,-0.02078852429986,0.042316339910030365,0.4149742126464844,0.010612010955810547,225.0,0.14840535819530487,100.0,3.2727210521698,-0.004408967215567827,1.6015663146972656,0.0,0.9998027682304382
2037,,,,,,,,-3.975163459777832,3.3749998692655936e-05,-0.01650947518646717,0.004882483743131161,0.40010976791381836,0.010802268981933594,233.0,0.1478661149740219,100.0,3.2727210521698,-0.004000003449618816,1.1240534574301925e-22,0.0,0.9998205304145813
2038,,,,,,,,-3.9946367740631104,3.3749998692655936e-05,-0.023904932662844658,0.006644138600677252,0.4187741279602051,0.011638879776000977,223.0,0.14763323962688446,100.0,3.2583041191101074,-0.004457423929125071,0.02134939469397068,0.0,0.9999669194221497
2039,,,,,,,,-4.006429672241211,3.3749998692655936e-05,-0.022590123116970062,0.04933829978108406,0.4202108383178711,0.011419296264648438,222.0,0.1474877893924713,100.0,3.2608721256256104,-0.00399680295959115,0.8261728286743164,0.0,0.9998118281364441
2040,,,,,,,,-4.014572620391846,3.3749998692655936e-05,-0.027651900425553322,0.03073485754430294,0.4320709705352783,0.01101994514465332,216.0,0.1474035084247589,100.0,3.2610981464385986,-0.003823666600510478,1.4121347665786743,0.0,0.999812662601471
2041,,,,,,,,-4.017883777618408,2.2500000341096893e-05,-0.02123333141207695,0.006072797812521458,0.3990962505340576,0.010938882827758789,234.0,0.1473674774169922,100.0,3.2610981464385986,-0.004001840949058533,0.024587370455265045,0.0,0.9997668862342834
2042,,,,,,,,-4.020627498626709,7.593750342493877e-05,-0.009775741025805473,0.003656420623883605,0.41430187225341797,0.01077723503112793,225.0,0.14733058214187622,100.0,3.2513201236724854,-0.0035679105203598738,0.00014587186160497367,0.0,0.9999715685844421
2043,,,,,,,,-4.0239996910095215,5.062499985797331e-05,-0.014955303631722927,0.03080594912171364,0.41873788833618164,0.010917186737060547,223.0,0.1472761034965515,100.0,3.246523380279541,-0.003919596318155527,1.5070343017578125,0.0,0.9998460412025452
2044,,,,,,,,-4.0317702293396,2.2500000341096893e-05,-0.030237490311264992,0.02066224254667759,0.42551589012145996,0.010746240615844727,220.0,0.14705818891525269,100.0,3.252681016921997,-0.00442110188305378,0.751231849193573,0.0,0.9998119473457336
2045,,,,,,,,-4.040062427520752,7.593750342493877e-05,-0.015512857586145401,0.015682844445109367,0.39740586280822754,0.011097192764282227,235.0,0.1469859629869461,100.0,3.252681016921997,-0.0036795411724597216,0.7091073989868164,0.0,0.9997556209564209
2046,,,,,,,,-4.038186550140381,5.062499985797331e-05,-0.013805126771330833,0.0027194274589419365,0.4136371612548828,0.011129140853881836,226.0,0.14702889323234558,100.0,3.2561984062194824,-0.003765515284612775,1.276717256359916e-07,0.0,0.9999613165855408
2047,,,,,,,,-4.033372402191162,2.2500000341096893e-05,-0.013965819962322712,0.0350961871445179,0.420119047164917,0.011108160018920898,222.0,0.14696680009365082,100.0,3.2562530040740967,-0.00443124258890748,1.5224939584732056,0.0,0.9998770356178284
2048,,,,,,,,-4.034688949584961,3.3749998692655936e-05,-0.019734233617782593,0.03011816181242466,0.42782115936279297,0.010718822479248047,218.0,0.14686910808086395,100.0,3.2555794715881348,-0.004358385223895311,0.23816139996051788,0.0,0.9998025298118591
2049,,,,,,,,-4.033679485321045,3.3749998692655936e-05,-0.0152536416426301,0.030705278739333153,0.4003021717071533,0.011029958724975586,233.0,0.1468811333179474,100.0,3.2555794715881348,-0.004321367014199495,0.8179892897605896,0.0,0.9997559189796448
2050,,,,,,,,-4.034757614135742,1.4999999621068127e-05,-0.026646489277482033,0.0024478333070874214,0.40094590187072754,0.01142120361328125,232.0,0.14681842923164368,100.0,3.2573471069335938,-0.003694147104397416,1.0096639613266234e-07,0.0,0.9999403953552246
2051,,,,,,,,-4.042255401611328,0.00011390625149942935,-0.01084932778030634,0.02151639387011528,0.4277961254119873,0.011037826538085938,218.0,0.1464463621377945,100.0,3.2564287185668945,-0.00441824970766902,0.8509537577629089,0.0,0.9999113082885742
2052,,,,,,,,-4.0716118812561035,2.2500000341096893e-05,-0.03664161637425423,0.015001014806330204,0.4303128719329834,0.010775089263916016,217.0,0.14604999125003815,100.0,3.24824595451355,-0.003637755988165736,0.7712078094482422,0.0,0.9997593760490417
2053,,,,,,,,-4.075077056884766,0.00011390625149942935,-0.0075319684110581875,0.06489603966474533,0.3987860679626465,0.010886907577514648,234.0,0.1461246758699417,100.0,3.24824595451355,-0.003658066736534238,0.995309591293335,0.0,0.9997500777244568
2054,,,,,,,,-4.077255725860596,3.3749998692655936e-05,-0.010017638094723225,0.0019284025765955448,0.3966948986053467,0.011110067367553711,235.0,0.145877867937088,100.0,3.24824595451355,-0.0037511400878429413,0.0005229028756730258,0.0,0.9999071955680847
2055,-0.0037988675758242607,0.7753325700759888,0.0,0.9998304843902588,0.0,0.0,1.0,-4.096593856811523,5.062499985797331e-05,-0.021936794742941856,0.006197183392941952,0.42862486839294434,0.010807037353515625,218.0,0.14552484452724457,100.0,3.250990390777588,-0.004329803865402937,0.6179711222648621,0.0,0.9999416470527649
2056,,,,,,,,-4.116433143615723,3.3749998692655936e-05,-0.02985069528222084,0.014235103502869606,0.4176669120788574,0.010993003845214844,223.0,0.14529669284820557,100.0,3.241046190261841,-0.004377122502774,0.7919815182685852,0.0,0.9997726082801819
2057,,,,,,,,-4.127730846405029,3.3749998692655936e-05,-0.02031087689101696,0.024772483855485916,0.41507387161254883,0.010794878005981445,225.0,0.14517225325107574,100.0,3.241046190261841,-0.003925630357116461,1.413519024848938,0.0,0.9997708201408386
2058,,,,,,,,-4.130643367767334,3.3749998692655936e-05,-0.007921864278614521,0.003822646103799343,0.3970203399658203,0.010530710220336914,235.0,0.14526498317718506,100.0,3.241046190261841,-0.003534606657922268,0.0,0.0,0.9998621940612793
2059,,,,,,,,-4.123745441436768,5.062499985797331e-05,-0.010247861035168171,0.012942053377628326,0.4299619197845459,0.011053800582885742,217.0,0.14541274309158325,100.0,3.23793363571167,-0.004542428534477949,0.7202858328819275,0.0,0.9999566078186035
2060,,,,,,,,-4.11534309387207,1.4999999621068127e-05,-0.039241041988134384,0.05987520143389702,0.4170670509338379,0.011083841323852539,224.0,0.14548805356025696,100.0,3.2369747161865234,-0.004392003174871206,0.5479554533958435,0.0,0.9997765421867371
2061,-0.004828065633773804,0.7114397287368774,0.0,0.999841034412384,0.0,0.0,1.0,-4.11297082901001,0.00017085937724914402,-0.0064195310696959496,0.03184405341744423,0.41458606719970703,0.01094818115234375,225.0,0.1455310583114624,100.0,3.244588613510132,-0.004042189102619886,1.2420439720153809,0.0,0.9997969269752502
2062,,,,,,,,-4.105808734893799,3.3749998692655936e-05,-0.02362121269106865,0.005443476140499115,0.40082311630249023,0.011011838912963867,233.0,0.14564813673496246,100.0,3.244588613510132,-0.004208679776638746,0.0,0.0,0.9998114109039307
2063,,,,,,,,-4.099855422973633,7.593750342493877e-05,-0.012387637980282307,0.006140357349067926,0.4147629737854004,0.010907173156738281,225.0,0.14572685956954956,100.0,3.239821434020996,-0.004457617178559303,0.021983185783028603,0.0,0.9999669194221497
2064,,,,,,,,-4.092072486877441,0.00017085937724914402,-0.0170498825609684,0.03792544826865196,0.4197378158569336,0.010927200317382812,222.0,0.1458674818277359,100.0,3.235300302505493,-0.004146177787333727,1.4876435995101929,0.0,0.9997920989990234
2065,,,,,,,,-4.079395294189453,1.4999999621068127e-05,-0.028881527483463287,0.020439621061086655,0.4282839298248291,0.010639190673828125,218.0,0.14604833722114563,100.0,3.233750581741333,-0.004001439083367586,1.0378022193908691,0.0,0.9997982978820801
2066,,,,,,,,-4.072699546813965,5.062499985797331e-05,-0.01563223823904991,0.0020225895568728447,0.3981759548187256,0.010917186737060547,234.0,0.14620940387248993,100.0,3.233750581741333,-0.004337570164352655,0.04669439420104027,0.0,0.9997704029083252
2067,,,,,,,,-4.066051006317139,1.4999999621068127e-05,-0.025284601375460625,0.0019207147415727377,0.4110579490661621,0.010825872421264648,227.0,0.14631995558738708,100.0,3.232924699783325,-0.00387189001776278,0.00010331816883990541,0.0,0.999973475933075
2068,,,,,,,,-4.060758113861084,0.00011390625149942935,-0.013107913546264172,0.03626061603426933,0.4178180694580078,0.011154890060424805,223.0,0.14647066593170166,100.0,3.232038974761963,-0.004069992806762457,1.5005825757980347,0.0,0.9998383522033691
2069,,,,,,,,-4.051308631896973,2.2500000341096893e-05,-0.01834912970662117,0.03350403904914856,0.4281349182128906,0.010789155960083008,218.0,0.14658109843730927,100.0,3.227602243423462,-0.0039557176642119884,0.3950767517089844,0.0,0.9998015761375427
2070,,,,,,,,-4.050131797790527,7.593750342493877e-05,-0.018156176432967186,0.016768744215369225,0.39838290214538574,0.011600971221923828,234.0,0.14661623537540436,100.0,3.227602243423462,-0.004283934365957975,0.7113971710205078,0.0,0.9997618198394775
2071,,,,,,,,-4.045872688293457,1.4999999621068127e-05,-0.024505317211151123,0.001486249384470284,0.4173290729522705,0.01086115837097168,224.0,0.14668607711791992,100.0,3.226842164993286,-0.0037929879035800695,1.194121779235502e-07,0.0,0.9999703764915466
2072,,,,,,,,-4.044285774230957,5.062499985797331e-05,-0.00781641248613596,0.04391530528664589,0.41324591636657715,0.010780096054077148,226.0,0.1466689109802246,100.0,3.226517915725708,-0.004730684217065573,1.2296158075332642,0.0,0.9998869299888611
2073,,,,,,,,-4.0478315353393555,0.00017085937724914402,-0.02105652168393135,0.02482551522552967,0.6089282035827637,0.020473957061767578,152.0,0.1467762291431427,100.0,3.2278220653533936,-0.003768130438402295,0.34854522347450256,0.0,0.9998126029968262
2074,,,,,,,,-4.046021461486816,1.4999999621068127e-05,-0.04175370931625366,0.020831041038036346,0.4507730007171631,0.011042118072509766,207.0,0.14676247537136078,100.0,3.2278220653533936,-0.003394503379240632,0.7810935974121094,0.0,0.9997577667236328
2075,,,,,,,,-4.048322677612305,0.00011390625149942935,-0.008788102306425571,0.0019136315677314997,0.4108281135559082,0.011015892028808594,227.0,0.14666137099266052,100.0,3.229673147201538,-0.003857973264530301,9.061620289685379e-07,0.0,0.9999551177024841
2076,,,,,,,,-4.0547943115234375,3.3749998692655936e-05,-0.015336697921156883,0.012287246063351631,0.42644309997558594,0.011108160018920898,219.0,0.14661452174186707,100.0,3.2296500205993652,-0.004234520718455315,0.7364137172698975,0.0,0.9999215006828308
2077,,,,,,,,-4.0573930740356445,7.593750342493877e-05,-0.023306556046009064,0.014778412878513336,0.4328131675720215,0.01074981689453125,216.0,0.14654242992401123,100.0,3.229706048965454,-0.0038846638053655624,0.718711793422699,0.0,0.9997982978820801
2078,,,,,,,,-4.070195198059082,2.2500000341096893e-05,-0.02786240354180336,0.015490603633224964,0.40106916427612305,0.01090693473815918,233.0,0.14633527398109436,100.0,3.229706048965454,-0.003487328765913844,1.4312868118286133,0.0,0.9997763633728027
2079,,,,,,,,-4.082078456878662,3.3749998692655936e-05,-0.011521532200276852,0.0014176338445395231,0.3958120346069336,0.01185917854309082,235.0,0.14609508216381073,100.0,3.229706048965454,-0.004162610042840242,0.0,0.0,0.9999325275421143
