iteration,Episode_Reward/action_rate_l2,Episode_Reward/bat_tracking,Episode_Reward/joint_limit,Episode_Reward/loaded_exit,Episode_Reward/motion_body_ang_vel,Episode_Reward/motion_body_lin_vel,Episode_Reward/motion_body_ori,Episode_Reward/motion_body_pos,Episode_Reward/motion_global_root_ori,Episode_Reward/motion_global_root_pos,Episode_Reward/motion_joint_pos,Episode_Reward/motion_joint_vel,Episode_Termination/anchor_ori,Episode_Termination/anchor_pos,Episode_Termination/clip_end,Episode_Termination/ee_body_pos,Episode_Termination/incidental_bat_support,Episode_Termination/time_out,Loss/entropy,Loss/learning_rate,Loss/surrogate,Loss/value,Metrics/motion/error_anchor_ang_vel,Metrics/motion/error_anchor_lin_vel,Metrics/motion/error_anchor_pos,Metrics/motion/error_anchor_rot,Metrics/motion/error_body_ang_vel,Metrics/motion/error_body_lin_vel,Metrics/motion/error_body_pos,Metrics/motion/error_body_rot,Metrics/motion/error_joint_pos,Metrics/motion/error_joint_vel,Metrics/motion/sampling_entropy,Metrics/motion/sampling_top1_bin,Metrics/motion/sampling_top1_prob,Perf/collection_time,Perf/learning_time,Perf/total_fps,Policy/mean_std,Train/mean_episode_length,Train/mean_reward,reward/action_rate_l2,reward/bat_tracking,reward/joint_limit,reward/loaded_exit,reward/motion_body_ang_vel,reward/motion_body_lin_vel,reward/motion_body_ori,reward/motion_body_pos,reward/motion_global_root_ori,reward/motion_global_root_pos,reward/motion_joint_pos,reward/motion_joint_vel
0,,,,,,,,,,,,,,,,,,,-31.884937286376953,2.60122942563612e-05,0.30702492594718933,1.2739815711975098,,,,,,,,,,,,,,4.346489906311035,0.017744064331054688,43.0,0.08113715052604675,16.75,2.663118839263916,-0.039896298199892044,1.9901543855667114,0.0,0.0,0.9992337226867676,0.999640941619873,0.9993364214897156,0.9999322891235352,0.49974605441093445,0.49998798966407776,0.9995406270027161,0.0
1,,,,,,,,,,,,,,,,,,,-31.662126541137695,9.999999747378752e-06,-0.04291680082678795,1.7050280570983887,,,,,,,,,,,,,,4.316710948944092,0.015839099884033203,44.0,0.08126703649759293,21.200000762939453,3.369598150253296,-0.04173262044787407,1.9806523323059082,0.0,1.1190928905477997e-29,0.9992939829826355,0.9995363354682922,0.9985036253929138,0.9998764395713806,0.49928709864616394,0.4999192953109741,0.9992995262145996,0.0
2,,,,,,,,,,,,,,,,,,,-31.63889503479004,9.999999747378752e-06,-0.04406587779521942,6.899435520172119,,,,,,,,,,,,,,4.13118839263916,0.01587200164794922,46.0,0.08129904419183731,33.28571319580078,5.253417015075684,-0.04072313383221626,1.8692545890808105,0.0,2.5218048095703125,0.9829549193382263,0.9920802116394043,0.9900078177452087,0.9989832043647766,0.4921291172504425,0.499591201543808,0.9947753548622131,0.0
3,,,,,,,,,,,,,,,,,,,-31.633731842041016,9.999999747378752e-06,-0.05232486128807068,21.59679412841797,,,,,,,,,,,,,,3.619377851486206,0.016067028045654297,52.0,0.08129876106977463,33.28571319580078,5.253417015075684,-0.041859667748212814,1.53787362575531,0.0,10.073625564575195,0.9246483445167542,0.9487395882606506,0.952154815196991,0.9938540458679199,0.4590814411640167,0.49915504455566406,0.9787400364875793,0.0
4,,,,,,,,,,,,,,,,,,,-31.636276245117188,9.999999747378752e-06,-0.03840046375989914,6.234853744506836,,,,,,,,,,,,,,3.5648908615112305,0.016068220138549805,53.0,0.08128758519887924,33.28571319580078,5.253417015075684,-0.03976421803236008,1.2690092325210571,0.0,2.5141971111297607,0.931431770324707,0.942003071308136,0.9340521693229675,0.9894382357597351,0.44916844367980957,0.4979902505874634,0.9727005958557129,0.0
5,,,,,,,,,,,,,,,,,,,-31.638050079345703,9.999999747378752e-06,-0.04140718653798103,10.482939720153809,,,,,,,,,,,,,,3.647020101547241,0.016312837600708008,52.0,0.08128748089075089,46.875,8.411250114440918,-0.041955456137657166,1.305982232093811,0.0,5.038040637969971,0.9362085461616516,0.9484699368476868,0.9462897777557373,0.991788387298584,0.45917633175849915,0.49797627329826355,0.9750531315803528,0.0
6,,,,,,,,,,,,,,,,,,,-31.637258529663086,9.999999747378752e-06,-0.04292832314968109,1.348001480102539,,,,,,,,,,,,,,3.8274788856506348,0.01735210418701172,49.0,0.08129263669252396,67.5,13.053369522094727,-0.03991743549704552,1.4927541017532349,0.0,0.0,0.9487289786338806,0.9544011950492859,0.963973343372345,0.9943220019340515,0.4721452295780182,0.498998761177063,0.9834540486335754,0.0
7,-0.040082622319459915,1.5419377088546753,0.0,3.223461151123047,0.952972948551178,0.9624347686767578,0.9626193046569824,0.9943993091583252,0.4706725776195526,0.4988984167575836,0.9831005930900574,0.0,0.0,0.0,0.0,0.0,0.0,1.0,-31.63701820373535,9.999999747378752e-06,-0.029301932081580162,1.517108678817749,0.0999971255660057,0.056627076119184494,0.0084961773827672,0.12263091653585434,0.0855659618973732,0.04923677444458008,0.02105720154941082,0.07891681790351868,0.16598005592823029,0.30685096979141235,0.0,0.0,0.0,4.091919898986816,0.01601719856262207,46.0,0.08128639310598373,86.53845977783203,17.34518814086914,-0.039903126657009125,1.7528024911880493,0.0,2.476722989915647e-27,0.9863348603248596,0.9875104427337646,0.9841857552528381,0.9975873827934265,0.4885614216327667,0.4993094503879547,0.9917556643486023,0.0
8,,,,,,,,,,,,,,,,,,,-31.638912200927734,9.999999747378752e-06,-0.04337066411972046,6.742044448852539,,,,,,,,,,,,,,4.201968193054199,0.015492916107177734,45.0,0.0812889039516449,91.07142639160156,18.369277954101562,-0.04060637578368187,1.831132411956787,0.0,2.519806146621704,0.9793235659599304,0.9857463836669922,0.9890077710151672,0.9986674189567566,0.4911065101623535,0.49966779351234436,0.9941558837890625,0.0
9,,,,,,,,,,,,,,,,,,,-31.634620666503906,9.999999747378752e-06,-0.04771587252616882,16.710058212280273,,,,,,,,,,,,,,3.8120267391204834,0.016399145126342773,50.0,0.08130698651075363,95.0,19.25672721862793,-0.04122474789619446,1.6244316101074219,0.0,7.573888301849365,0.9451498985290527,0.9648807644844055,0.9647231101989746,0.9954604506492615,0.470856636762619,0.4991832971572876,0.9837633967399597,0.0
10,,,,,,,,,,,,,,,,,,,-31.628175735473633,9.999999747378752e-06,-0.040230538696050644,7.617755889892578,,,,,,,,,,,,,,3.578626871109009,0.016087055206298828,53.0,0.0813266709446907,95.0,19.25672721862793,-0.04009811207652092,1.3411239385604858,0.0,5.024522304534912,0.9268733859062195,0.9389340877532959,0.9341907501220703,0.9897125363349915,0.44715335965156555,0.4984772205352783,0.9736467003822327,0.0
11,,,,,,,,,,,,,,,,,,,-31.621692657470703,9.999999747378752e-06,-0.03927287459373474,6.1055498123168945,,,,,,,,,,,,,,3.524930238723755,0.01611804962158203,54.0,0.0813417062163353,95.0,19.25672721862793,-0.04066266864538193,1.3177090883255005,0.0,2.519958734512329,0.9354750514030457,0.9478936195373535,0.9488922953605652,0.9923112988471985,0.4630315601825714,0.4978640079498291,0.9758054614067078,0.0
12,,,,,,,,,,,,,,,,,,,-31.615781784057617,9.999999747378752e-06,-0.025862382724881172,2.9464468955993652,,,,,,,,,,,,,,3.987774133682251,0.016680002212524414,47.0,0.08136188238859177,101.47058868408203,20.715248107910156,-0.03940834850072861,1.3911293745040894,0.0,2.5192110538482666,0.9486281275749207,0.9547665119171143,0.9533936381340027,0.9926421642303467,0.4634300172328949,0.49878165125846863,0.9790989756584167,0.0
13,,,,,,,,,,,,,,,,,,,-31.608135223388672,9.999999747378752e-06,-0.03819461539387703,1.2193228006362915,,,,,,,,,,,,,,4.012251853942871,0.015841960906982422,47.0,0.08138403296470642,108.75,22.363719940185547,-0.041048314422369,1.7204300165176392,0.0,9.111382744886393e-41,0.9759107232093811,0.9782021641731262,0.9828922748565674,0.9974057078361511,0.48748302459716797,0.49920475482940674,0.9910564422607422,0.0
14,,,,,,,,,,,,,,,,,,,-31.601356506347656,9.999999747378752e-06,-0.035672519356012344,1.3501001596450806,,,,,,,,,,,,,,4.136987686157227,0.016848087310791016,46.0,0.08139579743146896,112.5,23.208589553833008,-0.04037899896502495,1.7995738983154297,0.0,0.0018489863723516464,0.9848313927650452,0.9895175099372864,0.98775315284729,0.9983090758323669,0.49054625630378723,0.49964356422424316,0.9937837719917297,0.0
15,,,,,,,,,,,,,,,,,,,-31.601741790771484,9.999999747378752e-06,-0.045148495584726334,8.023422241210938,,,,,,,,,,,,,,4.006989002227783,0.016948938369750977,47.0,0.08138067275285721,114.13043212890625,23.575273513793945,-0.041820671409368515,1.708365797996521,0.0,5.031789302825928,0.9619227051734924,0.975744903087616,0.9731685519218445,0.99639493227005,0.47762537002563477,0.49946311116218567,0.9881789088249207,0.0
16,,,,,,,,,,,,,,,,,,,-31.605859756469727,9.999999747378752e-06,-0.034539833664894104,9.099861145019531,,,,,,,,,,,,,,3.6850979328155518,0.016837120056152344,51.0,0.08138242363929749,114.13043212890625,23.575273513793945,-0.04072001948952675,1.349174976348877,0.0,7.572150707244873,0.9231287837028503,0.9416261315345764,0.9325131773948669,0.9899713397026062,0.4450245201587677,0.4986685514450073,0.9720954895019531,0.0
17,,,,,,,,,,,,,,,,,,,-31.601816177368164,9.999999747378752e-06,-0.04266117513179779,7.324294567108154,,,,,,,,,,,,,,3.663555145263672,0.016483783721923828,52.0,0.0813993439078331,114.13043212890625,23.575273513793945,-0.03960028663277626,1.3466018438339233,0.0,5.01449728012085,0.9300567507743835,0.9410708546638489,0.9505038261413574,0.9926214218139648,0.46426376700401306,0.4978663921356201,0.9772807955741882,0.0
18,,,,,,,,,,,,,,,,,,,-31.593852996826172,9.999999747378752e-06,-0.03332749754190445,4.631795883178711,,,,,,,,,,,,,,3.775026798248291,0.01653003692626953,50.0,0.08143439143896103,115.625,23.912647247314453,-0.040371522307395935,1.3700441122055054,0.0,2.516392946243286,0.942445695400238,0.9519131779670715,0.9496557116508484,0.992128312587738,0.4600318670272827,0.4984935522079468,0.9766727089881897,0.0
19,,,,,,,,,,,,,,,,,,,-31.580631256103516,9.999999747378752e-06,-0.04634105786681175,0.9248159527778625,,,,,,,,,,,,,,3.968561887741089,0.015799999237060547,48.0,0.08146625012159348,120.53571319580078,25.02150535583496,-0.04151463136076927,1.6122246980667114,0.0,0.0,0.9697606563568115,0.9722921252250671,0.9765504002571106,0.9962888360023499,0.48291102051734924,0.49898624420166016,0.988375723361969,0.0
20,,,,,,,,,,,,,,,,,,,-31.569517135620117,9.999999747378752e-06,-0.03444201871752739,1.2281687259674072,,,,,,,,,,,,,,4.204001426696777,0.01661205291748047,45.0,0.08150012046098709,121.55172729492188,25.249652862548828,-0.0378873236477375,1.849363923072815,0.0,3.684062430120427e-11,0.9865078330039978,0.9886718392372131,0.9905034899711609,0.9985712170600891,0.49259212613105774,0.4996570646762848,0.994798481464386,0.0
21,,,,,,,,,,,,,,,,,,,-31.5557804107666,9.999999747378752e-06,-0.02791229821741581,4.679140567779541,,,,,,,,,,,,,,4.101370811462402,0.021871089935302734,46.0,0.0815463438630104,123.38710021972656,25.662715911865234,-0.04149719327688217,1.7561249732971191,0.0,2.515402317047119,0.9745407104492188,0.9838736653327942,0.979357898235321,0.9971793293952942,0.48317527770996094,0.4996011555194855,0.9906982779502869,0.0
22,,,,,,,,,,,,,,,,,,,-31.540367126464844,9.999999747378752e-06,-0.04226219281554222,14.824989318847656,,,,,,,,,,,,,,3.7258758544921875,0.0169830322265625,51.0,0.08158804476261139,123.38710021972656,25.662715911865234,-0.04087768867611885,1.4112509489059448,0.0,10.058609008789062,0.9225974082946777,0.9443723559379578,0.9419770240783691,0.9919288158416748,0.45247402787208557,0.4988746643066406,0.9748411774635315,0.0
23,,,,,,,,,,,,,,,,,,,-31.528026580810547,1.4999999621068127e-05,-0.03846081346273422,4.212922096252441,,,,,,,,,,,,,,3.6806700229644775,0.016098976135253906,51.0,0.08161693066358566,123.38710021972656,25.662715911865234,-0.04128776118159294,1.2937895059585571,0.0,2.5311319828033447,0.9330961108207703,0.9437363147735596,0.9412506222724915,0.9908445477485657,0.4555702209472656,0.49793413281440735,0.974600613117218,0.0
24,,,,,,,,,,,,,,,,,,,-31.516971588134766,9.999999747378752e-06,-0.04457414522767067,6.252495765686035,,,,,,,,,,,,,,3.6648499965667725,0.01723003387451172,52.0,0.0816464051604271,124.21875,25.849641799926758,-0.040364064276218414,1.369282841682434,0.0,5.0186991691589355,0.931520938873291,0.9425498843193054,0.9525571465492249,0.9928655624389648,0.4622301757335663,0.49829936027526855,0.9778414368629456,0.0
25,,,,,,,,,,,,,,,,,,,-31.50653076171875,9.999999747378752e-06,-0.030677951872348785,0.795657753944397,,,,,,,,,,,,,,3.975872039794922,0.015841007232666016,48.0,0.08167991787195206,127.08333587646484,26.491846084594727,-0.041795339435338974,1.5139621496200562,0.0,0.0,0.9655062556266785,0.9684257507324219,0.9665675759315491,0.9945797920227051,0.4738757312297821,0.49890899658203125,0.9842608571052551,0.0
26,,,,,,,,,,,,,,,,,,,-31.497556686401367,9.999999747378752e-06,-0.039810411632061005,1.034615159034729,,,,,,,,,,,,,,4.047471046447754,0.016792774200439453,47.0,0.08169074356555939,127.70270538330078,26.63187599182129,-0.04277284815907478,1.8195544481277466,0.0,1.0036479640138521e-20,0.9843533635139465,0.9862728118896484,0.9894970059394836,0.9983952641487122,0.49254360795021057,0.4994896948337555,0.9943612217903137,0.0
27,,,,,,,,,,,,,,,,,,,-31.495197296142578,1.4999999621068127e-05,-0.03868526965379715,5.1867756843566895,,,,,,,,,,,,,,4.23130989074707,0.017015933990478516,45.0,0.08170205354690552,128.84616088867188,26.888042449951172,-0.04128769412636757,1.8028939962387085,0.0,2.5176334381103516,0.9768616557121277,0.9839916825294495,0.9850062727928162,0.9981040358543396,0.4871217906475067,0.4996844530105591,0.9924747347831726,0.0
28,,,,,,,,,,,,,,,,,,,-31.490306854248047,9.999999747378752e-06,-0.04613901674747467,17.41408920288086,,,,,,,,,,,,,,3.792130947113037,0.015966176986694336,50.0,0.08171238005161285,128.84616088867188,26.888042449951172,-0.041001904755830765,1.5171771049499512,0.0,10.060938835144043,0.9333017468452454,0.9545571208000183,0.954031765460968,0.9939387440681458,0.46115240454673767,0.49891307950019836,0.9791403412818909,0.0
29,,,,,,,,,,,,,,,,,,,-31.488872528076172,1.4999999621068127e-05,-0.0327657125890255,4.754761219024658,,,,,,,,,,,,,,3.6756889820098877,0.015830039978027344,52.0,0.08171092718839645,128.84616088867188,26.888042449951172,-0.040441881865262985,1.31829833984375,0.0,2.5044586658477783,0.9304718375205994,0.9407734274864197,0.9381741881370544,0.9901401400566101,0.45179954171180725,0.4981495440006256,0.9742748737335205,0.0
30,,,,,,,,,,,,,,,,,,,-31.488065719604492,9.999999747378752e-06,-0.040625572204589844,7.986205101013184,,,,,,,,,,,,,,3.582787036895752,0.015752077102661133,53.0,0.08172519505023956,129.375,27.006168365478516,-0.04183119907975197,1.2710529565811157,0.0,5.018799304962158,0.937351405620575,0.9497361183166504,0.9452217221260071,0.9917113780975342,0.4579942226409912,0.497897744178772,0.9746502041816711,0.0
31,,,,,,,,,,,,,,,,,,,-31.481285095214844,9.999999747378752e-06,-0.02877146005630493,0.7707692384719849,,,,,,,,,,,,,,3.8772008419036865,0.016820907592773438,49.0,0.0817442461848259,130.35714721679688,27.226455688476562,-0.040612589567899704,1.5085312128067017,0.0,0.0,0.9497516751289368,0.9544200897216797,0.9638121128082275,0.9942403435707092,0.4711931049823761,0.49897655844688416,0.9833896160125732,0.0
32,-0.041427504271268845,1.5408936738967896,0.0,3.2156522274017334,0.9539580345153809,0.9629967212677002,0.9631463885307312,0.9944887757301331,0.47089245915412903,0.4988712966442108,0.9833299517631531,0.0,0.0,0.0,0.0,0.0,0.0,1.0,-31.47542381286621,9.999999747378752e-06,-0.024085169658064842,0.7940387725830078,0.12668085098266602,0.054269786924123764,0.009870125912129879,0.1269168108701706,0.08817800879478455,0.04712286591529846,0.021514637395739555,0.08121266961097717,0.16692274808883667,0.33276602625846863,0.0,0.0,0.0,4.037793159484863,0.015687942504882812,47.0,0.08176159113645554,131.6666717529297,27.51991844177246,-0.04200024902820587,1.7339566946029663,0.0,2.5487333179432914e-27,0.98612380027771,0.9876193404197693,0.9837478995323181,0.99753737449646,0.4880807101726532,0.49924755096435547,0.9915420413017273,0.0
33,,,,,,,,,,,,,,,,,,,-31.471858978271484,1.4999999621068127e-05,-0.04059075564146042,5.088193416595459,,,,,,,,,,,,,,4.312435150146484,0.016720056533813477,44.0,0.08175837248563766,132.06521606445312,27.60901641845703,-0.04051500931382179,1.8389935493469238,0.0,2.5123164653778076,0.9800865650177002,0.9858767986297607,0.9889028072357178,0.9986191391944885,0.4906785488128662,0.49968352913856506,0.9941613078117371,0.0
34,,,,,,,,,,,,,,,,,,,-31.471342086791992,9.999999747378752e-06,-0.04093686118721962,13.407535552978516,,,,,,,,,,,,,,3.8698580265045166,0.01655101776123047,49.0,0.08176816999912262,132.44680786132812,27.69471549987793,-0.043283332139253616,1.618856430053711,0.0,7.540010452270508,0.9454603791236877,0.9647937417030334,0.9652144312858582,0.9955573081970215,0.47056713700294495,0.49917587637901306,0.9838932156562805,0.0
35,,,,,,,,,,,,,,,,,,,-31.467803955078125,9.999999747378752e-06,-0.04614580422639847,5.733707427978516,,,,,,,,,,,,,,3.7609028816223145,0.016532182693481445,50.0,0.08177720010280609,132.44680786132812,27.69471549987793,-0.04116709157824516,1.3350048065185547,0.0,5.016275405883789,0.9269129633903503,0.9390977025032043,0.9353806972503662,0.9899396896362305,0.44790592789649963,0.4984268248081207,0.9735360145568848,0.0
36,,,,,,,,,,,,,,,,,,,-31.464054107666016,9.999999747378752e-06,-0.03711644187569618,4.282956123352051,,,,,,,,,,,,,,3.6744890213012695,0.018375873565673828,51.0,0.08179450035095215,132.44680786132812,27.69471549987793,-0.038515571504831314,1.2911373376846313,0.0,2.5067684650421143,0.9335398077964783,0.9457077980041504,0.9470653533935547,0.9921093583106995,0.46041932702064514,0.49778082966804504,0.9748983979225159,0.0
37,,,,,,,,,,,,,,,,,,,-31.45518684387207,9.999999747378752e-06,-0.0303196981549263,1.8606435060501099,,,,,,,,,,,,,,3.79148530960083,0.016546010971069336,50.0,0.08182728290557861,133.16326904296875,27.854537963867188,-0.04084446653723717,1.3653225898742676,0.0,2.510227918624878,0.9465486407279968,0.9535727500915527,0.9522243142127991,0.9923693537712097,0.46164143085479736,0.4985225200653076,0.9786245226860046,0.0
38,,,,,,,,,,,,,,,,,,,-31.443782806396484,9.999999747378752e-06,-0.03847809135913849,0.5578899383544922,,,,,,,,,,,,,,3.985595226287842,0.01658487319946289,47.0,0.08185644447803497,134.13461303710938,28.071229934692383,-0.041868656873703,1.7110710144042969,0.0,1.0494324199328555e-40,0.9763851165771484,0.9785552620887756,0.9822878837585449,0.9972619414329529,0.4863271415233612,0.49912750720977783,0.9906118512153625,0.0
39,,,,,,,,,,,,,,,,,,,-31.43577766418457,9.999999747378752e-06,-0.03112509846687317,0.7143308520317078,,,,,,,,,,,,,,4.077675819396973,0.015769004821777344,46.0,0.08187127113342285,134.72222900390625,28.20131492614746,-0.0413561575114727,1.8073371648788452,0.0,0.0018008056795224547,0.985724687576294,0.9898872375488281,0.9881577491760254,0.998328685760498,0.49059513211250305,0.4996373653411865,0.9939054846763611,0.0
40,,,,,,,,,,,,,,,,,,,-31.43317222595215,9.999999747378752e-06,-0.04661184176802635,6.261974811553955,,,,,,,,,,,,,,4.01570987701416,0.016455888748168945,47.0,0.08187105506658554,135.0,28.262678146362305,-0.0435650534927845,1.701097846031189,0.0,5.026389122009277,0.9622445106506348,0.9756634831428528,0.9733192920684814,0.99642014503479,0.4778783321380615,0.49943807721138,0.9880800247192383,0.0
41,,,,,,,,,,,,,,,,,,,-31.431766510009766,9.999999747378752e-06,-0.03633429482579231,6.126176357269287,,,,,,,,,,,,,,3.664870023727417,0.017938852310180664,52.0,0.08188147097826004,135.0,28.262678146362305,-0.04153752699494362,1.3308387994766235,0.0,7.538286209106445,0.9241566061973572,0.9412006735801697,0.932569682598114,0.9900098443031311,0.4445078670978546,0.4986400604248047,0.9719829559326172,0.0
42,,,,,,,,,,,,,,,,,,,-31.429386138916016,1.4999999621068127e-05,-0.04352434724569321,5.3866682052612305,,,,,,,,,,,,,,3.6672890186309814,0.016446828842163086,52.0,0.08188889920711517,135.0,28.262678146362305,-0.04009098932147026,1.338951587677002,0.0,5.014764308929443,0.9305562973022461,0.9402539730072021,0.9502935409545898,0.9926198124885559,0.4634653627872467,0.49776792526245117,0.9769180417060852,0.0
43,,,,,,,,,,,,,,,,,,,-31.42046546936035,9.999999747378752e-06,-0.03868631273508072,2.834643602371216,,,,,,,,,,,,,,3.7311182022094727,0.01590585708618164,51.0,0.08193320780992508,135.26785278320312,28.321868896484375,-0.04065844789147377,1.3393405675888062,0.0,2.5125277042388916,0.9422840476036072,0.9511591792106628,0.9488048553466797,0.992013156414032,0.4588422477245331,0.49834927916526794,0.9761297106742859,0.0
44,,,,,,,,,,,,,,,,,,,-31.40471076965332,9.999999747378752e-06,-0.04711170494556427,0.37095221877098083,,,,,,,,,,,,,,3.9624600410461426,0.016682863235473633,48.0,0.08197100460529327,136.25,28.541763305664062,-0.04140511527657509,1.5961912870407104,0.0,0.0,0.9690389633178711,0.9719316363334656,0.975315272808075,0.9961088299751282,0.48133692145347595,0.49882936477661133,0.9879514575004578,0.0
45,,,,,,,,,,,,,,,,,,,-31.394433975219727,9.999999747378752e-06,-0.033452391624450684,0.6252266764640808,,,,,,,,,,,,,,4.158234119415283,0.015478134155273438,46.0,0.08198970556259155,136.47540283203125,28.590965270996094,-0.04194754362106323,1.8400068283081055,0.0,3.291463282484308e-11,0.985554039478302,0.9881024360656738,0.9896047711372375,0.9984397888183594,0.4916657507419586,0.49958038330078125,0.9943838715553284,0.0
46,,,,,,,,,,,,,,,,,,,-31.388708114624023,9.999999747378752e-06,-0.03572804853320122,3.087374210357666,,,,,,,,,,,,,,4.538125038146973,0.016820192337036133,42.0,0.08200584352016449,136.90475463867188,28.684926986694336,-0.042670249938964844,1.7445684671401978,0.0,2.512378692626953,0.9737113118171692,0.982949435710907,0.9787154793739319,0.9970528483390808,0.4822186529636383,0.4995957612991333,0.9904144406318665,0.0
47,,,,,,,,,,,,,,,,,,,-31.38532829284668,9.999999747378752e-06,-0.04524155706167221,10.05372142791748,,,,,,,,,,,,,,4.170578956604004,0.016180038452148438,45.0,0.08200473338365555,136.90475463867188,28.684926986694336,-0.043087784200906754,1.4108076095581055,0.0,10.035248756408691,0.9225747585296631,0.9442306160926819,0.9420111775398254,0.9919695854187012,0.4511268138885498,0.498790979385376,0.9748288989067078,0.0
48,,,,,,,,,,,,,,,,,,,-31.38559913635254,1.4999999621068127e-05,-0.030475525185465813,2.5795528888702393,,,,,,,,,,,,,,3.9803152084350586,0.016482830047607422,48.0,0.08201801031827927,136.90475463867188,28.684926986694336,-0.04080595448613167,1.2936471700668335,0.0,2.519667625427246,0.9322919249534607,0.9433128237724304,0.9413087964057922,0.9908876419067383,0.4559434652328491,0.49788782000541687,0.9746314883232117,0.0
49,,,,,,,,,,,,,,,,,,,-31.378231048583984,9.999999747378752e-06,-0.037769436836242676,4.129815578460693,,,,,,,,,,,,,,3.9312589168548584,0.016607999801635742,48.0,0.08203480392694473,137.109375,28.730976104736328,-0.04087583348155022,1.3828712701797485,0.0,5.0157294273376465,0.9312922954559326,0.9423809051513672,0.9520696997642517,0.9927957653999329,0.46202531456947327,0.4981723129749298,0.9773788452148438,0.0
50,,,,,,,,,,,,,,,,,,,-31.3750057220459,9.999999747378752e-06,-0.03365612402558327,0.2943728268146515,,,,,,,,,,,,,,4.29229211807251,0.02044391632080078,44.0,0.08203836530447006,137.86764526367188,28.900876998901367,-0.04251011088490486,1.5182476043701172,0.0,0.0,0.9655852317810059,0.9688699841499329,0.9664855003356934,0.9945651888847351,0.4742949306964874,0.4988259971141815,0.9842104911804199,0.0
51,,,,,,,,,,,,,,,,,,,-31.37257957458496,9.999999747378752e-06,-0.039834436029195786,0.35994845628738403,,,,,,,,,,,,,,4.497488975524902,0.01661992073059082,42.0,0.08205115795135498,138.04347229003906,28.940547943115234,-0.039364151656627655,1.7975534200668335,0.0,9.41519995324514e-21,0.9839532375335693,0.986029326915741,0.9887557625770569,0.9982826113700867,0.4918094873428345,0.4994671642780304,0.994114100933075,0.0
52,,,,,,,,,,,,,,,,,,,-31.367578506469727,9.999999747378752e-06,-0.03874271363019943,3.421135187149048,,,,,,,,,,,,,,4.446830749511719,0.017446279525756836,43.0,0.08206935226917267,138.38027954101562,29.014101028442383,-0.04170570895075798,1.8077541589736938,0.0,2.512247323989868,0.9766423106193542,0.9835260510444641,0.9852456450462341,0.9981138110160828,0.4872461259365082,0.49965009093284607,0.9925512671470642,0.0
53,,,,,,,,,,,,,,,,,,,-31.363296508789062,9.999999747378752e-06,-0.04596134275197983,11.830235481262207,,,,,,,,,,,,,,4.140185832977295,0.016538143157958984,46.0,0.0820685550570488,138.38027954101562,29.014101028442383,-0.04384183883666992,1.503361701965332,0.0,10.031204223632812,0.9312112927436829,0.9529059529304504,0.9535927176475525,0.9938351511955261,0.46028459072113037,0.4989476203918457,0.9789112210273743,0.0
54,,,,,,,,,,,,,,,,,,,-31.364383697509766,9.999999747378752e-06,-0.04418911039829254,3.122213840484619,,,,,,,,,,,,,,3.8496060371398926,0.016467809677124023,49.0,0.08207333087921143,138.38027954101562,29.014101028442383,-0.03985088691115379,1.3131898641586304,0.0,2.515347719192505,0.92914217710495,0.9397175312042236,0.9377633929252625,0.9900374412536621,0.4522315561771393,0.4980767071247101,0.9741185307502747,0.0
55,,,,,,,,,,,,,,,,,,,-31.36093521118164,9.999999747378752e-06,-0.051538921892642975,5.337854862213135,,,,,,,,,,,,,,3.5783989429473877,0.017918109893798828,53.0,0.08208204805850983,138.5416717529297,29.049659729003906,-0.04016619548201561,1.277951717376709,0.0,5.013700008392334,0.9374768137931824,0.9495146870613098,0.9457173943519592,0.9917996525764465,0.4580915868282318,0.497824102640152,0.9747352600097656,0.0
56,,,,,,,,,,,,,,,,,,,-31.357376098632812,9.999999747378752e-06,-0.04348679631948471,0.27299660444259644,,,,,,,,,,,,,,3.926877021789551,0.01678609848022461,48.0,0.08209647238254547,138.85134887695312,29.118558883666992,-0.04146767780184746,1.4927177429199219,0.0,0.0,0.9494532942771912,0.9544010162353516,0.9628856778144836,0.9941067099571228,0.47108325362205505,0.4989444315433502,0.9830003380775452,0.0
57,-0.040931250900030136,1.5315779447555542,0.0,3.215008497238159,0.9533382058143616,0.9624422192573547,0.9624454975128174,0.994371235370636,0.4698900282382965,0.49874576926231384,0.9829714298248291,0.0,0.0,0.0,0.0,0.0,0.0,1.0,-31.351856231689453,9.999999747378752e-06,-0.03320269659161568,0.23092198371887207,0.11540665477514267,0.05232922360301018,0.010481118224561214,0.12417655438184738,0.09099023789167404,0.04731364548206329,0.021061738952994347,0.07811570167541504,0.16338226199150085,0.3009146749973297,0.0,0.0,0.0,4.139657974243164,0.016556262969970703,46.0,0.0821111798286438,139.2857208251953,29.214832305908203,-0.04239225387573242,1.7489490509033203,0.0,2.3348177753112734e-27,0.9867615103721619,0.987865149974823,0.9842255115509033,0.997621476650238,0.48837828636169434,0.49930909276008606,0.9919721484184265,0.0
58,,,,,,,,,,,,,,,,,,,-31.34808349609375,9.999999747378752e-06,-0.03852331265807152,3.3497021198272705,,,,,,,,,,,,,,4.221845626831055,0.017740249633789062,45.0,0.08212167024612427,139.42308044433594,29.245901107788086,-0.040190327912569046,1.8387417793273926,0.0,2.5106093883514404,0.9806857705116272,0.9864788055419922,0.9893047213554382,0.998694658279419,0.4912581145763397,0.4996633529663086,0.9944213032722473,0.0
59,,,,,,,,,,,,,,,,,,,-31.34316635131836,9.999999747378752e-06,-0.042533136904239655,9.939507484436035,,,,,,,,,,,,,,3.8383140563964844,0.015782833099365234,49.0,0.0821419432759285,139.5569610595703,29.276756286621094,-0.04312065616250038,1.6105328798294067,0.0,7.534536838531494,0.9451996684074402,0.9644787907600403,0.9654824137687683,0.9955231547355652,0.47108888626098633,0.4991835057735443,0.9837889671325684,0.0
60,,,,,,,,,,,,,,,,,,,-31.33531951904297,9.999999747378752e-06,-0.0424296036362648,3.819093704223633,,,,,,,,,,,,,,3.591099977493286,0.015891075134277344,53.0,0.08216361701488495,139.5569610595703,29.276756286621094,-0.04128755256533623,1.3465924263000488,0.0,5.007503509521484,0.9279841780662537,0.9388952851295471,0.935095489025116,0.9898555278778076,0.4480566084384918,0.49853000044822693,0.9739517569541931,0.0
61,,,,,,,,,,,,,,,,,,,-31.32870101928711,9.999999747378752e-06,-0.03287222236394882,2.6693246364593506,,,,,,,,,,,,,,3.5337648391723633,0.015908002853393555,54.0,0.0821775272488594,139.5569610595703,29.276756286621094,-0.04130220785737038,1.3091455698013306,0.0,2.516867160797119,0.9349402785301208,0.9465920329093933,0.9479190707206726,0.9922011494636536,0.46194639801979065,0.4978066384792328,0.9754032492637634,0.0
62,,,,,,,,,,,,,,,,,,,-31.326719284057617,9.999999747378752e-06,-0.026679636910557747,1.0053350925445557,,,,,,,,,,,,,,3.72837495803833,0.015788793563842773,51.0,0.08217673748731613,139.8148193359375,29.33475112915039,-0.04188956320285797,1.380552887916565,0.0,2.512390375137329,0.9483234286308289,0.9545042514801025,0.9534783363342285,0.9926679730415344,0.46377280354499817,0.49872782826423645,0.9793040752410889,0.0
63,,,,,,,,,,,,,,,,,,,-31.327909469604492,9.999999747378752e-06,-0.035791151225566864,0.11999794840812683,,,,,,,,,,,,,,3.9612529277801514,0.016016006469726562,48.0,0.0821656882762909,140.17857360839844,29.41627311706543,-0.04200281575322151,1.7289061546325684,0.0,8.575386082282151e-41,0.9763490557670593,0.9785102009773254,0.9826721549034119,0.9973633289337158,0.4875715970993042,0.4991467297077179,0.9910759925842285,0.0
64,,,,,,,,,,,,,,,,,,,-31.333417892456055,9.999999747378752e-06,-0.03586596995592117,0.32029464840888977,,,,,,,,,,,,,,4.17082405090332,0.015815258026123047,45.0,0.08214867115020752,140.406982421875,29.46780776977539,-0.04112564027309418,1.7982902526855469,0.0,0.0017970808548852801,0.9852116703987122,0.9894631505012512,0.9876518249511719,0.998303234577179,0.49049338698387146,0.4996373951435089,0.9937396049499512,0.0
65,,,,,,,,,,,,,,,,,,,-31.337764739990234,9.999999747378752e-06,-0.03696867451071739,4.53165864944458,,,,,,,,,,,,,,3.9754040241241455,0.015839099884033203,48.0,0.08214310556650162,140.51724243164062,29.492603302001953,-0.043720126152038574,1.7009903192520142,0.0,5.020534992218018,0.9624601006507874,0.9753161072731018,0.9734656810760498,0.9964072108268738,0.47789254784584045,0.49944642186164856,0.9880342483520508,0.0
66,,,,,,,,,,,,,,,,,,,-31.337543487548828,9.999999747378752e-06,-0.03834853321313858,3.6576662063598633,,,,,,,,,,,,,,3.6655917167663574,0.01683831214904785,52.0,0.08215291798114777,140.51724243164062,29.492603302001953,-0.041192926466464996,1.3422142267227173,0.0,7.53068208694458,0.9246103763580322,0.9420161247253418,0.9346025586128235,0.9902560710906982,0.4462955892086029,0.49863871932029724,0.9725503325462341,0.0
67,,,,,,,,,,,,,,,,,,,-31.335081100463867,9.999999747378752e-06,-0.04706145450472832,3.5958516597747803,,,,,,,,,,,,,,3.6047282218933105,0.01604485511779785,53.0,0.08215469866991043,140.51724243164062,29.492603302001953,-0.041553694754838943,1.3433669805526733,0.0,5.012043476104736,0.9315610527992249,0.9411515593528748,0.9507932662963867,0.9926231503486633,0.4634615480899811,0.4977806806564331,0.9774120450019836,0.0
68,,,,,,,,,,,,,,,,,,,-31.33354377746582,1.4999999621068127e-05,-0.03320532664656639,1.4663888216018677,,,,,,,,,,,,,,3.6137189865112305,0.015882015228271484,52.0,0.08216480910778046,140.625,29.516014099121094,-0.03966401517391205,1.3492140769958496,0.0,2.514603853225708,0.9423500895500183,0.9514331817626953,0.9492589831352234,0.9920536875724792,0.45934829115867615,0.49834033846855164,0.976346492767334,0.0
69,,,,,,,,,,,,,,,,,,,-31.32427406311035,9.999999747378752e-06,-0.03807853162288666,0.0699753686785698,,,,,,,,,,,,,,3.8956069946289062,0.015763044357299805,49.0,0.0822097435593605,141.03260803222656,29.607711791992188,-0.042381007224321365,1.6104799509048462,0.0,0.0,0.969677746295929,0.9720690846443176,0.9760410189628601,0.9961827397346497,0.48180294036865234,0.4989350736141205,0.9882989525794983,0.0
70,,,,,,,,,,,,,,,,,,,-31.30975341796875,9.999999747378752e-06,-0.02447536215186119,0.35274961590766907,,,,,,,,,,,,,,4.191939830780029,0.015816926956176758,45.0,0.08224428445100784,141.1290283203125,29.629257202148438,-0.04003365337848663,1.8447283506393433,0.0,3.593019631820127e-11,0.986457347869873,0.9888219833374023,0.98991459608078,0.9984878897666931,0.4920196533203125,0.4995862543582916,0.9944633841514587,0.0
71,,,,,,,,,,,,,,,,,,,-31.300342559814453,9.999999747378752e-06,-0.036983001977205276,1.9520925283432007,,,,,,,,,,,,,,4.093489646911621,0.015737056732177734,46.0,0.08226526528596878,141.3157958984375,29.67122459411621,-0.042106177657842636,1.7499122619628906,0.0,2.515568256378174,0.9743883013725281,0.9834763407707214,0.979060709476471,0.9971104264259338,0.4829457998275757,0.4996062219142914,0.9905843138694763,0.0
72,,,,,,,,,,,,,,,,,,,-31.29093360900879,9.999999747378752e-06,-0.04358911141753197,5.675493240356445,,,,,,,,,,,,,,3.569042205810547,0.015926837921142578,53.0,0.0822962149977684,141.3157958984375,29.67122459411621,-0.04118696227669716,1.4089189767837524,0.0,10.038521766662598,0.9254729151725769,0.9454177021980286,0.9425775408744812,0.992010772228241,0.4524621069431305,0.4988280236721039,0.974928081035614,0.0
73,,,,,,,,,,,,,,,,,,,-31.282306671142578,1.4999999621068127e-05,-0.02838057652115822,1.387533187866211,,,,,,,,,,,,,,3.6034107208251953,0.01592707633972168,53.0,0.08231079578399658,141.3157958984375,29.67122459411621,-0.04398844763636589,1.2952510118484497,0.0,2.519866704940796,0.9329126477241516,0.9431636333465576,0.9414909482002258,0.9908725619316101,0.4555467367172241,0.4977279603481293,0.974524736404419,0.0
74,,,,,,,,,,,,,,,,,,,-31.2784481048584,9.999999747378752e-06,-0.035408418625593185,2.3453400135040283,,,,,,,,,,,,,,3.5656380653381348,0.015926837921142578,53.0,0.0823206827044487,141.40625,29.691631317138672,-0.04142975062131882,1.353865146636963,0.0,5.00988245010376,0.9301838874816895,0.9419655799865723,0.9516709446907043,0.9927241802215576,0.46156254410743713,0.498046875,0.9769460558891296,0.0
75,,,,,,,,,,,,,,,,,,,-31.274009704589844,9.999999747378752e-06,-0.03534824401140213,0.077503502368927,,,,,,,,,,,,,,3.8664162158966064,0.01580071449279785,49.0,0.08233209699392319,141.75,29.76740074157715,-0.04281384125351906,1.5143388509750366,0.0,0.0,0.9660714268684387,0.9688518643379211,0.9661228060722351,0.9945204854011536,0.473150372505188,0.49879884719848633,0.9840647578239441,0.0
76,,,,,,,,,,,,,,,,,,,-31.27039337158203,9.999999747378752e-06,-0.036014653742313385,0.04319462925195694,,,,,,,,,,,,,,4.05980110168457,0.01586008071899414,47.0,0.08234572410583496,143.13999938964844,30.066442489624023,-0.03888227418065071,1.8226855993270874,0.0,1.0418465830901827e-20,0.9850175380706787,0.987112820148468,0.9894676208496094,0.9984098076820374,0.4925704300403595,0.49940910935401917,0.9943401217460632,0.0
77,,,,,,,,,,,,,,,,,,,-31.262161254882812,9.999999747378752e-06,-0.03739127889275551,1.9938024282455444,,,,,,,,,,,,,,4.187652587890625,0.015876054763793945,45.0,0.08238110691308975,145.7899932861328,30.64295196533203,-0.042656492441892624,1.8068324327468872,0.0,2.5117738246917725,0.9776185154914856,0.9840134978294373,0.9853417873382568,0.9981366991996765,0.4874092638492584,0.4996581971645355,0.9925966262817383,0.0
78,,,,,,,,,,,,,,,,,,,-31.25147247314453,9.999999747378752e-06,-0.041185762733221054,6.7938408851623535,,,,,,,,,,,,,,3.648097038269043,0.015659093856811523,52.0,0.08239693194627762,145.7899932861328,30.64295196533203,-0.04538964107632637,1.5071614980697632,0.0,10.052212715148926,0.9314343929290771,0.9534899592399597,0.9533613324165344,0.9937803745269775,0.4602915942668915,0.4988616704940796,0.9786765575408936,0.0
79,,,,,,,,,,,,,,,,,,,-31.249486923217773,1.4999999621068127e-05,-0.03769061341881752,1.8763585090637207,,,,,,,,,,,,,,3.5646731853485107,0.015904903411865234,53.0,0.0823945701122284,145.7899932861328,30.64295196533203,-0.04171447828412056,1.3085393905639648,0.0,2.516960859298706,0.9308748841285706,0.9409668445587158,0.9378153681755066,0.9899731278419495,0.4516194760799408,0.4979483187198639,0.9744932055473328,0.0
80,,,,,,,,,,,,,,,,,,,-31.251712799072266,9.999999747378752e-06,-0.04363032057881355,2.8796825408935547,,,,,,,,,,,,,,3.513037919998169,0.015655994415283203,54.0,0.08238420635461807,147.0800018310547,30.925214767456055,-0.04425225779414177,1.2685872316360474,0.0,5.0194411277771,0.9377374649047852,0.9497432708740234,0.9448533058166504,0.9916093945503235,0.45841386914253235,0.497859388589859,0.9745749831199646,0.0
81,,,,,,,,,,,,,,,,,,,-31.2558536529541,9.999999747378752e-06,-0.05070998892188072,0.07329092919826508,,,,,,,,,,,,,,3.8192551136016846,0.01597905158996582,50.0,0.0823761522769928,149.1199951171875,31.40534782409668,-0.04040542244911194,1.504206657409668,0.0,0.0,0.9491153359413147,0.9540584683418274,0.9627423882484436,0.9940314888954163,0.47078266739845276,0.4989359378814697,0.9829402565956116,0.0
82,-0.04208466783165932,1.5356022119522095,0.0,3.2195141315460205,0.9532932639122009,0.9624998569488525,0.9625697135925293,0.9943789839744568,0.4706442356109619,0.4988156855106354,0.9830648303031921,0.0,0.0,0.0,0.0,0.0,0.0,1.0,-31.259347915649414,9.999999747378752e-06,-0.03450353443622589,0.025157710537314415,0.11687544733285904,0.055282726883888245,0.009629175998270512,0.12384995818138123,0.10371845215559006,0.048185016959905624,0.020993879064917564,0.07903885096311569,0.16467280685901642,0.34973880648612976,0.0,0.0,0.0,4.045326232910156,0.018002986907958984,47.0,0.08236265927553177,150.0,31.623441696166992,-0.04283745214343071,1.7364922761917114,0.0,2.4566669332537817e-27,0.9856967329978943,0.9870774149894714,0.9833540320396423,0.997514545917511,0.48779118061065674,0.4992811381816864,0.9915220737457275,0.0
83,,,,,,,,,,,,,,,,,,,-31.26478385925293,1.4999999621068127e-05,-0.03965551033616066,1.9378267526626587,,,,,,,,,,,,,,4.1843647956848145,0.01582622528076172,45.0,0.08234403282403946,150.0,31.623226165771484,-0.04257058724761009,1.8343772888183594,0.0,2.5122663974761963,0.979424774646759,0.9856602549552917,0.9887318015098572,0.9986369013786316,0.490744948387146,0.4996465742588043,0.994025707244873,0.0
84,,,,,,,,,,,,,,,,,,,-31.26985740661621,9.999999747378752e-06,-0.041498567909002304,6.355424880981445,,,,,,,,,,,,,,3.834151029586792,0.015806913375854492,49.0,0.08233457058668137,150.0,31.62274742126465,-0.04246177896857262,1.6088752746582031,0.0,7.549157619476318,0.9443726539611816,0.9640899300575256,0.9647769927978516,0.9954583048820496,0.47021040320396423,0.4991391599178314,0.9833710193634033,0.0
85,,,,,,,,,,,,,,,,,,,-31.271345138549805,9.999999747378752e-06,-0.043090809136629105,2.2268433570861816,,,,,,,,,,,,,,3.6062309741973877,0.01593613624572754,53.0,0.08234066516160965,150.0,31.62274742126465,-0.040081851184368134,1.3345950841903687,0.0,5.025028705596924,0.9267562031745911,0.9381152987480164,0.9337348937988281,0.9896020293235779,0.44696834683418274,0.49839267134666443,0.9733322262763977,0.0
86,,,,,,,,,,,,,,,,,,,-31.267169952392578,9.999999747378752e-06,-0.04271858558058739,1.4646778106689453,,,,,,,,,,,,,,3.5080208778381348,0.01611018180847168,54.0,0.08235098421573639,150.0,31.62274742126465,-0.04085031524300575,1.3076725006103516,0.0,2.5075724124908447,0.934256374835968,0.9462029933929443,0.9473143219947815,0.992072582244873,0.46166929602622986,0.4976750314235687,0.9750446677207947,0.0
87,,,,,,,,,,,,,,,,,,,-31.26239776611328,9.999999747378752e-06,-0.028631743043661118,0.5437474846839905,,,,,,,,,,,,,,3.728050947189331,0.015804052352905273,51.0,0.08237382769584656,150.0,31.6221866607666,-0.04177481308579445,1.3892569541931152,0.0,2.5169975757598877,0.9485855102539062,0.9548774361610413,0.9534112811088562,0.9926173686981201,0.4632175862789154,0.49861940741539,0.9790144562721252,0.0
88,,,,,,,,,,,,,,,,,,,-31.254426956176758,9.999999747378752e-06,-0.029354894533753395,0.02358916774392128,,,,,,,,,,,,,,3.9437780380249023,0.01594090461730957,48.0,0.08238860219717026,150.0,31.62081527709961,-0.043651681393384933,1.7142949104309082,0.0,1.0303607478333947e-40,0.9770076870918274,0.9791973233222961,0.9825427532196045,0.9973551630973816,0.4869396388530731,0.49912750720977783,0.990891695022583,0.0
89,,,,,,,,,,,,,,,,,,,-31.24907875061035,9.999999747378752e-06,-0.04276357963681221,0.3124834895133972,,,,,,,,,,,,,,4.197603225708008,0.015725135803222656,45.0,0.08240693807601929,150.0,31.620038986206055,-0.04041611775755882,1.8135048151016235,0.0,0.0019314122619107366,0.9858037829399109,0.9902410507202148,0.9883484840393066,0.9983776211738586,0.490877628326416,0.499614953994751,0.9939770102500916,0.0
90,,,,,,,,,,,,,,,,,,,-31.24029541015625,9.999999747378752e-06,-0.047942791134119034,3.322434902191162,,,,,,,,,,,,,,3.9707911014556885,0.015941858291625977,48.0,0.08244115114212036,150.0,31.619277954101562,-0.04335782304406166,1.6995683908462524,0.0,5.027071475982666,0.9615178108215332,0.9748979210853577,0.9731054306030273,0.9963906407356262,0.47770485281944275,0.49941742420196533,0.9877820611000061,0.0
91,,,,,,,,,,,,,,,,,,,-31.22966194152832,9.999999747378752e-06,-0.028964320197701454,2.003464937210083,,,,,,,,,,,,,,3.491208076477051,0.01579880714416504,54.0,0.08246268332004547,150.0,31.619277954101562,-0.042127177119255066,1.3344160318374634,0.0,7.546647548675537,0.9238116145133972,0.9408177733421326,0.9314106106758118,0.9897500872612,0.4441469609737396,0.4986251890659332,0.9718338847160339,0.0
92,,,,,,,,,,,,,,,,,,,-31.227882385253906,9.999999747378752e-06,-0.048175156116485596,2.363090753555298,,,,,,,,,,,,,,3.5888710021972656,0.015841007232666016,53.0,0.08245083689689636,150.0,31.619277954101562,-0.042718514800071716,1.3516207933425903,0.0,5.0043792724609375,0.931001603603363,0.9413989186286926,0.9518497586250305,0.9927034378051758,0.4653468132019043,0.4976080656051636,0.9776332974433899,0.0
93,,,,,,,,,,,,,,,,,,,-31.231708526611328,1.4999999621068127e-05,-0.030905628576874733,0.6626209020614624,,,,,,,,,,,,,,3.69036602973938,0.015961885452270508,51.0,0.08244670182466507,150.0,31.618431091308594,-0.04115905612707138,1.360564112663269,0.0,2.5116827487945557,0.9419884085655212,0.9514122009277344,0.9487561583518982,0.9920081496238708,0.45945966243743896,0.4984920024871826,0.9764022827148438,0.0
94,,,,,,,,,,,,,,,,,,,-31.231388092041016,9.999999747378752e-06,-0.03826932609081268,0.03849663585424423,,,,,,,,,,,,,,3.9367353916168213,0.01587986946105957,48.0,0.08245119452476501,150.0,31.61692237854004,-0.041991401463747025,1.6146265268325806,0.0,0.0,0.9693126082420349,0.9716312885284424,0.976385772228241,0.9962835907936096,0.4826180636882782,0.4989745616912842,0.9884939193725586,0.0
95,,,,,,,,,,,,,,,,,,,-31.230575561523438,9.999999747378752e-06,-0.02785661444067955,0.42150890827178955,,,,,,,,,,,,,,4.211280822753906,0.01609015464782715,45.0,0.0824497789144516,150.0,31.616153717041016,-0.04234608635306358,1.8436893224716187,0.0,3.206416729351069e-11,0.9867103695869446,0.9889456629753113,0.989797055721283,0.9984869360923767,0.49220332503318787,0.49956998229026794,0.9944214224815369,0.0
96,,,,,,,,,,,,,,,,,,,-31.230676651000977,9.999999747378752e-06,-0.04191826283931732,1.4468364715576172,,,,,,,,,,,,,,4.091628074645996,0.0159759521484375,46.0,0.08245377242565155,150.0,31.615280151367188,-0.04419053718447685,1.749132752418518,0.0,2.5180716514587402,0.9748446941375732,0.9838177561759949,0.9785262942314148,0.9970117211341858,0.4824891984462738,0.49958786368370056,0.9903826713562012,0.0
97,,,,,,,,,,,,,,,,,,,-31.227083206176758,9.999999747378752e-06,-0.03718331456184387,2.9407010078430176,,,,,,,,,,,,,,3.750539779663086,0.021157264709472656,50.0,0.08246427029371262,150.0,31.615280151367188,-0.0416586734354496,1.4037861824035645,0.0,10.041716575622559,0.9238355755805969,0.9438055157661438,0.9411365389823914,0.9917090535163879,0.4518996477127075,0.49880173802375793,0.9743650555610657,0.0
98,,,,,,,,,,,,,,,,,,,-31.222410202026367,9.999999747378752e-06,-0.03739355504512787,0.8121973276138306,,,,,,,,,,,,,,3.6600849628448486,0.015730857849121094,52.0,0.08248817920684814,150.0,31.615280151367188,-0.04119352251291275,1.2946144342422485,0.0,2.5246388912200928,0.9334881901741028,0.9433777332305908,0.9422782063484192,0.9909726977348328,0.4568089544773102,0.49764934182167053,0.9747499823570251,0.0
99,,,,,,,,,,,,,,,,,,,-31.212158203125,9.999999747378752e-06,-0.035891856998205185,1.2548389434814453,,,,,,,,,,,,,,3.561279296875,0.015957117080688477,53.0,0.08252038806676865,150.0,31.615005493164062,-0.0415787510573864,1.3710952997207642,0.0,5.017172336578369,0.9304279685020447,0.9421882033348083,0.9515619277954102,0.9927608370780945,0.4618821144104004,0.49818217754364014,0.977322518825531,0.0
100,,,,,,,,,,,,,,,,,,,-31.20317840576172,9.999999747378752e-06,-0.03362712264060974,0.052360810339450836,,,,,,,,,,,,,,3.8775107860565186,0.016040325164794922,49.0,0.08253008872270584,150.0,31.612382888793945,-0.04295913502573967,1.5155099630355835,0.0,0.0,0.9657692313194275,0.968812882900238,0.9660738110542297,0.994520366191864,0.4737255275249481,0.49883925914764404,0.9840282797813416,0.0
101,,,,,,,,,,,,,,,,,,,-31.203893661499023,9.999999747378752e-06,-0.032563015818595886,0.01872236281633377,,,,,,,,,,,,,,4.07373046875,0.015808820724487305,46.0,0.08251906931400299,150.0,31.6124210357666,-0.04016661271452904,1.8181065320968628,0.0,1.0278122199961275e-20,0.9841118454933167,0.9864047169685364,0.9892599582672119,0.9983527660369873,0.4924776554107666,0.499446302652359,0.9942318797111511,0.0
102,,,,,,,,,,,,,,,,,,,-31.210081100463867,9.999999747378752e-06,-0.042430635541677475,1.2772611379623413,,,,,,,,,,,,,,4.183795928955078,0.015865087509155273,45.0,0.08249663561582565,150.0,31.612567901611328,-0.041157424449920654,1.8133825063705444,0.0,2.505979061126709,0.9780252575874329,0.984318733215332,0.9857044219970703,0.9981975555419922,0.48793283104896545,0.4996669590473175,0.9926723837852478,0.0
103,,,,,,,,,,,,,,,,,,,-31.216161727905273,9.999999747378752e-06,-0.0422946996986866,3.599369525909424,,,,,,,,,,,,,,3.6428961753845215,0.01586771011352539,52.0,0.0824841558933258,150.0,31.612567901611328,-0.043573785573244095,1.510586142539978,0.0,10.0453462600708,0.9312865138053894,0.9533097147941589,0.9534392356872559,0.9938483834266663,0.461033433675766,0.49896183609962463,0.9784470200538635,0.0
104,,,,,,,,,,,,,,,,,,,-31.219640731811523,9.999999747378752e-06,-0.03489469736814499,1.2713147401809692,,,,,,,,,,,,,,3.5812718868255615,0.015839338302612305,53.0,0.08247938007116318,150.0,31.612567901611328,-0.0405714251101017,1.3121470212936401,0.0,2.5094690322875977,0.9302241802215576,0.9404355883598328,0.937053918838501,0.9898767471313477,0.4510066509246826,0.4979880154132843,0.9739336967468262,0.0
105,,,,,,,,,,,,,,,,,,,-31.22016143798828,9.999999747378752e-06,-0.04539190232753754,1.5454292297363281,,,,,,,,,,,,,,3.5422589778900146,0.015651941299438477,53.0,0.08248040080070496,150.0,31.612747192382812,-0.04012991115450859,1.2762770652770996,0.0,5.020866394042969,0.9364452958106995,0.9489302635192871,0.9447693824768066,0.9916618466377258,0.45747581124305725,0.4978206157684326,0.9744980931282043,0.0
106,,,,,,,,,,,,,,,,,,,-31.219289779663086,9.999999747378752e-06,-0.036700114607810974,0.05939013510942459,,,,,,,,,,,,,,3.7862231731414795,0.015774011611938477,50.0,0.08248352259397507,150.0,31.611154556274414,-0.04105990007519722,1.4869660139083862,0.0,0.0,0.9491319060325623,0.9541419148445129,0.9624034762382507,0.9940109848976135,0.47041353583335876,0.4987637996673584,0.9827680587768555,0.0
107,-0.04181466996669769,1.5365601778030396,0.0,3.216745376586914,0.9529275894165039,0.9622182846069336,0.9621105194091797,0.9943456649780273,0.47011998295783997,0.4987393915653229,0.9827179312705994,0.0,0.0,0.0,0.0,0.0,0.0,1.0,-31.21478271484375,9.999999747378752e-06,-0.028919443488121033,0.03281296417117119,0.16578073799610138,0.050618354231119156,0.010011364705860615,0.1294676810503006,0.10094320774078369,0.04611967131495476,0.021743418648838997,0.08242517709732056,0.16754524409770966,0.2886965274810791,0.0,0.0,0.0,4.040317058563232,0.015780925750732422,47.0,0.08251351118087769,150.0,31.610671997070312,-0.03986261412501335,1.7412563562393188,0.0,2.2935204446997668e-27,0.9863073229789734,0.9876495003700256,0.9835073351860046,0.9974448084831238,0.4879734218120575,0.4992409646511078,0.991424024105072,0.0
108,,,,,,,,,,,,,,,,,,,-31.204612731933594,9.999999747378752e-06,-0.037551529705524445,1.2286332845687866,,,,,,,,,,,,,,4.209090232849121,0.015860795974731445,45.0,0.08253266662359238,150.0,31.610618591308594,-0.04255729913711548,1.8389229774475098,0.0,2.509870767593384,0.9798850417137146,0.9858705401420593,0.9891687035560608,0.9986577033996582,0.49101391434669495,0.4996565282344818,0.9941509366035461,0.0
109,,,,,,,,,,,,,,,,,,,-31.19976043701172,9.999999747378752e-06,-0.04512957111001015,4.3448486328125,,,,,,,,,,,,,,3.8220348358154297,0.016186237335205078,50.0,0.08254819363355637,150.0,31.610307693481445,-0.04456455633044243,1.6214762926101685,0.0,7.549713134765625,0.9455719590187073,0.9647126197814941,0.9654452800750732,0.9955559372901917,0.47151145339012146,0.49919676780700684,0.9836363196372986,0.0
110,,,,,,,,,,,,,,,,,,,-31.193845748901367,9.999999747378752e-06,-0.04272616654634476,1.4482884407043457,,,,,,,,,,,,,,3.5629630088806152,0.016803741455078125,53.0,0.08256303519010544,150.0,31.610307693481445,-0.04265240207314491,1.3235268592834473,0.0,5.016761779785156,0.9259719848632812,0.9379494786262512,0.9333006739616394,0.9895198345184326,0.4466862976551056,0.4983517825603485,0.9730701446533203,0.0
111,,,,,,,,,,,,,,,,,,,-31.190937042236328,9.999999747378752e-06,-0.04197405278682709,1.005548357963562,,,,,,,,,,,,,,3.5092508792877197,0.015826940536499023,54.0,0.0825681984424591,150.0,31.610307693481445,-0.04074207693338394,1.311730146408081,0.0,2.5145671367645264,0.935818612575531,0.94712895154953,0.947915256023407,0.992167055606842,0.4618460237979889,0.4977758824825287,0.9754645824432373,0.0
112,,,,,,,,,,,,,,,,,,,-31.19041633605957,1.4999999621068127e-05,-0.033561620861291885,0.29708561301231384,,,,,,,,,,,,,,3.697298049926758,0.015863895416259766,51.0,0.08256713300943375,150.0,31.61001968383789,-0.04198312386870384,1.3829509019851685,0.0,2.514176368713379,0.9478044509887695,0.954346239566803,0.952860414981842,0.9925248622894287,0.4632197320461273,0.4985990524291992,0.9787368774414062,0.0
113,,,,,,,,,,,,,,,,,,,-31.185832977294922,9.999999747378752e-06,-0.044402994215488434,0.04024823382496834,,,,,,,,,,,,,,3.9427361488342285,0.01656794548034668,48.0,0.08259744942188263,150.0,31.610605239868164,-0.04081811383366585,1.715049386024475,0.0,8.349076380293693e-41,0.9758317470550537,0.9779484272003174,0.982212245464325,0.9972801208496094,0.486822247505188,0.4990863502025604,0.9906261563301086,0.0
114,,,,,,,,,,,,,,,,,,,-31.175106048583984,9.999999747378752e-06,-0.01757900044322014,0.47559890151023865,,,,,,,,,,,,,,4.057121276855469,0.017045021057128906,47.0,0.08262848854064941,150.0,31.61029815673828,-0.04039536789059639,1.8052114248275757,0.0,0.0019039786420762539,0.9850058555603027,0.9897022247314453,0.9879276156425476,0.998284637928009,0.4907356798648834,0.49958133697509766,0.9935819506645203,0.0
115,,,,,,,,,,,,,,,,,,,-31.165884017944336,9.999999747378752e-06,-0.03859775513410568,2.8454902172088623,,,,,,,,,,,,,,3.8131110668182373,0.01622605323791504,50.0,0.08264800161123276,150.0,31.610618591308594,-0.04372406005859375,1.699816346168518,0.0,5.014963626861572,0.9617815613746643,0.974783182144165,0.9729008674621582,0.9963182806968689,0.47739681601524353,0.49940183758735657,0.9876980781555176,0.0
116,,,,,,,,,,,,,,,,,,,-31.159406661987305,9.999999747378752e-06,-0.04920908063650131,1.1465222835540771,,,,,,,,,,,,,,3.5397801399230957,0.015681028366088867,54.0,0.08266821503639221,150.0,31.610618591308594,-0.042321573942899704,1.3294401168823242,0.0,7.549013614654541,0.9225128293037415,0.9407461285591125,0.9315088391304016,0.9897594451904297,0.4447365701198578,0.49851998686790466,0.9714124202728271,0.0
117,,,,,,,,,,,,,,,,,,,-31.152393341064453,9.999999747378752e-06,-0.04950348287820816,1.5923713445663452,,,,,,,,,,,,,,3.541060209274292,0.016144752502441406,53.0,0.08268730342388153,150.0,31.610618591308594,-0.04364323988556862,1.3285592794418335,0.0,5.021827220916748,0.9300418496131897,0.9406359791755676,0.9501511454582214,0.9925587773323059,0.4639200270175934,0.49752649664878845,0.9768545031547546,0.0
118,,,,,,,,,,,,,,,,,,,-31.148094177246094,9.999999747378752e-06,-0.03025512956082821,0.2706539034843445,,,,,,,,,,,,,,3.6950631141662598,0.017584800720214844,51.0,0.08269333839416504,150.0,31.610763549804688,-0.04289545491337776,1.3599152565002441,0.0,2.5145761966705322,0.942118227481842,0.9521129131317139,0.9482950568199158,0.9919318556785583,0.4590875208377838,0.49817466735839844,0.9758809208869934,0.0
119,,,,,,,,,,,,,,,,,,,-31.142690658569336,9.999999747378752e-06,-0.039792947471141815,0.05762885883450508,,,,,,,,,,,,,,3.9003498554229736,0.015917062759399414,49.0,0.08272317796945572,150.0,31.610973358154297,-0.04245351627469063,1.5988883972167969,0.0,0.0,0.9682367444038391,0.9714126586914062,0.9754697680473328,0.9961506724357605,0.48219168186187744,0.4988233149051666,0.9878799319267273,0.0
120,,,,,,,,,,,,,,,,,,,-31.133296966552734,9.999999747378752e-06,-0.027270512655377388,0.6580082178115845,,,,,,,,,,,,,,4.196699142456055,0.0159151554107666,45.0,0.08273867517709732,150.0,31.61038589477539,-0.04076400771737099,1.8438574075698853,0.0,4.062469458054885e-11,0.9860560297966003,0.9885392189025879,0.9890961647033691,0.9983617663383484,0.4915487766265869,0.4994971454143524,0.9940087199211121,0.0
121,,,,,,,,,,,,,,,,,,,-31.130964279174805,9.999999747378752e-06,-0.0377526693046093,1.4653149843215942,,,,,,,,,,,,,,4.162075042724609,0.016100168228149414,45.0,0.08274096250534058,150.0,31.610294342041016,-0.0446966290473938,1.7510885000228882,0.0,2.507056951522827,0.9749413132667542,0.9838905334472656,0.9790554046630859,0.997094452381134,0.48312798142433167,0.49953779578208923,0.9903964996337891,0.0
122,,,,,,,,,,,,,,,,,,,-31.129072189331055,9.999999747378752e-06,-0.041017066687345505,1.6771973371505737,,,,,,,,,,,,,,3.6281239986419678,0.016317129135131836,52.0,0.08274859935045242,150.0,31.610294342041016,-0.04460940137505531,1.4142030477523804,0.0,10.04478931427002,0.9231946468353271,0.9444037079811096,0.9419001936912537,0.9918883442878723,0.4522158205509186,0.4987243413925171,0.9746935963630676,0.0
123,,,,,,,,,,,,,,,,,,,-31.1295223236084,9.999999747378752e-06,-0.0470198392868042,0.642358124256134,,,,,,,,,,,,,,3.5993998050689697,0.015882015228271484,53.0,0.08273670822381973,150.0,31.610294342041016,-0.0418177954852581,1.2903499603271484,0.0,2.5219156742095947,0.9335574507713318,0.9435150027275085,0.9410870671272278,0.9908201694488525,0.45590171217918396,0.4975908696651459,0.9741551876068115,0.0
124,,,,,,,,,,,,,,,,,,,-31.13559341430664,9.999999747378752e-06,-0.02903675101697445,0.6324724555015564,,,,,,,,,,,,,,3.6417627334594727,0.019089221954345703,52.0,0.08271849155426025,150.0,31.61066436767578,-0.04113803431391716,1.3758702278137207,0.0,5.014586925506592,0.9311695098876953,0.943217933177948,0.9510715007781982,0.992746889591217,0.46230021119117737,0.49781760573387146,0.9767383933067322,0.0
125,,,,,,,,,,,,,,,,,,,-31.13556480407715,9.999999747378752e-06,-0.03527798503637314,0.05829720199108124,,,,,,,,,,,,,,3.882827043533325,0.016778945922851562,49.0,0.08274301886558533,150.0,31.61222267150879,-0.04417531192302704,1.5160212516784668,0.0,0.0,0.9658721089363098,0.969205379486084,0.9659115672111511,0.9945351481437683,0.47384747862815857,0.4986705780029297,0.9838029742240906,0.0
126,,,,,,,,,,,,,,,,,,,-31.1256103515625,9.999999747378752e-06,-0.03853471949696541,0.030888784676790237,,,,,,,,,,,,,,4.029512405395508,0.016194820404052734,47.0,0.08277210593223572,150.0,31.612096786499023,-0.04156074300408363,1.8065413236618042,0.0,1.05350861803683e-20,0.9844987988471985,0.9867773056030273,0.9888441562652588,0.9983107447624207,0.4922157824039459,0.49930062890052795,0.993992030620575,0.0
127,,,,,,,,,,,,,,,,,,,-31.114625930786133,9.999999747378752e-06,-0.03820911422371864,0.9347140789031982,,,,,,,,,,,,,,4.1753740310668945,0.016008853912353516,45.0,0.08280453830957413,150.0,31.612133026123047,-0.0438992977142334,1.8125547170639038,0.0,2.51802134513855,0.9775514602661133,0.9841153621673584,0.9852557182312012,0.9981066584587097,0.4875992238521576,0.49965205788612366,0.9925470352172852,0.0
128,,,,,,,,,,,,,,,,,,,-31.10780143737793,9.999999747378752e-06,-0.04376205429434776,1.6466063261032104,,,,,,,,,,,,,,3.619877815246582,0.01562809944152832,52.0,0.08280950784683228,150.0,31.612133026123047,-0.04424357786774635,1.515161395072937,0.0,10.056421279907227,0.9311872124671936,0.9529553055763245,0.9534463882446289,0.9937810897827148,0.4606879651546478,0.4988349676132202,0.9783226847648621,0.0
129,,,,,,,,,,,,,,,,,,,-31.105213165283203,9.999999747378752e-06,-0.04070720076560974,0.9212667942047119,,,,,,,,,,,,,,3.6311228275299072,0.01574110984802246,52.0,0.0828235000371933,150.0,31.612133026123047,-0.04111200571060181,1.2963815927505493,0.0,2.506211519241333,0.9289780259132385,0.9398607611656189,0.935949981212616,0.9896585941314697,0.4505164623260498,0.49782779812812805,0.9735567569732666,0.0
130,,,,,,,,,,,,,,,,,,,-31.09782600402832,9.999999747378752e-06,-0.038585878908634186,0.7309616208076477,,,,,,,,,,,,,,3.497670888900757,0.015815019607543945,54.0,0.08285333961248398,150.0,31.611753463745117,-0.04052676633000374,1.2737168073654175,0.0,5.023219585418701,0.9359636306762695,0.9493372440338135,0.9435598254203796,0.9915647506713867,0.45776185393333435,0.4975820481777191,0.9735868573188782,0.0
131,,,,,,,,,,,,,,,,,,,-31.086156845092773,9.999999747378752e-06,-0.05169804394245148,0.04687393829226494,,,,,,,,,,,,,,3.800142765045166,0.015760183334350586,50.0,0.08288552612066269,150.0,31.611530303955078,-0.04451930522918701,1.5011447668075562,0.0,0.0,0.9490411877632141,0.9539756774902344,0.9622846245765686,0.9939538836479187,0.4704045057296753,0.4987868368625641,0.9825427532196045,0.0
132,-0.042957108467817307,1.5382956266403198,0.0,3.216059446334839,0.9523953795433044,0.9619730114936829,0.9619703888893127,0.9942601323127747,0.47055116295814514,0.49872079491615295,0.9825859069824219,0.0,0.0,0.0,0.0,0.0,0.0,1.0,-31.078929901123047,9.999999747378752e-06,-0.033205196261405945,0.03667701408267021,0.17915715277194977,0.05016441270709038,0.009493538178503513,0.12340804934501648,0.10704659670591354,0.04697130247950554,0.02130468189716339,0.08006688952445984,0.1641586571931839,0.3271142244338989,0.0,0.0,0.0,4.0010833740234375,0.01584792137145996,47.0,0.08289463073015213,150.0,31.612449645996094,-0.04294547066092491,1.7300513982772827,0.0,2.308167719705815e-27,0.9860506057739258,0.9875949025154114,0.9831048846244812,0.9974496364593506,0.4879244863986969,0.4991281032562256,0.991261899471283,0.0
133,,,,,,,,,,,,,,,,,,,-31.075960159301758,9.999999747378752e-06,-0.033303000032901764,0.5986689925193787,,,,,,,,,,,,,,4.17445707321167,0.015837907791137695,45.0,0.08290782570838928,150.0,31.61272430419922,-0.04276848956942558,1.8381110429763794,0.0,2.509694814682007,0.9795541167259216,0.9857632517814636,0.9889716506004333,0.9985859990119934,0.49068447947502136,0.49960842728614807,0.9938278198242188,0.0
134,,,,,,,,,,,,,,,,,,,-31.06859588623047,9.999999747378752e-06,-0.0433732271194458,2.759038209915161,,,,,,,,,,,,,,3.800550937652588,0.01588606834411621,50.0,0.08293498307466507,150.0,31.612384796142578,-0.044108908623456955,1.6151467561721802,0.0,7.5435919761657715,0.9449248313903809,0.9643664956092834,0.9649539589881897,0.9954965114593506,0.47068485617637634,0.4991658627986908,0.9831867814064026,0.0
135,,,,,,,,,,,,,,,,,,,-31.06066131591797,9.999999747378752e-06,-0.034394923597574234,0.8288627862930298,,,,,,,,,,,,,,3.5346429347991943,0.015712976455688477,54.0,0.08295217156410217,150.0,31.612384796142578,-0.04257519543170929,1.3151178359985352,0.0,5.019906520843506,0.925059974193573,0.937326192855835,0.9322723746299744,0.9893271923065186,0.445690780878067,0.4983481466770172,0.9727277755737305,0.0
136,,,,,,,,,,,,,,,,,,,-31.056190490722656,9.999999747378752e-06,-0.04326324909925461,0.6580542922019958,,,,,,,,,,,,,,3.4940121173858643,0.015753984451293945,54.0,0.08296184241771698,150.0,31.612384796142578,-0.04083345830440521,1.2911146879196167,0.0,2.5101232528686523,0.9351208806037903,0.946753740310669,0.9467766880989075,0.9919437766075134,0.4614095687866211,0.49750885367393494,0.9747366309165955,0.0
137,,,,,,,,,,,,,,,,,,,-31.053165435791016,9.999999747378752e-06,-0.030841469764709473,0.174967423081398,,,,,,,,,,,,,,3.701809883117676,0.016179323196411133,51.0,0.0829729288816452,150.0,31.612775802612305,-0.04280519485473633,1.388411045074463,0.0,2.5053956508636475,0.9475479125976562,0.9540791511535645,0.9531709551811218,0.9924938678741455,0.46347489953041077,0.4985550343990326,0.9789051413536072,0.0
138,,,,,,,,,,,,,,,,,,,-31.049346923828125,9.999999747378752e-06,-0.03526080399751663,0.04384250566363335,,,,,,,,,,,,,,3.9891562461853027,0.016560792922973633,47.0,0.08297913521528244,150.0,31.610363006591797,-0.04393535479903221,1.7170463800430298,0.0,9.219843246025134e-41,0.9762201309204102,0.978440523147583,0.9819663166999817,0.9972254633903503,0.48701104521751404,0.49911007285118103,0.9906473159790039,0.0
139,,,,,,,,,,,,,,,,,,,-31.05116081237793,9.999999747378752e-06,-0.034743551164865494,0.39414069056510925,,,,,,,,,,,,,,4.223282814025879,0.0157470703125,45.0,0.08296536654233932,150.0,31.61029815673828,-0.041799891740083694,1.8051081895828247,0.0,0.0018539763987064362,0.9852972030639648,0.9897940754890442,0.9881312251091003,0.9983332753181458,0.49094855785369873,0.49960216879844666,0.9937765002250671,0.0
140,,,,,,,,,,,,,,,,,,,-31.05116844177246,9.999999747378752e-06,-0.04219210892915726,1.9515929222106934,,,,,,,,,,,,,,3.9724559783935547,0.016019105911254883,48.0,0.08297993987798691,150.0,31.610315322875977,-0.04440169408917427,1.7055506706237793,0.0,5.033425331115723,0.9626504778862,0.9755128026008606,0.9735611081123352,0.9964472651481628,0.4780595004558563,0.49943187832832336,0.9879908561706543,0.0
141,,,,,,,,,,,,,,,,,,,-31.04596519470215,9.999999747378752e-06,-0.04042152315378189,0.7460325956344604,,,,,,,,,,,,,,3.486988067626953,0.015964984893798828,54.0,0.08299200981855392,150.0,31.610315322875977,-0.042846012860536575,1.330464243888855,0.0,7.567117691040039,0.9222621917724609,0.9408535957336426,0.930955708026886,0.9897189140319824,0.4440042972564697,0.49857378005981445,0.9711812138557434,0.0
142,,,,,,,,,,,,,,,,,,,-31.043350219726562,9.999999747378752e-06,-0.037894830107688904,1.106698751449585,,,,,,,,,,,,,,3.622493028640747,0.01578211784362793,52.0,0.08299355953931808,150.0,31.610315322875977,-0.04256480932235718,1.3389863967895508,0.0,5.013801097869873,0.9288391470909119,0.9396541714668274,0.9499604105949402,0.9925074577331543,0.4638703763484955,0.49753108620643616,0.9767329692840576,0.0
143,,,,,,,,,,,,,,,,,,,-31.04026222229004,9.999999747378752e-06,-0.03540172427892685,0.19122996926307678,,,,,,,,,,,,,,3.5976340770721436,0.015995264053344727,53.0,0.08301881700754166,150.0,31.610910415649414,-0.04143364354968071,1.3499270677566528,0.0,2.5116748809814453,0.9413102269172668,0.9514608979225159,0.9473936557769775,0.9917795062065125,0.45879825949668884,0.4981527030467987,0.9753751158714294,0.0
144,,,,,,,,,,,,,,,,,,,-31.030508041381836,9.999999747378752e-06,-0.03925170376896858,0.04191533103585243,,,,,,,,,,,,,,3.8894598484039307,0.0183560848236084,49.0,0.08303818106651306,150.0,31.61102294921875,-0.04303687438368797,1.6075133085250854,0.0,0.0,0.968553364276886,0.9712970852851868,0.9758772850036621,0.9961678385734558,0.4825555384159088,0.4989369213581085,0.9880492687225342,0.0
145,,,,,,,,,,,,,,,,,,,-31.027807235717773,9.999999747378752e-06,-0.03467889130115509,0.516028642654419,,,,,,,,,,,,,,4.19528341293335,0.015846729278564453,45.0,0.08303599059581757,150.0,31.610492706298828,-0.04001881554722786,1.8460474014282227,0.0,3.593197961393457e-11,0.986105740070343,0.988407552242279,0.9897918105125427,0.9984332919120789,0.4920539855957031,0.49957025051116943,0.994271457195282,0.0
146,,,,,,,,,,,,,,,,,,,-31.028690338134766,1.4999999621068127e-05,-0.029567809775471687,1.0179145336151123,,,,,,,,,,,,,,4.091397285461426,0.0157930850982666,46.0,0.08303471654653549,150.0,31.6102294921875,-0.04387320950627327,1.7487573623657227,0.0,2.51531982421875,0.9739318490028381,0.9834089279174805,0.9787279963493347,0.9970464706420898,0.4824509918689728,0.49956563115119934,0.9902406334877014,0.0
147,,,,,,,,,,,,,,,,,,,-31.028732299804688,9.999999747378752e-06,-0.039739906787872314,1.1049259901046753,,,,,,,,,,,,,,3.579094886779785,0.015562057495117188,53.0,0.08303416520357132,150.0,31.6102294921875,-0.04434565082192421,1.4164587259292603,0.0,10.06761646270752,0.923149585723877,0.9450777173042297,0.9418752789497375,0.9918577075004578,0.45248785614967346,0.49887070059776306,0.9747176766395569,0.0
148,,,,,,,,,,,,,,,,,,,-31.028505325317383,9.999999747378752e-06,-0.04334085062146187,0.42569583654403687,,,,,,,,,,,,,,3.5762948989868164,0.015841007232666016,53.0,0.08303174376487732,150.0,31.6102294921875,-0.04181183502078056,1.300646424293518,0.0,2.519930839538574,0.9336497783660889,0.9440115094184875,0.9417328834533691,0.9908886551856995,0.4565015733242035,0.4977085590362549,0.9744513630867004,0.0
149,,,,,,,,,,,,,,,,,,,-31.02959442138672,9.999999747378752e-06,-0.041666191071271896,0.38042616844177246,,,,,,,,,,,,,,3.5725510120391846,0.015983104705810547,53.0,0.08303163200616837,150.0,31.610328674316406,-0.04248756542801857,1.3798526525497437,0.0,5.024289608001709,0.930178165435791,0.9418362975120544,0.951434314250946,0.9926884770393372,0.462071031332016,0.4981935918331146,0.9771731495857239,0.0
150,,,,,,,,,,,,,,,,,,,-31.028711318969727,9.999999747378752e-06,-0.039601363241672516,0.036584652960300446,,,,,,,,,,,,,,3.8517208099365234,0.015745162963867188,49.0,0.08303593844175339,150.0,31.61113929748535,-0.04322546720504761,1.5018678903579712,0.0,0.0,0.9644631743431091,0.9679055213928223,0.9654721617698669,0.9944104552268982,0.473395973443985,0.49874839186668396,0.9836735725402832,0.0
151,,,,,,,,,,,,,,,,,,,-31.028413772583008,9.999999747378752e-06,-0.03524869680404663,0.04605736956000328,,,,,,,,,,,,,,4.076488971710205,0.0164182186126709,46.0,0.0830346941947937,150.0,31.611083984375,-0.043268222361803055,1.817055106163025,0.0,1.0898240279705387e-20,0.9837703704833984,0.9859957098960876,0.98911452293396,0.9983201026916504,0.49246978759765625,0.49939730763435364,0.9941139221191406,0.0
152,,,,,,,,,,,,,,,,,,,-31.030475616455078,9.999999747378752e-06,-0.03664825111627579,0.5799648761749268,,,,,,,,,,,,,,4.268343925476074,0.015790224075317383,44.0,0.08302339911460876,150.0,31.611202239990234,-0.04323706403374672,1.8056879043579102,0.0,2.5135581493377686,0.9774455428123474,0.9841976761817932,0.9853649735450745,0.9981050491333008,0.48741933703422546,0.49962735176086426,0.9924564361572266,0.0
153,,,,,,,,,,,,,,,,,,,-31.034650802612305,9.999999747378752e-06,-0.04024043306708336,0.8727582693099976,,,,,,,,,,,,,,3.6523749828338623,0.016077041625976562,52.0,0.08301501721143723,150.0,31.611202239990234,-0.04419351741671562,1.51724112033844,0.0,10.055432319641113,0.9320180416107178,0.9535841941833496,0.9535220265388489,0.993812620639801,0.46073636412620544,0.4988887310028076,0.9786192774772644,0.0
154,,,,,,,,,,,,,,,,,,,-31.038963317871094,9.999999747378752e-06,-0.03453569859266281,0.4806581437587738,,,,,,,,,,,,,,3.5842130184173584,0.016071796417236328,53.0,0.08299673348665237,150.0,31.611202239990234,-0.04236399009823799,1.3154569864273071,0.0,2.511366605758667,0.9292421340942383,0.9396476745605469,0.9364151954650879,0.989762544631958,0.4516589641571045,0.49805712699890137,0.9737051129341125,0.0
155,,,,,,,,,,,,,,,,,,,-31.04554557800293,9.999999747378752e-06,-0.0373755618929863,0.4189146161079407,,,,,,,,,,,,,,3.5147879123687744,0.01587700843811035,54.0,0.0829811617732048,150.0,31.612258911132812,-0.04244914650917053,1.29410982131958,0.0,5.020050525665283,0.9355377554893494,0.9487593770027161,0.943790853023529,0.9915903210639954,0.4580558240413666,0.49762725830078125,0.9738896489143372,0.0
156,,,,,,,,,,,,,,,,,,,-31.046728134155273,9.999999747378752e-06,-0.03890928253531456,0.026691509410738945,,,,,,,,,,,,,,3.7908437252044678,0.015641212463378906,50.0,0.08299291878938675,150.0,31.612516403198242,-0.04374368116259575,1.4937028884887695,0.0,0.0,0.9489281177520752,0.9537236094474792,0.9624611735343933,0.9939982295036316,0.4713008403778076,0.4988020360469818,0.9827105402946472,0.0
157,-0.04389763996005058,1.5410785675048828,0.0,3.217737913131714,0.9526875019073486,0.9621110558509827,0.9619567394256592,0.9942753911018372,0.4705348014831543,0.49873629212379456,0.9826347231864929,0.0,0.0,0.0,0.0,0.0,0.0,1.0,-31.04229164123535,9.999999747378752e-06,-0.0371413454413414,0.02818957343697548,0.1791967749595642,0.054154857993125916,0.009637966752052307,0.12339148670434952,0.09814542531967163,0.050035152584314346,0.021188383921980858,0.08021225780248642,0.1662558913230896,0.28542032837867737,0.0,0.0,0.0,4.0022101402282715,0.01587986946105957,47.0,0.08299907296895981,150.0,31.612947463989258,-0.04162554815411568,1.7360931634902954,0.0,2.6005129074631144e-27,0.9859619736671448,0.9875360131263733,0.9831175804138184,0.9974175095558167,0.488116592168808,0.4991627037525177,0.9911815524101257,0.0
158,,,,,,,,,,,,,,,,,,,-31.041929244995117,9.999999747378752e-06,-0.027096029371023178,0.31250810623168945,,,,,,,,,,,,,,4.1817708015441895,0.015847206115722656,45.0,0.08300134539604187,150.0,31.61249351501465,-0.04281482473015785,1.8417669534683228,0.0,2.516559362411499,0.9798252582550049,0.9858665466308594,0.989467442035675,0.9986709952354431,0.4914968013763428,0.49963632225990295,0.9940623641014099,0.0
159,,,,,,,,,,,,,,,,,,,-31.038728713989258,9.999999747378752e-06,-0.04366706684231758,1.4374972581863403,,,,,,,,,,,,,,3.792656183242798,0.015909671783447266,50.0,0.083016537129879,150.0,31.612348556518555,-0.04335283860564232,1.6178245544433594,0.0,7.566396236419678,0.9449498057365417,0.9640530943870544,0.9648618698120117,0.9954505562782288,0.4706825315952301,0.49919500946998596,0.9832736849784851,0.0
160,,,,,,,,,,,,,,,,,,,-31.03177261352539,9.999999747378752e-06,-0.04264192655682564,0.48041507601737976,,,,,,,,,,,,,,3.744102954864502,0.016670942306518555,51.0,0.08303693681955338,150.0,31.612348556518555,-0.0433737151324749,1.3143383264541626,0.0,5.010644912719727,0.9243138432502747,0.9367828965187073,0.9309646487236023,0.9891050457954407,0.4450189173221588,0.49840793013572693,0.9722726941108704,0.0
161,,,,,,,,,,,,,,,,,,,-31.02959442138672,9.999999747378752e-06,-0.03803590312600136,0.31245940923690796,,,,,,,,,,,,,,3.605679988861084,0.0167081356048584,53.0,0.08302833139896393,150.0,31.612348556518555,-0.041444990783929825,1.3177775144577026,0.0,2.5221762657165527,0.9342907071113586,0.9466800689697266,0.9474284648895264,0.992103099822998,0.46184632182121277,0.4976845681667328,0.9750846028327942,0.0
162,,,,,,,,,,,,,,,,,,,-31.032487869262695,9.999999747378752e-06,-0.027855293825268745,0.12395776063203812,,,,,,,,,,,,,,3.7226932048797607,0.015851974487304688,51.0,0.0830218642950058,150.0,31.61297607421875,-0.04167710244655609,1.3881956338882446,0.0,2.5162360668182373,0.9471486210823059,0.9539725184440613,0.9529602527618408,0.9925398230552673,0.4638442099094391,0.4987032413482666,0.9787018895149231,0.0
163,,,,,,,,,,,,,,,,,,,-31.032062530517578,9.999999747378752e-06,-0.0332280658185482,0.03047746606171131,,,,,,,,,,,,,,3.96573805809021,0.015887022018432617,48.0,0.08303072303533554,150.0,31.61432647705078,-0.04219735786318779,1.720375418663025,0.0,9.8836383285758e-41,0.9757201075553894,0.9779134392738342,0.9824005961418152,0.9972570538520813,0.48749518394470215,0.49908819794654846,0.9907053112983704,0.0
164,,,,,,,,,,,,,,,,,,,-31.03099250793457,9.999999747378752e-06,-0.03496316075325012,0.13991054892539978,,,,,,,,,,,,,,4.1828131675720215,0.015698909759521484,45.0,0.08302237093448639,150.0,31.6146240234375,-0.04297216609120369,1.796843409538269,0.0,0.0018668239936232567,0.9851487278938293,0.9895126223564148,0.9880018830299377,0.9983091354370117,0.49072790145874023,0.49958038330078125,0.9935507774353027,0.0
165,,,,,,,,,,,,,,,,,,,-31.03432846069336,9.999999747378752e-06,-0.04983257129788399,0.7471031546592712,,,,,,,,,,,,,,3.9589459896087646,0.015900135040283203,48.0,0.08302337676286697,150.0,31.61382484436035,-0.04303090274333954,1.7085033655166626,0.0,5.028660297393799,0.9621617197990417,0.9751991629600525,0.9737346768379211,0.9964494705200195,0.47789254784584045,0.4993880093097687,0.9879791140556335,0.0
166,,,,,,,,,,,,,,,,,,,-31.030622482299805,9.999999747378752e-06,-0.0424407459795475,0.49999862909317017,,,,,,,,,,,,,,3.4916832447052,0.015831947326660156,54.0,0.08303707093000412,150.0,31.61382484436035,-0.042317356914281845,1.3386198282241821,0.0,7.553380966186523,0.9237568974494934,0.9413480758666992,0.9309160113334656,0.9897130131721497,0.4437694251537323,0.49862048029899597,0.9713327884674072,0.0
167,,,,,,,,,,,,,,,,,,,-31.02598762512207,9.999999747378752e-06,-0.043723177164793015,0.5002401471138,,,,,,,,,,,,,,3.5733530521392822,0.015763044357299805,53.0,0.08305959403514862,150.0,31.61382484436035,-0.04204156622290611,1.3507972955703735,0.0,5.011531352996826,0.9295616149902344,0.9402405619621277,0.9512355923652649,0.9926797747612,0.4653186500072479,0.49761632084846497,0.9771223068237305,0.0
168,,,,,,,,,,,,,,,,,,,-31.01702880859375,9.999999747378752e-06,-0.031010081991553307,0.12406821548938751,,,,,,,,,,,,,,3.643136978149414,0.015659093856811523,52.0,0.08308438956737518,150.0,31.613006591796875,-0.04163479059934616,1.3729337453842163,0.0,2.5171821117401123,0.9420931935310364,0.9511537551879883,0.9483191967010498,0.991900622844696,0.4597811698913574,0.49835193157196045,0.9760096669197083,0.0
169,,,,,,,,,,,,,,,,,,,-31.007692337036133,9.999999747378752e-06,-0.031959809362888336,0.023883990943431854,,,,,,,,,,,,,,3.924989938735962,0.016568899154663086,48.0,0.08311034739017487,150.0,31.613788604736328,-0.04408197104930878,1.6062273979187012,0.0,0.0,0.9692952632904053,0.9721961617469788,0.976266086101532,0.9962621331214905,0.4833654463291168,0.498888224363327,0.9881632328033447,0.0
170,,,,,,,,,,,,,,,,,,,-31.00196075439453,9.999999747378752e-06,-0.026643669232726097,0.2084892988204956,,,,,,,,,,,,,,4.181852340698242,0.015793800354003906,45.0,0.08311314135789871,150.0,31.61369514465332,-0.04222562909126282,1.844903588294983,0.0,3.531324885286402e-11,0.9861941337585449,0.9882187247276306,0.9900131821632385,0.9984736442565918,0.49200043082237244,0.4995412528514862,0.9942588806152344,0.0
171,,,,,,,,,,,,,,,,,,,-31.001489639282227,9.999999747378752e-06,-0.03310631588101387,0.4815685451030731,,,,,,,,,,,,,,4.068675994873047,0.015779972076416016,47.0,0.0831197202205658,150.0,31.614482879638672,-0.04371004179120064,1.7382235527038574,0.0,2.511246919631958,0.9739709496498108,0.9831444621086121,0.97830730676651,0.9969814419746399,0.48227807879447937,0.499529093503952,0.9899770617485046,0.0
172,,,,,,,,,,,,,,,,,,,-30.99789810180664,9.999999747378752e-06,-0.0413464717566967,0.6146653890609741,,,,,,,,,,,,,,3.574641227722168,0.015750885009765625,53.0,0.08313151448965073,150.0,31.614482879638672,-0.04347969964146614,1.4176946878433228,0.0,10.047484397888184,0.9238645434379578,0.9446492791175842,0.9417294859886169,0.9918425679206848,0.4516104757785797,0.4988153874874115,0.9745427966117859,0.0
173,,,,,,,,,,,,,,,,,,,-30.993764877319336,9.999999747378752e-06,-0.04299943149089813,0.24833425879478455,,,,,,,,,,,,,,3.576382875442505,0.01623988151550293,53.0,0.0831451416015625,150.0,31.614482879638672,-0.04167487844824791,1.312241792678833,0.0,2.5267274379730225,0.9328606128692627,0.9436991810798645,0.9415140748023987,0.9909083247184753,0.45755577087402344,0.49787017703056335,0.9745822548866272,0.0
174,,,,,,,,,,,,,,,,,,,-30.986236572265625,9.999999747378752e-06,-0.02993283048272133,0.2480224370956421,,,,,,,,,,,,,,3.6382699012756348,0.01641702651977539,52.0,0.08317609876394272,150.0,31.614139556884766,-0.0424891859292984,1.3993180990219116,0.0,5.021334171295166,0.9298114776611328,0.9414598345756531,0.9508771896362305,0.9926261901855469,0.46175944805145264,0.49816954135894775,0.9768713116645813,0.0
175,,,,,,,,,,,,,,,,,,,-30.975570678710938,9.999999747378752e-06,-0.03724577650427818,0.027402229607105255,,,,,,,,,,,,,,3.9398670196533203,0.015681982040405273,48.0,0.08320032060146332,150.0,31.61473846435547,-0.04386791214346886,1.5125821828842163,0.0,0.0,0.9659637808799744,0.968684196472168,0.9667133688926697,0.9945709705352783,0.47513148188591003,0.4987792670726776,0.9841780662536621,0.0
176,,,,,,,,,,,,,,,,,,,-30.97088623046875,9.999999747378752e-06,-0.031106945127248764,0.042404212057590485,,,,,,,,,,,,,,4.168664932250977,0.02188897132873535,45.0,0.08320392668247223,150.0,31.616289138793945,-0.04312954470515251,1.810914397239685,0.0,1.215543525733808e-20,0.9841761589050293,0.9862155914306641,0.9892563223838806,0.9983531832695007,0.4926269054412842,0.4993934631347656,0.994192898273468,0.0
177,,,,,,,,,,,,,,,,,,,-30.970651626586914,9.999999747378752e-06,-0.021723462268710136,0.32280096411705017,,,,,,,,,,,,,,4.190661907196045,0.015879154205322266,45.0,0.08319670706987381,150.0,31.615875244140625,-0.044048044830560684,1.8005014657974243,0.0,2.5143117904663086,0.9776449203491211,0.9842860102653503,0.9850648045539856,0.998073160648346,0.4874688684940338,0.4996403753757477,0.9922316670417786,0.0
178,,,,,,,,,,,,,,,,,,,-30.972768783569336,9.999999747378752e-06,-0.03597470372915268,0.6032529473304749,,,,,,,,,,,,,,3.6669819355010986,0.0160369873046875,52.0,0.08319932222366333,150.0,31.615875244140625,-0.04413985833525658,1.5227104425430298,0.0,10.055146217346191,0.9325496554374695,0.9543330669403076,0.9542563557624817,0.9939389228820801,0.46163830161094666,0.49893736839294434,0.9788391590118408,0.0
179,,,,,,,,,,,,,,,,,,,-30.97077751159668,9.999999747378752e-06,-0.03975648432970047,0.2609402537345886,,,,,,,,,,,,,,3.5598349571228027,0.01593494415283203,53.0,0.0832032859325409,150.0,31.615875244140625,-0.04045901447534561,1.3150273561477661,0.0,2.5174057483673096,0.929839551448822,0.940697193145752,0.937304675579071,0.9900417327880859,0.4531528949737549,0.4982336461544037,0.9737271666526794,0.0
180,,,,,,,,,,,,,,,,,,,-30.970983505249023,9.999999747378752e-06,-0.034201063215732574,0.2561030387878418,,,,,,,,,,,,,,3.524515151977539,0.01554417610168457,54.0,0.08320225030183792,150.0,31.616731643676758,-0.04472837224602699,1.3192657232284546,0.0,5.03742790222168,0.9369526505470276,0.949303388595581,0.9450530409812927,0.9917917251586914,0.45874086022377014,0.4978010952472687,0.9743757247924805,0.0
181,,,,,,,,,,,,,,,,,,,-30.969722747802734,9.999999747378752e-06,-0.04553794115781784,0.020896950736641884,,,,,,,,,,,,,,3.801608085632324,0.015780925750732422,50.0,0.0832105427980423,150.0,31.61695671081543,-0.04253378510475159,1.5016416311264038,0.0,0.0,0.9494853019714355,0.9546759724617004,0.962894856929779,0.9941498637199402,0.47192397713661194,0.4989268481731415,0.9830909371376038,0.0
182,-0.04362247884273529,1.5466054677963257,0.0,3.2197391986846924,0.9527788758277893,0.9623627066612244,0.9624224305152893,0.9944121241569519,0.471131831407547,0.49879470467567444,0.9826479554176331,0.0,0.0,0.0,0.0,0.0,0.0,1.0,-30.9642333984375,9.999999747378752e-06,-0.02849736250936985,0.016446735709905624,0.13809074461460114,0.05665752291679382,0.009058657102286816,0.12290644645690918,0.10154735296964645,0.05014568194746971,0.021199554204940796,0.07965034246444702,0.1662093549966812,0.29446712136268616,0.0,0.0,0.0,4.007342338562012,0.015812158584594727,47.0,0.08323808759450912,150.0,31.617891311645508,-0.04252346232533455,1.750199317932129,0.0,2.7488226095045534e-27,0.986268937587738,0.9876008033752441,0.9837334752082825,0.9975226521492004,0.48860350251197815,0.4991587698459625,0.991485595703125,0.0
183,,,,,,,,,,,,,,,,,,,-30.953763961791992,9.999999747378752e-06,-0.03384597599506378,0.1909661740064621,,,,,,,,,,,,,,4.178730010986328,0.01613593101501465,45.0,0.08326230943202972,150.0,31.61870765686035,-0.04115767404437065,1.8344286680221558,0.0,2.517896890640259,0.9798153042793274,0.9858070015907288,0.989429235458374,0.9986863136291504,0.4911845922470093,0.4996218681335449,0.9940764904022217,0.0
184,,,,,,,,,,,,,,,,,,,-30.94911766052246,9.999999747378752e-06,-0.042570896446704865,0.9139240384101868,,,,,,,,,,,,,,3.796746015548706,0.016003131866455078,50.0,0.08326560258865356,150.0,31.619754791259766,-0.044960420578718185,1.6261157989501953,0.0,7.539448261260986,0.9458691477775574,0.9641785025596619,0.9654747843742371,0.9956002831459045,0.47120121121406555,0.49918901920318604,0.9833321571350098,0.0
185,,,,,,,,,,,,,,,,,,,-30.947511672973633,9.999999747378752e-06,-0.0341801643371582,0.32941755652427673,,,,,,,,,,,,,,3.561884880065918,0.015820980072021484,53.0,0.0832732617855072,150.0,31.619754791259766,-0.042304474860429764,1.338528037071228,0.0,5.022743225097656,0.9264554977416992,0.9381885528564453,0.9315844178199768,0.9893582463264465,0.4458279609680176,0.49835801124572754,0.9722515940666199,0.0
186,,,,,,,,,,,,,,,,,,,-30.9439754486084,9.999999747378752e-06,-0.04030531272292137,0.16666848957538605,,,,,,,,,,,,,,3.5051651000976562,0.01568889617919922,54.0,0.08328413963317871,150.0,31.619754791259766,-0.04265836998820305,1.311570167541504,0.0,2.5144784450531006,0.9344640374183655,0.9464649558067322,0.9465587735176086,0.9920403361320496,0.46123170852661133,0.4976378381252289,0.9746570587158203,0.0
187,,,,,,,,,,,,,,,,,,,-30.939739227294922,1.4999999621068127e-05,-0.029105471447110176,0.10394328832626343,,,,,,,,,,,,,,3.6856160163879395,0.015808820724487305,51.0,0.08330316841602325,150.0,31.62010955810547,-0.04201773926615715,1.3940008878707886,0.0,2.515690565109253,0.9476208686828613,0.9543588757514954,0.9528414607048035,0.9925304055213928,0.4641455113887787,0.49851545691490173,0.9786435961723328,0.0
188,,,,,,,,,,,,,,,,,,,-30.938575744628906,9.999999747378752e-06,-0.03788114711642265,0.019014611840248108,,,,,,,,,,,,,,3.970440149307251,0.0159609317779541,48.0,0.08328639715909958,150.0,31.62098503112793,-0.04156194254755974,1.7236371040344238,0.0,1.0430705249048208e-40,0.9758221507072449,0.9781246781349182,0.9820959568023682,0.9972570538520813,0.4872554540634155,0.49911078810691833,0.9906948208808899,0.0
189,,,,,,,,,,,,,,,,,,,-30.94243049621582,9.999999747378752e-06,-0.03565383329987526,0.06341169029474258,,,,,,,,,,,,,,4.211118698120117,0.016854047775268555,45.0,0.08328567445278168,150.0,31.621326446533203,-0.04396750032901764,1.799991488456726,0.0,0.0019036225276067853,0.9862268567085266,0.9901822209358215,0.9882988929748535,0.9983735680580139,0.4910316467285156,0.4996126592159271,0.993684709072113,0.0
190,,,,,,,,,,,,,,,,,,,-30.94099235534668,9.999999747378752e-06,-0.03775353729724884,0.36313214898109436,,,,,,,,,,,,,,4.096324920654297,0.02131795883178711,46.0,0.08329722285270691,150.0,31.621883392333984,-0.043901022523641586,1.7147475481033325,0.0,5.034285068511963,0.962299644947052,0.9754903316497803,0.9733967781066895,0.9964043498039246,0.47796908020973206,0.499451607465744,0.9878053665161133,0.0
191,,,,,,,,,,,,,,,,,,,-30.933746337890625,9.999999747378752e-06,-0.04124145209789276,0.34746065735816956,,,,,,,,,,,,,,3.5225558280944824,0.0195159912109375,54.0,0.08332628756761551,150.0,31.621883392333984,-0.04394422098994255,1.3480380773544312,0.0,7.5545573234558105,0.923572301864624,0.9414229393005371,0.9318364262580872,0.9899232983589172,0.44451722502708435,0.49865198135375977,0.9713996052742004,0.0
192,,,,,,,,,,,,,,,,,,,-30.92569351196289,9.999999747378752e-06,-0.04594368860125542,0.2551976144313812,,,,,,,,,,,,,,3.522981882095337,0.015841960906982422,54.0,0.08334439247846603,150.0,31.621883392333984,-0.042646925896406174,1.3624979257583618,0.0,5.014556407928467,0.9305076599121094,0.940771758556366,0.9501481056213379,0.9926066994667053,0.46379613876342773,0.497745156288147,0.9768074154853821,0.0
193,,,,,,,,,,,,,,,,,,,-30.91608428955078,9.999999747378752e-06,-0.037510666996240616,0.10310506075620651,,,,,,,,,,,,,,3.659360885620117,0.016398191452026367,52.0,0.08338551223278046,150.0,31.622207641601562,-0.0430477112531662,1.3799948692321777,0.0,2.512552499771118,0.9430264830589294,0.9524862170219421,0.9491861462593079,0.9920821785926819,0.46070459485054016,0.4982825219631195,0.9763038754463196,0.0
194,,,,,,,,,,,,,,,,,,,-30.902538299560547,9.999999747378752e-06,-0.03780459240078926,0.023882288485765457,,,,,,,,,,,,,,3.943795919418335,0.016357898712158203,48.0,0.0834156796336174,150.0,31.624061584472656,-0.04351526498794556,1.6046897172927856,0.0,0.0,0.9694215655326843,0.9723448753356934,0.9755842685699463,0.9961366653442383,0.48242130875587463,0.4989563524723053,0.98797607421875,0.0
195,,,,,,,,,,,,,,,,,,,-30.89632225036621,9.999999747378752e-06,-0.02194773405790329,0.08267754316329956,,,,,,,,,,,,,,4.233161926269531,0.01569199562072754,45.0,0.08342496305704117,150.0,31.625425338745117,-0.0411781370639801,1.8418883085250854,0.0,4.162899538973086e-11,0.9864888787269592,0.988473117351532,0.9899673461914062,0.9984722137451172,0.4923337399959564,0.49957120418548584,0.9942005276679993,0.0
196,,,,,,,,,,,,,,,,,,,-30.89569854736328,9.999999747378752e-06,-0.038753166794776917,0.2686503231525421,,,,,,,,,,,,,,4.152646064758301,0.016119956970214844,46.0,0.08341456204652786,150.0,31.626007080078125,-0.04414604976773262,1.7474795579910278,0.0,2.509972333908081,0.9737542271614075,0.9829466938972473,0.9779977202415466,0.9969941973686218,0.4817935526371002,0.49955275654792786,0.98980313539505,0.0
197,,,,,,,,,,,,,,,,,,,-30.90186882019043,9.999999747378752e-06,-0.02867232821881771,0.37281984090805054,,,,,,,,,,,,,,3.5565989017486572,0.01594400405883789,53.0,0.08339431136846542,150.0,31.626007080078125,-0.043707508593797684,1.4060791730880737,0.0,10.059242248535156,0.9217274188995361,0.9427909851074219,0.938958466053009,0.9914560317993164,0.44866931438446045,0.498739093542099,0.973226010799408,0.0
198,,,,,,,,,,,,,,,,,,,-30.907106399536133,1.4999999621068127e-05,-0.043471988290548325,0.17076602578163147,,,,,,,,,,,,,,3.597352981567383,0.015794992446899414,53.0,0.08338379859924316,150.0,31.626007080078125,-0.04239041730761528,1.2913964986801147,0.0,2.5226242542266846,0.9328722357749939,0.9431848526000977,0.9398958683013916,0.9906509518623352,0.45615729689598083,0.4975264072418213,0.9733932018280029,0.0
199,,,,,,,,,,,,,,,,,,,-30.910860061645508,9.999999747378752e-06,-0.034507203847169876,0.16990859806537628,,,,,,,,,,,,,,3.549355983734131,0.015811681747436523,53.0,0.08337537944316864,150.0,31.62489891052246,-0.04218408465385437,1.385471224784851,0.0,5.01436185836792,0.930371105670929,0.9419535994529724,0.9503498673439026,0.9925643801689148,0.46121740341186523,0.4981161653995514,0.9766116142272949,0.0
200,,,,,,,,,,,,,,,,,,,-30.91623306274414,9.999999747378752e-06,-0.035477638244628906,0.02330351620912552,,,,,,,,,,,,,,3.9164469242095947,0.016875028610229492,48.0,0.08334747701883316,150.0,31.62483024597168,-0.04313391447067261,1.5112195014953613,0.0,0.0,0.9651813507080078,0.9686005711555481,0.9658036828041077,0.9945108294487,0.47458910942077637,0.49882936477661133,0.983738899230957,0.0
201,,,,,,,,,,,,,,,,,,,-30.924652099609375,9.999999747378752e-06,-0.02780980058014393,0.02729024365544319,,,,,,,,,,,,,,4.143132209777832,0.01573801040649414,46.0,0.08333470672369003,150.0,31.625255584716797,-0.040535058826208115,1.8129987716674805,0.0,1.2927847466052148e-20,0.9838919639587402,0.9859197735786438,0.988792359828949,0.9983097910881042,0.4922288954257965,0.4993872344493866,0.9938929677009583,0.0
202,,,,,,,,,,,,,,,,,,,-30.924911499023438,9.999999747378752e-06,-0.03114963136613369,0.18353989720344543,,,,,,,,,,,,,,4.21245002746582,0.015764951705932617,45.0,0.08334729075431824,150.0,31.624595642089844,-0.04361182451248169,1.801600456237793,0.0,2.5162713527679443,0.9766137003898621,0.9835164546966553,0.9849498867988586,0.9980992674827576,0.48729193210601807,0.4996403157711029,0.9921733736991882,0.0
203,,,,,,,,,,,,,,,,,,,-30.919408798217773,9.999999747378752e-06,-0.04078076034784317,0.359890341758728,,,,,,,,,,,,,,3.6621310710906982,0.01585221290588379,52.0,0.08336629718542099,150.0,31.624595642089844,-0.04264743998646736,1.5100873708724976,0.0,10.07335376739502,0.9304888844490051,0.9521268010139465,0.9519787430763245,0.9936723709106445,0.4590347707271576,0.49891528487205505,0.9776008725166321,0.0
204,,,,,,,,,,,,,,,,,,,-30.91278076171875,9.999999747378752e-06,-0.040469810366630554,0.13750874996185303,,,,,,,,,,,,,,3.5544891357421875,0.016014814376831055,53.0,0.08337949216365814,150.0,31.624595642089844,-0.043771255761384964,1.3191206455230713,0.0,2.521111011505127,0.9295375347137451,0.9401077628135681,0.9356210231781006,0.9897005558013916,0.451903373003006,0.4980142116546631,0.9732101559638977,0.0
205,,,,,,,,,,,,,,,,,,,-30.91390609741211,9.999999747378752e-06,-0.0314159132540226,0.18493160605430603,,,,,,,,,,,,,,3.5067832469940186,0.015786170959472656,54.0,0.08336474001407623,150.0,31.624557495117188,-0.042682189494371414,1.295153021812439,0.0,5.0229597091674805,0.93662428855896,0.9489914774894714,0.943739116191864,0.9916054606437683,0.45801472663879395,0.49774643778800964,0.973802387714386,0.0
206,,,,,,,,,,,,,,,,,,,-30.915321350097656,9.999999747378752e-06,-0.041362714022397995,0.02262161858379841,,,,,,,,,,,,,,3.7825939655303955,0.015839815139770508,50.0,0.08337552845478058,150.0,31.624176025390625,-0.041698817163705826,1.5016565322875977,0.0,0.0,0.94950270652771,0.9546238780021667,0.963122546672821,0.9941737055778503,0.4721735417842865,0.49887099862098694,0.9829330444335938,0.0
207,-0.04302546754479408,1.5475577116012573,0.0,3.2261087894439697,0.9531478881835938,0.9623475074768066,0.9618396162986755,0.9943416714668274,0.4706171452999115,0.4987872540950775,0.9824457764625549,0.0,0.0,0.0,0.0,0.0,0.0,1.0,-30.911684036254883,9.999999747378752e-06,-0.034534554928541183,0.017196541652083397,0.14138777554035187,0.05813296139240265,0.009463313035666943,0.12097547203302383,0.10007473081350327,0.0509418286383152,0.021120579913258553,0.08025018125772476,0.1682918518781662,0.3248739540576935,0.0,0.0,0.0,4.055018424987793,0.016859769821166992,47.0,0.08338327705860138,150.0,31.62602424621582,-0.04394056275486946,1.741191029548645,0.0,2.6620519543831253e-27,0.9858883023262024,0.9874137043952942,0.9833288788795471,0.9974823594093323,0.48820796608924866,0.499152272939682,0.9912610650062561,0.0
208,,,,,,,,,,,,,,,,,,,-30.908151626586914,9.999999747378752e-06,-0.02487533539533615,0.10229682177305222,,,,,,,,,,,,,,4.16971492767334,0.015774011611938477,45.0,0.08339807391166687,150.0,31.627197265625,-0.04264755919575691,1.8322391510009766,0.0,2.5077316761016846,0.9791139960289001,0.9852685332298279,0.9886911511421204,0.9986276030540466,0.4906293451786041,0.49960049986839294,0.9936720728874207,0.0
209,,,,,,,,,,,,,,,,,,,-30.90460777282715,9.999999747378752e-06,-0.03563530743122101,0.6309958100318909,,,,,,,,,,,,,,3.7649078369140625,0.015881061553955078,50.0,0.08340255916118622,150.0,31.627429962158203,-0.045491982251405716,1.6164188385009766,0.0,7.548351287841797,0.9443294405937195,0.9632189273834229,0.964111328125,0.9954514503479004,0.46952858567237854,0.49912890791893005,0.9828212261199951,0.0
210,,,,,,,,,,,,,,,,,,,-30.905792236328125,9.999999747378752e-06,-0.03694640100002289,0.20364102721214294,,,,,,,,,,,,,,3.5366179943084717,0.020326852798461914,53.0,0.08339035511016846,150.0,31.627429962158203,-0.04328180477023125,1.3257343769073486,0.0,5.024594783782959,0.9256608486175537,0.9379236102104187,0.9315107464790344,0.9894566535949707,0.44530749320983887,0.49832621216773987,0.9718406796455383,0.0
211,,,,,,,,,,,,,,,,,,,-30.909910202026367,9.999999747378752e-06,-0.03903094679117203,0.11247744411230087,,,,,,,,,,,,,,3.4924590587615967,0.01620793342590332,54.0,0.08338509500026703,150.0,31.627429962158203,-0.042193133383989334,1.304284691810608,0.0,2.5193684101104736,0.9337617754936218,0.9465177059173584,0.9456068873405457,0.9919731020927429,0.46002063155174255,0.4974919855594635,0.9737520813941956,0.0
212,,,,,,,,,,,,,,,,,,,-30.906347274780273,9.999999747378752e-06,-0.02757679484784603,0.07866746187210083,,,,,,,,,,,,,,3.660109043121338,0.015745162963867188,52.0,0.0834106057882309,150.0,31.626419067382812,-0.04275893047451973,1.4048768281936646,0.0,2.5108983516693115,0.9483980536460876,0.9548038840293884,0.9526512622833252,0.9925015568733215,0.46351489424705505,0.4984950125217438,0.9785392880439758,0.0
213,,,,,,,,,,,,,,,,,,,-30.898595809936523,9.999999747378752e-06,-0.03260631486773491,0.014186782762408257,,,,,,,,,,,,,,3.981581211090088,0.01574397087097168,48.0,0.08342604339122772,150.0,31.627498626708984,-0.0433582067489624,1.7304178476333618,0.0,1.11614823981936e-40,0.9771872162818909,0.9793357849121094,0.9827529788017273,0.9973222613334656,0.48775362968444824,0.49909961223602295,0.990833044052124,0.0
214,,,,,,,,,,,,,,,,,,,-30.88982582092285,9.999999747378752e-06,-0.031224938109517097,0.03303894028067589,,,,,,,,,,,,,,4.196281433105469,0.0156857967376709,45.0,0.08346423506736755,150.0,31.629348754882812,-0.041313644498586655,1.7969995737075806,0.0,0.001796291209757328,0.985015332698822,0.9895668625831604,0.9879172444343567,0.9983183741569519,0.49077513813972473,0.49959418177604675,0.9934391975402832,0.0
215,,,,,,,,,,,,,,,,,,,-30.877944946289062,9.999999747378752e-06,-0.029361542314291,0.1944168657064438,,,,,,,,,,,,,,3.9975690841674805,0.015792131423950195,47.0,0.08348793536424637,150.0,31.62972068786621,-0.04383675381541252,1.7049751281738281,0.0,5.0486674308776855,0.960618793964386,0.9742357134819031,0.9726002812385559,0.996357262134552,0.47708752751350403,0.4994112551212311,0.9873868823051453,0.0
216,,,,,,,,,,,,,,,,,,,-30.87046241760254,9.999999747378752e-06,-0.034283727407455444,0.23377826809883118,,,,,,,,,,,,,,3.4581408500671387,0.01588296890258789,55.0,0.08351363241672516,150.0,31.62972068786621,-0.04435695335268974,1.332587480545044,0.0,7.558115482330322,0.9225708842277527,0.940638542175293,0.9288678765296936,0.9895643591880798,0.4417993724346161,0.4985560476779938,0.9702746272087097,0.0
217,,,,,,,,,,,,,,,,,,,-30.859390258789062,9.999999747378752e-06,-0.03592285141348839,0.1559293121099472,,,,,,,,,,,,,,3.530019998550415,0.015791893005371094,54.0,0.08355113863945007,150.0,31.62972068786621,-0.04326876997947693,1.3670498132705688,0.0,5.022182941436768,0.9304063320159912,0.9412925243377686,0.9504966139793396,0.9926989674568176,0.4637664556503296,0.4975091516971588,0.9765849709510803,0.0
218,,,,,,,,,,,,,,,,,,,-30.848539352416992,9.999999747378752e-06,-0.03342299535870552,0.06631014496088028,,,,,,,,,,,,,,3.601846933364868,0.015850067138671875,53.0,0.08357439190149307,150.0,31.630050659179688,-0.0426379032433033,1.3612006902694702,0.0,2.512251377105713,0.942209780216217,0.952152669429779,0.9476189613342285,0.9919650554656982,0.4590695798397064,0.49821487069129944,0.9752843976020813,0.0
219,,,,,,,,,,,,,,,,,,,-30.840045928955078,9.999999747378752e-06,-0.03912633657455444,0.016949661076068878,,,,,,,,,,,,,,3.8494808673858643,0.01592397689819336,49.0,0.08359935134649277,150.0,31.63091468811035,-0.04391346499323845,1.6217559576034546,0.0,0.0,0.970156729221344,0.9727590680122375,0.9762066006660461,0.9962326884269714,0.4823695123195648,0.49880215525627136,0.9880990982055664,0.0
220,,,,,,,,,,,,,,,,,,,-30.8330078125,9.999999747378752e-06,-0.03036520816385746,0.026833992451429367,,,,,,,,,,,,,,4.159197807312012,0.01599431037902832,45.0,0.08361266553401947,150.0,31.630840301513672,-0.04114770516753197,1.8243974447250366,0.0,4.3268527649686916e-11,0.9864206314086914,0.9890244603157043,0.9888358116149902,0.9983639717102051,0.49162307381629944,0.49941837787628174,0.9937869906425476,0.0
221,,,,,,,,,,,,,,,,,,,-30.82962989807129,9.999999747378752e-06,-0.0358995757997036,0.1260264813899994,,,,,,,,,,,,,,4.028385162353516,0.015691041946411133,47.0,0.08361632376909256,150.0,31.63146209716797,-0.04664871096611023,1.7519639730453491,0.0,2.5057990550994873,0.9740786552429199,0.9834486842155457,0.9785253405570984,0.9970971941947937,0.48207536339759827,0.49950528144836426,0.9898857474327087,0.0
222,,,,,,,,,,,,,,,,,,,-30.82901382446289,9.999999747378752e-06,-0.03184817358851433,0.2339121401309967,,,,,,,,,,,,,,3.4941930770874023,0.015697956085205078,54.0,0.08362025767564774,150.0,31.63146209716797,-0.04430652782320976,1.416786789894104,0.0,10.05933952331543,0.9234476089477539,0.9446647763252258,0.9397449493408203,0.9917100071907043,0.4492570459842682,0.4987647533416748,0.9734521508216858,0.0
223,,,,,,,,,,,,,,,,,,,-30.825557708740234,1.4999999621068127e-05,-0.039135560393333435,0.1193997859954834,,,,,,,,,,,,,,3.6987757682800293,0.021214962005615234,51.0,0.08364027738571167,150.0,31.63146209716797,-0.042689140886068344,1.307586431503296,0.0,2.5184881687164307,0.9328909516334534,0.9437308311462402,0.940864086151123,0.9908876419067383,0.45654401183128357,0.4974987506866455,0.9737351536750793,0.0
224,,,,,,,,,,,,,,,,,,,-30.816667556762695,9.999999747378752e-06,-0.032812848687171936,0.13349197804927826,,,,,,,,,,,,,,3.6468451023101807,0.016131877899169922,52.0,0.08367186039686203,150.0,31.63104248046875,-0.045733675360679626,1.3868507146835327,0.0,5.021580696105957,0.9309317469596863,0.94289231300354,0.9498249888420105,0.9925661087036133,0.46060577034950256,0.4978243112564087,0.9761925339698792,0.0
225,,,,,,,,,,,,,,,,,,,-30.80742835998535,9.999999747378752e-06,-0.03348354250192642,0.015219672583043575,,,,,,,,,,,,,,3.7996301651000977,0.01638197898864746,50.0,0.08369110524654388,150.0,31.632352828979492,-0.045418668538331985,1.5038461685180664,0.0,0.0,0.9661960005760193,0.969432532787323,0.9654256701469421,0.9944979548454285,0.473099946975708,0.49854040145874023,0.9832295775413513,0.0
226,,,,,,,,,,,,,,,,,,,-30.79886817932129,9.999999747378752e-06,-0.027574095875024796,0.02201273664832115,,,,,,,,,,,,,,3.9552788734436035,0.015867233276367188,48.0,0.0837264433503151,150.0,31.6314754486084,-0.04276188090443611,1.7885761260986328,0.0,1.3221959449222333e-20,0.9838624596595764,0.9868118166923523,0.9872389435768127,0.9980773329734802,0.4908479154109955,0.49909600615501404,0.9931038022041321,0.0
227,,,,,,,,,,,,,,,,,,,-30.78716278076172,9.999999747378752e-06,-0.026803644374012947,0.11053995043039322,,,,,,,,,,,,,,4.1536407470703125,0.015834808349609375,46.0,0.08375877141952515,150.0,31.628952026367188,-0.044281184673309326,1.7976365089416504,0.0,2.51627516746521,0.9769840836524963,0.9837405681610107,0.9842844605445862,0.99798983335495,0.48613741993904114,0.4995441436767578,0.9916908740997314,0.0
228,,,,,,,,,,,,,,,,,,,-30.77802085876465,9.999999747378752e-06,-0.0351330041885376,0.2529122233390808,,,,,,,,,,,,,,3.5895190238952637,0.015790939331054688,53.0,0.08378200978040695,150.0,31.628952026367188,-0.04654741287231445,1.5206403732299805,0.0,10.066466331481934,0.9303598999977112,0.9528985023498535,0.952183723449707,0.9938521385192871,0.45911118388175964,0.4988265037536621,0.9775461554527283,0.0
229,,,,,,,,,,,,,,,,,,,-30.769933700561523,9.999999747378752e-06,-0.03484882041811943,0.08529345691204071,,,,,,,,,,,,,,3.5835611820220947,0.016651630401611328,53.0,0.08380533754825592,150.0,31.628952026367188,-0.04496346414089203,1.3220499753952026,0.0,2.518048048019409,0.9294460415840149,0.940229594707489,0.9353324770927429,0.9898438453674316,0.4501502215862274,0.497908353805542,0.973243236541748,0.0
230,,,,,,,,,,,,,,,,,,,-30.763275146484375,9.999999747378752e-06,-0.032673150300979614,0.13250631093978882,,,,,,,,,,,,,,3.4835011959075928,0.015748023986816406,54.0,0.08381784707307816,150.0,31.629344940185547,-0.04342685267329216,1.248731017112732,0.0,5.032963275909424,0.935745894908905,0.9498240947723389,0.9417209625244141,0.9914510846138,0.45634689927101135,0.49726083874702454,0.972419023513794,0.0
231,,,,,,,,,,,,,,,,,,,-30.760290145874023,9.999999747378752e-06,-0.03640945628285408,0.018525302410125732,,,,,,,,,,,,,,3.8063149452209473,0.015778779983520508,50.0,0.08382315188646317,150.0,31.629459381103516,-0.04228609800338745,1.5197277069091797,0.0,0.0,0.9507741928100586,0.9560076594352722,0.9625828266143799,0.9940322041511536,0.4704129695892334,0.49869170784950256,0.9823296666145325,0.0
232,-0.04461988806724548,1.5331443548202515,0.0,3.223560094833374,0.9528441429138184,0.9626543521881104,0.9609416127204895,0.9942453503608704,0.46920451521873474,0.4985511302947998,0.9819312691688538,0.0,0.0,0.0,0.0,0.0,0.0,1.0,-30.755849838256836,9.999999747378752e-06,-0.033096328377723694,0.015876054763793945,0.16018293797969818,0.05558943375945091,0.0097768884152174,0.12659357488155365,0.09803944826126099,0.04888343811035156,0.02189400978386402,0.0818488672375679,0.16912324726581573,0.2613521218299866,0.0,0.0,0.0,4.049924850463867,0.015900850296020508,47.0,0.0838436484336853,150.0,31.62860870361328,-0.04342673718929291,1.7307075262069702,0.0,3.1001014461530967e-27,0.9860615730285645,0.9877784848213196,0.982633113861084,0.9974424839019775,0.4880332946777344,0.49899816513061523,0.9907872676849365,0.0
233,,,,,,,,,,,,,,,,,,,-30.749187469482422,9.999999747378752e-06,-0.024623246863484383,0.06644737720489502,,,,,,,,,,,,,,4.22518253326416,0.015778064727783203,45.0,0.08385614305734634,150.0,31.62838363647461,-0.04415711387991905,1.8352336883544922,0.0,2.508477210998535,0.9798761010169983,0.9859104156494141,0.9886550903320312,0.9985801577568054,0.49054133892059326,0.4995202124118805,0.9937264323234558,0.0
234,,,,,,,,,,,,,,,,,,,-30.748382568359375,9.999999747378752e-06,-0.03504108265042305,0.43136948347091675,,,,,,,,,,,,,,3.795321226119995,0.015758991241455078,50.0,0.08384842425584793,150.0,31.629199981689453,-0.04515664651989937,1.612667202949524,0.0,7.574146270751953,0.9438104629516602,0.9634260535240173,0.9640730023384094,0.995457112789154,0.46929478645324707,0.4990324079990387,0.9824263453483582,0.0
235,,,,,,,,,,,,,,,,,,,-30.750865936279297,9.999999747378752e-06,-0.03584318608045578,0.15923118591308594,,,,,,,,,,,,,,3.481964111328125,0.01578998565673828,54.0,0.08384188264608383,150.0,31.629199981689453,-0.04490618780255318,1.32816481590271,0.0,5.032564163208008,0.9252764582633972,0.9378741383552551,0.9303901195526123,0.9893742203712463,0.444559246301651,0.49814078211784363,0.9714595675468445,0.0
236,,,,,,,,,,,,,,,,,,,-30.756494522094727,9.999999747378752e-06,-0.034727852791547775,0.06961710751056671,,,,,,,,,,,,,,3.4535608291625977,0.016331911087036133,55.0,0.08381319791078568,150.0,31.629199981689453,-0.04254533350467682,1.305206298828125,0.0,2.5138237476348877,0.9362171292304993,0.9484623074531555,0.946805477142334,0.9921495914459229,0.4611779749393463,0.49732843041419983,0.9742786884307861,0.0
237,,,,,,,,,,,,,,,,,,,-30.764320373535156,9.999999747378752e-06,-0.03301707282662392,0.061301376670598984,,,,,,,,,,,,,,3.713434934616089,0.01590275764465332,51.0,0.0838044136762619,150.0,31.628583908081055,-0.04168039560317993,1.4125499725341797,0.0,2.5125770568847656,0.9489720463752747,0.9559754729270935,0.9526349902153015,0.992541491985321,0.4639612138271332,0.49834227561950684,0.9783816337585449,0.0
238,,,,,,,,,,,,,,,,,,,-30.763307571411133,9.999999747378752e-06,-0.03170166164636612,0.013480385765433311,,,,,,,,,,,,,,4.015188217163086,0.029158830642700195,47.0,0.08381611108779907,150.0,31.629337310791016,-0.043593525886535645,1.7277721166610718,0.0,1.1984044596752268e-40,0.9768685698509216,0.9792526364326477,0.9822338223457336,0.9972760677337646,0.48760154843330383,0.49899277091026306,0.9904479384422302,0.0
239,,,,,,,,,,,,,,,,,,,-30.762893676757812,9.999999747378752e-06,-0.03183550015091896,0.02263123355805874,,,,,,,,,,,,,,4.264740943908691,0.016521930694580078,44.0,0.08380534499883652,150.0,31.63031005859375,-0.04337400197982788,1.7951792478561401,0.0,0.0018451454816386104,0.984592616558075,0.9893110394477844,0.9872730374336243,0.9982427954673767,0.49042215943336487,0.4995152950286865,0.9930909276008606,0.0
240,,,,,,,,,,,,,,,,,,,-30.76690673828125,9.999999747378752e-06,-0.037211380898952484,0.14290909469127655,,,,,,,,,,,,,,3.969180107116699,0.01573491096496582,48.0,0.0837966650724411,150.0,31.629796981811523,-0.04392528533935547,1.7020782232284546,0.0,5.041386604309082,0.9605022072792053,0.9745891690254211,0.9727994799613953,0.9963968396186829,0.4772076904773712,0.49936389923095703,0.9874816536903381,0.0
241,,,,,,,,,,,,,,,,,,,-30.769968032836914,9.999999747378752e-06,-0.03856820613145828,0.18701590597629547,,,,,,,,,,,,,,3.472404956817627,0.016238927841186523,55.0,0.08378908038139343,150.0,31.629796981811523,-0.043086856603622437,1.3493458032608032,0.0,7.5560302734375,0.9236235618591309,0.9423758387565613,0.9307639002799988,0.9899781346321106,0.44324174523353577,0.4985317289829254,0.970780074596405,0.0
242,,,,,,,,,,,,,,,,,,,-30.771785736083984,9.999999747378752e-06,-0.03394211828708649,0.12936167418956757,,,,,,,,,,,,,,3.525175094604492,0.016058921813964844,54.0,0.08378750085830688,150.0,31.629796981811523,-0.04433410242199898,1.3759514093399048,0.0,5.027262210845947,0.9307543635368347,0.9416472911834717,0.9505528807640076,0.9926859736442566,0.46423324942588806,0.4974557161331177,0.9766695499420166,0.0
243,,,,,,,,,,,,,,,,,,,-30.770164489746094,9.999999747378752e-06,-0.032328084111213684,0.06125597283244133,,,,,,,,,,,,,,3.585584878921509,0.015765905380249023,53.0,0.08379955589771271,150.0,31.629852294921875,-0.04440227150917053,1.366434097290039,0.0,2.5214312076568604,0.9415841698646545,0.9525251984596252,0.9471274018287659,0.9918777942657471,0.4590594470500946,0.49801602959632874,0.9751566052436829,0.0
244,,,,,,,,,,,,,,,,,,,-30.764455795288086,9.999999747378752e-06,-0.033782344311475754,0.017569445073604584,,,,,,,,,,,,,,3.8305552005767822,0.015909671783447266,49.0,0.08381997048854828,150.0,31.632301330566406,-0.04617235064506531,1.6149152517318726,0.0,0.0,0.9697604775428772,0.9727886319160461,0.9757755398750305,0.9962401390075684,0.48218122124671936,0.4987673759460449,0.9877291321754456,0.0
245,,,,,,,,,,,,,,,,,,,-30.75579071044922,9.999999747378752e-06,-0.03135950490832329,0.016978327184915543,,,,,,,,,,,,,,4.182033061981201,0.015766143798828125,45.0,0.08384794741868973,150.0,31.63356590270996,-0.04166094958782196,1.8264859914779663,0.0,3.8119372242073624e-11,0.9860367774963379,0.9889976382255554,0.988293468952179,0.9982842803001404,0.4911668300628662,0.49929943680763245,0.9932734966278076,0.0
246,,,,,,,,,,,,,,,,,,,-30.750436782836914,9.999999747378752e-06,-0.03181033954024315,0.09776683151721954,,,,,,,,,,,,,,4.104206085205078,0.01566910743713379,46.0,0.08384644240140915,150.0,31.631399154663086,-0.04746052995324135,1.7429481744766235,0.0,2.516230344772339,0.9734978675842285,0.982973039150238,0.9779224395751953,0.997028112411499,0.4818629324436188,0.49950000643730164,0.9895334243774414,0.0
247,,,,,,,,,,,,,,,,,,,-30.75265884399414,9.999999747378752e-06,-0.036369748413562775,0.1596156805753708,,,,,,,,,,,,,,3.5360240936279297,0.0157470703125,54.0,0.08383753150701523,150.0,31.631399154663086,-0.043647587299346924,1.4039840698242188,0.0,10.043476104736328,0.9207993149757385,0.9426335692405701,0.9388656616210938,0.9916334748268127,0.44826391339302063,0.4987066686153412,0.9727296829223633,0.0
248,,,,,,,,,,,,,,,,,,,-30.754514694213867,9.999999747378752e-06,-0.042837101966142654,0.1012553796172142,,,,,,,,,,,,,,3.546705961227417,0.015764951705932617,53.0,0.08383999764919281,150.0,31.631399154663086,-0.043119609355926514,1.3167436122894287,0.0,2.523491859436035,0.9327672123908997,0.9438517689704895,0.9404518604278564,0.9908596873283386,0.45504069328308105,0.49745431542396545,0.9737389087677002,0.0
249,,,,,,,,,,,,,,,,,,,-30.74907112121582,9.999999747378752e-06,-0.034070007503032684,0.07686961442232132,,,,,,,,,,,,,,3.4864089488983154,0.015871286392211914,54.0,0.08386778831481934,150.0,31.631731033325195,-0.04220810532569885,1.348808765411377,0.0,5.028637409210205,0.9297038912773132,0.9423014521598816,0.9483245015144348,0.9923830628395081,0.45925387740135193,0.4978164732456207,0.9751870036125183,0.0
250,,,,,,,,,,,,,,,,,,,-30.744098663330078,9.999999747378752e-06,-0.03160581365227699,0.018822012469172478,,,,,,,,,,,,,,3.8618268966674805,0.01566600799560547,49.0,0.08385878801345825,150.0,31.629072189331055,-0.04523569345474243,1.5301145315170288,0.0,0.0,0.9658608436584473,0.969196081161499,0.9655079245567322,0.9944862723350525,0.47323092818260193,0.49862492084503174,0.9832651019096375,0.0
251,,,,,,,,,,,,,,,,,,,-30.750123977661133,9.999999747378752e-06,-0.03236175701022148,0.016274424269795418,,,,,,,,,,,,,,4.0486159324646,0.015737056732177734,47.0,0.08384307473897934,150.0,31.62940216064453,-0.04221327230334282,1.8093081712722778,0.0,1.2152400376907063e-20,0.9839023947715759,0.9867584109306335,0.9880349040031433,0.9982267022132874,0.4920107126235962,0.49921008944511414,0.9935243129730225,0.0
252,,,,,,,,,,,,,,,,,,,-30.751216888427734,9.999999747378752e-06,-0.03626842796802521,0.0718098133802414,,,,,,,,,,,,,,4.223988056182861,0.015719890594482422,45.0,0.08385102450847626,150.0,31.62835121154785,-0.044731419533491135,1.7996898889541626,0.0,2.512336492538452,0.9773061871528625,0.9840793609619141,0.9845657348632812,0.998056948184967,0.48642396926879883,0.49958348274230957,0.9917600154876709,0.0
253,,,,,,,,,,,,,,,,,,,-30.74913787841797,9.999999747378752e-06,-0.03626476228237152,0.1716853529214859,,,,,,,,,,,,,,3.58794903755188,0.016846179962158203,53.0,0.08385276794433594,150.0,31.62835121154785,-0.044726718217134476,1.514295220375061,0.0,10.072545051574707,0.9297471046447754,0.9519505500793457,0.9518966674804688,0.9938747882843018,0.4580303430557251,0.49882206320762634,0.9773303866386414,0.0
254,,,,,,,,,,,,,,,,,,,-30.74945640563965,9.999999747378752e-06,-0.03489493578672409,0.06710908561944962,,,,,,,,,,,,,,3.663382053375244,0.03426313400268555,51.0,0.08385007083415985,150.0,31.62835121154785,-0.04327884688973427,1.3176676034927368,0.0,2.5073130130767822,0.9299449920654297,0.94120854139328,0.9349596500396729,0.9898245930671692,0.44961485266685486,0.4976378381252289,0.9726360440254211,0.0
255,,,,,,,,,,,,,,,,,,,-30.749828338623047,9.999999747378752e-06,-0.0355905182659626,0.0861126109957695,,,,,,,,,,,,,,3.540121078491211,0.02539801597595215,53.0,0.08385588228702545,150.0,31.628063201904297,-0.04474877193570137,1.2438963651657104,0.0,5.030059337615967,0.9365293383598328,0.9503836631774902,0.9413220286369324,0.9914300441741943,0.45515766739845276,0.49730685353279114,0.9720535278320312,0.0
