iteration,Episode_Reward/action_rate_l2,Episode_Reward/joint_limit,Episode_Reward/motion_body_ang_vel,Episode_Reward/motion_body_lin_vel,Episode_Reward/motion_body_ori,Episode_Reward/motion_body_pos,Episode_Reward/motion_global_root_ori,Episode_Reward/motion_global_root_pos,Episode_Reward/motion_joint_pos,Episode_Reward/motion_joint_vel,Episode_Termination/anchor_ori,Episode_Termination/anchor_pos,Episode_Termination/clip_end,Episode_Termination/ee_body_pos,Episode_Termination/incidental_bat_support,Episode_Termination/time_out,Loss/entropy,Loss/learning_rate,Loss/surrogate,Loss/value,Metrics/motion/error_anchor_ang_vel,Metrics/motion/error_anchor_lin_vel,Metrics/motion/error_anchor_pos,Metrics/motion/error_anchor_rot,Metrics/motion/error_body_ang_vel,Metrics/motion/error_body_lin_vel,Metrics/motion/error_body_pos,Metrics/motion/error_body_rot,Metrics/motion/error_joint_pos,Metrics/motion/error_joint_vel,Metrics/motion/sampling_entropy,Metrics/motion/sampling_top1_bin,Metrics/motion/sampling_top1_prob,Perf/collection_time,Perf/learning_time,Perf/total_fps,Policy/mean_std,Train/mean_episode_length,Train/mean_reward,reward/action_rate_l2,reward/joint_limit,reward/motion_body_ang_vel,reward/motion_body_lin_vel,reward/motion_body_ori,reward/motion_body_pos,reward/motion_global_root_ori,reward/motion_global_root_pos,reward/motion_joint_pos,reward/motion_joint_vel
0,,,,,,,,,,,,,,,,,41.134483337402344,2.60122942563612e-05,-0.08761756122112274,0.04867120832204819,,,,,,,,,,,,,,0.9272980690002441,0.024784088134765625,403.0,0.999336302280426,16.66666603088379,-0.5315996408462524,-5.750057697296143,-1.7416565469829948e-06,0.2044721394777298,0.7650335431098938,0.7632129788398743,0.9730926156044006,0.36286699771881104,0.4958561360836029,0.8227159976959229,0.0
1,,,,,,,,,,,,,,,,,41.12882995605469,0.0002962962898891419,-0.035507116466760635,0.07907480746507645,,,,,,,,,,,,,,0.8736979961395264,0.020807981491088867,429.0,0.9992005825042725,17.55555534362793,-0.5094965696334839,-5.901920318603516,0.0,0.20452459156513214,0.7367539405822754,0.6693219542503357,0.951775848865509,0.31996336579322815,0.48380908370018005,0.7689345479011536,0.0
2,-1.1718264818191528,0.0,0.03856797516345978,0.14418108761310577,0.12964433431625366,0.18684570491313934,0.06009696424007416,0.09453471004962921,0.15390607714653015,0.0,0.0,0.07692307978868484,0.0,0.38461539149284363,0.7692307829856873,0.07692307978868484,41.11839294433594,8.77914935699664e-05,-0.06582362204790115,0.07164135575294495,2.8340132236480713,0.6342830657958984,0.1040089949965477,0.45184171199798584,4.081299781799316,0.6762061715126038,0.11156824976205826,0.3852466940879822,0.6365478038787842,14.872305870056152,0.0,0.0,0.0,0.8654420375823975,0.021931171417236328,432.0,0.9987138509750366,23.885713577270508,-0.7877002954483032,-5.742294788360596,0.0,0.1802172213792801,0.7234857082366943,0.6653448939323425,0.9362370371818542,0.32573020458221436,0.4727071225643158,0.7833518981933594,0.0
3,,,,,,,,,,,,,,,,,41.10639190673828,0.00019753086962737143,-0.05735577642917633,0.09533238410949707,,,,,,,,,,,,,,0.8813481330871582,0.022083759307861328,425.0,0.9982277154922485,24.780000686645508,-0.8712694048881531,-5.8846821784973145,-4.7511512093478814e-05,0.17549479007720947,0.6836509108543396,0.6249824166297913,0.9169699549674988,0.2680066227912903,0.4469534456729889,0.7483794093132019,0.0
4,,,,,,,,,,,,,,,,,41.09276580810547,0.0001316872367169708,-0.06811951845884323,0.08912348747253418,,,,,,,,,,,,,,0.9612388610839844,0.02057504653930664,391.0,0.9979479312896729,25.092308044433594,-0.8888534903526306,-5.832542896270752,-5.265898289508186e-05,0.1910342127084732,0.7535805106163025,0.7071327567100525,0.9590670466423035,0.32873594760894775,0.4879028797149658,0.7794790863990784,0.0
5,-0.8493234515190125,-2.7250346192886354e-06,0.03054889477789402,0.11349385976791382,0.10543962568044662,0.14349791407585144,0.049162328243255615,0.07322153449058533,0.11989179998636246,0.0,0.0,0.0,0.0,0.1666666716337204,1.1666666269302368,0.0,41.08906173706055,0.0001316872367169708,-0.06307490915060043,0.14129526913166046,3.4373791217803955,0.43760839104652405,0.065226711332798,0.43104517459869385,4.291591167449951,0.5654599666595459,0.08001285791397095,0.323882520198822,0.6600613594055176,14.2180757522583,0.0,0.0,0.0,0.9005870819091797,0.02290201187133789,415.0,0.9979091882705688,24.456790924072266,-0.8360536098480225,-5.949140548706055,-9.87789189821342e-06,0.17944049835205078,0.7300651669502258,0.67827969789505,0.9535651803016663,0.2892429530620575,0.4860021770000458,0.7866852879524231,0.0
6,-1.0407865047454834,-4.964104391547153e-06,0.029422394931316376,0.12394440174102783,0.11400841176509857,0.1631443053483963,0.050059325993061066,0.08266269415616989,0.132474884390831,0.0,0.0,0.06666667014360428,0.0,0.13333334028720856,0.8666666746139526,0.0,41.084815979003906,0.0001316872367169708,-0.060990482568740845,0.18055811524391174,2.7326464653015137,0.465972900390625,0.0895194336771965,0.4865015745162964,4.087766170501709,0.5785847902297974,0.09511563926935196,0.35070085525512695,0.701797366142273,14.85991382598877,0.0,0.0,0.0,0.8601992130279541,0.0212249755859375,435.0,0.9976233243942261,24.5670108795166,-0.8616817593574524,-5.8595123291015625,-4.247974720783532e-05,0.1664784550666809,0.6925625205039978,0.6401596665382385,0.9268477559089661,0.284946084022522,0.46104875206947327,0.7535558342933655,0.0
7,-1.0327199697494507,-2.807937789839343e-06,0.02938898652791977,0.12290319800376892,0.11685821413993835,0.16218936443328857,0.05074857175350189,0.0795280709862709,0.13259004056453705,0.0,0.0,0.09090909361839294,0.0,0.09090909361839294,1.545454502105713,0.0,41.07534408569336,0.0001316872367169708,-0.059758786112070084,0.17244987189769745,3.5331532955169678,0.5089440941810608,0.1000199094414711,0.5067521929740906,4.914398193359375,0.5911880135536194,0.10046491771936417,0.35848453640937805,0.7132698893547058,16.572969436645508,0.0,0.0,0.0,0.8761379718780518,0.02032613754272461,428.0,0.9972966313362122,25.809999465942383,-0.9288458824157715,-5.876535892486572,-3.4086140658473596e-05,0.17057637870311737,0.729697048664093,0.6721258163452148,0.9445517659187317,0.31763318181037903,0.48269620537757874,0.7684347033500671,0.0
8,-0.7090359926223755,-1.9095357401965884e-06,0.02098904363811016,0.08736544102430344,0.08612166345119476,0.11549084633588791,0.041305333375930786,0.05844634398818016,0.09570292383432388,0.0,0.0,0.0714285746216774,0.0,0.0714285746216774,1.3571428060531616,0.0,41.06658172607422,0.00019753086962737143,-0.05953996628522873,0.14703460037708282,3.205146312713623,0.3887762427330017,0.06813711673021317,0.41253000497817993,4.156314373016357,0.5829485654830933,0.07917015999555588,0.3145827353000641,0.6300543546676636,13.839314460754395,0.0,0.0,0.0,0.8786261081695557,0.02471303939819336,425.0,0.997040867805481,24.170000076293945,-0.8708166480064392,-5.677420139312744,-1.9775870896410197e-06,0.16001935303211212,0.7063118815422058,0.6946266293525696,0.9408233761787415,0.3201732933521271,0.47304388880729675,0.7893289923667908,0.0
9,-0.6026759743690491,-4.253891802363796e-06,0.019223475828766823,0.07657036185264587,0.07404501736164093,0.1010974869132042,0.03354519233107567,0.05114281550049782,0.08552055060863495,0.0,0.0,0.06666667014360428,0.0,0.13333334028720856,1.4666666984558105,0.0,41.055335998535156,0.0001316872367169708,-0.06280545890331268,0.10419132560491562,3.2318623065948486,0.47955337166786194,0.06679104268550873,0.4235902726650238,4.658656597137451,0.5828485488891602,0.07745588570833206,0.3024562895298004,0.597502589225769,15.768223762512207,0.0,0.0,0.0,0.9030630588531494,0.021286964416503906,415.0,0.9964281916618347,21.75,-0.7434743046760559,-5.636678218841553,-5.699781104340218e-05,0.18752825260162354,0.7174727916717529,0.7068163752555847,0.9456875920295715,0.3264615535736084,0.47893691062927246,0.8024856448173523,0.0
10,-0.6043056845664978,-1.3026534361415543e-05,0.01948847435414791,0.07719382643699646,0.07565996795892715,0.100794717669487,0.034864675253629684,0.0515126995742321,0.08463364094495773,0.0,0.0,0.0,0.0,0.05263157933950424,1.5263158082962036,0.0,41.032413482666016,0.00019753086962737143,-0.05521814525127411,0.039039600640535355,2.35390043258667,0.3816123902797699,0.05312361940741539,0.4127785265445709,3.9222893714904785,0.488261878490448,0.07048536837100983,0.30028676986694336,0.6075681447982788,14.925763130187988,0.0,0.0,0.0,0.878216028213501,0.021436214447021484,426.0,0.9954385161399841,18.43000030517578,-0.6038987636566162,-5.8866729736328125,-8.902922127163038e-05,0.18829065561294556,0.7400370240211487,0.7621438503265381,0.9715476632118225,0.3456140458583832,0.4937935769557953,0.8284767270088196,0.0
11,,,,,,,,,,,,,,,,,41.003047943115234,0.0001316872367169708,-0.06211676448583603,0.02724594809114933,,,,,,,,,,,,,,0.9148380756378174,0.023759126663208008,409.0,0.9945685863494873,15.819999694824219,-0.5001835227012634,-5.831230163574219,-6.522759940708056e-05,0.18446700274944305,0.7341031432151794,0.7422084808349609,0.9654179215431213,0.3243182599544525,0.49337077140808105,0.819577693939209,0.0
12,,,,,,,,,,,,,,,,,40.98149871826172,0.0001316872367169708,-0.05783100053668022,0.027473967522382736,,,,,,,,,,,,,,0.885289192199707,0.024326801300048828,422.0,0.9938473701477051,14.289999961853027,-0.4536009728908539,-5.775611400604248,-0.00026905513368546963,0.19285444915294647,0.7275476455688477,0.7595787644386292,0.9709215760231018,0.3501255512237549,0.49420714378356934,0.8318098187446594,0.0
13,-0.4303368926048279,-8.025503120734356e-06,0.014115966856479645,0.056744594126939774,0.06090803071856499,0.07515943795442581,0.028380224481225014,0.038150399923324585,0.06476471573114395,0.0,0.0,0.0,0.0,0.0,1.6842105388641357,0.0,40.9542121887207,0.0001316872367169708,-0.05429252237081528,0.016828633844852448,2.65618896484375,0.3405490815639496,0.04434904456138611,0.370821088552475,4.124664306640625,0.4967183470726013,0.0633293017745018,0.2675454020500183,0.5723192095756531,13.734840393066406,0.0,0.0,0.0,0.9381709098815918,0.022047996520996094,399.0,0.9926776885986328,12.550000190734863,-0.373660147190094,-5.756460666656494,-0.00014962237037252635,0.17578309774398804,0.7297523617744446,0.781801700592041,0.973158597946167,0.35973039269447327,0.49442577362060547,0.8389280438423157,0.0
14,-0.4552399516105652,-8.384497959923465e-06,0.014338877983391285,0.05615239217877388,0.060570623725652695,0.07564005255699158,0.027648339048027992,0.03845379129052162,0.06559374928474426,0.0,0.0,0.0,0.0,0.0,1.7894736528396606,0.0,40.917999267578125,0.0001316872367169708,-0.05953467637300491,0.015190214850008488,2.4453511238098145,0.3269599676132202,0.04509053751826286,0.39891237020492554,3.700751781463623,0.46762436628341675,0.0653163343667984,0.28003352880477905,0.5762471556663513,14.402186393737793,0.0,0.0,0.0,0.9069018363952637,0.02157282829284668,413.0,0.9913894534111023,11.970000267028809,-0.3438313901424408,-5.810911655426025,-0.00016219251847360283,0.17491145431995392,0.7158069014549255,0.7718203663825989,0.9712726473808289,0.3460633456707001,0.494502991437912,0.8360812664031982,0.0
15,-0.44626039266586304,-3.2432286388939247e-05,0.013902204111218452,0.05611743405461311,0.05916152894496918,0.07575514912605286,0.026414118707180023,0.03863659128546715,0.06520184129476547,0.0,0.0,0.0,0.0,0.0,1.9444444179534912,0.0,40.880088806152344,0.0001316872367169708,-0.059945303946733475,0.013284813612699509,2.679248809814453,0.2883591949939728,0.04602597653865814,0.40063831210136414,3.908660411834717,0.4916080832481384,0.06469878554344177,0.28610730171203613,0.5841382145881653,13.631318092346191,0.0,0.0,0.0,0.9256381988525391,0.02225208282470703,405.0,0.9900798797607422,11.680000305175781,-0.3264813721179962,-5.663735866546631,-0.000295371311949566,0.18737155199050903,0.7296669483184814,0.7635400891304016,0.9709945321083069,0.34577593207359314,0.4942845404148102,0.8346927762031555,0.0
16,-0.4425727427005768,-1.6382584362872876e-05,0.014575832523405552,0.056972403079271317,0.06038875877857208,0.07636937499046326,0.027454612776637077,0.03889676183462143,0.06504430621862411,0.0,0.0,0.0,0.0,0.0,1.8333333730697632,0.0,40.8367805480957,0.0001316872367169708,-0.056263793259859085,0.024791846051812172,2.7581980228424072,0.383340060710907,0.04844454303383827,0.38736316561698914,4.117731094360352,0.4885922968387604,0.06337103247642517,0.2702120542526245,0.5788565874099731,14.954169273376465,0.0,0.0,0.0,1.1309661865234375,0.023042917251586914,332.0,0.9883987307548523,11.760000228881836,-0.3345305919647217,-5.64536714553833,-0.00020423978276085109,0.18009167909622192,0.7088578343391418,0.76319819688797,0.967418909072876,0.34725403785705566,0.49363335967063904,0.8269382119178772,0.0
17,,,,,,,,,,,,,,,,,40.788787841796875,0.0001316872367169708,-0.05689365416765213,0.010930672287940979,,,,,,,,,,,,,,0.891747236251831,0.020947933197021484,420.0,0.9868721961975098,11.279999732971191,-0.3039603531360626,-5.64667272567749,-0.00014237650611903518,0.19946235418319702,0.7211400866508484,0.7944703698158264,0.9740478992462158,0.36773717403411865,0.4951910078525543,0.8494973182678223,0.0
18,-0.38446202874183655,-5.135093488206621e-06,0.01255063246935606,0.050386492162942886,0.05634442716836929,0.06792896240949631,0.02661208063364029,0.03444536402821541,0.05929354205727577,0.0,0.0,0.0,0.0,0.0,2.1764705181121826,0.0,40.742774963378906,0.00019753086962737143,-0.055720552802085876,0.009305822663009167,2.575605869293213,0.36899256706237793,0.04221499711275101,0.35471487045288086,4.083135604858398,0.49833500385284424,0.061573535203933716,0.2558717727661133,0.5506169199943542,14.871694564819336,0.0,0.0,0.0,0.8927011489868164,0.021231889724731445,420.0,0.985120415687561,10.859999656677246,-0.2816871106624603,-5.639638900756836,-9.694952314021066e-05,0.1860283613204956,0.7266121506690979,0.8063346743583679,0.9769046902656555,0.3765431344509125,0.4956859350204468,0.8501508235931396,0.0
19,-0.4027332067489624,-1.7461228708270937e-05,0.014218997210264206,0.0522223524749279,0.05648459866642952,0.07082825899124146,0.026144303381443024,0.036067888140678406,0.06084609776735306,0.0,0.0,0.0,0.0,0.0,2.1111111640930176,0.0,40.68687438964844,0.0001316872367169708,-0.060242753475904465,0.009695511311292648,2.6871588230133057,0.348692387342453,0.04520220309495926,0.3916160762310028,3.66951584815979,0.5174753665924072,0.06883497536182404,0.2898314595222473,0.5978072285652161,14.286516189575195,0.0,0.0,0.0,0.8775558471679688,0.022118091583251953,426.0,0.9832538962364197,10.619999885559082,-0.2596883475780487,-5.530872821807861,-0.00024161055625882,0.19039523601531982,0.7079786658287048,0.7748815417289734,0.9720444083213806,0.36043670773506165,0.49512431025505066,0.8361926078796387,0.0
20,,,,,,,,,,,,,,,,,40.63198471069336,0.0001316872367169708,-0.056278713047504425,0.010647214017808437,,,,,,,,,,,,,,0.903876781463623,0.021541118621826172,414.0,0.9812977313995361,10.529999732971191,-0.25250008702278137,-5.632664203643799,-0.00021194001601543278,0.18209312856197357,0.7108222842216492,0.79989093542099,0.9746837615966797,0.3748626410961151,0.49475276470184326,0.8456462025642395,0.0
21,-0.40115633606910706,-1.2980111932847649e-05,0.013324056752026081,0.051078032702207565,0.056498344987630844,0.07037705183029175,0.02595868706703186,0.03576936572790146,0.06107513979077339,0.0,0.0,0.0,0.0,0.0,2.058823585510254,0.0,40.57875061035156,0.00019753086962737143,-0.05444645509123802,0.00810568779706955,2.769566297531128,0.3463458716869354,0.04413503780961037,0.40423157811164856,3.942864418029785,0.5290369987487793,0.06575887650251389,0.2901025712490082,0.5806198716163635,14.464776992797852,0.0,0.0,0.0,0.8829169273376465,0.021336078643798828,424.0,0.9796788692474365,10.680000305175781,-0.26097214221954346,-5.485910892486572,-0.00022413268743548542,0.19338606297969818,0.712145984172821,0.7762426733970642,0.9712948799133301,0.3595292568206787,0.4945770800113678,0.8401592373847961,0.0
22,-0.38807642459869385,-1.135654474637704e-05,0.014410492964088917,0.052103325724601746,0.05552022159099579,0.07011409103870392,0.026018798351287842,0.03578721359372139,0.05999927222728729,0.0,0.0,0.0,0.0,0.0,1.6363636255264282,0.0,40.53444290161133,0.0001316872367169708,-0.05838673561811447,0.011460710316896439,2.583833932876587,0.2981700599193573,0.04535447061061859,0.37302762269973755,3.6943366527557373,0.48468801379203796,0.0664513036608696,0.28705546259880066,0.601987898349762,13.78054428100586,0.0,0.0,0.0,0.8837790489196777,0.020245075225830078,424.0,0.978450357913971,10.800000190734863,-0.2549651861190796,-5.436024188995361,-0.00020647615019697696,0.1903882622718811,0.7236542701721191,0.7617535591125488,0.9685771465301514,0.35547423362731934,0.49419811367988586,0.8261997103691101,0.0
23,-0.3515556752681732,-8.716062438907102e-06,0.011647121980786324,0.046089060604572296,0.05179504677653313,0.06367940455675125,0.02395327389240265,0.032365791499614716,0.05499780923128128,0.0,0.0,0.0,0.0,0.0,1.9047619104385376,0.0,40.50165557861328,0.0001316872367169708,-0.052993252873420715,0.011458990164101124,2.97363543510437,0.3577471375465393,0.04590096324682236,0.3745947480201721,4.179581165313721,0.5427206158638,0.06533277034759521,0.26814356446266174,0.5788439512252808,14.742661476135254,0.0,0.0,0.0,0.8840980529785156,0.020585060119628906,424.0,0.9773964881896973,10.460000038146973,-0.2195160686969757,-5.278974533081055,-0.00014035195636097342,0.17806869745254517,0.7083284258842468,0.7868053317070007,0.9731966853141785,0.3674940764904022,0.49462175369262695,0.8408588767051697,0.0
24,-0.34251168370246887,-3.723000872923876e-06,0.012256002984941006,0.04510989785194397,0.051245369017124176,0.06282298266887665,0.024001097306609154,0.031888362020254135,0.05455634742975235,0.0,0.0,0.0,0.0,0.0,2.0999999046325684,0.0,40.46590042114258,0.0001316872367169708,-0.04970504716038704,0.009953860193490982,3.0787549018859863,0.3535487651824951,0.04334427788853645,0.3838883936405182,4.049485683441162,0.5582260489463806,0.06331948935985565,0.27625590562820435,0.5714925527572632,13.926475524902344,0.0,0.0,0.0,0.8966326713562012,0.02299213409423828,417.0,0.9759600162506104,9.829999923706055,-0.20357617735862732,-5.418323516845703,-0.00010976968769682571,0.1868291050195694,0.6949395537376404,0.796931266784668,0.9751887917518616,0.37175580859184265,0.4953453242778778,0.847297191619873,0.0
25,-0.3208569586277008,-2.4268703782581724e-05,0.012193767353892326,0.04251996427774429,0.049225497990846634,0.05934060737490654,0.023260777816176414,0.030107567086815834,0.05142664164304733,0.0,0.0,0.0,0.0,0.0,2.1052632331848145,0.0,40.417022705078125,0.0001316872367169708,-0.05190367251634598,0.00662186648696661,2.9113986492156982,0.39158308506011963,0.043451178818941116,0.3546852171421051,4.194316864013672,0.5379936695098877,0.06397193670272827,0.2599124610424042,0.5580017566680908,15.064784049987793,0.0,0.0,0.0,0.889052152633667,0.02297186851501465,421.0,0.9740979671478271,9.399999618530273,-0.17764107882976532,-5.153454303741455,-0.00024435404338873923,0.1925622820854187,0.7003218531608582,0.8115267157554626,0.9776608347892761,0.38748183846473694,0.49543526768684387,0.8481103777885437,0.0
26,-0.3503359854221344,-1.7718226445140317e-05,0.011943945661187172,0.04670286923646927,0.05188315361738205,0.06412175297737122,0.024525081738829613,0.03255319222807884,0.05533773824572563,0.0,0.0,0.0,0.0,0.0,2.7333333492279053,0.0,40.36182403564453,0.0001316872367169708,-0.05457339808344841,0.010807191953063011,2.507244110107422,0.2896077334880829,0.04332292079925537,0.3642641007900238,3.8272697925567627,0.507544755935669,0.06439003348350525,0.2752695679664612,0.5695378184318542,14.061553955078125,0.0,0.0,0.0,0.852881908416748,0.021729230880737305,439.0,0.9722796678543091,9.359999656677246,-0.1706785410642624,-5.375752925872803,-0.00018806825391948223,0.19093377888202667,0.7081031203269958,0.7809756398200989,0.9740912318229675,0.3678746223449707,0.49483156204223633,0.8404552936553955,0.0
27,-0.32378003001213074,-1.9636783690657467e-05,0.011860053986310959,0.04401008039712906,0.04910464584827423,0.061564601957798004,0.022586891427636147,0.03133271634578705,0.05320590361952782,0.0,0.0,0.0,0.0,0.0,1.6818181276321411,0.0,40.30902862548828,0.0001316872367169708,-0.05405043065547943,0.01168139185756445,2.814763069152832,0.3194015622138977,0.04389100894331932,0.3925921618938446,4.031403064727783,0.5439006686210632,0.06560108810663223,0.2779342830181122,0.560471773147583,13.877264976501465,0.0,0.0,0.0,0.8820338249206543,0.020648956298828125,425.0,0.9705687761306763,9.680000305175781,-0.1647285521030426,-5.213297367095947,-0.0003264645056333393,0.1875934600830078,0.6958020329475403,0.773310661315918,0.9712677001953125,0.35669758915901184,0.49469050765037537,0.8386463522911072,0.0
28,-0.34050261974334717,-4.09796029998688e-06,0.01205973420292139,0.0450381301343441,0.05033872276544571,0.0629049763083458,0.023711275309324265,0.03205350413918495,0.054205115884542465,0.0,0.0,0.0,0.0,0.0,2.0,0.0,40.25293731689453,0.0001316872367169708,-0.0496620237827301,0.010258644819259644,3.0265755653381348,0.3451276123523712,0.04381021112203598,0.37388336658477783,3.881474256515503,0.5349056124687195,0.06661500781774521,0.2782677412033081,0.5872930884361267,14.163951873779297,0.0,0.0,0.0,0.8684501647949219,0.020706892013549805,431.0,0.9685091972351074,9.770000457763672,-0.1787451207637787,-5.16077184677124,-0.000135697890073061,0.18135486543178558,0.6940084099769592,0.7809948921203613,0.9714731574058533,0.36781778931617737,0.4948289692401886,0.8344030976295471,0.0
29,-0.30036911368370056,-1.1284638276265468e-05,0.010968418791890144,0.040824390947818756,0.04742693901062012,0.05720498040318489,0.022870808839797974,0.029015272855758667,0.04976474121212959,0.0,0.0,0.0,0.0,0.0,2.222222328186035,0.0,40.19773864746094,8.77914935699664e-05,-0.05320600047707558,0.006827454548329115,2.9100162982940674,0.33051151037216187,0.04021022841334343,0.34046703577041626,3.7997469902038574,0.531730055809021,0.06180229410529137,0.26398271322250366,0.5416193008422852,14.208864212036133,0.0,0.0,0.0,0.878695011138916,0.025758028030395508,424.0,0.9670696258544922,9.149999618530273,-0.14973416924476624,-5.2153730392456055,-0.00011043238919228315,0.17978818714618683,0.6995298862457275,0.807275116443634,0.9770862460136414,0.38762369751930237,0.49578937888145447,0.8522540926933289,0.0
30,-0.3329083025455475,-5.485355359269306e-06,0.011401375755667686,0.04308249056339264,0.04976706579327583,0.06103584170341492,0.02326434850692749,0.03104221820831299,0.053016506135463715,0.0,0.0,0.0,0.0,0.0,2.25,0.0,40.15648651123047,0.0001316872367169708,-0.04811028763651848,0.006628919392824173,2.9894206523895264,0.3531626760959625,0.0444294810295105,0.36874717473983765,3.9513936042785645,0.5523625016212463,0.06597874313592911,0.2719210982322693,0.5818430781364441,13.921032905578613,0.0,0.0,0.0,0.8829689025878906,0.022737979888916016,423.0,0.9655318856239319,9.229999542236328,-0.15792332589626312,-5.250163555145264,-0.00012858126137871295,0.18810991942882538,0.6927302479743958,0.7956339716911316,0.9744553565979004,0.3748650550842285,0.4952055513858795,0.8458177447319031,0.0
31,-0.3291587829589844,-9.812714779400267e-06,0.011915342882275581,0.044301215559244156,0.04935099929571152,0.06174144893884659,0.022808119654655457,0.031390346586704254,0.05306929722428322,0.0,0.0,0.0,0.0,0.0,1.8571428060531616,0.0,40.106590270996094,0.0001316872367169708,-0.049225982278585434,0.0075364564545452595,3.0154731273651123,0.3024997115135193,0.04647059738636017,0.3962084949016571,3.7646422386169434,0.5203196406364441,0.06700931489467621,0.2802155017852783,0.5771769285202026,13.017906188964844,0.0,0.0,0.0,0.9012331962585449,0.023844003677368164,415.0,0.9638370275497437,9.239999771118164,-0.16253076493740082,-5.1999077796936035,-0.00013895277515985072,0.18874824047088623,0.6986982822418213,0.7786881327629089,0.9737358689308167,0.36353468894958496,0.49504661560058594,0.8383143544197083,0.0
32,-0.30461668968200684,-2.372935887251515e-05,0.010378994047641754,0.04090200364589691,0.04751055687665939,0.05848901718854904,0.022263452410697937,0.029709577560424805,0.05046515911817551,0.0,0.0,0.0,0.0,0.0,2.047619104385376,0.0,40.05656814575195,8.77914935699664e-05,-0.05190160870552063,0.008200790733098984,2.915759325027466,0.33451735973358154,0.04548075050115585,0.3775256872177124,3.9280221462249756,0.5555188059806824,0.06733439862728119,0.2749512493610382,0.5734175443649292,13.869656562805176,0.0,0.0,0.0,0.912635087966919,0.022504091262817383,410.0,0.9623571038246155,9.359999656677246,-0.15566541254520416,-5.033707141876221,-0.00029371926211752,0.1844272017478943,0.6882588267326355,0.7944498062133789,0.9749760627746582,0.3732783794403076,0.49487829208374023,0.8404536843299866,0.0
33,-0.312587708234787,-1.774003430909943e-05,0.010187046602368355,0.040562503039836884,0.04716521129012108,0.057028066366910934,0.022535156458616257,0.02897457592189312,0.04939761757850647,0.0,0.0,0.0,0.0,0.0,1.952380895614624,0.0,40.017513275146484,0.0001316872367169708,-0.046075716614723206,0.008818504400551319,2.7797040939331055,0.36859679222106934,0.04442477971315384,0.33683210611343384,3.874537944793701,0.540215253829956,0.06545151770114899,0.2519832253456116,0.5448774695396423,14.220731735229492,0.0,0.0,0.0,0.8814840316772461,0.021691083908081055,425.0,0.9610822200775146,9.199999809265137,-0.15148097276687622,-5.196449279785156,-0.0002479430113453418,0.18221600353717804,0.6949308514595032,0.8015986084938049,0.9728843569755554,0.3791481554508209,0.4946066439151764,0.842395544052124,0.0
34,-0.29881763458251953,-1.2210650311317295e-05,0.01122237741947174,0.0411069430410862,0.04802977293729782,0.05683254078030586,0.02287585474550724,0.02878335490822792,0.049412358552217484,0.0,0.0,0.0,0.0,0.0,2.095238208770752,0.0,39.973716735839844,0.0001316872367169708,-0.056572508066892624,0.0061027309857308865,2.637301445007324,0.34947726130485535,0.04106071591377258,0.3369291424751282,3.7765684127807617,0.5178440809249878,0.06005287915468216,0.2506633400917053,0.5415469408035278,14.190040588378906,0.0,0.0,0.0,0.8836569786071777,0.02250075340270996,423.0,0.959471583366394,8.930000305175781,-0.13043706119060516,-5.15432596206665,-0.0003111249243374914,0.19458968937397003,0.7106804251670837,0.8225199580192566,0.9766228795051575,0.3898429870605469,0.49532023072242737,0.8466950058937073,0.0
35,,,,,,,,,,,,,,,,,39.92707061767578,8.77914935699664e-05,-0.051373980939388275,0.0068000927567481995,,,,,,,,,,,,,,0.9140079021453857,0.020627975463867188,410.0,0.9581112861633301,9.050000190734863,-0.12897072732448578,-5.169809818267822,-0.0003183278313372284,0.1957595944404602,0.6990952491760254,0.7964697480201721,0.9732882976531982,0.3754135072231293,0.49490055441856384,0.8355876803398132,0.0
36,-0.32489317655563354,-1.6964431779342704e-05,0.01227887999266386,0.04362774267792702,0.0494118258357048,0.060686904937028885,0.023518461734056473,0.03085804544389248,0.051947277039289474,0.0,0.0,0.0,0.0,0.0,2.095238208770752,0.0,39.88656997680664,0.0001316872367169708,-0.04803138226270676,0.005354621447622776,2.6246397495269775,0.38367733359336853,0.043074581772089005,0.34706562757492065,3.676628589630127,0.5170378684997559,0.06490417569875717,0.2707159221172333,0.5860686898231506,12.998147010803223,0.0,0.0,0.0,0.9004778861999512,0.022727251052856445,415.0,0.9565926194190979,9.149999618530273,-0.13961364328861237,-5.206335544586182,-0.0003272433241363615,0.1912018060684204,0.7000835537910461,0.8055823445320129,0.975652277469635,0.382112979888916,0.49526914954185486,0.8404524326324463,0.0
37,-0.28738439083099365,-2.386933374509681e-05,0.010633588768541813,0.03915571793913841,0.04693254455924034,0.05544388294219971,0.02264791913330555,0.028083475306630135,0.04841158166527748,0.0,0.0,0.0,0.0,0.0,2.045454502105713,0.0,39.83635330200195,8.77914935699664e-05,-0.0523797869682312,0.004574843216687441,2.6728334426879883,0.31608256697654724,0.04436737671494484,0.33410799503326416,3.830422878265381,0.5169456005096436,0.06467963010072708,0.25134068727493286,0.5437950491905212,13.653148651123047,0.0,0.0,0.0,0.913477897644043,0.021694183349609375,410.0,0.9549834132194519,8.869999885559082,-0.13342665135860443,-5.020720958709717,-0.00030731892911717296,0.1974339485168457,0.700969934463501,0.8287131190299988,0.9789128303527832,0.4009346663951874,0.4955099821090698,0.851897656917572,0.0
38,-0.297793447971344,-6.777511771360878e-06,0.011087300255894661,0.04191158339381218,0.04760666564106941,0.05703393742442131,0.022757742553949356,0.02887369692325592,0.04955194517970085,0.0,0.0,0.0,0.0,0.0,2.095238208770752,0.0,39.78949737548828,0.0001316872367169708,-0.04413560405373573,0.004774782340973616,2.746042251586914,0.33167898654937744,0.04282016307115555,0.32501769065856934,3.869370222091675,0.491225928068161,0.06106852740049362,0.2489301562309265,0.5440083742141724,13.638114929199219,0.0,0.0,0.0,0.9746654033660889,0.020582914352416992,385.0,0.9533035159111023,8.670000076293945,-0.11297961324453354,-5.093506813049316,-0.00016964443784672767,0.19606459140777588,0.7155678868293762,0.8225587010383606,0.9793596267700195,0.391438364982605,0.49562621116638184,0.8544638156890869,0.0
39,-0.3176805377006531,-7.178320174716646e-06,0.012576587498188019,0.04494815692305565,0.050512876361608505,0.060269154608249664,0.02464095689356327,0.03049967810511589,0.05214476212859154,0.0,0.0,0.0,0.0,0.0,2.21052622795105,0.0,39.73024368286133,0.0001316872367169708,-0.052520208060741425,0.0051451739855110645,2.806309223175049,0.3108709752559662,0.040540196001529694,0.3163461685180664,3.800384521484375,0.47526785731315613,0.059156179428100586,0.2516043782234192,0.5435366034507751,13.355929374694824,0.0,0.0,0.0,0.8883569240570068,0.02067708969116211,422.0,0.9511734247207642,8.859999656677246,-0.11807835847139359,-5.120913982391357,-0.00014459218073170632,0.19682025909423828,0.7188365459442139,0.8135838508605957,0.9783168435096741,0.3981676995754242,0.49559080600738525,0.8458163142204285,0.0
40,-0.26366662979125977,-1.7058684534276836e-05,0.010473095811903477,0.0377824530005455,0.04403256997466087,0.05313889682292938,0.02117128297686577,0.026965005323290825,0.045981939882040024,0.0,0.0,0.0,0.0,0.0,2.1363637447357178,0.0,39.66946792602539,0.0001316872367169708,-0.050218041986227036,0.006050708703696728,2.7794830799102783,0.34119221568107605,0.0422743521630764,0.32753312587738037,3.4654204845428467,0.5144193172454834,0.06322023272514343,0.2545335590839386,0.5679386258125305,12.528488159179688,0.0,0.0,0.0,0.9107880592346191,0.023874998092651367,410.0,0.9492846727371216,8.65999984741211,-0.10449908673763275,-4.9072794914245605,-0.00035541143734008074,0.20287764072418213,0.698756754398346,0.8198308944702148,0.9774930477142334,0.39316102862358093,0.49550703167915344,0.8481788635253906,0.0
41,-0.2640931308269501,-1.5993849956430495e-05,0.011200083419680595,0.03836372494697571,0.04473576322197914,0.053369924426078796,0.02143377810716629,0.02702901139855385,0.04651590809226036,0.0,0.0,0.0,0.0,0.0,2.238095283508301,0.0,39.61032485961914,0.0001316872367169708,-0.04654094576835632,0.003616348374634981,3.091393232345581,0.34890660643577576,0.041949670761823654,0.32779237627983093,3.7298152446746826,0.5107158422470093,0.06124364212155342,0.2541073262691498,0.547387957572937,12.456892013549805,0.0,0.0,0.0,0.8986239433288574,0.02285313606262207,416.0,0.9473574161529541,8.300000190734863,-0.08111824095249176,-4.887239933013916,-0.00023878032516222447,0.19660836458206177,0.6995988488197327,0.8235732913017273,0.978586733341217,0.39326897263526917,0.49552515149116516,0.8533132076263428,0.0
42,-0.2755824327468872,-9.74900285655167e-06,0.010965044610202312,0.03928752988576889,0.04510961100459099,0.05457817390561104,0.021495340391993523,0.027651607990264893,0.047037363052368164,0.0,0.0,0.0,0.0,0.0,2.238095283508301,0.0,39.556304931640625,8.77914935699664e-05,-0.049138955771923065,0.0037326812744140625,2.929976224899292,0.36632055044174194,0.042221881449222565,0.33065783977508545,3.8101894855499268,0.5151152014732361,0.061009690165519714,0.25568002462387085,0.5549755096435547,12.953319549560547,0.0,0.0,0.0,0.8916008472442627,0.021595001220703125,420.0,0.9458690285682678,8.15999984741211,-0.0749790221452713,-4.970982074737549,-0.0002953877265099436,0.19456498324871063,0.6992199420928955,0.8166404366493225,0.9781807065010071,0.3900700509548187,0.4954175055027008,0.8488282561302185,0.0
43,-0.27200281620025635,-1.565448837936856e-05,0.011125619523227215,0.03978745639324188,0.045007213950157166,0.05472857505083084,0.021695993840694427,0.027746791020035744,0.047244902700185776,0.0,0.0,0.0,0.0,0.0,2.095238208770752,0.0,39.51418685913086,0.0001316872367169708,-0.04592953249812126,0.005063389893621206,2.6296513080596924,0.32454103231430054,0.04291849583387375,0.3224216103553772,3.605804443359375,0.48265838623046875,0.06214456260204315,0.2542687952518463,0.5543853044509888,13.117816925048828,0.0,0.0,0.0,0.8884918689727783,0.020631790161132812,422.0,0.9443994164466858,8.399999618530273,-0.08009907603263855,-4.820737361907959,-0.00019205671560484916,0.19854320585727692,0.7148926258087158,0.8015176653862,0.976542055606842,0.3880157470703125,0.49504193663597107,0.841623842716217,0.0
44,-0.2567089796066284,-1.2188715118099935e-05,0.010987205430865288,0.03775561600923538,0.044769253581762314,0.0523991584777832,0.02153000235557556,0.026514671742916107,0.04511943459510803,0.0,0.0,0.0,0.0,0.0,2.2857143878936768,0.0,39.46466064453125,8.77914935699664e-05,-0.05083199590444565,0.004789982456713915,2.8577661514282227,0.37906211614608765,0.0410204641520977,0.30775588750839233,3.5940914154052734,0.49678394198417664,0.05976036563515663,0.2465909719467163,0.5646630525588989,12.992399215698242,0.0,0.0,0.0,0.8953630924224854,0.025189876556396484,417.0,0.9428346157073975,8.40999984741211,-0.07257445156574249,-4.873365879058838,-0.00023865110415499657,0.2089674025774002,0.7088243365287781,0.8291231989860535,0.9782145023345947,0.3996586799621582,0.49553367495536804,0.8407848477363586,0.0
45,-0.25394001603126526,-2.6083257580467034e-06,0.011021220125257969,0.038938991725444794,0.04504802078008652,0.05312848091125488,0.022266682237386703,0.02684781514108181,0.04601313918828964,0.0,0.0,0.0,0.0,0.0,2.450000047683716,0.0,39.418033599853516,0.0001316872367169708,-0.04331487417221069,0.004479579161852598,2.7866883277893066,0.33683866262435913,0.03856121376156807,0.30068129301071167,3.5820693969726562,0.49913620948791504,0.05770688131451607,0.24639692902565002,0.5389289855957031,12.140939712524414,0.0,0.0,0.0,0.8963041305541992,0.022469043731689453,417.0,0.9411209225654602,8.229999542236328,-0.049053847789764404,-4.703902244567871,-6.874699465697631e-05,0.20143836736679077,0.7114304900169373,0.8422467708587646,0.9821522831916809,0.40942469239234924,0.49632301926612854,0.8543816208839417,0.0
46,,,,,,,,,,,,,,,,,39.360809326171875,8.77914935699664e-05,-0.04421592503786087,0.004980653524398804,,,,,,,,,,,,,,0.9787750244140625,0.02041912078857422,384.0,0.9393768310546875,8.180000305175781,-0.042318638414144516,-4.721956729888916,-0.00028121747891418636,0.19496764242649078,0.7098496556282043,0.8208606243133545,0.9777719378471375,0.3974430561065674,0.49558189511299133,0.8469183444976807,0.0
47,-0.25296083092689514,-1.270010670850752e-05,0.01022168155759573,0.03697745129466057,0.043853793293237686,0.051289547234773636,0.021441947668790817,0.025937579572200775,0.04434356838464737,0.0,0.0,0.0,0.0,0.0,2.190476179122925,0.0,39.31095886230469,0.0001316872367169708,-0.048374954611063004,0.005087063182145357,2.611144542694092,0.33796173334121704,0.03886217623949051,0.2930029034614563,3.9399588108062744,0.5156195759773254,0.05812690779566765,0.24350674450397491,0.5593816637992859,13.48681926727295,0.0,0.0,0.0,0.8952372074127197,0.023604869842529297,417.0,0.9376327395439148,8.079999923706055,-0.05135229602456093,-4.8802289962768555,-0.00022516661556437612,0.20298480987548828,0.7095595002174377,0.8376696705818176,0.9808180332183838,0.4080770015716553,0.4959172308444977,0.8502810597419739,0.0
48,-0.2658930718898773,-1.4274829482019413e-05,0.01210095640271902,0.04033944010734558,0.04717269539833069,0.055628933012485504,0.022725090384483337,0.028150642290711403,0.04801136627793312,0.0,0.0,0.0,0.0,0.0,2.473684310913086,0.0,39.25358963012695,8.77914935699664e-05,-0.04857330769300461,0.0040583317168056965,2.8169562816619873,0.31401100754737854,0.040859680622816086,0.3269805312156677,3.5718436241149902,0.4900410771369934,0.05955265089869499,0.2528083324432373,0.5535519123077393,12.817248344421387,0.0,0.0,0.0,0.8970050811767578,0.020440101623535156,418.0,0.9359246492385864,8.279999732971191,-0.05354764685034752,-4.609781265258789,-0.0001655437081353739,0.2141585797071457,0.7205073237419128,0.8290277123451233,0.980279266834259,0.4007294178009033,0.4958982467651367,0.8434941172599792,0.0
49,-0.250482976436615,-1.2676528058364056e-05,0.011011725291609764,0.0386345274746418,0.04476113244891167,0.053541913628578186,0.021318871527910233,0.027117552235722542,0.04571492597460747,0.0,0.0,0.0,0.0,0.0,2.0,0.0,39.20771026611328,8.77914935699664e-05,-0.04516041651368141,0.004771350882947445,2.7714831829071045,0.32958224415779114,0.043164242058992386,0.33194735646247864,3.7741973400115967,0.49393731355667114,0.06130099669098854,0.25385814905166626,0.567294180393219,12.8792142868042,0.0,0.0,0.0,0.9003880023956299,0.020740032196044922,416.0,0.9346071481704712,8.359999656677246,-0.036092087626457214,-4.6415934562683105,-0.00023223960306495428,0.19905340671539307,0.7116511464118958,0.8115264773368835,0.9774913787841797,0.39078712463378906,0.4951868951320648,0.8335027694702148,0.0
50,-0.24867822229862213,-6.153898539196234e-06,0.012232515960931778,0.03950003162026405,0.04522622004151344,0.053383540362119675,0.02243441343307495,0.026974648237228394,0.0459032766520977,0.0,0.0,0.0,0.0,0.0,2.1363637447357178,0.0,39.1655158996582,0.0001316872367169708,-0.04435142129659653,0.004219077993184328,2.4927306175231934,0.2955619990825653,0.03826485574245453,0.2860518991947174,3.414435386657715,0.46704208850860596,0.056022800505161285,0.24739807844161987,0.5532711148262024,12.442715644836426,0.0,0.0,0.0,0.8914737701416016,0.024331092834472656,419.0,0.9330395460128784,8.350000381469727,-0.02009769156575203,-4.574126720428467,-0.00010397098230896518,0.2219359278678894,0.7262178063392639,0.8256388306617737,0.9819297790527344,0.40936145186424255,0.4961739480495453,0.8444780707359314,0.0
51,-0.2533540427684784,-7.722444934188388e-06,0.012015266343951225,0.039491329342126846,0.04533514380455017,0.05359402671456337,0.022129643708467484,0.027112945914268494,0.04616090655326843,0.0,0.0,0.0,0.0,0.0,2.6470587253570557,0.0,39.11151123046875,8.77914935699664e-05,-0.04739377275109291,0.0035020913928747177,2.5759267807006836,0.33417561650276184,0.038883984088897705,0.3032517731189728,3.6792614459991455,0.4828231930732727,0.05771040916442871,0.2482914924621582,0.5543494820594788,13.406646728515625,0.0,0.0,0.0,0.9019520282745361,0.021748781204223633,415.0,0.9313492178916931,8.180000305175781,-0.017512978985905647,-4.648147106170654,-0.0001501060905866325,0.22599011659622192,0.7228675484657288,0.836705207824707,0.9808263182640076,0.40716660022735596,0.49604353308677673,0.8436505794525146,0.0
52,-0.25198930501937866,-1.2791509107046295e-05,0.011890600435435772,0.037665143609046936,0.04418603330850601,0.0520068034529686,0.021201517432928085,0.026296237483620644,0.04502560570836067,0.0,0.0,0.0,0.0,0.0,2.450000047683716,0.0,39.064979553222656,8.77914935699664e-05,-0.04296361282467842,0.004114800598472357,2.4939398765563965,0.32721075415611267,0.03932172432541847,0.3128095269203186,3.2954208850860596,0.46604132652282715,0.05763126537203789,0.24238674342632294,0.5530722737312317,12.312255859375,0.0,0.0,0.0,0.8926379680633545,0.021426916122436523,420.0,0.929963231086731,8.100000381469727,-0.0374315083026886,-4.757685661315918,-0.0002106529427692294,0.20886224508285522,0.7078084945678711,0.8299490809440613,0.9809877872467041,0.39876627922058105,0.49620091915130615,0.8485395312309265,0.0
53,-0.22966985404491425,-3.3654885100986576e-06,0.00953932385891676,0.035253364592790604,0.04215178266167641,0.049869682639837265,0.02071572095155716,0.025214068591594696,0.0428987517952919,0.0,0.0,0.0,0.0,0.0,2.1818182468414307,0.0,39.02095413208008,8.77914935699664e-05,-0.045140862464904785,0.002968840766698122,2.9326765537261963,0.35541898012161255,0.0382634736597538,0.30145499110221863,3.5651190280914307,0.5248598456382751,0.058346036821603775,0.24758507311344147,0.5544912815093994,12.670910835266113,0.0,0.0,0.0,0.8907680511474609,0.021592140197753906,420.0,0.9285356998443604,7.880000114440918,-0.029928751289844513,-4.556543350219727,-0.0001371900289086625,0.1993895322084427,0.6992228627204895,0.8242411613464355,0.980607807636261,0.4036557972431183,0.4960360527038574,0.8428106307983398,0.0
54,-0.24348339438438416,-1.0913904588960577e-05,0.011869536712765694,0.038118768483400345,0.04455150291323662,0.05187392234802246,0.021895304322242737,0.026219505816698074,0.04484931379556656,0.0,0.0,0.0,0.0,0.0,2.08695650100708,0.0,38.970130920410156,0.0001316872367169708,-0.047211773693561554,0.0028091140557080507,2.5948379039764404,0.326246440410614,0.03716732934117317,0.28758731484413147,3.402844190597534,0.4869466722011566,0.05604924261569977,0.24048355221748352,0.5488219857215881,12.67724323272705,0.0,0.0,0.0,0.9119880199432373,0.02112412452697754,411.0,0.9264994859695435,7.929999828338623,-0.01819043792784214,-4.6420416831970215,-0.00012873536616098136,0.22257502377033234,0.7311540246009827,0.8365835547447205,0.9821732640266418,0.41238948702812195,0.49651169776916504,0.8503352999687195,0.0
55,-0.24440601468086243,-9.566895641910378e-06,0.011234347708523273,0.03845658153295517,0.044436365365982056,0.052616119384765625,0.0214381143450737,0.026607252657413483,0.04548772796988487,0.0,0.0,0.0,0.0,0.0,2.238095283508301,0.0,38.90292739868164,8.77914935699664e-05,-0.049509406089782715,0.002620199229568243,2.4754490852355957,0.3266204297542572,0.03792654722929001,0.31192177534103394,3.558744430541992,0.4818502962589264,0.05740547925233841,0.25055626034736633,0.555324137210846,12.535426139831543,0.0,0.0,0.0,0.9060821533203125,0.021707773208618164,413.0,0.9245359897613525,8.119999885559082,-0.011788401752710342,-4.500683307647705,-0.00019943341612815857,0.20344559848308563,0.7067715525627136,0.8320258259773254,0.9810124039649963,0.4014250338077545,0.49620214104652405,0.8507564663887024,0.0
56,,,,,,,,,,,,,,,,,38.84722137451172,0.0001316872367169708,-0.04875793308019638,0.002765934681519866,,,,,,,,,,,,,,0.8904242515563965,0.024568796157836914,419.0,0.9227056503295898,8.170000076293945,-0.01204406563192606,-4.495321750640869,-0.00031599236535839736,0.19979965686798096,0.7111262679100037,0.8179346919059753,0.9790075421333313,0.3969562351703644,0.4957561790943146,0.8402816653251648,0.0
57,-0.23651058971881866,-1.1046388863178436e-05,0.010512256994843483,0.03661146014928818,0.04370948672294617,0.05092359334230423,0.02118712291121483,0.025745918974280357,0.04409514740109444,0.0,0.0,0.0,0.0,0.0,2.4000000953674316,0.0,38.78738021850586,8.77914935699664e-05,-0.04926169663667679,0.002973345573991537,2.6589226722717285,0.3137223720550537,0.03917190805077553,0.3027826249599457,3.77691650390625,0.5088092684745789,0.05752900242805481,0.2350798100233078,0.5423200726509094,13.454083442687988,0.0,0.0,0.0,0.9382188320159912,0.027122974395751953,397.0,0.9209612011909485,7.96999979019165,-0.011184429749846458,-4.568665027618408,-0.00028930840198881924,0.1991586685180664,0.7066012024879456,0.8289341926574707,0.9793069958686829,0.4013592302799225,0.4957282245159149,0.8441176414489746,0.0
58,-0.2545873522758484,-1.5497254935326055e-05,0.012227548286318779,0.03940726816654205,0.0455295667052269,0.05417965352535248,0.022035546600818634,0.02746439166367054,0.046108752489089966,0.0,0.0,0.0,0.0,0.0,2.04347825050354,0.0,38.737579345703125,8.77914935699664e-05,-0.04753267392516136,0.0035283092875033617,2.473020076751709,0.31377243995666504,0.04019387438893318,0.30645865201950073,3.4472553730010986,0.4868895411491394,0.06121809035539627,0.24451911449432373,0.5926445126533508,12.268719673156738,0.0,0.0,0.0,0.9133050441741943,0.021218061447143555,410.0,0.9194514751434326,8.100000381469727,-0.009859723970293999,-4.521671772003174,-0.0002709414402488619,0.22486597299575806,0.7107669711112976,0.8232139945030212,0.9789654612541199,0.40157246589660645,0.49597418308258057,0.8366131782531738,0.0
59,-0.2375149130821228,-1.111457731894916e-05,0.011918106116354465,0.03771871328353882,0.043991412967443466,0.051588479429483414,0.02124512381851673,0.026070160791277885,0.04451534152030945,0.0,0.0,0.0,0.0,0.0,2.2727272510528564,0.0,38.68848419189453,8.77914935699664e-05,-0.046772945672273636,0.0032839681953191757,2.7011568546295166,0.3072372078895569,0.0392301008105278,0.3151651918888092,3.501986503601074,0.4846673309803009,0.05669504404067993,0.24031971395015717,0.5502328872680664,12.213778495788574,0.0,0.0,0.0,0.9087488651275635,0.02191901206970215,412.0,0.9178175926208496,8.149999618530273,-0.009819758124649525,-4.482914447784424,-0.00022809549409430474,0.21895305812358856,0.71356201171875,0.8369459509849548,0.9806343913078308,0.40126338601112366,0.4958491325378418,0.8441774845123291,0.0
60,-0.22516854107379913,-3.0249113478930667e-05,0.00995735265314579,0.034497905522584915,0.041532114148139954,0.04841051623225212,0.02031293883919716,0.024468030780553818,0.04185531288385391,0.0,0.0,0.0,0.0,0.0,2.2857143878936768,0.0,38.63148880004883,0.0001316872367169708,-0.04831165820360184,0.003444885602220893,2.5280468463897705,0.28828805685043335,0.04048299044370651,0.2932524085044861,3.519202709197998,0.4752988815307617,0.05917336791753769,0.239953875541687,0.555271565914154,12.889537811279297,0.0,0.0,0.0,0.875802755355835,0.021864891052246094,427.0,0.9156211614608765,7.699999809265137,-0.008172925561666489,-4.5523223876953125,-0.0004493109881877899,0.19501061737537384,0.6981441378593445,0.8409687876701355,0.981740415096283,0.41239818930625916,0.4961181879043579,0.8466794490814209,0.0
61,-0.24802866578102112,-1.5604500731569715e-05,0.012455670163035393,0.03987085074186325,0.04583107680082321,0.053816139698028564,0.02209360897541046,0.02721411921083927,0.04654384031891823,0.0,0.0,0.0,0.0,0.0,2.3499999046325684,0.0,38.559608459472656,8.77914935699664e-05,-0.05006065592169762,0.0026998668909072876,2.5250580310821533,0.2895827889442444,0.03899281099438667,0.3065202236175537,3.3418116569519043,0.4652594029903412,0.05793527886271477,0.24842122197151184,0.5482458472251892,11.757142066955566,0.0,0.0,0.0,1.0649092197418213,0.022934913635253906,352.0,0.9136643409729004,7.71999979019165,0.0013443668140098453,-4.39916467666626,-0.00029689897201023996,0.22380168735980988,0.7237710356712341,0.8239882588386536,0.9801055788993835,0.4005562961101532,0.4958951473236084,0.8461139798164368,0.0
62,-0.22970621287822723,-1.2681541193160228e-05,0.010514025576412678,0.037333570420742035,0.04291985556483269,0.05115479603409767,0.020937148481607437,0.025877896696329117,0.043973345309495926,0.0,0.0,0.0,0.0,0.0,2.6315789222717285,0.0,38.50639343261719,8.77914935699664e-05,-0.04321799799799919,0.0030485682655125856,2.5072410106658936,0.3223465085029602,0.039645660668611526,0.29984232783317566,3.693696975708008,0.47667011618614197,0.05714784190058708,0.245655819773674,0.560050904750824,12.97281551361084,0.0,0.0,0.0,0.9081032276153564,0.020726680755615234,413.0,0.9121339917182922,7.960000038146973,0.012532971799373627,-4.4171462059021,-0.0002323763183085248,0.21596890687942505,0.7190131545066833,0.8341012001037598,0.9819232821464539,0.40718552470207214,0.49607256054878235,0.8500565886497498,0.0
63,-0.2117854803800583,-2.1614019715343602e-05,0.012103542685508728,0.03588135913014412,0.041448816657066345,0.048630066215991974,0.020654955878853798,0.02455355040729046,0.042231641709804535,0.0,0.0,0.0,0.0,0.0,2.944444417953491,0.0,38.45539093017578,0.0001316872367169708,-0.04559267684817314,0.0031376047991216183,2.347116231918335,0.3171344995498657,0.037199005484580994,0.27912887930870056,3.2826759815216064,0.45485326647758484,0.05544106662273407,0.23694480955600739,0.5588885545730591,11.814443588256836,0.0,0.0,0.0,1.009526014328003,0.03624081611633301,367.0,0.9102870225906372,7.619999885559082,0.027801234275102615,-4.281670093536377,-0.00041250581853091717,0.22740419209003448,0.7209802269935608,0.8340817093849182,0.9822376370429993,0.41226986050605774,0.49632278084754944,0.8517265319824219,0.0
64,-0.22934956848621368,-2.0828285414609127e-05,0.011694822460412979,0.03895458206534386,0.04514789208769798,0.05262863263487816,0.022041797637939453,0.026595426723361015,0.0454716719686985,0.0,0.0,0.0,0.0,0.0,2.1818182468414307,0.0,38.39418029785156,8.77914935699664e-05,-0.05179428681731224,0.0031174374744296074,2.2874772548675537,0.32603541016578674,0.036057669669389725,0.2807101011276245,3.4344842433929443,0.45588529109954834,0.05471328645944595,0.22712109982967377,0.5404886603355408,12.833333969116211,0.0,0.0,0.0,1.117908000946045,0.02358102798461914,336.0,0.9085784554481506,7.679999828338623,0.03998464345932007,-4.255927085876465,-0.0003780435072258115,0.2142319232225418,0.7237023711204529,0.8453928828239441,0.9824978709220886,0.41291651129722595,0.4963887631893158,0.8478559851646423,0.0
65,-0.2539263963699341,-5.897053142689401e-06,0.012387750670313835,0.04117707535624504,0.046277038753032684,0.055384498089551926,0.02253054454922676,0.028054678812623024,0.047584354877471924,0.0,0.0,0.0,0.0,0.0,2.299999952316284,0.0,38.345096588134766,0.0001316872367169708,-0.04243391752243042,0.0028354215901345015,2.574450969696045,0.3557965159416199,0.037857282906770706,0.30179563164711,3.5852298736572266,0.48888683319091797,0.0580722875893116,0.25497567653656006,0.5699496865272522,13.272695541381836,0.0,0.0,0.0,0.9983339309692383,0.023392200469970703,375.0,0.9069805145263672,8.25,0.02762128785252571,-4.382900238037109,-6.783290154999122e-05,0.21425499022006989,0.7266510128974915,0.8150224685668945,0.9791337847709656,0.3977811336517334,0.4960440695285797,0.8405845761299133,0.0
66,-0.2238120287656784,-7.956797162478324e-06,0.011341126635670662,0.03866639733314514,0.0449073389172554,0.05218600481748581,0.02185937762260437,0.02638513781130314,0.045328538864851,0.0,0.0,0.0,0.0,0.0,2.4000000953674316,0.0,38.2913932800293,8.77914935699664e-05,-0.05242611840367317,0.002800911897793412,2.4153189659118652,0.2830553948879242,0.03767479211091995,0.2885461449623108,3.552511215209961,0.4785279333591461,0.05695338174700737,0.23890797793865204,0.5379087328910828,12.806330680847168,0.0,0.0,0.0,0.903313159942627,0.022403717041015625,414.0,0.9054245948791504,8.279999732971191,0.031134366989135742,-4.215750217437744,-0.0001737028214847669,0.21984140574932098,0.7305830121040344,0.8410120606422424,0.9814664721488953,0.40924331545829773,0.4962272644042969,0.8500509858131409,0.0
67,-0.2180798202753067,-1.1099770745204296e-05,0.011009753681719303,0.03600001707673073,0.04259394481778145,0.049514289945364,0.02073161117732525,0.02501322701573372,0.04268008470535278,0.0,0.0,0.0,0.0,0.0,2.2272727489471436,0.0,38.24238204956055,0.0001316872367169708,-0.04322056472301483,0.002895225305110216,2.5083301067352295,0.32838723063468933,0.03783230483531952,0.29052773118019104,3.738706350326538,0.4978480041027069,0.056238021701574326,0.2314828336238861,0.5580770373344421,13.986186981201172,0.0,0.0,0.0,0.9602220058441162,0.021094083786010742,391.0,0.90366530418396,7.829999923706055,0.037904348224401474,-4.305880069732666,-0.00024013331858441234,0.21554625034332275,0.722629964351654,0.847968578338623,0.9830573201179504,0.41544726490974426,0.49636363983154297,0.8488995432853699,0.0
68,-0.23052315413951874,-8.745761078898795e-06,0.011802718043327332,0.039377614855766296,0.04503865912556648,0.05232144147157669,0.022636782377958298,0.02638806588947773,0.04496508091688156,0.0,0.0,0.0,0.0,0.0,2.2857143878936768,0.0,38.179412841796875,8.77914935699664e-05,-0.05315679684281349,0.0031418658327311277,2.306457996368408,0.3172230124473572,0.03524167835712433,0.26908165216445923,3.5459110736846924,0.4660932123661041,0.052517522126436234,0.23486939072608948,0.5404964089393616,13.50940227508545,0.0,0.0,0.0,0.9364678859710693,0.02507328987121582,399.0,0.9017853140830994,7.769999980926514,0.03804197162389755,-4.237814426422119,-0.00016793191025499254,0.22006411850452423,0.7309479713439941,0.8464205265045166,0.9841514229774475,0.42112529277801514,0.4966599941253662,0.8446300029754639,0.0
69,-0.21492533385753632,-1.116768271458568e-05,0.010814858600497246,0.036913495510816574,0.0426848940551281,0.05038151890039444,0.02125481329858303,0.025473251938819885,0.04311990737915039,0.0,0.0,0.0,0.0,0.0,2.3809523582458496,0.0,38.12614822387695,8.77914935699664e-05,-0.04266932234168053,0.0030276551842689514,2.4396350383758545,0.3109421730041504,0.03680122643709183,0.27768731117248535,3.4058566093444824,0.46558529138565063,0.05641244724392891,0.2533518970012665,0.5753623247146606,12.323890686035156,0.0,0.0,0.0,1.2872810363769531,0.023580074310302734,292.0,0.9002650380134583,7.760000228881836,0.04819115623831749,-4.206362247467041,-0.00022688980970997363,0.21634511649608612,0.7214292883872986,0.8327253460884094,0.9817042350769043,0.41501879692077637,0.4963509738445282,0.8402374386787415,0.0
70,-0.22717899084091187,-7.889652806625236e-06,0.0131840156391263,0.04090088605880737,0.04588397219777107,0.05384021997451782,0.022751953452825546,0.027185847982764244,0.04607319086790085,0.0,0.0,0.0,0.0,0.0,2.6111111640930176,0.0,38.07664108276367,0.0001316872367169708,-0.04140651226043701,0.004568199161440134,2.357548713684082,0.30734074115753174,0.03706161305308342,0.27816739678382874,3.3375391960144043,0.45952218770980835,0.05530432239174843,0.23462891578674316,0.5687300562858582,12.23488712310791,0.0,0.0,0.0,0.9476089477539062,0.022172212600708008,395.0,0.8985742926597595,7.860000133514404,0.05542638525366783,-4.158274173736572,-0.0001344496849924326,0.23330385982990265,0.7473487854003906,0.8368797302246094,0.9832596778869629,0.4127216637134552,0.4966146945953369,0.8458898067474365,0.0
71,-0.23253899812698364,-1.5059284123708494e-05,0.011440934613347054,0.040579043328762054,0.04624779522418976,0.05360608920454979,0.02315717376768589,0.027056584134697914,0.04605834558606148,0.0,0.0,0.0,0.0,0.0,2.3684210777282715,0.0,38.018062591552734,0.0001316872367169708,-0.051458150148391724,0.0031557560432702303,2.598579168319702,0.3221696615219116,0.03606046363711357,0.2667437195777893,3.70931077003479,0.4459637999534607,0.05375665798783302,0.2269994616508484,0.5465821027755737,12.763504981994629,0.0,0.0,0.0,0.9195418357849121,0.022328853607177734,407.0,0.8967137932777405,8.09000015258789,0.05237797275185585,-4.237454891204834,-0.0001920075883390382,0.21983687579631805,0.7406395077705383,0.8491045832633972,0.9841790199279785,0.42367425560951233,0.49672576785087585,0.844294548034668,0.0
72,-0.22161710262298584,-5.951313596597174e-06,0.013210783712565899,0.0403815433382988,0.045183245092630386,0.05316857993602753,0.022361544892191887,0.026849666610360146,0.04557541757822037,0.0,0.0,0.0,0.0,0.0,2.4285714626312256,0.0,37.95895004272461,8.77914935699664e-05,-0.04538930952548981,0.00265894434414804,2.6609315872192383,0.3393082618713379,0.03447137773036957,0.2802909016609192,3.474280595779419,0.4821910262107849,0.053068455308675766,0.232932910323143,0.5486623048782349,12.077323913574219,0.0,0.0,0.0,0.9130189418792725,0.022436141967773438,410.0,0.8950682878494263,8.09000015258789,0.06234607845544815,-4.120707035064697,-0.00016187365690711886,0.2308615893125534,0.7418103218078613,0.8410897254943848,0.9834054112434387,0.413491815328598,0.4967658817768097,0.8446862101554871,0.0
73,-0.2204759269952774,-1.1213068319193553e-05,0.011738646775484085,0.039123762398958206,0.04513112083077431,0.05265871807932854,0.02228122018277645,0.026583757251501083,0.04535752534866333,0.0,0.0,0.0,0.0,0.0,2.190476179122925,0.0,37.91090393066406,8.77914935699664e-05,-0.04405074566602707,0.0024473629891872406,2.4476747512817383,0.3342241942882538,0.03710252791643143,0.27628976106643677,3.570281982421875,0.4648299515247345,0.054368939250707626,0.23756654560565948,0.5562735199928284,12.387702941894531,0.0,0.0,0.0,0.9140040874481201,0.022572040557861328,410.0,0.8936445116996765,8.010000228881836,0.06563112139701843,-4.1367340087890625,-0.00021944905165582895,0.21468107402324677,0.7348540425300598,0.839754581451416,0.9835307002067566,0.4185361862182617,0.49658119678497314,0.8418786525726318,0.0
74,-0.21422263979911804,-5.55359019926982e-06,0.012447424232959747,0.03907555714249611,0.0438208281993866,0.05131131783127785,0.02213897742331028,0.02590319886803627,0.044138725847005844,0.0,0.0,0.0,0.0,0.0,2.13043475151062,0.0,37.86128616333008,0.0001316872367169708,-0.045131996273994446,0.0027621001936495304,2.111769914627075,0.26843497157096863,0.03273013234138489,0.25986453890800476,3.3504326343536377,0.4211661219596863,0.0522771030664444,0.22912681102752686,0.5383865237236023,12.049873352050781,0.0,0.0,0.0,0.8883142471313477,0.02299189567565918,421.0,0.8918404579162598,7.880000114440918,0.06882921606302261,-4.1137375831604,-0.00014553054643329233,0.24731266498565674,0.7519882321357727,0.8405265808105469,0.9847580790519714,0.42192354798316956,0.4971243441104889,0.8456860184669495,0.0
75,-0.23503649234771729,-6.9488928602368105e-06,0.01359079871326685,0.04382873699069023,0.04781884327530861,0.05620070919394493,0.023847369477152824,0.028361555188894272,0.04832819476723671,0.0,0.0,0.0,0.0,0.0,2.3333332538604736,0.0,37.79962158203125,5.852766480529681e-05,-0.049338508397340775,0.002908746711909771,2.1789824962615967,0.32578492164611816,0.03023500367999077,0.2648490369319916,3.372316360473633,0.4148961901664734,0.048466432839632034,0.23284299671649933,0.5394250154495239,12.854402542114258,0.0,0.0,0.0,0.9318947792053223,0.02275824546813965,402.0,0.8902170658111572,8.119999885559082,0.06689684092998505,-4.229499340057373,-0.00011591372458497062,0.24015963077545166,0.7618549466133118,0.8367646336555481,0.9848084449768066,0.4117838144302368,0.4972527027130127,0.8438637852668762,0.0
76,,,,,,,,,,,,,,,,,37.75395965576172,0.0001316872367169708,-0.04347725212574005,0.0028239828534424305,,,,,,,,,,,,,,0.9196338653564453,0.022478103637695312,407.0,0.8886364698410034,8.380000114440918,0.07014145702123642,-4.082170486450195,-5.765509558841586e-05,0.2230294942855835,0.7473310828208923,0.8438870310783386,0.9849047660827637,0.4245651066303253,0.4972256124019623,0.8464651703834534,0.0
77,-0.2179226577281952,-7.764458132442087e-06,0.012105138041079044,0.03946622461080551,0.04484693706035614,0.051857877522706985,0.022056467831134796,0.026189835742115974,0.044791337102651596,0.0,0.0,0.0,0.0,0.0,2.21052622795105,0.0,37.69257354736328,8.77914935699664e-05,-0.05528802052140236,0.002082312945276499,2.061575174331665,0.28594857454299927,0.035120826214551926,0.27238360047340393,3.1408793926239014,0.4048156142234802,0.05429818108677864,0.21595452725887299,0.549320638179779,11.65468978881836,0.0,0.0,0.0,0.92576003074646,0.022126197814941406,405.0,0.8867645263671875,8.270000457763672,0.07084248960018158,-4.136722564697266,-8.380500366911292e-05,0.23664967715740204,0.758009135723114,0.8487076759338379,0.9849821925163269,0.42118993401527405,0.49727320671081543,0.850814163684845,0.0
78,-0.23940812051296234,-4.9240361477131955e-06,0.014461513608694077,0.045163147151470184,0.0495411716401577,0.05839709937572479,0.024549100548028946,0.029506752267479897,0.049860335886478424,0.0,0.0,0.0,0.0,0.0,2.444444417953491,0.0,37.64004135131836,8.77914935699664e-05,-0.04853953421115875,0.0025887421797960997,2.5564451217651367,0.34468528628349304,0.03198150917887688,0.2711371183395386,3.4964654445648193,0.4504522681236267,0.05036098510026932,0.22354915738105774,0.5311343669891357,12.355234146118164,0.0,0.0,0.0,0.934211015701294,0.022822856903076172,401.0,0.8853570222854614,8.539999961853027,0.08697786182165146,-3.9899892807006836,-7.111677405191585e-05,0.23858313262462616,0.7583606243133545,0.8282365798950195,0.9832508563995361,0.40866121649742126,0.49710318446159363,0.8398024439811707,0.0
79,-0.26076769828796387,-8.172241905413102e-06,0.014799949713051319,0.0491630919277668,0.05322153866291046,0.06327236443758011,0.02587738260626793,0.03197917342185974,0.053955528885126114,0.0,0.0,0.0,0.0,0.0,2.1578948497772217,0.0,37.596317291259766,8.77914935699664e-05,-0.044780585914850235,0.003509128000587225,2.2117626667022705,0.2981925308704376,0.03516186401247978,0.28548693656921387,3.2838408946990967,0.4122776687145233,0.052621081471443176,0.23439085483551025,0.57014000415802,12.161301612854004,0.0,0.0,0.0,0.928004264831543,0.021916866302490234,404.0,0.8840852975845337,9.039999961853027,0.09366991370916367,-4.127834320068359,-0.00011299383913865313,0.23978646099567413,0.771256685256958,0.8401204943656921,0.9842962622642517,0.4090590178966522,0.4967312812805176,0.8413408398628235,0.0
80,-0.2444538027048111,-1.9643061932583805e-06,0.014902332797646523,0.04494653642177582,0.04917636513710022,0.0576966218650341,0.02436930499970913,0.029117226600646973,0.04911253601312637,0.0,0.0,0.0,0.0,0.0,1.95652174949646,0.0,37.5566520690918,8.77914935699664e-05,-0.044901855289936066,0.0025206166319549084,2.373185873031616,0.32061901688575745,0.033353082835674286,0.27629354596138,3.070180892944336,0.4061533510684967,0.05079137161374092,0.23558294773101807,0.5691201686859131,11.207488059997559,0.0,0.0,0.0,1.1978428363800049,0.023252010345458984,314.0,0.8829362988471985,9.109999656677246,0.09125574678182602,-4.061996936798096,-3.5134897188981995e-05,0.2562623918056488,0.7654175162315369,0.836783230304718,0.9846212863922119,0.4128986895084381,0.49700963497161865,0.8343832492828369,0.0
81,,,,,,,,,,,,,,,,,37.511993408203125,0.0001316872367169708,-0.051326934248209,0.0028506997041404247,,,,,,,,,,,,,,0.9016408920288086,0.025482892990112305,414.0,0.8812004923820496,8.800000190734863,0.0850943922996521,-4.167024612426758,-0.00013689324259757996,0.2268642634153366,0.762091875076294,0.8420445322990417,0.9848189353942871,0.4218045473098755,0.4968671500682831,0.8433799743652344,0.0
82,,,,,,,,,,,,,,,,,37.45270538330078,8.77914935699664e-05,-0.049854863435029984,0.0029737064614892006,,,,,,,,,,,,,,0.9313900470733643,0.022815942764282227,402.0,0.8795884847640991,8.930000305175781,0.08691689372062683,-4.00747537612915,-8.864954725140706e-05,0.24395251274108887,0.7621272206306458,0.8413880467414856,0.9848079681396484,0.4112420380115509,0.4966700077056885,0.8374443650245667,0.0
83,-0.2426387071609497,-1.1076589544245508e-05,0.014873567037284374,0.045633990317583084,0.05027901381254196,0.05887434631586075,0.025012841448187828,0.02973153442144394,0.05025285854935646,0.0,0.0,0.0,0.0,0.0,2.047619104385376,0.0,37.39940643310547,0.0001316872367169708,-0.045286305248737335,0.002627995330840349,2.2565667629241943,0.32954391837120056,0.03353925794363022,0.264960914850235,3.425006628036499,0.44753411412239075,0.048907190561294556,0.22167912125587463,0.5547219514846802,12.736804962158203,0.0,0.0,0.0,0.9138298034667969,0.021921157836914062,410.0,0.8776641488075256,9.0,0.09811901301145554,-4.019503116607666,-0.00016738598060328513,0.24315518140792847,0.7711017727851868,0.8451853394508362,0.9847730994224548,0.42148101329803467,0.49705350399017334,0.8393139839172363,0.0
84,,,,,,,,,,,,,,,,,37.33224105834961,8.77914935699664e-05,-0.05174795910716057,0.0034765158779919147,,,,,,,,,,,,,,0.8946418762207031,0.022881031036376953,418.0,0.8758552074432373,9.390000343322754,0.10231974720954895,-3.9971606731414795,-5.684072675649077e-05,0.2530531883239746,0.7802026271820068,0.8301441073417664,0.9847745299339294,0.4048689901828766,0.4967239201068878,0.8251914978027344,0.0
85,-0.25572097301483154,-4.780222297995351e-06,0.01616487465798855,0.05150804668664932,0.056094858795404434,0.06529130041599274,0.027730369940400124,0.03289845958352089,0.0556737519800663,0.0,0.0,0.0,0.0,0.0,1.8181818723678589,0.0,37.28196334838867,8.77914935699664e-05,-0.04807374253869057,0.002915091346949339,2.6498970985412598,0.32140031456947327,0.032879021018743515,0.2628374993801117,3.3717644214630127,0.4629206955432892,0.047254834324121475,0.21613632142543793,0.559879720211029,12.297235488891602,0.0,0.0,0.0,0.949099063873291,0.02235698699951172,395.0,0.8745397925376892,9.850000381469727,0.12619991600513458,-3.9241669178009033,-8.277863526018336e-05,0.2448101043701172,0.7797274589538574,0.8479340076446533,0.9868267178535461,0.42242157459259033,0.4970584213733673,0.8387801051139832,0.0
86,-0.25740399956703186,-8.45641170599265e-06,0.0159438606351614,0.050694528967142105,0.05485577881336212,0.06443359702825546,0.027071485295891762,0.03247866407036781,0.0544252023100853,0.0,0.0,0.0,0.0,0.0,2.0526316165924072,0.0,37.239532470703125,8.77914935699664e-05,-0.04478927701711655,0.002934538759291172,2.6038448810577393,0.33929795026779175,0.03179072216153145,0.2571427822113037,3.5174171924591064,0.4404764771461487,0.047030456364154816,0.22215963900089264,0.5541214346885681,13.169208526611328,0.0,0.0,0.0,1.0544030666351318,0.02243208885192871,356.0,0.8732703328132629,9.989999771118164,0.13001418113708496,-3.8862669467926025,-0.00023805529053788632,0.25054609775543213,0.7777929902076721,0.8403995633125305,0.9857881665229797,0.4176173508167267,0.49711355566978455,0.8371757864952087,0.0
87,-0.25098520517349243,-1.4041200984138413e-06,0.016380473971366882,0.05018950626254082,0.05414823442697525,0.06257142126560211,0.027581457048654556,0.03153769299387932,0.053288646042346954,0.0,0.0,0.0,0.0,0.0,1.899999976158142,0.0,37.19271469116211,0.0001316872367169708,-0.04919374734163284,0.003260076977312565,2.0615439414978027,0.3182869553565979,0.031031256541609764,0.23322539031505585,3.1390419006347656,0.38317734003067017,0.045997291803359985,0.21579813957214355,0.5594339370727539,11.846585273742676,0.0,0.0,0.0,0.9397749900817871,0.023092031478881836,398.0,0.8715389966964722,9.819999694824219,0.13445496559143066,-4.007258892059326,-3.900230149156414e-05,0.26605167984962463,0.7962600588798523,0.8470327258110046,0.9867960810661316,0.4311240017414093,0.49751004576683044,0.8381208777427673,0.0
88,-0.2737976312637329,-2.264265049234382e-06,0.019344370812177658,0.055543843656778336,0.05840921401977539,0.06862324476242065,0.0288902185857296,0.03458733111619949,0.058102864772081375,0.0,0.0,0.0,0.0,0.0,2.1875,0.0,37.13019943237305,8.77914935699664e-05,-0.04840011149644852,0.0030634819995611906,2.276625156402588,0.3028532862663269,0.028861068189144135,0.2669644355773926,3.3842520713806152,0.41417810320854187,0.043401189148426056,0.21553407609462738,0.5570095181465149,12.189027786254883,0.0,0.0,0.0,0.9234719276428223,0.021445035934448242,406.0,0.8698049783706665,10.180000305175781,0.13148805499076843,-3.920768976211548,-8.462579899060074e-06,0.26691189408302307,0.7930309176445007,0.8438394665718079,0.9874162077903748,0.4135049283504486,0.49742627143859863,0.830690324306488,0.0
89,,,,,,,,,,,,,,,,,37.0829963684082,8.77914935699664e-05,-0.0454188771545887,0.003372995415702462,,,,,,,,,,,,,,0.9419682025909424,0.02260303497314453,398.0,0.8686358332633972,10.569999694824219,0.1546032428741455,-3.8142378330230713,-2.1866042516194284e-05,0.27546918392181396,0.7874653339385986,0.8110003471374512,0.979820728302002,0.3983112871646881,0.4888392984867096,0.7999909520149231,0.0
90,-0.3454195559024811,-4.635174718714552e-06,0.02505818009376526,0.0700860545039177,0.07357100397348404,0.08810803294181824,0.036199912428855896,0.04412941634654999,0.07300009578466415,0.0,0.0,0.0,0.0,0.0,1.5555555820465088,0.0,37.044944763183594,8.77914935699664e-05,-0.04671144112944603,0.005147280637174845,2.760544538497925,0.3249914348125458,0.04476390779018402,0.2734190821647644,3.772751808166504,0.4950571060180664,0.05101589486002922,0.22352910041809082,0.5861698389053345,13.069196701049805,0.0,0.0,0.0,0.9176201820373535,0.0240631103515625,407.0,0.8674924969673157,11.569999694824219,0.16876475512981415,-3.9311437606811523,-3.259622826590203e-05,0.25352463126182556,0.7731356024742126,0.824493408203125,0.9801061153411865,0.3661240041255951,0.4903663694858551,0.8032256960868835,0.0
91,-0.33022651076316833,-9.324389793619048e-06,0.020650681108236313,0.06438609212636948,0.0673915296792984,0.08085893094539642,0.030760133638978004,0.03958948329091072,0.06642431765794754,0.0,0.0,0.0714285746216774,0.0,0.0,1.8571428060531616,0.0,37.00944519042969,8.77914935699664e-05,-0.045228857547044754,0.008676283061504364,2.259563446044922,0.4193999767303467,0.052228547632694244,0.296536386013031,3.3070919513702393,0.45899730920791626,0.051738448441028595,0.21813656389713287,0.5902367234230042,12.924111366271973,0.0,0.0,0.0,1.061797857284546,0.023773193359375,353.0,0.8665663003921509,12.329999923706055,0.16264382004737854,-4.00648307800293,-0.00010061453212983906,0.24652540683746338,0.7582142949104309,0.7774978280067444,0.962394654750824,0.337600976228714,0.4694746732711792,0.7741602063179016,0.0
92,-0.4302334487438202,-2.387299389283726e-07,0.02568233385682106,0.0810631588101387,0.08242396265268326,0.10320140421390533,0.036017756909132004,0.051500916481018066,0.082492895424366,0.0,0.0,0.0,0.0,0.13333334028720856,1.6666666269302368,0.0,36.97993087768555,8.77914935699664e-05,-0.046011410653591156,0.007116785738617182,2.3796966075897217,0.3670404255390167,0.050260595977306366,0.3555905520915985,3.509251594543457,0.4772692322731018,0.05605415627360344,0.2499871402978897,0.6489036679267883,12.195937156677246,0.0,0.0,0.0,0.9014739990234375,0.021975994110107422,415.0,0.8657191395759583,14.229999542236328,0.14267031848430634,-3.975348472595215,-5.2627146942541e-06,0.24432331323623657,0.7529825568199158,0.760087251663208,0.9577009081840515,0.3656727969646454,0.4774136245250702,0.7781810760498047,0.0
93,,,,,,,,,,,,,,,,,36.951717376708984,8.77914935699664e-05,-0.04816460236907005,0.003974074497818947,,,,,,,,,,,,,,0.9724822044372559,0.025653839111328125,384.0,0.8648567795753479,14.079999923706055,0.1229475736618042,-3.9537699222564697,-1.780282946128864e-05,0.24533188343048096,0.7724547982215881,0.8060500025749207,0.9773740768432617,0.3890797197818756,0.4931976795196533,0.8085665702819824,0.0
94,-0.41720351576805115,-1.0555720109550748e-05,0.029908036813139915,0.08513844758272171,0.0848117247223854,0.10518346726894379,0.03737160190939903,0.0524868406355381,0.08285553008317947,0.0,0.0,0.0,0.0,0.0,1.5,0.0,36.92338943481445,8.77914935699664e-05,-0.04379699006676674,0.005766976159065962,2.3607659339904785,0.38222604990005493,0.06370805203914642,0.3468990921974182,3.525330066680908,0.4743492305278778,0.05679057911038399,0.23817113041877747,0.644199013710022,12.447471618652344,0.0,0.0,0.0,0.9148740768432617,0.02246403694152832,409.0,0.8640393018722534,15.350000381469727,0.12294651567935944,-3.884190797805786,-9.868863708106801e-05,0.2793170213699341,0.7888241410255432,0.7796309590339661,0.9747149348258972,0.35016950964927673,0.4870038330554962,0.7615604400634766,0.0
95,-0.3837105333805084,-5.335900823411066e-07,0.025243744254112244,0.07595077157020569,0.07589476555585861,0.09445377439260483,0.03798503801226616,0.047271981835365295,0.07617654651403427,0.0,0.0,0.0,0.0,0.05882352963089943,1.5882352590560913,0.0,36.89683151245117,8.77914935699664e-05,-0.046792738139629364,0.004968736320734024,2.3268697261810303,0.38327711820602417,0.051021963357925415,0.2536132335662842,3.3045806884765625,0.44451770186424255,0.054972533136606216,0.22865840792655945,0.6124987602233887,12.26006031036377,0.0,0.0,0.0,0.9111080169677734,0.022840023040771484,411.0,0.8632844686508179,15.579999923706055,0.14216360449790955,-3.881716012954712,-1.0386446774646174e-05,0.2655724585056305,0.7846472859382629,0.798168957233429,0.9724239706993103,0.3874298632144928,0.48744118213653564,0.7918623089790344,0.0
96,-0.3341159224510193,-6.22326297161635e-08,0.021315349265933037,0.06572315841913223,0.06963571161031723,0.0819583535194397,0.03513931483030319,0.04129229113459587,0.06750539690256119,0.0,0.0,0.0,0.0,0.0,1.6875,0.0,36.87313461303711,8.77914935699664e-05,-0.04437241330742836,0.004837361164391041,2.0992603302001953,0.3773553669452667,0.032618653029203415,0.22459104657173157,3.386549472808838,0.42960065603256226,0.04428572952747345,0.20419037342071533,0.577978253364563,13.489639282226562,0.0,0.0,0.0,0.9154758453369141,0.023546218872070312,408.0,0.8626593351364136,13.949999809265137,0.16195939481258392,-3.9399306774139404,-1.1668618071780656e-06,0.24472443759441376,0.7689024806022644,0.7829629778862,0.9698715209960938,0.35881364345550537,0.48751410841941833,0.7704565525054932,0.0
97,-0.41618791222572327,-5.958735300737317e-07,0.030024077743291855,0.08419061452150345,0.08408474177122116,0.10535994917154312,0.040195465087890625,0.05307209491729736,0.08271951973438263,0.0,0.0,0.0,0.0,0.1428571492433548,1.6428571939468384,0.0,36.85222625732422,8.77914935699664e-05,-0.04878973215818405,0.005328801926225424,2.749695301055908,0.3680412173271179,0.05074460059404373,0.2985375225543976,3.2043540477752686,0.4869397282600403,0.057576023042201996,0.2521655559539795,0.6515756249427795,10.95938777923584,0.0,0.0,0.0,0.9096291065216064,0.023504972457885742,411.0,0.8619909286499023,15.010000228881836,0.162225604057312,-3.8874242305755615,-6.517366273328662e-06,0.2866634726524353,0.7891436219215393,0.8128089904785156,0.9752574563026428,0.3925732374191284,0.4873945415019989,0.7887805104255676,0.0
98,-0.3249067962169647,-6.597211950065685e-07,0.023284776136279106,0.06814707070589066,0.0724574476480484,0.0835660770535469,0.03504006564617157,0.0419536791741848,0.0692133828997612,0.0,0.0,0.0,0.0,0.0,2.0,0.0,36.823177337646484,8.77914935699664e-05,-0.04343758150935173,0.003343624761328101,2.596435546875,0.34142521023750305,0.03360489383339882,0.24856501817703247,3.2644619941711426,0.4171693027019501,0.039702095091342926,0.19821545481681824,0.5703226923942566,11.505179405212402,0.0,0.0,0.0,0.9483621120452881,0.022030115127563477,395.0,0.8608707189559937,14.039999961853027,0.1702888458967209,-3.8135745525360107,-1.546221574244555e-05,0.27591630816459656,0.809249222278595,0.8512784838676453,0.9879929423332214,0.4268970787525177,0.4966079294681549,0.8227226138114929,0.0
99,,,,,,,,,,,,,,,,,36.783939361572266,8.77914935699664e-05,-0.04416085034608841,0.0040421620942652225,,,,,,,,,,,,,,0.9317598342895508,0.02375030517578125,401.0,0.8597162961959839,14.210000038146973,0.18123629689216614,-3.976930618286133,0.0,0.25839194655418396,0.7978413701057434,0.8278534412384033,0.985590398311615,0.41606321930885315,0.49520906805992126,0.7996749877929688,0.0
100,-0.3384166359901428,0.0,0.023286888375878334,0.0709851086139679,0.07498475909233093,0.08781836926937103,0.03714105859398842,0.04421689733862877,0.07140203565359116,0.0,0.0,0.0,0.0,0.0,1.6666666269302368,0.0,36.746063232421875,8.77914935699664e-05,-0.045199744403362274,0.0037027718499302864,2.579773187637329,0.33004486560821533,0.03623940050601959,0.23010338842868805,3.49208402633667,0.4517494738101959,0.04395614564418793,0.20462928712368011,0.6173294186592102,12.228245735168457,0.0,0.0,0.0,0.9396288394927979,0.022965192794799805,398.0,0.8586171269416809,13.619999885559082,0.20960691571235657,-3.8359997272491455,0.0,0.25399622321128845,0.7960982322692871,0.8401696085929871,0.9863340854644775,0.4097766876220703,0.4963964521884918,0.8054487109184265,0.0
101,-0.38703787326812744,0.0,0.025522777810692787,0.07782090455293655,0.08283122628927231,0.09735206514596939,0.040307898074388504,0.04881209880113602,0.07908918708562851,0.0,0.0,0.0,0.0,0.0,1.600000023841858,0.0,36.70735549926758,8.77914935699664e-05,-0.04465235769748688,0.0047207060270011425,2.552553653717041,0.45622679591178894,0.04831934720277786,0.2626948654651642,3.522669553756714,0.4646944999694824,0.04816192761063576,0.2010142058134079,0.626445472240448,13.23375129699707,0.0,0.0,0.0,0.9206581115722656,0.021402835845947266,407.0,0.8574234247207642,13.90999984741211,0.202223539352417,-3.822660207748413,0.0,0.26942065358161926,0.7848296165466309,0.841421902179718,0.9834370017051697,0.403778076171875,0.49190250039100647,0.7998843789100647,0.0
102,,,,,,,,,,,,,,,,,36.669734954833984,8.77914935699664e-05,-0.04892256110906601,0.0031314692460000515,,,,,,,,,,,,,,0.9366519451141357,0.02289104461669922,400.0,0.8564030528068542,14.149999618530273,0.2005230188369751,-3.8894031047821045,-0.00010043739894172177,0.24449960887432098,0.7867854237556458,0.8206556439399719,0.9827935695648193,0.3857838213443756,0.49478980898857117,0.7967729568481445,0.0
103,-0.4030546545982361,-1.1035033509187997e-07,0.026207981631159782,0.08120746165513992,0.08606808632612228,0.10082920640707016,0.041898731142282486,0.050560448318719864,0.08152944594621658,0.0,0.0,0.0,0.0,0.0,1.7333333492279053,0.0,36.63440704345703,5.852766480529681e-05,-0.04317647963762283,0.0040372577495872974,2.2933647632598877,0.35643279552459717,0.04204525798559189,0.22075961530208588,3.275047779083252,0.4479202330112457,0.0440850593149662,0.2020168900489807,0.6255453824996948,12.136748313903809,0.0,0.0,0.0,0.9539098739624023,0.04119515419006348,385.0,0.8553977012634277,14.430000305175781,0.2055417001247406,-3.8048794269561768,-1.467404217692092e-06,0.2717162072658539,0.8024991154670715,0.8494078516960144,0.9867286682128906,0.4272903501987457,0.49502435326576233,0.80126953125,0.0
104,-0.41406112909317017,-2.2995764084043913e-06,0.031065957620739937,0.08881867676973343,0.09293418377637863,0.10920737683773041,0.04691292345523834,0.054925404489040375,0.08768431097269058,0.0,0.0,0.0,0.0,0.0,1.8461538553237915,0.0,36.600067138671875,0.0001316872367169708,-0.045662909746170044,0.005693893413990736,2.4300217628479004,0.44461819529533386,0.04065084084868431,0.2151796966791153,3.365773916244507,0.4733232855796814,0.04407474771142006,0.1991628110408783,0.6555745005607605,13.321450233459473,0.0,0.0,0.0,0.9715807437896729,0.022367000579833984,386.0,0.8541628122329712,15.550000190734863,0.22579441964626312,-3.8271496295928955,-2.3180837160907686e-05,0.2834925949573517,0.7988877892494202,0.8373792767524719,0.9833869934082031,0.4150071442127228,0.49501264095306396,0.7877140045166016,0.0
105,,,,,,,,,,,,,,,,,36.55207061767578,8.77914935699664e-05,-0.055872756987810135,0.003047271864488721,,,,,,,,,,,,,,0.9054043292999268,0.022912025451660156,413.0,0.8528512716293335,15.170000076293945,0.2358837127685547,-3.770258665084839,0.0,0.27203309535980225,0.8086382746696472,0.8383512496948242,0.9861752986907959,0.40170225501060486,0.49549993872642517,0.792823314666748,0.0
106,-0.4191088378429413,-2.5536635348544223e-06,0.02941366471350193,0.08814100176095963,0.09245124459266663,0.11028440296649933,0.04638690873980522,0.055247481912374496,0.08783448487520218,0.0,0.0,0.0,0.0,0.0,1.263157844543457,0.0,36.513755798339844,8.77914935699664e-05,-0.049156010150909424,0.00431603891775012,3.0167689323425293,0.4180810749530792,0.05920611694455147,0.22080087661743164,3.7591583728790283,0.5317480564117432,0.05259581282734871,0.21402432024478912,0.6584818959236145,12.615191459655762,0.0,0.0,0.0,0.9144039154052734,0.023023128509521484,409.0,0.85181725025177,15.880000114440918,0.25117796659469604,-3.8026511669158936,-1.899245944514405e-05,0.2521336078643799,0.771150529384613,0.8200224041938782,0.9806141257286072,0.4035143554210663,0.49158599972724915,0.781675398349762,0.0
107,,,,,,,,,,,,,,,,,36.48046112060547,8.77914935699664e-05,-0.04690881073474884,0.0034133915323764086,,,,,,,,,,,,,,0.9099178314208984,0.022259950637817383,411.0,0.8509126901626587,16.530000686645508,0.25677046179771423,-3.845167875289917,-3.700262459460646e-05,0.25901511311531067,0.779569149017334,0.8410823941230774,0.9827386736869812,0.40921416878700256,0.4941467344760895,0.7802016139030457,0.0
108,-0.40747106075286865,-8.183175850717817e-06,0.028316562995314598,0.08448279649019241,0.09036089479923248,0.10526154190301895,0.045047320425510406,0.0529741495847702,0.08422046899795532,0.0,0.0,0.0,0.0,0.0,1.8181818723678589,0.0,36.44944381713867,8.77914935699664e-05,-0.03967457264661789,0.009333410300314426,2.3660638332366943,0.3706352412700653,0.04491390660405159,0.21699438989162445,2.859198570251465,0.4224340319633484,0.049760088324546814,0.19783778488636017,0.6470323801040649,10.465649604797363,0.0,0.0,0.0,0.9009521007537842,0.023724079132080078,415.0,0.8499827980995178,16.530000686645508,0.25709226727485657,-3.764009714126587,-2.3072016119840555e-05,0.26012349128723145,0.7674236297607422,0.7946693301200867,0.9688703417778015,0.3854576647281647,0.48514774441719055,0.7634783387184143,0.0
109,-0.49484726786613464,-2.4574862891313387e-06,0.03396948054432869,0.098713219165802,0.1027422770857811,0.1253366619348526,0.0477709025144577,0.06261394172906876,0.09984433650970459,0.0,0.0,0.0833333358168602,0.0,0.0833333358168602,1.75,0.0,36.413307189941406,8.77914935699664e-05,-0.04912284389138222,0.002907051471993327,2.4498074054718018,0.4891960620880127,0.08263494819402695,0.28184953331947327,3.1563873291015625,0.530905544757843,0.06752454489469528,0.23506416380405426,0.6389096975326538,11.273163795471191,0.0,0.0,0.0,0.9454331398010254,0.022452831268310547,396.0,0.8488090634346008,17.34000015258789,0.24522161483764648,-3.8387842178344727,-2.6976646040566266e-05,0.25969651341438293,0.7754330635070801,0.8178194165229797,0.9758321642875671,0.40240344405174255,0.48956939578056335,0.783320963382721,0.0
110,,,,,,,,,,,,,,,,,36.377010345458984,8.77914935699664e-05,-0.04008590802550316,0.0034480090253055096,,,,,,,,,,,,,,0.9194929599761963,0.021492958068847656,408.0,0.8478713631629944,17.270000457763672,0.2381804883480072,-3.731908082962036,-8.227487705880776e-05,0.29051241278648376,0.7932927012443542,0.8310319781303406,0.9785051345825195,0.41662082076072693,0.49091920256614685,0.7805725932121277,0.0
111,-0.4293016195297241,-1.1251385956256854e-07,0.03339768946170807,0.09318578988313675,0.09793876856565475,0.1136353611946106,0.04881400242447853,0.05709877237677574,0.09148205071687698,0.0,0.0,0.0,0.0,0.0,1.2941176891326904,0.0,36.34382629394531,8.77914935699664e-05,-0.04546251893043518,0.0039635319262743,2.4615819454193115,0.435188353061676,0.04639540612697601,0.22297680377960205,3.152387857437134,0.4386546313762665,0.04622287675738335,0.21241351962089539,0.6458448171615601,11.231943130493164,0.0,0.0,0.0,0.9453837871551514,0.022553205490112305,396.0,0.846867024898529,17.40999984741211,0.2610670030117035,-3.6700973510742188,-1.9779010472120717e-05,0.26958784461021423,0.8064605593681335,0.8495175242424011,0.9869098663330078,0.4223034381866455,0.495201975107193,0.7943286895751953,0.0
112,-0.4186554253101349,-2.412486992398044e-06,0.033000387251377106,0.09286181628704071,0.09610466659069061,0.11392123997211456,0.05060221999883652,0.057337597012519836,0.09134555608034134,0.0,0.0,0.0,0.0,0.0,1.545454502105713,0.0,36.312278747558594,5.852766480529681e-05,-0.045458320528268814,0.006036017090082169,2.5153207778930664,0.4273515045642853,0.042772553861141205,0.1706744283437729,3.267503499984741,0.46368882060050964,0.044831033796072006,0.196722611784935,0.6391149163246155,11.72278118133545,0.0,0.0,0.0,0.9172580242156982,0.024316787719726562,407.0,0.8460922837257385,17.5,0.27776435017585754,-3.7160308361053467,-4.7664994440310693e-07,0.2683427333831787,0.7860450744628906,0.8048064708709717,0.9806432723999023,0.4012256860733032,0.49418875575065613,0.7723062634468079,0.0
113,-0.5404731035232544,-3.472050025266071e-08,0.03784576430916786,0.11254820972681046,0.11617649346590042,0.1402662992477417,0.053031325340270996,0.07034334540367126,0.10915818065404892,0.0,0.0,0.0,0.0,0.0,1.5,0.0,36.28840255737305,0.0001316872367169708,-0.04294000566005707,0.008001711219549179,2.3195383548736572,0.3687388002872467,0.060766011476516724,0.31820443272590637,3.1886589527130127,0.4564680755138397,0.05521424487233162,0.23073215782642365,0.6855326294898987,10.792475700378418,0.0,0.0,0.0,0.9459619522094727,0.023411035537719727,396.0,0.8453542590141296,17.799999237060547,0.28573668003082275,-3.7511093616485596,-1.6433923519798554e-05,0.25483229756355286,0.7631478905677795,0.765564501285553,0.9632582664489746,0.35544148087501526,0.47925233840942383,0.743747889995575,0.0
114,-0.5707430243492126,-2.715037680900423e-06,0.03767312690615654,0.11617011576890945,0.1149921715259552,0.1465177983045578,0.056532979011535645,0.07284512370824814,0.11303562670946121,0.0,0.0,0.0,0.0,0.13333334028720856,1.2666666507720947,0.0,36.25717544555664,8.77914935699664e-05,-0.051227468997240067,0.005820952821522951,2.7197468280792236,0.4147148132324219,0.0770997703075409,0.2796050012111664,3.9023208618164062,0.5758659243583679,0.06180807575583458,0.25730186700820923,0.7278321981430054,14.317902565002441,0.0,0.0,0.0,0.9312999248504639,0.02284693717956543,402.0,0.8444278836250305,18.559999465942383,0.2948453724384308,-3.698483467102051,-8.482800330966711e-05,0.2539129853248596,0.7767933011054993,0.808998167514801,0.9704692363739014,0.3874993324279785,0.4849992096424103,0.7801429629325867,0.0
115,,,,,,,,,,,,,,,,,36.23041915893555,8.77914935699664e-05,-0.0500977523624897,0.006882872432470322,,,,,,,,,,,,,,0.9159090518951416,0.023176908493041992,408.0,0.8437172174453735,19.200000762939453,0.29074063897132874,-3.838987350463867,-0.00012618231994565576,0.2472565621137619,0.7564554810523987,0.77946537733078,0.9641504883766174,0.3707233965396881,0.4832524061203003,0.7585967183113098,0.0
116,,,,,,,,,,,,,,,,,36.204261779785156,8.77914935699664e-05,-0.0515899658203125,0.011160217225551605,,,,,,,,,,,,,,0.9491918087005615,0.022451162338256836,395.0,0.8428930640220642,20.280000686645508,0.27766942977905273,-3.683260202407837,-3.076972279814072e-05,0.2642684876918793,0.7397331595420837,0.7186947464942932,0.94512939453125,0.33763787150382996,0.46517646312713623,0.7345672249794006,0.0
117,,,,,,,,,,,,,,,,,36.175392150878906,0.0001316872367169708,-0.04552546143531799,0.011198559775948524,,,,,,,,,,,,,,0.9090192317962646,0.023015975952148438,412.0,0.8420164585113525,21.100000381469727,0.26350486278533936,-3.6855809688568115,-4.470917701837607e-05,0.2715652883052826,0.7557780742645264,0.7637866139411926,0.9562395215034485,0.3832077085971832,0.4713480770587921,0.7599537372589111,0.0
118,-0.4615750312805176,-3.881084921886213e-06,0.034990254789590836,0.09963712096214294,0.09952688217163086,0.12308921664953232,0.0499107800424099,0.061750490218400955,0.09711354225873947,0.0,0.0,0.0,0.0,0.0833333358168602,1.25,0.0,36.142616271972656,8.77914935699664e-05,-0.05628548935055733,0.007683351635932922,2.187608480453491,0.4210883378982544,0.05197327211499214,0.22219403088092804,3.6314990520477295,0.49671125411987305,0.053938206285238266,0.23269951343536377,0.6691004633903503,13.277718544006348,0.0,0.0,0.0,0.8955559730529785,0.023758888244628906,417.0,0.8410499095916748,21.110000610351562,0.2607744038105011,-3.7108685970306396,-1.730657459120266e-05,0.25910845398902893,0.791329562664032,0.818045437335968,0.9801568388938904,0.3928464353084564,0.48970818519592285,0.7744439244270325,0.0
119,-0.6172381043434143,-2.657024651853135e-06,0.042770978063344955,0.126618891954422,0.1313331425189972,0.1597777009010315,0.06252436339855194,0.07916876673698425,0.12418694794178009,0.0,0.0,0.0,0.0,0.06666667014360428,1.3333333730697632,0.0,36.11160659790039,8.77914935699664e-05,-0.04746494069695473,0.008227410726249218,2.4038116931915283,0.4358268976211548,0.0834558978676796,0.28261345624923706,3.1949145793914795,0.4783630669116974,0.06307607144117355,0.24502068758010864,0.7190029621124268,11.074722290039062,0.0,0.0,0.0,0.960111141204834,0.023737668991088867,390.0,0.8402264714241028,21.729999542236328,0.27684977650642395,-3.773487091064453,-1.7178281268570572e-05,0.2575230896472931,0.7623038291931152,0.7810134291648865,0.9661626815795898,0.3766373097896576,0.477988600730896,0.750937283039093,0.0
120,,,,,,,,,,,,,,,,,36.08386993408203,0.0001316872367169708,-0.052783966064453125,0.005082393065094948,,,,,,,,,,,,,,1.00885009765625,0.022935152053833008,372.0,0.8393440842628479,21.579999923706055,0.27565473318099976,-3.6663448810577393,-9.857391205514432e-07,0.2848820090293884,0.8059460520744324,0.8400672078132629,0.9859538078308105,0.4058224856853485,0.49658724665641785,0.7805045247077942,0.0
121,,,,,,,,,,,,,,,,,36.04871368408203,8.77914935699664e-05,-0.056758422404527664,0.005296777002513409,,,,,,,,,,,,,,1.225649118423462,0.021960973739624023,307.0,0.8383320569992065,19.81999969482422,0.3048747479915619,-3.5266048908233643,-1.0021248044722597e-06,0.25823691487312317,0.7959368824958801,0.8354604244232178,0.983620822429657,0.4023486077785492,0.4943152964115143,0.7938377857208252,0.0
122,-0.4191622734069824,-6.649673878200701e-07,0.031546663492918015,0.09396203607320786,0.09926552325487137,0.11652767658233643,0.04818067327141762,0.05862859636545181,0.0930304080247879,0.0,0.0,0.0,0.0,0.0,1.4285714626312256,0.0,36.015567779541016,0.0001316872367169708,-0.04724903777241707,0.004506388679146767,2.1490371227264404,0.3109931945800781,0.035659320652484894,0.24240455031394958,3.220038890838623,0.40604501962661743,0.04267551377415657,0.2021164447069168,0.5903725028038025,11.481574058532715,0.0,0.0,0.0,1.6329569816589355,0.07252883911132812,225.0,0.8372766971588135,19.440000534057617,0.3221961259841919,-3.6966331005096436,-6.962412953726016e-06,0.2578887939453125,0.7909825444221497,0.8353090286254883,0.9838099479675293,0.40466833114624023,0.4956146776676178,0.7782644629478455,0.0
123,-0.49913665652275085,0.0,0.03491031378507614,0.10816457122564316,0.1131661906838417,0.13497798144817352,0.053709857165813446,0.06802378594875336,0.10498160868883133,0.0,0.0,0.0,0.0,0.0,1.2857142686843872,0.0,35.976219177246094,8.77914935699664e-05,-0.053337547928094864,0.003690079553052783,2.5834176540374756,0.39820125699043274,0.042581770569086075,0.2561119496822357,3.9282596111297607,0.47785457968711853,0.047260574996471405,0.21058964729309082,0.6942259073257446,12.887852668762207,0.0,0.0,0.0,1.0838980674743652,0.023941755294799805,346.0,0.8362367153167725,19.280000686645508,0.32722562551498413,-3.626960039138794,0.0,0.28000929951667786,0.7978140711784363,0.8243961334228516,0.9834880828857422,0.3890167772769928,0.49513235688209534,0.7772259712219238,0.0
124,-0.445861279964447,-1.511399148057535e-07,0.03766682744026184,0.09871170669794083,0.10161500424146652,0.12066059559583664,0.049103815108537674,0.060809385031461716,0.09670232236385345,0.0,0.0,0.0,0.0,0.0,1.3571428060531616,0.0,35.94063949584961,8.77914935699664e-05,-0.05007303133606911,0.005088117439299822,2.36808705329895,0.36871370673179626,0.03587029129266739,0.2509593963623047,3.3344361782073975,0.4626196324825287,0.04520062729716301,0.2108527272939682,0.6717978119850159,11.865457534790039,0.0,0.0,0.0,0.936898946762085,0.022595882415771484,400.0,0.8351143002510071,18.0,0.3360878825187683,-3.7047061920166016,-8.265463407042262e-07,0.28428974747657776,0.7983582019805908,0.8286351561546326,0.9842291474342346,0.3893110752105713,0.4950718879699707,0.7818980813026428,0.0
125,-0.4625493288040161,0.0,0.033762361854314804,0.10093677788972855,0.10466691851615906,0.12431955337524414,0.04731594771146774,0.06226162612438202,0.09890508651733398,0.0,0.0,0.0,0.0,0.0,1.5384615659713745,0.0,35.89981460571289,8.77914935699664e-05,-0.051557835191488266,0.003187027759850025,2.781446695327759,0.404501736164093,0.04416274279356003,0.3077363669872284,3.589663505554199,0.4666627049446106,0.04252246394753456,0.21785010397434235,0.6619025468826294,12.607433319091797,0.0,0.0,0.0,0.957956075668335,0.022845983505249023,391.0,0.8339157700538635,18.260000228881836,0.33435767889022827,-3.579535722732544,-1.7901116734719835e-05,0.2756289839744568,0.8010150790214539,0.8307215571403503,0.9834580421447754,0.3873326778411865,0.4931217133998871,0.7791867256164551,0.0
126,-0.4723842442035675,-2.970112291222904e-06,0.036071017384529114,0.10432446748018265,0.11014092713594437,0.13007795810699463,0.050534166395664215,0.06522414833307266,0.10394074022769928,0.0,0.0,0.0,0.0,0.0,1.384615421295166,0.0,35.85749053955078,0.0001316872367169708,-0.049828942865133286,0.004072252660989761,2.6881375312805176,0.3982488214969635,0.05616862326860428,0.30402013659477234,3.2934231758117676,0.4766976535320282,0.05554765835404396,0.22467650473117828,0.698579728603363,11.54073715209961,0.0,0.0,0.0,0.9584860801696777,0.022683143615722656,391.0,0.8325965404510498,19.139999389648438,0.35589203238487244,-3.5656769275665283,0.0,0.2649606764316559,0.7856034636497498,0.8184990882873535,0.9787982106208801,0.3872116506099701,0.49252423644065857,0.7777264714241028,0.0
127,-0.5172393321990967,-1.8187625755672343e-05,0.039322156459093094,0.11229979246854782,0.11576427519321442,0.13965994119644165,0.055425845086574554,0.06921207904815674,0.10898085683584213,0.0,0.0,0.0,0.0,0.0,1.4615384340286255,0.0,35.81010818481445,8.77914935699664e-05,-0.05915675684809685,0.0045723882503807545,2.8088459968566895,0.4920493960380554,0.0591370090842247,0.28046226501464844,3.631211280822754,0.5366580486297607,0.05169105529785156,0.22494357824325562,0.6915716528892517,13.472153663635254,0.0,0.0,0.0,0.9236741065979004,0.022499799728393555,405.0,0.8313817977905273,19.579999923706055,0.3558414578437805,-3.6447134017944336,-9.235903416993096e-05,0.28497380018234253,0.7896302342414856,0.8103415369987488,0.9777019619941711,0.3801475465297699,0.4850384294986725,0.7570917010307312,0.0
128,-0.40490129590034485,-3.73594821212464e-06,0.02983011119067669,0.09065308421850204,0.09401052445173264,0.11144959926605225,0.0464443676173687,0.05591675266623497,0.08949346840381622,0.0,0.0,0.0,0.0,0.0,1.3571428060531616,0.0,35.77412033081055,8.77914935699664e-05,-0.05464201048016548,0.005849495995789766,2.5441415309906006,0.3147893249988556,0.04316380247473717,0.26915496587753296,3.247419834136963,0.4129694104194641,0.04193102568387985,0.19885794818401337,0.6566028594970703,11.486079216003418,0.0,0.0,0.0,0.9618160724639893,0.02149367332458496,390.0,0.8304898738861084,19.469999313354492,0.35599035024642944,-3.6350271701812744,-5.6597142247483134e-05,0.26629671454429626,0.7856693863868713,0.8008213639259338,0.9710407257080078,0.4024945795536041,0.4790966808795929,0.7759389877319336,0.0
129,-0.6059240698814392,-8.41685505292844e-06,0.04511558637022972,0.12678325176239014,0.12740558385849,0.15770329535007477,0.06505479663610458,0.0769403874874115,0.12403547018766403,0.0,0.0,0.09090909361839294,0.0,0.09090909361839294,1.454545497894287,0.0,35.74282455444336,0.0001316872367169708,-0.04870743304491043,0.005195619072765112,2.7847414016723633,0.46418496966362,0.088950976729393,0.2519458830356598,3.516634225845337,0.5584999918937683,0.07428734004497528,0.2574058771133423,0.6506513953208923,12.42623519897461,0.0,0.0,0.0,0.937971830368042,0.023156166076660156,399.0,0.8295056819915771,20.18000030517578,0.35541215538978577,-3.5798003673553467,-7.796369573043194e-06,0.2752525508403778,0.7928741574287415,0.7984471321105957,0.9738388657569885,0.3908208906650543,0.4891090393066406,0.7649898529052734,0.0
130,-0.5179534554481506,-7.128109018594841e-07,0.04165416583418846,0.11672135442495346,0.1178441196680069,0.14371873438358307,0.05520869046449661,0.07196791470050812,0.11189769208431244,0.0,0.0,0.0,0.0,0.0,1.2857142686843872,0.0,35.707679748535156,8.77914935699664e-05,-0.051789216697216034,0.0070032887160778046,2.2674901485443115,0.3604583740234375,0.058427516371011734,0.296346515417099,3.2029266357421875,0.4180392324924469,0.05138848349452019,0.2386637032032013,0.7102321982383728,11.592992782592773,0.0,0.0,0.0,0.915395975112915,0.023257017135620117,409.0,0.8286086916923523,20.450000762939453,0.3764905631542206,-3.499133348464966,0.0,0.2924417555332184,0.7951388955116272,0.7756878733634949,0.9696003794670105,0.36982372403144836,0.48423242568969727,0.7553110122680664,0.0
131,-0.5052878856658936,0.0,0.036981504410505295,0.10860463231801987,0.10616232454776764,0.13358546793460846,0.04965602979063988,0.0669463723897934,0.10563291609287262,0.0,0.0,0.0,0.0,0.07692307978868484,1.1538461446762085,0.0,35.68208312988281,8.77914935699664e-05,-0.04709675535559654,0.00707703223451972,2.418977737426758,0.43186596035957336,0.06463256478309631,0.31614065170288086,3.2377264499664307,0.47603723406791687,0.05777633190155029,0.24270273745059967,0.671637773513794,11.96291732788086,0.0,0.0,0.0,0.9226620197296143,0.022384166717529297,406.0,0.8280308246612549,20.65999984741211,0.3638792335987091,-3.6301424503326416,-5.541979044210166e-05,0.27137187123298645,0.7899551391601562,0.8067898154258728,0.9727451205253601,0.3843907415866852,0.4780256748199463,0.770777702331543,0.0
132,-0.5949162840843201,-6.501852112705819e-06,0.04655952751636505,0.1327502727508545,0.13324758410453796,0.1641152948141098,0.0596044659614563,0.0798511654138565,0.12733016908168793,0.0,0.0,0.09090909361839294,0.0,0.1818181872367859,1.2727272510528564,0.0,35.65982437133789,8.77914935699664e-05,-0.043991569429636,0.007876759395003319,2.6210508346557617,0.5116298198699951,0.09757397323846817,0.3549717962741852,3.5201539993286133,0.5305384993553162,0.07149061560630798,0.25255781412124634,0.6974554657936096,12.419135093688965,0.0,0.0,0.0,0.9542698860168457,0.02287602424621582,392.0,0.8272708654403687,21.770000457763672,0.37429115176200867,-3.5489633083343506,-1.1498860658321064e-05,0.26721426844596863,0.7767377495765686,0.775322437286377,0.960711658000946,0.3599334955215454,0.4705745279788971,0.7432929873466492,0.0
133,,,,,,,,,,,,,,,,,35.63052749633789,8.77914935699664e-05,-0.04546615853905678,0.00868434738367796,,,,,,,,,,,,,,0.9087009429931641,0.023478984832763672,411.0,0.8263958692550659,22.290000915527344,0.3807849884033203,-3.5368449687957764,-1.8122327674063854e-05,0.24844463169574738,0.774125874042511,0.7354059219360352,0.9611437916755676,0.36240431666374207,0.48209118843078613,0.7267775535583496,0.0
134,-0.6279560923576355,-1.4754357835045084e-05,0.04522273689508438,0.13938885927200317,0.1307663768529892,0.1721242368221283,0.06474726647138596,0.08721853792667389,0.12740777432918549,0.0,0.0,0.0,0.0,0.07692307978868484,1.4615384340286255,0.0,35.601829528808594,8.77914935699664e-05,-0.047636277973651886,0.006989771965891123,2.4221854209899902,0.3266449570655823,0.06980139762163162,0.3050101697444916,3.468844175338745,0.4631703495979309,0.06323300302028656,0.2672637104988098,0.7866599559783936,12.215713500976562,0.0,0.0,0.0,0.998054027557373,0.02632284164428711,374.0,0.8256387114524841,23.81999969482422,0.39350640773773193,-3.5856196880340576,-6.918943836353719e-05,0.26746001839637756,0.7874100208282471,0.7895926833152771,0.9744568467140198,0.3797292709350586,0.4904446601867676,0.7433859705924988,0.0
135,-0.5595016479492188,0.0,0.04128238186240196,0.1229301169514656,0.12185084819793701,0.15174609422683716,0.05851690471172333,0.07662336528301239,0.11679647117853165,0.0,0.0,0.0,0.0,0.0,1.2727272510528564,0.0,35.573486328125,8.77914935699664e-05,-0.041919175535440445,0.006699164863675833,3.069216251373291,0.3804485499858856,0.0527338981628418,0.27269336581230164,3.152667760848999,0.4814039170742035,0.05867110565304756,0.23720894753932953,0.7255367040634155,10.375343322753906,0.0,0.0,0.0,0.9110379219055176,0.023183107376098633,411.0,0.8247790932655334,23.850000381469727,0.40487736463546753,-3.6297876834869385,0.0,0.2619324028491974,0.7838432192802429,0.7789225578308105,0.976450502872467,0.3477444648742676,0.4897269010543823,0.7428949475288391,0.0
136,-0.5811853408813477,-3.081904651480727e-06,0.04324793070554733,0.12763714790344238,0.1270812302827835,0.15941336750984192,0.05882379785180092,0.08002152293920517,0.12169812619686127,0.0,0.0,0.0,0.0,0.0,1.1428571939468384,0.0,35.54281997680664,8.77914935699664e-05,-0.05064540356397629,0.0063735563308000565,2.600365400314331,0.3564245402812958,0.05607603117823601,0.3237378001213074,3.060577630996704,0.4656834304332733,0.058685850352048874,0.25676316022872925,0.764628529548645,10.748875617980957,0.0,0.0,0.0,0.9130539894104004,0.021600961685180664,410.0,0.8239349722862244,23.969999313354492,0.3977416455745697,-3.551652669906616,-2.0630241124308668e-05,0.2749547064304352,0.7882235050201416,0.7636492848396301,0.9741783738136292,0.35832592844963074,0.4847523868083954,0.7422828674316406,0.0
137,,,,,,,,,,,,,,,,,35.517757415771484,8.77914935699664e-05,-0.04640457406640053,0.008829185739159584,,,,,,,,,,,,,,0.9226281642913818,0.021915912628173828,406.0,0.8233723044395447,24.549999237060547,0.3989701569080353,-3.5404815673828125,-4.407497544889338e-05,0.2648054361343384,0.7769799828529358,0.7538867592811584,0.9644615054130554,0.317043274641037,0.48124098777770996,0.719414234161377,0.0
138,-0.6446847319602966,-1.7769907572073862e-06,0.048023805022239685,0.14089995622634888,0.14014169573783875,0.17401845753192902,0.05484392121434212,0.0860537439584732,0.1329234540462494,0.0,0.0,0.10000000149011612,0.0,0.10000000149011612,1.399999976158142,0.0,35.50127410888672,8.77914935699664e-05,-0.04431654140353203,0.01658068224787712,2.5014469623565674,0.4298436641693115,0.09841147065162659,0.47518759965896606,3.7743752002716064,0.5229900479316711,0.06974390149116516,0.2600094676017761,0.7325448393821716,12.691555976867676,0.0,0.0,0.0,0.8878598213195801,0.0223081111907959,421.0,0.8230106830596924,26.190000534057617,0.4048551023006439,-3.624248504638672,-0.00030797955696471035,0.25901851058006287,0.771961510181427,0.7677674889564514,0.9634516835212708,0.3110361695289612,0.46995529532432556,0.7347353100776672,0.0
139,-0.6782731413841248,-6.248348654480651e-05,0.05133295804262161,0.14989112317562103,0.14848482608795166,0.18636967241764069,0.06729131191968918,0.09139584004878998,0.14132948219776154,0.0,0.0,0.0,0.0,0.07692307978868484,1.1538461446762085,0.0,35.487178802490234,8.77914935699664e-05,-0.0461764894425869,0.00759615795686841,2.707736015319824,0.49397653341293335,0.09189650416374207,0.3384501338005066,3.4503567218780518,0.5108241438865662,0.06614422053098679,0.2626338005065918,0.7150521874427795,12.484334945678711,0.0,0.0,0.0,1.0447907447814941,0.021786212921142578,360.0,0.822553277015686,26.18000030517578,0.4111305773258209,-3.491476058959961,-4.569642260321416e-05,0.27502360939979553,0.8011552691459656,0.8045473098754883,0.9764933586120605,0.3813823461532593,0.4860962927341461,0.7512274384498596,0.0
140,,,,,,,,,,,,,,,,,35.46870422363281,5.852766480529681e-05,-0.05336962640285492,0.005799423903226852,,,,,,,,,,,,,,0.9048078060150146,0.022571086883544922,414.0,0.8219769597053528,25.5,0.4061214029788971,-3.70463490486145,0.0,0.24992693960666656,0.7895966172218323,0.8063132762908936,0.9815845489501953,0.36782562732696533,0.49069833755493164,0.7488507628440857,0.0
141,-0.5690645575523376,0.0,0.04080403968691826,0.12315305322408676,0.12673760950565338,0.15262998640537262,0.056375663727521896,0.07629252225160599,0.11781353503465652,0.0,0.0,0.0,0.0,0.0,1.2222222089767456,0.0,35.44775390625,0.0001316872367169708,-0.041418515145778656,0.005577540956437588,2.4134299755096436,0.3769277334213257,0.05707130208611488,0.309842050075531,3.389396905899048,0.45424091815948486,0.045783475041389465,0.2309388518333435,0.7107731699943542,12.945159912109375,0.0,0.0,0.0,0.901221752166748,0.022445201873779297,415.0,0.8212447166442871,25.780000686645508,0.4069780707359314,-3.4559648036956787,-3.1526340080745285e-06,0.276241660118103,0.7864503860473633,0.7845862507820129,0.9773874282836914,0.36388063430786133,0.48684975504875183,0.7363178133964539,0.0
142,,,,,,,,,,,,,,,,,35.41851043701172,8.77914935699664e-05,-0.049869418144226074,0.010453813709318638,,,,,,,,,,,,,,0.889768123626709,0.022660017013549805,420.0,0.8205162286758423,26.68000030517578,0.4229852557182312,-3.524894952774048,-9.663924720371142e-05,0.27174749970436096,0.7583757042884827,0.7279979586601257,0.9492034912109375,0.34401240944862366,0.4629378020763397,0.7187665104866028,0.0
143,,,,,,,,,,,,,,,,,35.39595413208008,0.0001316872367169708,-0.05225006490945816,0.00848485343158245,,,,,,,,,,,,,,0.8903510570526123,0.023168087005615234,420.0,0.819827139377594,27.450000762939453,0.4318920373916626,-3.4287869930267334,-4.375890057417564e-05,0.28449341654777527,0.7750265002250671,0.7716331481933594,0.9603738784790039,0.3520998954772949,0.4696078300476074,0.7314882278442383,0.0
144,,,,,,,,,,,,,,,,,35.36724090576172,8.77914935699664e-05,-0.05357438325881958,0.006388407666236162,,,,,,,,,,,,,,0.8982648849487305,0.022750139236450195,416.0,0.8190088272094727,27.829999923706055,0.4395725429058075,-3.575287103652954,-0.00011378886847523972,0.2657376527786255,0.7644062042236328,0.7392428517341614,0.9601005911827087,0.31040188670158386,0.46584591269493103,0.7001676559448242,0.0
145,-0.6319112777709961,-3.8618029066128656e-05,0.04969135299324989,0.1370972990989685,0.1364738941192627,0.17256462574005127,0.06771580129861832,0.08355256915092468,0.13112318515777588,0.0,0.0,0.0,0.0,0.125,0.875,0.0,35.33857727050781,0.0001316872367169708,-0.04685720056295395,0.006265831179916859,2.6219398975372314,0.48478829860687256,0.08944094181060791,0.29362303018569946,3.614604949951172,0.5673972368240356,0.07345963269472122,0.2880079448223114,0.751552164554596,12.252997398376465,0.0,0.0,0.0,0.9056599140167236,0.02283191680908203,413.0,0.8180494904518127,27.40999984741211,0.4406927824020386,-3.5736472606658936,-3.858339914586395e-05,0.26833298802375793,0.7757022380828857,0.7341602444648743,0.9652368426322937,0.3488147556781769,0.4758892059326172,0.7096933722496033,0.0
146,,,,,,,,,,,,,,,,,35.3010139465332,8.77914935699664e-05,-0.051743682473897934,0.006913522724062204,,,,,,,,,,,,,,0.9225997924804688,0.022620201110839844,406.0,0.8170437812805176,28.290000915527344,0.44800063967704773,-3.462336301803589,-0.00011777468171203509,0.2753613591194153,0.7622060775756836,0.738457202911377,0.9525887966156006,0.34219685196876526,0.4669879376888275,0.7273802757263184,0.0
147,-0.7172911763191223,-1.8099926819559187e-05,0.05431387573480606,0.15375548601150513,0.15238092839717865,0.1942773461341858,0.06989181786775589,0.09642279893159866,0.1504664123058319,0.0,0.0,0.1538461595773697,0.0,0.0,1.0,0.0,35.26698684692383,0.0001316872367169708,-0.04601743072271347,0.003638956695795059,3.191211700439453,0.6489788889884949,0.11209449172019958,0.3692062795162201,3.7739436626434326,0.6545043587684631,0.09670975804328918,0.3062860667705536,0.6943309307098389,13.245899200439453,0.0,0.0,0.0,0.9421770572662354,0.023780107498168945,397.0,0.8160035610198975,28.989999771118164,0.4479259252548218,-3.4261999130249023,0.0,0.28479698300361633,0.7626425623893738,0.7379758954048157,0.9471831917762756,0.3650083839893341,0.4712245762348175,0.7459308505058289,0.0
148,-0.5812711119651794,0.0,0.05122312158346176,0.1356653869152069,0.13282884657382965,0.1665092408657074,0.06531746685504913,0.08242113143205643,0.128037229180336,0.0,0.0,0.0,0.0,0.09090909361839294,1.1818181276321411,0.0,35.227813720703125,0.0001316872367169708,-0.053514182567596436,0.006419996730983257,2.3166310787200928,0.41766712069511414,0.07180395722389221,0.2894594967365265,3.210848331451416,0.4898969531059265,0.060710225254297256,0.25034648180007935,0.7165689468383789,11.33731460571289,0.0,0.0,0.0,0.9031200408935547,0.0237729549407959,414.0,0.8149529695510864,29.229999542236328,0.46944740414619446,-3.4921703338623047,-6.61748563288711e-05,0.2981277406215668,0.786402702331543,0.7811586856842041,0.9710084795951843,0.35624977946281433,0.48003900051116943,0.7371366024017334,0.0
149,-0.6930695176124573,-7.058651590341469e-06,0.05674189701676369,0.15310707688331604,0.14652766287326813,0.18991835415363312,0.06754016876220703,0.09241380542516708,0.14384378492832184,0.0,0.0,0.0833333358168602,0.0,0.1666666716337204,1.0833333730697632,0.0,35.19209289550781,8.77914935699664e-05,-0.05236220732331276,0.007830272428691387,2.650784492492676,0.5363203883171082,0.11278697103261948,0.3697397708892822,3.7035086154937744,0.5854528546333313,0.08003254979848862,0.29684340953826904,0.743553638458252,11.798690795898438,0.0,0.0,0.0,0.9224929809570312,0.023718833923339844,405.0,0.8140284419059753,29.260000228881836,0.46513667702674866,-3.4188385009765625,0.0,0.27247312664985657,0.7775575518608093,0.7605724334716797,0.9618110656738281,0.355954647064209,0.47243431210517883,0.7391744256019592,0.0
150,-0.6452982425689697,0.0,0.059714917093515396,0.15041396021842957,0.14326661825180054,0.18193253874778748,0.07022196799516678,0.08983336389064789,0.13615886867046356,0.0,0.0,0.0,0.0,0.125,1.25,0.0,35.16148376464844,8.77914935699664e-05,-0.04765349254012108,0.005696937441825867,3.1531577110290527,0.39800208806991577,0.07532168924808502,0.26932841539382935,3.544005870819092,0.5092152953147888,0.06259065866470337,0.26585403084754944,0.7245208621025085,11.719402313232422,0.0,0.0,0.0,0.9652209281921387,0.028244972229003906,386.0,0.8132264614105225,29.459999084472656,0.47601497173309326,-3.487034559249878,-2.7016824333259137e-06,0.29195401072502136,0.7863297462463379,0.7375063896179199,0.9661006331443787,0.3454735279083252,0.48020243644714355,0.712640106678009,0.0
151,-0.730658233165741,-1.0046202078228816e-05,0.05520772933959961,0.15748998522758484,0.15284501016139984,0.1997111290693283,0.06669528037309647,0.09946942329406738,0.1523721069097519,0.0,0.0,0.0833333358168602,0.0,0.1666666716337204,0.8333333134651184,0.0,35.13391876220703,5.852766480529681e-05,-0.04839277267456055,0.008373785763978958,2.6645009517669678,0.7191653251647949,0.12611962854862213,0.4867880046367645,3.6458165645599365,0.6797650456428528,0.1006208285689354,0.3376563787460327,0.7151307463645935,11.891085624694824,0.0,0.0,0.0,0.9084761142730713,0.026303768157958984,410.0,0.8125450611114502,29.649999618530273,0.4838031232357025,-3.473332643508911,-4.438988980837166e-05,0.2661339342594147,0.7507340312004089,0.7114341855049133,0.9466673731803894,0.32007575035095215,0.46995672583580017,0.7190784811973572,0.0
152,-0.8228192925453186,0.0,0.06434191763401031,0.17717160284519196,0.16220687329769135,0.22455517947673798,0.0864068865776062,0.10974450409412384,0.16416849195957184,0.0,0.0,0.0,0.0,0.2857142984867096,0.8571428656578064,0.0,35.11103057861328,8.77914935699664e-05,-0.04453563317656517,0.006592237390577793,3.7731449604034424,0.5000868439674377,0.12548097968101501,0.3055025637149811,4.001999378204346,0.6037358641624451,0.09244175255298615,0.34192442893981934,0.9440938234329224,13.738142967224121,0.0,0.0,0.0,0.9352917671203613,0.023017406463623047,400.0,0.811846137046814,29.780000686645508,0.48537781834602356,-3.435030698776245,-6.210178980836645e-05,0.28842198848724365,0.7534761428833008,0.7018687725067139,0.9532093405723572,0.3408954441547394,0.46182551980018616,0.6836788058280945,0.0
153,-0.9502055048942566,-1.9872573830070905e-05,0.07773719727993011,0.2057674378156662,0.18739299476146698,0.26225969195365906,0.08224695920944214,0.1240631639957428,0.19036045670509338,0.0,0.0,0.0,0.0,0.5,0.875,0.0,35.08225631713867,8.77914935699664e-05,-0.05285937711596489,0.007796745281666517,2.4779233932495117,0.7881046533584595,0.19793932139873505,0.5520051717758179,4.032431602478027,0.7690432667732239,0.12239202857017517,0.4384782910346985,0.9677906632423401,14.244935035705566,0.0,0.0,0.0,0.9180421829223633,0.02374577522277832,407.0,0.8110153079032898,31.190000534057617,0.4964745044708252,-3.398191213607788,0.0,0.2762267291545868,0.7460485100746155,0.6427520513534546,0.9423225522041321,0.3303453028202057,0.4536643922328949,0.6825057864189148,0.0
154,-0.8007439970970154,-4.134990376769565e-06,0.06757727265357971,0.18047787249088287,0.15805946290493011,0.22578485310077667,0.08410763740539551,0.11111119389533997,0.16535677015781403,0.0,0.0,0.0,0.0,0.5555555820465088,0.6666666865348816,0.0,35.055545806884766,8.77914935699664e-05,-0.04705926775932312,0.005541062448173761,2.7604918479919434,0.6730318069458008,0.1342289298772812,0.40668296813964844,3.98125958442688,0.6826801300048828,0.10626615583896637,0.40129750967025757,0.8357719779014587,14.599515914916992,0.0,0.0,0.0,0.9142072200775146,0.02294778823852539,409.0,0.8103497624397278,31.3700008392334,0.5094718337059021,-3.413031816482544,-2.90063089778414e-05,0.2780750095844269,0.7647251486778259,0.6951766014099121,0.9556100964546204,0.3442126214504242,0.4741675853729248,0.7143862843513489,0.0
155,-0.7717954516410828,0.0,0.06438000500202179,0.17133207619190216,0.1586664617061615,0.21493248641490936,0.07358350604772568,0.10715889185667038,0.16038300096988678,0.0,0.0,0.0,0.0,0.3636363744735718,0.7272727489471436,0.0,35.03133773803711,8.77914935699664e-05,-0.049770042300224304,0.005151602439582348,2.7334673404693604,0.5152083039283752,0.11769158393144608,0.4161730110645294,3.686404228210449,0.6292504668235779,0.10003859549760818,0.35613739490509033,0.7711124420166016,11.14578914642334,0.0,0.0,0.0,0.9412987232208252,0.023264169692993164,398.0,0.8096756935119629,31.770000457763672,0.5146034359931946,-3.448350667953491,0.0,0.29428377747535706,0.7598122954368591,0.7333948016166687,0.9567878842353821,0.34354329109191895,0.47874709963798523,0.7244667410850525,0.0
156,,,,,,,,,,,,,,,,,35.00727844238281,5.852766480529681e-05,-0.048775624483823776,0.004955617245286703,,,,,,,,,,,,,,0.9485557079315186,0.02315807342529297,395.0,0.809059739112854,32.08000183105469,0.5079724192619324,-3.4537878036499023,0.0,0.28110286593437195,0.7601065039634705,0.657868504524231,0.9506244659423828,0.2930135130882263,0.4765709936618805,0.6894842982292175,0.0
157,,,,,,,,,,,,,,,,,34.985748291015625,8.77914935699664e-05,-0.04394080117344856,0.005429573357105255,,,,,,,,,,,,,,0.8811628818511963,0.022163867950439453,425.0,0.8083834648132324,33.689998626708984,0.5179101824760437,-3.3723831176757812,-3.0400997275137343e-06,0.29250192642211914,0.7408594489097595,0.6613840460777283,0.9461510181427002,0.2987859547138214,0.4693433940410614,0.6963083744049072,0.0
158,,,,,,,,,,,,,,,,,34.958892822265625,5.852766480529681e-05,-0.052852801978588104,0.006200091447681189,,,,,,,,,,,,,,0.8670351505279541,0.02230978012084961,431.0,0.8076655864715576,35.0099983215332,0.5240404009819031,-3.392371416091919,-2.4771812604740262e-05,0.27431416511535645,0.7271392941474915,0.6888622641563416,0.9413688778877258,0.33205920457839966,0.4563908874988556,0.7009430527687073,0.0
159,,,,,,,,,,,,,,,,,34.93503952026367,8.77914935699664e-05,-0.045212555676698685,0.0101323826238513,,,,,,,,,,,,,,0.8995299339294434,0.0229189395904541,416.0,0.8069635033607483,36.33000183105469,0.5326839089393616,-3.4981164932250977,-0.00011032909242203459,0.28365394473075867,0.7138657569885254,0.6043290495872498,0.9157883524894714,0.3028634786605835,0.43502870202064514,0.6524692177772522,0.0
160,,,,,,,,,,,,,,,,,34.90776824951172,8.77914935699664e-05,-0.05372709780931473,0.00790463574230671,,,,,,,,,,,,,,0.890200138092041,0.02327704429626465,420.0,0.8062318563461304,37.540000915527344,0.5236673355102539,-3.4463260173797607,-0.0001865094091044739,0.2785281836986542,0.7387568950653076,0.7016897201538086,0.937868595123291,0.36362847685813904,0.4418585002422333,0.7037041187286377,0.0
161,,,,,,,,,,,,,,,,,34.88271713256836,8.77914935699664e-05,-0.04633979871869087,0.0061109634116292,,,,,,,,,,,,,,0.9314539432525635,0.02295708656311035,402.0,0.8055770993232727,38.81999969482422,0.536315381526947,-3.372976303100586,-9.288422734243795e-05,0.3042026460170746,0.7441489696502686,0.6768849492073059,0.9376220703125,0.3820548951625824,0.44494572281837463,0.7026650905609131,0.0
162,,,,,,,,,,,,,,,,,34.86085891723633,5.852766480529681e-05,-0.04712911695241928,0.004858758300542831,,,,,,,,,,,,,,0.9481861591339111,0.021960973739624023,395.0,0.8050369024276733,38.310001373291016,0.5575624704360962,-3.3728764057159424,-0.0002024237037403509,0.3032987713813782,0.7437200546264648,0.7018597722053528,0.948584258556366,0.3382885456085205,0.460399866104126,0.6991531252861023,0.0
163,,,,,,,,,,,,,,,,,34.84115982055664,0.00019753086962737143,-0.04477088525891304,0.006863567512482405,,,,,,,,,,,,,,1.1061880588531494,0.03029608726501465,337.0,0.8043230175971985,38.720001220703125,0.5578888058662415,-3.3877391815185547,-3.124199793091975e-05,0.3081502914428711,0.7492879033088684,0.7030529975891113,0.9417430758476257,0.34494224190711975,0.44708314538002014,0.7037978768348694,0.0
164,-0.9130082726478577,-3.2645555620547384e-05,0.08752728253602982,0.20718254148960114,0.18956075608730316,0.2603607475757599,0.09428573399782181,0.1199193000793457,0.19343028962612152,0.0,0.0,0.0,0.0,0.5454545617103577,0.5454545617103577,0.0,34.811737060546875,5.852766480529681e-05,-0.05609123408794403,0.009647222235798836,2.297492742538452,0.7969521880149841,0.23051825165748596,0.4784891903400421,3.8977854251861572,0.7995947003364563,0.13272351026535034,0.44146689772605896,0.8804137706756592,13.92177963256836,0.0,0.0,0.0,0.966235876083374,0.03126811981201172,384.0,0.8036769032478333,38.599998474121094,0.5669457316398621,-3.3955070972442627,-0.00016062395297922194,0.3125815689563751,0.7242255210876465,0.6434870362281799,0.9240720868110657,0.3104649782180786,0.42670345306396484,0.6911398768424988,0.0
165,,,,,,,,,,,,,,,,,34.7946662902832,0.0001316872367169708,-0.04015345871448517,0.006388074718415737,,,,,,,,,,,,,,1.009829044342041,0.024672985076904297,371.0,0.8032239079475403,39.63999938964844,0.5613096356391907,-3.323807954788208,-4.2033178033307195e-05,0.3049936592578888,0.7602480053901672,0.7067975997924805,0.9431872963905334,0.34216633439064026,0.4567534923553467,0.7032856345176697,0.0
166,,,,,,,,,,,,,,,,,34.775367736816406,5.852766480529681e-05,-0.05524395406246185,0.007259663660079241,,,,,,,,,,,,,,0.931894063949585,0.02538585662841797,401.0,0.8027191162109375,40.0099983215332,0.571162760257721,-3.4172277450561523,-0.00015557283768430352,0.2671230137348175,0.6981666684150696,0.6235310435295105,0.9086975455284119,0.27880382537841797,0.4166799485683441,0.6628938913345337,0.0
167,-1.2413249015808105,-2.3866170522524044e-05,0.10309334844350815,0.2550949454307556,0.23257149755954742,0.328974187374115,0.10103918612003326,0.15251271426677704,0.24773713946342468,0.0,0.0,0.4444444477558136,0.0,0.8888888955116272,0.2222222238779068,0.0,34.76148986816406,0.0001316872367169708,-0.04895073547959328,0.011181401088833809,3.4621806144714355,1.4070029258728027,0.36845001578330994,0.6277811527252197,4.609129905700684,1.2421317100524902,0.23168952763080597,0.5952332019805908,1.0180323123931885,14.918267250061035,0.0,0.0,0.0,0.9441859722137451,0.026118993759155273,395.0,0.80234694480896,42.52000045776367,0.5737582445144653,-3.3630073070526123,-9.633228910388425e-05,0.2494083046913147,0.6592102646827698,0.5993099212646484,0.8772318363189697,0.26570937037467957,0.40769317746162415,0.6842765212059021,0.0
168,,,,,,,,,,,,,,,,,34.74574661254883,5.852766480529681e-05,-0.05209582298994064,0.008702276274561882,,,,,,,,,,,,,,0.9906501770019531,0.03391098976135254,374.0,0.8019124865531921,43.13999938964844,0.5726532340049744,-3.3803975582122803,-3.472609705568175e-06,0.29652610421180725,0.7500006556510925,0.6739816665649414,0.9403436779975891,0.3041944205760956,0.4614277780056,0.6869773268699646,0.0
169,-0.9369028806686401,-2.9146243832656182e-05,0.0838703066110611,0.20902329683303833,0.18578481674194336,0.26222166419029236,0.08862238377332687,0.12596236169338226,0.19573472440242767,0.0,0.0,0.0,0.0,0.7777777910232544,0.4444444477558136,0.0,34.72943878173828,0.0001316872367169708,-0.047528862953186035,0.006263965740799904,2.3625059127807617,0.8462015390396118,0.21039322018623352,0.46128401160240173,3.4799418449401855,0.7949504256248474,0.1409398466348648,0.44847381114959717,0.8553867340087891,13.839067459106445,0.0,0.0,0.0,0.8959381580352783,0.022721052169799805,418.0,0.801283061504364,43.470001220703125,0.5790343880653381,-3.299494981765747,-0.0001659570261836052,0.2993883788585663,0.7278619408607483,0.6633082032203674,0.9261593222618103,0.3197874128818512,0.44141140580177307,0.6860343813896179,0.0
170,,,,,,,,,,,,,,,,,34.698028564453125,8.77914935699664e-05,-0.05981355160474777,0.0044476804323494434,,,,,,,,,,,,,,0.9211399555206299,0.02215886116027832,407.0,0.8003363013267517,43.20000076293945,0.5912991762161255,-3.466848373413086,-0.0001629139733267948,0.29893288016319275,0.7785776257514954,0.7225251793861389,0.9625585079193115,0.32984304428100586,0.4829165041446686,0.7103646397590637,0.0
171,,,,,,,,,,,,,,,,,34.66649627685547,8.77914935699664e-05,-0.05743458867073059,0.004066881723701954,,,,,,,,,,,,,,0.8818039894104004,0.02111506462097168,425.0,0.7994842529296875,42.959999084472656,0.6168322563171387,-3.3349640369415283,-3.5482664770825068e-06,0.27832698822021484,0.7447115778923035,0.6806859374046326,0.9359291195869446,0.29830849170684814,0.4618360996246338,0.7108974456787109,0.0
172,,,,,,,,,,,,,,,,,34.63600158691406,8.77914935699664e-05,-0.0476800911128521,0.004618958104401827,,,,,,,,,,,,,,0.8987116813659668,0.021731138229370117,417.0,0.7986721396446228,43.7400016784668,0.6197962760925293,-3.3444747924804688,-2.4266919353976846e-05,0.30797308683395386,0.7343857288360596,0.6214364767074585,0.9301993250846863,0.2778801918029785,0.4577086865901947,0.6799928545951843,0.0
173,-1.1675539016723633,-1.2791468179784715e-05,0.0983002632856369,0.2457471340894699,0.21707233786582947,0.31848812103271484,0.0979691743850708,0.1558513343334198,0.24016401171684265,0.0,0.0,0.10000000149011612,0.0,0.8999999761581421,0.10000000149011612,0.0,34.60699462890625,8.77914935699664e-05,-0.052421484142541885,0.005000305827707052,2.3719825744628906,1.0745033025741577,0.26717525720596313,0.6850003004074097,3.629805326461792,0.9677718877792358,0.19343535602092743,0.5626638531684875,0.8209883570671082,11.607441902160645,0.0,0.0,0.0,0.8926851749420166,0.022870779037475586,419.0,0.7978994250297546,44.88999938964844,0.623485803604126,-3.391075849533081,-4.096320117241703e-05,0.2662525475025177,0.7074213027954102,0.6495370268821716,0.920147180557251,0.2928953468799591,0.45017847418785095,0.7059391140937805,0.0
174,,,,,,,,,,,,,,,,,34.5817985534668,5.852766480529681e-05,-0.04934767633676529,0.008250904269516468,,,,,,,,,,,,,,0.9177980422973633,0.022207021713256836,408.0,0.7973236441612244,45.02000045776367,0.6190378665924072,-3.4096012115478516,-7.454442675225437e-05,0.30413898825645447,0.754096508026123,0.6862450242042542,0.9427018761634827,0.2915986478328705,0.4690093696117401,0.7028369903564453,0.0
175,-1.0472153425216675,-3.154540991090471e-06,0.08752395957708359,0.2254757136106491,0.19847992062568665,0.28481656312942505,0.09282585233449936,0.13782770931720734,0.2123783379793167,0.0,0.0,0.10000000149011612,0.0,0.6000000238418579,0.4000000059604645,0.0,34.55973815917969,0.0001316872367169708,-0.04178868606686592,0.006145448889583349,2.6450769901275635,0.8424442410469055,0.22235962748527527,0.5899011492729187,3.396806001663208,0.8519369959831238,0.1557462513446808,0.4944249987602234,0.8888203501701355,11.91634464263916,0.0,0.0,0.0,0.9121270179748535,0.02295207977294922,410.0,0.7965063452720642,45.95000076293945,0.6239055395126343,-3.275299072265625,-0.00016100623179227114,0.2851671874523163,0.7062997817993164,0.6118894815444946,0.9137623310089111,0.33549532294273376,0.42868518829345703,0.6659641861915588,0.0
176,-0.9970313906669617,-9.417848923476413e-05,0.09475346654653549,0.22279338538646698,0.20601259171962738,0.28399476408958435,0.1077616810798645,0.13482755422592163,0.21170532703399658,0.0,0.0,0.0,0.0,0.8333333134651184,0.1666666716337204,0.0,34.519893646240234,0.0001316872367169708,-0.057631924748420715,0.006412022281438112,2.9039347171783447,1.0148099660873413,0.2588265836238861,0.4298911988735199,4.275742053985596,0.9809474945068359,0.17903690040111542,0.5147708058357239,0.836615800857544,12.508353233337402,0.0,0.0,0.0,0.8644149303436279,0.022080183029174805,433.0,0.7952480912208557,46.20000076293945,0.6216579079627991,-3.36316180229187,-0.00010978159843944013,0.29299426078796387,0.7442648410797119,0.6985953450202942,0.9374664425849915,0.34742414951324463,0.4603785574436188,0.7173131108283997,0.0
177,,,,,,,,,,,,,,,,,34.47659683227539,8.77914935699664e-05,-0.05479871854186058,0.004744001664221287,,,,,,,,,,,,,,0.8731579780578613,0.02312612533569336,428.0,0.794215738773346,46.290000915527344,0.6307793259620667,-3.2456893920898438,-1.8236854884889908e-05,0.30243614315986633,0.6952741742134094,0.585752546787262,0.8980241417884827,0.2730884850025177,0.43219438195228577,0.6774048805236816,0.0
178,-1.0940314531326294,-3.875973106914898e-06,0.0987972691655159,0.241149440407753,0.21170924603939056,0.3042426109313965,0.1046999841928482,0.14483104646205902,0.23434598743915558,0.0,0.0,0.1428571492433548,0.0,0.5714285969734192,0.2857142984867096,0.0,34.444297790527344,8.77914935699664e-05,-0.05148625373840332,0.004813905339688063,3.2924463748931885,0.834919273853302,0.2629908621311188,0.5722570419311523,3.9081053733825684,0.9101138114929199,0.17619688808918,0.4869796931743622,0.8094167113304138,14.021108627319336,0.0,0.0,0.0,0.8901288509368896,0.02321791648864746,420.0,0.7934415936470032,46.68000030517578,0.63167804479599,-3.364516019821167,-1.0598364497127477e-05,0.2776780128479004,0.7389152646064758,0.6750702857971191,0.9327779412269592,0.31768912076950073,0.4573075473308563,0.7108214497566223,0.0
179,,,,,,,,,,,,,,,,,34.41867446899414,8.77914935699664e-05,-0.051748476922512054,0.006963435560464859,,,,,,,,,,,,,,0.8502590656280518,0.022294998168945312,440.0,0.7928328514099121,46.34000015258789,0.6427507996559143,-3.3048763275146484,-1.0674586519598961e-05,0.29838985204696655,0.7062662243843079,0.5967267155647278,0.9099335670471191,0.2405277043581009,0.4298061430454254,0.6651568412780762,0.0
180,,,,,,,,,,,,,,,,,34.395999908447266,8.77914935699664e-05,-0.049142930656671524,0.005883139558136463,,,,,,,,,,,,,,0.8744678497314453,0.022966861724853516,427.0,0.7921797037124634,46.400001525878906,0.6523316502571106,-3.260352373123169,-4.829131285077892e-05,0.2802231013774872,0.722776472568512,0.6221608519554138,0.9175911545753479,0.27849021553993225,0.4428061544895172,0.6989887356758118,0.0
181,,,,,,,,,,,,,,,,,34.368675231933594,8.77914935699664e-05,-0.04995271563529968,0.003745075548067689,,,,,,,,,,,,,,0.9500329494476318,0.02418208122253418,394.0,0.791359007358551,47.130001068115234,0.6558391451835632,-3.2730562686920166,-9.300563760916702e-06,0.29913330078125,0.7431120872497559,0.6607035994529724,0.9352445006370544,0.24927066266536713,0.45944520831108093,0.6864168047904968,0.0
182,,,,,,,,,,,,,,,,,34.34115982055664,8.77914935699664e-05,-0.052663758397102356,0.004950664471834898,,,,,,,,,,,,,,0.8792791366577148,0.0232241153717041,425.0,0.7907035946846008,47.880001068115234,0.6639971137046814,-3.364267349243164,-7.247855683090165e-05,0.2614092230796814,0.7215651869773865,0.6270472407341003,0.9222747683525085,0.21573245525360107,0.4538065493106842,0.6758912205696106,0.0
183,,,,,,,,,,,,,,,,,34.31768798828125,8.77914935699664e-05,-0.052397720515728,0.004470038693398237,,,,,,,,,,,,,,0.8757970333099365,0.023437023162841797,427.0,0.7900422811508179,49.400001525878906,0.6642111539840698,-3.284719705581665,-7.665943121537566e-05,0.27487316727638245,0.7264567017555237,0.6619555354118347,0.9266436100006104,0.2664389908313751,0.44700995087623596,0.6931023001670837,0.0
184,,,,,,,,,,,,,,,,,34.290645599365234,0.0001316872367169708,-0.04586939886212349,0.005966148804873228,,,,,,,,,,,,,,1.1382548809051514,0.04927706718444824,323.0,0.789210855960846,49.93000030517578,0.6676200032234192,-3.2466201782226562,-0.00013431815023068339,0.2764095962047577,0.6968169212341309,0.5952793955802917,0.9044072031974792,0.2860518991947174,0.42914852499961853,0.6780412793159485,0.0
185,,,,,,,,,,,,,,,,,34.25452423095703,8.77914935699664e-05,-0.053657423704862595,0.008981753140687943,,,,,,,,,,,,,,0.9491698741912842,0.02338695526123047,394.0,0.7881487011909485,49.900001525878906,0.6685575246810913,-3.259582757949829,-3.672444654512219e-05,0.27242162823677063,0.7580477595329285,0.7116398215293884,0.9454954266548157,0.3368166387081146,0.46221181750297546,0.7306235432624817,0.0
186,,,,,,,,,,,,,,,,,34.217716217041016,8.77914935699664e-05,-0.04852806404232979,0.007968442514538765,,,,,,,,,,,,,,0.9660098552703857,0.022043228149414062,388.0,0.7871947884559631,49.599998474121094,0.6781228184700012,-3.2558412551879883,-1.886660470518109e-06,0.28911563754081726,0.744495689868927,0.6382351517677307,0.9337766766548157,0.2560742199420929,0.464263916015625,0.6653754115104675,0.0
187,,,,,,,,,,,,,,,,,34.18872833251953,8.77914935699664e-05,-0.049293357878923416,0.0060339090414345264,,,,,,,,,,,,,,0.891315221786499,0.021991968154907227,420.0,0.7865986227989197,51.93000030517578,0.7120668888092041,-3.2649459838867188,-0.0003680053341668099,0.2523602247238159,0.6907913684844971,0.6315590739250183,0.9018842577934265,0.2921281158924103,0.43960556387901306,0.6687495112419128,0.0
188,,,,,,,,,,,,,,,,,34.16212463378906,0.0001316872367169708,-0.0483468621969223,0.003958932124078274,,,,,,,,,,,,,,0.8854410648345947,0.023820877075195312,422.0,0.785633385181427,52.0099983215332,0.7219333052635193,-3.2219326496124268,-8.38028863654472e-05,0.2862241268157959,0.7520347237586975,0.6812552809715271,0.9433813095092773,0.2772481441497803,0.462430477142334,0.6991809010505676,0.0
189,,,,,,,,,,,,,,,,,34.126705169677734,8.77914935699664e-05,-0.05343874543905258,0.005593561101704836,,,,,,,,,,,,,,0.8807580471038818,0.022114992141723633,425.0,0.7848402261734009,52.529998779296875,0.7322719693183899,-3.1633360385894775,-1.7957549061975442e-05,0.2801651060581207,0.7314073443412781,0.6292425990104675,0.9215695858001709,0.25798481702804565,0.4420078694820404,0.7015164494514465,0.0
190,,,,,,,,,,,,,,,,,34.101261138916016,8.77914935699664e-05,-0.05029622092843056,0.00845244899392128,,,,,,,,,,,,,,0.8770508766174316,0.022226810455322266,427.0,0.7841819524765015,53.15999984741211,0.7361405491828918,-3.2789738178253174,-0.00032986453152261674,0.2655410170555115,0.7184534072875977,0.6365790963172913,0.9228658676147461,0.23191888630390167,0.42743754386901855,0.6540239453315735,0.0
191,-1.3787909746170044,-0.00015540003369096667,0.11698048561811447,0.32654571533203125,0.28799593448638916,0.40920281410217285,0.10226128250360489,0.19411639869213104,0.29196596145629883,0.0,0.0,0.0,0.0,1.1666666269302368,0.1666666716337204,0.0,34.07416915893555,8.77914935699664e-05,-0.051657624542713165,0.00745509285479784,2.7321739196777344,0.8741646409034729,0.28792229294776917,0.6535207629203796,4.543637752532959,1.0553597211837769,0.18962006270885468,0.5595030188560486,1.329241156578064,14.730744361877441,0.0,0.0,0.0,0.8695430755615234,0.023101091384887695,430.0,0.7834130525588989,54.52000045776367,0.7678653597831726,-3.203261137008667,-0.00019781840092036873,0.28343409299850464,0.7223122119903564,0.6246545314788818,0.9175397753715515,0.2550005614757538,0.4325133264064789,0.6792003512382507,0.0
192,,,,,,,,,,,,,,,,,34.04599380493164,8.77914935699664e-05,-0.05421684309840202,0.006753140594810247,,,,,,,,,,,,,,0.8797037601470947,0.0218350887298584,425.0,0.7826372981071472,54.849998474121094,0.7639738917350769,-3.158418893814087,-1.7963828213396482e-05,0.28060880303382874,0.7286943793296814,0.6549884080886841,0.932488739490509,0.2705332338809967,0.44147539138793945,0.6811822056770325,0.0
193,,,,,,,,,,,,,,,,,34.013954162597656,8.77914935699664e-05,-0.05352206155657768,0.010640524327754974,,,,,,,,,,,,,,0.854395866394043,0.02267313003540039,437.0,0.7816553115844727,55.540000915527344,0.7833247184753418,-3.206988573074341,-9.378421964356676e-06,0.27949532866477966,0.7137433886528015,0.6176537871360779,0.9221715331077576,0.2135792374610901,0.4162665605545044,0.6698006987571716,0.0
194,,,,,,,,,,,,,,,,,33.97864532470703,8.77914935699664e-05,-0.05534372106194496,0.0073504699394106865,,,,,,,,,,,,,,0.9213497638702393,0.0232541561126709,406.0,0.7807682156562805,55.68000030517578,0.792933464050293,-3.1848487854003906,-0.0003572170389816165,0.29043909907341003,0.7195949554443359,0.6425297856330872,0.9102978706359863,0.27427104115486145,0.4280546009540558,0.693817138671875,0.0
195,,,,,,,,,,,,,,,,,33.950904846191406,8.77914935699664e-05,-0.049062322825193405,0.00482543371617794,,,,,,,,,,,,,,0.865231990814209,0.022614002227783203,432.0,0.7801939845085144,55.849998474121094,0.7949591279029846,-3.0578486919403076,-0.00017319666221737862,0.26973238587379456,0.7106526494026184,0.6222715973854065,0.9183788895606995,0.2001575380563736,0.4371168613433838,0.6800673007965088,0.0
196,,,,,,,,,,,,,,,,,33.92927551269531,8.77914935699664e-05,-0.04887819662690163,0.00951937772333622,,,,,,,,,,,,,,0.8547868728637695,0.022370100021362305,437.0,0.7795702815055847,56.88999938964844,0.8061872720718384,-3.163073778152466,-0.00013784941984340549,0.2858613431453705,0.7118417620658875,0.612718939781189,0.9013341069221497,0.2695877254009247,0.430372029542923,0.6857931613922119,0.0
197,,,,,,,,,,,,,,,,,33.90156555175781,0.0001316872367169708,-0.05512553080916405,0.009092476218938828,,,,,,,,,,,,,,0.8803420066833496,0.02232813835144043,425.0,0.7786256670951843,57.02000045776367,0.8333326578140259,-3.213027238845825,-1.3192468031775206e-05,0.3009859621524811,0.7150876522064209,0.6129154562950134,0.9045625329017639,0.24190205335617065,0.4287353456020355,0.685200035572052,0.0
198,-1.100570797920227,0.0,0.10161415487527847,0.2441808134317398,0.21247176826000214,0.3063523769378662,0.09546404331922531,0.14182578027248383,0.23427486419677734,0.0,0.0,0.0,0.0,0.8333333134651184,0.1666666716337204,0.0,33.86301040649414,8.77914935699664e-05,-0.05594600737094879,0.0067833103239536285,2.710822343826294,1.1523209810256958,0.32365086674690247,0.7793295979499817,4.115434169769287,1.0674620866775513,0.20113420486450195,0.5854952335357666,0.7463988661766052,13.860543251037598,0.0,0.0,0.0,0.8648819923400879,0.023057937622070312,432.0,0.7775861620903015,56.40999984741211,0.8304271697998047,-3.175830602645874,0.0,0.32290738821029663,0.7542837262153625,0.6685276627540588,0.9319818615913391,0.2594811022281647,0.4540231227874756,0.7039201855659485,0.0
199,,,,,,,,,,,,,,,,,33.82706069946289,8.77914935699664e-05,-0.05548297241330147,0.012213545851409435,,,,,,,,,,,,,,0.8519177436828613,0.022006988525390625,439.0,0.7766716480255127,56.4900016784668,0.8287765979766846,-3.2472116947174072,-2.490593215043191e-05,0.2848212420940399,0.7035107016563416,0.6200547218322754,0.9044568538665771,0.2467086762189865,0.4265037477016449,0.6929864287376404,0.0
200,-1.2820589542388916,-5.838349807163468e-06,0.11939994245767593,0.2878761887550354,0.2579537630081177,0.369657427072525,0.09798234701156616,0.17461180686950684,0.27309826016426086,0.0,0.0,0.2222222238779068,0.0,0.6666666865348816,0.1111111119389534,0.0,33.79563903808594,8.77914935699664e-05,-0.05412055179476738,0.005634215660393238,2.0041399002075195,1.3173950910568237,0.33312591910362244,0.6692254543304443,3.7163026332855225,1.1967395544052124,0.22222083806991577,0.6225402355194092,1.0540988445281982,13.73258113861084,0.0,0.0,0.0,0.8356280326843262,0.021918058395385742,447.0,0.775908887386322,57.779998779296875,0.8485996723175049,-3.0918776988983154,-2.0525447325780988e-05,0.2975045144557953,0.7113592624664307,0.6453584432601929,0.9166581034660339,0.283542662858963,0.4156787097454071,0.6849319934844971,0.0
201,,,,,,,,,,,,,,,,,33.77095413208008,5.852766480529681e-05,-0.05302882194519043,0.011540674604475498,,,,,,,,,,,,,,0.8954188823699951,0.022851943969726562,418.0,0.775412917137146,57.619998931884766,0.8495332598686218,-3.143829584121704,0.0,0.31651726365089417,0.7496673464775085,0.6592757105827332,0.9382050037384033,0.29404497146606445,0.4465421140193939,0.7047082781791687,0.0
202,,,,,,,,,,,,,,,,,33.755760192871094,0.0001316872367169708,-0.04600675404071808,0.004166621249169111,,,,,,,,,,,,,,0.8670768737792969,0.021899938583374023,431.0,0.7750245928764343,57.52000045776367,0.8810955286026001,-3.1118056774139404,-8.883940608939156e-05,0.31069985032081604,0.7278344035148621,0.651939332485199,0.9249496459960938,0.320542573928833,0.43709897994995117,0.6883564591407776,0.0
203,,,,,,,,,,,,,,,,,33.73495101928711,5.852766480529681e-05,-0.05318472534418106,0.005976119078695774,,,,,,,,,,,,,,0.854619026184082,0.023571014404296875,437.0,0.7744200229644775,57.18000030517578,0.8783053159713745,-3.1182353496551514,0.0,0.3281174600124359,0.753486156463623,0.6755673289299011,0.9390214085578918,0.31077519059181213,0.44338834285736084,0.6786632537841797,0.0
204,,,,,,,,,,,,,,,,,33.71476364135742,8.77914935699664e-05,-0.04812290519475937,0.01070416159927845,,,,,,,,,,,,,,0.8386738300323486,0.025136232376098633,444.0,0.7738730907440186,57.06999969482422,0.8948196172714233,-3.148071527481079,-4.7791789256734774e-05,0.2937142550945282,0.6912761330604553,0.6357723474502563,0.9043185114860535,0.299442857503891,0.40522322058677673,0.7041966915130615,0.0
205,,,,,,,,,,,,,,,,,33.69074249267578,8.77914935699664e-05,-0.052415456622838974,0.0072176288813352585,,,,,,,,,,,,,,0.8620247840881348,0.02254319190979004,434.0,0.7731211185455322,56.79999923706055,0.9117968082427979,-3.1600778102874756,-2.6603234800859354e-05,0.2925224006175995,0.7297847270965576,0.6875942349433899,0.9274638295173645,0.30048856139183044,0.4417916536331177,0.7033898234367371,0.0
206,,,,,,,,,,,,,,,,,33.65776824951172,8.77914935699664e-05,-0.05058049410581589,0.0070611960254609585,,,,,,,,,,,,,,0.8283379077911377,0.023429155349731445,450.0,0.7721287608146667,56.349998474121094,0.9185415506362915,-3.121164321899414,-3.7929692098259693e-06,0.28522053360939026,0.6950004696846008,0.6066608428955078,0.8934386372566223,0.286012202501297,0.405367374420166,0.6899969577789307,0.0
207,,,,,,,,,,,,,,,,,33.62581253051758,5.852766480529681e-05,-0.051746491342782974,0.0064295134507119656,,,,,,,,,,,,,,0.8543088436126709,0.02191305160522461,438.0,0.7714998722076416,55.939998626708984,0.9136974215507507,-3.0369327068328857,0.0,0.29746532440185547,0.7258439660072327,0.6674564480781555,0.9198343753814697,0.31816208362579346,0.4379027783870697,0.7124653458595276,0.0
208,,,,,,,,,,,,,,,,,33.60581970214844,8.77914935699664e-05,-0.04361254349350929,0.007196358405053616,,,,,,,,,,,,,,0.8717670440673828,0.0216519832611084,429.0,0.7709817290306091,56.0,0.9420673251152039,-3.0503199100494385,-1.82843692186907e-07,0.30133840441703796,0.7045934796333313,0.6043807864189148,0.9073331952095032,0.2820616066455841,0.45178213715553284,0.6959076523780823,0.0
209,,,,,,,,,,,,,,,,,33.582767486572266,8.77914935699664e-05,-0.05093309283256531,0.004213165026158094,,,,,,,,,,,,,,0.8620269298553467,0.02174997329711914,434.0,0.7703118920326233,55.63999938964844,0.9514452815055847,-3.1707801818847656,-3.7241115933284163e-05,0.28970035910606384,0.7296559810638428,0.6438025832176208,0.912127673625946,0.3126814067363739,0.4418574869632721,0.700409471988678,0.0
210,,,,,,,,,,,,,,,,,33.558101654052734,8.77914935699664e-05,-0.04650849476456642,0.009937767870724201,,,,,,,,,,,,,,0.8786332607269287,0.022422075271606445,426.0,0.7696673274040222,55.2400016784668,0.9437912702560425,-3.02848744392395,0.0,0.3349945843219757,0.7178905010223389,0.6348450779914856,0.9056511521339417,0.31510046124458313,0.4236229658126831,0.7008334994316101,0.0
211,,,,,,,,,,,,,,,,,33.5299186706543,0.0001316872367169708,-0.056832510977983475,0.006590506061911583,,,,,,,,,,,,,,0.884484052658081,0.022387027740478516,423.0,0.768684446811676,54.400001525878906,0.9584702849388123,-3.0876941680908203,0.0,0.32506611943244934,0.7633101344108582,0.7075309157371521,0.9450039863586426,0.345480352640152,0.45918139815330505,0.7105348706245422,0.0
212,,,,,,,,,,,,,,,,,33.488502502441406,8.77914935699664e-05,-0.04780887812376022,0.010407129302620888,,,,,,,,,,,,,,0.8894319534301758,0.023279190063476562,420.0,0.767643392086029,54.22999954223633,0.9904640913009644,-3.026355743408203,-3.65305422747042e-05,0.3130539357662201,0.7348076701164246,0.6574084162712097,0.9202065467834473,0.271464079618454,0.44173136353492737,0.6771405339241028,0.0
213,,,,,,,,,,,,,,,,,33.4578742980957,8.77914935699664e-05,-0.04483448714017868,0.006334961391985416,,,,,,,,,,,,,,0.8889961242675781,0.021804094314575195,421.0,0.7670748233795166,54.13999938964844,0.9975190758705139,-3.0449752807617188,0.0,0.3339754045009613,0.7661269307136536,0.7084905505180359,0.9464277625083923,0.2943882644176483,0.4701450765132904,0.7075803875923157,0.0
214,-1.1701184511184692,-4.111843736609444e-06,0.12159887701272964,0.28437545895576477,0.26000547409057617,0.3593146502971649,0.11222752928733826,0.17704077064990997,0.2690190076828003,0.0,0.0,0.1111111119389534,0.0,0.7777777910232544,0.3333333432674408,0.0,33.439842224121094,8.77914935699664e-05,-0.05308496206998825,0.00819612480700016,2.816201686859131,0.9653306603431702,0.23102596402168274,0.7448511123657227,4.648752689361572,0.9340375065803528,0.17791566252708435,0.5509088039398193,1.2096245288848877,16.679988861083984,0.0,0.0,0.0,0.8920319080352783,0.022773027420043945,419.0,0.7666825652122498,54.0099983215332,1.0318529605865479,-3.032170057296753,-1.4455701602855697e-05,0.3047334849834442,0.7149792313575745,0.6481695771217346,0.9149308204650879,0.3117225766181946,0.4370780885219574,0.6916421055793762,0.0
215,,,,,,,,,,,,,,,,,33.4244270324707,8.77914935699664e-05,-0.05496502295136452,0.007268176879733801,,,,,,,,,,,,,,0.8577959537506104,0.02379012107849121,435.0,0.7662143111228943,54.40999984741211,1.0554537773132324,-3.024425506591797,-3.4765282180160284e-05,0.3062834143638611,0.7574188113212585,0.7228379249572754,0.9464524388313293,0.3463524878025055,0.4561082124710083,0.700984001159668,0.0
216,,,,,,,,,,,,,,,,,33.40414047241211,8.77914935699664e-05,-0.05405910313129425,0.009077577851712704,,,,,,,,,,,,,,0.8773300647735596,0.022858858108520508,426.0,0.7655909657478333,53.810001373291016,1.0502570867538452,-3.0603950023651123,-6.897450657561421e-05,0.3170607089996338,0.7271018624305725,0.6506932973861694,0.9206909537315369,0.3019751012325287,0.43855908513069153,0.6913658976554871,0.0
217,,,,,,,,,,,,,,,,,33.377681732177734,8.77914935699664e-05,-0.05519391596317291,0.007166560273617506,,,,,,,,,,,,,,0.872772216796875,0.02337789535522461,428.0,0.7648226022720337,54.2599983215332,1.0782068967819214,-3.000178575515747,-5.078942922409624e-05,0.31864073872566223,0.7505593299865723,0.7096166610717773,0.9404442310333252,0.30315712094306946,0.4479276239871979,0.6959277987480164,0.0
218,,,,,,,,,,,,,,,,,33.35040283203125,5.852766480529681e-05,-0.05244860425591469,0.006756453309208155,,,,,,,,,,,,,,0.8588879108428955,0.023201942443847656,435.0,0.7641841173171997,54.380001068115234,1.0836718082427979,-3.034111738204956,-1.9668783352244645e-05,0.3383764326572418,0.722233772277832,0.6569874286651611,0.9272565841674805,0.28996577858924866,0.42921319603919983,0.68487149477005,0.0
219,,,,,,,,,,,,,,,,,33.32793045043945,8.77914935699664e-05,-0.044392358511686325,0.0052543566562235355,,,,,,,,,,,,,,0.8976719379425049,0.023205041885375977,416.0,0.7636011838912964,54.130001068115234,1.100549578666687,-3.01538348197937,-7.792569522280246e-05,0.3187545835971832,0.7506092190742493,0.7056772112846375,0.9377543926239014,0.3038163185119629,0.43828293681144714,0.7158121466636658,0.0
220,,,,,,,,,,,,,,,,,33.303802490234375,8.77914935699664e-05,-0.055638547986745834,0.008631706237792969,,,,,,,,,,,,,,0.9058809280395508,0.023524999618530273,413.0,0.7629148960113525,54.33000183105469,1.1070599555969238,-3.0515835285186768,-4.3882769773517794e-07,0.3370504081249237,0.7522774338722229,0.6812246441841125,0.9422261118888855,0.2604876756668091,0.4508345425128937,0.6889920234680176,0.0
221,,,,,,,,,,,,,,,,,33.276214599609375,8.77914935699664e-05,-0.04721836745738983,0.0075097838416695595,,,,,,,,,,,,,,0.884876012802124,0.023098230361938477,422.0,0.7621527314186096,54.36000061035156,1.128385305404663,-3.0320699214935303,-2.085581400024239e-05,0.36383500695228577,0.7608310580253601,0.6914789080619812,0.9350358843803406,0.30739060044288635,0.4451577663421631,0.7057355046272278,0.0
222,,,,,,,,,,,,,,,,,33.24906539916992,5.852766480529681e-05,-0.04729141667485237,0.005878394469618797,,,,,,,,,,,,,,0.8812389373779297,0.02241802215576172,424.0,0.7615307569503784,54.970001220703125,1.1677278280258179,-3.07257080078125,-8.408162830164656e-05,0.329597145318985,0.749464750289917,0.6882529854774475,0.942332923412323,0.2989461421966553,0.453971266746521,0.6893596053123474,0.0
223,,,,,,,,,,,,,,,,,33.226131439208984,8.77914935699664e-05,-0.04908335208892822,0.007705626543611288,,,,,,,,,,,,,,0.898475170135498,0.022017955780029297,417.0,0.7608477473258972,54.720001220703125,1.1785740852355957,-3.033580780029297,-3.2341752103093313e-06,0.3235706090927124,0.7272331714630127,0.6327621340751648,0.9055495262145996,0.29327651858329773,0.44863054156303406,0.6928245425224304,0.0
224,,,,,,,,,,,,,,,,,33.19544219970703,8.77914935699664e-05,-0.054044775664806366,0.00533535098657012,,,,,,,,,,,,,,0.8654379844665527,0.023272037506103516,432.0,0.759992241859436,54.75,1.1941757202148438,-2.9769461154937744,-0.00011841621017083526,0.36871233582496643,0.7813592553138733,0.7036430835723877,0.9463248252868652,0.3247394561767578,0.4641447961330414,0.6999569535255432,0.0
225,,,,,,,,,,,,,,,,,33.162139892578125,8.77914935699664e-05,-0.052859947085380554,0.005448713432997465,,,,,,,,,,,,,,0.8716039657592773,0.02362513542175293,428.0,0.75907301902771,54.630001068115234,1.2089899778366089,-2.995558500289917,-9.760779357748106e-05,0.34769701957702637,0.727992594242096,0.655696451663971,0.9231629371643066,0.2813468277454376,0.4394620954990387,0.7005288004875183,0.0
226,,,,,,,,,,,,,,,,,33.129066467285156,5.852766480529681e-05,-0.04727296531200409,0.005012580659240484,,,,,,,,,,,,,,0.8692281246185303,0.021704912185668945,431.0,0.758375346660614,55.040000915527344,1.2054868936538696,-3.0225534439086914,-9.840015081863385e-06,0.3333660066127777,0.764312744140625,0.6826030611991882,0.9330036044120789,0.32113516330718994,0.45137619972229004,0.712297260761261,0.0
227,,,,,,,,,,,,,,,,,33.106040954589844,5.852766480529681e-05,-0.04910634830594063,0.005302240140736103,,,,,,,,,,,,,,0.8790440559387207,0.022944927215576172,425.0,0.7578125,55.0,1.2107120752334595,-3.075636148452759,-3.338907481520437e-05,0.3472823202610016,0.7476329803466797,0.6572732329368591,0.932272732257843,0.29170048236846924,0.45811405777931213,0.6816696524620056,0.0
228,,,,,,,,,,,,,,,,,33.08378219604492,5.852766480529681e-05,-0.04521201550960541,0.005608420353382826,,,,,,,,,,,,,,0.8846330642700195,0.023173093795776367,422.0,0.7572503685951233,55.290000915527344,1.2367727756500244,-2.9697046279907227,-0.00010031950660049915,0.350201278924942,0.7350026965141296,0.651394784450531,0.9185662269592285,0.2910573482513428,0.44021180272102356,0.7004125714302063,0.0
229,,,,,,,,,,,,,,,,,33.06301498413086,0.0001316872367169708,-0.04121720418334007,0.0072833579033613205,,,,,,,,,,,,,,1.0273792743682861,0.023213863372802734,365.0,0.7566474080085754,54.77000045776367,1.2202352285385132,-3.0099403858184814,-3.1504645448876545e-05,0.33196744322776794,0.7514632344245911,0.6943645477294922,0.9351693987846375,0.3013983964920044,0.45710060000419617,0.7032896876335144,0.0
230,,,,,,,,,,,,,,,,,33.031715393066406,8.77914935699664e-05,-0.05888088792562485,0.008321094326674938,,,,,,,,,,,,,,0.9240438938140869,0.024132966995239258,404.0,0.7557177543640137,54.5099983215332,1.2158464193344116,-2.96794056892395,-1.568715197208803e-05,0.35750436782836914,0.7393972873687744,0.6797410845756531,0.9252871870994568,0.2759019434452057,0.43619951605796814,0.679501473903656,0.0
231,-1.2865597009658813,-2.9249993531266227e-05,0.13445372879505157,0.29508891701698303,0.27339988946914673,0.38096338510513306,0.09548843652009964,0.17628905177116394,0.28991013765335083,0.0,0.0,0.5714285969734192,0.0,0.5714285969734192,0.1428571492433548,0.0,33.001380920410156,8.77914935699664e-05,-0.050356123596429825,0.007238260470330715,2.875303030014038,1.4501266479492188,0.40241268277168274,0.8516927361488342,4.709954738616943,1.32330322265625,0.25684210658073425,0.6654810309410095,1.1202229261398315,16.788063049316406,0.0,0.0,0.0,0.993649959564209,0.024129152297973633,377.0,0.7550494074821472,55.08000183105469,1.2061772346496582,-2.931077241897583,-0.00012420323037076741,0.3250526189804077,0.6935716271400452,0.6419181823730469,0.9007150530815125,0.2956961393356323,0.41175100207328796,0.6810162663459778,0.0
232,,,,,,,,,,,,,,,,,32.976318359375,5.852766480529681e-05,-0.047925058752298355,0.0038015125319361687,,,,,,,,,,,,,,0.9084680080413818,0.023318052291870117,412.0,0.754442036151886,55.029998779296875,1.2261502742767334,-2.9463436603546143,-0.00015674966562073678,0.3423108756542206,0.7491925358772278,0.6875993609428406,0.9334080815315247,0.30171695351600647,0.4474802017211914,0.6748549342155457,0.0
233,-1.2249013185501099,-3.7229918234515935e-05,0.13829490542411804,0.29852136969566345,0.2679980397224426,0.37609466910362244,0.1060710921883583,0.18174949288368225,0.27913007140159607,0.0,0.0,0.6000000238418579,0.0,0.4000000059604645,0.20000000298023224,0.0,32.955078125,5.852766480529681e-05,-0.043782394379377365,0.007425613701343536,2.942722797393799,1.371006727218628,0.3537650406360626,0.6711180210113525,4.739107608795166,1.221468210220337,0.22575922310352325,0.5882986783981323,1.0505236387252808,17.31845474243164,0.0,0.0,0.0,0.9461390972137451,0.023105144500732422,396.0,0.7539390325546265,55.779998779296875,1.2304778099060059,-2.9620301723480225,-3.7904665077803656e-05,0.3496505916118622,0.7383852601051331,0.692523717880249,0.9247093200683594,0.298211932182312,0.4318448007106781,0.6883425712585449,0.0
234,,,,,,,,,,,,,,,,,32.93600082397461,8.77914935699664e-05,-0.04499754309654236,0.008174844086170197,,,,,,,,,,,,,,1.0164530277252197,0.026920080184936523,368.0,0.7533904314041138,56.06999969482422,1.2525852918624878,-2.995192766189575,-5.787711779703386e-05,0.34634971618652344,0.7381159663200378,0.7019870281219482,0.9320902824401855,0.3112320899963379,0.4321540892124176,0.6996950507164001,0.0
235,,,,,,,,,,,,,,,,,32.913021087646484,5.852766480529681e-05,-0.043625641614198685,0.007333165034651756,,,,,,,,,,,,,,0.9441180229187012,0.02412104606628418,396.0,0.7528297305107117,56.54999923706055,1.2688599824905396,-2.9818289279937744,-4.61057061329484e-05,0.3724346160888672,0.7447667121887207,0.7157077789306641,0.9325496554374695,0.33987677097320557,0.4516202211380005,0.6821452975273132,0.0
236,,,,,,,,,,,,,,,,,32.89360046386719,8.77914935699664e-05,-0.039336975663900375,0.010345658287405968,,,,,,,,,,,,,,0.8690731525421143,0.023090839385986328,430.0,0.7523642182350159,56.59000015258789,1.2770296335220337,-3.0215091705322266,-7.679117697989568e-05,0.33322402834892273,0.6873572468757629,0.618766725063324,0.9083876609802246,0.3016211986541748,0.41896724700927734,0.6440276503562927,0.0
237,-1.1871337890625,-4.7937002818798646e-05,0.13626129925251007,0.2778306305408478,0.2615203559398651,0.35621973872184753,0.1240006685256958,0.16777025163173676,0.2666586935520172,0.0,0.0,0.4285714328289032,0.0,0.2857142984867096,0.4285714328289032,0.0,32.87716293334961,5.852766480529681e-05,-0.04795290157198906,0.013408725149929523,2.5198066234588623,1.3891448974609375,0.36034896969795227,0.7433510422706604,3.8152382373809814,1.16904616355896,0.21821996569633484,0.5807953476905823,1.0268847942352295,15.615945816040039,0.0,0.0,0.0,0.8971691131591797,0.0231168270111084,417.0,0.7520210146903992,56.58000183105469,1.2652992010116577,-2.999398946762085,-0.00017275549180340022,0.3788875639438629,0.7534034848213196,0.7214139103889465,0.9280334115028381,0.33817851543426514,0.45083388686180115,0.724835216999054,0.0
238,,,,,,,,,,,,,,,,,32.86194610595703,5.852766480529681e-05,-0.03919616714119911,0.006459622643887997,,,,,,,,,,,,,,0.939697265625,0.0230557918548584,398.0,0.7515385150909424,57.0,1.2753509283065796,-3.04126238822937,-5.1346873078728095e-05,0.37366941571235657,0.7827794551849365,0.743445873260498,0.9478937983512878,0.3240703046321869,0.4674515724182129,0.6868625283241272,0.0
239,,,,,,,,,,,,,,,,,32.84122848510742,8.77914935699664e-05,-0.046185921877622604,0.013900350779294968,,,,,,,,,,,,,,0.9034440517425537,0.022600889205932617,414.0,0.7509253621101379,57.72999954223633,1.309067726135254,-2.9520461559295654,-9.913878602674231e-05,0.34260568022727966,0.6876365542411804,0.6089786887168884,0.8926092982292175,0.23321229219436646,0.42326247692108154,0.667488157749176,0.0
240,-1.129307746887207,-1.70557414094219e-05,0.14174436032772064,0.2892593443393707,0.2700892388820648,0.3555767238140106,0.10752835124731064,0.17393511533737183,0.2662077248096466,0.0,0.0,0.3333333432674408,0.0,0.6666666865348816,0.5,0.0,32.81658172607422,5.852766480529681e-05,-0.046188339591026306,0.007551917340606451,2.617302179336548,0.9123625159263611,0.241974875330925,0.6499103903770447,3.4129040241241455,0.9255025386810303,0.18372316658496857,0.518843948841095,0.9803276062011719,13.082232475280762,0.0,0.0,0.0,0.8965356349945068,0.02234816551208496,417.0,0.750366747379303,58.45000076293945,1.326310157775879,-2.9324710369110107,-0.00011693997657857835,0.3730739653110504,0.7798641324043274,0.7397668957710266,0.9458455443382263,0.3448663055896759,0.46732378005981445,0.716926634311676,0.0
241,,,,,,,,,,,,,,,,,32.79820251464844,8.77914935699664e-05,-0.043109405785799026,0.011163737624883652,,,,,,,,,,,,,,0.8813221454620361,0.021485090255737305,425.0,0.7499192953109741,58.45000076293945,1.3253675699234009,-2.9231796264648438,-3.35367803927511e-05,0.3587322235107422,0.7225447297096252,0.6516820192337036,0.9165874123573303,0.2926051914691925,0.42810168862342834,0.6725133061408997,0.0
242,,,,,,,,,,,,,,,,,32.78220748901367,5.852766480529681e-05,-0.050999101251363754,0.006740667391568422,,,,,,,,,,,,,,0.8898952007293701,0.021100759506225586,421.0,0.7496281862258911,58.66999816894531,1.3432077169418335,-2.961745262145996,-0.00015505374176427722,0.32903382182121277,0.7288864254951477,0.6542529463768005,0.9146363735198975,0.29341790080070496,0.43595075607299805,0.6761189103126526,0.0
243,-1.2732642889022827,-2.8838960133725777e-05,0.15286439657211304,0.3257158398628235,0.29399675130844116,0.3987816870212555,0.13188500702381134,0.19237947463989258,0.285439133644104,0.0,0.0,0.0,0.0,1.2000000476837158,0.0,0.0,32.77124786376953,8.77914935699664e-05,-0.04002561792731285,0.011848101392388344,3.954317092895508,0.7718484997749329,0.24045522511005402,0.7145743370056152,4.805572032928467,0.9205827713012695,0.18490669131278992,0.5545721650123596,1.314591407775879,20.185462951660156,0.0,0.0,0.0,0.8794701099395752,0.023355960845947266,425.0,0.7492528557777405,59.04999923706055,1.3574719429016113,-2.9820821285247803,-8.66214104462415e-05,0.3640846312046051,0.7732842564582825,0.7155044078826904,0.9429605603218079,0.34523630142211914,0.46248507499694824,0.6916282176971436,0.0
244,,,,,,,,,,,,,,,,,32.753501892089844,5.852766480529681e-05,-0.04540001600980759,0.009990058839321136,,,,,,,,,,,,,,0.8756983280181885,0.022966623306274414,427.0,0.7487868666648865,58.880001068115234,1.3579751253128052,-2.9160444736480713,-0.00011081434058723971,0.3355232775211334,0.7198066711425781,0.6406850218772888,0.9058548808097839,0.29611876606941223,0.43610480427742004,0.682696521282196,0.0
245,,,,,,,,,,,,,,,,,32.735294342041016,8.77914935699664e-05,-0.04982679709792137,0.005885890685021877,,,,,,,,,,,,,,0.9036068916320801,0.024265050888061523,413.0,0.748230516910553,59.95000076293945,1.3699721097946167,-2.9755165576934814,-0.00019252033962402493,0.34858977794647217,0.7425100803375244,0.6717622876167297,0.9167099595069885,0.30982455611228943,0.45585522055625916,0.6890811324119568,0.0
246,,,,,,,,,,,,,,,,,32.712196350097656,3.9018443203531206e-05,-0.04727254807949066,0.007075724191963673,,,,,,,,,,,,,,0.8963510990142822,0.022512197494506836,417.0,0.7477206587791443,59.7599983215332,1.3722718954086304,-2.951329469680786,-4.750768493977375e-05,0.3732241690158844,0.7739129066467285,0.6828482151031494,0.9314093589782715,0.29968634247779846,0.45589888095855713,0.6695961356163025,0.0
247,,,,,,,,,,,,,,,,,32.695987701416016,8.77914935699664e-05,-0.04135342687368393,0.005898047238588333,,,,,,,,,,,,,,1.032743215560913,0.024028778076171875,363.0,0.747266948223114,59.54999923706055,1.3827122449874878,-2.9066264629364014,-0.00016926736861933023,0.3474581241607666,0.7123353481292725,0.6486508846282959,0.8957180380821228,0.30051565170288086,0.43440672755241394,0.6914145350456238,0.0
248,-1.3285813331604004,-0.0001256956165889278,0.16703945398330688,0.3400520980358124,0.31024011969566345,0.4140434265136719,0.14935195446014404,0.20376606285572052,0.29111766815185547,0.0,0.0,0.0,0.0,1.3333333730697632,0.0,0.0,32.673309326171875,5.852766480529681e-05,-0.05175534263253212,0.004866314120590687,1.9775099754333496,0.8096392154693604,0.21909849345684052,0.7038862109184265,4.6442551612854,0.880220353603363,0.17489469051361084,0.5482894778251648,1.2398122549057007,17.25480842590332,0.0,0.0,0.0,0.8943030834197998,0.022975921630859375,418.0,0.7466246485710144,59.7400016784668,1.3985122442245483,-2.938169479370117,-0.00017867657879833132,0.36982178688049316,0.7745497226715088,0.7084047794342041,0.9434890747070312,0.3313086926937103,0.4674251079559326,0.6672503352165222,0.0
249,-1.102099061012268,-7.134949555620551e-05,0.1347273290157318,0.2853667736053467,0.25806179642677307,0.3492121398448944,0.11279908567667007,0.17264001071453094,0.26218071579933167,0.0,0.0,0.1428571492433548,0.0,1.0,0.0,0.0,32.649131774902344,5.852766480529681e-05,-0.042178887873888016,0.00798199325799942,2.115396738052368,1.0723936557769775,0.26119205355644226,0.7820637822151184,3.3141119480133057,0.9660308957099915,0.20591923594474792,0.5486789345741272,0.9129893183708191,11.18580436706543,0.0,0.0,0.0,1.1374976634979248,0.03942418098449707,326.0,0.7460139393806458,59.58000183105469,1.3920968770980835,-2.8976528644561768,-0.00011428949073888361,0.3556050956249237,0.7353288531303406,0.6592279076576233,0.9107797741889954,0.29518312215805054,0.44180139899253845,0.672340452671051,0.0
250,,,,,,,,,,,,,,,,,32.62732696533203,5.852766480529681e-05,-0.04717937111854553,0.01069066021591425,,,,,,,,,,,,,,1.2143568992614746,0.02986311912536621,308.0,0.7455167174339294,59.290000915527344,1.4038499593734741,-2.802442789077759,-0.00021361296239774674,0.3570934236049652,0.759568989276886,0.7229639887809753,0.9339211583137512,0.3394787311553955,0.4586479663848877,0.6930167078971863,0.0
251,,,,,,,,,,,,,,,,,32.60650634765625,8.77914935699664e-05,-0.045638229697942734,0.00880470871925354,,,,,,,,,,,,,,0.9621131420135498,0.03308606147766113,385.0,0.744895339012146,59.540000915527344,1.4147851467132568,-2.9111430644989014,-2.589793257357087e-05,0.3413361608982086,0.7422122955322266,0.6862308382987976,0.9330956339836121,0.25963273644447327,0.4520314037799835,0.6582980155944824,0.0
252,,,,,,,,,,,,,,,,,32.58210372924805,8.77914935699664e-05,-0.046721138060092926,0.01395786739885807,,,,,,,,,,,,,,0.9021608829498291,0.024784088134765625,414.0,0.7443663477897644,59.45000076293945,1.4181751012802124,-2.928727865219116,-0.00044276300468482077,0.3264705538749695,0.7295067310333252,0.6423712968826294,0.9063773155212402,0.26877644658088684,0.4315178096294403,0.6481607556343079,0.0
253,,,,,,,,,,,,,,,,,32.566001892089844,5.852766480529681e-05,-0.04895118251442909,0.006922580301761627,,,,,,,,,,,,,,0.8798041343688965,0.02400493621826172,424.0,0.7440891265869141,60.209999084472656,1.426517128944397,-2.901087522506714,-0.000181843715836294,0.3475254476070404,0.7249698638916016,0.6795182228088379,0.9123921394348145,0.30076661705970764,0.44517603516578674,0.6626998782157898,0.0
254,,,,,,,,,,,,,,,,,32.554771423339844,0.0001316872367169708,-0.04483502730727196,0.006108652800321579,,,,,,,,,,,,,,0.8773472309112549,0.023834705352783203,426.0,0.7436519861221313,59.900001525878906,1.4349451065063477,-2.8389251232147217,-1.3859530554327648e-05,0.38129982352256775,0.7360265851020813,0.6669673323631287,0.9097394347190857,0.3309878408908844,0.4439201056957245,0.6790046691894531,0.0
255,-1.0623174905776978,-2.6066509235533886e-05,0.12865908443927765,0.2677049934864044,0.24857304990291595,0.3376549482345581,0.11417713761329651,0.1639000028371811,0.25467395782470703,0.0,0.0,0.1666666716337204,0.0,1.1666666269302368,0.0,0.0,32.52872085571289,5.852766480529681e-05,-0.05442291498184204,0.0072367689572274685,2.8607771396636963,1.2084519863128662,0.3131386637687683,0.7117096781730652,4.25506591796875,1.1525403261184692,0.2284889668226242,0.5905390381813049,0.8026229739189148,13.820612907409668,0.0,0.0,0.0,0.8880877494812012,0.021337032318115234,422.0,0.7428942918777466,59.7599983215332,1.4246670007705688,-2.7971458435058594,-0.00010377616854384542,0.36798277497291565,0.7238752841949463,0.6744031310081482,0.9048990607261658,0.3277992904186249,0.43296563625335693,0.6835439205169678,0.0
256,,,,,,,,,,,,,,,,,32.50395202636719,8.77914935699664e-05,-0.039326995611190796,0.010674944147467613,,,,,,,,,,,,,,0.8894798755645752,0.023107290267944336,420.0,0.7422980070114136,59.4900016784668,1.4422506093978882,-2.8795316219329834,-0.00014825073594693094,0.367678165435791,0.7481770515441895,0.6808018684387207,0.9252158999443054,0.3362480401992798,0.4430605471134186,0.6725848317146301,0.0
257,,,,,,,,,,,,,,,,,32.4807014465332,8.77914935699664e-05,-0.043393898755311966,0.004322386346757412,,,,,,,,,,,,,,0.8851590156555176,0.023767948150634766,422.0,0.7417230606079102,60.0099983215332,1.4575659036636353,-2.857084274291992,-0.00019321683794260025,0.3893294334411621,0.7591984868049622,0.6960147023200989,0.9256189465522766,0.3175065815448761,0.4421592652797699,0.6516553163528442,0.0
258,-1.2342785596847534,-7.127960998332128e-05,0.16119445860385895,0.3249824643135071,0.2966632544994354,0.39577731490135193,0.13254991173744202,0.187457874417305,0.28168371319770813,0.0,0.0,0.0,0.0,0.8571428656578064,0.1428571492433548,0.0,32.45856857299805,5.852766480529681e-05,-0.04502762109041214,0.00537493359297514,3.1270294189453125,1.064941167831421,0.310194194316864,0.6021484732627869,3.6429600715637207,1.0263128280639648,0.21053048968315125,0.5615075826644897,1.197738528251648,11.617193222045898,0.0,0.0,0.0,0.8847901821136475,0.023445844650268555,422.0,0.7412177920341492,59.86000061035156,1.4625563621520996,-2.805307626724243,-0.00011566005559870973,0.4011252224445343,0.7611510753631592,0.6572136878967285,0.9159693121910095,0.29658815264701843,0.441076397895813,0.6357677578926086,0.0
259,,,,,,,,,,,,,,,,,32.44029235839844,8.77914935699664e-05,-0.05068832263350487,0.00524450046941638,,,,,,,,,,,,,,0.8722610473632812,0.02301502227783203,428.0,0.740699052810669,60.04999923706055,1.4851911067962646,-2.872936248779297,-0.0002759970957413316,0.35685572028160095,0.7173216342926025,0.635381281375885,0.8990740776062012,0.32838019728660583,0.4267670214176178,0.655296802520752,0.0
260,,,,,,,,,,,,,,,,,32.4186897277832,5.852766480529681e-05,-0.044801920652389526,0.008550450205802917,,,,,,,,,,,,,,0.881817102432251,0.02361130714416504,424.0,0.7402185797691345,59.970001220703125,1.4743287563323975,-2.8404858112335205,-1.3352716450754087e-05,0.40409907698631287,0.7900674939155579,0.7200387120246887,0.94223952293396,0.336823433637619,0.4608081579208374,0.6716012358665466,0.0
261,,,,,,,,,,,,,,,,,32.40402603149414,5.852766480529681e-05,-0.045295584946870804,0.008414382115006447,,,,,,,,,,,,,,0.8893890380859375,0.024403810501098633,420.0,0.7399210333824158,60.15999984741211,1.4958631992340088,-2.8857810497283936,-1.1050680768676102e-05,0.429467111825943,0.7596558928489685,0.6691262722015381,0.9250519871711731,0.3124292492866516,0.4396437406539917,0.6324533820152283,0.0
262,,,,,,,,,,,,,,,,,32.39118576049805,5.852766480529681e-05,-0.04126840829849243,0.007417147513478994,,,,,,,,,,,,,,0.8956241607666016,0.022780895233154297,418.0,0.7395631670951843,60.43000030517578,1.513663411140442,-2.8637993335723877,-0.0002045749715762213,0.37896978855133057,0.7489870190620422,0.6639748215675354,0.9201412200927734,0.3416738510131836,0.4401167333126068,0.6176374554634094,0.0
263,-1.2986429929733276,-6.190052954480052e-05,0.18744345009326935,0.35795071721076965,0.3158513009548187,0.43255242705345154,0.1645432710647583,0.20860546827316284,0.288985937833786,0.0,0.0,0.0,0.0,1.1666666269302368,0.0,0.0,32.37608337402344,8.77914935699664e-05,-0.04266108572483063,0.0034505915828049183,4.046801567077637,0.9914746880531311,0.2488298863172531,0.5835462212562561,5.3384246826171875,1.0629874467849731,0.19183015823364258,0.56477952003479,1.4059206247329712,23.269739151000977,0.0,0.0,0.0,0.9217479228973389,0.023141145706176758,406.0,0.7391331791877747,61.22999954223633,1.549615740776062,-2.864000082015991,-0.00023092942137736827,0.40139856934547424,0.7813951373100281,0.7154345512390137,0.9438042640686035,0.34603074193000793,0.4640692174434662,0.6454760432243347,0.0
264,,,,,,,,,,,,,,,,,32.35647964477539,5.852766480529681e-05,-0.04470237344503403,0.01139697153121233,,,,,,,,,,,,,,0.9015979766845703,0.023926973342895508,414.0,0.738608717918396,61.150001525878906,1.5533019304275513,-2.822542905807495,-7.675779488636181e-05,0.40773358941078186,0.7481535077095032,0.6707329750061035,0.9125210642814636,0.2995094358921051,0.43097683787345886,0.6522809863090515,0.0
265,,,,,,,,,,,,,,,,,32.3386116027832,5.852766480529681e-05,-0.035993825644254684,0.010836845263838768,,,,,,,,,,,,,,0.8616552352905273,0.02590489387512207,432.0,0.7382391691207886,61.7400016784668,1.5752400159835815,-2.910642623901367,-8.688983507454395e-05,0.41516804695129395,0.7638446688652039,0.6848836541175842,0.9220843315124512,0.32821986079216003,0.4375007152557373,0.6280694603919983,0.0
266,,,,,,,,,,,,,,,,,32.325130462646484,8.77914935699664e-05,-0.042364977300167084,0.012315228581428528,,,,,,,,,,,,,,0.9150390625,0.023235082626342773,409.0,0.737873375415802,62.33000183105469,1.5894863605499268,-2.8601772785186768,-0.00035200302954763174,0.41365838050842285,0.7522500157356262,0.656344473361969,0.9171414375305176,0.3353012502193451,0.44243964552879333,0.5956977605819702,0.0
267,-1.3118630647659302,-0.00018743083637673408,0.19005464017391205,0.349151611328125,0.31469255685806274,0.421949565410614,0.14481818675994873,0.20422594249248505,0.27778008580207825,0.0,0.0,0.0,0.0,1.0,0.1428571492433548,0.0,32.309810638427734,3.9018443203531206e-05,-0.05178413540124893,0.013867503963410854,2.1291775703430176,0.942203938961029,0.2641853392124176,0.5515022873878479,3.8973238468170166,0.8661757111549377,0.1789661943912506,0.5195924639701843,1.4186410903930664,15.551803588867188,0.0,0.0,0.0,0.8908700942993164,0.02522110939025879,419.0,0.7375138998031616,62.72999954223633,1.6055525541305542,-2.901958465576172,-0.0002808135177474469,0.4268825054168701,0.7438625693321228,0.6655539274215698,0.9142811298370361,0.3241468369960785,0.4377887547016144,0.6206040382385254,0.0
268,,,,,,,,,,,,,,,,,32.29930877685547,5.852766480529681e-05,-0.039711859077215195,0.007882249541580677,,,,,,,,,,,,,,0.9512379169464111,0.023955106735229492,393.0,0.7373092770576477,62.81999969482422,1.603917121887207,-2.8264846801757812,-0.00020980212138965726,0.448319673538208,0.7928586006164551,0.7164030075073242,0.9414405822753906,0.32597312331199646,0.4509035646915436,0.6668911576271057,0.0
269,,,,,,,,,,,,,,,,,32.29046630859375,5.852766480529681e-05,-0.03942685201764107,0.0058692521415650845,,,,,,,,,,,,,,1.0571379661560059,0.02893805503845215,353.0,0.7370675802230835,62.400001525878906,1.6168009042739868,-2.828969717025757,-6.45867912680842e-05,0.45901593565940857,0.7968222498893738,0.7061643004417419,0.9456707835197449,0.3029789924621582,0.45257434248924255,0.6285927891731262,0.0
270,,,,,,,,,,,,,,,,,32.28085708618164,5.852766480529681e-05,-0.04562633857131004,0.02043798565864563,,,,,,,,,,,,,,0.911686897277832,0.02271294593811035,410.0,0.7368395328521729,62.849998474121094,1.6428534984588623,-2.872931718826294,-0.0006425816682167351,0.3848961889743805,0.7214908599853516,0.6015937924385071,0.9008195996284485,0.31961312890052795,0.4128035306930542,0.5504677891731262,0.0
271,-1.3188945055007935,-0.0001909074344439432,0.20067696273326874,0.356941282749176,0.31884047389030457,0.43035322427749634,0.15797603130340576,0.2009398192167282,0.2874581217765808,0.0,0.0,0.0,0.0,1.2000000476837158,0.20000000298023224,0.0,32.27031707763672,5.852766480529681e-05,-0.0388106033205986,0.013097010552883148,2.970951557159424,1.1363849639892578,0.34191012382507324,0.6218737363815308,4.354828834533691,1.0889861583709717,0.21093550324440002,0.531516969203949,1.445387363433838,18.064281463623047,0.0,0.0,0.0,0.9905099868774414,0.02505803108215332,378.0,0.7365091443061829,63.7599983215332,1.6643949747085571,-2.854670524597168,-0.000313349039060995,0.4519284963607788,0.7827653884887695,0.7058365941047668,0.9339466691017151,0.327535480260849,0.4520300328731537,0.6562666893005371,0.0
272,,,,,,,,,,,,,,,,,32.25685501098633,3.9018443203531206e-05,-0.04212880879640579,0.005980903282761574,,,,,,,,,,,,,,0.9117810726165771,0.023994922637939453,410.0,0.7362064123153687,63.7400016784668,1.6709517240524292,-2.808176279067993,-7.620004180353135e-05,0.4788995683193207,0.8066309094429016,0.7107114791870117,0.9527102112770081,0.30125537514686584,0.45753785967826843,0.6352233290672302,0.0
273,-1.184522271156311,-7.016966992523521e-05,0.18530574440956116,0.31376394629478455,0.28255659341812134,0.384061336517334,0.12688224017620087,0.17929503321647644,0.262628972530365,0.0,0.0,0.20000000298023224,0.0,0.5,0.30000001192092896,0.0,32.246070861816406,5.852766480529681e-05,-0.032485250383615494,0.014901761896908283,3.0618958473205566,1.0987993478775024,0.34337157011032104,0.5861493945121765,3.5047409534454346,1.0801388025283813,0.20598562061786652,0.5051426887512207,1.2435438632965088,12.922714233398438,0.0,0.0,0.0,0.9426229000091553,0.023134946823120117,397.0,0.7359341979026794,63.959999084472656,1.6863892078399658,-2.9289443492889404,-0.0004315614060033113,0.43877729773521423,0.7081535458564758,0.6301332712173462,0.8924036026000977,0.29803144931793213,0.40326669812202454,0.592549741268158,0.0
274,,,,,,,,,,,,,,,,,32.23403549194336,5.852766480529681e-05,-0.04023657366633415,0.006670351140201092,,,,,,,,,,,,,,0.8952028751373291,0.022860050201416016,418.0,0.7356070876121521,64.47000122070312,1.697960615158081,-2.862283706665039,-0.00041606323793530464,0.45189905166625977,0.8015859723091125,0.7078635692596436,0.9491801261901855,0.3370865285396576,0.4688693583011627,0.630914568901062,0.0
275,,,,,,,,,,,,,,,,,32.2193489074707,5.852766480529681e-05,-0.03489844873547554,0.006138566881418228,,,,,,,,,,,,,,0.9042518138885498,0.023028135299682617,414.0,0.7351740002632141,64.11000061035156,1.7029006481170654,-2.8972814083099365,-0.00010852832201635465,0.46539878845214844,0.7773962616920471,0.6973913311958313,0.9399285912513733,0.32079026103019714,0.4425687789916992,0.6383837461471558,0.0
276,,,,,,,,,,,,,,,,,32.202877044677734,3.9018443203531206e-05,-0.0422714427113533,0.007194416131824255,,,,,,,,,,,,,,0.8822832107543945,0.023416996002197266,423.0,0.7348307371139526,64.18000030517578,1.7056999206542969,-2.783254861831665,-0.00011618498683674261,0.4197065830230713,0.7264137864112854,0.6465948224067688,0.9018330574035645,0.2959098517894745,0.42194291949272156,0.6283793449401855,0.0
277,-1.2884387969970703,-7.37390510039404e-05,0.2079058438539505,0.35655760765075684,0.3082655072212219,0.42748674750328064,0.1287207007408142,0.1993294656276703,0.2818642258644104,0.0,0.0,0.0,0.0,0.4000000059604645,0.6000000238418579,0.0,32.18989562988281,5.852766480529681e-05,-0.033304065465927124,0.006275006104260683,2.5522220134735107,0.9305719137191772,0.292044460773468,0.600570023059845,4.356489658355713,0.9188844561576843,0.17251890897750854,0.4785998463630676,1.5432332754135132,17.03235626220703,0.0,0.0,0.0,0.9049122333526611,0.023146867752075195,413.0,0.7344228625297546,64.76000213623047,1.7324520349502563,-2.7343389987945557,-0.00010402113548479974,0.47097909450531006,0.7967438101768494,0.7178632616996765,0.9419370293617249,0.3438361585140228,0.4567054212093353,0.642412006855011,0.0
278,,,,,,,,,,,,,,,,,32.17058181762695,3.9018443203531206e-05,-0.03533025458455086,0.006655674893409014,,,,,,,,,,,,,,0.8802437782287598,0.023963212966918945,424.0,0.7339377403259277,64.19000244140625,1.7292389869689941,-2.798621892929077,-0.00010570959420874715,0.45401787757873535,0.7827016711235046,0.693028450012207,0.928441047668457,0.34384456276893616,0.4424079954624176,0.6480647921562195,0.0
279,,,,,,,,,,,,,,,,,32.15151596069336,8.77914935699664e-05,-0.035206183791160583,0.01383293978869915,,,,,,,,,,,,,,0.8882157802581787,0.023972034454345703,420.0,0.7333353161811829,63.599998474121094,1.7253836393356323,-2.912367105484009,-0.0002558577398303896,0.44613584876060486,0.7608618140220642,0.6819103360176086,0.9269829392433167,0.3171328604221344,0.4482592046260834,0.6084532737731934,0.0
280,,,,,,,,,,,,,,,,,32.12255859375,3.9018443203531206e-05,-0.040816932916641235,0.007716034539043903,,,,,,,,,,,,,,0.9072990417480469,0.023190021514892578,412.0,0.732665479183197,63.400001525878906,1.7232104539871216,-2.8350961208343506,-0.0003081119211856276,0.4623878300189972,0.7614849209785461,0.6891865730285645,0.925401508808136,0.3602730333805084,0.4466579258441925,0.6277173161506653,0.0
281,,,,,,,,,,,,,,,,,32.102073669433594,8.77914935699664e-05,-0.033473171293735504,0.008301910944283009,,,,,,,,,,,,,,0.9012632369995117,0.024144887924194336,414.0,0.7321574091911316,63.34000015258789,1.7247077226638794,-2.7754669189453125,-0.00021327559079509228,0.4664892256259918,0.7797918915748596,0.6900753974914551,0.9236488938331604,0.30768170952796936,0.4476003348827362,0.6346598863601685,0.0
282,,,,,,,,,,,,,,,,,32.07594680786133,3.9018443203531206e-05,-0.03580312430858612,0.004740092903375626,,,,,,,,,,,,,,0.9140210151672363,0.022938966751098633,409.0,0.7315016388893127,62.959999084472656,1.7290709018707275,-2.7706363201141357,-3.978790846304037e-05,0.48430004715919495,0.7890758514404297,0.6954014897346497,0.9365795254707336,0.3088048994541168,0.4403926432132721,0.6195911169052124,0.0
283,,,,,,,,,,,,,,,,,32.0577392578125,5.852766480529681e-05,-0.033954769372940063,0.005588232539594173,,,,,,,,,,,,,,0.900994062423706,0.023174047470092773,415.0,0.7311684489250183,62.56999969482422,1.7398550510406494,-2.760226249694824,-0.0002693935530260205,0.4565315544605255,0.7752213478088379,0.6990256905555725,0.9357501864433289,0.3225734829902649,0.44162240624427795,0.6256706118583679,0.0
284,,,,,,,,,,,,,,,,,32.0427131652832,5.852766480529681e-05,-0.036589015275239944,0.0043726470321416855,,,,,,,,,,,,,,0.9189882278442383,0.02304983139038086,407.0,0.7307310104370117,62.959999084472656,1.759833574295044,-2.804070234298706,-0.00015419251576531678,0.47121039032936096,0.7958920001983643,0.7040102481842041,0.9384409785270691,0.35082826018333435,0.4606926143169403,0.6341918110847473,0.0
285,,,,,,,,,,,,,,,,,32.02473449707031,3.9018443203531206e-05,-0.03796589374542236,0.0070298658683896065,,,,,,,,,,,,,,0.8898072242736816,0.022913694381713867,420.0,0.7303093671798706,62.790000915527344,1.76675546169281,-2.71142578125,-0.00021082481543999165,0.49739575386047363,0.7543447017669678,0.6228136420249939,0.9069840312004089,0.30945971608161926,0.4264046251773834,0.5961862206459045,0.0
286,,,,,,,,,,,,,,,,,32.01017761230469,5.852766480529681e-05,-0.036267347633838654,0.00705324113368988,,,,,,,,,,,,,,0.896655797958374,0.02408623695373535,417.0,0.7299614548683167,62.72999954223633,1.776454210281372,-2.7722246646881104,-5.985262032481842e-05,0.4445474445819855,0.7778237462043762,0.696692705154419,0.9345446228981018,0.3400816023349762,0.44931283593177795,0.6341676115989685,0.0
287,-1.212975025177002,-0.0001512986491434276,0.1987096667289734,0.33412596583366394,0.29006847739219666,0.4022709131240845,0.1420612335205078,0.1961602419614792,0.2596556842327118,0.0,0.0,0.1666666716337204,0.0,0.8333333134651184,0.5,0.0,31.99561309814453,5.852766480529681e-05,-0.035717807710170746,0.008477331139147282,3.2897825241088867,0.8805314898490906,0.2627837061882019,0.6201977133750916,3.938493013381958,0.9803652763366699,0.1948549896478653,0.5343297719955444,1.506749153137207,12.607085227966309,0.0,0.0,0.0,0.9012060165405273,0.022637128829956055,415.0,0.7296084761619568,62.04999923706055,1.7641078233718872,-2.827298879623413,-0.00032323168125003576,0.4616878926753998,0.7433180809020996,0.6587067246437073,0.9128134846687317,0.35570213198661804,0.4389411509037018,0.5998131632804871,0.0
288,,,,,,,,,,,,,,,,,31.98137092590332,5.852766480529681e-05,-0.035378970205783844,0.006612055469304323,,,,,,,,,,,,,,0.9070279598236084,0.02400994300842285,412.0,0.7292376160621643,62.099998474121094,1.764513373374939,-2.827296257019043,-5.4066007578512654e-05,0.4839964807033539,0.7836583256721497,0.6781086921691895,0.9312824606895447,0.34198418259620667,0.44512510299682617,0.6108084321022034,0.0
289,,,,,,,,,,,,,,,,,31.96586799621582,8.77914935699664e-05,-0.03821758180856705,0.008307864889502525,,,,,,,,,,,,,,0.9967920780181885,0.02321624755859375,376.0,0.7287942171096802,61.83000183105469,1.7709283828735352,-2.771987199783325,-0.00014617991109844297,0.5077784061431885,0.7661876678466797,0.640655517578125,0.9205883145332336,0.2886293828487396,0.4332916736602783,0.5990772843360901,0.0
290,-1.1286123991012573,-3.8370839320123196e-05,0.1974957436323166,0.30561280250549316,0.2591155469417572,0.3706826865673065,0.12819455564022064,0.17364659905433655,0.2485741823911667,0.0,0.0,0.2857142984867096,0.0,0.7142857313156128,0.2857142984867096,0.0,31.948583602905273,3.9018443203531206e-05,-0.04561230540275574,0.006924107205122709,3.0406405925750732,1.192062258720398,0.38112521171569824,0.5299800634384155,3.146423578262329,1.135583519935608,0.22002407908439636,0.5462440252304077,1.1302626132965088,11.83250617980957,0.0,0.0,0.0,0.9088051319122314,0.0241086483001709,411.0,0.7284517884254456,61.36000061035156,1.7687925100326538,-2.7243900299072266,-0.00017409845895599574,0.4904923439025879,0.7675912976264954,0.6620814204216003,0.9167012572288513,0.3107529580593109,0.43206748366355896,0.6056994795799255,0.0
291,,,,,,,,,,,,,,,,,31.93767547607422,5.852766480529681e-05,-0.034983616322278976,0.009432986378669739,,,,,,,,,,,,,,0.8943543434143066,0.02277684211730957,418.0,0.7282152771949768,61.75,1.7742396593093872,-2.7408339977264404,-0.00013145452248863876,0.49764156341552734,0.7935577034950256,0.6544131636619568,0.9375748634338379,0.2915852963924408,0.45500293374061584,0.582462728023529,0.0
292,,,,,,,,,,,,,,,,,31.92899513244629,3.9018443203531206e-05,-0.032526712864637375,0.006778018083423376,,,,,,,,,,,,,,0.889941930770874,0.023482799530029297,420.0,0.7280421853065491,61.68000030517578,1.77792489528656,-2.7666494846343994,-0.00035762714105658233,0.5009458661079407,0.7879252433776855,0.630050003528595,0.932789146900177,0.3052203357219696,0.4514554738998413,0.5694310069084167,0.0
293,,,,,,,,,,,,,,,,,31.921005249023438,5.852766480529681e-05,-0.038467541337013245,0.00990276038646698,,,,,,,,,,,,,,0.8814549446105957,0.022875070571899414,424.0,0.7277590036392212,62.189998626708984,1.792443871498108,-2.856410264968872,-0.00043126087985001504,0.45583343505859375,0.7698254585266113,0.6262461543083191,0.9260674118995667,0.30799195170402527,0.44438445568084717,0.5532411932945251,0.0
294,,,,,,,,,,,,,,,,,31.907554626464844,5.852766480529681e-05,-0.03732076287269592,0.009778643026947975,,,,,,,,,,,,,,0.9104740619659424,0.02454400062561035,410.0,0.727410078048706,62.91999816894531,1.7987585067749023,-2.66023850440979,-0.00021860779088456184,0.5193260312080383,0.7770722508430481,0.6530599594116211,0.9200940132141113,0.33015891909599304,0.4405282437801361,0.6043838858604431,0.0
295,,,,,,,,,,,,,,,,,31.893362045288086,3.9018443203531206e-05,-0.03949788212776184,0.0042017986997962,,,,,,,,,,,,,,1.0122900009155273,0.023540019989013672,370.0,0.727069616317749,62.9900016784668,1.8070467710494995,-2.6758737564086914,-8.081724081421271e-05,0.5259504914283752,0.7794403433799744,0.6420854926109314,0.9205881953239441,0.32048499584198,0.4328571557998657,0.5913289189338684,0.0
296,,,,,,,,,,,,,,,,,31.880794525146484,5.852766480529681e-05,-0.03527721390128136,0.00639075692743063,,,,,,,,,,,,,,0.9146649837493896,0.022193193435668945,409.0,0.7267539501190186,62.4900016784668,1.8074908256530762,-2.705796241760254,-8.16875763121061e-05,0.5123777389526367,0.7682337164878845,0.665475070476532,0.9256789088249207,0.3262541592121124,0.439456582069397,0.6130598783493042,0.0
297,,,,,,,,,,,,,,,,,31.86646842956543,5.852766480529681e-05,-0.03720850870013237,0.005305749364197254,,,,,,,,,,,,,,0.8605449199676514,0.02285289764404297,434.0,0.7263368368148804,62.72999954223633,1.8169347047805786,-2.7272069454193115,-0.00035783593193627894,0.4917255938053131,0.7855017781257629,0.6630988717079163,0.9334545731544495,0.32176926732063293,0.4433682858943939,0.5954956412315369,0.0
298,,,,,,,,,,,,,,,,,31.84725570678711,5.852766480529681e-05,-0.03866489231586456,0.007656772155314684,,,,,,,,,,,,,,0.8709621429443359,0.023474931716918945,429.0,0.7258149981498718,63.189998626708984,1.8261586427688599,-2.741265296936035,-0.00019949492707382888,0.45512083172798157,0.7360255718231201,0.6218373775482178,0.9104288220405579,0.299832820892334,0.41237974166870117,0.5802127718925476,0.0
299,-1.0990039110183716,-7.917117909528315e-05,0.2000630795955658,0.3064669072628021,0.2638488709926605,0.3713206350803375,0.13575519621372223,0.17469362914562225,0.24268966913223267,0.0,0.0,0.1111111119389534,0.0,1.0,0.1111111119389534,0.0,31.828718185424805,5.852766480529681e-05,-0.036595314741134644,0.006193076726049185,2.556471109390259,1.2138978242874146,0.345098614692688,0.6145553588867188,3.773024559020996,1.0831748247146606,0.22179123759269714,0.5516377687454224,1.0838663578033447,12.837117195129395,0.0,0.0,0.0,0.8906581401824951,0.023428916931152344,420.0,0.7254339456558228,62.81999969482422,1.8140345811843872,-2.7054615020751953,-0.00016470270929858088,0.48326173424720764,0.7511689066886902,0.6545265913009644,0.9081135392189026,0.3509250581264496,0.4278816282749176,0.6228227019309998,0.0
300,,,,,,,,,,,,,,,,,31.8148136138916,3.9018443203531206e-05,-0.03655366972088814,0.007541846949607134,,,,,,,,,,,,,,0.8806068897247314,0.023524045944213867,424.0,0.7251312136650085,62.88999938964844,1.8159562349319458,-2.722454071044922,-5.842288373969495e-05,0.5134365558624268,0.8056812882423401,0.6775452494621277,0.9493279457092285,0.37890294194221497,0.4559902250766754,0.5816852450370789,0.0
301,,,,,,,,,,,,,,,,,31.802465438842773,8.77914935699664e-05,-0.035390980541706085,0.011509922333061695,,,,,,,,,,,,,,0.864976167678833,0.02250385284423828,432.0,0.724755585193634,62.83000183105469,1.8091068267822266,-2.8321454524993896,-0.00017647967615630478,0.4564077854156494,0.7139277458190918,0.608396589756012,0.8892529606819153,0.3456137180328369,0.41589096188545227,0.5936594009399414,0.0
302,,,,,,,,,,,,,,,,,31.783403396606445,5.852766480529681e-05,-0.04206409305334091,0.007213576231151819,,,,,,,,,,,,,,0.9011390209197998,0.023823022842407227,415.0,0.724251389503479,63.16999816894531,1.8161338567733765,-2.7637712955474854,-0.0001554624759592116,0.5294776558876038,0.8231560587882996,0.6824557185173035,0.9444950222969055,0.3623892366886139,0.45851457118988037,0.5892308950424194,0.0
303,,,,,,,,,,,,,,,,,31.76702880859375,3.9018443203531206e-05,-0.037035975605249405,0.006572537589818239,,,,,,,,,,,,,,0.8983180522918701,0.02339005470275879,416.0,0.7239463925361633,62.7599983215332,1.8114027976989746,-2.7284367084503174,-0.0001560323144076392,0.5064968466758728,0.7431949973106384,0.6157209277153015,0.9080756306648254,0.35390356183052063,0.42978253960609436,0.5711765885353088,0.0
304,-1.0976616144180298,-7.397992158075795e-05,0.20745976269245148,0.31351542472839355,0.2614825963973999,0.3717954456806183,0.14454977214336395,0.17954722046852112,0.23768053948879242,0.0,0.0,0.0,0.0,1.2857142686843872,0.1428571492433548,0.0,31.755691528320312,5.852766480529681e-05,-0.03505909815430641,0.005642858799546957,2.1537346839904785,1.07065749168396,0.2771296501159668,0.5276017785072327,3.303483486175537,0.9834920763969421,0.19069933891296387,0.5078814625740051,1.170932412147522,14.310317993164062,0.0,0.0,0.0,0.9024739265441895,0.023389101028442383,414.0,0.7236446738243103,62.970001220703125,1.8266123533248901,-2.7114973068237305,-0.00024312245659530163,0.48375117778778076,0.7615812420845032,0.6538441777229309,0.9158764481544495,0.3579232692718506,0.439172625541687,0.6028463840484619,0.0
305,,,,,,,,,,,,,,,,,31.743087768554688,3.9018443203531206e-05,-0.03594507649540901,0.009612919762730598,,,,,,,,,,,,,,0.8962769508361816,0.02314901351928711,417.0,0.7233684062957764,62.779998779296875,1.8239121437072754,-2.608879327774048,-7.94921288616024e-05,0.5472274422645569,0.8333989977836609,0.6712827682495117,0.9528846740722656,0.3782789409160614,0.46308398246765137,0.5868675112724304,0.0
306,,,,,,,,,,,,,,,,,31.732515335083008,8.77914935699664e-05,-0.033870816230773926,0.012780299410223961,,,,,,,,,,,,,,0.8696141242980957,0.02274012565612793,430.0,0.7230535745620728,63.06999969482422,1.8340295553207397,-2.7484703063964844,-0.00016092251462396234,0.4769662320613861,0.7570828795433044,0.6085073947906494,0.9198039174079895,0.3533913791179657,0.43218204379081726,0.5492693781852722,0.0
307,-1.2718210220336914,-0.00014628469944000244,0.22324238717556,0.3708771765232086,0.30122607946395874,0.4384188652038574,0.16397283971309662,0.21390455961227417,0.26653537154197693,0.0,0.0,0.1111111119389534,0.0,0.8888888955116272,0.3333333432674408,0.0,31.716312408447266,3.9018443203531206e-05,-0.05083129554986954,0.007138299755752087,3.454920768737793,0.9109429121017456,0.23577290773391724,0.6426524519920349,4.612050533294678,0.949438214302063,0.1835472732782364,0.5380938649177551,1.6975643634796143,18.028493881225586,0.0,0.0,0.0,0.8959968090057373,0.023286104202270508,417.0,0.7226748466491699,63.75,1.8632930517196655,-2.814753293991089,-0.0005959588452242315,0.43959131836891174,0.7465088367462158,0.66116863489151,0.9177956581115723,0.3565472364425659,0.438882976770401,0.5811173915863037,0.0
308,-1.1217889785766602,-7.199435640359297e-05,0.21257881820201874,0.3202087879180908,0.2715437114238739,0.37819814682006836,0.14997117221355438,0.18088550865650177,0.22825086116790771,0.0,0.0,0.0,0.0,1.0,0.0,0.0,31.703702926635742,5.852766480529681e-05,-0.03457871824502945,0.008152561262249947,1.8322234153747559,0.9914492964744568,0.27068907022476196,0.4724736213684082,2.4963607788085938,0.9353486895561218,0.1924058049917221,0.5178298950195312,1.3323997259140015,11.426527976989746,0.0,0.0,0.0,0.883746862411499,0.023602962493896484,423.0,0.7223442196846008,63.689998626708984,1.8673967123031616,-2.7229726314544678,-6.457744166254997e-05,0.5309624075889587,0.8197659850120544,0.6927518248558044,0.9509456157684326,0.3723391592502594,0.4703129827976227,0.5763853192329407,0.0
309,,,,,,,,,,,,,,,,,31.688518524169922,3.9018443203531206e-05,-0.036250997334718704,0.008923918008804321,,,,,,,,,,,,,,0.8903908729553223,0.02375006675720215,420.0,0.7219763398170471,62.56999969482422,1.848965048789978,-2.6826789379119873,-9.636488539399579e-05,0.4640648365020752,0.7275843024253845,0.6073543429374695,0.892918586730957,0.3049621284008026,0.42429614067077637,0.5798100829124451,0.0
310,,,,,,,,,,,,,,,,,31.674715042114258,5.852766480529681e-05,-0.03645478934049606,0.008060985244810581,,,,,,,,,,,,,,0.8578219413757324,0.02282118797302246,436.0,0.7216430902481079,62.65999984741211,1.854321002960205,-2.7697250843048096,-0.00029427569825202227,0.4441322982311249,0.7797932624816895,0.6357734799385071,0.9274697303771973,0.32587727904319763,0.45396530628204346,0.5531332492828369,0.0
311,-1.162672996520996,-0.00010362670582253486,0.20945343375205994,0.32422345876693726,0.2677932381629944,0.3872767686843872,0.14493250846862793,0.18594707548618317,0.24370476603507996,0.0,0.0,0.20000000298023224,0.0,0.800000011920929,0.20000000298023224,0.0,31.660659790039062,3.9018443203531206e-05,-0.030377577990293503,0.007183999288827181,3.0308375358581543,1.2305773496627808,0.3534213900566101,0.5409355759620667,4.258570194244385,1.1640875339508057,0.23389330506324768,0.557898223400116,1.366987705230713,16.92904281616211,0.0,0.0,0.0,0.897496223449707,0.02416086196899414,416.0,0.7212928533554077,62.970001220703125,1.8619784116744995,-2.7472293376922607,-0.0003672890888992697,0.5383550524711609,0.7953400015830994,0.6767287254333496,0.9284892082214355,0.3653053343296051,0.4534693658351898,0.58613520860672,0.0
312,,,,,,,,,,,,,,,,,31.647253036499023,5.852766480529681e-05,-0.031521860510110855,0.008656755089759827,,,,,,,,,,,,,,0.8625447750091553,0.024001121520996094,433.0,0.7209524512290955,63.20000076293945,1.866217851638794,-2.7501211166381836,-0.00018466809706296772,0.46245670318603516,0.7350037097930908,0.6185126304626465,0.9034579396247864,0.34472790360450745,0.4166319668292999,0.5654899477958679,0.0
313,,,,,,,,,,,,,,,,,31.631614685058594,3.9018443203531206e-05,-0.034397345036268234,0.007224921602755785,,,,,,,,,,,,,,1.1039202213287354,0.032817840576171875,337.0,0.720538318157196,63.08000183105469,1.8637033700942993,-2.619750738143921,-0.00011498991079861298,0.5347631573677063,0.7825668454170227,0.6843412518501282,0.9273176789283752,0.38962411880493164,0.4435032904148102,0.6013646721839905,0.0
314,,,,,,,,,,,,,,,,,31.618228912353516,3.9018443203531206e-05,-0.031126944348216057,0.00956120528280735,,,,,,,,,,,,,,1.0745108127593994,0.023467063903808594,349.0,0.7203004360198975,62.36000061035156,1.8510069847106934,-2.6493215560913086,-0.00013399556337390095,0.5621504187583923,0.7850802540779114,0.6443337798118591,0.9184396862983704,0.35816267132759094,0.44570061564445496,0.5643094182014465,0.0
315,,,,,,,,,,,,,,,,,31.60979652404785,3.9018443203531206e-05,-0.03223180025815964,0.006765936501324177,,,,,,,,,,,,,,0.8966090679168701,0.02404022216796875,417.0,0.7200860381126404,62.310001373291016,1.8634580373764038,-2.6371679306030273,-0.00013691869389731437,0.49217233061790466,0.767126739025116,0.642981231212616,0.921086311340332,0.3726908266544342,0.4459547698497772,0.5579091906547546,0.0
316,,,,,,,,,,,,,,,,,31.60003089904785,3.9018443203531206e-05,-0.03188847750425339,0.004466033075004816,,,,,,,,,,,,,,0.9421272277832031,0.0254058837890625,396.0,0.7198149561882019,62.56999969482422,1.8774385452270508,-2.607431173324585,-9.262916137231514e-05,0.5463560223579407,0.7982358336448669,0.6588507294654846,0.9309847950935364,0.38420137763023376,0.44430312514305115,0.5632849335670471,0.0
317,-1.1030398607254028,-3.272188041592017e-05,0.2325524538755417,0.3323383033275604,0.2808789312839508,0.3930279612541199,0.16684019565582275,0.1853398084640503,0.2461932897567749,0.0,0.0,0.0,0.0,1.0,0.0,0.0,31.588897705078125,5.852766480529681e-05,-0.0315634123980999,0.006460751872509718,3.3639755249023438,1.079620599746704,0.33288365602493286,0.6332650780677795,4.826085090637207,1.1534569263458252,0.21665453910827637,0.543941855430603,1.1734015941619873,17.718475341796875,0.0,0.0,0.0,0.9268248081207275,0.022716045379638672,404.0,0.719512939453125,62.75,1.9003294706344604,-2.587808847427368,-8.738312317291275e-05,0.5453076958656311,0.7879096865653992,0.6563260555267334,0.9249047636985779,0.35691380500793457,0.43594861030578613,0.5779779553413391,0.0
318,-1.1765938997268677,-9.5280323876068e-05,0.2288559377193451,0.345958411693573,0.28615695238113403,0.4075028896331787,0.15369457006454468,0.19322992861270905,0.25200900435447693,0.0,0.0,0.25,0.0,0.875,0.125,0.0,31.576494216918945,3.9018443203531206e-05,-0.035413384437561035,0.011331550776958466,3.470578908920288,1.1064194440841675,0.3176267445087433,0.6004575490951538,4.7235894203186035,1.071814775466919,0.21310612559318542,0.56258624792099,1.3320902585983276,16.31262969970703,0.0,0.0,0.0,0.9053587913513184,0.022396326065063477,413.0,0.7192543148994446,63.040000915527344,1.927481770515442,-2.6738147735595703,-0.00034778579720295966,0.5176370143890381,0.7699103355407715,0.6351192593574524,0.9164886474609375,0.31183162331581116,0.4318826198577881,0.5517091751098633,0.0
319,,,,,,,,,,,,,,,,,31.567224502563477,3.9018443203531206e-05,-0.030310247093439102,0.006724649574607611,,,,,,,,,,,,,,0.9116940498352051,0.024840116500854492,410.0,0.7190244197845459,63.20000076293945,1.938079595565796,-2.7264811992645264,-0.00021156699222046882,0.5344525575637817,0.8302620053291321,0.6934264302253723,0.9549417495727539,0.3174346387386322,0.46361610293388367,0.5774597525596619,0.0
320,,,,,,,,,,,,,,,,,31.557470321655273,5.852766480529681e-05,-0.035473741590976715,0.005257774144411087,,,,,,,,,,,,,,0.882601261138916,0.022996902465820312,424.0,0.718763530254364,63.689998626708984,1.9484789371490479,-2.6801598072052,-0.00037721835542470217,0.509467601776123,0.7843850255012512,0.5957264304161072,0.9274659156799316,0.3035967946052551,0.43719515204429626,0.49625062942504883,0.0
321,,,,,,,,,,,,,,,,,31.545930862426758,3.9018443203531206e-05,-0.029274914413690567,0.009698357433080673,,,,,,,,,,,,,,0.8628599643707275,0.023000001907348633,433.0,0.7185060977935791,64.33000183105469,1.9608891010284424,-2.711016893386841,-0.000531274767126888,0.48870977759361267,0.746338427066803,0.6161890625953674,0.9067038893699646,0.30876263976097107,0.4327860176563263,0.5489513874053955,0.0
322,,,,,,,,,,,,,,,,,31.53603744506836,3.9018443203531206e-05,-0.03132116049528122,0.006488017737865448,,,,,,,,,,,,,,0.890949010848999,0.02371692657470703,419.0,0.7182526588439941,64.95999908447266,1.9778249263763428,-2.6353988647460938,-0.00020549238251987845,0.6086482405662537,0.8225904107093811,0.6606847643852234,0.9416853785514832,0.3442997932434082,0.4520115852355957,0.5473952889442444,0.0
323,,,,,,,,,,,,,,,,,31.524248123168945,5.852766480529681e-05,-0.02892240323126316,0.007563849911093712,,,,,,,,,,,,,,0.8897440433502197,0.02353811264038086,420.0,0.7178839445114136,64.48999786376953,1.9603420495986938,-2.6382956504821777,-0.0002318573388038203,0.558276891708374,0.7533574104309082,0.6190137267112732,0.9020447134971619,0.3478173315525055,0.412837415933609,0.556845486164093,0.0
324,,,,,,,,,,,,,,,,,31.507911682128906,3.9018443203531206e-05,-0.03593165799975395,0.007014195900410414,,,,,,,,,,,,,,0.871833086013794,0.022972822189331055,429.0,0.7175053358078003,64.08000183105469,1.9614896774291992,-2.618241548538208,-0.00031950665288604796,0.5601571798324585,0.7947349548339844,0.660062313079834,0.927158534526825,0.36640751361846924,0.43966999650001526,0.5457106232643127,0.0
325,,,,,,,,,,,,,,,,,31.493324279785156,8.77914935699664e-05,-0.0351918563246727,0.005794202908873558,,,,,,,,,,,,,,0.8812210559844971,0.0231320858001709,424.0,0.7170754671096802,64.41999816894531,1.9762448072433472,-2.6925079822540283,-0.00028309281333349645,0.5370299220085144,0.7726839184761047,0.6341947913169861,0.9188604950904846,0.3671509921550751,0.42504405975341797,0.5412337183952332,0.0
326,-1.1604657173156738,-0.00010946606198558584,0.24237604439258575,0.345684289932251,0.28706830739974976,0.40702828764915466,0.15320523083209991,0.1926923543214798,0.2423720806837082,0.0,0.0,0.1666666716337204,0.0,0.6666666865348816,0.1666666716337204,0.0,31.471603393554688,3.9018443203531206e-05,-0.04306747764348984,0.007978633046150208,4.407467842102051,0.9745908379554749,0.2914620339870453,0.5589011311531067,3.6428921222686768,1.0026816129684448,0.19059915840625763,0.5035483837127686,1.3276876211166382,12.841545104980469,0.0,0.0,0.0,0.9205329418182373,0.02492499351501465,406.0,0.7165571451187134,64.80000305175781,2.00331711769104,-2.6812188625335693,-0.00047657443792559206,0.5392218232154846,0.7944648861885071,0.6546118259429932,0.933676540851593,0.31526514887809753,0.44187211990356445,0.5398483872413635,0.0
327,,,,,,,,,,,,,,,,,31.45712661743164,5.852766480529681e-05,-0.033695437014102936,0.0192879531532526,,,,,,,,,,,,,,0.8622231483459473,0.023356914520263672,433.0,0.7163404822349548,64.43000030517578,2.0079877376556396,-2.60331654548645,-0.000182672098162584,0.4997663199901581,0.746102511882782,0.6230540871620178,0.9102086424827576,0.3087637722492218,0.42461177706718445,0.5500990748405457,0.0
328,,,,,,,,,,,,,,,,,31.448884963989258,3.9018443203531206e-05,-0.037820540368556976,0.007964525371789932,,,,,,,,,,,,,,0.8893601894378662,0.023106098175048828,420.0,0.7161382436752319,64.33000183105469,2.005370855331421,-2.6308062076568604,-0.00028078389004804194,0.5543838143348694,0.7696225643157959,0.6596218943595886,0.906914234161377,0.3536386489868164,0.43181920051574707,0.5794534683227539,0.0
329,,,,,,,,,,,,,,,,,31.43973159790039,3.9018443203531206e-05,-0.02664327248930931,0.008642611093819141,,,,,,,,,,,,,,0.8761229515075684,0.024524927139282227,426.0,0.7158979773521423,64.20999908447266,2.009920120239258,-2.620389699935913,-0.0002404310362180695,0.5834826827049255,0.8409171104431152,0.6997422575950623,0.956021785736084,0.3745673894882202,0.4678005278110504,0.551283061504364,0.0
330,,,,,,,,,,,,,,,,,31.430660247802734,3.9018443203531206e-05,-0.02998468279838562,0.007603316102176905,,,,,,,,,,,,,,0.8897101879119873,0.02414083480834961,420.0,0.7157040238380432,64.29000091552734,2.028154134750366,-2.6451778411865234,-0.0001404826616635546,0.5521355271339417,0.7603093981742859,0.6153643131256104,0.9117891192436218,0.3363361060619354,0.41605672240257263,0.5241066813468933,0.0
331,-1.1901830434799194,-7.214588549686596e-05,0.2485160380601883,0.3567938506603241,0.29550477862358093,0.4196285605430603,0.15557260811328888,0.19694003462791443,0.24181173741817474,0.0,0.0,0.2857142984867096,0.0,0.8571428656578064,0.1428571492433548,0.0,31.423053741455078,5.852766480529681e-05,-0.03796904906630516,0.0072529190219938755,3.077129364013672,1.1100609302520752,0.3294909596443176,0.636445164680481,3.538313627243042,1.0624357461929321,0.20796790719032288,0.5580258965492249,1.569407343864441,14.088896751403809,0.0,0.0,0.0,0.861691951751709,0.0228879451751709,434.0,0.7154986262321472,65.33999633789062,2.0631659030914307,-2.6550211906433105,-0.000293974851956591,0.5221706032752991,0.8061935901641846,0.6743362545967102,0.9350035190582275,0.3382995128631592,0.4498732388019562,0.562084436416626,0.0
332,,,,,,,,,,,,,,,,,31.4138126373291,3.9018443203531206e-05,-0.031313877552747726,0.012147410772740841,,,,,,,,,,,,,,0.8535869121551514,0.023497819900512695,437.0,0.7152879238128662,65.58999633789062,2.0792577266693115,-2.5416901111602783,-0.00011795799946412444,0.5478156208992004,0.8141135573387146,0.671258270740509,0.9517958760261536,0.35971614718437195,0.46949878334999084,0.5327786207199097,0.0
333,,,,,,,,,,,,,,,,,31.40483283996582,5.852766480529681e-05,-0.02956285886466503,0.013556425459682941,,,,,,,,,,,,,,0.9000339508056641,0.023021221160888672,416.0,0.7150100469589233,65.33999633789062,2.0660510063171387,-2.728614568710327,-0.0005250900867395103,0.5072533488273621,0.76946622133255,0.6349649429321289,0.9143154621124268,0.3221791088581085,0.43610116839408875,0.5429869294166565,0.0
334,-1.358500599861145,-0.00020734565623570234,0.24391783773899078,0.39653196930885315,0.327604740858078,0.47285136580467224,0.17475444078445435,0.22196203470230103,0.26270121335983276,0.0,0.0,0.3333333432674408,0.0,0.6666666865348816,0.3333333432674408,0.0,31.39289093017578,3.9018443203531206e-05,-0.04165701940655708,0.009435351938009262,4.528689384460449,1.167317271232605,0.3675290644168854,0.756237804889679,5.838818073272705,1.2356717586517334,0.23242342472076416,0.6249284148216248,1.4492154121398926,17.304006576538086,0.0,0.0,0.0,0.8439199924468994,0.023312807083129883,442.0,0.7147531509399414,65.88999938964844,2.0701956748962402,-2.722666025161743,-0.0004928614944219589,0.5008583664894104,0.7838521003723145,0.6420593857765198,0.9288146495819092,0.34861013293266296,0.43162497878074646,0.5145969390869141,0.0
335,,,,,,,,,,,,,,,,,31.38340950012207,5.852766480529681e-05,-0.02834206633269787,0.008147086948156357,,,,,,,,,,,,,,0.8653700351715088,0.022547006607055664,432.0,0.714512825012207,66.0999984741211,2.061828851699829,-2.623941659927368,-0.00012759379751514643,0.5884816646575928,0.8016321659088135,0.6434807777404785,0.9217019081115723,0.35813573002815247,0.4399977922439575,0.5407367944717407,0.0
336,,,,,,,,,,,,,,,,,31.370426177978516,5.852766480529681e-05,-0.03760065138339996,0.007192667108029127,,,,,,,,,,,,,,0.8523068428039551,0.02340221405029297,438.0,0.7141197323799133,66.37999725341797,2.0697712898254395,-2.6992199420928955,-0.0002191816602135077,0.507506787776947,0.7758991122245789,0.6614167094230652,0.9244437217712402,0.3340371549129486,0.4338653087615967,0.5527492165565491,0.0
337,,,,,,,,,,,,,,,,,31.356794357299805,3.9018443203531206e-05,-0.035969167947769165,0.006286695599555969,,,,,,,,,,,,,,0.8593862056732178,0.022058963775634766,435.0,0.7139002680778503,66.37000274658203,2.071232318878174,-2.6884872913360596,-0.0002508116012904793,0.5464489459991455,0.8122479319572449,0.6724221706390381,0.9386072158813477,0.3435840904712677,0.4496808350086212,0.5245451331138611,0.0
338,,,,,,,,,,,,,,,,,31.348865509033203,5.852766480529681e-05,-0.0359494611620903,0.011189384385943413,,,,,,,,,,,,,,0.8577008247375488,0.023617029190063477,435.0,0.7136717438697815,65.93000030517578,2.0635344982147217,-2.6735429763793945,-0.0004893714794889092,0.5014234185218811,0.7511136531829834,0.6236775517463684,0.9035456776618958,0.34311044216156006,0.42170608043670654,0.4928070604801178,0.0
339,,,,,,,,,,,,,,,,,31.338590621948242,3.9018443203531206e-05,-0.03110456094145775,0.017690369859337807,,,,,,,,,,,,,,0.8442592620849609,0.02355194091796875,442.0,0.713448703289032,66.12999725341797,2.0751450061798096,-2.615797996520996,-0.00032321023172698915,0.540057897567749,0.7734859585762024,0.6637921929359436,0.9142099022865295,0.3244166076183319,0.42318007349967957,0.5499141812324524,0.0
340,,,,,,,,,,,,,,,,,31.329723358154297,5.852766480529681e-05,-0.02105933055281639,0.007524215616285801,,,,,,,,,,,,,,0.8531990051269531,0.022922992706298828,438.0,0.7131699919700623,66.31999969482422,2.079087972640991,-2.5966336727142334,-0.00016419689927715808,0.5731667876243591,0.8243076801300049,0.7044947743415833,0.9388101100921631,0.37730932235717773,0.45720481872558594,0.5601732134819031,0.0
341,,,,,,,,,,,,,,,,,31.315521240234375,3.9018443203531206e-05,-0.03445492684841156,0.00674224691465497,,,,,,,,,,,,,,0.8672299385070801,0.022396326065063477,431.0,0.7127934694290161,66.37999725341797,2.099032402038574,-2.6012043952941895,-0.00011299525067443028,0.5672726631164551,0.792177677154541,0.6430688500404358,0.9166750907897949,0.33666324615478516,0.4389936029911041,0.5250298976898193,0.0
342,,,,,,,,,,,,,,,,,31.30086326599121,3.9018443203531206e-05,-0.02860891819000244,0.004523946437984705,,,,,,,,,,,,,,0.842639684677124,0.02433633804321289,442.0,0.7124460339546204,66.38999938964844,2.1100962162017822,-2.642669200897217,-0.0001484410313423723,0.5360450744628906,0.8012520670890808,0.6741802096366882,0.9349520206451416,0.3389599621295929,0.44786906242370605,0.5502230525016785,0.0
343,,,,,,,,,,,,,,,,,31.28702163696289,5.852766480529681e-05,-0.027648134157061577,0.0048011611215770245,,,,,,,,,,,,,,0.8752918243408203,0.02267313003540039,427.0,0.7121003866195679,66.80999755859375,2.1117866039276123,-2.605081558227539,-0.00023450783919543028,0.5485414862632751,0.8124426007270813,0.6819703578948975,0.9411532878875732,0.36606884002685547,0.4508795738220215,0.5264274477958679,0.0
344,,,,,,,,,,,,,,,,,31.272987365722656,3.9018443203531206e-05,-0.037830010056495667,0.010006984695792198,,,,,,,,,,,,,,0.8413376808166504,0.02304220199584961,444.0,0.7118096351623535,66.87999725341797,2.1149208545684814,-2.7112877368927,-0.00023510023311246186,0.4867790937423706,0.75349360704422,0.6116003394126892,0.9095553755760193,0.31306836009025574,0.4257408678531647,0.49457183480262756,0.0
345,,,,,,,,,,,,,,,,,31.261709213256836,5.852766480529681e-05,-0.02987528033554554,0.006327585317194462,,,,,,,,,,,,,,0.846113920211792,0.022439956665039062,442.0,0.7115082740783691,66.9800033569336,2.1301794052124023,-2.6130337715148926,-0.0004743880999740213,0.5451945662498474,0.8026454448699951,0.6744813919067383,0.9341562390327454,0.3398302495479584,0.44836416840553284,0.5603938102722168,0.0
346,,,,,,,,,,,,,,,,,31.247140884399414,3.9018443203531206e-05,-0.03243217617273331,0.006844420917332172,,,,,,,,,,,,,,0.8519847393035889,0.023118257522583008,438.0,0.7111299633979797,67.20999908447266,2.1387524604797363,-2.6114823818206787,-0.0002248480886919424,0.6006167531013489,0.8229767680168152,0.6856737732887268,0.9387290477752686,0.35068488121032715,0.44827234745025635,0.5449168086051941,0.0
347,,,,,,,,,,,,,,,,,31.231613159179688,5.852766480529681e-05,-0.033189088106155396,0.008722321130335331,,,,,,,,,,,,,,0.9136331081390381,0.02526402473449707,408.0,0.7107049226760864,67.36000061035156,2.1458725929260254,-2.6321232318878174,-0.0005051849293522537,0.5546238422393799,0.7756296992301941,0.6249334812164307,0.9086184501647949,0.33542516827583313,0.42401278018951416,0.5149278044700623,0.0
348,,,,,,,,,,,,,,,,,31.213104248046875,3.9018443203531206e-05,-0.038144148886203766,0.007455911487340927,,,,,,,,,,,,,,0.8619482517242432,0.022780895233154297,434.0,0.7102831602096558,68.12999725341797,2.1533639430999756,-2.705137014389038,-0.0002826396084856242,0.5313523411750793,0.7899846434593201,0.6706728935241699,0.9322623610496521,0.3710540235042572,0.4488164484500885,0.5328865647315979,0.0
349,,,,,,,,,,,,,,,,,31.19828987121582,3.9018443203531206e-05,-0.029930656775832176,0.004846460185945034,,,,,,,,,,,,,,0.8817448616027832,0.024614810943603516,423.0,0.709972620010376,67.87000274658203,2.1496548652648926,-2.6968469619750977,-0.0002581428561825305,0.5647152066230774,0.8004682064056396,0.6649755835533142,0.926588773727417,0.3656981885433197,0.4474099576473236,0.5425900816917419,0.0
350,,,,,,,,,,,,,,,,,31.186906814575195,5.852766480529681e-05,-0.03378640487790108,0.006117358338087797,,,,,,,,,,,,,,0.8735349178314209,0.022330760955810547,428.0,0.7097124457359314,67.41000366210938,2.1350255012512207,-2.622098445892334,-8.08362165116705e-05,0.5506026148796082,0.783549964427948,0.6339547634124756,0.92442387342453,0.3434549868106842,0.44358572363853455,0.5114915370941162,0.0
351,-1.2750102281570435,-9.570376278134063e-05,0.2554759979248047,0.37644195556640625,0.3105818033218384,0.44216978549957275,0.1739940494298935,0.20978069305419922,0.24175870418548584,0.0,0.0,0.1666666716337204,0.0,0.6666666865348816,0.1666666716337204,0.0,31.174213409423828,3.9018443203531206e-05,-0.03738714009523392,0.004849047865718603,3.1418511867523193,1.0670509338378906,0.32378286123275757,0.5356894135475159,3.9802608489990234,1.039018154144287,0.20411233603954315,0.5481955409049988,1.5797265768051147,15.091996192932129,0.0,0.0,0.0,0.8961961269378662,0.026356935501098633,416.0,0.7093856930732727,68.11000061035156,2.147907257080078,-2.701695680618286,-0.00021805752476211637,0.5364255905151367,0.799183189868927,0.6677419543266296,0.9307884573936462,0.39545223116874695,0.44336459040641785,0.5307572484016418,0.0
352,,,,,,,,,,,,,,,,,31.160747528076172,8.77914935699664e-05,-0.030103618279099464,0.004596644081175327,,,,,,,,,,,,,,0.9329562187194824,0.024014711380004883,401.0,0.7089926600456238,67.80000305175781,2.1507651805877686,-2.7198572158813477,-0.00028172810561954975,0.5481106638908386,0.814424455165863,0.6690182685852051,0.9342729449272156,0.3741995394229889,0.4481635093688965,0.5164835453033447,0.0
353,,,,,,,,,,,,,,,,,31.140003204345703,3.9018443203531206e-05,-0.03357682749629021,0.006688406225293875,,,,,,,,,,,,,,0.8597548007965088,0.02338385581970215,434.0,0.7084977626800537,68.08999633789062,2.1691579818725586,-2.60627818107605,-0.0001524216349935159,0.5448684692382812,0.8130674362182617,0.6766204833984375,0.9401186108589172,0.35771557688713074,0.458896666765213,0.5177735686302185,0.0
354,,,,,,,,,,,,,,,,,31.124109268188477,5.852766480529681e-05,-0.03438008949160576,0.004677916876971722,,,,,,,,,,,,,,0.8316769599914551,0.023357152938842773,449.0,0.7081414461135864,68.08000183105469,2.1737020015716553,-2.6044833660125732,-0.00025453956914134324,0.5485037565231323,0.7877752184867859,0.6422921419143677,0.9212734699249268,0.36747536063194275,0.4424420893192291,0.5088214874267578,0.0
355,,,,,,,,,,,,,,,,,31.10983657836914,3.9018443203531206e-05,-0.03196634724736214,0.007507693488150835,,,,,,,,,,,,,,0.8336241245269775,0.023222923278808594,448.0,0.7078762054443359,68.06999969482422,2.1853411197662354,-2.5335967540740967,-0.0002569126954767853,0.5478889346122742,0.792529821395874,0.6722633242607117,0.9257379174232483,0.37486132979393005,0.4479556083679199,0.5436686277389526,0.0
356,-1.0651079416275024,-8.582242298871279e-05,0.2445453554391861,0.33714184165000916,0.2792065739631653,0.38880178332328796,0.15981443226337433,0.18579024076461792,0.2226032167673111,0.0,0.0,0.0,0.0,1.0,0.1666666716337204,0.0,31.10009002685547,5.852766480529681e-05,-0.026762668043375015,0.00467251380905509,2.3056352138519287,1.0607059001922607,0.32610106468200684,0.49473461508750916,3.230729103088379,0.990422785282135,0.20785297453403473,0.5031816959381104,1.2567030191421509,12.13432788848877,0.0,0.0,0.0,0.8489911556243896,0.023408889770507812,440.0,0.707597017288208,67.12999725341797,2.189053773880005,-2.5751242637634277,-0.00013933096488472074,0.5821284055709839,0.7899999618530273,0.6462801098823547,0.9176387786865234,0.3642525374889374,0.4383516311645508,0.5213852524757385,0.0
357,,,,,,,,,,,,,,,,,31.086181640625,3.9018443203531206e-05,-0.03306795284152031,0.004872504156082869,,,,,,,,,,,,,,0.8405401706695557,0.02360391616821289,444.0,0.7072299122810364,67.3499984741211,2.207689046859741,-2.582472085952759,-0.00020395727187860757,0.5611140727996826,0.8041028380393982,0.662716805934906,0.9291382431983948,0.36318090558052063,0.44108447432518005,0.5511400103569031,0.0
358,,,,,,,,,,,,,,,,,31.073076248168945,3.9018443203531206e-05,-0.028980504721403122,0.010819858871400356,,,,,,,,,,,,,,0.8491718769073486,0.024444103240966797,439.0,0.7069606781005859,67.51000213623047,2.2106804847717285,-2.7059738636016846,-0.00027430857880972326,0.5406859517097473,0.804731547832489,0.6794283986091614,0.9445770382881165,0.3542846143245697,0.4606075584888458,0.5206069350242615,0.0
359,,,,,,,,,,,,,,,,,31.062910079956055,3.9018443203531206e-05,-0.03660711273550987,0.019616736099123955,,,,,,,,,,,,,,0.8547110557556152,0.022773027420043945,437.0,0.7067216038703918,67.37999725341797,2.1915442943573,-2.5816264152526855,-0.0007670901250094175,0.5248793959617615,0.7509767413139343,0.6134321093559265,0.8981015086174011,0.3311719000339508,0.42649784684181213,0.5010916590690613,0.0
360,,,,,,,,,,,,,,,,,31.050500869750977,5.852766480529681e-05,-0.024890335276722908,0.009328517131507397,,,,,,,,,,,,,,0.9212779998779297,0.022482872009277344,406.0,0.7063047289848328,67.7699966430664,2.1981656551361084,-2.5253968238830566,-0.00021734960319008678,0.5707105994224548,0.8212409615516663,0.6775140762329102,0.9351897239685059,0.3680907189846039,0.4589731693267822,0.5358264446258545,0.0
361,-1.0131609439849854,-0.00010668151662684977,0.2271990031003952,0.32344314455986023,0.26949626207351685,0.37086525559425354,0.15590432286262512,0.18179041147232056,0.21529802680015564,0.0,0.0,0.0,0.0,1.5,0.5,0.0,31.031654357910156,2.60122942563612e-05,-0.03264935687184334,0.007294520735740662,2.0012662410736084,0.9118410348892212,0.25762221217155457,0.4660989046096802,2.667025089263916,0.8956766724586487,0.18499703705310822,0.4799937605857849,1.1472117900848389,7.900382041931152,0.0,0.0,0.0,0.8278052806854248,0.023157835006713867,451.0,0.7059006094932556,67.37000274658203,2.198972225189209,-2.53641676902771,-0.00014301476767286658,0.6041299700737,0.8702248930931091,0.7118520736694336,0.9665431976318359,0.38085830211639404,0.4810941517353058,0.5347675681114197,0.0
362,,,,,,,,,,,,,,,,,31.018980026245117,5.852766480529681e-05,-0.029164994135499,0.011257557198405266,,,,,,,,,,,,,,0.8326830863952637,0.02286076545715332,448.0,0.7056115865707397,67.58999633789062,2.210888147354126,-2.6492364406585693,-0.00020413391757756472,0.45865094661712646,0.7391906380653381,0.6062206625938416,0.9086287617683411,0.3226986229419708,0.4257386028766632,0.4790023863315582,0.0
363,,,,,,,,,,,,,,,,,31.006336212158203,3.9018443203531206e-05,-0.038223471492528915,0.015960928052663803,,,,,,,,,,,,,,0.8352258205413818,0.023174047470092773,447.0,0.7053468823432922,68.05000305175781,2.2305421829223633,-2.60005259513855,-0.0005269979010336101,0.49475982785224915,0.7750609517097473,0.6427528262138367,0.9140933156013489,0.346822589635849,0.4294387996196747,0.5401016473770142,0.0
364,,,,,,,,,,,,,,,,,30.996196746826172,3.9018443203531206e-05,-0.03354395925998688,0.007953518070280552,,,,,,,,,,,,,,0.8452410697937012,0.023169755935668945,442.0,0.7051002383232117,68.13999938964844,2.2410526275634766,-2.6263325214385986,-0.00022710941266268492,0.6090695858001709,0.8607892394065857,0.6938979029655457,0.9623206257820129,0.38039544224739075,0.4724936783313751,0.5234552025794983,0.0
365,,,,,,,,,,,,,,,,,30.986900329589844,2.60122942563612e-05,-0.027251502498984337,0.013942958787083626,,,,,,,,,,,,,,0.8324449062347412,0.023266077041625977,448.0,0.7049355506896973,67.97000122070312,2.2370738983154297,-2.626329183578491,-5.6501459766877815e-05,0.49729180335998535,0.7719977498054504,0.6185259222984314,0.9342988133430481,0.3165924549102783,0.4346255958080292,0.47601184248924255,0.0
366,,,,,,,,,,,,,,,,,30.98074722290039,3.9018443203531206e-05,-0.03647914528846741,0.007295086048543453,,,,,,,,,,,,,,0.8627669811248779,0.02411508560180664,432.0,0.7047604918479919,68.43000030517578,2.2299113273620605,-2.6645543575286865,-0.0007938146009109914,0.4547739326953888,0.739567756652832,0.5793778896331787,0.8901970386505127,0.315521240234375,0.41387057304382324,0.45823124051094055,0.0
367,,,,,,,,,,,,,,,,,30.97006607055664,5.852766480529681e-05,-0.03534509614109993,0.005917706992477179,,,,,,,,,,,,,,0.8601830005645752,0.023136138916015625,434.0,0.7043752670288086,69.12999725341797,2.2372326850891113,-2.5311543941497803,-0.0002612214593682438,0.5921061038970947,0.8421743512153625,0.6705043911933899,0.9532249569892883,0.3750622272491455,0.46098288893699646,0.4811080992221832,0.0
368,,,,,,,,,,,,,,,,,30.95323944091797,3.9018443203531206e-05,-0.03670622780919075,0.01643231138586998,,,,,,,,,,,,,,0.867285966873169,0.023040056228637695,431.0,0.7040464282035828,69.80000305175781,2.2566213607788086,-2.6352314949035645,-0.00018231227295473218,0.5319303870201111,0.7803192138671875,0.6003354787826538,0.9202378392219543,0.2852341830730438,0.4232901334762573,0.462127685546875,0.0
369,,,,,,,,,,,,,,,,,30.94291114807129,3.9018443203531206e-05,-0.03524574637413025,0.008657047525048256,,,,,,,,,,,,,,0.8564450740814209,0.023955821990966797,436.0,0.7038211822509766,69.73999786376953,2.2619166374206543,-2.617281675338745,-0.00044837946188636124,0.4793154001235962,0.7732357978820801,0.6640751361846924,0.9250009059906006,0.3439350128173828,0.438228040933609,0.5264349579811096,0.0
370,,,,,,,,,,,,,,,,,30.9328556060791,2.60122942563612e-05,-0.025942590087652206,0.011453988030552864,,,,,,,,,,,,,,0.8526430130004883,0.023460865020751953,438.0,0.7035795450210571,69.47000122070312,2.2602779865264893,-2.560439109802246,-0.00013820473395753652,0.6296514868736267,0.8373972773551941,0.6530843377113342,0.9415255188941956,0.3590862452983856,0.46307095885276794,0.4932868480682373,0.0
371,-1.163661003112793,-7.730987999821082e-05,0.2532476484775543,0.34600257873535156,0.2748257517814636,0.4054512083530426,0.15546643733978271,0.19318877160549164,0.2300170660018921,0.0,0.0,0.4000000059604645,0.0,0.6000000238418579,0.0,0.0,30.922706604003906,8.77914935699664e-05,-0.02676786296069622,0.010298902168869972,3.3210620880126953,1.2676842212677002,0.38545575737953186,0.7080563306808472,5.1898579597473145,1.3056895732879639,0.23851564526557922,0.649482250213623,1.2979600429534912,17.15182876586914,0.0,0.0,0.0,0.849968671798706,0.02334904670715332,439.0,0.703244149684906,69.20999908447266,2.2512295246124268,-2.593762159347534,-5.965224772808142e-05,0.5547081828117371,0.7906060218811035,0.629681408405304,0.921482503414154,0.30895957350730896,0.4339451789855957,0.5190417766571045,0.0
372,,,,,,,,,,,,,,,,,30.903409957885742,3.9018443203531206e-05,-0.051242388784885406,0.015489320270717144,,,,,,,,,,,,,,0.851078987121582,0.022243022918701172,439.0,0.7027543783187866,69.36000061035156,2.2397143840789795,-2.6767590045928955,-0.0005025070859119296,0.4721532166004181,0.733816385269165,0.5810636878013611,0.9050887227058411,0.3215189576148987,0.4064953625202179,0.46306219696998596,0.0
373,,,,,,,,,,,,,,,,,30.89031219482422,8.77914935699664e-05,-0.03279346600174904,0.025106223300099373,,,,,,,,,,,,,,0.8566710948944092,0.023247718811035156,436.0,0.702576220035553,69.6500015258789,2.2300865650177,-2.600240468978882,-0.00037104380317032337,0.566997766494751,0.7991545796394348,0.644446849822998,0.9270648956298828,0.32216790318489075,0.4382965564727783,0.4932733476161957,0.0
374,,,,,,,,,,,,,,,,,30.883764266967773,3.9018443203531206e-05,-0.029056252911686897,0.06514710932970047,,,,,,,,,,,,,,0.8473160266876221,0.022893667221069336,441.0,0.7024620175361633,70.69999694824219,2.2481958866119385,-2.649369955062866,-6.543128256453201e-05,0.5660209059715271,0.7935425639152527,0.6160452961921692,0.9282112717628479,0.3153822422027588,0.445992112159729,0.49822160601615906,0.0
375,,,,,,,,,,,,,,,,,30.879709243774414,5.852766480529681e-05,-0.03441331908106804,0.012823360972106457,,,,,,,,,,,,,,0.8420929908752441,0.02371692657470703,443.0,0.7023497223854065,71.61000061035156,2.246776580810547,-2.479515790939331,-0.0003154898586217314,0.5144104361534119,0.7472572326660156,0.6105090379714966,0.8940833210945129,0.32461515069007874,0.4134120047092438,0.5016257762908936,0.0
376,,,,,,,,,,,,,,,,,30.87321662902832,3.9018443203531206e-05,-0.04080979526042938,0.0064015774987638,,,,,,,,,,,,,,0.8640942573547363,0.022912979125976562,432.0,0.7021599411964417,71.66999816894531,2.252012014389038,-2.5354325771331787,-0.00030446721939370036,0.5676249861717224,0.799448549747467,0.6545724272727966,0.9324896931648254,0.3539794385433197,0.44253602623939514,0.4916130006313324,0.0
377,-1.1927552223205566,-0.00017800822388380766,0.25611498951911926,0.3704526424407959,0.29272088408470154,0.43099507689476013,0.14931122958660126,0.20577017962932587,0.2238026261329651,0.0,0.0,0.3333333432674408,0.0,0.8333333134651184,0.1666666716337204,0.0,30.86428451538086,5.852766480529681e-05,-0.033371251076459885,0.015106848441064358,3.1959645748138428,1.2057963609695435,0.33127665519714355,0.6680493950843811,4.049208164215088,1.121174693107605,0.21930907666683197,0.5892810821533203,1.3842874765396118,13.311121940612793,0.0,0.0,0.0,0.8539562225341797,0.022756099700927734,438.0,0.7018760442733765,71.63999938964844,2.255897045135498,-2.616136312484741,-0.00032594360527582467,0.5438230633735657,0.7862634062767029,0.632795512676239,0.9202296137809753,0.3090384304523468,0.44651558995246887,0.4926023781299591,0.0
378,,,,,,,,,,,,,,,,,30.849746704101562,3.9018443203531206e-05,-0.038116756826639175,0.006889267824590206,,,,,,,,,,,,,,0.8450431823730469,0.0228579044342041,442.0,0.7014907598495483,71.66999816894531,2.2621049880981445,-2.5296032428741455,-0.00023665011394768953,0.5601540207862854,0.8016303181648254,0.6578913927078247,0.9323773384094238,0.35200735926628113,0.4599672853946686,0.5221166014671326,0.0
379,,,,,,,,,,,,,,,,,30.83439826965332,3.9018443203531206e-05,-0.03216882422566414,0.011241966858506203,,,,,,,,,,,,,,1.0862059593200684,0.04783296585083008,338.0,0.701102614402771,71.69999694824219,2.2459895610809326,-2.5484402179718018,-0.0003421087749302387,0.5561636090278625,0.788224458694458,0.6214675307273865,0.9196961522102356,0.32047584652900696,0.4505435526371002,0.5014553666114807,0.0
380,,,,,,,,,,,,,,,,,30.818117141723633,5.852766480529681e-05,-0.029543431475758553,0.00752982497215271,,,,,,,,,,,,,,0.9707748889923096,0.02294611930847168,386.0,0.7007004022598267,71.8499984741211,2.2580206394195557,-2.521991491317749,-0.00023643138410989195,0.5471673607826233,0.7750132083892822,0.6207676529884338,0.9198362231254578,0.3155052959918976,0.4323091506958008,0.5112054347991943,0.0
381,,,,,,,,,,,,,,,,,30.80081558227539,3.9018443203531206e-05,-0.0383852981030941,0.009089719504117966,,,,,,,,,,,,,,0.8271889686584473,0.02275681495666504,451.0,0.7003316283226013,71.41000366210938,2.23811936378479,-2.6503655910491943,-0.00037701442488469183,0.5233681797981262,0.7588305473327637,0.6246157288551331,0.9160489439964294,0.3423941433429718,0.4257219135761261,0.5223820805549622,0.0
382,,,,,,,,,,,,,,,,,30.787975311279297,3.9018443203531206e-05,-0.02521226555109024,0.008448006585240364,,,,,,,,,,,,,,0.8546047210693359,0.02362513542175293,437.0,0.7000765800476074,71.0199966430664,2.2316794395446777,-2.5434682369232178,-0.00015191534475889057,0.5970441699028015,0.8185863494873047,0.6335012316703796,0.9286150932312012,0.341658353805542,0.4469975531101227,0.5050318241119385,0.0
383,-1.1435376405715942,-0.00012349357712082565,0.24660184979438782,0.3394060730934143,0.2714217007160187,0.4021347463130951,0.15009644627571106,0.18679629266262054,0.22503289580345154,0.0,0.0,0.4000000059604645,0.0,0.6000000238418579,0.20000000298023224,0.0,30.777944564819336,5.852766480529681e-05,-0.029783478006720543,0.01726371794939041,2.6285524368286133,1.4422045946121216,0.4003865718841553,0.5404217839241028,3.7854385375976562,1.2545437812805176,0.23134005069732666,0.5812026858329773,1.2584953308105469,17.850399017333984,0.0,0.0,0.0,0.8475618362426758,0.02376103401184082,440.0,0.6998381018638611,71.31999969482422,2.218501091003418,-2.525444984436035,-0.00030094024259597063,0.5862810015678406,0.7824563384056091,0.6348755955696106,0.9204812049865723,0.33959922194480896,0.4222783148288727,0.5244906544685364,0.0
384,,,,,,,,,,,,,,,,,30.766889572143555,3.9018443203531206e-05,-0.040872618556022644,0.012783429585397243,,,,,,,,,,,,,,0.8358378410339355,0.024783849716186523,446.0,0.6995491981506348,70.88999938964844,2.2296841144561768,-2.604663133621216,-0.00024876988027244806,0.5145566463470459,0.7538992762565613,0.6132312417030334,0.9171645641326904,0.32436445355415344,0.42030009627342224,0.4939011037349701,0.0
385,-1.1004374027252197,-0.00011094892397522926,0.25034260749816895,0.34301337599754333,0.27497780323028564,0.40367239713668823,0.15096862614154816,0.18652759492397308,0.22180387377738953,0.0,0.0,0.4000000059604645,0.0,0.4000000059604645,0.4000000059604645,0.0,30.75589370727539,2.60122942563612e-05,-0.03601948171854019,0.0075712502002716064,2.806011438369751,1.0758414268493652,0.3444273769855499,0.5816585421562195,4.546054363250732,1.1439392566680908,0.1936732530593872,0.5705679059028625,1.2512764930725098,18.28285026550293,0.0,0.0,0.0,0.8165807723999023,0.027688264846801758,454.0,0.6993318796157837,69.47000122070312,2.2071118354797363,-2.5270211696624756,-0.00018972608086187392,0.5870360732078552,0.7857038378715515,0.6112146377563477,0.9221301674842834,0.32674020528793335,0.426626056432724,0.49762019515037537,0.0
386,,,,,,,,,,,,,,,,,30.748550415039062,3.9018443203531206e-05,-0.02767850086092949,0.00976608321070671,,,,,,,,,,,,,,0.8207321166992188,0.024037837982177734,454.0,0.6991813778877258,69.06999969482422,2.1835618019104004,-2.485322952270508,-0.00021631600975524634,0.5579729676246643,0.7418503761291504,0.5792059302330017,0.8924434781074524,0.3146097660064697,0.4076031744480133,0.5044178366661072,0.0
387,-0.9683114290237427,-6.919876614119858e-05,0.23594826459884644,0.31804174184799194,0.250955730676651,0.3615621030330658,0.14105351269245148,0.17492005228996277,0.19843721389770508,0.0,0.0,0.0,0.0,0.75,0.5,0.0,30.74119758605957,3.9018443203531206e-05,-0.03141586482524872,0.006407368928194046,2.363926410675049,0.8442105054855347,0.24736763536930084,0.4767409563064575,3.7430334091186523,0.8447034358978271,0.16899529099464417,0.46640777587890625,1.0590085983276367,16.368989944458008,0.0,0.0,0.0,0.8381597995758057,0.026095151901245117,444.0,0.698962926864624,68.4800033569336,2.174299478530884,-2.6262564659118652,-0.00038884420064277947,0.5965173840522766,0.8195271492004395,0.6524128913879395,0.9385695457458496,0.3747563064098358,0.44536349177360535,0.4974096715450287,0.0
388,,,,,,,,,,,,,,,,,30.731698989868164,5.852766480529681e-05,-0.028495028614997864,0.0072889262810349464,,,,,,,,,,,,,,0.8613839149475098,0.028894901275634766,431.0,0.6987239718437195,68.37999725341797,2.1474249362945557,-2.463306188583374,-0.00030665460508316755,0.6154189109802246,0.7995815277099609,0.6099663376808167,0.9215982556343079,0.34852588176727295,0.4307885468006134,0.482917457818985,0.0
389,,,,,,,,,,,,,,,,,30.720996856689453,3.9018443203531206e-05,-0.033387623727321625,0.01686244271695614,,,,,,,,,,,,,,0.8682868480682373,0.024341106414794922,430.0,0.6984698176383972,68.58999633789062,2.158298969268799,-2.6096689701080322,-8.441408863291144e-05,0.5355516076087952,0.7837257981300354,0.6316243410110474,0.9298598170280457,0.3569754660129547,0.4445807635784149,0.4667067229747772,0.0
390,,,,,,,,,,,,,,,,,30.712366104125977,3.9018443203531206e-05,-0.034677714109420776,0.008168128319084644,,,,,,,,,,,,,,0.8426518440246582,0.02274298667907715,443.0,0.6983115077018738,68.19000244140625,2.169316530227661,-2.5119314193725586,-0.0004480788775254041,0.5593211650848389,0.7877657413482666,0.6074366569519043,0.9222655296325684,0.33922693133354187,0.4314052164554596,0.4565032720565796,0.0
391,,,,,,,,,,,,,,,,,30.7064151763916,5.852766480529681e-05,-0.028817258775234222,0.014888864010572433,,,,,,,,,,,,,,0.8277308940887451,0.02464008331298828,450.0,0.6981672644615173,67.0999984741211,2.1669394969940186,-2.457432985305786,-0.0003898143768310547,0.5774590969085693,0.8018528819084167,0.6312565207481384,0.9329460263252258,0.3617286682128906,0.4376946985721588,0.4881601333618164,0.0
392,,,,,,,,,,,,,,,,,30.69902801513672,2.60122942563612e-05,-0.02819986455142498,0.008543276228010654,,,,,,,,,,,,,,0.8195428848266602,0.02336907386779785,455.0,0.6979841589927673,66.72000122070312,2.1599698066711426,-2.5215227603912354,-0.0001289100619032979,0.6334097385406494,0.7990405559539795,0.5944119095802307,0.9221475720405579,0.3522462546825409,0.41611412167549133,0.4651608467102051,0.0
393,-0.9709591269493103,-9.152405255008489e-05,0.24411925673484802,0.32282307744026184,0.25127771496772766,0.36949512362480164,0.14979799091815948,0.16796736419200897,0.18892456591129303,0.0,0.0,0.1428571492433548,0.0,0.1428571492433548,0.8571428656578064,0.0,30.692899703979492,3.9018443203531206e-05,-0.025453485548496246,0.007355117239058018,2.0134623050689697,0.6935383677482605,0.27951622009277344,0.3679486811161041,3.0436806678771973,0.7469037175178528,0.12499310076236725,0.4073951244354248,1.2713109254837036,11.435431480407715,0.0,0.0,0.0,0.840336799621582,0.023401975631713867,444.0,0.6978349089622498,65.63999938964844,2.1469614505767822,-2.5636305809020996,-0.0003131103003397584,0.5943703651428223,0.836082935333252,0.6611143946647644,0.9491093754768372,0.38282954692840576,0.43923845887184143,0.5237188935279846,0.0
394,,,,,,,,,,,,,,,,,30.685152053833008,3.9018443203531206e-05,-0.03310484066605568,0.010014655068516731,,,,,,,,,,,,,,0.865462064743042,0.023508071899414062,431.0,0.6976313591003418,65.2300033569336,2.146744966506958,-2.4994421005249023,-0.0002494766376912594,0.6214413642883301,0.8405347466468811,0.624366819858551,0.9490887522697449,0.3774580955505371,0.445867657661438,0.438012033700943,0.0
395,,,,,,,,,,,,,,,,,30.676876068115234,5.852766480529681e-05,-0.029231563210487366,0.02205420471727848,,,,,,,,,,,,,,0.8466858863830566,0.021529197692871094,442.0,0.6974179744720459,64.97000122070312,2.1400187015533447,-2.634650230407715,-0.0006477611605077982,0.5884079337120056,0.7939407825469971,0.6205618381500244,0.9222190380096436,0.35831084847450256,0.40963467955589294,0.49533167481422424,0.0
396,,,,,,,,,,,,,,,,,30.668262481689453,3.9018443203531206e-05,-0.031832315027713776,0.013769219629466534,,,,,,,,,,,,,,0.852607011795044,0.026969194412231445,436.0,0.6972427368164062,64.54000091552734,2.139244318008423,-2.4880869388580322,-0.0002726599050220102,0.6193622350692749,0.8181608319282532,0.6462193131446838,0.9470509886741638,0.3685360848903656,0.4280918538570404,0.46132031083106995,0.0
397,-0.9368622899055481,-0.00015420609270222485,0.24192281067371368,0.31626003980636597,0.2502869665622711,0.358682781457901,0.14944104850292206,0.1582549661397934,0.18445554375648499,0.0,0.0,0.0,0.0,0.1428571492433548,0.8571428656578064,0.0,30.661680221557617,3.9018443203531206e-05,-0.024422012269496918,0.008141330443322659,1.2926608324050903,0.6091412901878357,0.2642436921596527,0.2587234079837799,1.7844066619873047,0.5772873163223267,0.09312303364276886,0.3343372046947479,1.09124755859375,7.473400115966797,0.0,0.0,0.0,0.9850480556488037,0.027054786682128906,379.0,0.6971005797386169,63.5099983215332,2.1295664310455322,-2.444803476333618,-0.0003467281349003315,0.6704578399658203,0.8622288703918457,0.685157060623169,0.9632932543754578,0.4108656942844391,0.4405233860015869,0.5170004963874817,0.0
398,-0.9105770587921143,-0.00010663537977961823,0.23809383809566498,0.3117908835411072,0.24170976877212524,0.3503705859184265,0.1491168886423111,0.1557149589061737,0.18385633826255798,0.0,0.0,0.0,0.0,0.25,0.75,0.0,30.655654907226562,3.9018443203531206e-05,-0.030141638591885567,0.009878934361040592,2.4840564727783203,0.5644435882568359,0.25153881311416626,0.28758853673934937,2.8521504402160645,0.611805260181427,0.09152713418006897,0.3469429910182953,1.232959508895874,10.911478042602539,0.0,0.0,0.0,0.8774263858795166,0.03542280197143555,420.0,0.6969464421272278,63.36000061035156,2.1300289630889893,-2.5720856189727783,-0.0001361189060844481,0.6341245770454407,0.8496395945549011,0.659863293170929,0.9501850605010986,0.4101240932941437,0.4362001419067383,0.4644511044025421,0.0
399,-1.1266250610351562,-7.194584759417921e-05,0.27381500601768494,0.3750123679637909,0.2954905331134796,0.4242686331272125,0.17794470489025116,0.19734932482242584,0.215922549366951,0.0,0.0,0.0,0.0,0.6666666865348816,0.5,0.0,30.6478328704834,3.9018443203531206e-05,-0.030532559379935265,0.008752615191042423,2.5359737873077393,0.5486602187156677,0.2237498015165329,0.47295546531677246,3.5883255004882812,0.7314662337303162,0.13093240559101105,0.4763244688510895,1.5965561866760254,13.678210258483887,0.0,0.0,0.0,0.8632540702819824,0.021389007568359375,434.0,0.6967248320579529,63.439998626708984,2.1587107181549072,-2.5557782649993896,-0.00044890589197166264,0.5807632803916931,0.8223092555999756,0.650121808052063,0.9416632652282715,0.37110045552253723,0.44238075613975525,0.5045046210289001,0.0
400,,,,,,,,,,,,,,,,,30.63792610168457,3.9018443203531206e-05,-0.033318836241960526,0.00971522368490696,,,,,,,,,,,,,,0.843513011932373,0.02214193344116211,443.0,0.6964913010597229,63.18000030517578,2.1542208194732666,-2.5945956707000732,-0.00039125149487517774,0.5889174938201904,0.7862843871116638,0.6019167304039001,0.9179871678352356,0.33811450004577637,0.4135317802429199,0.47621312737464905,0.0
401,,,,,,,,,,,,,,,,,30.629980087280273,2.60122942563612e-05,-0.034376323223114014,0.011186092160642147,,,,,,,,,,,,,,0.8409297466278076,0.022784948348999023,444.0,0.6963669061660767,62.619998931884766,2.1472327709198,-2.4890148639678955,-0.0004108118882868439,0.6027616262435913,0.8024306297302246,0.6519370675086975,0.9351939558982849,0.3690508306026459,0.42142269015312195,0.5234920382499695,0.0
402,,,,,,,,,,,,,,,,,30.625062942504883,3.9018443203531206e-05,-0.028865326195955276,0.004810475744307041,,,,,,,,,,,,,,0.8318178653717041,0.021072864532470703,450.0,0.6962334513664246,62.849998474121094,2.161698579788208,-2.481909990310669,-0.00016509667329955846,0.632133960723877,0.8316588997840881,0.643134593963623,0.9505019783973694,0.39591455459594727,0.439505010843277,0.46462544798851013,0.0
403,,,,,,,,,,,,,,,,,30.61878204345703,5.852766480529681e-05,-0.029891496524214745,0.009814942255616188,,,,,,,,,,,,,,0.8385851383209229,0.02369999885559082,445.0,0.6960786581039429,63.279998779296875,2.180284261703491,-2.550398588180542,-0.0006182565703056753,0.562014639377594,0.7710581421852112,0.6201603412628174,0.9158223271369934,0.3755001127719879,0.3883243501186371,0.48188725113868713,0.0
404,,,,,,,,,,,,,,,,,30.61039924621582,2.60122942563612e-05,-0.03630051761865616,0.0057377987541258335,,,,,,,,,,,,,,0.8489682674407959,0.02309393882751465,440.0,0.6958566308021545,63.18000030517578,2.186601161956787,-2.5673134326934814,-0.00039098356501199305,0.5649412274360657,0.7934245467185974,0.6517367362976074,0.9314541816711426,0.35612526535987854,0.4320676624774933,0.49155619740486145,0.0
405,,,,,,,,,,,,,,,,,30.601171493530273,3.9018443203531206e-05,-0.026217380538582802,0.007760484702885151,,,,,,,,,,,,,,0.8175420761108398,0.02260303497314453,457.0,0.6955898404121399,62.83000183105469,2.188199043273926,-2.510202169418335,-0.0002629391092341393,0.6468589305877686,0.8324854969978333,0.6414220929145813,0.9381863474845886,0.376194566488266,0.4411351978778839,0.4759712219238281,0.0
406,-1.1129258871078491,-0.00012152266572229564,0.2642328143119812,0.36512354016304016,0.29047253727912903,0.4149121940135956,0.15692216157913208,0.20295093953609467,0.21783749759197235,0.0,0.0,0.0,0.0,0.8333333134651184,0.1666666716337204,0.0,30.58728790283203,3.9018443203531206e-05,-0.029720494523644447,0.009329874999821186,3.158400774002075,0.8502574563026428,0.24073122441768646,0.6021633744239807,4.031736850738525,0.8465856909751892,0.16657470166683197,0.5003932118415833,1.4442979097366333,17.742429733276367,0.0,0.0,0.0,0.8546388149261475,0.021792888641357422,438.0,0.6952232122421265,62.790000915527344,2.1906659603118896,-2.507031202316284,-0.00018473260570317507,0.5958294868469238,0.825843334197998,0.6526897549629211,0.9411361217498779,0.3739345073699951,0.45409679412841797,0.48750486969947815,0.0
407,,,,,,,,,,,,,,,,,30.573816299438477,3.9018443203531206e-05,-0.03418156877160072,0.006863310933113098,,,,,,,,,,,,,,0.856269121170044,0.023433923721313477,436.0,0.6949487328529358,62.529998779296875,2.202760696411133,-2.5723323822021484,-0.00028143663075752556,0.5855897665023804,0.8187106251716614,0.6321574449539185,0.937846839427948,0.380662202835083,0.4470449984073639,0.4598960876464844,0.0
408,,,,,,,,,,,,,,,,,30.562761306762695,2.60122942563612e-05,-0.02952294610440731,0.006415547803044319,,,,,,,,,,,,,,0.8780698776245117,0.02326822280883789,426.0,0.6947076916694641,62.720001220703125,2.2210779190063477,-2.486466884613037,-0.0003794571675825864,0.6077613830566406,0.8388490080833435,0.6658750772476196,0.9499742984771729,0.3876701891422272,0.45328545570373535,0.49243679642677307,0.0
409,-1.1810417175292969,-0.0001741780579322949,0.26387515664100647,0.37742751836776733,0.2967658042907715,0.4439519941806793,0.17287498712539673,0.20455755293369293,0.2184016853570938,0.0,0.0,0.25,0.0,0.5,0.25,0.0,30.553489685058594,3.9018443203531206e-05,-0.030661962926387787,0.010326327756047249,3.130498170852661,1.130298137664795,0.34308046102523804,0.424877405166626,4.531706809997559,1.1316816806793213,0.20558172464370728,0.5586776733398438,1.5973296165466309,18.041683197021484,0.0,0.0,0.0,0.828758955001831,0.022042036056518555,451.0,0.6944906115531921,63.29999923706055,2.237926721572876,-2.519167184829712,-0.0004779536684509367,0.5872393250465393,0.7768523097038269,0.58059161901474,0.9192816615104675,0.35765883326530457,0.4097454249858856,0.42655253410339355,0.0
410,-1.098860263824463,-0.00020910332386847585,0.2538928985595703,0.33602407574653625,0.26115599274635315,0.3947146236896515,0.15711355209350586,0.1789935976266861,0.20145422220230103,0.0,0.0,0.3333333432674408,0.0,0.7777777910232544,0.0,0.0,30.542469024658203,5.852766480529681e-05,-0.03293147310614586,0.010085736401379108,2.6120805740356445,1.2425060272216797,0.3909273147583008,0.6736529469490051,3.433485746383667,1.1628379821777344,0.23085662722587585,0.5684878826141357,1.2696630954742432,10.407415390014648,0.0,0.0,0.0,0.8272321224212646,0.023416996002197266,451.0,0.6941509246826172,63.91999816894531,2.2224793434143066,-2.5189368724823,-0.000569949799682945,0.5554148554801941,0.757551372051239,0.6268841624259949,0.9015256762504578,0.34358248114585876,0.4129030406475067,0.4939071238040924,0.0
411,,,,,,,,,,,,,,,,,30.526121139526367,3.9018443203531206e-05,-0.03257296234369278,0.0037777884863317013,,,,,,,,,,,,,,0.80995774269104,0.02400827407836914,460.0,0.6937408447265625,64.13999938964844,2.236799955368042,-2.4318268299102783,-0.00028583474340848625,0.6674752235412598,0.8833017945289612,0.6885361671447754,0.9628197550773621,0.41347256302833557,0.47499701380729675,0.46630752086639404,0.0
412,,,,,,,,,,,,,,,,,30.511146545410156,3.9018443203531206e-05,-0.029391467571258545,0.00947578251361847,,,,,,,,,,,,,,0.8265810012817383,0.023457050323486328,451.0,0.6934546828269958,63.97999954223633,2.244166612625122,-2.4747660160064697,-0.0002118832926498726,0.6271049380302429,0.8093435168266296,0.6242915987968445,0.924569845199585,0.343170166015625,0.4386831820011139,0.4575817286968231,0.0
413,,,,,,,,,,,,,,,,,30.499801635742188,5.852766480529681e-05,-0.03418469429016113,0.012102782726287842,,,,,,,,,,,,,,0.8178679943084717,0.02375006675720215,456.0,0.6931517124176025,64.7699966430664,2.284090042114258,-2.497520685195923,-0.0004103381943423301,0.5200914740562439,0.7892031669616699,0.6025227308273315,0.9280479550361633,0.3388756513595581,0.44168782234191895,0.4417128264904022,0.0
414,,,,,,,,,,,,,,,,,30.48558807373047,3.9018443203531206e-05,-0.031659867614507675,0.02903691492974758,,,,,,,,,,,,,,0.7998659610748291,0.023453950881958008,466.0,0.692834734916687,65.80000305175781,2.3004071712493896,-2.4549624919891357,-0.0004066963738296181,0.6275672912597656,0.8475044369697571,0.6767112612724304,0.9464449882507324,0.36650213599205017,0.4604998528957367,0.4972790777683258,0.0
415,,,,,,,,,,,,,,,,,30.474119186401367,3.9018443203531206e-05,-0.03368667885661125,0.013973838649690151,,,,,,,,,,,,,,0.8315930366516113,0.02369523048400879,448.0,0.6925806403160095,66.38999938964844,2.313664197921753,-2.55092453956604,-0.00022640504175797105,0.5955935120582581,0.8170866370201111,0.632765531539917,0.9442244172096252,0.36848893761634827,0.4454440176486969,0.45219850540161133,0.0
416,,,,,,,,,,,,,,,,,30.464229583740234,3.9018443203531206e-05,-0.03571566194295883,0.006477130576968193,,,,,,,,,,,,,,0.792320966720581,0.023016929626464844,470.0,0.6923794746398926,67.19999694824219,2.3415768146514893,-2.5201988220214844,-0.00037712627090513706,0.572731077671051,0.8044435381889343,0.6354668140411377,0.935265839099884,0.3557497560977936,0.4448179006576538,0.48463621735572815,0.0
417,,,,,,,,,,,,,,,,,30.456470489501953,3.9018443203531206e-05,-0.02617395482957363,0.005442585796117783,,,,,,,,,,,,,,0.7946789264678955,0.02212691307067871,470.0,0.6921945214271545,67.37000274658203,2.340808868408203,-2.5692543983459473,-0.0005223038606345654,0.612904965877533,0.8199858069419861,0.6570543646812439,0.9366080164909363,0.38550326228141785,0.45337238907814026,0.4831206500530243,0.0
418,,,,,,,,,,,,,,,,,30.448604583740234,3.9018443203531206e-05,-0.03185636177659035,0.010439158417284489,,,,,,,,,,,,,,0.8026840686798096,0.022352933883666992,465.0,0.6920178532600403,67.31999969482422,2.340548276901245,-2.536406993865967,-0.0002439751842757687,0.6141679286956787,0.8161802291870117,0.6295574307441711,0.9392218589782715,0.3573794364929199,0.4447077810764313,0.4366520941257477,0.0
419,,,,,,,,,,,,,,,,,30.442550659179688,3.9018443203531206e-05,-0.03214864432811737,0.01706433854997158,,,,,,,,,,,,,,0.8197119235992432,0.02330303192138672,455.0,0.6919044256210327,68.06999969482422,2.3656461238861084,-2.539848804473877,-0.0006403263541869819,0.5587800145149231,0.7734686732292175,0.5563294291496277,0.9085659980773926,0.3155983090400696,0.41534683108329773,0.42378556728363037,0.0
420,,,,,,,,,,,,,,,,,30.436433792114258,3.9018443203531206e-05,-0.03251734375953674,0.00891904067248106,,,,,,,,,,,,,,0.81638503074646,0.021954774856567383,458.0,0.6916880011558533,69.62999725341797,2.4105427265167236,-2.5245563983917236,-0.000356972188455984,0.6063989996910095,0.8455939888954163,0.6718595027923584,0.960883378982544,0.37560799717903137,0.4657072126865387,0.49346494674682617,0.0
421,,,,,,,,,,,,,,,,,30.42746925354004,3.9018443203531206e-05,-0.028534313663840294,0.02012069895863533,,,,,,,,,,,,,,0.7836649417877197,0.023078203201293945,475.0,0.6914957165718079,69.18000030517578,2.398135185241699,-2.4994537830352783,-0.00016647274605929852,0.6399266123771667,0.7784048914909363,0.5892623066902161,0.9158138632774353,0.3140166103839874,0.4202667772769928,0.44443753361701965,0.0
422,,,,,,,,,,,,,,,,,30.419023513793945,3.9018443203531206e-05,-0.032418765127658844,0.015556651167571545,,,,,,,,,,,,,,0.7899398803710938,0.023188114166259766,472.0,0.6912679672241211,69.36000061035156,2.3898844718933105,-2.4837324619293213,-0.0003497486759442836,0.5776084065437317,0.7636242508888245,0.6185525059700012,0.917241096496582,0.3122120201587677,0.41597041487693787,0.49261417984962463,0.0
423,-1.2077568769454956,-0.00010877446038648486,0.2858857214450836,0.38593849539756775,0.3032244145870209,0.4507558345794678,0.1634761095046997,0.21067030727863312,0.2250218242406845,0.0,0.0,0.6666666865348816,0.0,0.3333333432674408,0.5,0.0,30.40774917602539,5.852766480529681e-05,-0.03649596497416496,0.004932586569339037,3.5415918827056885,1.322799563407898,0.40030041337013245,0.5698356628417969,4.900606155395508,1.3268667459487915,0.23466145992279053,0.6342657804489136,1.7331371307373047,17.861268997192383,0.0,0.0,0.0,0.794856071472168,0.022485971450805664,469.0,0.6909266710281372,70.08000183105469,2.415681838989258,-2.513720989227295,-0.0003560709301382303,0.5829459428787231,0.7970682978630066,0.6424658894538879,0.9261376857757568,0.3789089620113373,0.43545016646385193,0.46665945649147034,0.0
424,,,,,,,,,,,,,,,,,30.39211654663086,2.60122942563612e-05,-0.03375627100467682,0.00939965806901455,,,,,,,,,,,,,,0.7879278659820557,0.02143716812133789,474.0,0.6906144022941589,70.26000213623047,2.416680097579956,-2.4827799797058105,-0.00015840647392906249,0.6284075379371643,0.8278718590736389,0.6426504254341125,0.9475447535514832,0.36256977915763855,0.44373568892478943,0.4543798267841339,0.0
425,,,,,,,,,,,,,,,,,30.383888244628906,5.852766480529681e-05,-0.03174324333667755,0.015510216355323792,,,,,,,,,,,,,,0.7787702083587646,0.02197575569152832,479.0,0.6905040740966797,70.4800033569336,2.42756986618042,-2.5327365398406982,-0.0006001770962029696,0.5546640753746033,0.7459721565246582,0.5704996585845947,0.9014685750007629,0.27976226806640625,0.3982103765010834,0.44457516074180603,0.0
426,-1.284166932106018,-0.0002679120807442814,0.29757121205329895,0.40218159556388855,0.3164242208003998,0.466310977935791,0.15583479404449463,0.21766789257526398,0.22880852222442627,0.0,0.0,0.5,0.0,0.3333333432674408,0.3333333432674408,0.0,30.376550674438477,3.9018443203531206e-05,-0.03491322323679924,0.006165237631648779,3.6356232166290283,1.1766093969345093,0.36672577261924744,0.6207284927368164,5.537817478179932,1.2030209302902222,0.20616231858730316,0.6029130816459656,1.7883620262145996,25.0496768951416,0.0,0.0,0.0,0.7979600429534912,0.02349686622619629,467.0,0.6902512311935425,71.12000274658203,2.4197120666503906,-2.543689489364624,-0.0006284184637479484,0.6143073439598083,0.8337705731391907,0.6658704876899719,0.943603515625,0.3708532750606537,0.44847312569618225,0.48756512999534607,0.0
427,,,,,,,,,,,,,,,,,30.365848541259766,3.9018443203531206e-05,-0.02644268237054348,0.010850019752979279,,,,,,,,,,,,,,0.796043872833252,0.022099018096923828,469.0,0.6900169849395752,71.04000091552734,2.4171745777130127,-2.533628463745117,-0.00013951078290119767,0.6445907950401306,0.8163325190544128,0.626541256904602,0.9374561309814453,0.3267408013343811,0.4388090670108795,0.45484551787376404,0.0
428,,,,,,,,,,,,,,,,,30.356666564941406,3.9018443203531206e-05,-0.03575310856103897,0.01890920102596283,,,,,,,,,,,,,,0.8063368797302246,0.022289037704467773,463.0,0.6898081302642822,71.1500015258789,2.423689365386963,-2.4781553745269775,-0.00029893513419665396,0.5359925627708435,0.7069253921508789,0.5584952235221863,0.8850176930427551,0.2522747814655304,0.3824145495891571,0.4556896984577179,0.0
429,,,,,,,,,,,,,,,,,30.347558975219727,3.9018443203531206e-05,-0.03392491117119789,0.012013603001832962,,,,,,,,,,,,,,0.7946028709411621,0.02173590660095215,470.0,0.6895769238471985,71.58000183105469,2.416428565979004,-2.493112325668335,-0.00047680168063379824,0.6108952164649963,0.7801536917686462,0.6107588410377502,0.9122294783592224,0.31943121552467346,0.409201055765152,0.4680347442626953,0.0
430,,,,,,,,,,,,,,,,,30.33871841430664,2.60122942563612e-05,-0.02692273072898388,0.009892959147691727,,,,,,,,,,,,,,0.7876009941101074,0.023416996002197266,473.0,0.6894128918647766,71.30000305175781,2.397442579269409,-2.506826639175415,-0.0002437838847981766,0.6776116490364075,0.8332710862159729,0.6389312148094177,0.9359567761421204,0.3645269572734833,0.4461170732975006,0.4690924882888794,0.0
431,,,,,,,,,,,,,,,,,30.333290100097656,2.60122942563612e-05,-0.02242530696094036,0.011046894825994968,,,,,,,,,,,,,,0.7840359210968018,0.023147106170654297,475.0,0.6893101930618286,71.52999877929688,2.3813209533691406,-2.5571353435516357,-0.0003299724485259503,0.5804159641265869,0.7668406367301941,0.6005439162254333,0.9125754237174988,0.3327060043811798,0.41036662459373474,0.4576769769191742,0.0
432,,,,,,,,,,,,,,,,,30.32823371887207,3.9018443203531206e-05,-0.02560412511229515,0.006707646418362856,,,,,,,,,,,,,,0.7907059192657471,0.02320694923400879,471.0,0.6891525983810425,71.27999877929688,2.382223129272461,-2.483405828475952,-0.00024488187045790255,0.6294957995414734,0.8313355445861816,0.65242999792099,0.9413900375366211,0.3484339416027069,0.45609888434410095,0.48053494095802307,0.0
433,,,,,,,,,,,,,,,,,30.320711135864258,3.9018443203531206e-05,-0.032784946262836456,0.009519063867628574,,,,,,,,,,,,,,0.7733237743377686,0.021735191345214844,482.0,0.6889676451683044,71.12999725341797,2.377220869064331,-2.516098737716675,-0.00037790831993333995,0.6224506497383118,0.7954459190368652,0.6210616230964661,0.9314942955970764,0.3127424120903015,0.42597874999046326,0.4492546319961548,0.0
434,,,,,,,,,,,,,,,,,30.3123722076416,3.9018443203531206e-05,-0.03232434019446373,0.013482226058840752,,,,,,,,,,,,,,0.7771859169006348,0.02340388298034668,479.0,0.6887555718421936,70.83999633789062,2.339412212371826,-2.544550895690918,-0.0003517413279041648,0.5936172008514404,0.7271369099617004,0.5728146433830261,0.882244348526001,0.28122273087501526,0.38595083355903625,0.46322283148765564,0.0
435,-1.077467679977417,-0.00016746314940974116,0.277332067489624,0.34408581256866455,0.26505035161972046,0.4001879394054413,0.13579589128494263,0.18715494871139526,0.2041940987110138,0.0,0.0,0.5,0.0,0.25,0.25,0.0,30.30227279663086,3.9018443203531206e-05,-0.02757197432219982,0.008154789917171001,2.7994542121887207,1.350381851196289,0.3710770606994629,0.7055360674858093,3.7371251583099365,1.16230309009552,0.22565963864326477,0.6266793608665466,1.3457697629928589,14.153295516967773,0.0,0.0,0.0,0.8102750778198242,0.022856950759887695,460.0,0.6884821653366089,70.4800033569336,2.327169179916382,-2.4597043991088867,-0.0003908048674929887,0.6545750498771667,0.8280665278434753,0.6472669243812561,0.9424753785133362,0.37175312638282776,0.44110584259033203,0.45600399374961853,0.0
436,,,,,,,,,,,,,,,,,30.291837692260742,3.9018443203531206e-05,-0.030868027359247208,0.012446686625480652,,,,,,,,,,,,,,0.7821779251098633,0.024048805236816406,476.0,0.6883036494255066,70.56999969482422,2.3228347301483154,-2.5448646545410156,-0.0002930189948529005,0.6207090020179749,0.7803821563720703,0.5722561478614807,0.9092259407043457,0.3186122477054596,0.4021627902984619,0.4094955623149872,0.0
437,,,,,,,,,,,,,,,,,30.2851619720459,3.9018443203531206e-05,-0.028917346149683,0.014868233352899551,,,,,,,,,,,,,,0.832319974899292,0.02414417266845703,448.0,0.6881499886512756,70.97000122070312,2.323025703430176,-2.5619935989379883,-0.0006330509786494076,0.5653484463691711,0.755159854888916,0.609708845615387,0.9071089625358582,0.31728020310401917,0.4006175100803375,0.46824511885643005,0.0
438,-1.2058155536651611,-0.00023308808158617467,0.30143415927886963,0.3953341841697693,0.3058250844478607,0.45419102907180786,0.17018982768058777,0.20982307195663452,0.20948122441768646,0.0,0.0,0.25,0.0,0.25,0.5,0.0,30.276430130004883,3.9018443203531206e-05,-0.02158367447555065,0.0077024237252771854,2.9532084465026855,1.265276312828064,0.3488115668296814,0.48756465315818787,4.467641353607178,1.1112221479415894,0.20436516404151917,0.603684663772583,1.9290502071380615,20.583087921142578,0.0,0.0,0.0,0.776094913482666,0.022495031356811523,480.0,0.6878780126571655,70.47000122070312,2.3081188201904297,-2.44277286529541,-0.0002558416745159775,0.6754372715950012,0.8410499095916748,0.6435146331787109,0.9428666234016418,0.33638492226600647,0.4393737018108368,0.44228407740592957,0.0
439,,,,,,,,,,,,,,,,,30.26453971862793,3.9018443203531206e-05,-0.03120100311934948,0.010319558903574944,,,,,,,,,,,,,,0.770143985748291,0.02359294891357422,483.0,0.6875976324081421,70.30000305175781,2.288832902908325,-2.4090049266815186,-0.00027225303347222507,0.6430726647377014,0.8000172972679138,0.6029442548751831,0.9169456958770752,0.349380224943161,0.39434266090393066,0.4279422461986542,0.0
440,,,,,,,,,,,,,,,,,30.254165649414062,2.60122942563612e-05,-0.03353630751371384,0.009070193395018578,,,,,,,,,,,,,,0.7914009094238281,0.023043155670166016,471.0,0.6874211430549622,70.91999816894531,2.324483633041382,-2.6031508445739746,-0.0004927041009068489,0.550713837146759,0.7326801419258118,0.5878033638000488,0.8938086032867432,0.303462952375412,0.3703855574131012,0.4268563687801361,0.0
441,-1.1342982053756714,-0.00013823993504047394,0.2974163591861725,0.35221314430236816,0.27693793177604675,0.4163161814212799,0.14443208277225494,0.17814034223556519,0.2030431628227234,0.0,0.0,0.6666666865348816,0.0,0.1666666716337204,0.1666666716337204,0.0,30.247425079345703,2.60122942563612e-05,-0.02700096368789673,0.007906212471425533,3.8232529163360596,1.6431177854537964,0.5399308800697327,0.5915442109107971,5.311678886413574,1.5442333221435547,0.26793596148490906,0.678718626499176,1.6013776063919067,19.111478805541992,0.0,0.0,0.0,0.7914118766784668,0.02338409423828125,471.0,0.6872730255126953,70.75,2.307464838027954,-2.4299018383026123,-0.00037790086935274303,0.6825804114341736,0.8263835310935974,0.6363220810890198,0.9303200244903564,0.35371747612953186,0.42662230134010315,0.4484281539916992,0.0
442,,,,,,,,,,,,,,,,,30.24087905883789,2.60122942563612e-05,-0.023940162733197212,0.011170047335326672,,,,,,,,,,,,,,0.7685859203338623,0.023340940475463867,484.0,0.6871004700660706,70.58999633789062,2.2936317920684814,-2.523592710494995,-0.00036282301880419254,0.6316816210746765,0.7612290382385254,0.5732223391532898,0.9022623896598816,0.31083357334136963,0.4003208577632904,0.42412886023521423,0.0
443,,,,,,,,,,,,,,,,,30.232830047607422,2.60122942563612e-05,-0.02900356985628605,0.009026073850691319,,,,,,,,,,,,,,0.7707021236419678,0.021962881088256836,484.0,0.6868950724601746,70.41999816894531,2.30281662940979,-2.4207329750061035,-0.00037219320074655116,0.6234070062637329,0.7856704592704773,0.6104074120521545,0.9155044555664062,0.3317295014858246,0.4176223576068878,0.4514826536178589,0.0
444,,,,,,,,,,,,,,,,,30.224136352539062,3.9018443203531206e-05,-0.026506274938583374,0.006490732543170452,,,,,,,,,,,,,,0.7776308059692383,0.021821975708007812,480.0,0.6866717338562012,70.0199966430664,2.2810463905334473,-2.427278757095337,-0.0003877288254443556,0.6906623840332031,0.8719132542610168,0.6574010252952576,0.9533076286315918,0.3804298937320709,0.45980480313301086,0.4413336217403412,0.0
445,-1.2129383087158203,-0.00015265245747286826,0.3119983375072479,0.40450096130371094,0.3031761646270752,0.4552538990974426,0.1806774139404297,0.21440711617469788,0.20632410049438477,0.0,0.0,0.4000000059604645,0.0,0.4000000059604645,0.800000011920929,0.0,30.21329116821289,3.9018443203531206e-05,-0.03523225709795952,0.008357472717761993,3.483532428741455,1.0780538320541382,0.3311305046081543,0.3825374245643616,4.309804439544678,1.0178395509719849,0.19998785853385925,0.5581215023994446,1.88588547706604,15.919530868530273,0.0,0.0,0.0,0.8004531860351562,0.023246049880981445,466.0,0.6864149570465088,70.18000030517578,2.297351360321045,-2.4598042964935303,-0.00019312778022140265,0.6146261692047119,0.7854196429252625,0.5934746265411377,0.9175729155540466,0.3543509244918823,0.4123620092868805,0.4153749644756317,0.0
446,,,,,,,,,,,,,,,,,30.204296112060547,2.60122942563612e-05,-0.034856196492910385,0.010776144452393055,,,,,,,,,,,,,,0.8001031875610352,0.02289891242980957,466.0,0.6862637996673584,70.43000030517578,2.323413133621216,-2.4797117710113525,-0.000668444496113807,0.5665368437767029,0.7817057967185974,0.5979084372520447,0.9077445864677429,0.3467859923839569,0.4226638376712799,0.45242345333099365,0.0
447,,,,,,,,,,,,,,,,,30.197668075561523,3.9018443203531206e-05,-0.02515149489045143,0.016153132542967796,,,,,,,,,,,,,,0.786578893661499,0.022968769073486328,474.0,0.6860806941986084,70.51000213623047,2.331876039505005,-2.517855167388916,-0.00043733647908084095,0.6662355661392212,0.8491992354393005,0.6456990838050842,0.9431182742118835,0.3475055992603302,0.45620736479759216,0.45135626196861267,0.0
448,,,,,,,,,,,,,,,,,30.190034866333008,2.60122942563612e-05,-0.03052653558552265,0.021197237074375153,,,,,,,,,,,,,,0.7967848777770996,0.02182912826538086,469.0,0.6859357357025146,70.08000183105469,2.3341331481933594,-2.4216480255126953,-0.00035871806903742254,0.6549716591835022,0.8150277733802795,0.6078137755393982,0.9270186424255371,0.3190264403820038,0.4409656822681427,0.41781726479530334,0.0
449,-1.146224021911621,-0.00022168741270434111,0.2844599187374115,0.38197681307792664,0.29363733530044556,0.43967288732528687,0.15218684077262878,0.20988531410694122,0.20238861441612244,0.0,0.0,0.4000000059604645,0.0,0.4000000059604645,0.6000000238418579,0.0,30.18492317199707,2.60122942563612e-05,-0.03317271173000336,0.00622309185564518,3.107362747192383,1.1529475450515747,0.3239022493362427,0.5791724920272827,4.35866641998291,1.1115843057632446,0.19961108267307281,0.5835522413253784,1.691608190536499,16.443767547607422,0.0,0.0,0.0,0.8064467906951904,0.024259090423583984,462.0,0.6858367323875427,70.33000183105469,2.3577253818511963,-2.5102832317352295,-0.0004865431401412934,0.6269041895866394,0.8313849568367004,0.646393358707428,0.9483181834220886,0.3658303916454315,0.4556795656681061,0.4366181194782257,0.0
450,,,,,,,,,,,,,,,,,30.18097686767578,5.852766480529681e-05,-0.027673525735735893,0.008261539041996002,,,,,,,,,,,,,,0.7788667678833008,0.023228883743286133,478.0,0.6857263445854187,70.58999633789062,2.3589346408843994,-2.5104362964630127,-0.00038373551797121763,0.6252127289772034,0.8228737711906433,0.6225069165229797,0.9350598454475403,0.3526473045349121,0.4411599934101105,0.4158579409122467,0.0
451,,,,,,,,,,,,,,,,,30.173784255981445,2.60122942563612e-05,-0.028877919539809227,0.005572072230279446,,,,,,,,,,,,,,0.766481876373291,0.0238189697265625,485.0,0.6855211853981018,70.58000183105469,2.358189105987549,-2.4985973834991455,-0.00035275498521514237,0.6344403624534607,0.8259298205375671,0.6278536319732666,0.9450344443321228,0.3414527475833893,0.4431820809841156,0.42618703842163086,0.0
452,,,,,,,,,,,,,,,,,30.166465759277344,3.9018443203531206e-05,-0.029287397861480713,0.007079449947923422,,,,,,,,,,,,,,0.7702360153198242,0.02336716651916504,483.0,0.6853504180908203,70.8499984741211,2.383552312850952,-2.469005823135376,-0.0002920691331382841,0.608951210975647,0.8081488013267517,0.6194140911102295,0.937199592590332,0.3607356548309326,0.43430837988853455,0.420761376619339,0.0
453,,,,,,,,,,,,,,,,,30.157651901245117,2.60122942563612e-05,-0.02672346495091915,0.007999288849532604,,,,,,,,,,,,,,0.7811830043792725,0.022792816162109375,477.0,0.6851259469985962,71.02999877929688,2.396568775177002,-2.499562978744507,-0.00030896280077286065,0.6581445932388306,0.8075373768806458,0.6075583100318909,0.9286048412322998,0.34390366077423096,0.4260198175907135,0.42590928077697754,0.0
454,,,,,,,,,,,,,,,,,30.148895263671875,3.9018443203531206e-05,-0.022646484896540642,0.008238655515015125,,,,,,,,,,,,,,0.7762019634246826,0.023079395294189453,480.0,0.6849177479743958,71.0,2.414088249206543,-2.4178202152252197,-0.00045882747508585453,0.7092259526252747,0.8576076626777649,0.6278334259986877,0.9538628458976746,0.3472505509853363,0.4558478593826294,0.42022550106048584,0.0
455,-1.188720464706421,-0.00015521529712714255,0.31427469849586487,0.395954430103302,0.2936010956764221,0.4475507140159607,0.1386376917362213,0.21245510876178741,0.20203335583209991,0.0,0.0,0.4000000059604645,0.0,0.20000000298023224,0.4000000059604645,0.0,30.140514373779297,2.60122942563612e-05,-0.03037143498659134,0.006868904922157526,2.97133207321167,1.3359323740005493,0.34426194429397583,0.5770296454429626,5.029489040374756,1.153164267539978,0.19621244072914124,0.5759439468383789,1.7497508525848389,22.308029174804688,0.0,0.0,0.0,0.7736470699310303,0.023540973663330078,481.0,0.684761106967926,70.7300033569336,2.4196338653564453,-2.536733627319336,-0.00035660367575474083,0.6761677265167236,0.8442948460578918,0.6184696555137634,0.9472878575325012,0.35738006234169006,0.4516378939151764,0.4106980264186859,0.0
456,,,,,,,,,,,,,,,,,30.133098602294922,3.9018443203531206e-05,-0.02670721523463726,0.005299040116369724,,,,,,,,,,,,,,0.7850830554962158,0.021263837814331055,476.0,0.684511125087738,70.7699966430664,2.4426798820495605,-2.4912707805633545,-0.0003606020181905478,0.6385335326194763,0.8254535794258118,0.6406465768814087,0.9457150101661682,0.38147982954978943,0.4441468417644501,0.4257461130619049,0.0
457,,,,,,,,,,,,,,,,,30.122047424316406,2.60122942563612e-05,-0.025322789326310158,0.004345302004367113,,,,,,,,,,,,,,0.7821650505065918,0.0223391056060791,477.0,0.6842965483665466,70.91000366210938,2.4651012420654297,-2.470089912414551,-0.0002543917507864535,0.6740043759346008,0.8673155307769775,0.6544299721717834,0.9654905200004578,0.3771601617336273,0.4717477560043335,0.41655242443084717,0.0
458,,,,,,,,,,,,,,,,,30.114639282226562,3.9018443203531206e-05,-0.02358994632959366,0.007343756966292858,,,,,,,,,,,,,,0.7796497344970703,0.022745132446289062,478.0,0.6841326355934143,70.94999694824219,2.4838171005249023,-2.4003050327301025,-0.0003828850749414414,0.6607080698013306,0.8357024192810059,0.5843917727470398,0.939349353313446,0.34071898460388184,0.4399731159210205,0.39278778433799744,0.0
459,,,,,,,,,,,,,,,,,30.107975006103516,3.9018443203531206e-05,-0.034647081047296524,0.021521760150790215,,,,,,,,,,,,,,0.779289960861206,0.02314591407775879,478.0,0.6839905381202698,71.41000366210938,2.498133420944214,-2.469114303588867,-0.000376438838429749,0.6064825057983398,0.7893299460411072,0.5673835873603821,0.9238748550415039,0.31295064091682434,0.42206230759620667,0.3817634880542755,0.0
460,,,,,,,,,,,,,,,,,30.102340698242188,2.60122942563612e-05,-0.03226860240101814,0.00996292196214199,,,,,,,,,,,,,,0.7852778434753418,0.021947145462036133,475.0,0.6838851571083069,72.0,2.5365982055664062,-2.4226276874542236,-0.00048414416960440576,0.6739478707313538,0.8472406268119812,0.6266154646873474,0.9460132718086243,0.3540430963039398,0.4610348045825958,0.4133078157901764,0.0
461,-1.1994932889938354,-0.00015437700494658202,0.3221108317375183,0.4000255763530731,0.294114351272583,0.4585355222225189,0.1560930460691452,0.21282702684402466,0.19587470591068268,0.0,0.0,0.6666666865348816,0.0,0.0,0.3333333432674408,0.0,30.098628997802734,2.60122942563612e-05,-0.02992282621562481,0.013363733887672424,3.7921969890594482,1.3665953874588013,0.4483470022678375,0.4664181172847748,5.279327392578125,1.4477200508117676,0.2515580952167511,0.650436520576477,2.0061075687408447,18.96605110168457,0.0,0.0,0.0,0.803292989730835,0.024946928024291992,463.0,0.6838144063949585,72.12000274658203,2.548574447631836,-2.4085538387298584,-0.00040511018596589565,0.6666495203971863,0.8099038004875183,0.5748786926269531,0.9299226403236389,0.3401045799255371,0.42963674664497375,0.3657500743865967,0.0
462,-1.1205869913101196,-0.000156553098349832,0.3131270110607147,0.3658493459224701,0.2712661027908325,0.427142858505249,0.1541115641593933,0.19129525125026703,0.19235734641551971,0.0,0.0,0.8333333134651184,0.0,0.0,0.1666666716337204,0.0,30.09474754333496,3.9018443203531206e-05,-0.029478861019015312,0.032611481845378876,3.311826467514038,1.9227043390274048,0.5104038119316101,0.5584341883659363,5.416074275970459,1.4958361387252808,0.2666796147823334,0.6956007480621338,1.3933395147323608,17.880630493164062,0.0,0.0,0.0,0.801861047744751,0.022511005401611328,465.0,0.683666467666626,72.29000091552734,2.551198959350586,-2.439194679260254,-0.0005384600372053683,0.645862340927124,0.8016168475151062,0.5941133499145508,0.9242604374885559,0.36285462975502014,0.42410385608673096,0.41591212153434753,0.0
463,-1.1318644285202026,-0.0001508892746642232,0.31694093346595764,0.3992389738559723,0.29085421562194824,0.4429638385772705,0.17984896898269653,0.21277785301208496,0.1847914159297943,0.0,0.0,0.25,0.0,0.25,0.5,0.0,30.08702278137207,2.60122942563612e-05,-0.027957096695899963,0.015052171424031258,2.347970485687256,0.7831451892852783,0.24788601696491241,0.3267490267753601,3.3289341926574707,0.7964262962341309,0.14996816217899323,0.48058271408081055,1.8168003559112549,13.77523136138916,0.0,0.0,0.0,0.8003950119018555,0.022864103317260742,466.0,0.6834851503372192,72.2300033569336,2.554783344268799,-2.51739239692688,-0.0006511204410344362,0.6454307436943054,0.8419080376625061,0.613028347492218,0.950397789478302,0.36077770590782166,0.4592127501964569,0.3721201717853546,0.0
464,,,,,,,,,,,,,,,,,30.079700469970703,2.60122942563612e-05,-0.02965601533651352,0.02233569324016571,,,,,,,,,,,,,,0.7723402976989746,0.0228879451751709,482.0,0.683303713798523,73.70999908447266,2.577953338623047,-2.4654242992401123,-0.000550322700291872,0.6442908644676208,0.7498449683189392,0.5502628684043884,0.8892000317573547,0.32514503598213196,0.3933213949203491,0.3964957296848297,0.0
465,,,,,,,,,,,,,,,,,30.07230567932129,3.9018443203531206e-05,-0.02853431925177574,0.007435918785631657,,,,,,,,,,,,,,0.7921531200408936,0.023300886154174805,470.0,0.6831340789794922,73.75,2.5828776359558105,-2.3634724617004395,-0.0004825294017791748,0.6910869479179382,0.8315874934196472,0.5914285778999329,0.9261940121650696,0.3754413425922394,0.4371996819972992,0.4047800600528717,0.0
466,-1.09908926486969,-0.00018232042202726007,0.3372059166431427,0.39791157841682434,0.2807759940624237,0.4364631474018097,0.18804462254047394,0.2103700339794159,0.18498258292675018,0.0,0.0,0.0,0.0,0.75,0.25,0.0,30.064085006713867,2.60122942563612e-05,-0.023684820160269737,0.00707274628803134,3.9427692890167236,0.6856905817985535,0.27796870470046997,0.5522609353065491,4.9637017250061035,0.9594200849533081,0.18086494505405426,0.49725010991096497,1.6185176372528076,17.549158096313477,0.0,0.0,0.0,0.8010571002960205,0.022958993911743164,466.0,0.6829333305358887,73.6500015258789,2.5886919498443604,-2.424673557281494,-0.00030072947265580297,0.7563067078590393,0.885132372379303,0.6175451278686523,0.9528324007987976,0.38465169072151184,0.46214401721954346,0.3948816955089569,0.0
467,,,,,,,,,,,,,,,,,30.056636810302734,3.9018443203531206e-05,-0.0332392193377018,0.009663249365985394,,,,,,,,,,,,,,0.7847139835357666,0.023371219635009766,475.0,0.6827725172042847,73.94999694824219,2.610753297805786,-2.4010839462280273,-0.00036279173218645155,0.6145347952842712,0.7812139391899109,0.5552763342857361,0.9172462821006775,0.3497866690158844,0.4161898195743561,0.38101086020469666,0.0
468,,,,,,,,,,,,,,,,,30.048093795776367,3.9018443203531206e-05,-0.03325362503528595,0.00938410684466362,,,,,,,,,,,,,,0.7847030162811279,0.023455142974853516,475.0,0.6825188398361206,74.16000366210938,2.617602586746216,-2.4809796810150146,-0.0005206058849580586,0.6448587775230408,0.8070387840270996,0.6040124297142029,0.9304280281066895,0.33627310395240784,0.42716744542121887,0.3995506465435028,0.0
469,,,,,,,,,,,,,,,,,30.037134170532227,3.9018443203531206e-05,-0.03303520753979683,0.03725297376513481,,,,,,,,,,,,,,0.7758009433746338,0.023427963256835938,480.0,0.6822690367698669,74.8499984741211,2.623164176940918,-2.431307554244995,-0.0003446189220994711,0.6876328587532043,0.840195894241333,0.5907321572303772,0.9352648258209229,0.3538888394832611,0.4436210095882416,0.38873887062072754,0.0
470,,,,,,,,,,,,,,,,,30.027053833007812,2.60122942563612e-05,-0.022189615294337273,0.009989354759454727,,,,,,,,,,,,,,0.7790770530700684,0.022628068923950195,478.0,0.6820588111877441,74.9000015258789,2.6321356296539307,-2.4661121368408203,-0.0004534403851721436,0.6510695219039917,0.8160603642463684,0.5938959717750549,0.9371203780174255,0.36195793747901917,0.4436095654964447,0.3821846544742584,0.0
471,,,,,,,,,,,,,,,,,30.01949119567871,5.852766480529681e-05,-0.03203605115413666,0.01202170830219984,,,,,,,,,,,,,,0.7844409942626953,0.022874116897583008,475.0,0.681896448135376,75.38999938964844,2.647062063217163,-2.4421894550323486,-0.0008205543272197247,0.5900588631629944,0.7740938067436218,0.5484338402748108,0.9104530215263367,0.3312962055206299,0.408353328704834,0.34977057576179504,0.0
472,,,,,,,,,,,,,,,,,30.011137008666992,2.60122942563612e-05,-0.02333328314125538,0.007455395068973303,,,,,,,,,,,,,,0.77406907081604,0.023543119430541992,481.0,0.6816980242729187,75.16999816894531,2.642803907394409,-2.403609037399292,-0.0005664405762217939,0.698818027973175,0.8663761019706726,0.663631021976471,0.9580163955688477,0.38379886746406555,0.455692857503891,0.44280722737312317,0.0
473,,,,,,,,,,,,,,,,,30.00493049621582,3.9018443203531206e-05,-0.032610274851322174,0.005480239633470774,,,,,,,,,,,,,,0.7784111499786377,0.024000883102416992,478.0,0.6815840601921082,75.41000366210938,2.6475136280059814,-2.462597131729126,-0.00033449908369220793,0.6648697853088379,0.8108437657356262,0.5893914103507996,0.9303601384162903,0.3558405637741089,0.42407575249671936,0.3722289502620697,0.0
474,-1.1614335775375366,-0.00019457557937130332,0.3156583607196808,0.3945172131061554,0.29477712512016296,0.4517991542816162,0.17511706054210663,0.20792226493358612,0.19053994119167328,0.0,0.0,0.25,0.0,0.0,1.0,0.0,29.999835968017578,2.60122942563612e-05,-0.03210609778761864,0.006889983080327511,2.824305295944214,1.1764758825302124,0.3753014802932739,0.35192811489105225,3.327883720397949,1.0407403707504272,0.1962255835533142,0.5029482841491699,1.7213881015777588,11.52739143371582,0.0,0.0,0.0,0.7856073379516602,0.02395796775817871,474.0,0.681449294090271,75.66000366210938,2.645698308944702,-2.4397356510162354,-0.0004364147025626153,0.6223546266555786,0.7781000137329102,0.5937332510948181,0.922774076461792,0.32754313945770264,0.41294005513191223,0.3970097303390503,0.0
475,,,,,,,,,,,,,,,,,29.993152618408203,5.852766480529681e-05,-0.02994447387754917,0.006384433712810278,,,,,,,,,,,,,,0.8003683090209961,0.022868871688842773,466.0,0.6812154054641724,75.79000091552734,2.6540703773498535,-2.4791858196258545,-0.0007137792999856174,0.6675918698310852,0.8628458976745605,0.6306655406951904,0.9505600929260254,0.37186574935913086,0.4715026617050171,0.4097091257572174,0.0
476,,,,,,,,,,,,,,,,,29.98264503479004,2.60122942563612e-05,-0.030680296942591667,0.01203763484954834,,,,,,,,,,,,,,0.7970328330993652,0.0234220027923584,468.0,0.6810265779495239,75.91999816894531,2.664170980453491,-2.4849131107330322,-0.0005300614866428077,0.665835440158844,0.857125997543335,0.6029293537139893,0.9538635611534119,0.35647591948509216,0.47206148505210876,0.3604516088962555,0.0
477,,,,,,,,,,,,,,,,,29.977153778076172,2.60122942563612e-05,-0.027251088991761208,0.018230251967906952,,,,,,,,,,,,,,0.7816598415374756,0.021888017654418945,477.0,0.6809320449829102,75.88999938964844,2.6420531272888184,-2.4733340740203857,-0.0007378258742392063,0.6234230399131775,0.7822495102882385,0.5582785606384277,0.9188792109489441,0.3146239221096039,0.429821640253067,0.3748345375061035,0.0
478,,,,,,,,,,,,,,,,,29.972795486450195,3.9018443203531206e-05,-0.028193248435854912,0.0058122240006923676,,,,,,,,,,,,,,0.8014271259307861,0.02280879020690918,465.0,0.6808228492736816,76.58000183105469,2.6611368656158447,-2.4396772384643555,-0.0008164597675204277,0.6932104229927063,0.8714768886566162,0.622160792350769,0.9538829922676086,0.35789403319358826,0.47122374176979065,0.41626858711242676,0.0
479,,,,,,,,,,,,,,,,,29.967187881469727,3.9018443203531206e-05,-0.027123214676976204,0.0072303153574466705,,,,,,,,,,,,,,0.7876842021942139,0.023857831954956055,473.0,0.6806513071060181,76.02999877929688,2.654989004135132,-2.402430772781372,-0.0002903918793890625,0.6979711651802063,0.8435824513435364,0.5931347012519836,0.9417545199394226,0.34262385964393616,0.44227334856987,0.3971796929836273,0.0
480,,,,,,,,,,,,,,,,,29.960216522216797,2.60122942563612e-05,-0.03714612126350403,0.008511655032634735,,,,,,,,,,,,,,0.8310787677764893,0.02327132225036621,449.0,0.6805259585380554,76.02999877929688,2.651102066040039,-2.4195432662963867,-0.0003811975766438991,0.676181972026825,0.8184950947761536,0.5676130056381226,0.930311918258667,0.3486005365848541,0.4242100715637207,0.36788269877433777,0.0
481,-1.2085028886795044,-0.00032375543378293514,0.3391664922237396,0.41736048460006714,0.2930419147014618,0.4670960009098053,0.17471551895141602,0.22138354182243347,0.1963742971420288,0.0,0.0,0.4285714328289032,0.0,0.7142857313156128,0.2857142984867096,0.0,29.955324172973633,3.9018443203531206e-05,-0.026086892932653427,0.02024124376475811,3.3416364192962646,1.063191294670105,0.3215855062007904,0.5389577150344849,3.8344268798828125,0.9952502250671387,0.20391502976417542,0.576706051826477,1.7950490713119507,14.669928550720215,0.0,0.0,0.0,0.7957851886749268,0.021754980087280273,469.0,0.6803895235061646,75.94000244140625,2.6503803730010986,-2.500640630722046,-0.0007807682850398123,0.6093723773956299,0.785189688205719,0.5764276385307312,0.9097482562065125,0.33436766266822815,0.41490986943244934,0.3973996341228485,0.0
482,,,,,,,,,,,,,,,,,29.94839096069336,2.60122942563612e-05,-0.033506207168102264,0.008242198266088963,,,,,,,,,,,,,,0.7763669490814209,0.022964954376220703,480.0,0.6802209615707397,76.56999969482422,2.658865451812744,-2.4837913513183594,-0.00035481518716551363,0.6954019665718079,0.8385875225067139,0.6103449463844299,0.9423489570617676,0.35237279534339905,0.44288620352745056,0.39234647154808044,0.0
483,,,,,,,,,,,,,,,,,29.942413330078125,2.60122942563612e-05,-0.025593716651201248,0.019844941794872284,,,,,,,,,,,,,,0.7681300640106201,0.02198004722595215,486.0,0.6801111102104187,76.56999969482422,2.647603750228882,-2.3821914196014404,-0.0004094565811101347,0.6871498227119446,0.7657684683799744,0.5153599977493286,0.9043213725090027,0.30912211537361145,0.3937576711177826,0.36741992831230164,0.0
484,-1.0731781721115112,-0.00016012749983929098,0.3053781986236572,0.359615683555603,0.25559529662132263,0.4063605070114136,0.14531946182250977,0.1907808482646942,0.17946994304656982,0.0,0.0,0.625,0.0,0.125,0.5,0.0,29.937389373779297,3.9018443203531206e-05,-0.02164403907954693,0.010402976535260677,2.613560199737549,1.1835131645202637,0.34793150424957275,0.554837703704834,3.4680609703063965,1.1021630764007568,0.19759601354599,0.5934436917304993,1.6530050039291382,13.863180160522461,0.0,0.0,0.0,0.7889268398284912,0.02398514747619629,472.0,0.6799537539482117,74.83999633789062,2.6128878593444824,-2.5113484859466553,-0.0005175088881514966,0.6353990435600281,0.8135020136833191,0.6230104565620422,0.9302632212638855,0.35778120160102844,0.43064913153648376,0.45630624890327454,0.0
485,,,,,,,,,,,,,,,,,29.929471969604492,2.60122942563612e-05,-0.03056158497929573,0.005814233794808388,,,,,,,,,,,,,,0.7616639137268066,0.02294182777404785,489.0,0.6797686219215393,74.7699966430664,2.596109390258789,-2.41292667388916,-0.0003341746050864458,0.7214615941047668,0.8560383915901184,0.6070111989974976,0.9465015530586243,0.34476423263549805,0.44526973366737366,0.3883497714996338,0.0
486,,,,,,,,,,,,,,,,,29.923595428466797,2.60122942563612e-05,-0.025414898991584778,0.009818830527365208,,,,,,,,,,,,,,0.7690560817718506,0.023294925689697266,484.0,0.6796759963035583,74.44000244140625,2.5847127437591553,-2.392256498336792,-0.00027580710593611,0.7180056571960449,0.8311219215393066,0.5609842538833618,0.9350906014442444,0.3141588270664215,0.43834128975868225,0.38427677750587463,0.0
487,-1.1683213710784912,-0.0001648196775931865,0.31903958320617676,0.3916446268558502,0.2796019911766052,0.4433070719242096,0.15592460334300995,0.20888808369636536,0.1948038637638092,0.0,0.0,0.30000001192092896,0.0,0.20000000298023224,0.5,0.0,29.919559478759766,3.9018443203531206e-05,-0.023302918300032616,0.012344274669885635,2.7307190895080566,1.211006999015808,0.36655664443969727,0.5959789156913757,4.133378028869629,1.135723352432251,0.21802957355976105,0.6051803231239319,1.7552646398544312,17.386486053466797,0.0,0.0,0.0,0.7990367412567139,0.022109270095825195,467.0,0.6795522570610046,74.23999786376953,2.5784738063812256,-2.480050802230835,-0.00045048524043522775,0.5947105288505554,0.7461328506469727,0.5710129141807556,0.896965742111206,0.3212593197822571,0.40208134055137634,0.4471602141857147,0.0
488,,,,,,,,,,,,,,,,,29.91339111328125,1.1561020073713735e-05,-0.026510799303650856,0.005859367083758116,,,,,,,,,,,,,,0.7575728893280029,0.022304296493530273,492.0,0.6794252991676331,73.38999938964844,2.554600954055786,-2.3798744678497314,-0.00034665889688767493,0.769018828868866,0.8755771517753601,0.6170215010643005,0.9502396583557129,0.3725060224533081,0.4594152867794037,0.41665950417518616,0.0
489,,,,,,,,,,,,,,,,,29.908842086791992,3.9018443203531206e-05,-0.020145580172538757,0.013568734750151634,,,,,,,,,,,,,,0.7614140510559082,0.023675918579101562,489.0,0.6792943477630615,72.72000122070312,2.548050880432129,-2.3357396125793457,-0.00023680413141846657,0.7157754302024841,0.8226096630096436,0.5686953663825989,0.9342984557151794,0.34787121415138245,0.42665335536003113,0.39488232135772705,0.0
490,-1.131941795349121,-0.00021494811517186463,0.3200750946998596,0.3936510682106018,0.2888961434364319,0.4452194571495056,0.17494268715381622,0.20811447501182556,0.19409386813640594,0.0,0.0,0.25,0.0,0.125,0.625,0.0,29.9013729095459,3.9018443203531206e-05,-0.03303096443414688,0.00532629294320941,3.4416580200195312,1.0702306032180786,0.3475026488304138,0.5269100666046143,3.9538793563842773,1.0437707901000977,0.19524669647216797,0.5558913350105286,1.9481327533721924,15.311920166015625,0.0,0.0,0.0,0.8209021091461182,0.023478984832763672,454.0,0.6790903806686401,72.0999984741211,2.5472073554992676,-2.4577748775482178,-0.0005691669066436589,0.6032974720001221,0.8151338696479797,0.6139640212059021,0.9307928681373596,0.35683754086494446,0.44593095779418945,0.4316234886646271,0.0
491,-1.148545503616333,-0.00011442619143053889,0.3242890536785126,0.41447338461875916,0.28278157114982605,0.45313510298728943,0.17420925199985504,0.22571074962615967,0.1942368596792221,0.0,0.0,0.0,0.0,0.6666666865348816,0.3333333432674408,0.0,29.89193344116211,3.9018443203531206e-05,-0.026943130418658257,0.006244210992008448,2.962473154067993,0.7603567242622375,0.17919601500034332,0.500930905342102,3.279656410217285,0.725691556930542,0.14098593592643738,0.5100200176239014,1.5591412782669067,11.369580268859863,0.0,0.0,0.0,0.7919228076934814,0.023168087005615234,471.0,0.6788510084152222,72.20999908447266,2.55243182182312,-2.408475160598755,-0.00039803318213671446,0.726478099822998,0.8790984749794006,0.6081189513206482,0.9572871327400208,0.34061262011528015,0.46773195266723633,0.4046930968761444,0.0
492,,,,,,,,,,,,,,,,,29.88285255432129,2.60122942563612e-05,-0.024261493235826492,0.015571493655443192,,,,,,,,,,,,,,0.7899479866027832,0.022967100143432617,472.0,0.67870032787323,72.3499984741211,2.5659420490264893,-2.392491102218628,-0.0004854052094742656,0.6523666381835938,0.7822428345680237,0.5194131135940552,0.8960391879081726,0.29991614818573,0.4142516553401947,0.39076805114746094,0.0
493,-0.9941645860671997,-0.00013398735609371215,0.28298836946487427,0.32121655344963074,0.23269173502922058,0.3726244568824768,0.12065978348255157,0.17195561528205872,0.18323591351509094,0.0,0.0,0.6000000238418579,0.0,0.4000000059604645,0.0,0.0,29.87693977355957,2.60122942563612e-05,-0.02286825329065323,0.01225004717707634,2.5083208084106445,1.547527551651001,0.4389932155609131,0.7902849912643433,3.470762252807617,1.3702070713043213,0.26015716791152954,0.680766224861145,1.0533447265625,11.568460464477539,0.0,0.0,0.0,0.7926409244537354,0.022913217544555664,470.0,0.6785406470298767,71.54000091552734,2.5338950157165527,-2.384321689605713,-0.00047683631419204175,0.6831795573234558,0.82655268907547,0.6257288455963135,0.9302957653999329,0.3282562792301178,0.4342555105686188,0.4530832767486572,0.0
494,,,,,,,,,,,,,,,,,29.868568420410156,3.9018443203531206e-05,-0.024546101689338684,0.0039876787923276424,,,,,,,,,,,,,,0.7722690105438232,0.02276611328125,482.0,0.678284227848053,71.97000122070312,2.5407931804656982,-2.4208478927612305,-0.00043570061097852886,0.739513099193573,0.866193950176239,0.5999398827552795,0.9468438029289246,0.3406539857387543,0.4518556594848633,0.39569056034088135,0.0
495,,,,,,,,,,,,,,,,,29.857898712158203,2.60122942563612e-05,-0.03804733604192734,0.008230878040194511,,,,,,,,,,,,,,0.7841131687164307,0.023523807525634766,475.0,0.6780886650085449,71.61000061035156,2.5186898708343506,-2.478760004043579,-0.00028505755471996963,0.6077551245689392,0.7402413487434387,0.5385662913322449,0.897484302520752,0.30647793412208557,0.3958437442779541,0.37913385033607483,0.0
496,-1.3429054021835327,-0.0003005390171892941,0.3451412320137024,0.43471768498420715,0.3107668459415436,0.497936874628067,0.17669911682605743,0.23134611546993256,0.2071675807237625,0.0,0.0,0.7142857313156128,0.0,0.1428571492433548,0.4285714328289032,0.0,29.851497650146484,3.9018443203531206e-05,-0.02669999748468399,0.008279750123620033,3.632050037384033,1.3024390935897827,0.43288135528564453,0.559394896030426,4.356373310089111,1.2362020015716553,0.23934562504291534,0.5973936915397644,1.8109878301620483,14.859352111816406,0.0,0.0,0.0,0.8044149875640869,0.023539066314697266,463.0,0.6779686808586121,71.97000122070312,2.517657995223999,-2.363304376602173,-0.0008156191906891763,0.6234657764434814,0.8058701157569885,0.5735953450202942,0.916435956954956,0.3426860272884369,0.42441466450691223,0.3846679925918579,0.0
497,,,,,,,,,,,,,,,,,29.846715927124023,2.60122942563612e-05,-0.02574353851377964,0.004514474421739578,,,,,,,,,,,,,,0.7735488414764404,0.022526264190673828,482.0,0.6778746843338013,71.98999786376953,2.516792058944702,-2.3966665267944336,-0.0004394458665046841,0.723315954208374,0.8740631937980652,0.5935204029083252,0.9511895179748535,0.3593253195285797,0.4580742418766022,0.3820161521434784,0.0
498,,,,,,,,,,,,,,,,,29.842302322387695,2.60122942563612e-05,-0.027764078229665756,0.0035822999197989702,,,,,,,,,,,,,,0.773040771484375,0.023011207580566406,482.0,0.6777471303939819,72.04000091552734,2.5291333198547363,-2.493410348892212,-0.00018001336138695478,0.6915834546089172,0.8448138236999512,0.6139759421348572,0.9472883343696594,0.3537580072879791,0.45651376247406006,0.4133829176425934,0.0
499,,,,,,,,,,,,,,,,,29.835643768310547,3.9018443203531206e-05,-0.03266603872179985,0.004889154806733131,,,,,,,,,,,,,,0.7821869850158691,0.023921966552734375,476.0,0.6775557398796082,71.70999908447266,2.5293045043945312,-2.4393832683563232,-0.000305730412947014,0.6458325386047363,0.7946675419807434,0.5941368937492371,0.9235183596611023,0.32255610823631287,0.4235399663448334,0.41128435730934143,0.0
500,,,,,,,,,,,,,,,,,29.82720184326172,3.9018443203531206e-05,-0.022676147520542145,0.006621760781854391,,,,,,,,,,,,,,0.775968074798584,0.022938966751098633,480.0,0.6773534417152405,71.70999908447266,2.5278475284576416,-2.347365140914917,-0.00027599037275649607,0.719700276851654,0.823401927947998,0.5778495073318481,0.9278001189231873,0.3126155138015747,0.4349333345890045,0.3996899425983429,0.0
501,,,,,,,,,,,,,,,,,29.818323135375977,2.60122942563612e-05,-0.03195479139685631,0.004791102837771177,,,,,,,,,,,,,,0.7763488292694092,0.022726058959960938,480.0,0.677160918712616,71.38999938964844,2.520272731781006,-2.4683663845062256,-0.000297545368084684,0.7096114158630371,0.8411068916320801,0.5922749638557434,0.9375836849212646,0.33333396911621094,0.44287264347076416,0.39974239468574524,0.0
502,,,,,,,,,,,,,,,,,29.8099365234375,2.60122942563612e-05,-0.025406228378415108,0.004944120068103075,,,,,,,,,,,,,,0.779055118560791,0.022597789764404297,479.0,0.67695152759552,71.55000305175781,2.5579824447631836,-2.4510610103607178,-0.0003428063355386257,0.6602280735969543,0.8349217772483826,0.6172462701797485,0.9465170502662659,0.33927497267723083,0.44990381598472595,0.40784358978271484,0.0
503,,,,,,,,,,,,,,,,,29.80164909362793,2.60122942563612e-05,-0.03171472251415253,0.0049546207301318645,,,,,,,,,,,,,,0.7747020721435547,0.02277684211730957,481.0,0.6767967939376831,71.51000213623047,2.555006742477417,-2.472846746444702,-0.0004019329498987645,0.7057451605796814,0.8258222937583923,0.5910126566886902,0.9365299344062805,0.3297247290611267,0.4332382380962372,0.3865306079387665,0.0
504,,,,,,,,,,,,,,,,,29.794546127319336,2.60122942563612e-05,-0.026350833475589752,0.0054040467366576195,,,,,,,,,,,,,,0.7837638854980469,0.022698163986206055,476.0,0.6766073107719421,72.01000213623047,2.5615267753601074,-2.48945689201355,-0.00026348436949774623,0.7024716734886169,0.8306682705879211,0.5953991413116455,0.9362694621086121,0.3424135744571686,0.44191789627075195,0.39853811264038086,0.0
505,,,,,,,,,,,,,,,,,29.785972595214844,2.60122942563612e-05,-0.03135696426033974,0.006900728680193424,,,,,,,,,,,,,,0.7812700271606445,0.022754907608032227,477.0,0.6764110922813416,72.62999725341797,2.571788787841797,-2.4399755001068115,-0.00034113205038011074,0.6289675235748291,0.7801322937011719,0.5351168513298035,0.9082675576210022,0.2991928160190582,0.4218749701976776,0.3626594543457031,0.0
506,,,,,,,,,,,,,,,,,29.7774715423584,2.60122942563612e-05,-0.02069532498717308,0.0055355047807097435,,,,,,,,,,,,,,0.7732033729553223,0.022153854370117188,482.0,0.6762163639068604,72.7699966430664,2.5714516639709473,-2.3710861206054688,-0.00026592545327730477,0.7042369246482849,0.8278487324714661,0.6101775765419006,0.9342408180236816,0.3307250738143921,0.43452635407447815,0.4181171655654907,0.0
507,,,,,,,,,,,,,,,,,29.76953887939453,2.60122942563612e-05,-0.022235754877328873,0.011190541088581085,,,,,,,,,,,,,,0.7709801197052002,0.023819923400878906,483.0,0.6760448813438416,73.13999938964844,2.589357852935791,-2.4008960723876953,-0.00028729214682243764,0.7237989902496338,0.8310969471931458,0.5859261155128479,0.9329155087471008,0.31788554787635803,0.43825432658195496,0.3871777355670929,0.0
508,,,,,,,,,,,,,,,,,29.76256561279297,2.60122942563612e-05,-0.03442062437534332,0.009480798617005348,,,,,,,,,,,,,,0.7824749946594238,0.023387908935546875,476.0,0.6758957505226135,73.62000274658203,2.5836594104766846,-2.449549913406372,-0.0005884426063857973,0.6389240622520447,0.7355406880378723,0.5372369289398193,0.8841371536254883,0.30706170201301575,0.38718485832214355,0.3809873163700104,0.0
509,,,,,,,,,,,,,,,,,29.756607055664062,2.60122942563612e-05,-0.02813476324081421,0.007928255014121532,,,,,,,,,,,,,,0.830064058303833,0.022099971771240234,450.0,0.6757686138153076,73.80000305175781,2.5807669162750244,-2.437023878097534,-0.0003862191515509039,0.6863937377929688,0.8376618027687073,0.5948315262794495,0.9251264929771423,0.3501627743244171,0.4463014304637909,0.3984334170818329,0.0
510,,,,,,,,,,,,,,,,,29.751728057861328,2.60122942563612e-05,-0.027068736031651497,0.004851838108152151,,,,,,,,,,,,,,0.7839438915252686,0.023328065872192383,475.0,0.6756625175476074,73.94999694824219,2.5778696537017822,-2.3996753692626953,-0.0005752418073825538,0.7220708727836609,0.8692355155944824,0.5703008770942688,0.9393210411071777,0.31611183285713196,0.4663865864276886,0.3508075475692749,0.0
511,,,,,,,,,,,,,,,,,29.745468139648438,3.9018443203531206e-05,-0.02501811273396015,0.005747875198721886,,,,,,,,,,,,,,0.7844221591949463,0.023420095443725586,475.0,0.675441563129425,74.12000274658203,2.5773003101348877,-2.4612295627593994,-0.0003903546603396535,0.6508085131645203,0.8233336806297302,0.5775713920593262,0.9285678267478943,0.3221350312232971,0.4489567279815674,0.3783784806728363,0.0
