iteration,Episode_Reward/action_rate_l2,Episode_Reward/joint_limit,Episode_Reward/motion_body_ang_vel,Episode_Reward/motion_body_lin_vel,Episode_Reward/motion_body_ori,Episode_Reward/motion_body_pos,Episode_Reward/motion_global_root_ori,Episode_Reward/motion_global_root_pos,Episode_Reward/motion_joint_pos,Episode_Reward/motion_joint_vel,Episode_Termination/anchor_ori,Episode_Termination/anchor_pos,Episode_Termination/clip_end,Episode_Termination/ee_body_pos,Episode_Termination/incidental_bat_support,Episode_Termination/time_out,Loss/entropy,Loss/learning_rate,Loss/surrogate,Loss/value,Metrics/motion/error_anchor_ang_vel,Metrics/motion/error_anchor_lin_vel,Metrics/motion/error_anchor_pos,Metrics/motion/error_anchor_rot,Metrics/motion/error_body_ang_vel,Metrics/motion/error_body_lin_vel,Metrics/motion/error_body_pos,Metrics/motion/error_body_rot,Metrics/motion/error_joint_pos,Metrics/motion/error_joint_vel,Metrics/motion/sampling_entropy,Metrics/motion/sampling_top1_bin,Metrics/motion/sampling_top1_prob,Perf/collection_time,Perf/learning_time,Perf/total_fps,Policy/mean_std,Train/mean_episode_length,Train/mean_reward,reward/action_rate_l2,reward/joint_limit,reward/motion_body_ang_vel,reward/motion_body_lin_vel,reward/motion_body_ori,reward/motion_body_pos,reward/motion_global_root_ori,reward/motion_global_root_pos,reward/motion_joint_pos,reward/motion_joint_vel
0,,,,,,,,,,,,,,,,,-5.544795513153076,2.60122942563612e-05,0.20574752986431122,0.7914024591445923,,,,,,,,,,,,,,1.1013741493225098,0.02867579460144043,339.0,0.1999492049217224,,,-0.23030026257038116,0.0,0.9972752928733826,0.9988805651664734,0.9977391362190247,0.9997656941413879,0.49786487221717834,0.4999091327190399,0.9985125064849854,0.0
1,,,,,,,,,,,,,,,,,-5.527139663696289,1.1561020073713735e-05,-0.014702869579195976,0.8405088782310486,,,,,,,,,,,,,,1.0479660034179688,0.020299911499023438,359.0,0.2000150978565216,34.5,3.9722278118133545,-0.23499691486358643,0.0,0.9943361282348633,0.995755672454834,0.9962387084960938,0.9994242787361145,0.49652230739593506,0.4997783899307251,0.9973554611206055,0.0
2,,,,,,,,,,,,,,,,,-5.5213494300842285,1.7341530110570602e-05,-0.0266110897064209,0.7368330955505371,,,,,,,,,,,,,,0.9862809181213379,0.020364999771118164,381.0,0.20005281269550323,47.5,5.4367852210998535,-0.23425249755382538,0.0,0.9371228814125061,0.9582148194313049,0.9405301213264465,0.9917184710502625,0.45141053199768066,0.49815571308135986,0.9700538516044617,0.0
3,,,,,,,,,,,,,,,,,-5.51347017288208,1.7341530110570602e-05,-0.03160645067691803,0.5709637999534607,,,,,,,,,,,,,,0.9868319034576416,0.019937992095947266,381.0,0.20012181997299194,71.69999694824219,7.982797145843506,-0.2346906065940857,-8.266049917438067e-06,0.8794253468513489,0.8904139399528503,0.8807066082954407,0.9768561720848083,0.39854350686073303,0.49472442269325256,0.9615278244018555,0.0
4,,,,,,,,,,,,,,,,,-5.500754356384277,2.60122942563612e-05,-0.02551349811255932,0.7985737323760986,,,,,,,,,,,,,,0.9256210327148438,0.020023107528686523,406.0,0.20024600625038147,75.36363983154297,8.354836463928223,-0.23139499127864838,0.0,0.93569415807724,0.9462432861328125,0.9302101731300354,0.9837247729301453,0.43868887424468994,0.4784604012966156,0.9725944995880127,0.0
5,-0.19956021010875702,-1.8002674551098607e-06,0.7948040962219238,0.7966784834861755,0.7666846513748169,0.8356973528862,0.359170138835907,0.40755441784858704,0.8320655226707458,0.0,0.0,0.0,0.0,0.0,0.0,1.0,-5.483978271484375,2.60122942563612e-05,-0.029862837865948677,0.568972647190094,0.4985194802284241,0.4245831370353699,0.1979667842388153,0.3705254793167114,0.6186237931251526,0.3648989200592041,0.1035306304693222,0.28459304571151733,0.19589339196681976,1.2374978065490723,0.0,0.0,0.0,1.009497880935669,0.02009105682373047,372.0,0.20032361149787903,89.5999984741211,9.80135440826416,-0.23729312419891357,0.0,0.9558674693107605,0.9502704739570618,0.9092659950256348,0.9751160740852356,0.427608460187912,0.4725717008113861,0.9794816970825195,0.0
6,,,,,,,,,,,,,,,,,-5.477109432220459,2.60122942563612e-05,-0.03947845846414566,0.7337632775306702,,,,,,,,,,,,,,0.9588632583618164,0.019622802734375,392.0,0.20034237205982208,93.25,10.166291236877441,-0.2330583781003952,-3.3642365337982483e-07,0.9116200804710388,0.9258421063423157,0.9149823188781738,0.9832622408866882,0.4298006594181061,0.4882611334323883,0.9706867337226868,0.0
7,,,,,,,,,,,,,,,,,-5.475792407989502,2.60122942563612e-05,-0.029879994690418243,0.5249008536338806,,,,,,,,,,,,,,0.96750807762146,0.01922893524169922,389.0,0.20034947991371155,99.55555725097656,10.828712463378906,-0.23451906442642212,-7.227766332107421e-07,0.9176220297813416,0.9236738085746765,0.8902609944343567,0.9758694767951965,0.4120725691318512,0.47989094257354736,0.9647691249847412,0.0
8,,,,,,,,,,,,,,,,,-5.472137451171875,2.60122942563612e-05,-0.032633282244205475,0.5299227833747864,,,,,,,,,,,,,,0.9233829975128174,0.020318984985351562,406.0,0.20039166510105133,102.21052551269531,11.125203132629395,-0.22731763124465942,0.0,0.9025519490242004,0.91599041223526,0.8872547149658203,0.9757413864135742,0.40712329745292664,0.48097285628318787,0.9642236828804016,0.0
9,,,,,,,,,,,,,,,,,-5.465611934661865,2.60122942563612e-05,-0.03140754997730255,0.44264644384384155,,,,,,,,,,,,,,0.9247381687164307,0.019607067108154297,406.0,0.20043842494487762,113.68000030517578,12.35184097290039,-0.22647325694561005,-4.726021245460288e-07,0.9329957962036133,0.9294676780700684,0.8817715048789978,0.968334972858429,0.41020190715789795,0.465015172958374,0.9713595509529114,0.0
10,,,,,,,,,,,,,,,,,-5.463050365447998,2.60122942563612e-05,-0.02742535062134266,0.4903227686882019,,,,,,,,,,,,,,0.9626848697662354,0.0208282470703125,390.0,0.20042410492897034,116.37036895751953,12.609698295593262,-0.23797553777694702,0.0,0.9450588226318359,0.9456716179847717,0.9140172600746155,0.9765129089355469,0.43274614214897156,0.4766169488430023,0.9796972870826721,0.0
11,,,,,,,,,,,,,,,,,-5.458647727966309,3.9018443203531206e-05,-0.028042271733283997,0.4059339761734009,,,,,,,,,,,,,,0.965019941329956,0.01940178871154785,390.0,0.20053346455097198,120.70967864990234,13.061140060424805,-0.23440754413604736,-7.367887966402975e-10,0.9600909352302551,0.9557022452354431,0.9156724810600281,0.9767023921012878,0.4330943524837494,0.4701060354709625,0.9829887747764587,0.0
12,,,,,,,,,,,,,,,,,-5.442443370819092,1.7341530110570602e-05,-0.035657767206430435,0.37938302755355835,,,,,,,,,,,,,,0.962324857711792,0.020251989364624023,390.0,0.20060914754867554,121.625,13.164840698242188,-0.2361990213394165,0.0,0.9256906509399414,0.9414977431297302,0.9271714091300964,0.985955536365509,0.43870556354522705,0.4901731014251709,0.9734539985656738,0.0
13,,,,,,,,,,,,,,,,,-5.435278415679932,2.60122942563612e-05,-0.03072497248649597,0.32893818616867065,,,,,,,,,,,,,,0.9621050357818604,0.0206301212310791,390.0,0.20064902305603027,122.48484802246094,13.241378784179688,-0.23359911143779755,-1.3875577451472054e-06,0.9086129069328308,0.9089286923408508,0.8832141757011414,0.9720585346221924,0.40774989128112793,0.4767775535583496,0.9671683311462402,0.0
14,,,,,,,,,,,,,,,,,-5.428804397583008,2.60122942563612e-05,-0.031337920576334,0.34710997343063354,,,,,,,,,,,,,,0.9268579483032227,0.01924729347229004,405.0,0.2007005661725998,124.05714416503906,13.416752815246582,-0.239232137799263,-3.5774555726675317e-06,0.9061244130134583,0.9189750552177429,0.8857151865959167,0.9749696850776672,0.4075552523136139,0.47920528054237366,0.9614067077636719,0.0
15,,,,,,,,,,,,,,,,,-5.425858020782471,2.60122942563612e-05,-0.03313196823000908,0.3057303726673126,,,,,,,,,,,,,,0.913100004196167,0.020097017288208008,411.0,0.20067620277404785,126.10526275634766,13.63227653503418,-0.23511157929897308,-5.184759732657085e-09,0.9233511090278625,0.9148659110069275,0.861787736415863,0.9624544978141785,0.3962145745754242,0.4583587646484375,0.9706299901008606,0.0
16,,,,,,,,,,,,,,,,,-5.433768272399902,3.9018443203531206e-05,-0.025571580976247787,0.264353483915329,,,,,,,,,,,,,,0.954416036605835,0.01925802230834961,394.0,0.20058366656303406,128.38095092773438,13.856086730957031,-0.23183847963809967,0.0,0.9447259902954102,0.9416263103485107,0.9076407551765442,0.9741942286491394,0.4294300377368927,0.47162318229675293,0.9780341982841492,0.0
17,,,,,,,,,,,,,,,,,-5.445883274078369,2.60122942563612e-05,-0.029874876141548157,0.22263725101947784,,,,,,,,,,,,,,0.9776298999786377,0.0211031436920166,384.0,0.20052747428417206,129.8222198486328,14.002832412719727,-0.23504328727722168,0.0,0.9574980139732361,0.9610791802406311,0.9328418374061584,0.9838669300079346,0.44258880615234375,0.48400697112083435,0.9829960465431213,0.0
18,,,,,,,,,,,,,,,,,-5.44969367980957,2.60122942563612e-05,-0.026990758255124092,0.19597844779491425,,,,,,,,,,,,,,1.0090491771697998,0.02048206329345703,372.0,0.20053459703922272,131.0833282470703,14.149157524108887,-0.23587088286876678,0.0,0.9432945251464844,0.9560340046882629,0.9417608380317688,0.9886236786842346,0.45131996273994446,0.49151405692100525,0.9781436920166016,0.0
19,,,,,,,,,,,,,,,,,-5.451198101043701,2.60122942563612e-05,-0.03612583875656128,0.19663123786449432,,,,,,,,,,,,,,0.9547638893127441,0.020199298858642578,393.0,0.20049266517162323,131.46939086914062,14.193293571472168,-0.23524989187717438,-1.4119827085323777e-07,0.9128344058990479,0.9241437911987305,0.9052955508232117,0.9808497428894043,0.41820088028907776,0.4883326590061188,0.9697758555412292,0.0
20,,,,,,,,,,,,,,,,,-5.461147308349609,2.60122942563612e-05,-0.024792559444904327,0.21165913343429565,,,,,,,,,,,,,,0.9297482967376709,0.021878719329833984,403.0,0.2004012167453766,132.19607543945312,14.276334762573242,-0.23882853984832764,0.0,0.8982788920402527,0.9122333526611328,0.8968138694763184,0.9774861335754395,0.42158758640289307,0.4778050184249878,0.9641268849372864,0.0
21,,,,,,,,,,,,,,,,,-5.471076488494873,2.60122942563612e-05,-0.030586812645196915,0.14663513004779816,,,,,,,,,,,,,,0.9201982021331787,0.021413803100585938,407.0,0.2003680318593979,132.53846740722656,14.302978515625,-0.23656058311462402,0.0,0.9215126633644104,0.9171220660209656,0.8510499000549316,0.9624937176704407,0.37827447056770325,0.46363863348960876,0.9645687937736511,0.0
22,,,,,,,,,,,,,,,,,-5.4735026359558105,2.60122942563612e-05,-0.029631517827510834,0.12801788747310638,,,,,,,,,,,,,,0.959630012512207,0.019954919815063477,392.0,0.2003612369298935,134.34483337402344,14.493014335632324,-0.2309872955083847,0.0,0.9381608963012695,0.9376625418663025,0.9141181111335754,0.9774746298789978,0.4344615936279297,0.47420182824134827,0.9764228463172913,0.0
23,,,,,,,,,,,,,,,,,-5.475621700286865,2.60122942563612e-05,-0.02214638516306877,0.1113603338599205,,,,,,,,,,,,,,0.9650208950042725,0.02068805694580078,389.0,0.20032967627048492,135.11476135253906,14.5844144821167,-0.2289869636297226,-4.507536743858509e-07,0.9566457271575928,0.9615830779075623,0.9222240447998047,0.9812097549438477,0.4335121214389801,0.483545184135437,0.9811289310455322,0.0
24,,,,,,,,,,,,,,,,,-5.4810919761657715,3.9018443203531206e-05,-0.02805231139063835,0.09795448929071426,,,,,,,,,,,,,,0.9689610004425049,0.02120804786682129,387.0,0.20030198991298676,135.8125,14.653594017028809,-0.2396186739206314,0.0,0.950106143951416,0.9528493285179138,0.9364960789680481,0.9830930233001709,0.45105740427970886,0.47527170181274414,0.9836997985839844,0.0
25,,,,,,,,,,,,,,,,,-5.478974342346191,1.7341530110570602e-05,-0.030916450545191765,0.09015147387981415,,,,,,,,,,,,,,0.9584879875183105,0.01966094970703125,392.0,0.20035962760448456,135.8125,14.653594017028809,-0.22972369194030762,-2.495932571733306e-09,0.9177163243293762,0.9200120568275452,0.882029116153717,0.9725831151008606,0.40687990188598633,0.478103905916214,0.9669026732444763,0.0
26,,,,,,,,,,,,,,,,,-5.469418525695801,2.60122942563612e-05,-0.013276927173137665,0.5445374250411987,,,,,,,,,,,,,,0.9656622409820557,0.01985788345336914,389.0,0.2004411220550537,136.21212768554688,14.682310104370117,-0.23534782230854034,0.0,0.8929157853126526,0.9032202363014221,0.9008257985115051,0.9769396781921387,0.42568841576576233,0.4782598912715912,0.9641227126121521,0.0
27,,,,,,,,,,,,,,,,,-5.4556074142456055,1.7341530110570602e-05,-0.03483186662197113,0.057240527123212814,,,,,,,,,,,,,,0.9494757652282715,0.020406007766723633,395.0,0.20054085552692413,136.61764526367188,14.730332374572754,-0.23109668493270874,-3.168002820075344e-07,0.9109787344932556,0.9192751049995422,0.863627016544342,0.9691100120544434,0.3839188814163208,0.47623512148857117,0.9628316760063171,0.0
28,,,,,,,,,,,,,,,,,-5.446580410003662,2.60122942563612e-05,-0.026284784078598022,0.0527474544942379,,,,,,,,,,,,,,0.9370028972625732,0.0205690860748291,401.0,0.2005492001771927,137.70269775390625,14.840468406677246,-0.2297528237104416,-3.430211670263361e-09,0.9362723231315613,0.9266213774681091,0.8746068477630615,0.9646296501159668,0.4065631330013275,0.45502567291259766,0.973831832408905,0.0
29,,,,,,,,,,,,,,,,,-5.448069095611572,1.7341530110570602e-05,-0.02613801136612892,0.05346211791038513,,,,,,,,,,,,,,0.9727108478546143,0.020974159240722656,386.0,0.20054008066654205,137.86666870117188,14.859434127807617,-0.2369571179151535,-8.254275485342077e-07,0.9396514892578125,0.9500430226325989,0.9253746867179871,0.9844951033592224,0.43710723519325256,0.4890154302120209,0.9777448773384094,0.0
30,-0.23570606112480164,-2.0494749719546235e-07,0.9208495616912842,0.9322437644004822,0.9128681421279907,0.9820558428764343,0.42768925428390503,0.4865339696407318,0.9708172678947449,0.0,0.0,0.0,0.0,0.0,0.0,1.0,-5.447122097015381,2.60122942563612e-05,-0.02533998340368271,0.04742078855633736,1.1173925399780273,0.22123728692531586,0.10405154526233673,0.21490173041820526,0.808646023273468,0.29111847281455994,0.04878740385174751,0.15008045732975006,0.10927681624889374,1.3843345642089844,0.0,0.0,0.0,0.9795467853546143,0.020133018493652344,384.0,0.20056560635566711,138.48101806640625,14.926908493041992,-0.23751378059387207,-5.690420152859588e-07,0.953798770904541,0.9574680328369141,0.9391711354255676,0.9854266047477722,0.45122507214546204,0.48399391770362854,0.9816977977752686,0.0
31,,,,,,,,,,,,,,,,,-5.444347858428955,2.60122942563612e-05,-0.03160663694143295,0.03557897359132767,,,,,,,,,,,,,,0.9595029354095459,0.019549131393432617,392.0,0.20056495070457458,138.625,14.943565368652344,-0.23650801181793213,0.0,0.9108948707580566,0.9258801937103271,0.9124968647956848,0.9828550219535828,0.4256381094455719,0.48780879378318787,0.9695696830749512,0.0
32,,,,,,,,,,,,,,,,,-5.440248966217041,3.9018443203531206e-05,-0.03259972110390663,0.03380807861685753,,,,,,,,,,,,,,0.9685859680175781,0.02025008201599121,388.0,0.20066894590854645,138.90243530273438,14.963801383972168,-0.23094044625759125,0.0,0.917796790599823,0.9177753925323486,0.8798649311065674,0.9703230857849121,0.4080367386341095,0.47003045678138733,0.9654314517974854,0.0
33,,,,,,,,,,,,,,,,,-5.419191360473633,2.60122942563612e-05,-0.03481066972017288,0.027639444917440414,,,,,,,,,,,,,,0.9138660430908203,0.018716812133789062,411.0,0.200813427567482,139.03614807128906,14.97739315032959,-0.2375468760728836,0.0,0.9078577160835266,0.9192555546760559,0.8733736872673035,0.970897376537323,0.39317992329597473,0.474616676568985,0.9654006361961365,0.0
34,,,,,,,,,,,,,,,,,-5.411066055297852,2.60122942563612e-05,-0.02652246505022049,0.022851016372442245,,,,,,,,,,,,,,0.9272911548614502,0.01986098289489746,405.0,0.2007593810558319,139.77528381347656,15.052770614624023,-0.2381209135055542,0.0,0.937001645565033,0.9268638491630554,0.8649536967277527,0.9616972804069519,0.3954688608646393,0.45053014159202576,0.9716965556144714,0.0
35,,,,,,,,,,,,,,,,,-5.423064708709717,2.60122942563612e-05,-0.0316469743847847,0.02361360937356949,,,,,,,,,,,,,,0.9464938640594482,0.02055811882019043,397.0,0.20067167282104492,140.0,15.077215194702148,-0.23653560876846313,-1.4028812245214795e-07,0.9474814534187317,0.9511565566062927,0.9120965600013733,0.977379322052002,0.42998000979423523,0.47412022948265076,0.9786055088043213,0.0
36,,,,,,,,,,,,,,,,,-5.432913303375244,2.60122942563612e-05,-0.029237570241093636,0.016639992594718933,,,,,,,,,,,,,,0.9607648849487305,0.02104496955871582,391.0,0.20062319934368134,140.42105102539062,15.116827011108398,-0.23962080478668213,-7.840053513064049e-07,0.9531111121177673,0.9364394545555115,0.8868090510368347,0.9657346606254578,0.41764405369758606,0.45498570799827576,0.9814351201057434,0.0
37,,,,,,,,,,,,,,,,,-5.4357733726501465,2.60122942563612e-05,-0.036872196942567825,0.018168091773986816,,,,,,,,,,,,,,1.0505988597869873,0.020884990692138672,358.0,0.2006448358297348,140.5208282470703,15.118152618408203,-0.23695139586925507,-1.9338483525643824e-07,0.9234058260917664,0.9271296858787537,0.9086480140686035,0.9766406416893005,0.42544785141944885,0.47780361771583557,0.9739344120025635,0.0
38,,,,,,,,,,,,,,,,,-5.430016040802002,2.60122942563612e-05,-0.02994740568101406,0.011720512062311172,,,,,,,,,,,,,,0.98624587059021,0.0202639102935791,381.0,0.20069754123687744,140.61856079101562,15.124775886535645,-0.24029511213302612,-1.885362621578679e-07,0.9068496823310852,0.9047406315803528,0.8821191191673279,0.9709606170654297,0.40596961975097656,0.47116342186927795,0.9667380452156067,0.0
39,,,,,,,,,,,,,,,,,-5.4259538650512695,3.9018443203531206e-05,-0.02819376438856125,0.012296182103455067,,,,,,,,,,,,,,0.9238739013671875,0.019747018814086914,406.0,0.2007027119398117,140.80807495117188,15.141770362854004,-0.24237625300884247,-1.3483562044669384e-09,0.8993778824806213,0.912398636341095,0.881531298160553,0.9738731980323792,0.4060114324092865,0.47870072722435,0.9607927203178406,0.0
40,,,,,,,,,,,,,,,,,-5.41788911819458,2.60122942563612e-05,-0.024653233587741852,0.014868596568703651,,,,,,,,,,,,,,0.9028892517089844,0.02059793472290039,415.0,0.20083320140838623,143.2100067138672,15.38637924194336,-0.23429502546787262,0.0,0.9198595881462097,0.8961575627326965,0.8321536183357239,0.9493727087974548,0.37470245361328125,0.4381154775619507,0.9680323600769043,0.0
41,,,,,,,,,,,,,,,,,-5.400627613067627,2.60122942563612e-05,-0.024420075118541718,0.011294098570942879,,,,,,,,,,,,,,0.9361751079559326,0.019546985626220703,401.0,0.2009248435497284,146.3300018310547,15.705249786376953,-0.2354183942079544,0.0,0.950596809387207,0.9462924003601074,0.8925122618675232,0.9701907634735107,0.4164186716079712,0.4633319675922394,0.9773262143135071,0.0
42,,,,,,,,,,,,,,,,,-5.390530586242676,2.60122942563612e-05,-0.022415712475776672,0.010762867517769337,,,,,,,,,,,,,,0.951077938079834,0.02070903778076172,395.0,0.20098161697387695,148.19000244140625,15.887710571289062,-0.2392992526292801,0.0,0.9570963382720947,0.9436905384063721,0.8947623372077942,0.9686252474784851,0.4189103841781616,0.4624168872833252,0.9821388721466064,0.0
43,,,,,,,,,,,,,,,,,-5.381982803344727,1.7341530110570602e-05,-0.03248373791575432,0.008473845198750496,,,,,,,,,,,,,,0.9721808433532715,0.019530057907104492,387.0,0.20103946328163147,149.39999389648438,16.014690399169922,-0.23448066413402557,-2.1250019699436962e-07,0.9439104199409485,0.9493482708930969,0.9245565533638,0.981412947177887,0.44226160645484924,0.4783288538455963,0.9780470728874207,0.0
44,,,,,,,,,,,,,,,,,-5.376211643218994,2.60122942563612e-05,-0.02228221297264099,0.009094147942960262,,,,,,,,,,,,,,0.9400758743286133,0.02061605453491211,399.0,0.20105668902397156,149.67999267578125,16.039710998535156,-0.24052542448043823,-5.896728794141382e-07,0.9133355021476746,0.907559871673584,0.8686715960502625,0.9664411544799805,0.397256463766098,0.46748122572898865,0.9683650135993958,0.0
45,,,,,,,,,,,,,,,,,-5.376661777496338,2.60122942563612e-05,-0.02986901067197323,0.00880358088761568,,,,,,,,,,,,,,0.9077723026275635,0.019395828247070312,414.0,0.20103546977043152,149.9600067138672,16.06877899169922,-0.23509913682937622,0.0,0.8983471989631653,0.9026053547859192,0.8803502917289734,0.9692503809928894,0.4106738269329071,0.46450039744377136,0.9628069996833801,0.0
46,,,,,,,,,,,,,,,,,-5.378655910491943,1.7341530110570602e-05,-0.03076987899839878,0.008098299615085125,,,,,,,,,,,,,,0.8989078998565674,0.019419193267822266,418.0,0.20103077590465546,149.97999572753906,16.069910049438477,-0.23279732465744019,-4.8983789469048133e-08,0.9245903491973877,0.9114066958427429,0.8176005482673645,0.9496728777885437,0.35742712020874023,0.4435708820819855,0.96378093957901,0.0
47,,,,,,,,,,,,,,,,,-5.379144191741943,2.60122942563612e-05,-0.02006741240620613,0.009359721094369888,,,,,,,,,,,,,,0.9102067947387695,0.02061629295349121,412.0,0.201027974486351,149.97999572753906,16.049015045166016,-0.2398870438337326,0.0,0.9393200278282166,0.9124943614006042,0.8497839570045471,0.9510941505432129,0.3919776976108551,0.43460336327552795,0.97730952501297,0.0
48,,,,,,,,,,,,,,,,,-5.375032901763916,1.7341530110570602e-05,-0.018391387537121773,0.011653551831841469,,,,,,,,,,,,,,0.9489150047302246,0.019693851470947266,396.0,0.20110496878623962,149.97999572753906,16.032854080200195,-0.23516607284545898,0.0,0.954585075378418,0.930749237537384,0.8698978424072266,0.9584276080131531,0.4042588770389557,0.45002445578575134,0.981487512588501,0.0
49,,,,,,,,,,,,,,,,,-5.363002777099609,2.60122942563612e-05,-0.024592256173491478,0.008699958212673664,,,,,,,,,,,,,,0.972930908203125,0.02025008201599121,386.0,0.20118774473667145,149.97999572753906,16.027158737182617,-0.23140358924865723,0.0,0.9411389231681824,0.9337995052337646,0.9125010967254639,0.97479647397995,0.4395235478878021,0.4675370156764984,0.980985701084137,0.0
50,,,,,,,,,,,,,,,,,-5.3562188148498535,1.7341530110570602e-05,-0.03388625383377075,0.008001728914678097,,,,,,,,,,,,,,0.9484968185424805,0.019805192947387695,396.0,0.2011808156967163,149.97999572753906,16.027158737182617,-0.2334287315607071,-4.357159184564807e-07,0.9164159297943115,0.9285741448402405,0.8982028961181641,0.9796872138977051,0.41306909918785095,0.48535606265068054,0.9647898077964783,0.0
51,,,,,,,,,,,,,,,,,-5.359362602233887,2.60122942563612e-05,-0.030621258541941643,0.007338374387472868,,,,,,,,,,,,,,0.9471900463104248,0.020318984985351562,396.0,0.20114508271217346,149.97999572753906,16.02981185913086,-0.235682412981987,0.0,0.9020529389381409,0.9068177342414856,0.8906095623970032,0.9734232425689697,0.41569510102272034,0.4717215299606323,0.963796854019165,0.0
52,,,,,,,,,,,,,,,,,-5.365656852722168,2.60122942563612e-05,-0.025333352386951447,0.0073171816766262054,,,,,,,,,,,,,,0.918755054473877,0.019335031509399414,409.0,0.2010936141014099,149.97999572753906,16.019441604614258,-0.24378520250320435,0.0,0.9146883487701416,0.908745288848877,0.8375146389007568,0.9578718543052673,0.3670516908168793,0.45847654342651367,0.9632250666618347,0.0
53,,,,,,,,,,,,,,,,,-5.368036270141602,2.60122942563612e-05,-0.02289574220776558,0.005213443655520678,,,,,,,,,,,,,,0.9041802883148193,0.021881818771362305,414.0,0.20112968981266022,149.97999572753906,16.015209197998047,-0.23532724380493164,0.0,0.9419839978218079,0.933560848236084,0.8757631778717041,0.9641019701957703,0.40442296862602234,0.45045480132102966,0.9762344360351562,0.0
54,,,,,,,,,,,,,,,,,-5.362896919250488,1.7341530110570602e-05,-0.025806022807955742,0.006526069715619087,,,,,,,,,,,,,,0.9457118511199951,0.021094322204589844,397.0,0.20115038752555847,149.97999572753906,16.01287841796875,-0.2407938838005066,0.0,0.9556013941764832,0.9480383992195129,0.8914415240287781,0.9698808789253235,0.41491690278053284,0.4620978534221649,0.9804413914680481,0.0
55,-0.23941563069820404,0.0,0.9321574568748474,0.9312419295310974,0.889971137046814,0.9715685248374939,0.4134344160556793,0.46801984310150146,0.9728355407714844,0.0,0.0,0.0,0.0,0.0,0.0,1.0,-5.361021518707275,2.60122942563612e-05,-0.027210840955376625,0.006773931905627251,0.8246184587478638,0.5448892116546631,0.24495016038417816,0.34652867913246155,0.7684569954872131,0.4578532576560974,0.1007046028971672,0.28418129682540894,0.1227744072675705,0.629196286201477,0.0,0.0,0.0,0.9752600193023682,0.01971292495727539,385.0,0.20115555822849274,149.97999572753906,16.019418716430664,-0.2333972454071045,0.0,0.9547473788261414,0.9490941166877747,0.9188410639762878,0.9772698283195496,0.4394432008266449,0.47096869349479675,0.9816449284553528,0.0
56,,,,,,,,,,,,,,,,,-5.362955570220947,2.60122942563612e-05,-0.027574414387345314,0.0065863123163580894,,,,,,,,,,,,,,0.9536147117614746,0.020344257354736328,394.0,0.20112408697605133,149.97999572753906,16.0145263671875,-0.23480971157550812,-2.479016529832734e-07,0.9125310778617859,0.9219381809234619,0.9034950137138367,0.9788597226142883,0.419941782951355,0.4806254208087921,0.9692249298095703,0.0
57,,,,,,,,,,,,,,,,,-5.3693037033081055,2.60122942563612e-05,-0.03269616886973381,0.004703945945948362,,,,,,,,,,,,,,0.9483911991119385,0.020970821380615234,396.0,0.20107479393482208,149.97999572753906,16.006465911865234,-0.24158473312854767,0.0,0.9154744148254395,0.9163203239440918,0.8820591568946838,0.9707234501838684,0.4078913629055023,0.4710685908794403,0.9649494290351868,0.0
58,,,,,,,,,,,,,,,,,-5.377500057220459,1.7341530110570602e-05,-0.031327441334724426,0.005826959386467934,,,,,,,,,,,,,,1.0772180557250977,0.023498058319091797,348.0,0.20100434124469757,149.97999572753906,15.999724388122559,-0.23866169154644012,0.0,0.9053224921226501,0.9109401106834412,0.8721672892570496,0.9696558117866516,0.39462897181510925,0.47249141335487366,0.964360237121582,0.0
59,,,,,,,,,,,,,,,,,-5.386103630065918,2.60122942563612e-05,-0.021990174427628517,0.007765666116029024,,,,,,,,,,,,,,0.9174621105194092,0.020003080368041992,409.0,0.20097008347511292,149.97999572753906,15.998987197875977,-0.23870384693145752,0.0,0.9354817271232605,0.9258142113685608,0.8722515106201172,0.9631340503692627,0.40265560150146484,0.4533400237560272,0.9727694392204285,0.0
60,,,,,,,,,,,,,,,,,-5.388443946838379,2.60122942563612e-05,-0.026177676394581795,0.004656325560063124,,,,,,,,,,,,,,0.9309628009796143,0.01995229721069336,403.0,0.20096513628959656,149.97999572753906,15.995185852050781,-0.24046064913272858,0.0,0.9527888894081116,0.9519250988960266,0.9010801315307617,0.9726886749267578,0.4205559492111206,0.46625015139579773,0.9799100756645203,0.0
61,,,,,,,,,,,,,,,,,-5.390665054321289,2.60122942563612e-05,-0.02382539212703705,0.005108837969601154,,,,,,,,,,,,,,0.952369213104248,0.019798994064331055,394.0,0.20093996822834015,149.97999572753906,15.987958908081055,-0.23482364416122437,0.0,0.9574311375617981,0.9450175762176514,0.8959559798240662,0.969460666179657,0.42035093903541565,0.45815563201904297,0.981733500957489,0.0
62,,,,,,,,,,,,,,,,,-5.38917875289917,2.60122942563612e-05,-0.02928052842617035,0.005759404972195625,,,,,,,,,,,,,,0.9658401012420654,0.0205080509185791,389.0,0.20100104808807373,149.97999572753906,15.979696273803711,-0.23766009509563446,0.0,0.9260159134864807,0.9340105056762695,0.914743959903717,0.9800135493278503,0.4334057569503784,0.48113593459129333,0.9736979007720947,0.0
63,,,,,,,,,,,,,,,,,-5.383838176727295,1.7341530110570602e-05,-0.030938556417822838,0.0041746883653104305,,,,,,,,,,,,,,0.9732542037963867,0.019949674606323242,386.0,0.2009911835193634,149.97999572753906,15.976130485534668,-0.2288048267364502,-1.573326784409801e-07,0.9145854115486145,0.9185192584991455,0.8983849883079529,0.9767243266105652,0.41732850670814514,0.47869589924812317,0.9694040417671204,0.0
64,,,,,,,,,,,,,,,,,-5.3888678550720215,2.60122942563612e-05,-0.027084818109869957,0.0029688754584640265,,,,,,,,,,,,,,0.9442381858825684,0.021344900131225586,397.0,0.20093294978141785,149.97999572753906,15.978139877319336,-0.2332295924425125,0.0,0.9094171524047852,0.9233066439628601,0.8934105038642883,0.9775517582893372,0.40541699528694153,0.48076072335243225,0.9607836604118347,0.0
65,,,,,,,,,,,,,,,,,-5.396400451660156,2.60122942563612e-05,-0.026407213881611824,0.003947519697248936,,,,,,,,,,,,,,0.9155490398406982,0.020442724227905273,410.0,0.2008955031633377,150.0,15.993228912353516,-0.23792140185832977,0.0,0.9284980893135071,0.9327845573425293,0.8907114863395691,0.9722404479980469,0.4031538963317871,0.4667132794857025,0.9709988236427307,0.0
66,,,,,,,,,,,,,,,,,-5.399153232574463,3.9018443203531206e-05,-0.021077923476696014,0.003448524745181203,,,,,,,,,,,,,,0.9175949096679688,0.020823001861572266,409.0,0.20090024173259735,150.0,15.989992141723633,-0.22976583242416382,0.0,0.953956127166748,0.9522411227226257,0.8984586596488953,0.972184419631958,0.42155465483665466,0.46338963508605957,0.9781515002250671,0.0
67,,,,,,,,,,,,,,,,,-5.397700786590576,1.7341530110570602e-05,-0.030216529965400696,0.0027880899142473936,,,,,,,,,,,,,,0.953275203704834,0.020380020141601562,394.0,0.20090888440608978,150.0,15.992692947387695,-0.2399815320968628,0.0,0.9626762866973877,0.952033519744873,0.8911388516426086,0.9687314629554749,0.4200933873653412,0.4595480263233185,0.9821485877037048,0.0
68,,,,,,,,,,,,,,,,,-5.395618438720703,2.60122942563612e-05,-0.029734527692198753,0.002354623517021537,,,,,,,,,,,,,,0.9785609245300293,0.01960921287536621,384.0,0.2009436935186386,150.0,15.984895706176758,-0.2366156429052353,0.0,0.9494234919548035,0.9512535929679871,0.9262711405754089,0.9813840985298157,0.4458788335323334,0.4772719442844391,0.9785552620887756,0.0
69,,,,,,,,,,,,,,,,,-5.388003349304199,1.7341530110570602e-05,-0.034178681671619415,0.0034727980382740498,,,,,,,,,,,,,,0.9573938846588135,0.020759105682373047,392.0,0.20100285112857819,150.0,15.979992866516113,-0.23399198055267334,0.0,0.9212707877159119,0.9213734269142151,0.88609379529953,0.9727251529693604,0.40945136547088623,0.47504696249961853,0.9707245826721191,0.0
70,,,,,,,,,,,,,,,,,-5.38225793838501,2.60122942563612e-05,-0.029012097045779228,0.002471041399985552,,,,,,,,,,,,,,0.9195070266723633,0.01943683624267578,408.0,0.20102129876613617,150.0,15.980794906616211,-0.23271913826465607,0.0,0.9129166603088379,0.9233630299568176,0.9024829268455505,0.9774290919303894,0.4224821627140045,0.472727507352829,0.9654104709625244,0.0
71,,,,,,,,,,,,,,,,,-5.379434585571289,1.7341530110570602e-05,-0.029063500463962555,0.004001764580607414,,,,,,,,,,,,,,0.9017989635467529,0.02065896987915039,416.0,0.20104585587978363,150.0,15.981675148010254,-0.23585458099842072,0.0,0.9346685409545898,0.9303552508354187,0.8482996821403503,0.9605345726013184,0.3797958791255951,0.45785316824913025,0.966805636882782,0.0
72,,,,,,,,,,,,,,,,,-5.375861644744873,2.60122942563612e-05,-0.02016502618789673,0.007590888999402523,,,,,,,,,,,,,,0.9376850128173828,0.020038127899169922,400.0,0.2010776251554489,150.0,15.981536865234375,-0.2319142073392868,0.0,0.940831184387207,0.9200394153594971,0.8761093616485596,0.9606980681419373,0.41368594765663147,0.4494744539260864,0.9782606959342957,0.0
73,,,,,,,,,,,,,,,,,-5.3726372718811035,2.60122942563612e-05,-0.027585366740822792,0.0019061753991991282,,,,,,,,,,,,,,0.9568190574645996,0.020667076110839844,392.0,0.20107786357402802,150.0,15.9891357421875,-0.23373477160930634,0.0,0.960881233215332,0.9651784300804138,0.9246015548706055,0.9820044636726379,0.4338352382183075,0.4823332726955414,0.980241060256958,0.0
74,,,,,,,,,,,,,,,,,-5.3742876052856445,1.7341530110570602e-05,-0.029406853020191193,0.002481394913047552,,,,,,,,,,,,,,0.9797587394714355,0.020172119140625,384.0,0.20106199383735657,150.0,15.992788314819336,-0.23483191430568695,0.0,0.9527972340583801,0.9589715600013733,0.9467845559120178,0.9873751997947693,0.45812615752220154,0.48524054884910583,0.9820874333381653,0.0
75,,,,,,,,,,,,,,,,,-5.377613544464111,2.60122942563612e-05,-0.026127807796001434,0.0018270848086103797,,,,,,,,,,,,,,0.94663405418396,0.020595788955688477,397.0,0.20102886855602264,150.0,15.992788314819336,-0.24347154796123505,0.0,0.9279823303222656,0.9386506676673889,0.903672993183136,0.9799116253852844,0.41843917965888977,0.4841653108596802,0.9683347344398499,0.0
76,,,,,,,,,,,,,,,,,-5.380636692047119,2.60122942563612e-05,-0.03161108121275902,0.001726409769617021,,,,,,,,,,,,,,0.9434270858764648,0.020494699478149414,398.0,0.20104116201400757,150.0,15.992871284484863,-0.23447048664093018,0.0,0.9113262295722961,0.9177682995796204,0.8897197842597961,0.9728937149047852,0.41671621799468994,0.4680406153202057,0.9661794304847717,0.0
77,,,,,,,,,,,,,,,,,-5.3782057762146,2.60122942563612e-05,-0.02180999517440796,0.0041216169483959675,,,,,,,,,,,,,,0.9018659591674805,0.01952815055847168,416.0,0.20104683935642242,150.0,16.00048828125,-0.23810559511184692,0.0,0.9216272234916687,0.9179850220680237,0.8397362232208252,0.9586107134819031,0.36766862869262695,0.4576736390590668,0.9642422795295715,0.0
78,,,,,,,,,,,,,,,,,-5.374805450439453,2.60122942563612e-05,-0.02385423146188259,0.0036733767483383417,,,,,,,,,,,,,,0.9145150184631348,0.0195009708404541,411.0,0.20110748708248138,150.0,16.01421356201172,-0.2312558889389038,0.0,0.9451587796211243,0.9347702860832214,0.8705224394798279,0.9625905156135559,0.4003872871398926,0.4484529197216034,0.9762474894523621,0.0
79,,,,,,,,,,,,,,,,,-5.366652488708496,2.60122942563612e-05,-0.020791035145521164,0.0029433395247906446,,,,,,,,,,,,,,0.944483757019043,0.020933151245117188,397.0,0.20114506781101227,150.0,16.014963150024414,-0.23924319446086884,0.0,0.9538509249687195,0.9522793889045715,0.9039891362190247,0.9745908379554749,0.42276012897491455,0.46947821974754333,0.9797110557556152,0.0
80,-0.23413465917110443,0.0,0.9306554198265076,0.9371830821037292,0.9023551940917969,0.9769326448440552,0.4182533919811249,0.47699999809265137,0.9710878729820251,0.0,0.0,0.0,0.0,0.0,0.0,1.0,-5.364772319793701,1.7341530110570602e-05,-0.028789428994059563,0.0015871362993493676,0.6401567459106445,0.2997574508190155,0.16963046789169312,0.25871703028678894,0.5969181656837463,0.27479222416877747,0.0737280398607254,0.2056872546672821,0.1204790323972702,0.8206403851509094,0.0,0.0,0.0,0.9808850288391113,0.019663095474243164,383.0,0.2011323869228363,150.0,16.019451141357422,-0.23624415695667267,0.0,0.9608731269836426,0.9661776423454285,0.9450233578681946,0.9869598746299744,0.4552835524082184,0.4858779013156891,0.9822289347648621,0.0
81,,,,,,,,,,,,,,,,,-5.364784240722656,2.60122942563612e-05,-0.020344017073512077,0.002247624099254608,,,,,,,,,,,,,,0.9550280570983887,0.020239830017089844,393.0,0.20115560293197632,150.0,16.027313232421875,-0.24537603557109833,-2.2116353193268878e-07,0.9157678484916687,0.93117356300354,0.921983003616333,0.9851031303405762,0.43190789222717285,0.4896446764469147,0.9703431129455566,0.0
82,,,,,,,,,,,,,,,,,-5.361223220825195,1.7341530110570602e-05,-0.026875263080000877,0.0024639726616442204,,,,,,,,,,,,,,0.9711518287658691,0.019895076751708984,387.0,0.20117230713367462,150.0,16.026052474975586,-0.23571638762950897,-2.9406438173396054e-08,0.920468270778656,0.922995388507843,0.8928167223930359,0.9751884341239929,0.418006032705307,0.47885051369667053,0.9641616344451904,0.0
83,,,,,,,,,,,,,,,,,-5.359546184539795,2.60122942563612e-05,-0.0275710541754961,0.0021017673425376415,,,,,,,,,,,,,,0.9299130439758301,0.02053093910217285,404.0,0.20117801427841187,150.0,16.027387619018555,-0.2407638430595398,0.0,0.9071533679962158,0.9208680987358093,0.8849595189094543,0.9755194783210754,0.4006839990615845,0.4831012785434723,0.9633195400238037,0.0
84,,,,,,,,,,,,,,,,,-5.357159614562988,1.7341530110570602e-05,-0.022127384319901466,0.004287684336304665,,,,,,,,,,,,,,0.9461948871612549,0.020402908325195312,397.0,0.2012096345424652,150.0,16.048381805419922,-0.2374870926141739,-4.750693562982633e-07,0.9330030083656311,0.9309806823730469,0.8931353688240051,0.9717805981636047,0.4155764579772949,0.46707406640052795,0.9709029197692871,0.0
85,,,,,,,,,,,,,,,,,-5.351573944091797,3.9018443203531206e-05,-0.016549263149499893,0.008151805959641933,,,,,,,,,,,,,,0.9558281898498535,0.021070003509521484,393.0,0.201260507106781,150.0,16.04932975769043,-0.23330157995224,0.0,0.9458684921264648,0.9399860501289368,0.8986878395080566,0.9713682532310486,0.42115917801856995,0.46855854988098145,0.9775462746620178,0.0
86,,,,,,,,,,,,,,,,,-5.343867301940918,2.60122942563612e-05,-0.02438843622803688,0.0025720633566379547,,,,,,,,,,,,,,0.9954869747161865,0.0202791690826416,378.0,0.20130617916584015,150.0,16.07019805908203,-0.23480229079723358,0.0,0.9578970074653625,0.9610040783882141,0.9415910840034485,0.9858171939849854,0.44944170117378235,0.4850732386112213,0.9829328656196594,0.0
87,,,,,,,,,,,,,,,,,-5.340104103088379,2.60122942563612e-05,-0.03348463028669357,0.0014338726177811623,,,,,,,,,,,,,,0.9797801971435547,0.020256996154785156,383.0,0.20130735635757446,150.0,16.0772647857666,-0.24247747659683228,0.0,0.9316536784172058,0.9480038285255432,0.9411962628364563,0.9899614453315735,0.4493294954299927,0.4939797818660736,0.9744935035705566,0.0
88,,,,,,,,,,,,,,,,,-5.3407464027404785,2.60122942563612e-05,-0.03063947521150112,0.0016298630507662892,,,,,,,,,,,,,,0.9986538887023926,0.020405292510986328,376.0,0.20130109786987305,150.0,16.079614639282227,-0.2379928082227707,-1.3815651733750656e-08,0.9134534001350403,0.9248142242431641,0.9248358607292175,0.9864192605018616,0.43069231510162354,0.4955853521823883,0.9679477214813232,0.0
89,,,,,,,,,,,,,,,,,-5.342959403991699,1.7341530110570602e-05,-0.03294817730784416,0.0013899693731218576,,,,,,,,,,,,,,0.946033239364624,0.019757986068725586,397.0,0.20127232372760773,150.0,16.092557907104492,-0.22740016877651215,-3.367177043855918e-07,0.8970471024513245,0.9154515266418457,0.9035472869873047,0.9820694923400879,0.4184168875217438,0.4901808798313141,0.9579453468322754,0.0
90,,,,,,,,,,,,,,,,,-5.349095344543457,1.7341530110570602e-05,-0.027016306295990944,0.0019734918605536222,,,,,,,,,,,,,,0.9533193111419678,0.02033686637878418,394.0,0.20121173560619354,150.0,16.100187301635742,-0.23739878833293915,-3.9070830126775036e-08,0.9224211573600769,0.9281941056251526,0.8963606357574463,0.9757174849510193,0.4122347831726074,0.47647619247436523,0.9680506587028503,0.0
91,,,,,,,,,,,,,,,,,-5.3580803871154785,2.60122942563612e-05,-0.025082949548959732,0.0022149449214339256,,,,,,,,,,,,,,0.9663658142089844,0.019924163818359375,389.0,0.20114266872406006,150.0,16.118595123291016,-0.23984463512897491,0.0,0.9466591477394104,0.9514724612236023,0.9163357615470886,0.9793629050254822,0.4326948821544647,0.4784947335720062,0.9757463335990906,0.0
92,,,,,,,,,,,,,,,,,-5.366044044494629,1.1561020073713735e-05,-0.026581814512610435,0.005449353717267513,,,,,,,,,,,,,,0.9442241191864014,0.020402193069458008,398.0,0.20112499594688416,150.0,16.116289138793945,-0.2404388189315796,0.0,0.9578108787536621,0.9429499506950378,0.8869156241416931,0.9672176241874695,0.4130094349384308,0.4593444764614105,0.98020339012146,0.0
93,,,,,,,,,,,,,,,,,-5.365164279937744,1.7341530110570602e-05,-0.023974226787686348,0.002771365223452449,,,,,,,,,,,,,,0.9847822189331055,0.020673036575317383,381.0,0.2011473923921585,150.0,16.110387802124023,-0.24145178496837616,0.0,0.9424142241477966,0.9491100311279297,0.9287403225898743,0.9827147126197815,0.4452346861362457,0.4803190231323242,0.9779548645019531,0.0
94,,,,,,,,,,,,,,,,,-5.363303184509277,2.60122942563612e-05,-0.024646516889333725,0.002999958349391818,,,,,,,,,,,,,,0.9537358283996582,0.02007603645324707,394.0,0.20113946497440338,150.0,16.110877990722656,-0.23409134149551392,-1.719790354570705e-08,0.9229329228401184,0.9247637391090393,0.89668869972229,0.9764253497123718,0.41271260380744934,0.4800134599208832,0.9704440236091614,0.0
95,,,,,,,,,,,,,,,,,-5.366209030151367,1.7341530110570602e-05,-0.03542575240135193,0.0016768198693171144,,,,,,,,,,,,,,0.948549747467041,0.020489931106567383,396.0,0.20110799372196198,150.0,16.11333465576172,-0.2345704585313797,-3.173257425714837e-07,0.9069309234619141,0.9217409491539001,0.9149418473243713,0.9833409190177917,0.4321117401123047,0.48653993010520935,0.9641873240470886,0.0
96,,,,,,,,,,,,,,,,,-5.371345043182373,1.7341530110570602e-05,-0.025722339749336243,0.0030507545452564955,,,,,,,,,,,,,,0.9561829566955566,0.020537137985229492,393.0,0.2010744959115982,150.0,16.119291305541992,-0.23622648417949677,-1.4523052982440277e-07,0.9282153248786926,0.9376724362373352,0.8946340084075928,0.977527379989624,0.4053992033004761,0.48570749163627625,0.9653027057647705,0.0
97,,,,,,,,,,,,,,,,,-5.3745317459106445,1.7341530110570602e-05,-0.028853649273514748,0.0022916747257113457,,,,,,,,,,,,,,0.9659168720245361,0.02193927764892578,388.0,0.20106670260429382,150.0,16.13942527770996,-0.23485882580280304,0.0,0.9423343539237976,0.9495295882225037,0.9315058588981628,0.984228789806366,0.44151654839515686,0.4845113456249237,0.9766080975532532,0.0
98,,,,,,,,,,,,,,,,,-5.37401008605957,1.7341530110570602e-05,-0.025644049048423767,0.0013648596359416842,,,,,,,,,,,,,,0.9929008483886719,0.020563125610351562,378.0,0.2010805904865265,150.0,16.146991729736328,-0.23162205517292023,-2.1379146630806645e-07,0.9573559761047363,0.9638271927833557,0.9345101714134216,0.9854300022125244,0.4402107894420624,0.4889351427555084,0.9792687296867371,0.0
99,,,,,,,,,,,,,,,,,-5.372347354888916,2.60122942563612e-05,-0.028758566826581955,0.0012393118813633919,,,,,,,,,,,,,,0.9985129833221436,0.0208437442779541,376.0,0.20108488202095032,150.0,16.155405044555664,-0.24189800024032593,-4.701672651208355e-08,0.9470987915992737,0.9560930132865906,0.9532971382141113,0.9902154803276062,0.4627789556980133,0.4902573525905609,0.9808237552642822,0.0
100,,,,,,,,,,,,,,,,,-5.374230861663818,2.60122942563612e-05,-0.03665975108742714,0.0012002711882814765,,,,,,,,,,,,,,0.9688811302185059,0.019655942916870117,388.0,0.2010505497455597,150.0,16.155405044555664,-0.23888112604618073,-1.514764420562642e-07,0.9244411587715149,0.9368104934692383,0.9103801846504211,0.9831239581108093,0.4216305911540985,0.49081072211265564,0.9668392539024353,0.0
101,,,,,,,,,,,,,,,,,-5.37910270690918,1.7341530110570602e-05,-0.032309625297784805,0.0013050675624981523,,,,,,,,,,,,,,0.9690167903900146,0.020260095596313477,388.0,0.20103253424167633,150.0,16.160717010498047,-0.23410530388355255,-3.7200217661848e-07,0.9094201922416687,0.9242832064628601,0.9234474301338196,0.9851029515266418,0.43877068161964417,0.48776230216026306,0.9666324257850647,0.0
102,,,,,,,,,,,,,,,,,-5.381326675415039,2.60122942563612e-05,-0.029394032433629036,0.0018617967143654823,,,,,,,,,,,,,,0.9420769214630127,0.020954132080078125,398.0,0.20101095736026764,150.0,16.173372268676758,-0.2386922836303711,-1.974137973093093e-07,0.9187098145484924,0.9266164302825928,0.8754206299781799,0.9727938771247864,0.3925899565219879,0.47996965050697327,0.9639365077018738,0.0
103,,,,,,,,,,,,,,,,,-5.380466461181641,2.60122942563612e-05,-0.022587724030017853,0.001910015824250877,,,,,,,,,,,,,,0.9602739810943604,0.028792142868041992,388.0,0.20107847452163696,150.0,16.17733383178711,-0.23196744918823242,-5.6394608094478826e-08,0.9328685402870178,0.9361738562583923,0.9111294150352478,0.9782359004020691,0.43127191066741943,0.4748113453388214,0.9738486409187317,0.0
104,,,,,,,,,,,,,,,,,-5.367835998535156,2.60122942563612e-05,-0.027364224195480347,0.001310511026531458,,,,,,,,,,,,,,1.0264499187469482,0.021059036254882812,366.0,0.20117086172103882,150.0,16.17824935913086,-0.2375321239233017,0.0,0.9507411122322083,0.9595373272895813,0.9381387233734131,0.9869148135185242,0.44290244579315186,0.48936954140663147,0.9792218208312988,0.0
105,-0.23549577593803406,-1.4837097239706054e-07,0.9330977201461792,0.9439660906791687,0.9240211844444275,0.9845817685127258,0.43425238132476807,0.48874136805534363,0.9724870920181274,0.0,0.0,0.0,0.0,0.0,0.0,1.0,-5.358377933502197,1.7341530110570602e-05,-0.02617529220879078,0.001231764443218708,0.6693188548088074,0.144616961479187,0.09142325818538666,0.2009541094303131,0.5984945893287659,0.18544192612171173,0.04552846401929855,0.12429487705230713,0.12909185886383057,1.093226671218872,0.0,0.0,0.0,1.0114638805389404,0.019883155822753906,372.0,0.20120619237422943,150.0,16.187288284301758,-0.23331372439861298,0.0,0.9562860131263733,0.965052604675293,0.960526168346405,0.9927565455436707,0.46594879031181335,0.4950067102909088,0.981573760509491,0.0
106,,,,,,,,,,,,,,,,,-5.358467102050781,2.60122942563612e-05,-0.022855596616864204,0.001703786663711071,,,,,,,,,,,,,,0.9970598220825195,0.021512985229492188,376.0,0.20115196704864502,150.0,16.190214157104492,-0.23848013579845428,0.0,0.9126424193382263,0.9300635457038879,0.9330179691314697,0.9890090823173523,0.4389335811138153,0.4953756630420685,0.970532238483429,0.0
107,,,,,,,,,,,,,,,,,-5.370277404785156,2.60122942563612e-05,-0.02810337394475937,0.0012668137205764651,,,,,,,,,,,,,,1.0088920593261719,0.020190954208374023,373.0,0.20105712115764618,150.0,16.196685791015625,-0.23954598605632782,-2.334505779799656e-06,0.914844810962677,0.9279160499572754,0.9087658524513245,0.9828311800956726,0.4240424633026123,0.4931538999080658,0.9628457427024841,0.0
108,,,,,,,,,,,,,,,,,-5.379676818847656,1.7341530110570602e-05,-0.033287856727838516,0.0018541247118264437,,,,,,,,,,,,,,0.9502439498901367,0.021544933319091797,395.0,0.20102788507938385,150.0,16.202369689941406,-0.23717248439788818,-3.5625831174002087e-07,0.9020221829414368,0.9170922636985779,0.9086627960205078,0.981687068939209,0.4173426330089569,0.48735523223876953,0.9633976817131042,0.0
109,,,,,,,,,,,,,,,,,-5.382534980773926,2.60122942563612e-05,-0.01781846396625042,0.006338286679238081,,,,,,,,,,,,,,0.9439101219177246,0.0197908878326416,398.0,0.20101739466190338,150.0,16.210384368896484,-0.23898367583751678,-8.029610398807563e-08,0.9316872954368591,0.9275040626525879,0.8741326928138733,0.9676551222801208,0.40569040179252625,0.4656125009059906,0.9703742861747742,0.0
110,,,,,,,,,,,,,,,,,-5.382795810699463,1.7341530110570602e-05,-0.023770129308104515,0.002501226495951414,,,,,,,,,,,,,,0.9619920253753662,0.019608020782470703,391.0,0.20102375745773315,150.0,16.20140266418457,-0.2361796349287033,-7.910610833050669e-08,0.9473652839660645,0.9471860527992249,0.9139121174812317,0.9777835011482239,0.43277013301849365,0.4755147695541382,0.977241039276123,0.0
111,,,,,,,,,,,,,,,,,-5.380347728729248,2.60122942563612e-05,-0.021194778382778168,0.0019710243213921785,,,,,,,,,,,,,,1.0023131370544434,0.0207669734954834,375.0,0.20105625689029694,150.0,16.219783782958984,-0.2317778319120407,0.0,0.9517282843589783,0.9560599327087402,0.9419255256652832,0.9873571395874023,0.451000839471817,0.4893651008605957,0.9792129397392273,0.0
112,,,,,,,,,,,,,,,,,-5.375967025756836,1.7341530110570602e-05,-0.02967970445752144,0.001432230812497437,,,,,,,,,,,,,,0.9851047992706299,0.020167112350463867,381.0,0.20107361674308777,150.0,16.217710494995117,-0.23894159495830536,0.0,0.9215084910392761,0.9404690265655518,0.9334216713905334,0.9886770844459534,0.4419192373752594,0.49482473731040955,0.97145676612854,0.0
113,,,,,,,,,,,,,,,,,-5.3771185874938965,2.60122942563612e-05,-0.03170117363333702,0.0008281392510980368,,,,,,,,,,,,,,0.9888761043548584,0.02103590965270996,380.0,0.20103715360164642,150.0,16.21793556213379,-0.2377556562423706,-2.856546643670299e-07,0.907625138759613,0.9190585017204285,0.9177606701850891,0.984701931476593,0.4275479316711426,0.4942653477191925,0.9648893475532532,0.0
114,,,,,,,,,,,,,,,,,-5.383320331573486,1.7341530110570602e-05,-0.030443696305155754,0.0015272171003744006,,,,,,,,,,,,,,0.9844560623168945,0.02083897590637207,381.0,0.20098929107189178,150.0,16.221546173095703,-0.2374814748764038,-1.43433771526702e-08,0.9069774746894836,0.9219770431518555,0.9045984745025635,0.9823191165924072,0.41953352093696594,0.48935773968696594,0.9594575762748718,0.0
115,,,,,,,,,,,,,,,,,-5.3906707763671875,2.60122942563612e-05,-0.02297033555805683,0.0010686463210731745,,,,,,,,,,,,,,0.974372148513794,0.019746780395507812,386.0,0.20093299448490143,150.0,16.220664978027344,-0.24219758808612823,-7.138345381463296e-08,0.9106724262237549,0.9227718710899353,0.9039676785469055,0.9815338253974915,0.4221785068511963,0.4884272515773773,0.9657674431800842,0.0
116,,,,,,,,,,,,,,,,,-5.399414539337158,1.7341530110570602e-05,-0.025620469823479652,0.001215261989273131,,,,,,,,,,,,,,1.0078721046447754,0.021059751510620117,373.0,0.20088103413581848,150.0,16.23109245300293,-0.23496371507644653,0.0,0.9354950785636902,0.9487605094909668,0.9462838172912598,0.9907646179199219,0.4541132152080536,0.495370477437973,0.9741976857185364,0.0
117,,,,,,,,,,,,,,,,,-5.406247615814209,3.9018443203531206e-05,-0.018437165766954422,0.001114957151003182,,,,,,,,,,,,,,1.0109138488769531,0.019765138626098633,372.0,0.20083367824554443,150.0,16.238000869750977,-0.2336200624704361,0.0,0.9469897747039795,0.9563056826591492,0.9472318291664124,0.9906162619590759,0.4534625709056854,0.49637630581855774,0.977289617061615,0.0
118,,,,,,,,,,,,,,,,,-5.413817405700684,2.60122942563612e-05,-0.02893778309226036,0.0021323480177670717,,,,,,,,,,,,,,1.0213611125946045,0.030298709869384766,365.0,0.200797900557518,150.0,16.250091552734375,-0.2373131513595581,-1.0679428896764875e-06,0.9320724010467529,0.9472163319587708,0.9436706900596619,0.9895073771476746,0.45257559418678284,0.4941999614238739,0.9745318293571472,0.0
119,,,,,,,,,,,,,,,,,-5.414394855499268,2.60122942563612e-05,-0.027714567258954048,0.001442904002033174,,,,,,,,,,,,,,1.062220811843872,0.019602298736572266,354.0,0.20082995295524597,150.0,16.249509811401367,-0.23963235318660736,-1.2744952755383565e-06,0.9099751114845276,0.9183115363121033,0.9060802459716797,0.9810256958007812,0.4216797351837158,0.4879554510116577,0.9661510586738586,0.0
120,,,,,,,,,,,,,,,,,-5.409059524536133,1.7341530110570602e-05,-0.033880285918712616,0.0017297938466072083,,,,,,,,,,,,,,0.9729669094085693,0.021445274353027344,386.0,0.20086929202079773,150.0,16.25035858154297,-0.23453360795974731,-4.155409882855565e-08,0.9003772139549255,0.9178784489631653,0.9166080951690674,0.985662043094635,0.43378207087516785,0.4925857484340668,0.9636027216911316,0.0
121,,,,,,,,,,,,,,,,,-5.403524398803711,2.60122942563612e-05,-0.02224147319793701,0.001256922958418727,,,,,,,,,,,,,,0.9527289867401123,0.019927024841308594,394.0,0.2009083479642868,150.0,16.251312255859375,-0.22892232239246368,-4.357637806151615e-07,0.919194221496582,0.9320438504219055,0.8989083766937256,0.9798210263252258,0.4162485897541046,0.48716744780540466,0.9634251594543457,0.0
122,,,,,,,,,,,,,,,,,-5.400180339813232,2.60122942563612e-05,-0.0220257006585598,0.0011657277354970574,,,,,,,,,,,,,,0.9815340042114258,0.020409107208251953,383.0,0.20091137290000916,150.0,16.25490951538086,-0.23997636139392853,-7.571539839545949e-08,0.9377159476280212,0.9494307637214661,0.9321268200874329,0.9867545962333679,0.4463156759738922,0.4895986020565033,0.974888801574707,0.0
123,,,,,,,,,,,,,,,,,-5.400892734527588,2.60122942563612e-05,-0.02483612485229969,0.0012914880644530058,,,,,,,,,,,,,,0.9889547824859619,0.020312070846557617,380.0,0.20089712738990784,150.0,16.261884689331055,-0.23416106402873993,-5.461610612655932e-07,0.9499359726905823,0.9590633511543274,0.9427655339241028,0.9890711307525635,0.44935059547424316,0.49327167868614197,0.9780147671699524,0.0
124,,,,,,,,,,,,,,,,,-5.404951572418213,1.7341530110570602e-05,-0.02855364978313446,0.0015538333682343364,,,,,,,,,,,,,,1.0067729949951172,0.02067708969116211,373.0,0.20085380971431732,150.0,16.27019691467285,-0.24199683964252472,0.0,0.9440975189208984,0.9558584094047546,0.9565970301628113,0.9925866723060608,0.46692609786987305,0.49617791175842285,0.9804811477661133,0.0
125,,,,,,,,,,,,,,,,,-5.413344860076904,2.60122942563612e-05,-0.030356645584106445,0.0010686983587220311,,,,,,,,,,,,,,0.9875509738922119,0.019725799560546875,381.0,0.20077860355377197,150.0,16.27019691467285,-0.23431868851184845,-1.506122885075456e-06,0.9194676876068115,0.9331004023551941,0.9200935363769531,0.9861610531806946,0.42883849143981934,0.49586495757102966,0.965655505657196,0.0
126,,,,,,,,,,,,,,,,,-5.423669815063477,1.7341530110570602e-05,-0.027051154524087906,0.001927871024236083,,,,,,,,,,,,,,0.9766731262207031,0.01975870132446289,385.0,0.20072954893112183,150.0,16.27465057373047,-0.2346118688583374,-3.715453260610957e-07,0.9026305675506592,0.9185807108879089,0.9174824357032776,0.9851496815681458,0.4374074935913086,0.4921298027038574,0.9637241959571838,0.0
127,,,,,,,,,,,,,,,,,-5.424718379974365,2.60122942563612e-05,-0.02656167931854725,0.0013447466772049665,,,,,,,,,,,,,,0.963507890701294,0.02136993408203125,389.0,0.20077821612358093,150.0,16.27556610107422,-0.2400730699300766,-3.6533908343017174e-08,0.9168739914894104,0.9263525605201721,0.8940107226371765,0.9777460694313049,0.408754825592041,0.48489776253700256,0.9646459221839905,0.0
128,,,,,,,,,,,,,,,,,-5.419763565063477,1.7341530110570602e-05,-0.02825978398323059,0.0007765076006762683,,,,,,,,,,,,,,0.977837085723877,0.0202176570892334,384.0,0.200771763920784,150.0,16.27338218688965,-0.23752760887145996,-1.2543922345287228e-08,0.9402268528938293,0.949600875377655,0.9295514225959778,0.9859406352043152,0.4416697323322296,0.4909333288669586,0.973111629486084,0.0
129,,,,,,,,,,,,,,,,,-5.422606468200684,2.60122942563612e-05,-0.02505495771765709,0.001215452328324318,,,,,,,,,,,,,,0.9807758331298828,0.0209200382232666,383.0,0.20075124502182007,150.0,16.273792266845703,-0.23462730646133423,-1.0840970077197198e-07,0.9424842000007629,0.9533882141113281,0.9463765025138855,0.9899687170982361,0.45298346877098083,0.4938831329345703,0.977796733379364,0.0
130,-0.23475398123264313,-2.338170190796518e-08,0.9257839322090149,0.9384270310401917,0.9357905983924866,0.9891418218612671,0.4469003975391388,0.49637189507484436,0.9707198143005371,0.0,0.0,0.0,0.0,0.0,0.0,1.0,-5.4244842529296875,1.7341530110570602e-05,-0.031685031950473785,0.0009909170912578702,1.0762913227081299,0.10546258091926575,0.03518996760249138,0.12647713720798492,0.8014944791793823,0.2177768349647522,0.021003227680921555,0.06862936913967133,0.1190611720085144,1.591764211654663,0.0,0.0,0.0,1.0148279666900635,0.02023792266845703,370.0,0.20074215531349182,150.0,16.27953338623047,-0.23415641486644745,-1.4986547114403947e-07,0.9508169293403625,0.9598133563995361,0.9573400020599365,0.9930267333984375,0.4660675823688507,0.49723711609840393,0.9793124198913574,0.0
131,,,,,,,,,,,,,,,,,-5.424529075622559,2.60122942563612e-05,-0.02742500975728035,0.0013042266946285963,,,,,,,,,,,,,,0.988243818283081,0.019947052001953125,380.0,0.20075444877147675,150.0,16.28294563293457,-0.24223607778549194,0.0,0.9122285842895508,0.9289278984069824,0.9399576187133789,0.9906959533691406,0.4487137794494629,0.4966338872909546,0.9711251258850098,0.0
132,,,,,,,,,,,,,,,,,-5.423801898956299,2.60122942563612e-05,-0.03122984990477562,0.0019315944518893957,,,,,,,,,,,,,,1.0054669380187988,0.01963210105895996,374.0,0.2007526457309723,150.0,16.296829223632812,-0.2349899411201477,-7.020264547463739e-07,0.9190228581428528,0.9296891093254089,0.9167657494544983,0.9852657318115234,0.43394359946250916,0.4947873055934906,0.9628751277923584,0.0
133,,,,,,,,,,,,,,,,,-5.424603462219238,2.60122942563612e-05,-0.030122453346848488,0.002000962384045124,,,,,,,,,,,,,,0.9715111255645752,0.020474910736083984,387.0,0.20073826611042023,150.0,16.301589965820312,-0.23319442570209503,0.0,0.9048770070075989,0.9204052090644836,0.9090471267700195,0.982634961605072,0.4214855134487152,0.4903182089328766,0.9640211462974548,0.0
134,,,,,,,,,,,,,,,,,-5.427952766418457,1.7341530110570602e-05,-0.021240541711449623,0.0030093376990407705,,,,,,,,,,,,,,0.9564642906188965,0.019552946090698242,393.0,0.20071327686309814,150.0,16.30765724182129,-0.23657096922397614,-9.790536381615311e-09,0.9262886047363281,0.9317161440849304,0.9061222672462463,0.9795275330543518,0.4279470443725586,0.4815089702606201,0.9685953259468079,0.0
135,,,,,,,,,,,,,,,,,-5.431092739105225,2.60122942563612e-05,-0.03126084432005882,0.0014784641098231077,,,,,,,,,,,,,,0.9924759864807129,0.020727872848510742,378.0,0.20069368183612823,150.0,16.306501388549805,-0.24021963775157928,-4.1084849300432325e-08,0.9494869709014893,0.9595565795898438,0.9474156498908997,0.9899158477783203,0.4550234377384186,0.493093341588974,0.977959156036377,0.0
136,,,,,,,,,,,,,,,,,-5.431037902832031,1.7341530110570602e-05,-0.03169257566332817,0.001354664796963334,,,,,,,,,,,,,,1.0025901794433594,0.0197908878326416,375.0,0.20071819424629211,150.0,16.309539794921875,-0.23699693381786346,0.0,0.9524756073951721,0.9610196948051453,0.9525794982910156,0.9912928938865662,0.4600227177143097,0.49544063210487366,0.9811027646064758,0.0
137,,,,,,,,,,,,,,,,,-5.427964210510254,2.60122942563612e-05,-0.03030659258365631,0.00216257874853909,,,,,,,,,,,,,,1.0002999305725098,0.020128965377807617,376.0,0.2007325291633606,150.0,16.311100006103516,-0.237945094704628,-1.5138542721615522e-06,0.9312832951545715,0.9463911056518555,0.9498763084411621,0.9920086860656738,0.46006858348846436,0.4965862035751343,0.974615752696991,0.0
138,,,,,,,,,,,,,,,,,-5.429483890533447,1.7341530110570602e-05,-0.03068380616605282,0.0015225837705656886,,,,,,,,,,,,,,1.0040059089660645,0.021005868911743164,374.0,0.20068888366222382,150.0,16.310428619384766,-0.24212007224559784,-3.851008401056788e-08,0.9176638126373291,0.928455650806427,0.9275035858154297,0.9869030117988586,0.4394661486148834,0.4951547086238861,0.9695389866828918,0.0
139,,,,,,,,,,,,,,,,,-5.436081886291504,2.60122942563612e-05,-0.026351049542427063,0.0012920587323606014,,,,,,,,,,,,,,0.9828171730041504,0.01953887939453125,383.0,0.20064659416675568,150.0,16.313276290893555,-0.2370557188987732,-1.7540891406042647e-07,0.9118234515190125,0.9272927641868591,0.9166355729103088,0.9864981174468994,0.43304669857025146,0.49618828296661377,0.9616714119911194,0.0
140,,,,,,,,,,,,,,,,,-5.43929386138916,1.7341530110570602e-05,-0.02618531696498394,0.0009764512651599944,,,,,,,,,,,,,,0.975275993347168,0.020457029342651367,385.0,0.2006586641073227,150.0,16.317684173583984,-0.24854342639446259,-4.497156851357431e-07,0.9121559262275696,0.9255613684654236,0.9287292957305908,0.9874904751777649,0.44274476170539856,0.4947005808353424,0.9677572250366211,0.0
141,,,,,,,,,,,,,,,,,-5.437808990478516,2.60122942563612e-05,-0.022631747648119926,0.000994594767689705,,,,,,,,,,,,,,0.9797277450561523,0.019762039184570312,384.0,0.20064906775951385,150.0,16.32735824584961,-0.23078107833862305,0.0,0.9440447688102722,0.9552865028381348,0.9423828125,0.9894564747810364,0.4525214731693268,0.49422144889831543,0.9760420918464661,0.0
142,,,,,,,,,,,,,,,,,-5.4436845779418945,3.9018443203531206e-05,-0.02379176765680313,0.001083961920812726,,,,,,,,,,,,,,0.993966817855835,0.020380258560180664,378.0,0.20058323442935944,150.0,16.329334259033203,-0.23412685096263885,0.0,0.9554886817932129,0.9630243182182312,0.9539960026741028,0.9907293915748596,0.4573647975921631,0.4944462776184082,0.9803285598754883,0.0
143,,,,,,,,,,,,,,,,,-5.450216293334961,1.7341530110570602e-05,-0.035213179886341095,0.0011646418133750558,,,,,,,,,,,,,,1.0023250579833984,0.020528078079223633,375.0,0.20056183636188507,150.0,16.332666397094727,-0.23404043912887573,0.0,0.9390849471092224,0.9521923065185547,0.9501623511314392,0.9916245937347412,0.4593409597873688,0.49657145142555237,0.9760964512825012,0.0
144,,,,,,,,,,,,,,,,,-5.455219745635986,1.7341530110570602e-05,-0.03163687512278557,0.0012224875390529633,,,,,,,,,,,,,,1.0178899765014648,0.0196990966796875,370.0,0.2005164921283722,150.0,16.332809448242188,-0.24337643384933472,-6.78921026064927e-07,0.9175688624382019,0.9288195967674255,0.9259013533592224,0.986689031124115,0.43638086318969727,0.49533212184906006,0.9689051508903503,0.0
145,,,,,,,,,,,,,,,,,-5.4610371589660645,2.60122942563612e-05,-0.030673999339342117,0.000895917066372931,,,,,,,,,,,,,,0.9844751358032227,0.020520925521850586,382.0,0.2004804015159607,150.0,16.334203720092773,-0.24076519906520844,0.0,0.8982254862785339,0.9149667620658875,0.9255827069282532,0.9884393215179443,0.44320550560951233,0.4955466091632843,0.962901771068573,0.0
146,,,,,,,,,,,,,,,,,-5.464565277099609,1.7341530110570602e-05,-0.02749568410217762,0.0008236129069700837,,,,,,,,,,,,,,0.9836320877075195,0.02085399627685547,382.0,0.20047493278980255,150.0,16.33364486694336,-0.23416852951049805,-8.386376180169464e-07,0.9163141250610352,0.9300084114074707,0.9089727401733398,0.984240710735321,0.4237886965274811,0.49510887265205383,0.9622840881347656,0.0
147,,,,,,,,,,,,,,,,,-5.463532447814941,2.60122942563612e-05,-0.025226468220353127,0.001204760861583054,,,,,,,,,,,,,,0.9855978488922119,0.019805908203125,381.0,0.2004903107881546,150.0,16.333351135253906,-0.2366027683019638,0.0,0.9344741702079773,0.9467280507087708,0.94795823097229,0.9908458590507507,0.4578521251678467,0.49452266097068787,0.9753572940826416,0.0
148,,,,,,,,,,,,,,,,,-5.460651397705078,1.7341530110570602e-05,-0.024061517789959908,0.0013755860272794962,,,,,,,,,,,,,,1.0089590549468994,0.021565914154052734,372.0,0.20051048696041107,150.0,16.341188430786133,-0.24001187086105347,0.0,0.9471771717071533,0.9570755958557129,0.9515228867530823,0.9917461276054382,0.458977073431015,0.49680212140083313,0.9773001074790955,0.0
149,,,,,,,,,,,,,,,,,-5.459399223327637,2.60122942563612e-05,-0.026101259514689445,0.0011395546607673168,,,,,,,,,,,,,,1.0297048091888428,0.019819021224975586,365.0,0.20050391554832458,150.0,16.357654571533203,-0.2354847937822342,-8.649485749856467e-08,0.9421446919441223,0.9541983604431152,0.9588363766670227,0.9931980967521667,0.46806851029396057,0.49678468704223633,0.9812529683113098,0.0
150,,,,,,,,,,,,,,,,,-5.459964275360107,1.7341530110570602e-05,-0.03425220400094986,0.0012718549696728587,,,,,,,,,,,,,,0.9899630546569824,0.02017378807067871,380.0,0.20051062107086182,150.0,16.357654571533203,-0.2388213723897934,-1.4093689060246106e-07,0.925842821598053,0.9381917119026184,0.9266600608825684,0.9874796867370605,0.43622398376464844,0.49629461765289307,0.9684175848960876,0.0
151,,,,,,,,,,,,,,,,,-5.459771633148193,2.60122942563612e-05,-0.029989853501319885,0.0010889234254136682,,,,,,,,,,,,,,0.9952709674835205,0.020984172821044922,377.0,0.20050127804279327,150.0,16.358306884765625,-0.2353307008743286,-9.629108177477974e-08,0.9086475372314453,0.923625648021698,0.926016628742218,0.9884045124053955,0.44590839743614197,0.49675488471984863,0.9650626182556152,0.0
152,,,,,,,,,,,,,,,,,-5.464542388916016,1.7341530110570602e-05,-0.02768498659133911,0.0006352762575261295,,,,,,,,,,,,,,0.9853031635284424,0.02056288719177246,381.0,0.20044611394405365,150.0,16.361265182495117,-0.2357807755470276,-1.2628227352706745e-07,0.9022281765937805,0.9173607230186462,0.9202730059623718,0.9864153265953064,0.4333060681819916,0.4956284761428833,0.9621018767356873,0.0
153,,,,,,,,,,,,,,,,,-5.470431327819824,1.7341530110570602e-05,-0.02977733314037323,0.0010071545839309692,,,,,,,,,,,,,,1.0023210048675537,0.020534992218017578,375.0,0.20042893290519714,150.0,16.36994171142578,-0.23159973323345184,-4.787123657479242e-07,0.930945098400116,0.9427888989448547,0.9336018562316895,0.9893905520439148,0.45019614696502686,0.4968302547931671,0.9704714417457581,0.0
154,,,,,,,,,,,,,,,,,-5.471543312072754,2.60122942563612e-05,-0.025334175676107407,0.0014235912822186947,,,,,,,,,,,,,,0.9857208728790283,0.021331310272216797,381.0,0.20042121410369873,150.0,16.36945343017578,-0.23528768122196198,-1.5551291809856593e-08,0.9373307228088379,0.949022114276886,0.9455301761627197,0.990529477596283,0.45295390486717224,0.4961116313934326,0.9760773777961731,0.0
155,-0.2318529188632965,-3.766136273952725e-07,0.9274982810020447,0.9397547841072083,0.9351622462272644,0.988883912563324,0.4476303458213806,0.4958101511001587,0.9709946513175964,0.0,0.0,0.0,0.0,0.0,0.0,1.0,-5.473128318786621,2.60122942563612e-05,-0.025381550192832947,0.0007275970419868827,1.0848233699798584,0.09747562557458878,0.041820842772722244,0.12654279172420502,0.7958803176879883,0.20047366619110107,0.025864407420158386,0.07876107841730118,0.12671789526939392,1.6909348964691162,0.0,0.0,0.0,1.0171611309051514,0.01982593536376953,370.0,0.20041261613368988,150.0,16.374126434326172,-0.2401551455259323,-7.289149266398454e-07,0.9513950347900391,0.9600474238395691,0.9555802345275879,0.992539644241333,0.46561434864997864,0.49696436524391174,0.9782666563987732,0.0
156,,,,,,,,,,,,,,,,,-5.47515869140625,1.7341530110570602e-05,-0.025678850710392,0.0006723387050442398,,,,,,,,,,,,,,0.9976851940155029,0.01995682716369629,377.0,0.2003944218158722,150.0,16.37615203857422,-0.24143259227275848,0.0,0.9143653512001038,0.9308250546455383,0.936781108379364,0.9898799061775208,0.4485805928707123,0.4961202144622803,0.9714178442955017,0.0
157,,,,,,,,,,,,,,,,,-5.479361534118652,1.7341530110570602e-05,-0.02987329661846161,0.0009988209931179881,,,,,,,,,,,,,,0.9891948699951172,0.019893169403076172,380.0,0.2003541737794876,150.0,16.37543296813965,-0.23219259083271027,-1.0628800737322308e-06,0.9181802868843079,0.9311115145683289,0.9161431789398193,0.984893798828125,0.43598422408103943,0.49253031611442566,0.9648635983467102,0.0
158,,,,,,,,,,,,,,,,,-5.487249851226807,2.60122942563612e-05,-0.027644772082567215,0.0010280676651746035,,,,,,,,,,,,,,0.9818480014801025,0.019823074340820312,383.0,0.20027196407318115,150.0,16.37523651123047,-0.23580919206142426,0.0,0.9146785140037537,0.9279335141181946,0.9280390739440918,0.9874035716056824,0.4438239336013794,0.49391141533851624,0.9661664366722107,0.0
159,,,,,,,,,,,,,,,,,-5.499082565307617,2.60122942563612e-05,-0.022022590041160583,0.0006349646719172597,,,,,,,,,,,,,,0.9920361042022705,0.020572900772094727,379.0,0.20021113753318787,150.0,16.385831832885742,-0.24163858592510223,0.0,0.9307816624641418,0.9416400790214539,0.9256365299224854,0.987356960773468,0.4413355886936188,0.494768351316452,0.96930330991745,0.0
160,,,,,,,,,,,,,,,,,-5.5060505867004395,1.7341530110570602e-05,-0.024275923147797585,0.0011028008302673697,,,,,,,,,,,,,,0.996898889541626,0.020910978317260742,377.0,0.20016750693321228,150.0,16.388891220092773,-0.23544096946716309,0.0,0.940902054309845,0.9531171917915344,0.9508967399597168,0.9917135834693909,0.4579460918903351,0.4963819980621338,0.9766295552253723,0.0
161,,,,,,,,,,,,,,,,,-5.515080451965332,2.60122942563612e-05,-0.02298569679260254,0.0013958538183942437,,,,,,,,,,,,,,1.0159649848937988,0.020154714584350586,370.0,0.20007333159446716,150.0,16.39322280883789,-0.2341616302728653,-9.946833188223536e-07,0.9518895149230957,0.9601085782051086,0.9582581520080566,0.9928413033485413,0.46545645594596863,0.4972658157348633,0.9808022379875183,0.0
162,,,,,,,,,,,,,,,,,-5.524827003479004,1.7341530110570602e-05,-0.03352340683341026,0.0009853704832494259,,,,,,,,,,,,,,1.0009379386901855,0.020823001861572266,375.0,0.2000613659620285,150.0,16.394058227539062,-0.23666316270828247,0.0,0.9286933541297913,0.9452018737792969,0.95066899061203,0.9924278259277344,0.45900484919548035,0.4974159300327301,0.9742893576622009,0.0
163,,,,,,,,,,,,,,,,,-5.52387809753418,3.9018443203531206e-05,-0.02553008869290352,0.000911058159545064,,,,,,,,,,,,,,1.0083591938018799,0.020332813262939453,373.0,0.2000724971294403,150.0,16.395174026489258,-0.23560766875743866,-1.2238842828082852e-06,0.9109427332878113,0.922126829624176,0.9314238429069519,0.9882985949516296,0.44370245933532715,0.49637842178344727,0.9680508971214294,0.0
164,,,,,,,,,,,,,,,,,-5.522391319274902,1.7341530110570602e-05,-0.03415931761264801,0.0007616807706654072,,,,,,,,,,,,,,0.9926998615264893,0.0204007625579834,379.0,0.20008160173892975,150.0,16.397520065307617,-0.23661071062088013,-5.382431922384967e-08,0.9179707169532776,0.9319202899932861,0.9196931719779968,0.9871282577514648,0.4384332001209259,0.49470245838165283,0.9633277058601379,0.0
165,,,,,,,,,,,,,,,,,-5.521869659423828,2.60122942563612e-05,-0.025046374648809433,0.0007470638956874609,,,,,,,,,,,,,,0.9666440486907959,0.019936800003051758,389.0,0.20008030533790588,150.0,16.401195526123047,-0.2297724038362503,-1.1262564925118568e-07,0.9183290004730225,0.9318178296089172,0.9176655411720276,0.9851511120796204,0.4389415681362152,0.49066630005836487,0.9683241248130798,0.0
166,,,,,,,,,,,,,,,,,-5.523898601531982,1.7341530110570602e-05,-0.03594713285565376,0.0008486874285154045,,,,,,,,,,,,,,1.0066988468170166,0.019513845443725586,374.0,0.20004768669605255,150.0,16.40364646911621,-0.23798970878124237,0.0,0.9446937441825867,0.9560317993164062,0.9464496970176697,0.9913961887359619,0.45778611302375793,0.49636316299438477,0.975121021270752,0.0
167,,,,,,,,,,,,,,,,,-5.527248382568359,1.7341530110570602e-05,-0.028804928064346313,0.0010981075465679169,,,,,,,,,,,,,,1.0064780712127686,0.02017688751220703,374.0,0.20004601776599884,150.0,16.40545082092285,-0.23544293642044067,-2.6449603396372368e-08,0.9440177083015442,0.953868567943573,0.9545753598213196,0.9923498034477234,0.46351099014282227,0.4968481957912445,0.9774457812309265,0.0
168,,,,,,,,,,,,,,,,,-5.525517463684082,2.60122942563612e-05,-0.02433670312166214,0.0011378433555364609,,,,,,,,,,,,,,1.0106627941131592,0.021088123321533203,372.0,0.20007139444351196,150.0,16.41025733947754,-0.2376699596643448,0.0,0.936038076877594,0.9500837326049805,0.9452906250953674,0.9910200238227844,0.45701169967651367,0.4961509704589844,0.9757812023162842,0.0
169,,,,,,,,,,,,,,,,,-5.519855499267578,2.60122942563612e-05,-0.030671345070004463,0.00113333307672292,,,,,,,,,,,,,,1.00950288772583,0.020534038543701172,372.0,0.20012949407100677,150.0,16.41168785095215,-0.2332581728696823,-6.696158720842504e-07,0.920994758605957,0.930415689945221,0.9400178790092468,0.9895696640014648,0.4536697566509247,0.4955752193927765,0.9691174030303955,0.0
170,,,,,,,,,,,,,,,,,-5.513829231262207,1.7341530110570602e-05,-0.03125156834721565,0.0007630014442838728,,,,,,,,,,,,,,0.9713428020477295,0.020357131958007812,387.0,0.2001403272151947,150.0,16.411020278930664,-0.24345959722995758,0.0,0.9164448380470276,0.9316067099571228,0.9082390666007996,0.9848134517669678,0.4335743486881256,0.4933917820453644,0.9677602648735046,0.0
171,,,,,,,,,,,,,,,,,-5.516587734222412,1.7341530110570602e-05,-0.02521933615207672,0.0007156389765441418,,,,,,,,,,,,,,0.9660358428955078,0.020328998565673828,389.0,0.20009849965572357,150.0,16.412010192871094,-0.23320193588733673,-3.1928996691021894e-07,0.9361723065376282,0.9450762867927551,0.9318367838859558,0.9862885475158691,0.44939327239990234,0.48827603459358215,0.9688445925712585,0.0
172,,,,,,,,,,,,,,,,,-5.518641948699951,2.60122942563612e-05,-0.019613919779658318,0.0007667092722840607,,,,,,,,,,,,,,1.006814956665039,0.020941972732543945,373.0,0.20013479888439178,150.0,16.41553497314453,-0.23709823191165924,-3.32294433746938e-07,0.9448598027229309,0.9545682072639465,0.9372453093528748,0.9889543652534485,0.4524646997451782,0.4941273629665375,0.9755777716636658,0.0
173,,,,,,,,,,,,,,,,,-5.508893013000488,2.60122942563612e-05,-0.02959574945271015,0.0013298036064952612,,,,,,,,,,,,,,1.0077488422393799,0.02013421058654785,373.0,0.2002178132534027,150.0,16.423995971679688,-0.24125158786773682,-4.865630121031472e-09,0.9489001631736755,0.9580859541893005,0.9541106820106506,0.9919438362121582,0.46221137046813965,0.4958478510379791,0.9776294231414795,0.0
174,,,,,,,,,,,,,,,,,-5.500190258026123,1.7341530110570602e-05,-0.02624942548573017,0.0011595492251217365,,,,,,,,,,,,,,1.022446870803833,0.019681930541992188,368.0,0.20024774968624115,150.0,16.426380157470703,-0.23880206048488617,-1.114135557145346e-07,0.9447731375694275,0.9561722874641418,0.9526941180229187,0.9925990104675293,0.46436914801597595,0.49764856696128845,0.9800332188606262,0.0
175,,,,,,,,,,,,,,,,,-5.498127460479736,2.60122942563612e-05,-0.028113583102822304,0.000896553392522037,,,,,,,,,,,,,,0.992548942565918,0.019733905792236328,379.0,0.2002464234828949,150.0,16.426380157470703,-0.23344917595386505,-3.925752025679685e-07,0.9241277575492859,0.937593936920166,0.9379165768623352,0.9894784092903137,0.45004817843437195,0.49464526772499084,0.9699751734733582,0.0
176,,,,,,,,,,,,,,,,,-5.498488426208496,1.7341530110570602e-05,-0.03899972513318062,0.0006965044885873795,,,,,,,,,,,,,,0.9926290512084961,0.020833969116210938,378.0,0.20024904608726501,150.0,16.428327560424805,-0.23872439563274384,-1.6301801224472001e-06,0.9185816645622253,0.9326127171516418,0.9171242117881775,0.9859778881072998,0.44057950377464294,0.49366238713264465,0.9680523872375488,0.0
177,,,,,,,,,,,,,,,,,-5.49906063079834,1.7341530110570602e-05,-0.024943342432379723,0.0005099650006741285,,,,,,,,,,,,,,1.0199000835418701,0.03394603729248047,364.0,0.2002325803041458,150.0,16.430809020996094,-0.2333032637834549,-1.3462931214291984e-08,0.9230360984802246,0.9330792427062988,0.9239689707756042,0.9850397109985352,0.44240477681159973,0.4886132478713989,0.9670351147651672,0.0
178,,,,,,,,,,,,,,,,,-5.504719257354736,2.60122942563612e-05,-0.027064867317676544,0.0006279089138843119,,,,,,,,,,,,,,1.0209400653839111,0.020002126693725586,368.0,0.20015789568424225,150.0,16.43626594543457,-0.23833252489566803,-5.194438017497305e-07,0.9439892768859863,0.9526445269584656,0.9311217665672302,0.9871120452880859,0.4534797668457031,0.48923006653785706,0.9742497801780701,0.0
179,,,,,,,,,,,,,,,,,-5.518054008483887,1.1561020073713735e-05,-0.02895418368279934,0.0010909746633842587,,,,,,,,,,,,,,0.9917025566101074,0.020386219024658203,379.0,0.2000754326581955,150.0,16.431110382080078,-0.23578114807605743,-4.69614519715833e-07,0.9472370147705078,0.9549257159233093,0.9355708956718445,0.9869410395622253,0.45055389404296875,0.48848867416381836,0.9769009947776794,0.0
180,-0.23587188124656677,-1.7934546292508458e-07,0.9327325820922852,0.9441468119621277,0.9393849968910217,0.9898286461830139,0.4538307189941406,0.4955393373966217,0.9722620248794556,0.0,0.0,0.0,0.0,0.0,0.0,1.0,-5.5243730545043945,2.60122942563612e-05,-0.022338761016726494,0.0005488339811563492,1.1077885627746582,0.08869248628616333,0.038083456456661224,0.10100804269313812,0.741907000541687,0.1984107941389084,0.022700361907482147,0.07146952301263809,0.1241912841796875,1.537392258644104,0.0,0.0,0.0,1.0220081806182861,0.020678043365478516,368.0,0.20007169246673584,150.0,16.433368682861328,-0.23404915630817413,-8.201373020710889e-07,0.9541249871253967,0.9624349474906921,0.9551947712898254,0.9927761554718018,0.46592703461647034,0.4974602162837982,0.9792940020561218,0.0
181,,,,,,,,,,,,,,,,,-5.523453712463379,1.7341530110570602e-05,-0.03127216920256615,0.000733577529899776,,,,,,,,,,,,,,1.0055568218231201,0.021175146102905273,374.0,0.2000855654478073,150.0,16.43354034423828,-0.23387306928634644,0.0,0.9163374900817871,0.9329445958137512,0.9422004222869873,0.9912603497505188,0.4526895582675934,0.497423380613327,0.9714930653572083,0.0
182,,,,,,,,,,,,,,,,,-5.523158550262451,2.60122942563612e-05,-0.029459666460752487,0.0004539642541203648,,,,,,,,,,,,,,1.013638973236084,0.023020029067993164,370.0,0.2000689059495926,150.0,16.430845260620117,-0.2420521378517151,-8.222480687436473e-07,0.9132630228996277,0.92722088098526,0.924058735370636,0.9873828291893005,0.44068408012390137,0.4962742030620575,0.9644858837127686,0.0
183,,,,,,,,,,,,,,,,,-5.52994966506958,2.60122942563612e-05,-0.035341210663318634,0.0007999029476195574,,,,,,,,,,,,,,1.0084810256958008,0.01996016502380371,373.0,0.1999884843826294,150.0,16.431081771850586,-0.2358199805021286,-8.382178862120782e-07,0.9102172255516052,0.9242990612983704,0.9255259037017822,0.9874443411827087,0.4424492418766022,0.49436232447624207,0.9650619626045227,0.0
184,,,,,,,,,,,,,,,,,-5.541058540344238,1.7341530110570602e-05,-0.029815446585416794,0.000577033672016114,,,,,,,,,,,,,,1.006037950515747,0.02086496353149414,373.0,0.19992977380752563,150.0,16.434402465820312,-0.2359151691198349,-7.494231226701231e-07,0.9367421269416809,0.9466745257377625,0.9251799583435059,0.9871420860290527,0.4457190930843353,0.4937305748462677,0.9707880616188049,0.0
185,,,,,,,,,,,,,,,,,-5.54644775390625,1.7341530110570602e-05,-0.028010686859488487,0.0005423499387688935,,,,,,,,,,,,,,1.0053348541259766,0.021099090576171875,374.0,0.1999143362045288,150.0,16.43783187866211,-0.23355595767498016,-1.5567550804007624e-07,0.9471607804298401,0.9570407271385193,0.9497326016426086,0.9914965629577637,0.4601525068283081,0.4957559108734131,0.9769895076751709,0.0
186,,,,,,,,,,,,,,,,,-5.546407222747803,2.60122942563612e-05,-0.02110000140964985,0.0004944506799802184,,,,,,,,,,,,,,1.0173768997192383,0.021397113800048828,369.0,0.1999342441558838,150.0,16.439823150634766,-0.23647986352443695,-5.343976567928621e-07,0.9471766352653503,0.957021951675415,0.9562606811523438,0.9925897717475891,0.4672485888004303,0.4962240159511566,0.9803228378295898,0.0
187,,,,,,,,,,,,,,,,,-5.544952869415283,1.7341530110570602e-05,-0.038392968475818634,0.0007203543791547418,,,,,,,,,,,,,,1.0005161762237549,0.019940853118896484,376.0,0.19992271065711975,150.0,16.440078735351562,-0.23775537312030792,-6.495108095805335e-07,0.9350845217704773,0.9517238140106201,0.9486588835716248,0.9918785095214844,0.4607645273208618,0.49616196751594543,0.9754095077514648,0.0
188,,,,,,,,,,,,,,,,,-5.548772811889648,2.60122942563612e-05,-0.026661265641450882,0.0009394390508532524,,,,,,,,,,,,,,1.0116970539093018,0.021837711334228516,371.0,0.19988207519054413,150.0,16.439882278442383,-0.23053817451000214,-8.388336141251784e-07,0.9197583794593811,0.9294936060905457,0.9329832196235657,0.9883167147636414,0.44605255126953125,0.4958379566669464,0.9691426753997803,0.0
189,,,,,,,,,,,,,,,,,-5.553720474243164,1.7341530110570602e-05,-0.026902206242084503,0.0010301712900400162,,,,,,,,,,,,,,0.9942009449005127,0.021758079528808594,377.0,0.1998639553785324,150.0,16.439857482910156,-0.23240713775157928,-3.3523892284392787e-07,0.9203033447265625,0.9340946674346924,0.9214984774589539,0.9879407286643982,0.44105252623558044,0.4961319863796234,0.9637637138366699,0.0
190,,,,,,,,,,,,,,,,,-5.558321475982666,1.7341530110570602e-05,-0.022247321903705597,0.0005603500758297741,,,,,,,,,,,,,,0.9955799579620361,0.021714210510253906,377.0,0.19979941844940186,150.0,16.442550659179688,-0.2355247288942337,-2.690220242129726e-07,0.9194467663764954,0.9315094351768494,0.9216353297233582,0.9864373803138733,0.4406384527683258,0.4936845004558563,0.9687588810920715,0.0
191,,,,,,,,,,,,,,,,,-5.567867279052734,1.7341530110570602e-05,-0.03081745095551014,0.0006020850269123912,,,,,,,,,,,,,,1.023036003112793,0.023189067840576172,367.0,0.19975021481513977,150.0,16.44325065612793,-0.23476608097553253,0.0,0.9457316398620605,0.9566081166267395,0.9516240954399109,0.9919398427009583,0.46295228600502014,0.49560537934303284,0.9775142669677734,0.0
192,,,,,,,,,,,,,,,,,-5.5732011795043945,1.7341530110570602e-05,-0.02815183438360691,0.0009368101018480957,,,,,,,,,,,,,,1.050858974456787,0.020693063735961914,358.0,0.19972294569015503,150.0,16.445371627807617,-0.22951658070087433,-5.935450531069364e-07,0.9504082202911377,0.9587821364402771,0.9540631175041199,0.9923105239868164,0.46174028515815735,0.49780014157295227,0.9790531992912292,0.0
193,,,,,,,,,,,,,,,,,-5.580677032470703,2.60122942563612e-05,-0.019896186888217926,0.0009387696045450866,,,,,,,,,,,,,,1.0138862133026123,0.020761728286743164,371.0,0.19964055716991425,150.0,16.44803237915039,-0.23454920947551727,0.0,0.941530704498291,0.955936849117279,0.9562035202980042,0.9934360384941101,0.46528705954551697,0.4981381893157959,0.976971447467804,0.0
194,,,,,,,,,,,,,,,,,-5.594163417816162,1.7341530110570602e-05,-0.029504161328077316,0.0007806741050444543,,,,,,,,,,,,,,1.0211856365203857,0.020725011825561523,368.0,0.19955462217330933,150.0,16.44761848449707,-0.2371310442686081,-6.572142865479691e-07,0.9207487106323242,0.9316350817680359,0.9345187544822693,0.9888339042663574,0.44599828124046326,0.4959964454174042,0.9696099162101746,0.0
195,,,,,,,,,,,,,,,,,-5.605227470397949,2.60122942563612e-05,-0.028423035517334938,0.001115214778110385,,,,,,,,,,,,,,0.9783189296722412,0.019952058792114258,384.0,0.19948600232601166,150.0,16.4495792388916,-0.22602014243602753,-1.4026240080511343e-07,0.9045443534851074,0.9219813346862793,0.9246473908424377,0.9889273643493652,0.44306063652038574,0.4972440302371979,0.965305745601654,0.0
196,,,,,,,,,,,,,,,,,-5.611391067504883,1.7341530110570602e-05,-0.0346466526389122,0.0006563744973391294,,,,,,,,,,,,,,0.9972138404846191,0.019649028778076172,377.0,0.19948717951774597,150.0,16.44898796081543,-0.23672978579998016,-8.187139428628143e-07,0.9180967211723328,0.9310402274131775,0.9251919388771057,0.9873747825622559,0.4405946731567383,0.495015412569046,0.9639179110527039,0.0
197,,,,,,,,,,,,,,,,,-5.609710693359375,1.7341530110570602e-05,-0.024057792499661446,0.0007234670920297503,,,,,,,,,,,,,,1.014111042022705,0.021677017211914062,370.0,0.1995023936033249,150.0,16.454694747924805,-0.23660512268543243,-4.8835989474582675e-08,0.9409932494163513,0.9527533054351807,0.9329282641410828,0.989171028137207,0.4484763443470001,0.4962610900402069,0.9752820134162903,0.0
198,,,,,,,,,,,,,,,,,-5.605316638946533,1.7341530110570602e-05,-0.02220778912305832,0.0009311822941526771,,,,,,,,,,,,,,1.002871036529541,0.02101588249206543,375.0,0.19955943524837494,150.0,16.455432891845703,-0.23790305852890015,-1.3736625170679417e-08,0.9547381401062012,0.962271511554718,0.9613351225852966,0.9929339289665222,0.4681810438632965,0.49594029784202576,0.9805060029029846,0.0
199,,,,,,,,,,,,,,,,,-5.5944390296936035,2.60122942563612e-05,-0.026018446311354637,0.0009030280634760857,,,,,,,,,,,,,,1.0171442031860352,0.020110130310058594,370.0,0.19965800642967224,150.0,16.457195281982422,-0.2412203550338745,-5.513211931429396e-08,0.9464840888977051,0.9568527340888977,0.9563714861869812,0.9928767085075378,0.46559858322143555,0.49752482771873474,0.9805541634559631,0.0
200,,,,,,,,,,,,,,,,,-5.585289001464844,1.7341530110570602e-05,-0.030989693477749825,0.0010641642147675157,,,,,,,,,,,,,,0.9856038093566895,0.0205380916595459,381.0,0.19965244829654694,150.0,16.457195281982422,-0.23324616253376007,-2.697486536362703e-07,0.9255533814430237,0.9389436841011047,0.9357040524482727,0.9892368912696838,0.4432247579097748,0.49617254734039307,0.969221293926239,0.0
201,,,,,,,,,,,,,,,,,-5.588627815246582,2.60122942563612e-05,-0.03632786124944687,0.0007703670999035239,,,,,,,,,,,,,,0.9829390048980713,0.02010321617126465,382.0,0.19962789118289948,150.0,16.457578659057617,-0.2396094650030136,-4.131662478812359e-07,0.9139479994773865,0.9295041561126709,0.9227039813995361,0.9879987239837646,0.4423375427722931,0.4962954521179199,0.9662578701972961,0.0
202,,,,,,,,,,,,,,,,,-5.592811107635498,1.7341530110570602e-05,-0.03265436738729477,0.0006706365966238081,,,,,,,,,,,,,,0.9992561340332031,0.019849777221679688,376.0,0.19959667325019836,150.0,16.45818328857422,-0.23343469202518463,-3.2037436881182657e-07,0.9170344471931458,0.9301996827125549,0.9339277148246765,0.9883019924163818,0.44566774368286133,0.49464356899261475,0.9670717120170593,0.0
203,,,,,,,,,,,,,,,,,-5.5966715812683105,1.7341530110570602e-05,-0.024540599435567856,0.000623038038611412,,,,,,,,,,,,,,1.0231819152832031,0.020967960357666016,367.0,0.19957658648490906,150.0,16.458797454833984,-0.23248541355133057,-1.5237493471431662e-06,0.9397792816162109,0.9491599202156067,0.9357158541679382,0.989708423614502,0.45038214325904846,0.49726366996765137,0.9729512333869934,0.0
204,,,,,,,,,,,,,,,,,-5.599795341491699,2.60122942563612e-05,-0.020984742790460587,0.0006697389762848616,,,,,,,,,,,,,,1.0063841342926025,0.020071029663085938,374.0,0.19955076277256012,150.0,16.462364196777344,-0.23387877643108368,-8.21868013645144e-08,0.9450989365577698,0.9554850459098816,0.9621210098266602,0.9938454627990723,0.4692087173461914,0.49730566143989563,0.9783880114555359,0.0
205,-0.2392636388540268,-1.368952098346199e-07,0.9300352931022644,0.9419158101081848,0.9410930871963501,0.990534782409668,0.45330101251602173,0.49721699953079224,0.9718863368034363,0.0,0.0,0.0,0.0,0.0,0.0,1.0,-5.603374004364014,1.7341530110570602e-05,-0.02708769217133522,0.0004508488345891237,1.122763991355896,0.07803540676832199,0.031015127897262573,0.10149374604225159,0.7958055734634399,0.20654162764549255,0.02162679098546505,0.06968885660171509,0.11727642267942429,1.6991033554077148,0.0,0.0,0.0,1.0472447872161865,0.019709110260009766,359.0,0.19952984154224396,150.0,16.463123321533203,-0.23832054436206818,-2.0343241757814212e-08,0.9566912055015564,0.965095043182373,0.9516833424568176,0.992220401763916,0.46275678277015686,0.49741557240486145,0.980189323425293,0.0
206,,,,,,,,,,,,,,,,,-5.607180118560791,2.60122942563612e-05,-0.02698456309735775,0.0007157826912589371,,,,,,,,,,,,,,0.9934861660003662,0.020241975784301758,378.0,0.19949233531951904,150.0,16.464269638061523,-0.23832480609416962,-5.6084179078652596e-08,0.9235265254974365,0.9391264319419861,0.9517867565155029,0.992808997631073,0.46053531765937805,0.4975377023220062,0.9743452072143555,0.0
207,,,,,,,,,,,,,,,,,-5.611519813537598,2.60122942563612e-05,-0.026602204889059067,0.000612352741882205,,,,,,,,,,,,,,1.0183732509613037,0.020451784133911133,369.0,0.199484720826149,150.0,16.46516227722168,-0.2311147302389145,-2.758763741894654e-07,0.9223782420158386,0.9353680610656738,0.9302330017089844,0.988552987575531,0.446091890335083,0.49690887331962585,0.9675939679145813,0.0
208,,,,,,,,,,,,,,,,,-5.61460018157959,1.7341530110570602e-05,-0.027747351676225662,0.0008907776209525764,,,,,,,,,,,,,,0.9847428798675537,0.020365238189697266,382.0,0.19943110644817352,150.0,16.463729858398438,-0.23337893187999725,-1.660590669416706e-07,0.9165821075439453,0.9302005767822266,0.9296178817749023,0.9886266589164734,0.4432419240474701,0.49660229682922363,0.9668801426887512,0.0
209,,,,,,,,,,,,,,,,,-5.627006530761719,2.60122942563612e-05,-0.017504645511507988,0.0005858390359207988,,,,,,,,,,,,,,0.9934520721435547,0.019895076751708984,378.0,0.1993022859096527,150.0,16.46826171875,-0.23798541724681854,-3.191040889305441e-07,0.9318626523017883,0.9434319138526917,0.9340211749076843,0.9891864657402039,0.45041346549987793,0.4953877925872803,0.9710655212402344,0.0
210,,,,,,,,,,,,,,,,,-5.644500732421875,2.60122942563612e-05,-0.030567146837711334,0.000468448328319937,,,,,,,,,,,,,,1.0050508975982666,0.019927024841308594,374.0,0.19922874867916107,150.0,16.468910217285156,-0.23353789746761322,-5.477082822835655e-07,0.9462087750434875,0.9562622904777527,0.9513735771179199,0.992359459400177,0.46072062849998474,0.49737897515296936,0.9764978289604187,0.0
211,,,,,,,,,,,,,,,,,-5.651927471160889,1.7341530110570602e-05,-0.025906644761562347,0.00038458852213807404,,,,,,,,,,,,,,1.020611047744751,0.020433902740478516,368.0,0.19918563961982727,150.0,16.472881317138672,-0.2329581379890442,-2.9207930651864444e-07,0.9428933262825012,0.9537367820739746,0.9553224444389343,0.9929330945014954,0.4643981456756592,0.4981108009815216,0.9797987937927246,0.0
212,,,,,,,,,,,,,,,,,-5.6575608253479,2.60122942563612e-05,-0.02412107028067112,0.0007475091842934489,,,,,,,,,,,,,,1.005620002746582,0.02101612091064453,374.0,0.19916503131389618,150.0,16.473636627197266,-0.23153138160705566,-1.2378349083519424e-06,0.9303198456764221,0.9473946690559387,0.9451820254325867,0.9915597438812256,0.45764803886413574,0.4968991279602051,0.9740994572639465,0.0
213,,,,,,,,,,,,,,,,,-5.659539222717285,1.7341530110570602e-05,-0.024835865944623947,0.0009743485134094954,,,,,,,,,,,,,,1.01102614402771,0.020584821701049805,372.0,0.19915561378002167,150.0,16.473283767700195,-0.23295021057128906,-1.1999968307918607e-07,0.9197117686271667,0.9301901459693909,0.9351370334625244,0.9884189963340759,0.44824811816215515,0.4952499568462372,0.9693479537963867,0.0
214,,,,,,,,,,,,,,,,,-5.661661624908447,2.60122942563612e-05,-0.0301543977111578,0.0007031079148873687,,,,,,,,,,,,,,0.9881889820098877,0.019749879837036133,380.0,0.19912846386432648,150.0,16.474689483642578,-0.23296503722667694,-9.701810199658212e-08,0.9242604374885559,0.9366669654846191,0.9246410727500916,0.9882184863090515,0.442425936460495,0.4965228736400604,0.9644269943237305,0.0
215,,,,,,,,,,,,,,,,,-5.664885520935059,2.60122942563612e-05,-0.030423156917095184,0.0005353844026103616,,,,,,,,,,,,,,0.9962460994720459,0.020134925842285156,377.0,0.19912758469581604,150.0,16.47209930419922,-0.22858364880084991,-4.0948711443888897e-07,0.9204254150390625,0.9328994154930115,0.9306051135063171,0.9885290265083313,0.4479358196258545,0.49493470788002014,0.9696214199066162,0.0
216,,,,,,,,,,,,,,,,,-5.66372013092041,1.7341530110570602e-05,-0.03434878587722778,0.00035357323940843344,,,,,,,,,,,,,,1.0083582401275635,0.020108699798583984,373.0,0.19913092255592346,150.0,16.469560623168945,-0.23439478874206543,-1.836217364825643e-07,0.9441973567008972,0.9561150670051575,0.9509846568107605,0.9923412203788757,0.46305492520332336,0.49694761633872986,0.9769349694252014,0.0
217,,,,,,,,,,,,,,,,,-5.666007041931152,1.7341530110570602e-05,-0.02642010897397995,0.0004300058353692293,,,,,,,,,,,,,,1.0145039558410645,0.02051091194152832,371.0,0.19909431040287018,150.0,16.472043991088867,-0.23192715644836426,-4.7666748770325285e-08,0.9526019096374512,0.9615605473518372,0.9541210532188416,0.9919121861457825,0.4639698266983032,0.49558326601982117,0.979194700717926,0.0
218,,,,,,,,,,,,,,,,,-5.673719882965088,1.7341530110570602e-05,-0.02820225991308689,0.0011275489814579487,,,,,,,,,,,,,,1.0161378383636475,0.01984715461730957,370.0,0.1990218311548233,150.0,16.47748565673828,-0.23229467868804932,-1.6591849316682783e-07,0.9414049983024597,0.954472541809082,0.951218843460083,0.992570161819458,0.46104779839515686,0.49741899967193604,0.9764158129692078,0.0
219,,,,,,,,,,,,,,,,,-5.682552337646484,2.60122942563612e-05,-0.021529998630285263,0.0007279161945916712,,,,,,,,,,,,,,1.000943899154663,0.02111196517944336,375.0,0.19899047911167145,150.0,16.478174209594727,-0.2310144454240799,-2.2573963178729173e-06,0.9183316230773926,0.9294622540473938,0.9320394992828369,0.9881903529167175,0.44419947266578674,0.4959765672683716,0.9681088924407959,0.0
220,,,,,,,,,,,,,,,,,-5.685944557189941,2.60122942563612e-05,-0.03439862281084061,0.0007014840375632048,,,,,,,,,,,,,,0.9813201427459717,0.020351171493530273,383.0,0.19896052777767181,150.0,16.478178024291992,-0.23437507450580597,0.0,0.9132428169250488,0.9279882311820984,0.9253466129302979,0.9884490966796875,0.4453009068965912,0.4946272373199463,0.967034637928009,0.0
221,,,,,,,,,,,,,,,,,-5.6915106773376465,1.7341530110570602e-05,-0.03604995459318161,0.0007311171502806246,,,,,,,,,,,,,,0.9769928455352783,0.020261049270629883,385.0,0.19891440868377686,150.0,16.478652954101562,-0.23741202056407928,-1.5653216678401805e-06,0.9253931641578674,0.9373645782470703,0.9184554219245911,0.9853715896606445,0.43665775656700134,0.49239373207092285,0.9660751223564148,0.0
222,,,,,,,,,,,,,,,,,-5.698205947875977,1.7341530110570602e-05,-0.025413209572434425,0.0003542163467500359,,,,,,,,,,,,,,0.9995429515838623,0.020847082138061523,376.0,0.19887718558311462,150.0,16.481130599975586,-0.23339182138442993,0.0,0.9498623013496399,0.9591806530952454,0.9470978379249573,0.9904558658599854,0.46327170729637146,0.4923062026500702,0.9784858226776123,0.0
223,,,,,,,,,,,,,,,,,-5.7013983726501465,2.60122942563612e-05,-0.025117909535765648,0.0006939771119505167,,,,,,,,,,,,,,1.000486135482788,0.020462751388549805,376.0,0.19886794686317444,150.0,16.483566284179688,-0.2365400642156601,-5.187088731872791e-07,0.9553024768829346,0.9623202681541443,0.9513497352600098,0.9908944964408875,0.4602266252040863,0.4942380487918854,0.9793471693992615,0.0
224,,,,,,,,,,,,,,,,,-5.705224514007568,2.60122942563612e-05,-0.02561860717833042,0.0006590932025574148,,,,,,,,,,,,,,1.0223701000213623,0.019563913345336914,368.0,0.1988140344619751,150.0,16.4840030670166,-0.23421628773212433,-9.739570714373258e-07,0.9468256831169128,0.9566817283630371,0.9546318054199219,0.9926014542579651,0.46424832940101624,0.49732327461242676,0.9799472689628601,0.0
225,,,,,,,,,,,,,,,,,-5.713573455810547,1.7341530110570602e-05,-0.037927888333797455,0.0006989416433498263,,,,,,,,,,,,,,0.9997532367706299,0.019791841506958008,376.0,0.1987689882516861,150.0,16.4840030670166,-0.23095817863941193,-4.942200462210167e-07,0.92752605676651,0.9405937194824219,0.9421272277832031,0.9907509684562683,0.4521690905094147,0.4966970980167389,0.9698264598846436,0.0
226,,,,,,,,,,,,,,,,,-5.71881628036499,2.60122942563612e-05,-0.022999171167612076,0.0007832655683159828,,,,,,,,,,,,,,1.0022411346435547,0.02108287811279297,375.0,0.1987377405166626,150.0,16.486064910888672,-0.2363538295030594,-1.4722946843903628e-06,0.917651355266571,0.9324385523796082,0.923194944858551,0.988125741481781,0.44426146149635315,0.49625372886657715,0.9675061106681824,0.0
227,,,,,,,,,,,,,,,,,-5.724179744720459,2.60122942563612e-05,-0.0243044625967741,0.0007517125923186541,,,,,,,,,,,,,,0.991448163986206,0.020290136337280273,379.0,0.19869576394557953,150.0,16.486268997192383,-0.2359708547592163,-4.032926881336607e-07,0.9252891540527344,0.9364669322967529,0.939434289932251,0.9889623522758484,0.45419546961784363,0.4930568039417267,0.9701697826385498,0.0
228,,,,,,,,,,,,,,,,,-5.731250762939453,2.60122942563612e-05,-0.030381787568330765,0.0005759167252108455,,,,,,,,,,,,,,1.0115430355072021,0.019834280014038086,372.0,0.1986335664987564,150.0,16.491262435913086,-0.23425866663455963,-7.040778768896416e-07,0.9449269771575928,0.9533946514129639,0.9395238757133484,0.990264892578125,0.4580441415309906,0.49574732780456543,0.9742386937141418,0.0
229,,,,,,,,,,,,,,,,,-5.7392754554748535,1.7341530110570602e-05,-0.030138863250613213,0.0005646154168061912,,,,,,,,,,,,,,0.9999680519104004,0.021011829376220703,376.0,0.19858519732952118,150.0,16.491714477539062,-0.23206542432308197,0.0,0.9477698802947998,0.9575395584106445,0.9545156359672546,0.9923847317695618,0.4640018045902252,0.4962083101272583,0.9779419898986816,0.0
230,-0.23132891952991486,-4.670977489240613e-07,0.9337703585624695,0.9451159834861755,0.9407632350921631,0.9904643893241882,0.45510929822921753,0.4963042736053467,0.9724874496459961,0.0,0.0,0.0,0.0,0.0,0.0,1.0,-5.745555877685547,1.7341530110570602e-05,-0.02740204893052578,0.0005729277618229389,0.9624732136726379,0.07670815289020538,0.034932270646095276,0.08859655261039734,0.6625181436538696,0.17090123891830444,0.022105790674686432,0.07375253736972809,0.116912841796875,1.464186668395996,0.0,0.0,0.0,1.0203230381011963,0.020985841751098633,368.0,0.1985480636358261,150.0,16.4926815032959,-0.2256276160478592,-9.187490377371432e-07,0.9577116966247559,0.9664110541343689,0.954369068145752,0.9927887320518494,0.4665863811969757,0.49692508578300476,0.9802436828613281,0.0
231,,,,,,,,,,,,,,,,,-5.751285076141357,1.7341530110570602e-05,-0.025027235969901085,0.0007139762747101486,,,,,,,,,,,,,,0.9976389408111572,0.020882844924926758,377.0,0.1985088586807251,150.0,16.49349021911621,-0.2244652509689331,0.0,0.9300125241279602,0.9451184868812561,0.9504361152648926,0.9922615885734558,0.46048101782798767,0.49664756655693054,0.9756872057914734,0.0
232,,,,,,,,,,,,,,,,,-5.753615379333496,1.7341530110570602e-05,-0.03260950744152069,0.0007834834395907819,,,,,,,,,,,,,,0.9992527961730957,0.019872188568115234,376.0,0.19853214919567108,150.0,16.49411392211914,-0.22977261245250702,-1.0499326208446291e-06,0.9284010529518127,0.9388976097106934,0.9269008040428162,0.9874914288520813,0.4438205063343048,0.49463722109794617,0.9670807719230652,0.0
233,,,,,,,,,,,,,,,,,-5.7501678466796875,1.7341530110570602e-05,-0.028837235644459724,0.0007079087663441896,,,,,,,,,,,,,,0.9807178974151611,0.019712209701538086,383.0,0.198542982339859,150.0,16.4953556060791,-0.22929902374744415,-2.9948367341603443e-07,0.9191157221794128,0.932079017162323,0.9274516105651855,0.9872339367866516,0.4446895122528076,0.49291667342185974,0.9673015475273132,0.0
234,,,,,,,,,,,,,,,,,-5.751499176025391,2.60122942563612e-05,-0.02467590942978859,0.0008369496208615601,,,,,,,,,,,,,,0.9880127906799316,0.020516157150268555,380.0,0.19852368533611298,150.0,16.500783920288086,-0.2312580943107605,-3.3783521757868584e-08,0.9361658096313477,0.9445128440856934,0.9221811294555664,0.9861900210380554,0.44275975227355957,0.49199405312538147,0.9695487022399902,0.0
235,,,,,,,,,,,,,,,,,-5.755509376525879,1.7341530110570602e-05,-0.02672087401151657,0.0004202654235996306,,,,,,,,,,,,,,1.0056331157684326,0.02189803123474121,373.0,0.198476642370224,150.0,16.50176239013672,-0.2301134318113327,-2.3021725326088927e-07,0.9517303109169006,0.9614641070365906,0.952874481678009,0.991771399974823,0.46530118584632874,0.4947234094142914,0.9789101481437683,0.0
236,,,,,,,,,,,,,,,,,-5.767568111419678,1.7341530110570602e-05,-0.02243535779416561,0.00043810580973513424,,,,,,,,,,,,,,1.1340749263763428,0.0207059383392334,332.0,0.19836285710334778,150.0,16.502260208129883,-0.23257814347743988,-7.936122869978135e-08,0.952268123626709,0.9598854184150696,0.9561823010444641,0.9924446940422058,0.46541962027549744,0.49675726890563965,0.9807046055793762,0.0
237,,,,,,,,,,,,,,,,,-5.78189754486084,2.60122942563612e-05,-0.027873288840055466,0.0003781543637160212,,,,,,,,,,,,,,0.9962561130523682,0.02057194709777832,377.0,0.19829103350639343,150.0,16.502948760986328,-0.23619985580444336,-3.2789091619633837e-07,0.940424919128418,0.9546958804130554,0.9516670107841492,0.9924327731132507,0.46277108788490295,0.4967864453792572,0.9762780070304871,0.0
238,,,,,,,,,,,,,,,,,-5.791145324707031,1.1561020073713735e-05,-0.036803241819143295,0.0005834964686073363,,,,,,,,,,,,,,1.0088708400726318,0.023279190063476562,372.0,0.19823573529720306,150.0,16.504199981689453,-0.23528194427490234,-2.083010457454293e-07,0.924196720123291,0.93265300989151,0.9395267367362976,0.9893258213996887,0.45299920439720154,0.4955134391784668,0.9704868197441101,0.0
239,,,,,,,,,,,,,,,,,-5.798177719116211,2.60122942563612e-05,-0.03037199378013611,0.0005430400487966835,,,,,,,,,,,,,,0.9817149639129639,0.020977258682250977,382.0,0.1982012838125229,150.0,16.50338363647461,-0.22958528995513916,0.0,0.927506685256958,0.9402340054512024,0.924531877040863,0.9879040718078613,0.44557860493659973,0.494531512260437,0.9661335349082947,0.0
240,,,,,,,,,,,,,,,,,-5.803090572357178,1.7341530110570602e-05,-0.02737610600888729,0.0004200426337774843,,,,,,,,,,,,,,0.9788680076599121,0.021178007125854492,383.0,0.19817279279232025,150.0,16.50664520263672,-0.22958756983280182,-3.369517997953153e-08,0.9267182946205139,0.9358680844306946,0.9293797016143799,0.9874667525291443,0.4481995403766632,0.49227866530418396,0.9696561694145203,0.0
241,,,,,,,,,,,,,,,,,-5.806851863861084,1.1561020073713735e-05,-0.028768230229616165,0.00040283455746248364,,,,,,,,,,,,,,0.9975271224975586,0.021207094192504883,376.0,0.19815072417259216,150.0,16.508581161499023,-0.22969277203083038,-6.475540459405238e-08,0.9504423141479492,0.9608972668647766,0.9432239532470703,0.990220308303833,0.45847856998443604,0.4940372705459595,0.9774721264839172,0.0
242,,,,,,,,,,,,,,,,,-5.808722972869873,2.60122942563612e-05,-0.02137632481753826,0.00043651534360833466,,,,,,,,,,,,,,1.0239970684051514,0.020736217498779297,367.0,0.19815370440483093,150.0,16.50931167602539,-0.23063521087169647,0.0,0.9620413184165955,0.9673754572868347,0.9650263786315918,0.9936768412590027,0.4749174416065216,0.4954521656036377,0.9825043678283691,0.0
243,,,,,,,,,,,,,,,,,-5.809131145477295,1.7341530110570602e-05,-0.026335647329688072,0.0006224677199497819,,,,,,,,,,,,,,1.007849931716919,0.020608186721801758,373.0,0.19813592731952667,150.0,16.511672973632812,-0.23262278735637665,0.0,0.949375331401825,0.9609565734863281,0.9558255672454834,0.9927716255187988,0.4668426215648651,0.4962793290615082,0.9795947670936584,0.0
244,,,,,,,,,,,,,,,,,-5.811255931854248,1.7341530110570602e-05,-0.034274421632289886,0.00046069681411609054,,,,,,,,,,,,,,1.006127119064331,0.021071672439575195,373.0,0.19813643395900726,150.0,16.512775421142578,-0.22800332307815552,-2.3580696506542154e-07,0.932211697101593,0.9404821395874023,0.9381289482116699,0.9886112213134766,0.45228299498558044,0.4936419725418091,0.9719300270080566,0.0
245,,,,,,,,,,,,,,,,,-5.809578895568848,1.7341530110570602e-05,-0.03492295369505882,0.0005028394516557455,,,,,,,,,,,,,,0.9819340705871582,0.020608901977539062,383.0,0.19814887642860413,150.0,16.515457153320312,-0.23386691510677338,-1.703572820588306e-07,0.9172194600105286,0.930276095867157,0.9268074035644531,0.9886444211006165,0.4478698670864105,0.4949730932712555,0.9672263264656067,0.0
246,,,,,,,,,,,,,,,,,-5.807604789733887,2.60122942563612e-05,-0.021431006491184235,0.000429200881626457,,,,,,,,,,,,,,0.9724478721618652,0.02062702178955078,386.0,0.19817067682743073,150.0,16.516115188598633,-0.2304452806711197,-1.9550910224097606e-08,0.9278138279914856,0.9372806549072266,0.9224408268928528,0.9857084155082703,0.4417012929916382,0.4911433160305023,0.9660359025001526,0.0
247,,,,,,,,,,,,,,,,,-5.806318283081055,1.7341530110570602e-05,-0.03104156069457531,0.0002955645031761378,,,,,,,,,,,,,,0.987987756729126,0.02164626121520996,380.0,0.19815506041049957,150.0,16.51742172241211,-0.23397324979305267,-9.081028196078478e-08,0.9504801630973816,0.958818256855011,0.9396503567695618,0.9891789555549622,0.45969757437705994,0.4917532503604889,0.9768552780151367,0.0
248,,,,,,,,,,,,,,,,,-5.8116254806518555,3.9018443203531206e-05,-0.020018046721816063,0.0004979250952601433,,,,,,,,,,,,,,0.9973881244659424,0.02067089080810547,377.0,0.1980830281972885,150.0,16.51704978942871,-0.23236680030822754,0.0,0.9558613300323486,0.9628162980079651,0.9453245997428894,0.9888589978218079,0.458295613527298,0.48920294642448425,0.9788231253623962,0.0
249,,,,,,,,,,,,,,,,,-5.821470260620117,1.1561020073713735e-05,-0.026466375216841698,0.0007631395710632205,,,,,,,,,,,,,,1.0102739334106445,0.019970178604125977,372.0,0.19805578887462616,150.0,16.511642456054688,-0.23178434371948242,0.0,0.9537148475646973,0.9612067341804504,0.9476408958435059,0.9899880290031433,0.4625279903411865,0.49129626154899597,0.9807548522949219,0.0
250,,,,,,,,,,,,,,,,,-5.8209333419799805,2.60122942563612e-05,-0.026819929480552673,0.0004797848523594439,,,,,,,,,,,,,,0.9789588451385498,0.020473003387451172,384.0,0.19807679951190948,150.0,16.511642456054688,-0.22454744577407837,0.0,0.9365895390510559,0.9468042850494385,0.9388706088066101,0.9891858100891113,0.4524329602718353,0.49410176277160645,0.9712705016136169,0.0
251,,,,,,,,,,,,,,,,,-5.819329261779785,1.7341530110570602e-05,-0.021279226988554,0.0005802980158478022,,,,,,,,,,,,,,0.9844639301300049,0.020618200302124023,382.0,0.19807769358158112,150.0,16.513259887695312,-0.2326095551252365,-6.126484208834881e-07,0.9224643707275391,0.9352304935455322,0.9245511889457703,0.9871932864189148,0.44667086005210876,0.4923916757106781,0.9674553871154785,0.0
252,,,,,,,,,,,,,,,,,-5.817602634429932,2.60122942563612e-05,-0.0276237353682518,0.00050977902719751,,,,,,,,,,,,,,0.9823915958404541,0.021915197372436523,382.0,0.19810812175273895,150.0,16.51215934753418,-0.23407794535160065,-4.3611530031739676e-07,0.916111946105957,0.9278967380523682,0.9316049218177795,0.9875876307487488,0.44544127583503723,0.492780476808548,0.965857982635498,0.0
253,,,,,,,,,,,,,,,,,-5.810995578765869,1.7341530110570602e-05,-0.03147352859377861,0.0004008627438452095,,,,,,,,,,,,,,1.0004351139068604,0.02060103416442871,376.0,0.19815343618392944,150.0,16.51656150817871,-0.2320108860731125,0.0,0.9449988007545471,0.9545393586158752,0.9296483397483826,0.9881207346916199,0.45154812932014465,0.49360617995262146,0.9737715721130371,0.0
254,,,,,,,,,,,,,,,,,-5.807415962219238,1.7341530110570602e-05,-0.02507486194372177,0.0005021560937166214,,,,,,,,,,,,,,0.9882519245147705,0.020930051803588867,380.0,0.19815178215503693,150.0,16.517555236816406,-0.22934742271900177,-7.505938270924162e-08,0.9531274437904358,0.9615556597709656,0.9564010500907898,0.9920411705970764,0.4675520956516266,0.49421992897987366,0.9793720245361328,0.0
255,-0.2310357689857483,-1.3163345613520505e-07,0.9419800043106079,0.9511826634407043,0.9434733986854553,0.9900848269462585,0.45892253518104553,0.49387025833129883,0.9747359156608582,0.0,0.0,0.0,0.0,0.0,0.0,1.0,-5.807837009429932,2.60122942563612e-05,-0.02205961011350155,0.0004258067929185927,1.0516915321350098,0.11238160729408264,0.024954160675406456,0.060323625802993774,0.7204434275627136,0.19964705407619476,0.014650808647274971,0.05168928951025009,0.09905452281236649,1.7185531854629517,0.0,0.0,0.0,1.0095958709716797,0.02013111114501953,372.0,0.1981581300497055,150.0,16.520139694213867,-0.2270595282316208,0.0,0.9558830261230469,0.9633919596672058,0.9528581500053406,0.992232620716095,0.4636635482311249,0.4965248107910156,0.9791874289512634,0.0
256,,,,,,,,,,,,,,,,,-5.808011531829834,1.7341530110570602e-05,-0.03342105820775032,0.0003469843650236726,,,,,,,,,,,,,,0.9993422031402588,0.02111983299255371,376.0,0.19814090430736542,150.0,16.52007484436035,-0.23437601327896118,-1.4558115424279094e-07,0.9219481348991394,0.9368904232978821,0.9487661719322205,0.9916892647743225,0.45865848660469055,0.4955301582813263,0.9735243320465088,0.0
257,,,,,,,,,,,,,,,,,-5.813851356506348,2.60122942563612e-05,-0.033184368163347244,0.00032372353598475456,,,,,,,,,,,,,,0.9775009155273438,0.020344018936157227,384.0,0.19806763529777527,150.0,16.518754959106445,-0.2310606986284256,-1.048582234375317e-07,0.9279397130012512,0.9387146830558777,0.9182333946228027,0.9848996996879578,0.44132447242736816,0.4905749261379242,0.9670944809913635,0.0
258,,,,,,,,,,,,,,,,,-5.824278354644775,1.7341530110570602e-05,-0.027745556086301804,0.0005767755792476237,,,,,,,,,,,,,,0.985206127166748,0.02032303810119629,381.0,0.19801710546016693,150.0,16.519411087036133,-0.2292451113462448,-6.825395644227683e-07,0.9286903738975525,0.9387860298156738,0.9293727874755859,0.9859465956687927,0.45083102583885193,0.486990362405777,0.9692301154136658,0.0
259,,,,,,,,,,,,,,,,,-5.834344387054443,1.7341530110570602e-05,-0.025035321712493896,0.00028538829064927995,,,,,,,,,,,,,,0.9961740970611572,0.020535707473754883,377.0,0.19791756570339203,150.0,16.52229118347168,-0.2336433380842209,-4.9841560212371405e-08,0.9453597664833069,0.9518291354179382,0.9320843815803528,0.9878546595573425,0.4523507356643677,0.49174821376800537,0.9729569554328918,0.0
260,,,,,,,,,,,,,,,,,-5.847986221313477,2.60122942563612e-05,-0.025216953828930855,0.00029461365193128586,,,,,,,,,,,,,,0.9946122169494629,0.020768165588378906,378.0,0.19783835113048553,150.0,16.522850036621094,-0.22883695363998413,-2.1304846598013683e-07,0.959507942199707,0.9658503532409668,0.9522809982299805,0.9914965629577637,0.46445944905281067,0.4939941465854645,0.9790570139884949,0.0
261,,,,,,,,,,,,,,,,,-5.8577680587768555,1.7341530110570602e-05,-0.03121035359799862,0.00030221015913411975,,,,,,,,,,,,,,1.0078990459442139,0.02029275894165039,373.0,0.19779402017593384,150.0,16.523393630981445,-0.23354482650756836,-1.0070166354125831e-06,0.9581896662712097,0.9653646349906921,0.9565310478210449,0.9920928478240967,0.46828964352607727,0.4943130910396576,0.9806907773017883,0.0
262,,,,,,,,,,,,,,,,,-5.86311674118042,1.7341530110570602e-05,-0.03421749547123909,0.0006161662749946117,,,,,,,,,,,,,,1.0090808868408203,0.020508289337158203,372.0,0.19775399565696716,150.0,16.52442169189453,-0.2299174666404724,-5.409206664808153e-07,0.9311761856079102,0.9459304809570312,0.9484235644340515,0.9921145439147949,0.4584297239780426,0.49770388007164,0.9729998111724854,0.0
263,,,,,,,,,,,,,,,,,-5.868599891662598,1.7341530110570602e-05,-0.027923498302698135,0.0005081142298877239,,,,,,,,,,,,,,1.027642011642456,0.020994186401367188,366.0,0.19771988689899445,150.0,16.52414321899414,-0.2304370403289795,-5.430864348454634e-06,0.9113941192626953,0.9220126271247864,0.9300087094306946,0.9874122738838196,0.44472751021385193,0.4945220649242401,0.9656756520271301,0.0
264,,,,,,,,,,,,,,,,,-5.873061656951904,2.60122942563612e-05,-0.023145033046603203,0.0003709312586579472,,,,,,,,,,,,,,0.9602100849151611,0.021052837371826172,391.0,0.19768445193767548,150.0,16.526132583618164,-0.22904957830905914,-2.228408675364335e-06,0.9281508326530457,0.940136194229126,0.9180321097373962,0.9856988787651062,0.44258913397789,0.4911375939846039,0.96517014503479,0.0
265,,,,,,,,,,,,,,,,,-5.878790378570557,2.60122942563612e-05,-0.023534979671239853,0.00023896104539744556,,,,,,,,,,,,,,0.9744710922241211,0.020257949829101562,386.0,0.19764718413352966,150.0,16.526134490966797,-0.23335616290569305,-1.8133955848043115e-07,0.9323723316192627,0.9401286244392395,0.9278183579444885,0.9859709739685059,0.4487212598323822,0.48853740096092224,0.9717751145362854,0.0
266,,,,,,,,,,,,,,,,,-5.883457183837891,1.7341530110570602e-05,-0.028638891875743866,0.0003127790114376694,,,,,,,,,,,,,,0.9793257713317871,0.019253015518188477,384.0,0.19761517643928528,150.0,16.525959014892578,-0.232399582862854,-9.279547725782322e-07,0.9577545523643494,0.9657983183860779,0.9392938017845154,0.9882481098175049,0.45701560378074646,0.4887104332447052,0.9778647422790527,0.0
267,,,,,,,,,,,,,,,,,-5.8865180015563965,1.1561020073713735e-05,-0.02348264306783676,0.00047757275751791894,,,,,,,,,,,,,,1.003549337387085,0.019744873046875,375.0,0.1976168006658554,150.0,16.520626068115234,-0.23584379255771637,-2.578219209681265e-06,0.9599122405052185,0.9653474688529968,0.9507308006286621,0.9901030659675598,0.4633733928203583,0.4907398223876953,0.9790019989013672,0.0
268,,,,,,,,,,,,,,,,,-5.885794639587402,1.7341530110570602e-05,-0.025011558085680008,0.0003118968161288649,,,,,,,,,,,,,,1.0144600868225098,0.020468950271606445,371.0,0.19761477410793304,150.0,16.522924423217773,-0.23214666545391083,-1.162465821380465e-07,0.9429779052734375,0.9552683234214783,0.9529983401298523,0.9923351407051086,0.46200838685035706,0.4968368113040924,0.9764120578765869,0.0
269,,,,,,,,,,,,,,,,,-5.888342380523682,1.7341530110570602e-05,-0.028995456174016,0.00028039247263222933,,,,,,,,,,,,,,0.9882237911224365,0.020228147506713867,380.0,0.19757497310638428,150.0,16.523454666137695,-0.22720025479793549,-4.6294730964291375e-06,0.923170268535614,0.9318802952766418,0.9396153092384338,0.9888208508491516,0.4515596926212311,0.4938901960849762,0.968836784362793,0.0
270,,,,,,,,,,,,,,,,,-5.894372463226318,1.7341530110570602e-05,-0.03895573318004608,0.0002748341066762805,,,,,,,,,,,,,,0.971358060836792,0.019968032836914062,387.0,0.1975446194410324,150.0,16.524417877197266,-0.22928202152252197,-1.0727309245339711e-06,0.92289799451828,0.9370737671852112,0.9146642684936523,0.9853803515434265,0.4419328272342682,0.4904564917087555,0.9681272506713867,0.0
271,,,,,,,,,,,,,,,,,-5.900269985198975,1.7341530110570602e-05,-0.023803377524018288,0.0003903850447386503,,,,,,,,,,,,,,0.9617369174957275,0.020781993865966797,390.0,0.1974838525056839,150.0,16.524520874023438,-0.2298988252878189,-8.557264550290711e-07,0.9412153363227844,0.9485170245170593,0.927891194820404,0.9853043556213379,0.44785168766975403,0.4868323504924774,0.9698185920715332,0.0
272,,,,,,,,,,,,,,,,,-5.911680698394775,1.7341530110570602e-05,-0.023169338703155518,0.000470965460408479,,,,,,,,,,,,,,1.0014400482177734,0.020416975021362305,375.0,0.197390615940094,150.0,16.52081298828125,-0.23042051494121552,-2.8573060717462795e-06,0.9552379250526428,0.9620117545127869,0.9467165470123291,0.9902730584144592,0.4628833532333374,0.49187734723091125,0.977776050567627,0.0
273,,,,,,,,,,,,,,,,,-5.923582077026367,1.7341530110570602e-05,-0.03039749339222908,0.0004179939569439739,,,,,,,,,,,,,,1.0000081062316895,0.019702911376953125,376.0,0.197330042719841,150.0,16.52190589904785,-0.23664413392543793,-4.1805603245848033e-07,0.9558696746826172,0.9630562663078308,0.9577035307884216,0.9921906590461731,0.4646875560283661,0.49487459659576416,0.9791157841682434,0.0
274,,,,,,,,,,,,,,,,,-5.930254936218262,1.1561020073713735e-05,-0.027652643620967865,0.0007125074625946581,,,,,,,,,,,,,,1.009342908859253,0.02035689353942871,372.0,0.19730354845523834,150.0,16.522558212280273,-0.22922442853450775,-3.294439210321798e-08,0.9488028883934021,0.9588792324066162,0.9564313292503357,0.9925434589385986,0.46624961495399475,0.4950062930583954,0.978508710861206,0.0
275,,,,,,,,,,,,,,,,,-5.934262752532959,1.7341530110570602e-05,-0.02968480810523033,0.0005327650578692555,,,,,,,,,,,,,,0.9773051738739014,0.019854068756103516,385.0,0.19726935029029846,150.0,16.522558212280273,-0.23640233278274536,-2.711774641284137e-06,0.9307265281677246,0.9435096383094788,0.9400715827941895,0.9895537495613098,0.45072874426841736,0.49492645263671875,0.969240665435791,0.0
276,,,,,,,,,,,,,,,,,-5.941080093383789,1.7341530110570602e-05,-0.03210843726992607,0.00041539649828337133,,,,,,,,,,,,,,0.9783298969268799,0.020105838775634766,384.0,0.19721190631389618,150.0,16.523122787475586,-0.22647742927074432,-2.3626444090041332e-07,0.9224087595939636,0.9359106421470642,0.9303030371665955,0.9886835217475891,0.4491844177246094,0.49380573630332947,0.9671019911766052,0.0
277,,,,,,,,,,,,,,,,,-5.949752330780029,1.7341530110570602e-05,-0.02502473257482052,0.00040036067366600037,,,,,,,,,,,,,,1.0071258544921875,0.021227121353149414,373.0,0.19715112447738647,150.0,16.523578643798828,-0.22311203181743622,-5.258498276816681e-06,0.9235272407531738,0.9345443248748779,0.9340580105781555,0.987758457660675,0.4472382366657257,0.49268069863319397,0.9674530029296875,0.0
278,,,,,,,,,,,,,,,,,-5.957780361175537,2.60122942563612e-05,-0.022465568035840988,0.00032042418024502695,,,,,,,,,,,,,,1.0165328979492188,0.0197601318359375,370.0,0.1970994919538498,150.0,16.52496910095215,-0.2321530133485794,-2.1575915525318123e-06,0.9496808052062988,0.9562013149261475,0.9423763155937195,0.9901647567749023,0.4584106206893921,0.4942130148410797,0.9739251732826233,0.0
279,,,,,,,,,,,,,,,,,-5.966590404510498,1.1561020073713735e-05,-0.028447572141885757,0.0003788422327488661,,,,,,,,,,,,,,0.9969868659973145,0.020958900451660156,377.0,0.19704028964042664,150.0,16.52677345275879,-0.2338789701461792,-1.6612658271242253e-07,0.9510798454284668,0.9593997597694397,0.957227885723114,0.9924426674842834,0.46451279520988464,0.4949561357498169,0.9781896471977234,0.0
280,-0.2321668118238449,-3.6542051020660438e-06,0.9350377917289734,0.9456040859222412,0.9393708109855652,0.9894459843635559,0.45290517807006836,0.49411463737487793,0.9709069728851318,0.0,0.0,0.0,0.0,0.0,0.0,1.0,-5.971512794494629,2.60122942563612e-05,-0.025802738964557648,0.0003308974555693567,0.939974308013916,0.07107710093259811,0.0416252464056015,0.08653399348258972,0.6059536933898926,0.1601717472076416,0.02324048802256584,0.07433503121137619,0.12112368643283844,1.3949137926101685,0.0,0.0,0.0,1.0165719985961914,0.019772052764892578,370.0,0.19703279435634613,150.0,16.525005340576172,-0.2336711287498474,-4.373265838353291e-08,0.9586458802223206,0.9660914540290833,0.9522886276245117,0.9919970035552979,0.4630261957645416,0.49561503529548645,0.9767479300498962,0.0
281,,,,,,,,,,,,,,,,,-5.968864440917969,1.7341530110570602e-05,-0.026688359677791595,0.00031569995917379856,,,,,,,,,,,,,,0.9845290184020996,0.02053523063659668,382.0,0.19707581400871277,150.0,16.52543830871582,-0.22621840238571167,-1.6748041389291757e-06,0.9273696541786194,0.9423052668571472,0.9489666819572449,0.9915291666984558,0.4614452123641968,0.4939279854297638,0.9731584191322327,0.0
282,,,,,,,,,,,,,,,,,-5.9660162925720215,2.60122942563612e-05,-0.02309415303170681,0.0003859163844026625,,,,,,,,,,,,,,0.9912502765655518,0.0204617977142334,379.0,0.19705642759799957,150.0,16.524198532104492,-0.2279038429260254,-4.093531970283948e-06,0.9286444187164307,0.9392561316490173,0.9260832667350769,0.98651123046875,0.4430185556411743,0.4915129840373993,0.9650581479072571,0.0
283,,,,,,,,,,,,,,,,,-5.9699201583862305,1.7341530110570602e-05,-0.025672240182757378,0.00036299513885751367,,,,,,,,,,,,,,0.9584441184997559,0.019559144973754883,392.0,0.19703564047813416,150.0,16.523530960083008,-0.22819943726062775,-4.574885679176077e-07,0.9331047534942627,0.9435688853263855,0.9307709336280823,0.987082302570343,0.44940948486328125,0.4893103539943695,0.968818724155426,0.0
284,,,,,,,,,,,,,,,,,-5.97198486328125,1.7341530110570602e-05,-0.021921835839748383,0.0007925609825178981,,,,,,,,,,,,,,0.9797539710998535,0.02022099494934082,384.0,0.19702288508415222,150.0,16.519147872924805,-0.23264218866825104,-5.358720613912737e-07,0.9477574229240417,0.9525269865989685,0.9265813231468201,0.9857921600341797,0.44605183601379395,0.4871317446231842,0.9714319109916687,0.0
285,,,,,,,,,,,,,,,,,-5.975587844848633,1.7341530110570602e-05,-0.016193881630897522,0.00030746220727451146,,,,,,,,,,,,,,1.008037805557251,0.01988506317138672,373.0,0.1969882994890213,150.0,16.521102905273438,-0.22646544873714447,-2.98969297318763e-07,0.9567840099334717,0.9647156596183777,0.9563872218132019,0.9927403330802917,0.46635159850120544,0.49537184834480286,0.9783080220222473,0.0
286,,,,,,,,,,,,,,,,,-5.980989456176758,2.60122942563612e-05,-0.022522728890180588,0.0002966160827782005,,,,,,,,,,,,,,1.007483959197998,0.01988506317138672,373.0,0.19695128500461578,150.0,16.525148391723633,-0.22872062027454376,-1.800130121409893e-06,0.9526570439338684,0.959475040435791,0.9588997960090637,0.9929245114326477,0.46891140937805176,0.49543651938438416,0.9775400161743164,0.0
287,,,,,,,,,,,,,,,,,-5.9858078956604,1.1561020073713735e-05,-0.03373616561293602,0.0004678645636886358,,,,,,,,,,,,,,0.9884510040283203,0.02118206024169922,380.0,0.19692932069301605,150.0,16.52553367614746,-0.22855420410633087,-1.249658566848666e-06,0.9367804527282715,0.9524857997894287,0.9469606280326843,0.9911372065544128,0.4577714204788208,0.4953060448169708,0.9731377959251404,0.0
288,,,,,,,,,,,,,,,,,-5.987043857574463,2.60122942563612e-05,-0.02855144813656807,0.0003942046023439616,,,,,,,,,,,,,,0.9899148941040039,0.020563840866088867,380.0,0.1969282627105713,150.0,16.525955200195312,-0.23676562309265137,-2.251575779155246e-06,0.928112804889679,0.9346849322319031,0.9460683465003967,0.9897419810295105,0.45768892765045166,0.4928798973560333,0.9677450656890869,0.0
289,,,,,,,,,,,,,,,,,-5.988630294799805,1.7341530110570602e-05,-0.030791807919740677,0.000495686661452055,,,,,,,,,,,,,,0.9740009307861328,0.02130413055419922,385.0,0.1969033181667328,150.0,16.53099822998047,-0.23187501728534698,-1.7813830481827608e-06,0.9359219074249268,0.9478147625923157,0.9255721569061279,0.9876936078071594,0.4479404389858246,0.4924186170101166,0.9661733508110046,0.0
290,,,,,,,,,,,,,,,,,-5.9940643310546875,2.60122942563612e-05,-0.027746926993131638,0.0002679918543435633,,,,,,,,,,,,,,0.9664943218231201,0.021027803421020508,388.0,0.19684670865535736,150.0,16.531713485717773,-0.22696836292743683,-2.93187713396037e-06,0.9412121176719666,0.947476327419281,0.9376468062400818,0.9883018136024475,0.45445671677589417,0.4908408224582672,0.9722476601600647,0.0
291,,,,,,,,,,,,,,,,,-6.000976085662842,1.7341530110570602e-05,-0.033210914582014084,0.0003827924083452672,,,,,,,,,,,,,,1.0009400844573975,0.020216703414916992,376.0,0.19681619107723236,150.0,16.534229278564453,-0.23083041608333588,-6.519692874462635e-08,0.9542534947395325,0.9618374705314636,0.9591595530509949,0.9932982325553894,0.466939777135849,0.49547457695007324,0.977635383605957,0.0
292,,,,,,,,,,,,,,,,,-6.005838394165039,1.1561020073713735e-05,-0.026917822659015656,0.00045730071724392474,,,,,,,,,,,,,,1.0090200901031494,0.02050495147705078,372.0,0.19677861034870148,150.0,16.53751564025879,-0.22721350193023682,-1.7106616496675997e-06,0.9480772018432617,0.9566542506217957,0.9545409083366394,0.9920658469200134,0.4629395306110382,0.4955710172653198,0.9754592776298523,0.0
293,,,,,,,,,,,,,,,,,-6.011239528656006,2.60122942563612e-05,-0.023180369287729263,0.00045776466140523553,,,,,,,,,,,,,,0.9999949932098389,0.019953012466430664,376.0,0.1967373490333557,150.0,16.5383358001709,-0.2349698543548584,-9.456573479837971e-07,0.9458005428314209,0.9582347273826599,0.9502061009407043,0.9917239546775818,0.4600594937801361,0.49511680006980896,0.9744427800178528,0.0
294,,,,,,,,,,,,,,,,,-6.01695442199707,1.1561020073713735e-05,-0.02905915677547455,0.0003412970690988004,,,,,,,,,,,,,,0.9779448509216309,0.02252984046936035,383.0,0.1967134177684784,150.0,16.53627586364746,-0.22308148443698883,-1.4865264574837056e-06,0.9346423149108887,0.9419500231742859,0.9484817981719971,0.9902243614196777,0.4577789008617401,0.4930274486541748,0.9700385928153992,0.0
295,,,,,,,,,,,,,,,,,-6.018512725830078,1.7341530110570602e-05,-0.028664328157901764,0.00042641686741262674,,,,,,,,,,,,,,1.1199259757995605,0.02834486961364746,334.0,0.1967145949602127,150.0,16.53689193725586,-0.22414623200893402,-3.3019750844687223e-07,0.9292578101158142,0.9418495297431946,0.9250653386116028,0.9874005913734436,0.4471219778060913,0.4901901185512543,0.9674666523933411,0.0
296,,,,,,,,,,,,,,,,,-6.020108222961426,2.60122942563612e-05,-0.020355788990855217,0.0004945895634591579,,,,,,,,,,,,,,0.979888916015625,0.02054119110107422,383.0,0.19667896628379822,150.0,16.537893295288086,-0.22442150115966797,-1.3469017403622274e-06,0.9454730153083801,0.9515082240104675,0.9315803647041321,0.9858971238136292,0.44953474402427673,0.48560523986816406,0.9695175290107727,0.0
297,,,,,,,,,,,,,,,,,-6.028308391571045,1.7341530110570602e-05,-0.0265212319791317,0.0006189388805069029,,,,,,,,,,,,,,0.9948937892913818,0.020380020141601562,378.0,0.19661150872707367,150.0,16.540794372558594,-0.22659124433994293,-1.577778334649338e-06,0.9527759552001953,0.957857072353363,0.9443917870521545,0.9898757934570312,0.4586365222930908,0.4910851716995239,0.9760740399360657,0.0
298,,,,,,,,,,,,,,,,,-6.037692546844482,2.60122942563612e-05,-0.02430051937699318,0.0003842499281745404,,,,,,,,,,,,,,1.0034499168395996,0.020618915557861328,374.0,0.19653324782848358,150.0,16.541610717773438,-0.22776812314987183,-1.3422017275388498e-07,0.9567410349845886,0.9644451141357422,0.9594156742095947,0.9925694465637207,0.46666789054870605,0.49441075325012207,0.978285014629364,0.0
299,,,,,,,,,,,,,,,,,-6.049129962921143,1.7341530110570602e-05,-0.02649069018661976,0.00042866726289503276,,,,,,,,,,,,,,1.0079691410064697,0.020923137664794922,373.0,0.19647686183452606,150.0,16.543031692504883,-0.22868482768535614,-6.463917543442221e-07,0.9539309144020081,0.9626352190971375,0.9597566723823547,0.9932847023010254,0.468264102935791,0.4955727756023407,0.9783830642700195,0.0
300,,,,,,,,,,,,,,,,,-6.054823875427246,1.7341530110570602e-05,-0.026889896020293236,0.0003221917140763253,,,,,,,,,,,,,,0.9738969802856445,0.020913124084472656,386.0,0.19644756615161896,150.0,16.543031692504883,-0.22709564864635468,-2.9520685984607553e-06,0.9374521374702454,0.9490739703178406,0.9465277791023254,0.9907744526863098,0.45686885714530945,0.4949341118335724,0.9701743125915527,0.0
301,,,,,,,,,,,,,,,,,-6.062176704406738,1.7341530110570602e-05,-0.029460536316037178,0.0004784570191986859,,,,,,,,,,,,,,0.966526985168457,0.020316362380981445,389.0,0.19637487828731537,150.0,16.54481315612793,-0.23627568781375885,-1.3003033245695406e-06,0.9267356395721436,0.9380329251289368,0.9364032745361328,0.9897614121437073,0.45209333300590515,0.49359631538391113,0.9671893119812012,0.0
302,,,,,,,,,,,,,,,,,-6.071527481079102,2.60122942563612e-05,-0.026254918426275253,0.00037648194120265543,,,,,,,,,,,,,,0.9778690338134766,0.02034616470336914,384.0,0.19633138179779053,150.0,16.5470027923584,-0.23041830956935883,-1.855182404142397e-06,0.9196488857269287,0.9310510754585266,0.9356440901756287,0.9885115623474121,0.4453049600124359,0.49348536133766174,0.9651615619659424,0.0
303,,,,,,,,,,,,,,,,,-6.07428503036499,2.60122942563612e-05,-0.02518155425786972,0.00031199288787320256,,,,,,,,,,,,,,0.9936132431030273,0.02034783363342285,378.0,0.1963401883840561,150.0,16.548805236816406,-0.23012478649616241,-3.7769259506603703e-06,0.9420226216316223,0.9503248333930969,0.9328010082244873,0.9884244799613953,0.4502255618572235,0.4928306043148041,0.9716141819953918,0.0
304,,,,,,,,,,,,,,,,,-6.072503566741943,2.60122942563612e-05,-0.023210130631923676,0.0002460337709635496,,,,,,,,,,,,,,0.9726428985595703,0.0197751522064209,386.0,0.19635413587093353,150.0,16.548627853393555,-0.22624357044696808,-4.613335704561905e-07,0.95734041929245,0.9654913544654846,0.9518248438835144,0.9905655980110168,0.46208611130714417,0.4904344975948334,0.9782147407531738,0.0
305,-0.2333041876554489,-1.6816477454995038e-06,0.9418542385101318,0.9503856897354126,0.9358370304107666,0.9875446557998657,0.4521194398403168,0.4885190427303314,0.971692681312561,0.0,0.0,0.0,0.0,0.0,0.0,1.0,-6.073156356811523,1.7341530110570602e-05,-0.02611750178039074,0.00038938241777941585,0.741428554058075,0.07824091613292694,0.04978504031896591,0.1075950413942337,0.5053969621658325,0.14308708906173706,0.024445801973342896,0.07654669135808945,0.13190686702728271,1.2255305051803589,0.0,0.0,0.0,1.0022540092468262,0.020637035369873047,375.0,0.19631756842136383,150.0,16.548612594604492,-0.2226306051015854,-2.0196522143578477e-07,0.9624829292297363,0.9685115814208984,0.9531927108764648,0.9913920760154724,0.4639802873134613,0.4924568235874176,0.9778723120689392,0.0
306,,,,,,,,,,,,,,,,,-6.080061912536621,1.7341530110570602e-05,-0.032885391265153885,0.0004881832282990217,,,,,,,,,,,,,,0.9816980361938477,0.020076990127563477,383.0,0.1962699443101883,150.0,16.54983139038086,-0.22935964167118073,-1.926890490722144e-06,0.9382352828979492,0.9501717686653137,0.9540182948112488,0.9922220706939697,0.4647068977355957,0.49423667788505554,0.9746403694152832,0.0
307,,,,,,,,,,,,,,,,,-6.086703777313232,1.7341530110570602e-05,-0.021665582433342934,0.0005188605864532292,,,,,,,,,,,,,,0.9758100509643555,0.020727157592773438,385.0,0.19622789323329926,150.0,16.5538272857666,-0.22984711825847626,-1.1505479733386892e-06,0.9337360262870789,0.9420730471611023,0.9412527084350586,0.98968905210495,0.4529733955860138,0.49338674545288086,0.9668418765068054,0.0
308,,,,,,,,,,,,,,,,,-6.091665744781494,2.60122942563612e-05,-0.028483860194683075,0.0005284458748064935,,,,,,,,,,,,,,1.0169153213500977,0.022037029266357422,369.0,0.19619978964328766,150.0,16.553510665893555,-0.23101866245269775,-9.922051731336978e-07,0.9275217652320862,0.9402344822883606,0.9380510449409485,0.9892355799674988,0.4502486288547516,0.4933609962463379,0.968109667301178,0.0
309,,,,,,,,,,,,,,,,,-6.095707416534424,1.7341530110570602e-05,-0.025193359702825546,0.00027604232309386134,,,,,,,,,,,,,,1.025987148284912,0.021342992782592773,366.0,0.19618211686611176,150.0,16.555627822875977,-0.22865809500217438,-9.149777611128229e-07,0.9455645680427551,0.9519138336181641,0.9374046325683594,0.9893978238105774,0.45075520873069763,0.49337145686149597,0.9713289141654968,0.0
310,,,,,,,,,,,,,,,,,-6.097881317138672,2.60122942563612e-05,-0.0224703848361969,0.0002648334193509072,,,,,,,,,,,,,,1.0073027610778809,0.01998591423034668,373.0,0.1961628645658493,150.0,16.559988021850586,-0.23098985850811005,-4.129165972699411e-06,0.9554204940795898,0.9635526537895203,0.9514760971069336,0.9920308589935303,0.45989540219306946,0.49517881870269775,0.9768789410591125,0.0
311,,,,,,,,,,,,,,,,,-6.103592872619629,1.1561020073713735e-05,-0.025067100301384926,0.00033510735374875367,,,,,,,,,,,,,,1.0049169063568115,0.020494937896728516,374.0,0.1961030215024948,150.0,16.561908721923828,-0.23263895511627197,-5.450384605865111e-07,0.9557337760925293,0.9631957411766052,0.9582321643829346,0.9926993250846863,0.4667092561721802,0.49494680762290955,0.9783163070678711,0.0
312,,,,,,,,,,,,,,,,,-6.110311508178711,2.60122942563612e-05,-0.026602840051054955,0.00022877234732732177,,,,,,,,,,,,,,0.9969837665557861,0.02125096321105957,377.0,0.19608184695243835,150.0,16.56256675720215,-0.22941100597381592,-2.657478717082995e-06,0.9390173554420471,0.953925609588623,0.9524361491203308,0.9923661351203918,0.4609953463077545,0.4961245059967041,0.9736483693122864,0.0
313,,,,,,,,,,,,,,,,,-6.111383438110352,1.7341530110570602e-05,-0.032384242862463,0.0003335360379423946,,,,,,,,,,,,,,0.9912939071655273,0.02086925506591797,379.0,0.19608311355113983,150.0,16.56270408630371,-0.22502674162387848,-3.0929440981708467e-06,0.9234991669654846,0.9318950176239014,0.9429845809936523,0.9895756840705872,0.45332908630371094,0.49287357926368713,0.9669299125671387,0.0
314,,,,,,,,,,,,,,,,,-6.11448335647583,2.60122942563612e-05,-0.024884970858693123,0.00027834330103360116,,,,,,,,,,,,,,0.9634790420532227,0.01973724365234375,390.0,0.19602645933628082,150.0,16.563308715820312,-0.22572802007198334,-2.3805885120964376e-06,0.9364489912986755,0.9480225443840027,0.9256702065467834,0.9873111248016357,0.4435271918773651,0.49123653769493103,0.967402458190918,0.0
315,,,,,,,,,,,,,,,,,-6.124698162078857,1.7341530110570602e-05,-0.029156608507037163,0.00023154215887188911,,,,,,,,,,,,,,0.9543931484222412,0.020998716354370117,393.0,0.19596321880817413,150.0,16.56641387939453,-0.21862159669399261,-5.406365062299301e-07,0.945729672908783,0.9504682421684265,0.9408637881278992,0.9887640476226807,0.45252761244773865,0.4901815950870514,0.9730625152587891,0.0
316,,,,,,,,,,,,,,,,,-6.134068965911865,2.60122942563612e-05,-0.025431716814637184,0.00019208765297662467,,,,,,,,,,,,,,1.0000112056732178,0.020943641662597656,376.0,0.19588777422904968,150.0,16.56745147705078,-0.22328603267669678,-7.89638932019443e-08,0.9611194133758545,0.9675386548042297,0.9591076374053955,0.9930604100227356,0.4657506048679352,0.4941902458667755,0.9793493151664734,0.0
317,,,,,,,,,,,,,,,,,-6.144678115844727,1.7341530110570602e-05,-0.02918768674135208,0.000261833134572953,,,,,,,,,,,,,,1.010896921157837,0.01995706558227539,372.0,0.19583916664123535,150.0,16.568313598632812,-0.22110547125339508,-2.0417706991793239e-07,0.9573075771331787,0.9634930491447449,0.9599981307983398,0.9928135871887207,0.4653000831604004,0.4951307475566864,0.9783766269683838,0.0
318,,,,,,,,,,,,,,,,,-6.152324676513672,1.7341530110570602e-05,-0.021537169814109802,0.00033717299811542034,,,,,,,,,,,,,,1.005033016204834,0.021172285079956055,374.0,0.19577039778232574,150.0,16.570899963378906,-0.2247987538576126,-2.0249178760423092e-06,0.9491510391235352,0.9601977467536926,0.9527731537818909,0.9923210144042969,0.4618654251098633,0.49553847312927246,0.9749565720558167,0.0
319,,,,,,,,,,,,,,,,,-6.163415431976318,1.7341530110570602e-05,-0.030311519280076027,0.00027889778721146286,,,,,,,,,,,,,,0.9782412052154541,0.020842790603637695,384.0,0.19569970667362213,150.0,16.571441650390625,-0.23139113187789917,-3.904186542058596e-06,0.9305524826049805,0.9388783574104309,0.9447982907295227,0.9894058108329773,0.4548366963863373,0.49269697070121765,0.9687487483024597,0.0
320,,,,,,,,,,,,,,,,,-6.171978950500488,2.60122942563612e-05,-0.02945607714354992,0.000329744623741135,,,,,,,,,,,,,,0.9479517936706543,0.020771026611328125,396.0,0.19565057754516602,150.0,16.572906494140625,-0.2250123769044876,-7.527865477641171e-07,0.9301334023475647,0.9413690567016602,0.9284021258354187,0.9881812930107117,0.4489304721355438,0.490846186876297,0.9684863686561584,0.0
321,,,,,,,,,,,,,,,,,-6.180113315582275,1.7341530110570602e-05,-0.025751149281859398,0.0003929478698410094,,,,,,,,,,,,,,0.9652531147003174,0.01966381072998047,389.0,0.19559697806835175,150.0,16.57378578186035,-0.2253638058900833,-5.00726082464098e-06,0.9444904327392578,0.9518049359321594,0.9351109862327576,0.9871373176574707,0.4502343237400055,0.48852288722991943,0.9694933891296387,0.0
322,,,,,,,,,,,,,,,,,-6.1844964027404785,1.7341530110570602e-05,-0.028865516185760498,0.0002818178618326783,,,,,,,,,,,,,,0.9872419834136963,0.02052617073059082,381.0,0.19559785723686218,150.0,16.57697868347168,-0.22593487799167633,-1.4796866025790223e-06,0.961155891418457,0.9662409424781799,0.9543082118034363,0.9920230507850647,0.466806024312973,0.492685467004776,0.9785005450248718,0.0
323,,,,,,,,,,,,,,,,,-6.18540096282959,2.60122942563612e-05,-0.022826876491308212,0.0002453115885145962,,,,,,,,,,,,,,1.0084190368652344,0.021008968353271484,373.0,0.19556312263011932,150.0,16.582229614257812,-0.2233896702528,-4.262792572262697e-07,0.9590099453926086,0.9647278189659119,0.9604713320732117,0.9928099513053894,0.4638318121433258,0.49507394433021545,0.9779509902000427,0.0
324,,,,,,,,,,,,,,,,,-6.194162845611572,1.7341530110570602e-05,-0.03365391865372658,0.0003011814260389656,,,,,,,,,,,,,,1.0169551372528076,0.020409822463989258,370.0,0.19548912346363068,150.0,16.582340240478516,-0.22215180099010468,-1.8133642143425277e-08,0.9543836712837219,0.9626307487487793,0.9582608342170715,0.9932851195335388,0.46704867482185364,0.4956784248352051,0.9777517318725586,0.0
325,,,,,,,,,,,,,,,,,-6.20212984085083,1.7341530110570602e-05,-0.030206860974431038,0.00023233579122461379,,,,,,,,,,,,,,0.98844313621521,0.020022869110107422,380.0,0.1954609900712967,150.0,16.582340240478516,-0.22814349830150604,-1.7817210391513072e-06,0.9449527859687805,0.9554063677787781,0.9506425261497498,0.9914069771766663,0.46082744002342224,0.4945904016494751,0.9722079634666443,0.0
326,,,,,,,,,,,,,,,,,-6.205970287322998,1.7341530110570602e-05,-0.030145056545734406,0.00026058999355882406,,,,,,,,,,,,,,0.9709792137145996,0.02059006690979004,387.0,0.19543308019638062,150.0,16.58271026611328,-0.22585682570934296,-9.395592428518285e-07,0.9357330799102783,0.9449140429496765,0.9391854405403137,0.9903809428215027,0.45337173342704773,0.4936693608760834,0.9683632850646973,0.0
327,,,,,,,,,,,,,,,,,-6.210721492767334,2.60122942563612e-05,-0.02388409711420536,0.00034343625884503126,,,,,,,,,,,,,,0.966163158416748,0.019723892211914062,389.0,0.19540685415267944,150.0,16.584733963012695,-0.2220301777124405,-2.561672090450884e-06,0.933027446269989,0.9416351318359375,0.9449688792228699,0.9897761344909668,0.4509609043598175,0.4924328029155731,0.9683443903923035,0.0
328,,,,,,,,,,,,,,,,,-6.2104058265686035,1.1561020073713735e-05,-0.029907001182436943,0.00037578120827674866,,,,,,,,,,,,,,0.9825048446655273,0.019513845443725586,383.0,0.1954457014799118,150.0,16.588956832885742,-0.22401972115039825,-7.541804620814219e-07,0.9508719444274902,0.95750492811203,0.9433662295341492,0.9905224442481995,0.4522959887981415,0.4933107793331146,0.9732934832572937,0.0
329,,,,,,,,,,,,,,,,,-6.207970142364502,1.7341530110570602e-05,-0.02634596638381481,0.00035017915070056915,,,,,,,,,,,,,,0.9963738918304443,0.020848989486694336,377.0,0.19542177021503448,150.0,16.589529037475586,-0.22454483807086945,-1.3058970580459572e-06,0.9530959725379944,0.9610312581062317,0.9565393328666687,0.992748498916626,0.4602842330932617,0.4956963360309601,0.9777043461799622,0.0
330,-0.22775352001190186,-1.5765720036142739e-06,0.94398432970047,0.9531932473182678,0.9491492509841919,0.9916117191314697,0.45651447772979736,0.49511396884918213,0.9721977114677429,0.0,0.0,0.0,0.0,0.0,0.0,1.0,-6.216828346252441,2.60122942563612e-05,-0.01899610087275505,0.0003068632504437119,1.0259732007980347,0.0811493769288063,0.028657859191298485,0.08329588919878006,0.6897749900817871,0.18167920410633087,0.017803048714995384,0.058446191251277924,0.11661870777606964,1.4601945877075195,0.0,0.0,0.0,1.0050311088562012,0.02017498016357422,374.0,0.19532981514930725,150.0,16.589603424072266,-0.22368521988391876,-2.5062720396817895e-06,0.9604256749153137,0.9667863845825195,0.9509941935539246,0.9914779663085938,0.46136704087257385,0.4941180646419525,0.976560652256012,0.0
331,,,,,,,,,,,,,,,,,-6.228689193725586,1.1561020073713735e-05,-0.03451608866453171,0.00028539946652017534,,,,,,,,,,,,,,0.967426061630249,0.02088761329650879,388.0,0.19527952373027802,150.0,16.58892822265625,-0.22332929074764252,-1.8757141333480831e-06,0.9345294833183289,0.9473826885223389,0.9492470622062683,0.9911145567893982,0.46056437492370605,0.49270179867744446,0.973319947719574,0.0
332,,,,,,,,,,,,,,,,,-6.234786510467529,1.7341530110570602e-05,-0.02666090615093708,0.00024592189583927393,,,,,,,,,,,,,,0.9709470272064209,0.020340919494628906,387.0,0.19523383677005768,150.0,16.588041305541992,-0.2158372402191162,-3.847946118185064e-06,0.9321532249450684,0.9412310719490051,0.9355230331420898,0.9885551333427429,0.44848063588142395,0.4923229217529297,0.9653696417808533,0.0
333,,,,,,,,,,,,,,,,,-6.240961074829102,1.7341530110570602e-05,-0.02239861525595188,0.0002963242877740413,,,,,,,,,,,,,,0.9669818878173828,0.01971602439880371,389.0,0.1952008157968521,150.0,16.58935546875,-0.22942902147769928,-1.830889800658042e-06,0.9319458603858948,0.9424082636833191,0.9371623992919922,0.9890406131744385,0.4496711790561676,0.49304458498954773,0.9686479568481445,0.0
334,,,,,,,,,,,,,,,,,-6.244472503662109,1.7341530110570602e-05,-0.02526811510324478,0.0002709887339733541,,,,,,,,,,,,,,0.996812105178833,0.02229475975036621,376.0,0.19518540799617767,150.0,16.59113121032715,-0.22952397167682648,-1.6168995387033647e-07,0.9514465928077698,0.955735445022583,0.9430143237113953,0.9902262091636658,0.4527725875377655,0.4932147264480591,0.9727405905723572,0.0
335,,,,,,,,,,,,,,,,,-6.247285842895508,2.60122942563612e-05,-0.02114844135940075,0.00023338339815381914,,,,,,,,,,,,,,1.0022261142730713,0.019936084747314453,375.0,0.19515307247638702,150.0,16.597185134887695,-0.2206188291311264,-6.827816179111323e-08,0.9628079533576965,0.9686832427978516,0.9590334892272949,0.9932575225830078,0.46390292048454285,0.4955631494522095,0.9790103435516357,0.0
336,,,,,,,,,,,,,,,,,-6.254242897033691,1.7341530110570602e-05,-0.02793455310165882,0.00027448247419670224,,,,,,,,,,,,,,0.9929149150848389,0.020241975784301758,379.0,0.1951015144586563,150.0,16.59593391418457,-0.22530455887317657,-5.799414566354244e-07,0.9621374607086182,0.9673585295677185,0.9664199352264404,0.9940626621246338,0.47074827551841736,0.49540433287620544,0.980224609375,0.0
337,,,,,,,,,,,,,,,,,-6.259751319885254,1.7341530110570602e-05,-0.02869054302573204,0.0003429994685575366,,,,,,,,,,,,,,0.9825847148895264,0.01980423927307129,383.0,0.19506984949111938,150.0,16.597023010253906,-0.2265820950269699,-1.8161032357966178e-06,0.9445508122444153,0.9585363268852234,0.9563680291175842,0.9929991364479065,0.4650505483150482,0.49578604102134705,0.9754818081855774,0.0
338,,,,,,,,,,,,,,,,,-6.2680253982543945,2.60122942563612e-05,-0.02616124041378498,0.0004029983829241246,,,,,,,,,,,,,,0.9853639602661133,0.01989603042602539,381.0,0.1949687898159027,150.0,16.59779930114746,-0.22495590150356293,-8.725400562070718e-07,0.9368459582328796,0.9426384568214417,0.9468148350715637,0.9899953007698059,0.4555104076862335,0.4933067858219147,0.9688811302185059,0.0
339,,,,,,,,,,,,,,,,,-6.282912254333496,1.1561020073713735e-05,-0.03665118291974068,0.0004048321570735425,,,,,,,,,,,,,,0.962813138961792,0.019850969314575195,390.0,0.194900780916214,150.0,16.600662231445312,-0.22539746761322021,-1.1331151199556189e-06,0.938929557800293,0.9488697052001953,0.9370394349098206,0.9899096488952637,0.45058247447013855,0.4941335916519165,0.9681537747383118,0.0
340,,,,,,,,,,,,,,,,,-6.289572715759277,2.60122942563612e-05,-0.021520307287573814,0.0002598256978671998,,,,,,,,,,,,,,0.962993860244751,0.02038097381591797,390.0,0.19486311078071594,150.0,16.60068130493164,-0.22141049802303314,-1.728054940031143e-06,0.9410173296928406,0.9462699890136719,0.9447045922279358,0.9907221794128418,0.45319482684135437,0.49473103880882263,0.9714560508728027,0.0
341,,,,,,,,,,,,,,,,,-6.297866344451904,1.1561020073713735e-05,-0.027291318401694298,0.00023971765767782927,,,,,,,,,,,,,,0.9914331436157227,0.020896196365356445,379.0,0.19479615986347198,150.0,16.603742599487305,-0.22321175038814545,-8.520297001268773e-07,0.9552331566810608,0.9635100364685059,0.9585850834846497,0.9935852885246277,0.4659298360347748,0.49586570262908936,0.9771437644958496,0.0
342,,,,,,,,,,,,,,,,,-6.308439254760742,2.60122942563612e-05,-0.02462039142847061,0.00020298577146604657,,,,,,,,,,,,,,0.9891738891601562,0.020634889602661133,380.0,0.19470521807670593,150.0,16.604097366333008,-0.2221405953168869,-8.095109365058306e-07,0.9604546427726746,0.9672231078147888,0.9586610794067383,0.9925742149353027,0.46476003527641296,0.49496161937713623,0.9783464074134827,0.0
343,,,,,,,,,,,,,,,,,-6.322751998901367,1.7341530110570602e-05,-0.03417903929948807,0.0003291733155492693,,,,,,,,,,,,,,1.0144689083099365,0.020061969757080078,371.0,0.1946275681257248,150.0,16.606403350830078,-0.2207089513540268,-1.6068552213255316e-06,0.9531857967376709,0.9639108777046204,0.9608451724052429,0.99381023645401,0.4669754207134247,0.496722936630249,0.9763998985290527,0.0
344,,,,,,,,,,,,,,,,,-6.330429553985596,1.7341530110570602e-05,-0.029488105326890945,0.0004017986648250371,,,,,,,,,,,,,,0.9743931293487549,0.02029895782470703,386.0,0.19459407031536102,150.0,16.607118606567383,-0.2251390665769577,-3.318832341392408e-06,0.9352471232414246,0.9427883625030518,0.9465810656547546,0.9903964996337891,0.4544442594051361,0.49480950832366943,0.9696914553642273,0.0
345,,,,,,,,,,,,,,,,,-6.336606979370117,1.7341530110570602e-05,-0.035016097128391266,0.00040760799311101437,,,,,,,,,,,,,,0.9454860687255859,0.020348787307739258,397.0,0.19454394280910492,150.0,16.611351013183594,-0.22287845611572266,-2.4532002953492338e-06,0.9331465363502502,0.9441108703613281,0.9292405247688293,0.988525390625,0.4476586580276489,0.4923884868621826,0.9670071601867676,0.0
346,,,,,,,,,,,,,,,,,-6.343127250671387,1.7341530110570602e-05,-0.022910472005605698,0.0005101821152493358,,,,,,,,,,,,,,0.9484949111938477,0.01966404914855957,396.0,0.19451048970222473,150.0,16.611587524414062,-0.2241671085357666,-2.7189653337700292e-06,0.9462459087371826,0.9505271911621094,0.945233166217804,0.9897716641426086,0.456510454416275,0.4915110170841217,0.9695455431938171,0.0
347,,,,,,,,,,,,,,,,,-6.345625400543213,2.60122942563612e-05,-0.028321951627731323,0.00035095473867841065,,,,,,,,,,,,,,1.1265439987182617,0.020303010940551758,334.0,0.19450874626636505,150.0,16.617937088012695,-0.2255365252494812,-7.113990250218194e-07,0.9509136080741882,0.9577601552009583,0.9468269348144531,0.9914715886116028,0.45675504207611084,0.4953348636627197,0.9756448864936829,0.0
348,,,,,,,,,,,,,,,,,-6.348306179046631,1.7341530110570602e-05,-0.025583632290363312,0.0002205786295235157,,,,,,,,,,,,,,1.0645596981048584,0.019677162170410156,354.0,0.19446606934070587,150.0,16.618162155151367,-0.22811435163021088,-6.332180078061356e-07,0.9657968878746033,0.9711106419563293,0.9669559597969055,0.9939751625061035,0.47287583351135254,0.49507012963294983,0.9813202023506165,0.0
349,,,,,,,,,,,,,,,,,-6.355706214904785,2.60122942563612e-05,-0.02432798035442829,0.00018824826111085713,,,,,,,,,,,,,,1.1147849559783936,0.020868301391601562,338.0,0.19440661370754242,150.0,16.618671417236328,-0.23101460933685303,0.0,0.9628755450248718,0.9681574702262878,0.9658201336860657,0.9944503903388977,0.4724912941455841,0.49647819995880127,0.9802842140197754,0.0
350,,,,,,,,,,,,,,,,,-6.363612651824951,1.1561020073713735e-05,-0.03508349135518074,0.0002776370965875685,,,,,,,,,,,,,,1.0325169563293457,0.020638227462768555,364.0,0.19437101483345032,150.0,16.618671417236328,-0.22191953659057617,-3.847749667329481e-06,0.9426359534263611,0.9531683325767517,0.9485757946968079,0.9909831881523132,0.45639029145240784,0.4950084388256073,0.970912754535675,0.0
351,,,,,,,,,,,,,,,,,-6.366637706756592,2.60122942563612e-05,-0.02171938307583332,0.00023032803437672555,,,,,,,,,,,,,,0.9977216720581055,0.020989179611206055,376.0,0.1943615823984146,150.0,16.619415283203125,-0.23067820072174072,-1.668683580646757e-06,0.9317891001701355,0.9414381384849548,0.9441682696342468,0.9913751482963562,0.45686355233192444,0.49373185634613037,0.9680560231208801,0.0
352,,,,,,,,,,,,,,,,,-6.368452548980713,1.7341530110570602e-05,-0.03191984072327614,0.0002818529319483787,,,,,,,,,,,,,,0.9977080821990967,0.019906997680664062,377.0,0.19433975219726562,150.0,16.621294021606445,-0.23098617792129517,-1.1902244523298577e-06,0.9319141507148743,0.940593421459198,0.9364394545555115,0.9890613555908203,0.4446880519390106,0.49474871158599854,0.9665650725364685,0.0
353,,,,,,,,,,,,,,,,,-6.376289367675781,2.60122942563612e-05,-0.02161243185400963,0.0002543371811043471,,,,,,,,,,,,,,1.0485608577728271,0.026878833770751953,357.0,0.1942436844110489,150.0,16.624391555786133,-0.22304630279541016,-1.4725374057888985e-06,0.9487637877464294,0.9555521011352539,0.9478279948234558,0.9915323257446289,0.4612599313259125,0.4946962893009186,0.973288357257843,0.0
354,,,,,,,,,,,,,,,,,-6.391315460205078,1.7341530110570602e-05,-0.030510306358337402,0.00019949671695940197,,,,,,,,,,,,,,1.1813099384307861,0.025474071502685547,318.0,0.19416475296020508,150.0,16.624792098999023,-0.22254621982574463,0.0,0.9597177505493164,0.9665220379829407,0.96319180727005,0.9938072562217712,0.4684534966945648,0.49598851799964905,0.9801909327507019,0.0
355,-0.22688044607639313,-3.142123716770584e-07,0.9475625157356262,0.9550843834877014,0.9517021775245667,0.9919907450675964,0.4620281755924225,0.49528053402900696,0.9734206199645996,0.0,0.0,0.0,0.0,0.0,0.0,1.0,-6.4013495445251465,1.7341530110570602e-05,-0.022313572466373444,0.0002465895377099514,1.1771697998046875,0.08536786586046219,0.01812475174665451,0.0522320419549942,0.7366799116134644,0.20365558564662933,0.00932540837675333,0.03867477923631668,0.10371041297912598,1.5712584257125854,0.0,0.0,0.0,1.0849218368530273,0.02084207534790039,347.0,0.19409891963005066,150.0,16.62862205505371,-0.21790002286434174,-4.053912316948072e-09,0.9685208201408386,0.9730330109596252,0.964625895023346,0.9941296577453613,0.47261545062065125,0.4962643086910248,0.9809659123420715,0.0
356,,,,,,,,,,,,,,,,,-6.410088062286377,2.60122942563612e-05,-0.0312943197786808,0.0002472395426593721,,,,,,,,,,,,,,1.0558412075042725,0.020982742309570312,356.0,0.19405584037303925,150.0,16.628944396972656,-0.22370858490467072,-4.611015356204007e-07,0.9420493245124817,0.9532772898674011,0.9585830569267273,0.9933363795280457,0.46912869811058044,0.49579763412475586,0.9741854071617126,0.0
357,,,,,,,,,,,,,,,,,-6.4153947830200195,1.7341530110570602e-05,-0.03445649519562721,0.00020668748766183853,,,,,,,,,,,,,,1.0140788555145264,0.022161006927490234,370.0,0.19402392208576202,150.0,16.628816604614258,-0.22098667919635773,-2.2876972707308596e-06,0.9411621689796448,0.948113739490509,0.9443354606628418,0.9900627136230469,0.45814165472984314,0.4934425354003906,0.9673490524291992,0.0
358,,,,,,,,,,,,,,,,,-6.420421123504639,2.60122942563612e-05,-0.028301874175667763,0.00023190872161649168,,,,,,,,,,,,,,1.0097689628601074,0.022419214248657227,372.0,0.19399259984493256,150.0,16.629653930664062,-0.2260630577802658,-1.5485905180412374e-07,0.9302732348442078,0.9401610493659973,0.9447243213653564,0.9907311797142029,0.4557962715625763,0.49499234557151794,0.9682719707489014,0.0
359,,,,,,,,,,,,,,,,,-6.427390098571777,1.7341530110570602e-05,-0.029231909662485123,0.00022551709844265133,,,,,,,,,,,,,,1.0089662075042725,0.023504972457885742,371.0,0.19392134249210358,150.0,16.633895874023438,-0.21962444484233856,-2.4484440928063123e-06,0.9463181495666504,0.9527152180671692,0.9427189230918884,0.9907426834106445,0.4541453421115875,0.49584460258483887,0.971157968044281,0.0
360,,,,,,,,,,,,,,,,,-6.440517425537109,2.60122942563612e-05,-0.018298616632819176,0.00018306348647456616,,,,,,,,,,,,,,1.0349550247192383,0.0218198299407959,363.0,0.19381393492221832,150.0,16.636754989624023,-0.2148405760526657,-2.6197599822808115e-07,0.9555240273475647,0.9631927609443665,0.9610238075256348,0.9939586520195007,0.4658775329589844,0.4967717230319977,0.9778476357460022,0.0
361,,,,,,,,,,,,,,,,,-6.456386089324951,1.7341530110570602e-05,-0.023903630673885345,0.00021744573314208537,,,,,,,,,,,,,,1.0509052276611328,0.022075176239013672,357.0,0.1937202513217926,150.0,16.636491775512695,-0.2205168753862381,-4.254329510899879e-08,0.9609202742576599,0.967222273349762,0.9631283283233643,0.9938766360282898,0.47061124444007874,0.4969688653945923,0.9798470139503479,0.0
362,,,,,,,,,,,,,,,,,-6.4673848152160645,1.7341530110570602e-05,-0.032547563314437866,0.00035077446955256164,,,,,,,,,,,,,,1.0298700332641602,0.02189326286315918,365.0,0.19367371499538422,150.0,16.637025833129883,-0.22412224113941193,-3.6811766790378897e-07,0.9457781910896301,0.9582910537719727,0.9608672261238098,0.9936778545379639,0.4686313569545746,0.49621501564979553,0.9754952788352966,0.0
363,,,,,,,,,,,,,,,,,-6.474339485168457,1.7341530110570602e-05,-0.02641919068992138,0.0002589146315585822,,,,,,,,,,,,,,1.0417640209197998,0.0207669734954834,361.0,0.19361767172813416,150.0,16.637834548950195,-0.22205853462219238,-7.609291969856713e-07,0.9360191226005554,0.9421401619911194,0.9461743235588074,0.9896944165229797,0.4556201696395874,0.4937392771244049,0.9679729342460632,0.0
364,,,,,,,,,,,,,,,,,-6.484442710876465,2.60122942563612e-05,-0.029186449944972992,0.000285502290353179,,,,,,,,,,,,,,0.9641509056091309,0.021047115325927734,389.0,0.19353196024894714,150.0,16.638916015625,-0.2245044708251953,-2.017729684666847e-06,0.9323962330818176,0.9418432116508484,0.9318464398384094,0.9890439510345459,0.44582006335258484,0.4950190484523773,0.9643593430519104,0.0
365,,,,,,,,,,,,,,,,,-6.498178482055664,1.7341530110570602e-05,-0.028542982414364815,0.00026777663151733577,,,,,,,,,,,,,,0.9563519954681396,0.020634174346923828,393.0,0.19344031810760498,150.0,16.640127182006836,-0.21933478116989136,-7.655565354980354e-07,0.9350821375846863,0.9428529739379883,0.9413537979125977,0.9900749325752258,0.45457735657691956,0.49427834153175354,0.9700136780738831,0.0
366,,,,,,,,,,,,,,,,,-6.513096809387207,2.60122942563612e-05,-0.022132933139801025,0.0001179677274194546,,,,,,,,,,,,,,0.9917819499969482,0.021524906158447266,378.0,0.19331732392311096,150.0,16.639854431152344,-0.22558097541332245,-3.6395643832065616e-08,0.958000659942627,0.9646751284599304,0.9636604189872742,0.9945265650749207,0.46994471549987793,0.4965820014476776,0.9786937832832336,0.0
367,,,,,,,,,,,,,,,,,-6.532398700714111,1.7341530110570602e-05,-0.03191613778471947,0.00015036208787932992,,,,,,,,,,,,,,0.9943950176239014,0.023135900497436523,377.0,0.1932121366262436,150.0,16.64006996154785,-0.21329106390476227,-2.914445360602258e-07,0.9611496329307556,0.9675927758216858,0.9634411931037903,0.9937484860420227,0.4672483205795288,0.4974261224269867,0.979966938495636,0.0
368,,,,,,,,,,,,,,,,,-6.543169975280762,1.7341530110570602e-05,-0.027410537004470825,0.00021411592024378479,,,,,,,,,,,,,,1.0110950469970703,0.02066493034362793,372.0,0.1931658834218979,150.0,16.641284942626953,-0.22524727880954742,-1.5918658613500725e-09,0.9552595019340515,0.9644527435302734,0.9651613831520081,0.9948022961616516,0.4720652997493744,0.49719491600990295,0.9771304726600647,0.0
369,,,,,,,,,,,,,,,,,-6.5478105545043945,2.60122942563612e-05,-0.026176955550909042,0.00025018907035700977,,,,,,,,,,,,,,0.9865553379058838,0.020302772521972656,381.0,0.1931486874818802,150.0,16.64129066467285,-0.21610765159130096,-3.479915903881192e-06,0.9379138946533203,0.945644199848175,0.9476830363273621,0.9904558658599854,0.4580015242099762,0.49522897601127625,0.9701333045959473,0.0
370,,,,,,,,,,,,,,,,,-6.553355693817139,1.7341530110570602e-05,-0.036332737654447556,0.0002097612014040351,,,,,,,,,,,,,,0.9530329704284668,0.0205690860748291,394.0,0.19308769702911377,150.0,16.643903732299805,-0.22251112759113312,-9.35523814860062e-07,0.9359143376350403,0.944543182849884,0.943718433380127,0.9915962219238281,0.46048280596733093,0.4946574866771698,0.9685167670249939,0.0
371,,,,,,,,,,,,,,,,,-6.565068244934082,2.60122942563612e-05,-0.03061528503894806,0.00023535711807198822,,,,,,,,,,,,,,0.9596390724182129,0.02275872230529785,390.0,0.19298286736011505,150.0,16.64519691467285,-0.22269992530345917,-1.9513240658852737e-06,0.9354550242424011,0.9445993304252625,0.9360583424568176,0.9886124134063721,0.44723454117774963,0.49334096908569336,0.9670056700706482,0.0
372,,,,,,,,,,,,,,,,,-6.581737995147705,1.7341530110570602e-05,-0.02913529984652996,0.0002218349400209263,,,,,,,,,,,,,,0.9975850582122803,0.021759986877441406,376.0,0.1928805261850357,150.0,16.650188446044922,-0.22396934032440186,-1.1775661050705821e-06,0.958199679851532,0.9645142555236816,0.9559526443481445,0.9930878281593323,0.46738722920417786,0.49500012397766113,0.9774646162986755,0.0
373,,,,,,,,,,,,,,,,,-6.592761993408203,1.7341530110570602e-05,-0.027012672275304794,0.0001606878504389897,,,,,,,,,,,,,,1.0075750350952148,0.020087718963623047,373.0,0.1928354948759079,150.0,16.654191970825195,-0.22149182856082916,-1.2091182952644886e-06,0.9624342918395996,0.96756511926651,0.962909996509552,0.9936298727989197,0.46554794907569885,0.49685993790626526,0.9786972999572754,0.0
374,,,,,,,,,,,,,,,,,-6.599289417266846,1.7341530110570602e-05,-0.032287947833538055,0.00021077624114695936,,,,,,,,,,,,,,1.0038762092590332,0.021997690200805664,374.0,0.192789226770401,150.0,16.652727127075195,-0.22448484599590302,-1.5858235258292552e-07,0.9531204700469971,0.9611247181892395,0.9635143280029297,0.9942609667778015,0.47042545676231384,0.49661555886268616,0.977144181728363,0.0
375,,,,,,,,,,,,,,,,,-6.604498386383057,1.7341530110570602e-05,-0.03648103028535843,0.0003085195494350046,,,,,,,,,,,,,,0.9842047691345215,0.02140021324157715,381.0,0.19278068840503693,150.0,16.652727127075195,-0.2109290361404419,-5.069663529866375e-06,0.9378113746643066,0.9471337199211121,0.9478790760040283,0.9912226796150208,0.4561799466609955,0.4960470497608185,0.968239963054657,0.0
376,,,,,,,,,,,,,,,,,-6.604371547698975,1.7341530110570602e-05,-0.0317501500248909,0.0003859030257444829,,,,,,,,,,,,,,0.9482040405273438,0.020992040634155273,396.0,0.19278809428215027,150.0,16.65452766418457,-0.21664737164974213,-1.1348366797392373e-06,0.9314162135124207,0.940764844417572,0.9288889765739441,0.9882118105888367,0.4499058425426483,0.4918989837169647,0.9656636714935303,0.0
377,,,,,,,,,,,,,,,,,-6.606364727020264,1.7341530110570602e-05,-0.027985747903585434,0.0002749075647443533,,,,,,,,,,,,,,0.9531168937683105,0.020549297332763672,394.0,0.19274187088012695,150.0,16.653301239013672,-0.22264230251312256,-2.1911739622737514e-07,0.946627140045166,0.9535560607910156,0.9435321688652039,0.9888918995857239,0.457662969827652,0.4898848533630371,0.9711292386054993,0.0
378,,,,,,,,,,,,,,,,,-6.6146721839904785,1.7341530110570602e-05,-0.02277928590774536,0.00022588251158595085,,,,,,,,,,,,,,0.9853179454803467,0.021159887313842773,381.0,0.19269049167633057,150.0,16.653507232666016,-0.2175590544939041,0.0,0.9560886025428772,0.9593875408172607,0.9489662647247314,0.9916464686393738,0.4609481394290924,0.49460411071777344,0.9742648601531982,0.0
379,,,,,,,,,,,,,,,,,-6.624178886413574,1.7341530110570602e-05,-0.03183504566550255,0.0003281261888332665,,,,,,,,,,,,,,0.9938828945159912,0.01986408233642578,378.0,0.19260485470294952,150.0,16.65340805053711,-0.21761931478977203,-2.5061817154892196e-07,0.9594095349311829,0.966712474822998,0.9624151587486267,0.993973433971405,0.4685019552707672,0.49643659591674805,0.9788743853569031,0.0
380,-0.21729888021945953,-2.4592731051598093e-07,0.9506340026855469,0.9577680826187134,0.9537209272384644,0.9925230741500854,0.4629705548286438,0.4960274398326874,0.9734818935394287,0.0,0.0,0.0,0.0,0.0,0.0,1.0,-6.639117240905762,1.7341530110570602e-05,-0.028079718351364136,0.00015312674804590642,1.050364375114441,0.08502940833568573,0.017328914254903793,0.06201191246509552,0.67047119140625,0.18277467787265778,0.01118837483227253,0.04400292783975601,0.10666623711585999,1.3647327423095703,0.0,0.0,0.0,0.998723030090332,0.02112269401550293,376.0,0.19250917434692383,150.0,16.65613555908203,-0.2159515768289566,0.0,0.9658836722373962,0.971494197845459,0.9627601504325867,0.9938721656799316,0.4703719913959503,0.4961695373058319,0.9790371060371399,0.0
381,,,,,,,,,,,,,,,,,-6.648730754852295,1.7341530110570602e-05,-0.02505134418606758,0.0003475637349765748,,,,,,,,,,,,,,0.9996860027313232,0.021122217178344727,376.0,0.19248440861701965,150.0,16.657245635986328,-0.223483145236969,-3.150924783312803e-07,0.9388605952262878,0.9498965740203857,0.9587099552154541,0.9935432076454163,0.4681433141231537,0.49589860439300537,0.9726713299751282,0.0
382,,,,,,,,,,,,,,,,,-6.651159763336182,1.7341530110570602e-05,-0.03271842375397682,0.00028517737518996,,,,,,,,,,,,,,0.984630823135376,0.01986098289489746,382.0,0.192466139793396,150.0,16.659244537353516,-0.22362037003040314,-9.086675163416658e-07,0.9335382580757141,0.9414952397346497,0.9353901743888855,0.9888539910316467,0.4478733539581299,0.4944264888763428,0.9637144207954407,0.0
383,,,,,,,,,,,,,,,,,-6.653866767883301,1.7341530110570602e-05,-0.026330022141337395,0.0003038383729290217,,,,,,,,,,,,,,0.959446907043457,0.022110939025878906,391.0,0.19244664907455444,150.0,16.659387588500977,-0.2152589112520218,-9.528077953291358e-07,0.9265682101249695,0.9370054602622986,0.9392764568328857,0.9897456169128418,0.45079267024993896,0.4941478669643402,0.9663597941398621,0.0
384,,,,,,,,,,,,,,,,,-6.659564018249512,2.60122942563612e-05,-0.030234742909669876,0.00022930576233193278,,,,,,,,,,,,,,1.0045747756958008,0.021046161651611328,374.0,0.19237229228019714,150.0,16.659595489501953,-0.21766714751720428,0.0,0.9496257901191711,0.9552977681159973,0.9406226277351379,0.9901935458183289,0.45382609963417053,0.4935462772846222,0.9714338779449463,0.0
385,,,,,,,,,,,,,,,,,-6.6710686683654785,1.7341530110570602e-05,-0.0301531832665205,0.00016952514124568552,,,,,,,,,,,,,,0.9953851699829102,0.020483970642089844,378.0,0.19232313334941864,150.0,16.659948348999023,-0.21947650611400604,0.0,0.9641539454460144,0.969626247882843,0.961179792881012,0.9938628077507019,0.46742895245552063,0.49575862288475037,0.9793612360954285,0.0
386,,,,,,,,,,,,,,,,,-6.674600124359131,1.7341530110570602e-05,-0.024811260402202606,0.00019752522348426282,,,,,,,,,,,,,,0.9975659847259521,0.0204010009765625,377.0,0.1923125684261322,150.0,16.660030364990234,-0.2146085947751999,0.0,0.9595828652381897,0.964820146560669,0.9662978053092957,0.9944682717323303,0.4723564386367798,0.4962671995162964,0.9792138934135437,0.0
387,,,,,,,,,,,,,,,,,-6.676112651824951,1.7341530110570602e-05,-0.029853329062461853,0.00021195776935201138,,,,,,,,,,,,,,0.9835269451141357,0.020753145217895508,382.0,0.19230450689792633,150.0,16.660053253173828,-0.22658468782901764,-4.721846469379898e-09,0.9449647068977356,0.9576310515403748,0.956567108631134,0.9932906031608582,0.4648157060146332,0.4968315362930298,0.9751996397972107,0.0
388,,,,,,,,,,,,,,,,,-6.67777156829834,1.7341530110570602e-05,-0.030283667147159576,0.00028759409906342626,,,,,,,,,,,,,,0.9750032424926758,0.02037668228149414,385.0,0.19228433072566986,150.0,16.660234451293945,-0.2119578719139099,-6.818793707452642e-08,0.934859573841095,0.9404025077819824,0.948678195476532,0.9904749989509583,0.45856842398643494,0.49344921112060547,0.9681838154792786,0.0
389,,,,,,,,,,,,,,,,,-6.679851055145264,2.60122942563612e-05,-0.0253375843167305,0.00026601034915074706,,,,,,,,,,,,,,0.9628920555114746,0.019895076751708984,390.0,0.19228783249855042,150.0,16.661022186279297,-0.21950672566890717,-2.2696299595281744e-07,0.9440132975578308,0.9530255198478699,0.9301316142082214,0.9886772632598877,0.4495011866092682,0.4930327236652374,0.9674690365791321,0.0
390,,,,,,,,,,,,,,,,,-6.682870388031006,2.60122942563612e-05,-0.03016756847500801,0.0002131626388290897,,,,,,,,,,,,,,0.9535050392150879,0.019639015197753906,394.0,0.19221381843090057,150.0,16.662033081054688,-0.21285571157932281,0.0,0.9468620419502258,0.9499120712280273,0.9501948356628418,0.9912335872650146,0.4610269367694855,0.49398449063301086,0.9731416702270508,0.0
391,,,,,,,,,,,,,,,,,-6.696723937988281,1.7341530110570602e-05,-0.040159787982702255,0.00023393436276819557,,,,,,,,,,,,,,0.9950227737426758,0.019982099533081055,378.0,0.1921129822731018,150.0,16.663766860961914,-0.21103127300739288,-4.1374980241926096e-07,0.9586054682731628,0.9658656716346741,0.9579863548278809,0.9936801791191101,0.46593692898750305,0.4966025650501251,0.9780028462409973,0.0
392,,,,,,,,,,,,,,,,,-6.7110915184021,2.60122942563612e-05,-0.024532124400138855,0.00019643758423626423,,,,,,,,,,,,,,1.0012989044189453,0.020676136016845703,375.0,0.1920105665922165,150.0,16.66480255126953,-0.2173088639974594,0.0,0.9667239189147949,0.9717190265655518,0.9667718410491943,0.994431734085083,0.47277119755744934,0.4962425231933594,0.9808151125907898,0.0
393,,,,,,,,,,,,,,,,,-6.725589752197266,1.7341530110570602e-05,-0.03692829608917236,0.00018950224330183119,,,,,,,,,,,,,,1.0128052234649658,0.020956754684448242,371.0,0.19194459915161133,150.0,16.66534996032715,-0.22123368084430695,0.0,0.9569106101989746,0.9654054641723633,0.9642283916473389,0.9945709705352783,0.47026145458221436,0.49712833762168884,0.9770490527153015,0.0
394,,,,,,,,,,,,,,,,,-6.729736328125,1.7341530110570602e-05,-0.03058261051774025,0.00022313477529678494,,,,,,,,,,,,,,0.9721531867980957,0.020527124404907227,386.0,0.1919465810060501,150.0,16.666479110717773,-0.21267767250537872,-2.2332744720188202e-07,0.9360771179199219,0.9432547092437744,0.9516582489013672,0.9912306666374207,0.4605002701282501,0.4948125183582306,0.9698340892791748,0.0
395,,,,,,,,,,,,,,,,,-6.729992866516113,1.7341530110570602e-05,-0.028287852182984352,0.00013023699284531176,,,,,,,,,,,,,,0.9559738636016846,0.020566225051879883,393.0,0.1919396072626114,150.0,16.668128967285156,-0.22700537741184235,0.0,0.932218074798584,0.9416676163673401,0.9387490749359131,0.9908674359321594,0.4554653465747833,0.49441108107566833,0.96707683801651,0.0
396,,,,,,,,,,,,,,,,,-6.730166435241699,1.7341530110570602e-05,-0.02936375141143799,0.00016210759349633008,,,,,,,,,,,,,,0.9414479732513428,0.02014303207397461,399.0,0.19195464253425598,150.0,16.669261932373047,-0.21353019773960114,-3.711020610808191e-07,0.9410710334777832,0.9483480453491211,0.9401729702949524,0.9895418286323547,0.45208969712257385,0.4938387870788574,0.9682567715644836,0.0
397,,,,,,,,,,,,,,,,,-6.729684829711914,2.60122942563612e-05,-0.022382669150829315,0.00019134620379190892,,,,,,,,,,,,,,0.9872419834136963,0.02100992202758789,380.0,0.19193048775196075,150.0,16.670787811279297,-0.215424045920372,0.0,0.9562579989433289,0.9626410603523254,0.9551227688789368,0.9930605888366699,0.46617963910102844,0.4953629970550537,0.9771771430969238,0.0
398,,,,,,,,,,,,,,,,,-6.738781929016113,1.7341530110570602e-05,-0.02365763857960701,0.0001422325149178505,,,,,,,,,,,,,,1.0006871223449707,0.02058720588684082,376.0,0.19183331727981567,150.0,16.669403076171875,-0.21922510862350464,-3.1909385711514915e-07,0.9606706500053406,0.9662604928016663,0.9635393023490906,0.9937694668769836,0.46826329827308655,0.4966385066509247,0.9786858558654785,0.0
399,,,,,,,,,,,,,,,,,-6.7542548179626465,1.1561020073713735e-05,-0.03215178847312927,0.00020330862025730312,,,,,,,,,,,,,,1.0047662258148193,0.019807815551757812,374.0,0.19174088537693024,150.0,16.66887092590332,-0.2179444283246994,0.0,0.9588749408721924,0.9659438133239746,0.9639602303504944,0.9943205714225769,0.47257909178733826,0.4966449737548828,0.979101836681366,0.0
400,,,,,,,,,,,,,,,,,-6.766121864318848,1.7341530110570602e-05,-0.028582658618688583,0.00019730608619283885,,,,,,,,,,,,,,0.9724674224853516,0.019609689712524414,387.0,0.19166839122772217,150.0,16.66887092590332,-0.22095800936222076,-2.0586099935826496e-07,0.9415727257728577,0.9511933922767639,0.9482572078704834,0.9910378456115723,0.4586660861968994,0.49547651410102844,0.9690761566162109,0.0
401,,,,,,,,,,,,,,,,,-6.777634620666504,2.60122942563612e-05,-0.02563641592860222,0.0002240832254756242,,,,,,,,,,,,,,0.952890157699585,0.020719051361083984,394.0,0.1915919929742813,150.0,16.66853141784668,-0.21614664793014526,-2.257887210532772e-08,0.9369918704032898,0.9451091885566711,0.940905749797821,0.9904694557189941,0.45998382568359375,0.49327385425567627,0.9677839279174805,0.0
402,,,,,,,,,,,,,,,,,-6.789984226226807,1.7341530110570602e-05,-0.03439704701304436,0.00021655147429555655,,,,,,,,,,,,,,0.9617440700531006,0.019689083099365234,391.0,0.19150753319263458,150.0,16.671043395996094,-0.21516363322734833,-9.288702926824044e-07,0.9330336451530457,0.9418399930000305,0.9420251250267029,0.989438533782959,0.45393824577331543,0.4929269254207611,0.9674356579780579,0.0
403,,,,,,,,,,,,,,,,,-6.800410270690918,1.7341530110570602e-05,-0.028403107076883316,0.00018542047473601997,,,,,,,,,,,,,,0.9785351753234863,0.019887924194335938,384.0,0.19145789742469788,150.0,16.672718048095703,-0.21726129949092865,-4.811564053852635e-07,0.9585040211677551,0.9626674056053162,0.946793258190155,0.9910125136375427,0.46028968691825867,0.49389633536338806,0.9749948978424072,0.0
404,,,,,,,,,,,,,,,,,-6.8104095458984375,2.60122942563612e-05,-0.021394768729805946,0.00015499891014769673,,,,,,,,,,,,,,0.9882211685180664,0.019688844680786133,380.0,0.19134990870952606,150.0,16.6732234954834,-0.21897608041763306,-3.111300728164679e-08,0.9601460099220276,0.965936005115509,0.9666195511817932,0.9943782687187195,0.4701278507709503,0.4966011941432953,0.9795713424682617,0.0
405,-0.21635140478610992,-5.897662163079076e-07,0.9468076825141907,0.9540330171585083,0.9504472613334656,0.9916332960128784,0.4600078761577606,0.4952857494354248,0.9723655581474304,0.0,0.0,0.0,0.0,0.0,0.0,1.0,-6.828615188598633,1.7341530110570602e-05,-0.03308357670903206,0.0001323525793850422,1.0950257778167725,0.0916878879070282,0.022627301514148712,0.0860680490732193,0.7298610210418701,0.20045159757137299,0.015470114536583424,0.05562130734324455,0.11104996502399445,1.6730011701583862,0.0,0.0,0.0,0.9988439083099365,0.020456790924072266,376.0,0.19124393165111542,150.0,16.674190521240234,-0.21628211438655853,-4.597528047156629e-08,0.9669749736785889,0.9718824028968811,0.9621984958648682,0.9937408566474915,0.47015154361724854,0.49630680680274963,0.9790075421333313,0.0
406,,,,,,,,,,,,,,,,,-6.841860294342041,1.7341530110570602e-05,-0.0326860211789608,0.0002398634096607566,,,,,,,,,,,,,,1.0031201839447021,0.02008986473083496,375.0,0.19117122888565063,150.0,16.674562454223633,-0.21686916053295135,-4.1991910393335274e-08,0.9419912695884705,0.9514948725700378,0.9564275145530701,0.9929690957069397,0.4664657413959503,0.49615243077278137,0.9730803966522217,0.0
407,,,,,,,,,,,,,,,,,-6.853559494018555,1.7341530110570602e-05,-0.03351782634854317,0.00014435951015911996,,,,,,,,,,,,,,0.9696190357208252,0.020778894424438477,387.0,0.19108480215072632,150.0,16.674962997436523,-0.2192123681306839,-9.90959961200133e-07,0.9391962885856628,0.9455531239509583,0.936833918094635,0.988435685634613,0.4524708688259125,0.49319422245025635,0.9653453826904297,0.0
408,,,,,,,,,,,,,,,,,-6.866425037384033,2.60122942563612e-05,-0.030806273221969604,0.0002522020658943802,,,,,,,,,,,,,,0.9761772155761719,0.021246910095214844,384.0,0.19100934267044067,150.0,16.675851821899414,-0.21268077194690704,-1.03960917385848e-06,0.9321894645690918,0.9404703974723816,0.947188675403595,0.9908491969108582,0.4596610367298126,0.4940218925476074,0.9678366780281067,0.0
409,,,,,,,,,,,,,,,,,-6.877513885498047,1.1561020073713735e-05,-0.031713541597127914,0.00019484163203742355,,,,,,,,,,,,,,0.968674898147583,0.020127058029174805,388.0,0.19094541668891907,150.0,16.676542282104492,-0.21475499868392944,-1.4114718283053662e-07,0.951320230960846,0.9564452767372131,0.9408230781555176,0.9900627136230469,0.4567684233188629,0.4940699636936188,0.9722952842712402,0.0
410,,,,,,,,,,,,,,,,,-6.8866448402404785,1.7341530110570602e-05,-0.025079531595110893,0.00013236247468739748,,,,,,,,,,,,,,0.9813761711120605,0.019875049591064453,383.0,0.1908750832080841,150.0,16.676908493041992,-0.21414734423160553,0.0,0.9690878391265869,0.9738616943359375,0.9644215106964111,0.994140625,0.4734932482242584,0.4949812591075897,0.980462372303009,0.0
411,,,,,,,,,,,,,,,,,-6.899346828460693,2.60122942563612e-05,-0.02943015657365322,0.00019098026677966118,,,,,,,,,,,,,,0.9886989593505859,0.020905017852783203,380.0,0.19078859686851501,150.0,16.679412841796875,-0.21108567714691162,0.0,0.9637584090232849,0.9679465293884277,0.9681825637817383,0.9944460391998291,0.47545185685157776,0.49588608741760254,0.9800315499305725,0.0
412,,,,,,,,,,,,,,,,,-6.909830570220947,1.1561020073713735e-05,-0.03865157812833786,0.0002955010568257421,,,,,,,,,,,,,,1.0133230686187744,0.024472951889038086,370.0,0.19074472784996033,150.0,16.67927360534668,-0.21789909899234772,-2.981928446388338e-07,0.9455111622810364,0.9559146761894226,0.9571690559387207,0.9930689334869385,0.465770959854126,0.4964321553707123,0.9743618965148926,0.0
413,,,,,,,,,,,,,,,,,-6.916837692260742,2.60122942563612e-05,-0.02519749477505684,0.00030218626488931477,,,,,,,,,,,,,,1.063011884689331,0.021033048629760742,354.0,0.19067247211933136,150.0,16.679258346557617,-0.20776309072971344,-1.7879046021462841e-09,0.9407956004142761,0.9454424381256104,0.9493657946586609,0.9904129505157471,0.46180304884910583,0.49287810921669006,0.9680888652801514,0.0
414,,,,,,,,,,,,,,,,,-6.932124137878418,1.7341530110570602e-05,-0.03307033330202103,0.0001587634178576991,,,,,,,,,,,,,,0.9642579555511475,0.021300077438354492,389.0,0.19055654108524323,150.0,16.68071174621582,-0.2146330624818802,-3.136420616556279e-07,0.9444466233253479,0.9520530700683594,0.93257737159729,0.9884621500968933,0.4500010907649994,0.49232998490333557,0.9672667384147644,0.0
415,,,,,,,,,,,,,,,,,-6.949445724487305,1.7341530110570602e-05,-0.02270573377609253,0.0002759220660664141,,,,,,,,,,,,,,0.9476909637451172,0.02031111717224121,396.0,0.19044961035251617,150.0,16.683029174804688,-0.2166668325662613,0.0,0.9469702839851379,0.95137619972229,0.9471036791801453,0.9903321862220764,0.460233598947525,0.49218323826789856,0.9720022678375244,0.0
416,,,,,,,,,,,,,,,,,-6.962482929229736,2.60122942563612e-05,-0.025077665224671364,0.0001224593579536304,,,,,,,,,,,,,,0.9809260368347168,0.020372867584228516,383.0,0.1903868466615677,150.0,16.685771942138672,-0.2158222645521164,0.0,0.9579827785491943,0.96458500623703,0.9589362144470215,0.9937179684638977,0.4662083685398102,0.49692070484161377,0.9769802093505859,0.0
417,,,,,,,,,,,,,,,,,-6.9709248542785645,1.7341530110570602e-05,-0.03623424842953682,0.00018647615797817707,,,,,,,,,,,,,,0.9998981952667236,0.019938945770263672,376.0,0.19034168124198914,150.0,16.685791015625,-0.21758271753787994,-1.5355591642673971e-07,0.9620471596717834,0.9680325984954834,0.9670946002006531,0.9943962693214417,0.4732660949230194,0.4974592924118042,0.9793470501899719,0.0
418,,,,,,,,,,,,,,,,,-6.9783101081848145,1.7341530110570602e-05,-0.029390551149845123,0.00025636435020715,,,,,,,,,,,,,,0.9981429576873779,0.021080732345581055,376.0,0.190285786986351,150.0,16.687171936035156,-0.21918797492980957,-5.3006662170673735e-08,0.9597475528717041,0.9680211544036865,0.9644384384155273,0.9943583607673645,0.47259917855262756,0.49702930450439453,0.9773126244544983,0.0
419,,,,,,,,,,,,,,,,,-6.986751079559326,1.7341530110570602e-05,-0.031029103323817253,0.0002017373190028593,,,,,,,,,,,,,,0.9738211631774902,0.020294904708862305,386.0,0.19023369252681732,150.0,16.68755340576172,-0.2161889672279358,0.0,0.9442054629325867,0.9492759108543396,0.9544203877449036,0.9913043975830078,0.46279558539390564,0.494819313287735,0.9710562825202942,0.0
420,,,,,,,,,,,,,,,,,-6.99521017074585,2.60122942563612e-05,-0.03115745447576046,0.000146709440741688,,,,,,,,,,,,,,0.9550540447235107,0.021060705184936523,393.0,0.19016800820827484,150.0,16.688657760620117,-0.21536676585674286,-9.330565120535539e-08,0.9369277358055115,0.9453248977661133,0.9456163048744202,0.9918139576911926,0.46106231212615967,0.4952380359172821,0.9677350521087646,0.0
421,,,,,,,,,,,,,,,,,-7.004794597625732,1.7341530110570602e-05,-0.0350380465388298,0.0001238598779309541,,,,,,,,,,,,,,0.9455671310424805,0.019847869873046875,397.0,0.1901262253522873,150.0,16.687854766845703,-0.21509283781051636,-9.476642048866779e-07,0.9380507469177246,0.9449098706245422,0.9409794807434082,0.9897706508636475,0.45311975479125977,0.49470603466033936,0.9672415852546692,0.0
422,,,,,,,,,,,,,,,,,-7.010435581207275,2.60122942563612e-05,-0.023788563907146454,0.00015275998157449067,,,,,,,,,,,,,,1.0136198997497559,0.020306110382080078,371.0,0.1900804042816162,150.0,16.6934757232666,-0.21450476348400116,0.0,0.9545815587043762,0.9611997604370117,0.9553005695343018,0.9930663108825684,0.4672582447528839,0.4958890378475189,0.9760360717773438,0.0
423,,,,,,,,,,,,,,,,,-7.016689777374268,1.7341530110570602e-05,-0.027908802032470703,0.00016998300270643085,,,,,,,,,,,,,,0.9949181079864502,0.02022409439086914,378.0,0.19006158411502838,150.0,16.694602966308594,-0.2124471515417099,-1.2435980352165643e-06,0.9673752784729004,0.9725666046142578,0.9652876257896423,0.9939109683036804,0.47126808762550354,0.49583402276039124,0.9801017642021179,0.0
424,,,,,,,,,,,,,,,,,-7.020216941833496,1.7341530110570602e-05,-0.027422357350587845,0.000206729382625781,,,,,,,,,,,,,,1.0000441074371338,0.020238876342773438,376.0,0.19002602994441986,150.0,16.695709228515625,-0.2128070592880249,-1.4849562468555177e-08,0.962579071521759,0.9678833484649658,0.9682777523994446,0.9948446750640869,0.4753763973712921,0.4965902268886566,0.9791309237480164,0.0
425,,,,,,,,,,,,,,,,,-7.026266098022461,1.7341530110570602e-05,-0.02725759521126747,0.0002826914133038372,,,,,,,,,,,,,,0.9604418277740479,0.020350217819213867,391.0,0.18999025225639343,150.0,16.695709228515625,-0.21541441977024078,-8.376596269954462e-07,0.9457719326019287,0.9531539082527161,0.9504902362823486,0.991234540939331,0.4596523344516754,0.49519872665405273,0.9691367745399475,0.0
426,,,,,,,,,,,,,,,,,-7.030864715576172,2.60122942563612e-05,-0.027851078659296036,0.0002189286460634321,,,,,,,,,,,,,,0.9342038631439209,0.020307302474975586,402.0,0.1899724006652832,150.0,16.696733474731445,-0.21967434883117676,-8.207441624108469e-07,0.939531147480011,0.9467561841011047,0.938593864440918,0.9896938800811768,0.45779848098754883,0.4925771951675415,0.9675607681274414,0.0
427,,,,,,,,,,,,,,,,,-7.033191204071045,1.7341530110570602e-05,-0.03489525988698006,0.00022010480461176485,,,,,,,,,,,,,,0.9492800235748291,0.022159099578857422,395.0,0.1899636834859848,150.0,16.69911766052246,-0.21958231925964355,-5.584972768701846e-07,0.942620575428009,0.9483852386474609,0.951251208782196,0.9910705089569092,0.4608616828918457,0.4935320317745209,0.9696145057678223,0.0
428,,,,,,,,,,,,,,,,,-7.034509181976318,2.60122942563612e-05,-0.019483810290694237,0.00019985812832601368,,,,,,,,,,,,,,0.9766511917114258,0.020240068435668945,385.0,0.18995052576065063,150.0,16.701435089111328,-0.2098737359046936,-7.329246187737226e-08,0.9579378962516785,0.9618027210235596,0.953086793422699,0.9924141764640808,0.46647024154663086,0.4950292408466339,0.9749924540519714,0.0
429,,,,,,,,,,,,,,,,,-7.037843227386475,1.7341530110570602e-05,-0.028737923130393028,0.00015242956578731537,,,,,,,,,,,,,,0.9820101261138916,0.02046489715576172,383.0,0.18991808593273163,150.0,16.70197296142578,-0.21518945693969727,0.0,0.9662297368049622,0.9724278450012207,0.9635875821113586,0.9937279224395752,0.4703083038330078,0.4954946041107178,0.9802373051643372,0.0
430,-0.21301548182964325,-2.2268038435413473e-07,0.9533019661903381,0.9591077566146851,0.9544122815132141,0.9921518564224243,0.4658550024032593,0.49465733766555786,0.9738101959228516,0.0,0.0,0.0,0.0,0.0,0.0,1.0,-7.044287204742432,2.60122942563612e-05,-0.02696315012872219,0.0001268030609935522,0.9675105214118958,0.07880978286266327,0.016532225534319878,0.07285602390766144,0.5987054705619812,0.16650667786598206,0.013070887885987759,0.05077807232737541,0.11006314307451248,1.300669550895691,0.0,0.0,0.0,1.0434141159057617,0.020346879959106445,360.0,0.18985533714294434,150.0,16.704130172729492,-0.21814660727977753,-4.002382922863035e-07,0.9709232449531555,0.9741489887237549,0.9697986245155334,0.9950868487358093,0.47623810172080994,0.4971581995487213,0.9803457856178284,0.0
431,,,,,,,,,,,,,,,,,-7.055534839630127,1.7341530110570602e-05,-0.02791067585349083,0.00026072331820614636,,,,,,,,,,,,,,1.0162289142608643,0.020318031311035156,370.0,0.18978601694107056,150.0,16.705656051635742,-0.21931637823581696,-1.0072476470668335e-06,0.9437195658683777,0.952410876750946,0.9590631127357483,0.9934733510017395,0.46735167503356934,0.4970240294933319,0.9725157618522644,0.0
432,,,,,,,,,,,,,,,,,-7.066476821899414,2.60122942563612e-05,-0.025364039465785027,0.00018771708710119128,,,,,,,,,,,,,,0.9861891269683838,0.021818876266479492,380.0,0.1896873116493225,150.0,16.707168579101562,-0.21204952895641327,-9.353056640293289e-08,0.9408324360847473,0.9466268420219421,0.9405389428138733,0.9893186688423157,0.4569178521633148,0.4936380088329315,0.9656252861022949,0.0
433,,,,,,,,,,,,,,,,,-7.084956169128418,1.7341530110570602e-05,-0.0326363667845726,0.00017745653167366982,,,,,,,,,,,,,,0.9749188423156738,0.020627975463867188,385.0,0.1895662546157837,150.0,16.707645416259766,-0.21328075230121613,-7.729714184279146e-07,0.9402686953544617,0.9478676915168762,0.9487621784210205,0.990784227848053,0.4646146297454834,0.4929019510746002,0.9699752926826477,0.0
434,,,,,,,,,,,,,,,,,-7.09947395324707,1.7341530110570602e-05,-0.024215489625930786,0.00015443710435647517,,,,,,,,,,,,,,0.9639651775360107,0.019653797149658203,390.0,0.1894908845424652,150.0,16.709245681762695,-0.21651901304721832,-1.7687792706055916e-06,0.9563273787498474,0.960060179233551,0.9441713690757751,0.9902271628379822,0.4580768644809723,0.4936746656894684,0.9726714491844177,0.0
435,,,,,,,,,,,,,,,,,-7.108120918273926,1.7341530110570602e-05,-0.020422037690877914,0.00010675249359337613,,,,,,,,,,,,,,0.9848940372467041,0.020215749740600586,382.0,0.1894473433494568,150.0,16.70978355407715,-0.21045942604541779,-1.5219804083699273e-07,0.9658088088035583,0.9706929326057434,0.9646317958831787,0.9943663477897644,0.47201260924339294,0.49597251415252686,0.9787117838859558,0.0
436,,,,,,,,,,,,,,,,,-7.117715835571289,1.7341530110570602e-05,-0.02530631795525551,0.00011639321746770293,,,,,,,,,,,,,,0.9994311332702637,0.019740819931030273,376.0,0.18935398757457733,150.0,16.711380004882812,-0.21640563011169434,-1.7924825215231976e-06,0.9606185555458069,0.9657406210899353,0.9633542895317078,0.9937837719917297,0.4701535999774933,0.49637046456336975,0.9783859252929688,0.0
437,,,,,,,,,,,,,,,,,-7.132531642913818,1.7341530110570602e-05,-0.027425700798630714,0.00015557551523670554,,,,,,,,,,,,,,0.9811720848083496,0.020366907119750977,383.0,0.1892530471086502,150.0,16.71193504333496,-0.2194608896970749,0.0,0.9491472244262695,0.9593825936317444,0.959952175617218,0.9934706687927246,0.4691368043422699,0.49553823471069336,0.9749722480773926,0.0
438,,,,,,,,,,,,,,,,,-7.146039962768555,1.7341530110570602e-05,-0.027902904897928238,0.00016742652223911136,,,,,,,,,,,,,,0.9861011505126953,0.019881010055541992,381.0,0.18918566405773163,150.0,16.712406158447266,-0.21288691461086273,-1.0462975978953182e-06,0.9420651793479919,0.9451097846031189,0.9494149684906006,0.989896297454834,0.46183016896247864,0.491864949464798,0.967625081539154,0.0
439,,,,,,,,,,,,,,,,,-7.157796859741211,1.7341530110570602e-05,-0.03216519206762314,0.000183742813533172,,,,,,,,,,,,,,0.9582738876342773,0.019869089126586914,392.0,0.18909195065498352,150.0,16.713422775268555,-0.2060009241104126,-2.6829795842786552e-06,0.9473106861114502,0.9541552662849426,0.9363422393798828,0.9888125061988831,0.4561745226383209,0.49131420254707336,0.9670200347900391,0.0
440,,,,,,,,,,,,,,,,,-7.173093795776367,2.60122942563612e-05,-0.026997290551662445,0.00020495177886914462,,,,,,,,,,,,,,0.9421758651733398,0.020870208740234375,398.0,0.18899005651474,150.0,16.716371536254883,-0.21514151990413666,-1.701847196500239e-07,0.9478485584259033,0.9509579539299011,0.942945659160614,0.9894993901252747,0.45795750617980957,0.49185943603515625,0.9718319773674011,0.0
441,,,,,,,,,,,,,,,,,-7.1858015060424805,1.7341530110570602e-05,-0.029217537492513657,0.00017146766185760498,,,,,,,,,,,,,,0.9833769798278809,0.019922971725463867,382.0,0.18894080817699432,150.0,16.71714210510254,-0.20892731845378876,-2.2022627277351603e-08,0.9663580060005188,0.9715868830680847,0.9597458839416504,0.9933345317840576,0.4712734520435333,0.4945177137851715,0.9789676666259766,0.0
442,,,,,,,,,,,,,,,,,-7.193696975708008,1.7341530110570602e-05,-0.02538285404443741,0.00011204308975720778,,,,,,,,,,,,,,0.9917471408843994,0.01966691017150879,379.0,0.18888184428215027,150.0,16.71735954284668,-0.21478761732578278,-1.205078774546564e-06,0.9640309810638428,0.9686417579650879,0.966494083404541,0.9938657879829407,0.4727098047733307,0.495807021856308,0.9793780446052551,0.0
443,,,,,,,,,,,,,,,,,-7.201549530029297,1.7341530110570602e-05,-0.0335456058382988,0.0001923664822243154,,,,,,,,,,,,,,1.0108752250671387,0.02013683319091797,372.0,0.1888437420129776,150.0,16.717409133911133,-0.20869243144989014,-2.760169479643082e-07,0.9591881632804871,0.9674245715141296,0.9629058241844177,0.9940959811210632,0.4704733192920685,0.49683240056037903,0.9762285351753235,0.0
444,,,,,,,,,,,,,,,,,-7.207711696624756,1.7341530110570602e-05,-0.03147096931934357,0.00014751413254998624,,,,,,,,,,,,,,0.972703218460083,0.019766807556152344,386.0,0.18879374861717224,150.0,16.717805862426758,-0.20982874929904938,-2.751382680798997e-06,0.941876232624054,0.9466283917427063,0.9526599049568176,0.9910666942596436,0.4630943834781647,0.494393914937973,0.9694338440895081,0.0
445,,,,,,,,,,,,,,,,,-7.216763973236084,1.7341530110570602e-05,-0.0320846289396286,0.00015416054520756006,,,,,,,,,,,,,,0.9460330009460449,0.01990199089050293,397.0,0.18872907757759094,150.0,16.72003936767578,-0.21209506690502167,-2.457524885812745e-07,0.9395957589149475,0.9476895332336426,0.9364253878593445,0.9893787503242493,0.4553562104701996,0.4928128719329834,0.9669905304908752,0.0
446,,,,,,,,,,,,,,,,,-7.226089954376221,1.7341530110570602e-05,-0.02925463765859604,0.00011808214185293764,,,,,,,,,,,,,,0.9344971179962158,0.019824981689453125,402.0,0.18867138028144836,150.0,16.720840454101562,-0.20698599517345428,-2.202101995862904e-06,0.9464948773384094,0.9505797028541565,0.9407340884208679,0.9889809489250183,0.4542652666568756,0.49273446202278137,0.9691071510314941,0.0
447,,,,,,,,,,,,,,,,,-7.238550662994385,2.60122942563612e-05,-0.02012268640100956,0.0001304989418713376,,,,,,,,,,,,,,0.9888529777526855,0.01987314224243164,380.0,0.18855342268943787,150.0,16.72286605834961,-0.21736246347427368,-5.8134929759035e-07,0.9614002704620361,0.9666665196418762,0.9597452282905579,0.9934883117675781,0.47083771228790283,0.49547135829925537,0.9777299761772156,0.0
448,,,,,,,,,,,,,,,,,-7.255037784576416,1.7341530110570602e-05,-0.029196511954069138,0.00014329655095934868,,,,,,,,,,,,,,1.0076117515563965,0.020221948623657227,373.0,0.18847790360450745,150.0,16.724817276000977,-0.20667517185211182,-1.7497450244263746e-07,0.965501606464386,0.9694636464118958,0.9663668274879456,0.9942806363105774,0.4710206091403961,0.49615272879600525,0.9793281555175781,0.0
449,,,,,,,,,,,,,,,,,-7.2660627365112305,1.7341530110570602e-05,-0.026722723618149757,0.0002598004066385329,,,,,,,,,,,,,,0.9999408721923828,0.01992201805114746,376.0,0.1883976310491562,150.0,16.724912643432617,-0.21466128528118134,0.0,0.9621656537055969,0.9681057929992676,0.9642600417137146,0.9941067695617676,0.47348228096961975,0.49559733271598816,0.9791036248207092,0.0
450,,,,,,,,,,,,,,,,,-7.2780938148498535,2.60122942563612e-05,-0.028841672465205193,0.0003888850915245712,,,,,,,,,,,,,,0.960568904876709,0.019567012786865234,391.0,0.18831835687160492,150.0,16.724912643432617,-0.21406759321689606,-9.240687290912319e-07,0.9508431553840637,0.9560711979866028,0.94911128282547,0.9904852509498596,0.4606300890445709,0.49351513385772705,0.9705788493156433,0.0
451,,,,,,,,,,,,,,,,,-7.289098262786865,1.7341530110570602e-05,-0.029126474633812904,0.000254336919169873,,,,,,,,,,,,,,0.9557421207427979,0.02037787437438965,393.0,0.18826372921466827,150.0,16.726049423217773,-0.21466831862926483,-1.7743965372574166e-06,0.9362134337425232,0.9423902034759521,0.936608612537384,0.9888438582420349,0.4556845724582672,0.49241241812705994,0.9672529101371765,0.0
452,,,,,,,,,,,,,,,,,-7.296590805053711,1.7341530110570602e-05,-0.03617966175079346,0.00017506441508885473,,,,,,,,,,,,,,0.9568347930908203,0.01976609230041504,393.0,0.18821042776107788,150.0,16.726390838623047,-0.20872272551059723,-1.9673323095048545e-06,0.9393976330757141,0.9451965689659119,0.9439244866371155,0.9893855452537537,0.45761358737945557,0.4920952320098877,0.9680860042572021,0.0
453,,,,,,,,,,,,,,,,,-7.3067145347595215,1.1561020073713735e-05,-0.027205780148506165,0.00015836601960472763,,,,,,,,,,,,,,0.9757828712463379,0.020492076873779297,385.0,0.18813583254814148,150.0,16.7266788482666,-0.21140767633914948,-1.1974203744102851e-06,0.9562394022941589,0.9594922065734863,0.9474125504493713,0.9910350441932678,0.4609545171260834,0.4943355619907379,0.9749143719673157,0.0
454,,,,,,,,,,,,,,,,,-7.318376064300537,1.7341530110570602e-05,-0.03189801424741745,0.0001241318095708266,,,,,,,,,,,,,,0.9818158149719238,0.020360231399536133,383.0,0.1880488395690918,150.0,16.729251861572266,-0.20525622367858887,-4.382634131161467e-07,0.965803325176239,0.9707307815551758,0.9616224765777588,0.9933483004570007,0.46916913986206055,0.4949680268764496,0.9795981049537659,0.0
455,-0.2079346925020218,-1.0296113259755657e-06,0.9504044055938721,0.9553757905960083,0.950203001499176,0.9911973476409912,0.46195265650749207,0.4943283796310425,0.9729888439178467,0.0,0.0,0.0,0.0,0.0,0.0,1.0,-7.332242488861084,2.60122942563612e-05,-0.02034037373960018,0.00011390621511964127,1.0042073726654053,0.08098962903022766,0.010137464851140976,0.07963798940181732,0.6326611042022705,0.17778176069259644,0.0114437872543931,0.050882019102573395,0.12036628276109695,1.500565528869629,0.0,0.0,0.0,0.9964070320129395,0.019639015197753906,377.0,0.18795916438102722,150.0,16.727991104125977,-0.21735598146915436,-1.0374011338853961e-07,0.9716368317604065,0.974205493927002,0.9654832482337952,0.9941136837005615,0.47303900122642517,0.49607136845588684,0.9802372455596924,0.0
456,,,,,,,,,,,,,,,,,-7.342321872711182,1.1561020073713735e-05,-0.0383232980966568,0.00013392834807746112,,,,,,,,,,,,,,0.9807021617889404,0.019840002059936523,383.0,0.18792299926280975,150.0,16.728696823120117,-0.21190589666366577,-1.2329911669439753e-06,0.9490219950675964,0.9555533528327942,0.9586167335510254,0.9930591583251953,0.46726155281066895,0.49553385376930237,0.9741091728210449,0.0
457,,,,,,,,,,,,,,,,,-7.3478474617004395,2.60122942563612e-05,-0.026922063902020454,0.00014290469698607922,,,,,,,,,,,,,,0.9599969387054443,0.020714998245239258,391.0,0.18786901235580444,150.0,16.729093551635742,-0.21230225265026093,-3.967030806961702e-06,0.9440787434577942,0.9476563334465027,0.941983699798584,0.9892283082008362,0.4572482109069824,0.49379396438598633,0.9660610556602478,0.0
458,,,,,,,,,,,,,,,,,-7.361424446105957,1.1561020073713735e-05,-0.029571861028671265,0.00013162779214326292,,,,,,,,,,,,,,0.9728739261627197,0.020326852798461914,386.0,0.18776340782642365,150.0,16.72959327697754,-0.20704098045825958,-2.4317171209986554e-06,0.9379639029502869,0.9449219703674316,0.9474353790283203,0.9908866882324219,0.46060943603515625,0.4948153495788574,0.96800297498703,0.0
459,,,,,,,,,,,,,,,,,-7.377414226531982,3.9018443203531206e-05,-0.02264019288122654,0.00013705456512980163,,,,,,,,,,,,,,0.959334135055542,0.020264863967895508,391.0,0.18762993812561035,150.0,16.730146408081055,-0.20349723100662231,-1.5472214727196842e-06,0.9524385929107666,0.9565361142158508,0.9451013207435608,0.9906837344169617,0.45919084548950195,0.4948669970035553,0.971524715423584,0.0
460,,,,,,,,,,,,,,,,,-7.39871072769165,1.7341530110570602e-05,-0.0320163257420063,0.00016781034355517477,,,,,,,,,,,,,,0.9907901287078857,0.01965188980102539,380.0,0.1875300407409668,150.0,16.7291259765625,-0.20443618297576904,-7.669816000088758e-07,0.9644538760185242,0.9699093699455261,0.9591352343559265,0.9935483932495117,0.4672161638736725,0.4962817132472992,0.9779534339904785,0.0
461,,,,,,,,,,,,,,,,,-7.411206245422363,1.7341530110570602e-05,-0.027305245399475098,0.0001453534932807088,,,,,,,,,,,,,,0.9982089996337891,0.01980280876159668,377.0,0.18744637072086334,150.0,16.730220794677734,-0.20664875209331512,-9.348435128231358e-07,0.966431200504303,0.969891369342804,0.9684223532676697,0.9945300221443176,0.47574400901794434,0.4960419237613678,0.9792826771736145,0.0
462,,,,,,,,,,,,,,,,,-7.425671577453613,1.7341530110570602e-05,-0.028706984594464302,0.00013419825700111687,,,,,,,,,,,,,,0.9836161136627197,0.02038407325744629,382.0,0.1873410940170288,150.0,16.73097801208496,-0.20827673375606537,-9.961767091226648e-07,0.949131190776825,0.957563579082489,0.9602305293083191,0.9935666918754578,0.4686717092990875,0.49656224250793457,0.9748199582099915,0.0
463,,,,,,,,,,,,,,,,,-7.439216136932373,1.1561020073713735e-05,-0.02540113776922226,0.00020669576770160347,,,,,,,,,,,,,,0.9663867950439453,0.020586013793945312,389.0,0.18728651106357574,150.0,16.731616973876953,-0.2100934237241745,-2.744650601016474e-06,0.9425114989280701,0.9457562565803528,0.9460434913635254,0.9892962574958801,0.45890888571739197,0.4927322566509247,0.9664218425750732,0.0
464,,,,,,,,,,,,,,,,,-7.447641372680664,2.60122942563612e-05,-0.027570100501179695,0.00015174839063547552,,,,,,,,,,,,,,0.9611992835998535,0.02030801773071289,391.0,0.1872132569551468,150.0,16.732839584350586,-0.21102119982242584,-3.277384166722186e-06,0.9440855979919434,0.9505887627601624,0.9342131614685059,0.9885886311531067,0.4525304138660431,0.49296990036964417,0.9665656685829163,0.0
465,,,,,,,,,,,,,,,,,-7.461330890655518,1.1561020073713735e-05,-0.029899954795837402,0.00012826727470383048,,,,,,,,,,,,,,0.9492349624633789,0.019817829132080078,396.0,0.1871379166841507,150.0,16.733335494995117,-0.1987392157316208,-1.5586100516884471e-06,0.9450576901435852,0.9485592842102051,0.9499710202217102,0.991070568561554,0.46372953057289124,0.49331602454185486,0.9719057679176331,0.0
466,,,,,,,,,,,,,,,,,-7.470143795013428,2.60122942563612e-05,-0.019630104303359985,0.00017531398043502122,,,,,,,,,,,,,,0.9855606555938721,0.021027088165283203,381.0,0.18707801401615143,150.0,16.733489990234375,-0.208822563290596,-6.36746344540029e-09,0.9632102847099304,0.9686678051948547,0.9564405083656311,0.9927788376808167,0.46606722474098206,0.4950408935546875,0.9775676727294922,0.0
467,,,,,,,,,,,,,,,,,-7.48089599609375,1.7341530110570602e-05,-0.02453223429620266,9.512762335361913e-05,,,,,,,,,,,,,,0.9831690788269043,0.019707679748535156,382.0,0.18700982630252838,150.0,16.733779907226562,-0.20085644721984863,-1.921886223499314e-06,0.9674191474914551,0.9722213745117188,0.9614391326904297,0.9924397468566895,0.4695150852203369,0.4931913912296295,0.9787865281105042,0.0
468,,,,,,,,,,,,,,,,,-7.487811088562012,1.7341530110570602e-05,-0.024504613131284714,0.0002730624983087182,,,,,,,,,,,,,,0.9892997741699219,0.020588159561157227,380.0,0.18698900938034058,150.0,16.73170280456543,-0.2121083289384842,-4.348285074229352e-07,0.9600255489349365,0.9667789340019226,0.9609909653663635,0.9933032989501953,0.46900010108947754,0.4951401650905609,0.9747630953788757,0.0
469,,,,,,,,,,,,,,,,,-7.489134788513184,1.7341530110570602e-05,-0.030143750831484795,0.00043732448830269277,,,,,,,,,,,,,,0.9698548316955566,0.021824121475219727,387.0,0.18698148429393768,150.0,16.73215675354004,-0.2082347720861435,-4.635799996322021e-06,0.9387852549552917,0.9428894519805908,0.9459789395332336,0.9894996285438538,0.4567866623401642,0.49410080909729004,0.9667943120002747,0.0
470,,,,,,,,,,,,,,,,,-7.490431785583496,1.7341530110570602e-05,-0.03772434964776039,0.0003747001173906028,,,,,,,,,,,,,,0.957183837890625,0.020557165145874023,392.0,0.18696562945842743,150.0,16.732370376586914,-0.20982371270656586,-8.39877600355976e-07,0.9375537037849426,0.9450597167015076,0.9447094798088074,0.9911062121391296,0.46113061904907227,0.49456319212913513,0.9683170318603516,0.0
471,,,,,,,,,,,,,,,,,-7.495380878448486,2.60122942563612e-05,-0.028462857007980347,0.00015296979108825326,,,,,,,,,,,,,,0.942328929901123,0.02040886878967285,398.0,0.18690727651119232,150.0,16.73198890686035,-0.2041580080986023,-5.888350642635487e-07,0.9420616030693054,0.9471474289894104,0.9414446949958801,0.989483654499054,0.4526781737804413,0.49414846301078796,0.9677028656005859,0.0
472,,,,,,,,,,,,,,,,,-7.502461910247803,1.7341530110570602e-05,-0.023662790656089783,0.00010665503941709176,,,,,,,,,,,,,,1.0191941261291504,0.027317047119140625,366.0,0.18689043819904327,150.0,16.731983184814453,-0.20711040496826172,-1.6945256220424199e-07,0.9588599801063538,0.964623749256134,0.9525229930877686,0.9919040203094482,0.46438780426979065,0.4935047924518585,0.976362407207489,0.0
473,,,,,,,,,,,,,,,,,-7.506125450134277,1.7341530110570602e-05,-0.02675538696348667,0.00017545957234688103,,,,,,,,,,,,,,1.0474679470062256,0.021174192428588867,359.0,0.18684348464012146,150.0,16.728599548339844,-0.20792381465435028,-1.655513301557221e-06,0.9691149592399597,0.972179114818573,0.9600499272346497,0.9925270080566406,0.4682452976703644,0.4934345781803131,0.9786462187767029,0.0
474,,,,,,,,,,,,,,,,,-7.513241767883301,1.7341530110570602e-05,-0.02938712015748024,0.00021330568415578455,,,,,,,,,,,,,,1.0079879760742188,0.020570993423461914,373.0,0.1868082731962204,150.0,16.728511810302734,-0.2069176286458969,-4.6415820520451234e-08,0.9659939408302307,0.9705559611320496,0.9603879451751709,0.9929048418998718,0.4708867073059082,0.49447426199913025,0.9785601496696472,0.0
475,,,,,,,,,,,,,,,,,-7.5173540115356445,1.1561020073713735e-05,-0.030343320220708847,0.00020101480185985565,,,,,,,,,,,,,,0.9759118556976318,0.019945859909057617,385.0,0.18679195642471313,150.0,16.728511810302734,-0.20973153412342072,-1.2549838857012219e-06,0.9528601765632629,0.9571113586425781,0.9527923464775085,0.9913836121559143,0.46282491087913513,0.494807630777359,0.9710912704467773,0.0
476,,,,,,,,,,,,,,,,,-7.5209126472473145,2.60122942563612e-05,-0.02394433505833149,0.00012294574116822332,,,,,,,,,,,,,,0.9601907730102539,0.020382404327392578,391.0,0.18674877285957336,150.0,16.728519439697266,-0.21318833529949188,-7.83819075422798e-07,0.9402095675468445,0.9460379481315613,0.9407720565795898,0.9898791909217834,0.4577489197254181,0.49403145909309387,0.9683505892753601,0.0
477,,,,,,,,,,,,,,,,,-7.529837608337402,1.7341530110570602e-05,-0.029909415170550346,0.00012689271534327418,,,,,,,,,,,,,,0.9673340320587158,0.020735979080200195,388.0,0.1866896003484726,150.0,16.73028564453125,-0.20962922275066376,-1.806898239919974e-06,0.9412665367126465,0.9475781321525574,0.9504885673522949,0.9909000396728516,0.46043869853019714,0.4938558042049408,0.9690642356872559,0.0
478,,,,,,,,,,,,,,,,,-7.538090229034424,1.7341530110570602e-05,-0.02501033991575241,9.320402023149654e-05,,,,,,,,,,,,,,0.9720408916473389,0.020251750946044922,386.0,0.1866322159767151,150.0,16.73102378845215,-0.20760522782802582,-2.5128423786213716e-08,0.9569637179374695,0.9614847302436829,0.9508774876594543,0.9918685555458069,0.4637957513332367,0.49522730708122253,0.9744503498077393,0.0
479,,,,,,,,,,,,,,,,,-7.548171043395996,1.7341530110570602e-05,-0.028110770508646965,0.00013525443500839174,,,,,,,,,,,,,,0.9976999759674072,0.01975393295288086,377.0,0.186555877327919,150.0,16.731101989746094,-0.20096440613269806,-3.2352211576380796e-08,0.9668208956718445,0.9718263745307922,0.9673215746879578,0.994514524936676,0.4740561544895172,0.495869517326355,0.9795287251472473,0.0
480,-0.20700785517692566,-1.1065716307712137e-06,0.9539453387260437,0.9593066573143005,0.9555156230926514,0.9923030734062195,0.46567538380622864,0.4950482249259949,0.973744809627533,0.0,0.0,0.0,0.0,0.0,0.0,1.0,-7.560826301574707,2.60122942563612e-05,-0.023764360696077347,0.00013848250091541559,1.0784571170806885,0.07567107677459717,0.007727705407887697,0.06498335301876068,0.6893203258514404,0.19329816102981567,0.008802700787782669,0.043246299028396606,0.11512954533100128,1.6569538116455078,0.0,0.0,0.0,1.0133068561553955,0.02037501335144043,371.0,0.18647165596485138,150.0,16.733436584472656,-0.20495261251926422,-1.4942696680009249e-06,0.9715258479118347,0.9746561050415039,0.9658048748970032,0.9941574931144714,0.4735206663608551,0.49652528762817383,0.9792363047599792,0.0
481,,,,,,,,,,,,,,,,,-7.57267951965332,1.1561020073713735e-05,-0.028843794018030167,0.0001731814118102193,,,,,,,,,,,,,,0.9983320236206055,0.01961493492126465,377.0,0.18641792237758636,150.0,16.73421859741211,-0.21069006621837616,-8.686338333063759e-07,0.949146032333374,0.9552529454231262,0.9615557193756104,0.9938402771949768,0.46889063715934753,0.49684786796569824,0.9739928245544434,0.0
482,,,,,,,,,,,,,,,,,-7.580000400543213,2.60122942563612e-05,-0.030335858464241028,0.0001419415493728593,,,,,,,,,,,,,,0.9811539649963379,0.019793987274169922,383.0,0.18636125326156616,150.0,16.734521865844727,-0.21102754771709442,-1.6851918189786375e-06,0.9429469704627991,0.9475870728492737,0.9416813254356384,0.9891678690910339,0.4564579427242279,0.49416401982307434,0.966203510761261,0.0
483,,,,,,,,,,,,,,,,,-7.591158390045166,1.1561020073713735e-05,-0.030944250524044037,0.00013248220784589648,,,,,,,,,,,,,,0.9713468551635742,0.01967620849609375,387.0,0.18629372119903564,150.0,16.73508071899414,-0.20292216539382935,-3.916439254680881e-06,0.940687358379364,0.9468875527381897,0.9488101601600647,0.9907677173614502,0.46252942085266113,0.4939765930175781,0.9688004851341248,0.0
484,,,,,,,,,,,,,,,,,-7.600003242492676,2.60122942563612e-05,-0.02256767265498638,8.191756205633283e-05,,,,,,,,,,,,,,0.9647312164306641,0.020222902297973633,389.0,0.18622347712516785,150.0,16.73775291442871,-0.20835600793361664,-2.2645060653303517e-06,0.9556669592857361,0.9587839245796204,0.9436562061309814,0.9902787804603577,0.4571925103664398,0.4951420724391937,0.9716393351554871,0.0
485,,,,,,,,,,,,,,,,,-7.612242221832275,2.60122942563612e-05,-0.0308702290058136,0.0001257426047232002,,,,,,,,,,,,,,0.9954540729522705,0.019613981246948242,378.0,0.18614056706428528,150.0,16.73775863647461,-0.20488715171813965,-5.953221489107818e-07,0.9645085334777832,0.9697591662406921,0.9652358889579773,0.9944567680358887,0.4712301790714264,0.49662208557128906,0.9788947105407715,0.0
486,,,,,,,,,,,,,,,,,-7.625960350036621,2.60122942563612e-05,-0.02440696582198143,0.00013922479411121458,,,,,,,,,,,,,,0.996107816696167,0.02018427848815918,377.0,0.18604515492916107,150.0,16.738616943359375,-0.20516498386859894,-8.536906079825712e-07,0.9631035327911377,0.9675895571708679,0.9644768238067627,0.9937964081764221,0.47148433327674866,0.49617254734039307,0.9779238104820251,0.0
487,,,,,,,,,,,,,,,,,-7.639652252197266,1.1561020073713735e-05,-0.030801767483353615,0.00020464022236410528,,,,,,,,,,,,,,0.9912738800048828,0.019759178161621094,379.0,0.18597398698329926,150.0,16.738292694091797,-0.20907802879810333,-1.1714884067259845e-06,0.9491181373596191,0.9578652381896973,0.9572947025299072,0.993054211139679,0.4663422405719757,0.49630841612815857,0.9743078351020813,0.0
488,,,,,,,,,,,,,,,,,-7.648402214050293,1.7341530110570602e-05,-0.024705687537789345,0.00017702669720165431,,,,,,,,,,,,,,0.9781899452209473,0.02035999298095703,384.0,0.1859232634305954,150.0,16.738832473754883,-0.20552672445774078,-4.863014055445092e-06,0.9378781318664551,0.9411045908927917,0.9498044848442078,0.9901369214057922,0.46020469069480896,0.494436115026474,0.9672448039054871,0.0
489,,,,,,,,,,,,,,,,,-7.657520294189453,1.7341530110570602e-05,-0.030582686886191368,0.0001202501225634478,,,,,,,,,,,,,,0.9626598358154297,0.02091383934020996,390.0,0.1858607828617096,150.0,16.738933563232422,-0.20157893002033234,-3.0285375487437705e-06,0.9426663517951965,0.949038028717041,0.9362351298332214,0.9892005920410156,0.45155465602874756,0.49461546540260315,0.966982364654541,0.0
490,,,,,,,,,,,,,,,,,-7.666932106018066,2.60122942563612e-05,-0.027751808986067772,8.964561857283115e-05,,,,,,,,,,,,,,0.9406640529632568,0.02040696144104004,399.0,0.18579153716564178,150.0,16.737619400024414,-0.20414365828037262,-1.0724141930040787e-06,0.9466039538383484,0.9501099586486816,0.9456408619880676,0.9902257919311523,0.45842626690864563,0.4935477077960968,0.9715556502342224,0.0
491,,,,,,,,,,,,,,,,,-7.682247161865234,1.7341530110570602e-05,-0.03062223084270954,0.000138303788844496,,,,,,,,,,,,,,0.9983291625976562,0.019823074340820312,377.0,0.1856715828180313,150.0,16.737812042236328,-0.20920604467391968,-6.998131425461906e-07,0.965013325214386,0.9704200625419617,0.9596635699272156,0.9933540225028992,0.46804070472717285,0.4964020252227783,0.9792588353157043,0.0
492,,,,,,,,,,,,,,,,,-7.699949741363525,1.7341530110570602e-05,-0.027647770941257477,9.960289753507823e-05,,,,,,,,,,,,,,1.00685715675354,0.019913911819458008,373.0,0.18556028604507446,150.0,16.738798141479492,-0.2008194774389267,-9.823911568673793e-07,0.9661343693733215,0.969695508480072,0.9702410697937012,0.9946244359016418,0.47472497820854187,0.4965449273586273,0.9795870780944824,0.0
493,,,,,,,,,,,,,,,,,-7.717401027679443,1.7341530110570602e-05,-0.03053251840174198,0.00014249463856685907,,,,,,,,,,,,,,1.0073459148406982,0.02071070671081543,373.0,0.1854441910982132,150.0,16.740575790405273,-0.20470140874385834,-3.1647371088183718e-06,0.9622812867164612,0.9684333205223083,0.9609184265136719,0.993474543094635,0.46992921829223633,0.49640384316444397,0.9758214354515076,0.0
494,,,,,,,,,,,,,,,,,-7.733823299407959,1.7341530110570602e-05,-0.02760487049818039,0.00016720304847694933,,,,,,,,,,,,,,0.9755001068115234,0.020793914794921875,385.0,0.18535591661930084,150.0,16.740283966064453,-0.21007513999938965,-3.942759121855488e-06,0.9430257678031921,0.9469473958015442,0.949575662612915,0.9901034235954285,0.46105948090553284,0.49436530470848083,0.9696336388587952,0.0
495,,,,,,,,,,,,,,,,,-7.7497124671936035,1.7341530110570602e-05,-0.034093402326107025,0.00013887604291085154,,,,,,,,,,,,,,0.9492321014404297,0.019655942916870117,396.0,0.18523100018501282,150.0,16.741737365722656,-0.2058316022157669,-1.1578634939723997e-06,0.9383752942085266,0.944163978099823,0.9427141547203064,0.9907026290893555,0.4593801498413086,0.49545207619667053,0.9688546657562256,0.0
496,,,,,,,,,,,,,,,,,-7.76757287979126,2.60122942563612e-05,-0.03441445901989937,0.0001227257598657161,,,,,,,,,,,,,,0.9392068386077881,0.020527124404907227,400.0,0.1851365566253662,150.0,16.741676330566406,-0.19727367162704468,-2.5298561467934633e-06,0.9434995055198669,0.9485077857971191,0.942869246006012,0.9895842671394348,0.45314517617225647,0.4949676990509033,0.9680293202400208,0.0
497,,,,,,,,,,,,,,,,,-7.779043674468994,1.7341530110570602e-05,-0.02941896580159664,0.00011411926243454218,,,,,,,,,,,,,,0.9884510040283203,0.020426034927368164,380.0,0.18508702516555786,150.0,16.74275016784668,-0.20286929607391357,-1.9887138478225097e-06,0.959943950176239,0.9640418887138367,0.9557757377624512,0.9929891228675842,0.4662283957004547,0.496900349855423,0.9761791229248047,0.0
498,,,,,,,,,,,,,,,,,-7.784189224243164,2.60122942563612e-05,-0.02747877687215805,0.00011117284884676337,,,,,,,,,,,,,,0.9928958415985107,0.01978302001953125,379.0,0.18507863581180573,150.0,16.74245834350586,-0.2066599726676941,-1.064933712768834e-06,0.9650108218193054,0.968665599822998,0.9644217491149902,0.9938966631889343,0.47056397795677185,0.496576189994812,0.9779176712036133,0.0
499,,,,,,,,,,,,,,,,,-7.785957336425781,1.7341530110570602e-05,-0.03204859793186188,0.0001593324268469587,,,,,,,,,,,,,,1.0012202262878418,0.019788742065429688,376.0,0.1850493848323822,150.0,16.743148803710938,-0.20061850547790527,-1.0399588745713118e-06,0.9640591740608215,0.9696709513664246,0.9638676643371582,0.9938950538635254,0.47243714332580566,0.4967162609100342,0.9790170788764954,0.0
500,,,,,,,,,,,,,,,,,-7.793208122253418,1.7341530110570602e-05,-0.03222808986902237,0.00021647161338478327,,,,,,,,,,,,,,0.9744899272918701,0.02044391632080078,385.0,0.18499481678009033,150.0,16.743148803710938,-0.19981159269809723,-6.71252200845629e-06,0.9475409388542175,0.9523691534996033,0.9520414471626282,0.9914173483848572,0.4603523910045624,0.4965954124927521,0.9690712094306946,0.0
501,,,,,,,,,,,,,,,,,-7.799585819244385,1.7341530110570602e-05,-0.026409320533275604,0.00019181412062607706,,,,,,,,,,,,,,0.9588339328765869,0.02066206932067871,392.0,0.18497633934020996,150.0,16.743619918823242,-0.21033410727977753,-1.649182991059206e-06,0.9353218078613281,0.9417364001274109,0.9412124156951904,0.9903350472450256,0.45816341042518616,0.4957245886325836,0.9676365256309509,0.0
502,,,,,,,,,,,,,,,,,-7.803403854370117,1.7341530110570602e-05,-0.030581187456846237,0.0001857575261965394,,,,,,,,,,,,,,0.9623198509216309,0.1637730598449707,341.0,0.18493638932704926,150.0,16.74309730529785,-0.20494504272937775,-1.708361082819465e-06,0.9380454421043396,0.9438681602478027,0.9464554190635681,0.9905521273612976,0.4559336006641388,0.4955633580684662,0.9681427478790283,0.0
503,,,,,,,,,,,,,,,,,-7.809892177581787,1.7341530110570602e-05,-0.02522430382668972,0.00016620893438812345,,,,,,,,,,,,,,0.9756510257720947,0.020238161087036133,385.0,0.18490108847618103,150.0,16.742250442504883,-0.2064828723669052,-9.484477203614006e-08,0.9603162407875061,0.9646289348602295,0.9512814879417419,0.9919149875640869,0.465200275182724,0.49564647674560547,0.9760971069335938,0.0
504,,,,,,,,,,,,,,,,,-7.817614555358887,1.1561020073713735e-05,-0.0249786339700222,0.0002208997611887753,,,,,,,,,,,,,,0.9828839302062988,0.020357131958007812,382.0,0.18483388423919678,150.0,16.74273109436035,-0.2100483626127243,-8.345967330569692e-07,0.9684431552886963,0.9716612696647644,0.9689593315124512,0.9947275519371033,0.47364524006843567,0.49666643142700195,0.9798241257667542,0.0
505,-0.2046114206314087,-8.865318932294031e-07,0.956763744354248,0.9613807201385498,0.9559792876243591,0.9923743009567261,0.4661593735218048,0.49536827206611633,0.9748842716217041,0.0,0.0,0.0,0.0,0.0,0.0,1.0,-7.829369068145752,1.7341530110570602e-05,-0.025862812995910645,0.00019824122136924416,0.9598816633224487,0.08237846195697784,0.010796542279422283,0.078590527176857,0.6180205941200256,0.17249968647956848,0.011561600491404533,0.050331179052591324,0.11704309284687042,1.452524185180664,0.0,0.0,0.0,0.9947888851165771,0.01961207389831543,378.0,0.18474741280078888,150.0,16.74443244934082,-0.2031843662261963,-3.1058968943398213e-06,0.9693801999092102,0.973280131816864,0.9628763198852539,0.9936985969543457,0.47093936800956726,0.4967738687992096,0.9792957901954651,0.0
506,,,,,,,,,,,,,,,,,-7.843905925750732,1.7341530110570602e-05,-0.03909403085708618,0.00020753635908477008,,,,,,,,,,,,,,0.9740102291107178,0.019681930541992188,386.0,0.18466177582740784,150.0,16.74492835998535,-0.20227278769016266,-5.467202868203458e-07,0.9463140368461609,0.9534584879875183,0.9609581828117371,0.9937185645103455,0.46822550892829895,0.49684178829193115,0.9741747975349426,0.0
507,,,,,,,,,,,,,,,,,-7.856201171875,1.7341530110570602e-05,-0.029806967824697495,0.00023957190569490194,,,,,,,,,,,,,,0.9690580368041992,0.01984882354736328,388.0,0.18459030985832214,150.0,16.746124267578125,-0.20541442930698395,-1.606996761438495e-06,0.9472535252571106,0.950404942035675,0.9458077549934387,0.9902501702308655,0.45863887667655945,0.4957539737224579,0.967732846736908,0.0
508,,,,,,,,,,,,,,,,,-7.869838714599609,2.60122942563612e-05,-0.02893001213669777,0.0002116579416906461,,,,,,,,,,,,,,0.9685840606689453,0.020063161849975586,388.0,0.18447040021419525,150.0,16.74664306640625,-0.2030126303434372,-1.6521967154403683e-06,0.9397032856941223,0.9452894330024719,0.9448830485343933,0.9906362891197205,0.45603546500205994,0.49621009826660156,0.9686827659606934,0.0
509,,,,,,,,,,,,,,,,,-7.888392925262451,1.7341530110570602e-05,-0.03665323555469513,0.00017352272698190063,,,,,,,,,,,,,,0.9714069366455078,0.019629955291748047,387.0,0.1843826025724411,150.0,16.7487850189209,-0.2057662457227707,-4.7269986680475995e-07,0.9545538425445557,0.9583942890167236,0.9516510367393494,0.9919326305389404,0.46427538990974426,0.49646687507629395,0.9734606742858887,0.0
510,,,,,,,,,,,,,,,,,-7.899164199829102,1.7341530110570602e-05,-0.029727719724178314,8.962781430454925e-05,,,,,,,,,,,,,,0.989469051361084,0.019501924514770508,380.0,0.18432240188121796,150.0,16.750905990600586,-0.1998136043548584,-8.14339600196945e-08,0.9648852348327637,0.9702730774879456,0.9639015197753906,0.9944117665290833,0.46987858414649963,0.497478723526001,0.9788682460784912,0.0
511,,,,,,,,,,,,,,,,,-7.907561302185059,1.1561020073713735e-05,-0.021701399236917496,0.00012259044160600752,,,,,,,,,,,,,,1.0070500373840332,0.020149946212768555,373.0,0.18427737057209015,150.0,16.752534866333008,-0.20389558374881744,-1.2708829899565899e-06,0.9659201502799988,0.969910204410553,0.9665395617485046,0.9943480491638184,0.47266361117362976,0.49719691276550293,0.9789215922355652,0.0
