iteration,Episode_Reward/action_rate_l2,Episode_Reward/joint_limit,Episode_Reward/motion_body_ang_vel,Episode_Reward/motion_body_lin_vel,Episode_Reward/motion_body_ori,Episode_Reward/motion_body_pos,Episode_Reward/motion_global_root_ori,Episode_Reward/motion_global_root_pos,Episode_Reward/motion_joint_pos,Episode_Reward/motion_joint_vel,Episode_Termination/anchor_ori,Episode_Termination/anchor_pos,Episode_Termination/clip_end,Episode_Termination/ee_body_pos,Episode_Termination/incidental_bat_support,Episode_Termination/time_out,Loss/entropy,Loss/learning_rate,Loss/surrogate,Loss/value,Metrics/motion/error_anchor_ang_vel,Metrics/motion/error_anchor_lin_vel,Metrics/motion/error_anchor_pos,Metrics/motion/error_anchor_rot,Metrics/motion/error_body_ang_vel,Metrics/motion/error_body_lin_vel,Metrics/motion/error_body_pos,Metrics/motion/error_body_rot,Metrics/motion/error_joint_pos,Metrics/motion/error_joint_vel,Metrics/motion/sampling_entropy,Metrics/motion/sampling_top1_bin,Metrics/motion/sampling_top1_prob,Perf/collection_time,Perf/learning_time,Perf/total_fps,Policy/mean_std,Train/mean_episode_length,Train/mean_reward,reward/action_rate_l2,reward/joint_limit,reward/motion_body_ang_vel,reward/motion_body_lin_vel,reward/motion_body_ori,reward/motion_body_pos,reward/motion_global_root_ori,reward/motion_global_root_pos,reward/motion_joint_pos,reward/motion_joint_vel
511,,,,,,,,,,,,,,,,,29.711528778076172,2.60122942563612e-05,-0.009391670115292072,0.0036210371181368828,,,,,,,,,,,,,,1.0873432159423828,0.04381275177001953,339.0,0.6745260953903198,,,-2.353273630142212,-0.000463695585494861,0.7386141419410706,0.9313597679138184,0.7545773983001709,0.985876739025116,0.3892405927181244,0.4975205957889557,0.5344401001930237,0.0
512,,,,,,,,,,,,,,,,,29.696989059448242,1.7341530110570602e-05,-0.019913874566555023,0.007383335381746292,,,,,,,,,,,,,,1.0837960243225098,0.07231903076171875,332.0,0.6743497252464294,34.5,1.7163006067276,-2.304166555404663,-0.00020883158140350133,0.83570796251297,0.926889181137085,0.5886349081993103,0.9666159749031067,0.3435937464237213,0.4825725555419922,0.3570725917816162,0.0
513,,,,,,,,,,,,,,,,,29.689889907836914,5.852766480529681e-05,-0.022515196353197098,0.015989091247320175,,,,,,,,,,,,,,0.9487638473510742,0.02611517906188965,393.0,0.6741593480110168,53.66666793823242,2.039583683013916,-2.4457380771636963,-0.0002716248854994774,0.586336612701416,0.7424333691596985,0.5400685667991638,0.9045589566230774,0.31446465849876404,0.40190330147743225,0.3682856857776642,0.0
514,-1.2667316198349,-0.0002849609882105142,0.3557922840118408,0.43904104828834534,0.30753493309020996,0.4925682246685028,0.18313507735729218,0.23552168905735016,0.195893332362175,0.0,0.0,0.2857142984867096,0.0,0.5714285969734192,0.4285714328289032,0.2857142984867096,29.680706024169922,2.60122942563612e-05,-0.029728218913078308,0.014120182022452354,2.6998748779296875,1.1131230592727661,0.3359891474246979,0.5192357301712036,3.6764464378356934,1.1288635730743408,0.21823038160800934,0.6101140379905701,1.890075445175171,12.980875015258789,0.0,0.0,0.0,0.9631450176239014,0.023688077926635742,389.0,0.6739875674247742,69.6875,2.530520439147949,-2.3820912837982178,-0.0011827427661046386,0.6528089642524719,0.8214476704597473,0.5949174761772156,0.9199399352073669,0.33045342564582825,0.44376340508461,0.41387102007865906,0.0
515,-1.0963530540466309,-0.00020558250253088772,0.33389678597450256,0.38128381967544556,0.2590298056602478,0.42777013778686523,0.15274646878242493,0.1971677839756012,0.1869477927684784,0.0,0.0,0.5,0.0,0.5,0.0,0.0,29.675233840942383,2.60122942563612e-05,-0.019169433042407036,0.007664600852876902,3.2946863174438477,1.2128695249557495,0.4106079339981079,0.6415901184082031,4.142661094665527,1.1984100341796875,0.24895909428596497,0.623970627784729,1.614666223526001,15.942747116088867,0.0,0.0,0.0,0.833503007888794,0.023149967193603516,448.0,0.6738737225532532,69.77777862548828,2.5301127433776855,-2.322242021560669,-0.00022497725149150938,0.8075981736183167,0.9136616587638855,0.6089747548103333,0.9646594524383545,0.3329829275608063,0.4760116636753082,0.36380818486213684,0.0
516,,,,,,,,,,,,,,,,,29.669492721557617,3.9018443203531206e-05,-0.025713779032230377,0.009834107011556625,,,,,,,,,,,,,,0.7860889434814453,0.021870136260986328,475.0,0.673711895942688,70.13636016845703,2.5284717082977295,-2.442406415939331,-0.00018695519247557968,0.6605544686317444,0.7916302680969238,0.5361021161079407,0.9198712706565857,0.289969265460968,0.4294138252735138,0.3556883633136749,0.0
517,,,,,,,,,,,,,,,,,29.66349220275879,1.7341530110570602e-05,-0.03570367768406868,0.018139390274882317,,,,,,,,,,,,,,0.7838599681854248,0.021960973739624023,476.0,0.6736358404159546,73.54838562011719,2.5835049152374268,-2.491272211074829,-0.0007217771490104496,0.5257099270820618,0.7247950434684753,0.5189552903175354,0.8848626017570496,0.2772606909275055,0.40930068492889404,0.33637240529060364,0.0
518,,,,,,,,,,,,,,,,,29.660520553588867,3.9018443203531206e-05,-0.0176701620221138,0.0073747942224144936,,,,,,,,,,,,,,0.768730878829956,0.021950244903564453,485.0,0.673534631729126,74.4117660522461,2.606654405593872,-2.3258888721466064,-0.0004782184259966016,0.7794995307922363,0.8866515159606934,0.6263646483421326,0.9497683644294739,0.33242616057395935,0.46208640933036804,0.4063643515110016,0.0
519,,,,,,,,,,,,,,,,,29.654613494873047,2.60122942563612e-05,-0.016780870035290718,0.012548311613500118,,,,,,,,,,,,,,0.7842960357666016,0.021804094314575195,476.0,0.6733902096748352,74.0,2.5872321128845215,-2.301408290863037,-0.00026444546529091895,0.7494807243347168,0.8357517719268799,0.5267572999000549,0.9178579449653625,0.30718210339546204,0.44186079502105713,0.33955705165863037,0.0
520,,,,,,,,,,,,,,,,,29.649511337280273,2.60122942563612e-05,-0.03409913554787636,0.005771317519247532,,,,,,,,,,,,,,0.8057041168212891,0.021045923233032227,464.0,0.6732875108718872,74.02325439453125,2.607032060623169,-2.3779923915863037,-0.00043729227036237717,0.62839674949646,0.8266826272010803,0.5904746651649475,0.9305440783500671,0.30802619457244873,0.45021942257881165,0.3934391438961029,0.0
521,,,,,,,,,,,,,,,,,29.643756866455078,2.60122942563612e-05,-0.03245869278907776,0.003962008282542229,,,,,,,,,,,,,,0.7911069393157959,0.021919965744018555,472.0,0.6731045842170715,75.10204315185547,2.6491174697875977,-2.397252321243286,-0.0008055541547946632,0.6768867373466492,0.8268548846244812,0.5729768872261047,0.927589476108551,0.3098907172679901,0.4327758252620697,0.3611578941345215,0.0
522,,,,,,,,,,,,,,,,,29.63610076904297,1.7341530110570602e-05,-0.02935628779232502,0.006431847345083952,,,,,,,,,,,,,,0.7658529281616211,0.020934104919433594,488.0,0.6729557514190674,75.36538696289062,2.6397175788879395,-2.359189987182617,-0.00017639058933127671,0.7496404647827148,0.8388591408729553,0.5635106563568115,0.9328360557556152,0.3064052164554596,0.43634065985679626,0.35973116755485535,0.0
523,,,,,,,,,,,,,,,,,29.630414962768555,3.9018443203531206e-05,-0.03030756488442421,0.010881115682423115,,,,,,,,,,,,,,0.8010828495025635,0.022367000579833984,466.0,0.6728013753890991,75.68965148925781,2.6605446338653564,-2.41082763671875,-0.0006721080280840397,0.6366047263145447,0.8176237940788269,0.5533459782600403,0.9298526644706726,0.3309900760650635,0.44172534346580505,0.3611083924770355,0.0
524,,,,,,,,,,,,,,,,,29.621688842773438,1.7341530110570602e-05,-0.026159869506955147,0.015074124559760094,,,,,,,,,,,,,,0.7697758674621582,0.02074432373046875,485.0,0.6726018190383911,75.8923110961914,2.660576105117798,-2.3924410343170166,-0.0008068017195910215,0.6165298819541931,0.7560858726501465,0.5605543255805969,0.8966560363769531,0.3112861216068268,0.40032467246055603,0.3833339512348175,0.0
525,,,,,,,,,,,,,,,,,29.61508560180664,2.60122942563612e-05,-0.02057933807373047,0.016536150127649307,,,,,,,,,,,,,,0.7485129833221436,0.022381067276000977,498.0,0.6724619269371033,75.44927215576172,2.6299781799316406,-2.3538944721221924,-0.00025373828248120844,0.7549387812614441,0.8239366412162781,0.5701620578765869,0.9200603365898132,0.2889007031917572,0.4304267168045044,0.38563141226768494,0.0
526,,,,,,,,,,,,,,,,,29.6070613861084,3.9018443203531206e-05,-0.026151839643716812,0.009503048844635487,,,,,,,,,,,,,,0.7860286235809326,0.0209043025970459,475.0,0.6722123622894287,75.34246826171875,2.622955799102783,-2.365248203277588,-0.0003504962660372257,0.7377749085426331,0.8453401923179626,0.5683197379112244,0.932978093624115,0.31695547699928284,0.44347476959228516,0.36274704337120056,0.0
527,,,,,,,,,,,,,,,,,29.595935821533203,2.60122942563612e-05,-0.03499996289610863,0.010419804602861404,,,,,,,,,,,,,,0.7895030975341797,0.020493745803833008,474.0,0.6719958186149597,75.54545593261719,2.6271963119506836,-2.427612066268921,-0.0005362603696994483,0.6090191006660461,0.7920219302177429,0.5499083399772644,0.9182682633399963,0.3112489879131317,0.4330114424228668,0.3424156606197357,0.0
528,,,,,,,,,,,,,,,,,29.58718490600586,3.9018443203531206e-05,-0.03062542714178562,0.009431936778128147,,,,,,,,,,,,,,0.7778239250183105,0.0231630802154541,479.0,0.6717782020568848,76.23809814453125,2.643187999725342,-2.3716955184936523,-0.0007772748358547688,0.6313878297805786,0.7635394930839539,0.5293070673942566,0.888781726360321,0.3151502311229706,0.3997202217578888,0.369675874710083,0.0
529,,,,,,,,,,,,,,,,,29.577730178833008,2.60122942563612e-05,-0.021489454433321953,0.008912795223295689,,,,,,,,,,,,,,0.7653293609619141,0.02057790756225586,488.0,0.6715894937515259,76.13793182373047,2.6406333446502686,-2.375960350036621,-0.00030742050148546696,0.7196080088615417,0.8471832275390625,0.6019987463951111,0.9388400912284851,0.3406344950199127,0.4480271339416504,0.3778265416622162,0.0
530,,,,,,,,,,,,,,,,,29.57025146484375,3.9018443203531206e-05,-0.021760722622275352,0.008215012028813362,,,,,,,,,,,,,,0.743837833404541,0.02112102508544922,501.0,0.671397864818573,76.28260803222656,2.635762929916382,-2.34967041015625,-0.00037572323344647884,0.7118961811065674,0.8246550559997559,0.5668767094612122,0.9278831481933594,0.3349842131137848,0.4311032295227051,0.35222944617271423,0.0
531,,,,,,,,,,,,,,,,,29.561843872070312,5.852766480529681e-05,-0.03040662594139576,0.008179813623428345,,,,,,,,,,,,,,0.7683601379394531,0.02185201644897461,485.0,0.6712133288383484,76.12245178222656,2.626662254333496,-2.4670097827911377,-0.00037350982893258333,0.6180580258369446,0.7359395027160645,0.5333592295646667,0.8894365429878235,0.28949201107025146,0.3891994059085846,0.36559557914733887,0.0
532,,,,,,,,,,,,,,,,,29.552288055419922,2.60122942563612e-05,-0.029330449178814888,0.004166251514106989,,,,,,,,,,,,,,0.7574310302734375,0.020581960678100586,493.0,0.6709800362586975,77.33000183105469,2.6501307487487793,-2.3585076332092285,-0.0005351644940674305,0.7186043858528137,0.8514588475227356,0.624934196472168,0.9357203841209412,0.3599660396575928,0.4454082250595093,0.400874525308609,0.0
533,,,,,,,,,,,,,,,,,29.54341697692871,2.60122942563612e-05,-0.023825526237487793,0.005160559434443712,,,,,,,,,,,,,,0.7486519813537598,0.020783185958862305,499.0,0.6707920432090759,77.30000305175781,2.661377429962158,-2.3252203464508057,-0.00030535305268131196,0.742026150226593,0.8566351532936096,0.5878939628601074,0.9417604804039001,0.34442219138145447,0.4480878412723541,0.3426261842250824,0.0
534,,,,,,,,,,,,,,,,,29.535133361816406,3.9018443203531206e-05,-0.03055170737206936,0.008944505825638771,,,,,,,,,,,,,,0.8024892807006836,0.020976781845092773,466.0,0.6705734133720398,77.41000366210938,2.656381368637085,-2.3138201236724854,-0.00042318410123698413,0.6467214226722717,0.7779965400695801,0.5585575699806213,0.9093057513237,0.34475183486938477,0.41388747096061707,0.362429141998291,0.0
535,-1.182013988494873,-0.00023337261518463492,0.36459121108055115,0.4221721291542053,0.2961142063140869,0.47284701466560364,0.17763853073120117,0.21723894774913788,0.1890697479248047,0.0,0.0,0.5,0.0,0.5,0.0,0.0,29.52471351623535,2.60122942563612e-05,-0.03286837413907051,0.00554655073210597,3.1061959266662598,1.3065435886383057,0.4106937646865845,0.6385998129844666,5.05340576171875,1.1844733953475952,0.23003804683685303,0.5852643251419067,1.4950182437896729,18.373830795288086,0.0,0.0,0.0,0.7846899032592773,0.02073383331298828,476.0,0.6703362464904785,77.26000213623047,2.66188907623291,-2.3996222019195557,-0.0005817785277031362,0.6644769310951233,0.8233560919761658,0.5759949088096619,0.9251589775085449,0.36616051197052,0.43245235085487366,0.3450159728527069,0.0
536,-1.370726466178894,-0.00032476993510499597,0.3775291442871094,0.46620452404022217,0.3210738003253937,0.5269293785095215,0.21331584453582764,0.24891981482505798,0.19679409265518188,0.0,0.0,0.5,0.0,0.5,0.0,0.0,29.515010833740234,2.60122942563612e-05,-0.025615643709897995,0.00756052415817976,2.267876148223877,1.3059968948364258,0.3730883002281189,0.6471285223960876,4.115581512451172,1.1233463287353516,0.22265471518039703,0.6015112400054932,1.4094433784484863,14.04357624053955,0.0,0.0,0.0,0.7830729484558105,0.02114701271057129,477.0,0.6701122522354126,77.83999633789062,2.6788251399993896,-2.2899599075317383,-0.0002872883342206478,0.7051472067832947,0.8223268389701843,0.5845812559127808,0.9338750243186951,0.33621180057525635,0.43311408162117004,0.36042723059654236,0.0
537,,,,,,,,,,,,,,,,,29.50682830810547,3.9018443203531206e-05,-0.035377033054828644,0.00630806153640151,,,,,,,,,,,,,,0.7752950191497803,0.02076578140258789,482.0,0.6699678897857666,77.5999984741211,2.677516222000122,-2.3937339782714844,-0.0005969138001091778,0.5946655869483948,0.7479424476623535,0.550347089767456,0.8977876305580139,0.31937000155448914,0.3965538442134857,0.3585303723812103,0.0
538,,,,,,,,,,,,,,,,,29.500144958496094,3.9018443203531206e-05,-0.029755407944321632,0.005697207525372505,,,,,,,,,,,,,,0.7839829921722412,0.019930124282836914,477.0,0.6697960495948792,77.83999633789062,2.6864511966705322,-2.316817283630371,-0.0005524217267520726,0.6882438659667969,0.8078630566596985,0.5710799098014832,0.9169692993164062,0.34948134422302246,0.4197436571121216,0.3621962070465088,0.0
539,,,,,,,,,,,,,,,,,29.49237632751465,2.60122942563612e-05,-0.032984569668769836,0.011424127966165543,,,,,,,,,,,,,,0.7853801250457764,0.0216372013092041,475.0,0.6696246862411499,77.69999694824219,2.691422700881958,-2.322331428527832,-0.0004694323579315096,0.6977660059928894,0.8152052760124207,0.5883201956748962,0.9253975749015808,0.3527427017688751,0.4303151071071625,0.3695443570613861,0.0
540,,,,,,,,,,,,,,,,,29.485057830810547,3.9018443203531206e-05,-0.024903882294893265,0.014528227970004082,,,,,,,,,,,,,,0.797731876373291,0.022068023681640625,468.0,0.6694310307502747,77.37000274658203,2.6759181022644043,-2.385157823562622,-0.0004321571032050997,0.6783881187438965,0.7980943322181702,0.5714059472084045,0.915050745010376,0.34573379158973694,0.4215283691883087,0.3606298267841339,0.0
541,,,,,,,,,,,,,,,,,29.477182388305664,2.60122942563612e-05,-0.03485811501741409,0.00743458466604352,,,,,,,,,,,,,,0.7668800354003906,0.021055936813354492,487.0,0.6692888736724854,76.9000015258789,2.6548361778259277,-2.351686954498291,-0.0003769845643546432,0.6792412400245667,0.7979459762573242,0.5683980584144592,0.9072759747505188,0.3460046350955963,0.42451366782188416,0.37616658210754395,0.0
542,,,,,,,,,,,,,,,,,29.47121238708496,2.60122942563612e-05,-0.031107943505048752,0.013239708729088306,,,,,,,,,,,,,,0.7721972465515137,0.02104973793029785,484.0,0.6691470146179199,76.44000244140625,2.6555399894714355,-2.3590307235717773,-0.000347437453456223,0.688332736492157,0.8240419030189514,0.5696877837181091,0.9249505996704102,0.35971799492836,0.44414520263671875,0.3554355800151825,0.0
543,-1.2129355669021606,-0.00023902453540358692,0.34323930740356445,0.4128398597240448,0.28785064816474915,0.46965038776397705,0.17994850873947144,0.2245909571647644,0.18261444568634033,0.0,0.0,0.6666666865348816,0.0,0.5,0.0,0.0,29.465068817138672,2.60122942563612e-05,-0.02642374485731125,0.010161320678889751,2.8666255474090576,1.3393540382385254,0.37889233231544495,0.6073601245880127,3.8710544109344482,1.195349931716919,0.24363084137439728,0.6198350787162781,1.424586296081543,13.291729927062988,0.0,0.0,0.0,0.8012709617614746,0.020582914352416992,467.0,0.6690017580986023,76.44999694824219,2.645031452178955,-2.308046817779541,-0.0005059429677203298,0.6711397171020508,0.7999173998832703,0.5679572820663452,0.9100077152252197,0.34905752539634705,0.4336822032928467,0.37567535042762756,0.0
544,-1.2061229944229126,-0.0001851787674240768,0.34073910117149353,0.41640207171440125,0.28763213753700256,0.46205952763557434,0.1778300553560257,0.22385041415691376,0.18751490116119385,0.0,0.0,0.3333333432674408,0.0,0.6666666865348816,0.0,0.0,29.4578800201416,2.60122942563612e-05,-0.026976045221090317,0.008476361632347107,2.372910261154175,1.2024368047714233,0.3481771945953369,0.6167524456977844,4.446090221405029,1.1344408988952637,0.22551389038562775,0.6429306864738464,1.719217300415039,16.147544860839844,0.0,0.0,0.0,0.7722420692443848,0.020902156829833984,484.0,0.6688096523284912,76.5199966430664,2.6447298526763916,-2.377398729324341,-0.0002629901864565909,0.660539984703064,0.8188204169273376,0.5785584449768066,0.9330406188964844,0.34348466992378235,0.43692973256111145,0.3553455173969269,0.0
545,,,,,,,,,,,,,,,,,29.451005935668945,2.60122942563612e-05,-0.03645710647106171,0.006229605991393328,,,,,,,,,,,,,,0.780785083770752,0.020761966705322266,479.0,0.6687096953392029,76.52999877929688,2.669034719467163,-2.374544382095337,-0.00043491050018928945,0.6772367358207703,0.7890912890434265,0.5744733214378357,0.9015079140663147,0.34094861149787903,0.41327688097953796,0.39803028106689453,0.0
546,-1.059004306793213,-0.00012040481669828296,0.32330310344696045,0.3698987662792206,0.26741331815719604,0.41727694869041443,0.1540517956018448,0.19484378397464752,0.1729193925857544,0.0,0.0,0.6000000238418579,0.0,0.4000000059604645,0.20000000298023224,0.0,29.44579315185547,3.9018443203531206e-05,-0.025216519832611084,0.005165427923202515,3.3178763389587402,1.3580340147018433,0.3872830867767334,0.6040823459625244,3.9158687591552734,1.1952790021896362,0.2239522933959961,0.6132760643959045,1.482925295829773,15.198229789733887,0.0,0.0,0.0,0.7800559997558594,0.020859956741333008,479.0,0.668515145778656,76.0199966430664,2.6650121212005615,-2.3568222522735596,-0.0003356076776981354,0.7218634486198425,0.8453013896942139,0.6088014245033264,0.9316801428794861,0.34822651743888855,0.44535019993782043,0.38543570041656494,0.0
547,,,,,,,,,,,,,,,,,29.434791564941406,1.7341530110570602e-05,-0.019499268382787704,0.006863289978355169,,,,,,,,,,,,,,0.7983858585357666,0.020540237426757812,468.0,0.668260931968689,75.86000061035156,2.6670689582824707,-2.354353904724121,-0.000299244187772274,0.7462047934532166,0.8815423846244812,0.5879508852958679,0.9509289860725403,0.3671594560146332,0.4690803289413452,0.34340858459472656,0.0
548,,,,,,,,,,,,,,,,,29.426137924194336,3.9018443203531206e-05,-0.028148146346211433,0.01930340938270092,,,,,,,,,,,,,,0.7985892295837402,0.021251678466796875,468.0,0.6680790185928345,75.47000122070312,2.645496368408203,-2.4091122150421143,-0.000533740792889148,0.5480454564094543,0.736668586730957,0.5048750042915344,0.8795919418334961,0.32754194736480713,0.4037744998931885,0.33651959896087646,0.0
549,,,,,,,,,,,,,,,,,29.417043685913086,2.60122942563612e-05,-0.03360068053007126,0.007843000814318657,,,,,,,,,,,,,,0.8004550933837891,0.020564794540405273,467.0,0.6678725481033325,75.9800033569336,2.676001787185669,-2.405143976211548,-0.0005972766666673124,0.6397812962532043,0.8185248374938965,0.5779494643211365,0.9196129441261292,0.3411804735660553,0.4477028548717499,0.38552260398864746,0.0
550,,,,,,,,,,,,,,,,,29.409210205078125,3.9018443203531206e-05,-0.02950901910662651,0.028412112966179848,,,,,,,,,,,,,,0.7953803539276123,0.022638797760009766,469.0,0.6677094101905823,75.9800033569336,2.676001787185669,-2.3562142848968506,-0.00017440009105484933,0.7326679229736328,0.8298172354698181,0.555701494216919,0.9224347472190857,0.3122333288192749,0.441229909658432,0.3430565595626831,0.0
551,-1.2390161752700806,-0.00021804135758429766,0.3454776704311371,0.41640421748161316,0.2886107265949249,0.47182899713516235,0.15962854027748108,0.22352157533168793,0.1976245641708374,0.0,0.0,0.5714285969734192,0.0,0.5714285969734192,0.0,0.0,29.401302337646484,2.60122942563612e-05,-0.025988420471549034,0.05739383026957512,3.1965179443359375,1.4896986484527588,0.43557947874069214,0.7176770567893982,3.4209725856781006,1.286247968673706,0.25912362337112427,0.6746910214424133,1.3684666156768799,10.417580604553223,0.0,0.0,0.0,0.7975301742553711,0.02086472511291504,469.0,0.6675235629081726,75.87000274658203,2.6722803115844727,-2.3213796615600586,-0.0003261626698076725,0.6418923735618591,0.7761796116828918,0.5648557543754578,0.8915278315544128,0.28971561789512634,0.4122180938720703,0.42382240295410156,0.0
552,,,,,,,,,,,,,,,,,29.393871307373047,3.9018443203531206e-05,-0.03330087661743164,0.011865749023854733,,,,,,,,,,,,,,0.7822260856628418,0.02080368995666504,478.0,0.6673540472984314,75.69999694824219,2.6628365516662598,-2.358349561691284,-0.00039673910941928625,0.670691192150116,0.8381569981575012,0.5984481573104858,0.9278035163879395,0.3501798212528229,0.4494491517543793,0.37375500798225403,0.0
553,-1.110087275505066,-0.00020701011817436665,0.3338735103607178,0.40290918946266174,0.2796277105808258,0.4436948299407959,0.16780439019203186,0.2144743651151657,0.17482861876487732,0.0,0.0,0.20000000298023224,0.0,0.20000000298023224,0.6000000238418579,0.0,29.38667106628418,2.60122942563612e-05,-0.027401847764849663,0.00862707570195198,2.010350227355957,0.8103277087211609,0.29051631689071655,0.49850672483444214,2.7728772163391113,0.856823742389679,0.15756240487098694,0.4496542513370514,1.3451111316680908,10.078742980957031,0.0,0.0,0.0,0.7812449932098389,0.02208399772644043,478.0,0.6672149300575256,75.5199966430664,2.6644835472106934,-2.34755539894104,-0.00038765554199926555,0.734490156173706,0.8252427577972412,0.5577146410942078,0.9197354912757874,0.32808294892311096,0.42828842997550964,0.3536053001880646,0.0
554,-1.2061649560928345,-0.00015999887546058744,0.34189435839653015,0.41291308403015137,0.2877216339111328,0.4693406820297241,0.17039211094379425,0.21714286506175995,0.186740443110466,0.0,0.0,0.5,0.0,0.5,0.0,0.0,29.38142204284668,3.9018443203531206e-05,-0.028668716549873352,0.009136104956269264,3.497131109237671,1.364719271659851,0.42698121070861816,0.6631253361701965,3.613328218460083,1.2310158014297485,0.24704957008361816,0.6361457705497742,1.3413962125778198,13.293460845947266,0.0,0.0,0.0,0.7800848484039307,0.020381927490234375,479.0,0.6671112775802612,75.62999725341797,2.6598305702209473,-2.289047956466675,-0.0002492727362550795,0.6694537997245789,0.812341034412384,0.5882552266120911,0.9133952260017395,0.33874377608299255,0.4285731017589569,0.4018208682537079,0.0
555,-1.1728286743164062,-0.0001359711168333888,0.3383120894432068,0.4080248177051544,0.2885247766971588,0.4582635760307312,0.1578013002872467,0.21576200425624847,0.18922162055969238,0.0,0.0,0.5,0.0,0.5,0.0,0.0,29.376588821411133,2.60122942563612e-05,-0.0394340343773365,0.005027725361287594,3.170651912689209,1.3838636875152588,0.40566807985305786,0.7238202095031738,4.280090808868408,1.2943536043167114,0.24948552250862122,0.6693834662437439,1.5639927387237549,18.859745025634766,0.0,0.0,0.0,0.7719531059265137,0.020612716674804688,484.0,0.6669821739196777,75.30000305175781,2.651939630508423,-2.3696889877319336,-0.00030692838481627405,0.6855633854866028,0.8394467234611511,0.5950925350189209,0.9329798817634583,0.35333117842674255,0.44219639897346497,0.35543307662010193,0.0
556,,,,,,,,,,,,,,,,,29.36960220336914,3.9018443203531206e-05,-0.025272462517023087,0.018395334482192993,,,,,,,,,,,,,,0.7844898700714111,0.020711898803710938,476.0,0.6667776703834534,75.2300033569336,2.655474901199341,-2.344327926635742,-0.0004354835255071521,0.6226034164428711,0.7916932106018066,0.5367934107780457,0.9132892489433289,0.30808770656585693,0.4214654862880707,0.33404597640037537,0.0
557,-1.2363611459732056,-0.00021623169595841318,0.3391152322292328,0.41549184918403625,0.30030539631843567,0.4791620969772339,0.1644139438867569,0.21975857019424438,0.19570492208003998,0.0,0.0,0.8333333134651184,0.0,0.1666666716337204,0.0,0.0,29.35985565185547,3.9018443203531206e-05,-0.02896104007959366,0.020548339933156967,2.8871052265167236,1.5803003311157227,0.4614225924015045,0.6507582664489746,4.7210612297058105,1.455043911933899,0.2653914988040924,0.7020031809806824,1.8309653997421265,18.731395721435547,0.0,0.0,0.0,0.8018932342529297,0.020785808563232422,466.0,0.6665559411048889,75.1500015258789,2.653381824493408,-2.3420984745025635,-0.0006763404817320406,0.6274071335792542,0.7994298338890076,0.5601934790611267,0.9104688763618469,0.33908867835998535,0.43521401286125183,0.36902952194213867,0.0
558,,,,,,,,,,,,,,,,,29.35165023803711,2.60122942563612e-05,-0.03501571714878082,0.031222660094499588,,,,,,,,,,,,,,0.781121015548706,0.019503116607666016,479.0,0.666422963142395,74.94000244140625,2.6362762451171875,-2.3824024200439453,-0.0005386461853049695,0.654386579990387,0.8235485553741455,0.5658439993858337,0.9165928959846497,0.3279416263103485,0.43483689427375793,0.34315380454063416,0.0
559,,,,,,,,,,,,,,,,,29.348665237426758,2.60122942563612e-05,-0.017395982518792152,0.08861733973026276,,,,,,,,,,,,,,0.7833352088928223,0.020267009735107422,477.0,0.666434645652771,75.91999816894531,2.6668014526367188,-2.316601037979126,-0.00046016796841286123,0.6381897330284119,0.770697295665741,0.5315200090408325,0.8987072110176086,0.29507187008857727,0.4104677438735962,0.35410913825035095,0.0
560,,,,,,,,,,,,,,,,,29.349035263061523,3.9018443203531206e-05,-0.03231123834848404,0.01716323010623455,,,,,,,,,,,,,,0.7885780334472656,0.0205991268157959,474.0,0.6663975119590759,76.45999908447266,2.671678066253662,-2.3111536502838135,-0.0004168337909504771,0.6573159098625183,0.7997538447380066,0.5780823826789856,0.9140868186950684,0.34417155385017395,0.43030020594596863,0.38792502880096436,0.0
561,,,,,,,,,,,,,,,,,29.345191955566406,2.60122942563612e-05,-0.029009493067860603,0.011711890809237957,,,,,,,,,,,,,,0.7919831275939941,0.02164483070373535,471.0,0.6662765145301819,76.73999786376953,2.688730001449585,-2.264742374420166,-0.00041482000960968435,0.730404794216156,0.8479800820350647,0.5599467754364014,0.9223019480705261,0.33561602234840393,0.44794729351997375,0.3547300398349762,0.0
562,,,,,,,,,,,,,,,,,29.340187072753906,3.9018443203531206e-05,-0.02543617971241474,0.015174206346273422,,,,,,,,,,,,,,0.8225400447845459,0.023281335830688477,453.0,0.6661479473114014,76.66999816894531,2.68442702293396,-2.3505592346191406,-0.00029797758907079697,0.7109243869781494,0.8370521664619446,0.5810964703559875,0.9322266578674316,0.34006181359291077,0.4457896649837494,0.36283597350120544,0.0
563,-1.222219467163086,-0.00014582782750949264,0.35850703716278076,0.445874959230423,0.30782902240753174,0.49218323826789856,0.1702612191438675,0.2423858940601349,0.19055373966693878,0.0,0.0,0.5,0.0,0.75,0.0,0.0,29.332534790039062,2.60122942563612e-05,-0.027622351422905922,0.006241561844944954,2.657843589782715,0.92840576171875,0.24442459642887115,0.5165662169456482,4.2445478439331055,0.985487163066864,0.18862804770469666,0.5898237228393555,1.7694041728973389,18.684587478637695,0.0,0.0,0.0,0.8148589134216309,0.021172046661376953,459.0,0.6659258008003235,76.47000122070312,2.693234920501709,-2.3886585235595703,-0.000357282959157601,0.6790617108345032,0.8542525172233582,0.6024248600006104,0.9483098387718201,0.35954174399375916,0.4543795883655548,0.3615543842315674,0.0
564,,,,,,,,,,,,,,,,,29.324546813964844,2.60122942563612e-05,-0.03232184797525406,0.008112084120512009,,,,,,,,,,,,,,0.7914140224456787,0.023581266403198242,471.0,0.665793240070343,76.93000030517578,2.7052361965179443,-2.3431432247161865,-0.0005538199911825359,0.6198351979255676,0.7450982928276062,0.51778244972229,0.8852993845939636,0.33727607131004333,0.39532461762428284,0.32875072956085205,0.0
565,,,,,,,,,,,,,,,,,29.319543838500977,2.60122942563612e-05,-0.028046848252415657,0.004290715791285038,,,,,,,,,,,,,,0.7869641780853271,0.020375967025756836,475.0,0.6656960844993591,77.01000213623047,2.7150371074676514,-2.363107442855835,-0.0003392427461221814,0.6949691772460938,0.8011103272438049,0.5687007308006287,0.9110265374183655,0.3214697539806366,0.42005348205566406,0.37630805373191833,0.0
566,-1.199421763420105,-0.0001511782902525738,0.34298449754714966,0.3968145251274109,0.2843104898929596,0.45761847496032715,0.1629801094532013,0.20534801483154297,0.18401499092578888,0.0,0.0,0.800000011920929,0.0,0.4000000059604645,0.0,0.0,29.31521987915039,3.9018443203531206e-05,-0.02835710532963276,0.004204464145004749,3.5942776203155518,1.6236711740493774,0.49976271390914917,0.705600917339325,5.419268608093262,1.517604112625122,0.27954337000846863,0.7506295442581177,1.8419157266616821,23.146953582763672,0.0,0.0,0.0,0.7665762901306152,0.020763874053955078,487.0,0.6655740141868591,77.79000091552734,2.71474289894104,-2.279971122741699,-0.0003166668175254017,0.7223922610282898,0.8425784111022949,0.5816968083381653,0.9254722595214844,0.34796667098999023,0.438325971364975,0.3718813359737396,0.0
567,,,,,,,,,,,,,,,,,29.30844497680664,2.60122942563612e-05,-0.027787689119577408,0.007908772677183151,,,,,,,,,,,,,,0.8067550659179688,0.022420883178710938,463.0,0.6654071807861328,77.88999938964844,2.714606285095215,-2.3555970191955566,-0.00040926478686742485,0.6338207721710205,0.7770736813545227,0.5270454287528992,0.8960315585136414,0.32765963673591614,0.41874608397483826,0.3272818624973297,0.0
568,,,,,,,,,,,,,,,,,29.302005767822266,3.9018443203531206e-05,-0.02182227000594139,0.013249069452285767,,,,,,,,,,,,,,0.811856746673584,0.02208423614501953,460.0,0.6652670502662659,77.19999694824219,2.71193265914917,-2.313077688217163,-0.000472676387289539,0.693934977054596,0.8385509848594666,0.6024513840675354,0.9325613379478455,0.33667099475860596,0.44862034916877747,0.40514075756073,0.0
569,,,,,,,,,,,,,,,,,29.296043395996094,2.60122942563612e-05,-0.028104951605200768,0.0374937504529953,,,,,,,,,,,,,,0.8077759742736816,0.020873069763183594,463.0,0.6651576161384583,77.52999877929688,2.7049314975738525,-2.3370437622070312,-0.0005361329531297088,0.7007794976234436,0.8191669583320618,0.5467522740364075,0.9095373153686523,0.33992230892181396,0.42836105823516846,0.3297521770000458,0.0
570,,,,,,,,,,,,,,,,,29.291601181030273,1.7341530110570602e-05,-0.03126083314418793,0.008717602118849754,,,,,,,,,,,,,,0.7900950908660889,0.020544767379760742,473.0,0.6650688648223877,77.54000091552734,2.713742971420288,-2.407201051712036,-0.0002510549093130976,0.6499798893928528,0.804130494594574,0.5782744884490967,0.9288399815559387,0.3373403549194336,0.4358043670654297,0.360336035490036,0.0
571,-1.195178747177124,-0.00021166967053432018,0.3398899734020233,0.40213078260421753,0.28868353366851807,0.4609209895133972,0.17215804755687714,0.2110692262649536,0.18056748807430267,0.0,0.0,1.0,0.0,0.20000000298023224,0.20000000298023224,0.0,29.286239624023438,5.852766480529681e-05,-0.02697557397186756,0.010441849008202553,3.2160515785217285,1.4350955486297607,0.45471668243408203,0.5663133263587952,4.082863807678223,1.3172008991241455,0.24363398551940918,0.6212902069091797,1.4504345655441284,14.079862594604492,0.0,0.0,0.0,0.782843828201294,0.021033287048339844,477.0,0.6648414134979248,77.9800033569336,2.720116138458252,-2.367940902709961,-0.0007503904053010046,0.626253068447113,0.7614392638206482,0.5437772870063782,0.8904623985290527,0.3344099521636963,0.39615142345428467,0.35859933495521545,0.0
572,-1.3049237728118896,-0.00029385811649262905,0.36345338821411133,0.45012953877449036,0.30952388048171997,0.5100208520889282,0.19251149892807007,0.2382757067680359,0.19349731504917145,0.0,0.0,0.75,0.0,0.5,0.0,0.0,29.273197174072266,2.60122942563612e-05,-0.031056329607963562,0.005174251273274422,2.8050127029418945,1.2640931606292725,0.42723509669303894,0.6727524995803833,4.562854290008545,1.3146190643310547,0.24978500604629517,0.6754106879234314,1.5823651552200317,14.735724449157715,0.0,0.0,0.0,0.8015708923339844,0.02440500259399414,464.0,0.6645631194114685,77.98999786376953,2.7232375144958496,-2.3044474124908447,-0.00034756414243020117,0.694107711315155,0.831028938293457,0.586669385433197,0.9295960068702698,0.3394114077091217,0.4467153251171112,0.3625006377696991,0.0
573,-1.016716480255127,-0.00017374064191244543,0.29981282353401184,0.35840529203414917,0.2613937258720398,0.4089909493923187,0.15089252591133118,0.19439366459846497,0.16348591446876526,0.0,0.0,0.4000000059604645,0.0,0.20000000298023224,0.4000000059604645,0.0,29.265056610107422,2.60122942563612e-05,-0.027704214677214622,0.00949548278003931,2.7467598915100098,1.1406221389770508,0.33989718556404114,0.5063549280166626,3.0202829837799072,1.0225331783294678,0.20306281745433807,0.5385932922363281,1.6345014572143555,11.343363761901855,0.0,0.0,0.0,0.7944309711456299,0.021060943603515625,470.0,0.6644261479377747,77.66999816894531,2.707679271697998,-2.3068363666534424,-0.0003635585308074951,0.6915698647499084,0.8192453384399414,0.5665331482887268,0.919715940952301,0.35005757212638855,0.43558478355407715,0.3574320375919342,0.0
574,-1.182870626449585,-0.00017317103629466146,0.3446977436542511,0.41369375586509705,0.2889161705970764,0.4656871259212494,0.17625588178634644,0.2203233242034912,0.18046438694000244,0.0,0.0,0.6000000238418579,0.0,0.4000000059604645,0.0,0.0,29.25815773010254,3.9018443203531206e-05,-0.029464174062013626,0.006020216271281242,2.995987892150879,1.2812554836273193,0.4054592549800873,0.5610047578811646,3.7246272563934326,1.2246758937835693,0.24809837341308594,0.6374437808990479,1.6915737390518188,11.326889991760254,0.0,0.0,0.0,0.7873208522796631,0.02039813995361328,475.0,0.6642287969589233,77.86000061035156,2.716324806213379,-2.2565829753875732,-0.0003834818198811263,0.6887738108634949,0.8140365481376648,0.5642713904380798,0.9182600975036621,0.36853575706481934,0.4367114305496216,0.35496869683265686,0.0
575,,,,,,,,,,,,,,,,,29.248964309692383,2.60122942563612e-05,-0.029502136632800102,0.007323501631617546,,,,,,,,,,,,,,0.7833840847015381,0.0200040340423584,477.0,0.6640297174453735,77.41999816894531,2.7117791175842285,-2.2946484088897705,-0.000467391888378188,0.690936803817749,0.7982848286628723,0.5192186832427979,0.902762234210968,0.3417009115219116,0.4216688871383667,0.3464524745941162,0.0
576,,,,,,,,,,,,,,,,,29.24107551574707,3.9018443203531206e-05,-0.019198140129446983,0.005967193283140659,,,,,,,,,,,,,,0.7938270568847656,0.020702838897705078,471.0,0.6638534665107727,77.37999725341797,2.7236673831939697,-2.3207242488861084,-0.0004173283523414284,0.7104924321174622,0.8203633427619934,0.5715202689170837,0.9096638560295105,0.34109774231910706,0.43571051955223083,0.392935186624527,0.0
577,,,,,,,,,,,,,,,,,29.233135223388672,1.7341530110570602e-05,-0.022539988160133362,0.0038206763565540314,,,,,,,,,,,,,,0.7742180824279785,0.02104496955871582,482.0,0.6636980175971985,76.9000015258789,2.7226600646972656,-2.2565414905548096,-0.0002818615466821939,0.7702158093452454,0.8659212589263916,0.5663174986839294,0.9346982836723328,0.354499489068985,0.4516782760620117,0.3512471616268158,0.0
578,,,,,,,,,,,,,,,,,29.226558685302734,3.9018443203531206e-05,-0.02346745878458023,0.005186264403164387,,,,,,,,,,,,,,0.7914681434631348,0.0206148624420166,472.0,0.6635040044784546,75.4800033569336,2.689232349395752,-2.388596773147583,-0.0003058493894059211,0.6856916546821594,0.8175148963928223,0.5560792088508606,0.9143126606941223,0.3665877878665924,0.4350769817829132,0.35579001903533936,0.0
579,,,,,,,,,,,,,,,,,29.216575622558594,3.9018443203531206e-05,-0.03621881455183029,0.005913686007261276,,,,,,,,,,,,,,0.8027551174163818,0.020885944366455078,466.0,0.6632697582244873,75.33000183105469,2.6896326541900635,-2.306015729904175,-0.0004625161236617714,0.6607756018638611,0.7877722382545471,0.5148440003395081,0.8928756713867188,0.3367563784122467,0.4214054048061371,0.3337003290653229,0.0
580,,,,,,,,,,,,,,,,,29.206411361694336,2.60122942563612e-05,-0.0231405608355999,0.005902391392737627,,,,,,,,,,,,,,0.7729289531707764,0.021996021270751953,483.0,0.6630520224571228,75.06999969482422,2.6849312782287598,-2.2879326343536377,-0.00032405005185864866,0.7617945671081543,0.8577168583869934,0.5818857550621033,0.9253888130187988,0.3606761693954468,0.4481847286224365,0.37866607308387756,0.0
581,,,,,,,,,,,,,,,,,29.197021484375,2.60122942563612e-05,-0.0298329908400774,0.005737682804465294,,,,,,,,,,,,,,0.7862839698791504,0.021631240844726562,475.0,0.6628189086914062,74.9800033569336,2.6817519664764404,-2.2704849243164062,-0.0003542815975379199,0.7347761988639832,0.8697386384010315,0.5709957480430603,0.9420494437217712,0.35768136382102966,0.4630083739757538,0.33629110455513,0.0
582,,,,,,,,,,,,,,,,,29.186840057373047,2.60122942563612e-05,-0.027149347588419914,0.00772824278101325,,,,,,,,,,,,,,0.7982330322265625,0.02109384536743164,468.0,0.6625980734825134,75.3499984741211,2.699923038482666,-2.325399398803711,-0.000322468054946512,0.6401987671852112,0.7988473773002625,0.5421469211578369,0.9129250049591064,0.33027383685112,0.4363570213317871,0.32994887232780457,0.0
583,,,,,,,,,,,,,,,,,29.177955627441406,3.9018443203531206e-05,-0.028613122180104256,0.007280877325683832,,,,,,,,,,,,,,0.8225722312927246,0.020680904388427734,455.0,0.6623963117599487,75.12999725341797,2.6937289237976074,-2.2774605751037598,-0.0008471405017189682,0.6737719178199768,0.8165796399116516,0.5461544990539551,0.9099001884460449,0.34064817428588867,0.4257628917694092,0.33782291412353516,0.0
584,-1.1318225860595703,-0.00026897952193394303,0.35396459698677063,0.40782618522644043,0.26473313570022583,0.4470445513725281,0.1721123307943344,0.21057955920696259,0.16939452290534973,0.0,0.0,0.20000000298023224,0.0,0.800000011920929,0.0,0.0,29.169557571411133,2.60122942563612e-05,-0.030931638553738594,0.004388114437460899,2.9583191871643066,0.9504192471504211,0.37586116790771484,0.5673500299453735,4.096988201141357,1.052735686302185,0.22827330231666565,0.566705048084259,1.4923598766326904,13.627838134765625,0.0,0.0,0.0,0.7830820083618164,0.019617080688476562,478.0,0.6622422933578491,74.83999633789062,2.6958250999450684,-2.25467586517334,-0.0004119531949982047,0.7393833994865417,0.8474369645118713,0.5598636269569397,0.9193280339241028,0.3542480766773224,0.4377107620239258,0.3527115285396576,0.0
585,,,,,,,,,,,,,,,,,29.163127899169922,2.60122942563612e-05,-0.027837246656417847,0.007475945167243481,,,,,,,,,,,,,,0.7908191680908203,0.02073192596435547,473.0,0.662071168422699,74.97000122070312,2.69557523727417,-2.31036639213562,-0.000410564272897318,0.6743044853210449,0.8044800758361816,0.5336092114448547,0.9119755625724792,0.3346898853778839,0.43214261531829834,0.33722975850105286,0.0
586,,,,,,,,,,,,,,,,,29.155033111572266,2.60122942563612e-05,-0.026224372908473015,0.009016122668981552,,,,,,,,,,,,,,0.7933778762817383,0.0204160213470459,471.0,0.6618805527687073,74.66999816894531,2.714768648147583,-2.3360931873321533,-0.0008696641307324171,0.7043871879577637,0.8316991925239563,0.5734831690788269,0.9156887531280518,0.35496988892555237,0.43336108326911926,0.3768824636936188,0.0
587,-1.1361544132232666,-0.00017475483764428645,0.35551702976226807,0.4146295487880707,0.2718481421470642,0.4459359347820282,0.18061846494674683,0.2154688686132431,0.17363637685775757,0.0,0.0,0.0,0.0,1.0,0.0,0.0,29.146394729614258,2.60122942563612e-05,-0.02808753028512001,0.009019949473440647,3.439749240875244,0.8232700824737549,0.28777968883514404,0.6055961847305298,3.395420551300049,0.8473263382911682,0.19393672049045563,0.5577518343925476,1.8106470108032227,13.118024826049805,0.0,0.0,0.0,0.7786998748779297,0.02007603645324707,480.0,0.6616683602333069,74.69000244140625,2.7206499576568604,-2.262346029281616,-0.00035744020715355873,0.746032178401947,0.8565282225608826,0.5623891353607178,0.9306843280792236,0.35240837931632996,0.4395420551300049,0.35218238830566406,0.0
588,-1.1853150129318237,-0.00026091866311617196,0.36651191115379333,0.44176849722862244,0.2955041527748108,0.4821431636810303,0.17964239418506622,0.22709225118160248,0.1884375363588333,0.0,0.0,0.1666666716337204,0.0,0.5,0.3333333432674408,0.0,29.1362247467041,3.9018443203531206e-05,-0.023913858458399773,0.009241973981261253,1.8953548669815063,0.8863698840141296,0.3104114830493927,0.5435822606086731,2.9542949199676514,0.889805018901825,0.16674546897411346,0.5196625590324402,1.4415687322616577,10.883358001708984,0.0,0.0,0.0,0.7792959213256836,0.021101951599121094,479.0,0.6614157557487488,75.23999786376953,2.749354600906372,-2.3383662700653076,-0.0002978099219035357,0.7325663566589355,0.863375186920166,0.5826048254966736,0.9368295669555664,0.36281445622444153,0.45135298371315,0.3635040819644928,0.0
589,,,,,,,,,,,,,,,,,29.12596893310547,2.60122942563612e-05,-0.028656112030148506,0.005770155228674412,,,,,,,,,,,,,,0.761948823928833,0.021995067596435547,489.0,0.6612462401390076,74.6500015258789,2.739488124847412,-2.244765520095825,-0.00046610203571617603,0.6988136768341064,0.8491895794868469,0.5994282364845276,0.941903293132782,0.35519492626190186,0.45271727442741394,0.355966180562973,0.0
590,,,,,,,,,,,,,,,,,29.120285034179688,2.60122942563612e-05,-0.025449290871620178,0.010003152303397655,,,,,,,,,,,,,,0.7625939846038818,0.020771026611328125,490.0,0.6611570119857788,75.08999633789062,2.7424771785736084,-2.322115659713745,-0.0007434212602674961,0.6691100597381592,0.8140802383422852,0.5254860520362854,0.9182464480400085,0.32063162326812744,0.4265216886997223,0.29766613245010376,0.0
591,,,,,,,,,,,,,,,,,29.116905212402344,3.9018443203531206e-05,-0.025007542222738266,0.03702966496348381,,,,,,,,,,,,,,0.793187141418457,0.020374059677124023,471.0,0.6610897779464722,75.23999786376953,2.7597434520721436,-2.314387559890747,-0.0007867329404689372,0.6225493550300598,0.7810174822807312,0.541688859462738,0.908745288848877,0.31599709391593933,0.4206427335739136,0.32370057702064514,0.0
592,,,,,,,,,,,,,,,,,29.11273956298828,2.60122942563612e-05,-0.03016982227563858,0.013796520419418812,,,,,,,,,,,,,,0.7716069221496582,0.022469043731689453,483.0,0.6609765291213989,75.76000213623047,2.7762770652770996,-2.3794326782226562,-0.0008053237106651068,0.6371064186096191,0.7642300724983215,0.5354415774345398,0.8869802951812744,0.3141120672225952,0.40721631050109863,0.33949264883995056,0.0
593,-1.778041124343872,-0.0006201753858476877,0.49440479278564453,0.6241177916526794,0.41611307859420776,0.6946327090263367,0.26093488931655884,0.3437180817127228,0.2450977861881256,0.0,0.0,0.5,0.0,1.0,0.0,0.0,29.108428955078125,2.60122942563612e-05,-0.015563749708235264,0.019408583641052246,2.4887094497680664,1.2797338962554932,0.3849540054798126,0.6420272588729858,2.6681528091430664,1.166893720626831,0.25501424074172974,0.5887603759765625,1.3373545408248901,8.253568649291992,0.0,0.0,0.0,0.7649049758911133,0.02065300941467285,488.0,0.6608884930610657,76.70999908447266,2.8054256439208984,-2.2553372383117676,-0.0004913743468932807,0.7339303493499756,0.8608472943305969,0.5948834419250488,0.9443769454956055,0.334718257188797,0.4571458399295807,0.34701061248779297,0.0
594,,,,,,,,,,,,,,,,,29.10246467590332,2.60122942563612e-05,-0.02872215397655964,0.012281535193324089,,,,,,,,,,,,,,0.8032288551330566,0.020412206649780273,466.0,0.6606796979904175,76.44999694824219,2.8001627922058105,-2.301971197128296,-0.0006949100643396378,0.7042610049247742,0.8301295638084412,0.5402798056602478,0.9153688549995422,0.3430648744106293,0.4427048861980438,0.34593164920806885,0.0
595,,,,,,,,,,,,,,,,,29.091732025146484,2.60122942563612e-05,-0.027273355051875114,0.025835080072283745,,,,,,,,,,,,,,0.794356107711792,0.02164912223815918,470.0,0.6604152917861938,76.72000122070312,2.808851957321167,-2.316896915435791,-0.00044726463966071606,0.6720547676086426,0.8379088044166565,0.578545331954956,0.9341728687286377,0.3677889406681061,0.45122280716896057,0.3428597152233124,0.0
596,,,,,,,,,,,,,,,,,29.08268928527832,2.60122942563612e-05,-0.02139427699148655,0.050690509378910065,,,,,,,,,,,,,,0.7856497764587402,0.020425081253051758,476.0,0.6602911949157715,76.95999908447266,2.8146374225616455,-2.260742425918579,-0.0005879392847418785,0.7139689326286316,0.8650693297386169,0.5932082533836365,0.9380788803100586,0.3755725920200348,0.46045568585395813,0.36438941955566406,0.0
597,,,,,,,,,,,,,,,,,29.078083038330078,3.9018443203531206e-05,-0.03293944150209427,0.009818634018301964,,,,,,,,,,,,,,0.7856979370117188,0.020746946334838867,476.0,0.660194993019104,77.25,2.8360836505889893,-2.3203134536743164,-0.0007388887461274862,0.6393792033195496,0.8171639442443848,0.530344545841217,0.9260556697845459,0.3486166298389435,0.44364818930625916,0.2934596538543701,0.0
598,-1.187022089958191,-0.00040865730261430144,0.3563598692417145,0.43436235189437866,0.2961848974227905,0.48177751898765564,0.19579383730888367,0.23290085792541504,0.1764022409915924,0.0,0.0,0.20000000298023224,0.0,0.800000011920929,0.0,0.0,29.072914123535156,2.60122942563612e-05,-0.03559614717960358,0.007793761789798737,2.553985595703125,0.9251877665519714,0.2767050266265869,0.6634096503257751,3.0373997688293457,0.8890811204910278,0.19737644493579865,0.5620017051696777,1.702633261680603,9.197633743286133,0.0,0.0,0.0,0.7868669033050537,0.020220041275024414,475.0,0.6600669622421265,77.7699966430664,2.855543851852417,-2.3128554821014404,-0.0009414108353666961,0.7194257378578186,0.8327963352203369,0.5586229562759399,0.9233927726745605,0.33528509736061096,0.43447861075401306,0.3618040382862091,0.0
599,-1.2586848735809326,-0.0003277763316873461,0.3623395264148712,0.44588109850883484,0.29506275057792664,0.500999391078949,0.18891863524913788,0.2353338748216629,0.18409638106822968,0.0,0.0,0.5,0.0,0.5,0.0,0.0,29.067689895629883,3.9018443203531206e-05,-0.020394770428538322,0.014150402508676052,3.0491132736206055,1.2953728437423706,0.39246901869773865,0.6359943747520447,4.575127124786377,1.1890308856964111,0.23425348103046417,0.6684184670448303,1.6684943437576294,15.963953971862793,0.0,0.0,0.0,0.7716789245605469,0.020517826080322266,484.0,0.6599387526512146,78.2300033569336,2.8649590015411377,-2.310127019882202,-0.0007046692189760506,0.7012880444526672,0.8306195139884949,0.5574626922607422,0.9210300445556641,0.34139418601989746,0.43452468514442444,0.3417094647884369,0.0
600,-1.2303839921951294,-0.00048351395525969565,0.37521934509277344,0.4424070119857788,0.2996571958065033,0.4963007867336273,0.17432604730129242,0.2332853078842163,0.17707282304763794,0.0,0.0,0.3333333432674408,0.0,1.0,0.0,0.0,29.0609130859375,1.7341530110570602e-05,-0.029314612969756126,0.004256443120539188,3.7698326110839844,1.0960155725479126,0.37554529309272766,0.6271196007728577,3.7533960342407227,1.0453780889511108,0.22498106956481934,0.5832095742225647,1.8908647298812866,11.298748970031738,0.0,0.0,0.0,0.7726099491119385,0.02238607406616211,483.0,0.6597868800163269,78.18000030517578,2.8672752380371094,-2.21563982963562,-0.0005087806493975222,0.6993196606636047,0.858858585357666,0.5754169225692749,0.9393951296806335,0.3643992245197296,0.4538285434246063,0.32919320464134216,0.0
601,,,,,,,,,,,,,,,,,29.055299758911133,3.9018443203531206e-05,-0.026537306606769562,0.00852151494473219,,,,,,,,,,,,,,0.8496050834655762,0.020653963088989258,441.0,0.6596522927284241,78.4800033569336,2.8762283325195312,-2.3133511543273926,-0.0006442887242883444,0.6599230766296387,0.8039374351501465,0.5531869530677795,0.9155473709106445,0.3499605357646942,0.42656925320625305,0.3320240080356598,0.0
602,-1.2503440380096436,-0.00042840480455197394,0.35709044337272644,0.43206629157066345,0.29626092314720154,0.49714231491088867,0.19706599414348602,0.22914409637451172,0.17256717383861542,0.0,0.0,0.6666666865348816,0.0,0.3333333432674408,0.0,0.0,29.04844856262207,2.60122942563612e-05,-0.03329479694366455,0.013988443650305271,2.590428590774536,1.5492596626281738,0.4600779712200165,0.615565836429596,3.2987165451049805,1.304141879081726,0.2692030966281891,0.6421709656715393,1.354334831237793,9.682185173034668,0.0,0.0,0.0,0.7628078460693359,0.020416975021362305,490.0,0.659494936466217,78.58999633789062,2.8758456707000732,-2.3333427906036377,-0.0007269391790032387,0.6676862835884094,0.8122126460075378,0.5435585975646973,0.9271938800811768,0.35155609250068665,0.44044747948646545,0.29883110523223877,0.0
603,-1.2103129625320435,-0.0002748429251369089,0.37075573205947876,0.42806386947631836,0.28959861397743225,0.4870629906654358,0.19022807478904724,0.22241687774658203,0.17546501755714417,0.0,0.0,0.6000000238418579,0.0,0.6000000238418579,0.0,0.0,29.043119430541992,3.9018443203531206e-05,-0.02099376916885376,0.011249997653067112,3.3594348430633545,1.4487780332565308,0.45234641432762146,0.6999028325080872,5.0365729331970215,1.2944964170455933,0.24994269013404846,0.6689887046813965,1.6575801372528076,15.636917114257812,0.0,0.0,0.0,0.8260672092437744,0.02262282371520996,452.0,0.6594080328941345,79.27999877929688,2.8836328983306885,-2.308779001235962,-0.0007831181865185499,0.6564635634422302,0.7452698349952698,0.46435579657554626,0.8793390393257141,0.33946847915649414,0.37777772545814514,0.3002910614013672,0.0
604,,,,,,,,,,,,,,,,,29.039691925048828,2.60122942563612e-05,-0.03400299325585365,0.019346173852682114,,,,,,,,,,,,,,0.7848148345947266,0.021239042282104492,476.0,0.6593309640884399,79.69000244140625,2.885850191116333,-2.3303959369659424,-0.0007343828328885138,0.6361380219459534,0.8075728416442871,0.5940929651260376,0.9149730205535889,0.36048659682273865,0.4310102164745331,0.4064009487628937,0.0
605,,,,,,,,,,,,,,,,,29.036649703979492,2.60122942563612e-05,-0.022938184440135956,0.016273492947220802,,,,,,,,,,,,,,0.7932710647583008,0.02085590362548828,471.0,0.659267008304596,79.4000015258789,2.885916233062744,-2.265582799911499,-0.00019232765771448612,0.7440230846405029,0.8686416745185852,0.5759091973304749,0.9419049620628357,0.363602876663208,0.4641289710998535,0.3256963789463043,0.0
606,,,,,,,,,,,,,,,,,29.034202575683594,2.60122942563612e-05,-0.02975960448384285,0.008159779012203217,,,,,,,,,,,,,,0.804663896560669,0.02056121826171875,465.0,0.6592099666595459,79.36000061035156,2.8883700370788574,-2.2203915119171143,-0.0004239728441461921,0.7462630867958069,0.8721458315849304,0.5971041321754456,0.9476978182792664,0.3865149915218353,0.46261081099510193,0.3615788519382477,0.0
607,,,,,,,,,,,,,,,,,29.031049728393555,2.60122942563612e-05,-0.03025275096297264,0.005171963945031166,,,,,,,,,,,,,,0.7828490734100342,0.0205078125,477.0,0.6591227054595947,79.55999755859375,2.894412040710449,-2.323225259780884,-0.0008063525310717523,0.6326733231544495,0.8117327094078064,0.5385521650314331,0.9160708785057068,0.3319686949253082,0.43589866161346436,0.32239919900894165,0.0
608,,,,,,,,,,,,,,,,,29.0273380279541,2.60122942563612e-05,-0.024814525619149208,0.00929172895848751,,,,,,,,,,,,,,0.7940611839294434,0.023642778396606445,469.0,0.6590306162834167,79.12999725341797,2.888054370880127,-2.316814422607422,-0.0005695016589015722,0.687432587146759,0.8306491374969482,0.5776543021202087,0.9307260513305664,0.33835136890411377,0.44080066680908203,0.3459406793117523,0.0
609,,,,,,,,,,,,,,,,,29.02234649658203,2.60122942563612e-05,-0.03014831244945526,0.005443177651613951,,,,,,,,,,,,,,0.8450300693511963,0.021197080612182617,443.0,0.6588914394378662,80.30000305175781,2.9090933799743652,-2.2039973735809326,-0.0006922183092683554,0.718602180480957,0.8528944849967957,0.5598165988922119,0.9282934069633484,0.36247944831848145,0.45313405990600586,0.3404363691806793,0.0
610,,,,,,,,,,,,,,,,,29.01651382446289,2.60122942563612e-05,-0.0307709239423275,0.006230998784303665,,,,,,,,,,,,,,0.7965011596679688,0.020711183547973633,469.0,0.6587684750556946,80.1500015258789,2.9107327461242676,-2.3528378009796143,-0.0005668053054250777,0.6805024147033691,0.8106806874275208,0.5468012094497681,0.9120658040046692,0.35741958022117615,0.4267512857913971,0.32688334584236145,0.0
611,,,,,,,,,,,,,,,,,29.009658813476562,3.9018443203531206e-05,-0.01797606609761715,0.010231002233922482,,,,,,,,,,,,,,0.8009951114654541,0.020769119262695312,467.0,0.6585618853569031,78.91999816894531,2.898463726043701,-2.2874786853790283,-0.0006173800793476403,0.7163674235343933,0.8420795798301697,0.5798134207725525,0.926173210144043,0.37130823731422424,0.4386500418186188,0.3720441162586212,0.0
612,,,,,,,,,,,,,,,,,28.99941062927246,2.60122942563612e-05,-0.020660992711782455,0.004786732606589794,,,,,,,,,,,,,,0.767570972442627,0.02035999298095703,487.0,0.6583395004272461,78.58999633789062,2.8943519592285156,-2.2301671504974365,-0.00030486995819956064,0.7727013230323792,0.895815372467041,0.6159456372261047,0.9577794075012207,0.3772127628326416,0.4651049077510834,0.35636165738105774,0.0
613,,,,,,,,,,,,,,,,,28.990312576293945,2.60122942563612e-05,-0.028439456596970558,0.011835496872663498,,,,,,,,,,,,,,0.7962110042572021,0.0204010009765625,470.0,0.6581417322158813,78.38999938964844,2.8860464096069336,-2.312476873397827,-0.0003462781896814704,0.6814621090888977,0.8170998692512512,0.5503085851669312,0.9291903972625732,0.3657250702381134,0.4367215931415558,0.30716538429260254,0.0
614,,,,,,,,,,,,,,,,,28.982481002807617,2.60122942563612e-05,-0.025918830186128616,0.025229820981621742,,,,,,,,,,,,,,0.7887380123138428,0.021434307098388672,473.0,0.6580089926719666,77.83000183105469,2.875023603439331,-2.294362783432007,-0.0011309297988191247,0.5799409747123718,0.762546956539154,0.49852338433265686,0.8984713554382324,0.32895880937576294,0.425036758184433,0.3146491050720215,0.0
615,,,,,,,,,,,,,,,,,28.978282928466797,2.60122942563612e-05,-0.023724308237433434,0.046707868576049805,,,,,,,,,,,,,,0.8225369453430176,0.020533084869384766,455.0,0.657949686050415,78.72000122070312,2.911034345626831,-2.29119610786438,-0.0007848281529732049,0.6734239459037781,0.8468732237815857,0.5970070958137512,0.9283263087272644,0.3428366184234619,0.4481017589569092,0.38390257954597473,0.0
616,,,,,,,,,,,,,,,,,28.974822998046875,3.9018443203531206e-05,-0.020383022725582123,0.005827134940773249,,,,,,,,,,,,,,0.7903909683227539,0.020589828491210938,473.0,0.6578236818313599,79.2300033569336,2.929018259048462,-2.208692789077759,-0.00037793259252794087,0.7854013442993164,0.8919334411621094,0.5928419232368469,0.9503222107887268,0.36474037170410156,0.45847633481025696,0.3401302397251129,0.0
617,,,,,,,,,,,,,,,,,28.969017028808594,3.9018443203531206e-05,-0.02735276333987713,0.010232980363070965,,,,,,,,,,,,,,0.7882277965545654,0.022085189819335938,473.0,0.6577005386352539,78.56999969482422,2.9085936546325684,-2.302563428878784,-0.0005623196484521031,0.6527371406555176,0.7969059348106384,0.5515252947807312,0.9252834320068359,0.35655859112739563,0.4394895136356354,0.32732680439949036,0.0
618,,,,,,,,,,,,,,,,,28.9639949798584,2.60122942563612e-05,-0.025456486269831657,0.013392477296292782,,,,,,,,,,,,,,0.8006658554077148,0.02171611785888672,466.0,0.657593846321106,78.80999755859375,2.9015140533447266,-2.3119595050811768,-0.0009523799526505172,0.579816997051239,0.7626292109489441,0.5229325890541077,0.8952372670173645,0.3239777088165283,0.4073801338672638,0.332314133644104,0.0
619,,,,,,,,,,,,,,,,,28.960615158081055,2.60122942563612e-05,-0.02816999889910221,0.018589483574032784,,,,,,,,,,,,,,0.7852838039398193,0.020596981048583984,476.0,0.6575419902801514,79.0199966430664,2.912475109100342,-2.253871202468872,-0.0005195855046622455,0.7221155762672424,0.8571659922599792,0.6006932258605957,0.935413658618927,0.3753034770488739,0.44806969165802,0.3707531988620758,0.0
620,,,,,,,,,,,,,,,,,28.958683013916016,2.60122942563612e-05,-0.027536490932106972,0.012077772058546543,,,,,,,,,,,,,,0.777083158493042,0.02072763442993164,481.0,0.6575064659118652,78.41000366210938,2.898486614227295,-2.2751686573028564,-0.00028050513355992734,0.7163128852844238,0.8169524669647217,0.5253959894180298,0.9195036292076111,0.3640804588794708,0.4270089566707611,0.3140650689601898,0.0
621,,,,,,,,,,,,,,,,,28.957515716552734,3.9018443203531206e-05,-0.027864431962370872,0.02072000503540039,,,,,,,,,,,,,,0.7810759544372559,0.02080512046813965,478.0,0.6574990153312683,78.77999877929688,2.900731325149536,-2.2643420696258545,-0.0005529506597667933,0.5946364402770996,0.720114529132843,0.5188751220703125,0.8694245219230652,0.33074089884757996,0.37169399857521057,0.37010645866394043,0.0
622,,,,,,,,,,,,,,,,,28.956790924072266,2.60122942563612e-05,-0.028165915980935097,0.009061663411557674,,,,,,,,,,,,,,0.7695932388305664,0.020656824111938477,485.0,0.6574552059173584,78.3499984741211,2.893427610397339,-2.200678825378418,-0.0006809622864238918,0.718515157699585,0.8493755459785461,0.620453953742981,0.9369516968727112,0.37982988357543945,0.4496430456638336,0.3818323612213135,0.0
623,,,,,,,,,,,,,,,,,28.953750610351562,2.60122942563612e-05,-0.01834622211754322,0.012579424306750298,,,,,,,,,,,,,,0.8052129745483398,0.020708084106445312,464.0,0.6573753952980042,77.33000183105469,2.8711891174316406,-2.2331185340881348,-0.0002808404387906194,0.7561662793159485,0.842130184173584,0.5525170564651489,0.9178667068481445,0.39024272561073303,0.43923696875572205,0.34719106554985046,0.0
624,,,,,,,,,,,,,,,,,28.949268341064453,2.60122942563612e-05,-0.020579274743795395,0.008998696692287922,,,,,,,,,,,,,,0.8010737895965576,0.021635055541992188,466.0,0.6572344303131104,75.81999969482422,2.8532135486602783,-2.2832350730895996,-0.0006156109157018363,0.6464318633079529,0.819270133972168,0.5877571702003479,0.9187895655632019,0.3720588982105255,0.4423084259033203,0.3921855688095093,0.0
625,,,,,,,,,,,,,,,,,28.941104888916016,3.9018443203531206e-05,-0.026127254590392113,0.007618946023285389,,,,,,,,,,,,,,0.7967140674591064,0.020292997360229492,470.0,0.6569982767105103,75.55000305175781,2.8408806324005127,-2.295591354370117,-0.0007560611120425165,0.6623422503471375,0.8309779763221741,0.5744101405143738,0.9319332242012024,0.3723967373371124,0.44747743010520935,0.331138014793396,0.0
626,,,,,,,,,,,,,,,,,28.93079948425293,3.9018443203531206e-05,-0.028027189895510674,0.010876424610614777,,,,,,,,,,,,,,0.810211181640625,0.02090597152709961,462.0,0.6567999124526978,76.36000061035156,2.85518741607666,-2.3161628246307373,-0.0005812863237224519,0.6544097065925598,0.7787091732025146,0.5369336009025574,0.9023318886756897,0.34027647972106934,0.4055027663707733,0.3515513837337494,0.0
627,,,,,,,,,,,,,,,,,28.922677993774414,2.60122942563612e-05,-0.029991764575242996,0.018453311175107956,,,,,,,,,,,,,,0.7834031581878662,0.022166967391967773,476.0,0.656647801399231,76.5199966430664,2.838615655899048,-2.2631301879882812,-0.0008537371759302914,0.6209693551063538,0.7753375172615051,0.5571091175079346,0.9022225737571716,0.3429960012435913,0.4188145399093628,0.35528531670570374,0.0
628,,,,,,,,,,,,,,,,,28.916824340820312,2.60122942563612e-05,-0.024852445349097252,0.012422403320670128,,,,,,,,,,,,,,0.7892310619354248,0.021672964096069336,473.0,0.6565248370170593,76.25,2.8280556201934814,-2.212937355041504,-0.0005055799847468734,0.6847689151763916,0.8300711512565613,0.5916121006011963,0.9294965863227844,0.38181233406066895,0.44127345085144043,0.37206077575683594,0.0
629,,,,,,,,,,,,,,,,,28.912099838256836,2.60122942563612e-05,-0.030713476240634918,0.012060227803885937,,,,,,,,,,,,,,0.7958800792694092,0.020746946334838867,470.0,0.6564289927482605,75.62000274658203,2.804792642593384,-2.2555792331695557,-0.00048478133976459503,0.6793158054351807,0.8334096074104309,0.5712813138961792,0.930092990398407,0.38458046317100525,0.4455280005931854,0.34688249230384827,0.0
630,,,,,,,,,,,,,,,,,28.90645980834961,2.60122942563612e-05,-0.02745843678712845,0.010786137543618679,,,,,,,,,,,,,,0.7895908355712891,0.02065300941467285,473.0,0.6562438607215881,75.33000183105469,2.7945234775543213,-2.328794240951538,-0.0006983123603276908,0.6172615885734558,0.7948639988899231,0.5580424666404724,0.9142048358917236,0.35784903168678284,0.43176212906837463,0.3614756166934967,0.0
631,,,,,,,,,,,,,,,,,28.89716339111328,3.9018443203531206e-05,-0.029980259016156197,0.0231561828404665,,,,,,,,,,,,,,0.8115179538726807,0.02138805389404297,461.0,0.6560009717941284,76.3499984741211,2.821603298187256,-2.251704454421997,-0.0005784498061984777,0.6707723140716553,0.8162319660186768,0.570090115070343,0.9174895286560059,0.34542158246040344,0.43698254227638245,0.3831362724304199,0.0
632,,,,,,,,,,,,,,,,,28.887075424194336,1.7341530110570602e-05,-0.028537610545754433,0.014265102334320545,,,,,,,,,,,,,,0.7873480319976807,0.020645856857299805,475.0,0.6558231711387634,76.4800033569336,2.8229706287384033,-2.15157151222229,-0.000373202987248078,0.7075063586235046,0.8335291743278503,0.5714380145072937,0.9256208539009094,0.37385237216949463,0.4328467547893524,0.344875693321228,0.0
633,-0.9358109831809998,-0.0001752171228872612,0.30229777097702026,0.3573570251464844,0.2540647089481354,0.3955236077308655,0.15576335787773132,0.1875196397304535,0.16201329231262207,0.0,0.0,0.1428571492433548,0.0,0.2857142984867096,0.5714285969734192,0.0,28.88060760498047,3.9018443203531206e-05,-0.025853099301457405,0.02007809840142727,2.2398436069488525,0.717768132686615,0.2660120129585266,0.43739014863967896,2.404782772064209,0.77157062292099,0.15549859404563904,0.43331435322761536,1.1897938251495361,8.208273887634277,0.0,0.0,0.0,0.8171770572662354,0.020253896713256836,458.0,0.6556656360626221,75.25,2.803964138031006,-2.248880624771118,-0.0006249455618672073,0.6681028008460999,0.8297227025032043,0.5797440409660339,0.9300165176391602,0.36767664551734924,0.43951305747032166,0.36330732703208923,0.0
634,,,,,,,,,,,,,,,,,28.87285041809082,2.60122942563612e-05,-0.03072708286345005,0.012757528573274612,,,,,,,,,,,,,,0.7750260829925537,0.020524978637695312,482.0,0.655514657497406,75.22000122070312,2.79902720451355,-2.2574100494384766,-0.0003796555392909795,0.6853936314582825,0.841130256652832,0.5981693863868713,0.9351398348808289,0.353633314371109,0.4474256932735443,0.3660937547683716,0.0
635,,,,,,,,,,,,,,,,,28.867643356323242,2.60122942563612e-05,-0.026166442781686783,0.024567309767007828,,,,,,,,,,,,,,0.811737060546875,0.02004694938659668,461.0,0.6554135084152222,75.41000366210938,2.8034822940826416,-2.2946951389312744,-0.00039292604196816683,0.6781513094902039,0.8227596282958984,0.585618257522583,0.9249688982963562,0.365288108587265,0.44808676838874817,0.35517072677612305,0.0
636,,,,,,,,,,,,,,,,,28.862855911254883,2.60122942563612e-05,-0.03248674049973488,0.009431753307580948,,,,,,,,,,,,,,0.8142569065093994,0.020400047302246094,460.0,0.6552823185920715,74.66000366210938,2.797853469848633,-2.233025312423706,-0.0008684134227223694,0.6242713332176208,0.8013409972190857,0.5861988663673401,0.9156377911567688,0.3490939438343048,0.4262509346008301,0.39129510521888733,0.0
637,,,,,,,,,,,,,,,,,28.857030868530273,2.60122942563612e-05,-0.025386184453964233,0.009164189919829369,,,,,,,,,,,,,,0.8143312931060791,0.02154397964477539,459.0,0.6551665663719177,74.48999786376953,2.7945687770843506,-2.194974660873413,-0.0003961183538194746,0.7203221321105957,0.8737678527832031,0.624370276927948,0.9449145197868347,0.3933629095554352,0.4564458429813385,0.3751835823059082,0.0
638,,,,,,,,,,,,,,,,,28.8521671295166,2.60122942563612e-05,-0.030471650883555412,0.019433273002505302,,,,,,,,,,,,,,0.8169448375701904,0.021106958389282227,458.0,0.6550472974777222,74.08000183105469,2.7842650413513184,-2.2944157123565674,-0.0003556656010914594,0.6732262969017029,0.8383677005767822,0.5729303359985352,0.9366423487663269,0.3687998354434967,0.44915342330932617,0.3276539742946625,0.0
639,,,,,,,,,,,,,,,,,28.8464412689209,3.9018443203531206e-05,-0.025833802297711372,0.015966136008501053,,,,,,,,,,,,,,0.8098900318145752,0.021043062210083008,462.0,0.6549171805381775,73.6500015258789,2.7834930419921875,-2.286616325378418,-0.0010081448126584291,0.5755459070205688,0.7608941197395325,0.5543329119682312,0.9036142230033875,0.3449043333530426,0.41405606269836426,0.38546690344810486,0.0
640,,,,,,,,,,,,,,,,,28.841197967529297,3.9018443203531206e-05,-0.033347975462675095,0.00847034901380539,,,,,,,,,,,,,,0.7906482219696045,0.02082204818725586,473.0,0.6548250317573547,73.4000015258789,2.779900074005127,-2.2148196697235107,-0.0005025565042160451,0.678533136844635,0.8248304724693298,0.5985377430915833,0.9213476181030273,0.34943994879722595,0.4445617198944092,0.39771386981010437,0.0
641,,,,,,,,,,,,,,,,,28.836015701293945,1.7341530110570602e-05,-0.023099385201931,0.01597125455737114,,,,,,,,,,,,,,0.7962779998779297,0.02126789093017578,469.0,0.6547042727470398,73.91000366210938,2.798959732055664,-2.2037951946258545,-0.0002608823124319315,0.7061397433280945,0.8275039196014404,0.5794202089309692,0.9209197163581848,0.32963618636131287,0.4427795112133026,0.36821869015693665,0.0
642,-1.1229560375213623,-0.0003144695656374097,0.32517004013061523,0.40881332755088806,0.2921105623245239,0.458130806684494,0.15647727251052856,0.2229871153831482,0.18377883732318878,0.0,0.0,0.25,0.0,0.75,0.25,0.0,28.831981658935547,2.60122942563612e-05,-0.020800024271011353,0.00914014596492052,3.272995710372925,1.1364933252334595,0.2969673275947571,0.7059212923049927,3.4611072540283203,0.9796736240386963,0.20851239562034607,0.5969604253768921,1.867551565170288,11.402788162231445,0.0,0.0,0.0,0.8444149494171143,0.021032094955444336,443.0,0.6546397805213928,74.0199966430664,2.804064989089966,-2.3089802265167236,-0.0007303482270799577,0.6394146084785461,0.8033624291419983,0.6111412644386292,0.9333138465881348,0.34468555450439453,0.4373634159564972,0.38300570845603943,0.0
643,,,,,,,,,,,,,,,,,28.82753562927246,3.9018443203531206e-05,-0.023564595729112625,0.011129617691040039,,,,,,,,,,,,,,0.8164980411529541,0.020827054977416992,458.0,0.6544839143753052,74.91000366210938,2.8186230659484863,-2.2325093746185303,-0.000725646095816046,0.6340714693069458,0.7694029808044434,0.5546761155128479,0.902844250202179,0.3409759998321533,0.4060108959674835,0.3617793619632721,0.0
644,,,,,,,,,,,,,,,,,28.81850814819336,2.60122942563612e-05,-0.029941244050860405,0.008392028510570526,,,,,,,,,,,,,,0.7990641593933105,0.020014047622680664,468.0,0.6542583107948303,75.12999725341797,2.8178694248199463,-2.215118646621704,-0.00025478642783127725,0.6816828846931458,0.8291716575622559,0.5900530815124512,0.9257639050483704,0.3497070074081421,0.44299232959747314,0.3806450068950653,0.0
645,,,,,,,,,,,,,,,,,28.809534072875977,3.9018443203531206e-05,-0.025908907875418663,0.019991924986243248,,,,,,,,,,,,,,0.7670028209686279,0.020881175994873047,487.0,0.6541023850440979,74.3499984741211,2.809544563293457,-2.2441539764404297,-0.0007550146547146142,0.6903953552246094,0.8381726741790771,0.5843780040740967,0.9390273094177246,0.3640798330307007,0.45174384117126465,0.3552134037017822,0.0
646,-0.9944313168525696,-0.00013925967505201697,0.30723467469215393,0.36527562141418457,0.26910480856895447,0.41310593485832214,0.1416027545928955,0.1918109655380249,0.17715205252170563,0.0,0.0,0.75,0.0,0.0,0.5,0.0,28.801288604736328,3.9018443203531206e-05,-0.031012671068310738,0.012763062492012978,2.3356945514678955,1.169959306716919,0.3588578402996063,0.49414992332458496,3.885087490081787,1.061650037765503,0.19067330658435822,0.5083258152008057,1.4045292139053345,17.553882598876953,0.0,0.0,0.0,0.776371955871582,0.02099609375,481.0,0.6538493037223816,73.95999908447266,2.811382532119751,-2.2804548740386963,-0.0006838107365183532,0.6520765423774719,0.8357885479927063,0.6008490920066833,0.9381702542304993,0.3822147846221924,0.4473438262939453,0.3845698833465576,0.0
647,,,,,,,,,,,,,,,,,28.7906494140625,2.60122942563612e-05,-0.03517434746026993,0.011608290486037731,,,,,,,,,,,,,,0.7875039577484131,0.021286964416503906,474.0,0.6536809206008911,74.04000091552734,2.82755184173584,-2.2350635528564453,-0.0008839151705615222,0.6685146689414978,0.8533203601837158,0.6014065146446228,0.941319465637207,0.3773827850818634,0.45758867263793945,0.36604931950569153,0.0
648,,,,,,,,,,,,,,,,,28.78491973876953,2.60122942563612e-05,-0.03616640716791153,0.024349186569452286,,,,,,,,,,,,,,0.7840399742126465,0.021308183670043945,476.0,0.653574526309967,74.01000213623047,2.838524103164673,-2.2631943225860596,-0.0005536768003366888,0.6058357357978821,0.7518987655639648,0.5227206945419312,0.8952701091766357,0.3358800411224365,0.3909708559513092,0.35177889466285706,0.0
649,,,,,,,,,,,,,,,,,28.780046463012695,3.9018443203531206e-05,-0.020661821588873863,0.02255934290587902,,,,,,,,,,,,,,0.820030927658081,0.021555423736572266,456.0,0.6534567475318909,75.1500015258789,2.868748426437378,-2.2805724143981934,-0.0006212016451172531,0.6885167956352234,0.8424475789070129,0.6089267730712891,0.9289845824241638,0.3750017583370209,0.44795849919319153,0.40860095620155334,0.0
650,,,,,,,,,,,,,,,,,28.775423049926758,2.60122942563612e-05,-0.028900235891342163,0.014177000150084496,,,,,,,,,,,,,,0.7640848159790039,0.020087242126464844,489.0,0.6533976793289185,75.73999786376953,2.883577585220337,-2.251429557800293,-0.000579890504013747,0.6641612648963928,0.8052548766136169,0.5468494296073914,0.9159572720527649,0.3536973297595978,0.42587724328041077,0.32659974694252014,0.0
651,-1.0337543487548828,-0.0001647237513680011,0.31894469261169434,0.38766783475875854,0.2778246998786926,0.42689958214759827,0.1629885733127594,0.204193115234375,0.17447595298290253,0.0,0.0,0.20000000298023224,0.0,0.20000000298023224,0.6000000238418579,0.0,28.77344512939453,2.60122942563612e-05,-0.026249011978507042,0.008835791610181332,2.4074065685272217,0.6214832067489624,0.23461434245109558,0.49276456236839294,2.7442476749420166,0.7136627435684204,0.1329130232334137,0.44242382049560547,1.131469964981079,7.934995174407959,0.0,0.0,0.0,0.7840969562530518,0.020628929138183594,477.0,0.6533448696136475,74.9000015258789,2.862931489944458,-2.3293235301971436,-0.00048731491551734507,0.6652126908302307,0.8427321910858154,0.6350791454315186,0.9495484232902527,0.35412168502807617,0.45533886551856995,0.4004242718219757,0.0
652,,,,,,,,,,,,,,,,,28.76885223388672,2.60122942563612e-05,-0.027340682223439217,0.013966336846351624,,,,,,,,,,,,,,0.7835891246795654,0.020801067352294922,477.0,0.6531923413276672,74.91999816894531,2.866600275039673,-2.223945140838623,-0.0010426706867292523,0.6489061713218689,0.8111772537231445,0.5399892330169678,0.9182360768318176,0.3450218141078949,0.4375026524066925,0.3284432888031006,0.0
653,-1.280013918876648,-0.0004323266912251711,0.3552381694316864,0.4490000009536743,0.30658021569252014,0.5065924525260925,0.1934255212545395,0.24319271743297577,0.19312536716461182,0.0,0.0,0.3333333432674408,0.0,0.8333333134651184,0.0,0.0,28.761821746826172,3.9018443203531206e-05,-0.03140435740351677,0.008422610349953175,2.7956981658935547,1.0239017009735107,0.3166848421096802,0.6330974102020264,3.05812931060791,0.9726195335388184,0.21108756959438324,0.6257691979408264,1.5677095651626587,10.561217308044434,0.0,0.0,0.0,0.7971339225769043,0.020812034606933594,469.0,0.653018057346344,76.3499984741211,2.886218309402466,-2.2891595363616943,-0.0006732337060384452,0.6379139423370361,0.830285370349884,0.5869407653808594,0.928209125995636,0.3424611985683441,0.4467388689517975,0.3779190480709076,0.0
654,,,,,,,,,,,,,,,,,28.75506591796875,2.60122942563612e-05,-0.03217138722538948,0.012182348407804966,,,,,,,,,,,,,,0.7912509441375732,0.021256208419799805,472.0,0.6529073715209961,76.31999969482422,2.9006288051605225,-2.2007808685302734,-0.0008854913176037371,0.6773503422737122,0.8613717555999756,0.6092671751976013,0.9459697604179382,0.3288295269012451,0.46545329689979553,0.3757326900959015,0.0
655,,,,,,,,,,,,,,,,,28.750591278076172,3.9018443203531206e-05,-0.025789372622966766,0.017604410648345947,,,,,,,,,,,,,,0.7860982418060303,0.02324199676513672,474.0,0.6527959704399109,75.4800033569336,2.8819215297698975,-2.2701666355133057,-0.0004915859317407012,0.7046201229095459,0.8491122126579285,0.6008800864219666,0.94340580701828,0.33596038818359375,0.45251813530921936,0.3667808473110199,0.0
656,,,,,,,,,,,,,,,,,28.744091033935547,3.9018443203531206e-05,-0.025036511942744255,0.016333825886249542,,,,,,,,,,,,,,0.796424150466919,0.020891904830932617,469.0,0.6526082158088684,74.93000030517578,2.8560633659362793,-2.2715401649475098,-0.0003202937077730894,0.6754563450813293,0.8561733365058899,0.6259444952011108,0.951916515827179,0.35093116760253906,0.46369144320487976,0.39653918147087097,0.0
657,-1.1448618173599243,-0.0003559128672350198,0.3532129228115082,0.45252588391304016,0.3136694133281708,0.4944286346435547,0.17444433271884918,0.2445148378610611,0.1933964192867279,0.0,0.0,0.1428571492433548,0.0,0.2857142984867096,0.5714285969734192,0.0,28.736373901367188,3.9018443203531206e-05,-0.03365284204483032,0.023109611123800278,1.8123095035552979,0.6621735692024231,0.17844770848751068,0.46533578634262085,2.8306045532226562,0.6629210114479065,0.1188817024230957,0.45155659317970276,1.382536768913269,10.214759826660156,0.0,0.0,0.0,0.7627968788146973,0.021247148513793945,489.0,0.6524667143821716,75.26000213623047,2.8875253200531006,-2.2307546138763428,-0.0008294666185975075,0.6498489379882812,0.8534946441650391,0.5877353549003601,0.9452983736991882,0.32262107729911804,0.46621355414390564,0.37380412220954895,0.0
658,,,,,,,,,,,,,,,,,28.73147964477539,2.60122942563612e-05,-0.031224271282553673,0.01736309379339218,,,,,,,,,,,,,,0.7904238700866699,0.020952939987182617,473.0,0.6523913741111755,75.37999725341797,2.8905608654022217,-2.2175862789154053,-0.00034887585206888616,0.6834247708320618,0.8390852808952332,0.5908255577087402,0.9405667185783386,0.3160710036754608,0.446426659822464,0.37856194376945496,0.0
659,,,,,,,,,,,,,,,,,28.72626304626465,3.9018443203531206e-05,-0.03170406073331833,0.024499692022800446,,,,,,,,,,,,,,0.7836580276489258,0.0207059383392334,477.0,0.6521866917610168,74.7699966430664,2.8790509700775146,-2.285576581954956,-0.000570083677303046,0.6450861692428589,0.8376379013061523,0.612098217010498,0.937904417514801,0.35318246483802795,0.44129061698913574,0.3996024429798126,0.0
660,,,,,,,,,,,,,,,,,28.715782165527344,2.60122942563612e-05,-0.027599094435572624,0.026425037533044815,,,,,,,,,,,,,,0.7792718410491943,0.021439075469970703,479.0,0.651955783367157,74.83000183105469,2.8815853595733643,-2.2365353107452393,-0.0007056616595946252,0.6518526077270508,0.8267869353294373,0.5896241068840027,0.9309101104736328,0.300313264131546,0.42395925521850586,0.36186936497688293,0.0
661,,,,,,,,,,,,,,,,,28.706741333007812,3.9018443203531206e-05,-0.030032381415367126,0.032882142812013626,,,,,,,,,,,,,,0.8012049198150635,0.021003007888793945,467.0,0.6517674326896667,75.41000366210938,2.8823471069335938,-2.2688825130462646,-0.0008185575716197491,0.6426418423652649,0.7767806053161621,0.5385932326316833,0.8966050744056702,0.2955796420574188,0.4112567603588104,0.3811143934726715,0.0
662,,,,,,,,,,,,,,,,,28.69700050354004,2.60122942563612e-05,-0.031398411840200424,0.012349026277661324,,,,,,,,,,,,,,0.7776138782501221,0.020406007766723633,481.0,0.6515147089958191,75.11000061035156,2.8832662105560303,-2.218106508255005,-0.00039461159030906856,0.6887680888175964,0.8552748560905457,0.6523774862289429,0.9423468708992004,0.3837808668613434,0.45261070132255554,0.42356881499290466,0.0
663,,,,,,,,,,,,,,,,,28.686431884765625,3.9018443203531206e-05,-0.02724521979689598,0.015534511767327785,,,,,,,,,,,,,,0.7796831130981445,0.02132105827331543,479.0,0.6512870192527771,74.55999755859375,2.8786795139312744,-2.1810173988342285,-0.00020784996740985662,0.7463290095329285,0.8831660151481628,0.5778058171272278,0.954509437084198,0.35708698630332947,0.4630817472934723,0.33090779185295105,0.0
664,,,,,,,,,,,,,,,,,28.676563262939453,2.60122942563612e-05,-0.03565593436360359,0.0238933265209198,,,,,,,,,,,,,,0.7946310043334961,0.02082514762878418,470.0,0.6511025428771973,74.52999877929688,2.8824708461761475,-2.2298262119293213,-0.0008844452095218003,0.5954054594039917,0.7784554362297058,0.5775144696235657,0.9208342432975769,0.3320316970348358,0.4270462989807129,0.39000749588012695,0.0
665,,,,,,,,,,,,,,,,,28.66887855529785,3.9018443203531206e-05,-0.028140639886260033,0.011127404868602753,,,,,,,,,,,,,,0.7722680568695068,0.02107524871826172,484.0,0.650919497013092,75.4800033569336,2.9047138690948486,-2.224034070968628,-0.0007754173711873591,0.6586770415306091,0.8285383582115173,0.6032889485359192,0.9274465441703796,0.34518611431121826,0.4404268264770508,0.36482810974121094,0.0
666,,,,,,,,,,,,,,,,,28.660247802734375,3.9018443203531206e-05,-0.031471896916627884,0.0071138557977974415,,,,,,,,,,,,,,0.7866039276123047,0.020832061767578125,475.0,0.6507469415664673,74.91999816894531,2.8915529251098633,-2.225705862045288,-0.0002760676434263587,0.7266342043876648,0.8446846604347229,0.5965700745582581,0.9431903958320618,0.3435235023498535,0.4464060366153717,0.3560766279697418,0.0
667,,,,,,,,,,,,,,,,,28.65357208251953,2.60122942563612e-05,-0.03349298611283302,0.01995677314698696,,,,,,,,,,,,,,0.7696740627288818,0.020102977752685547,486.0,0.6506184339523315,74.98999786376953,2.8829877376556396,-2.303337574005127,-0.0005880477838218212,0.5788614153862,0.7391278147697449,0.5510172247886658,0.9007332921028137,0.3312155604362488,0.4011811316013336,0.35446181893348694,0.0
668,,,,,,,,,,,,,,,,,28.647539138793945,3.9018443203531206e-05,-0.023645853623747826,0.011349060572683811,,,,,,,,,,,,,,0.775792121887207,0.02036571502685547,482.0,0.6504722833633423,74.8499984741211,2.877729892730713,-2.1829183101654053,-0.0005710305413231254,0.6590983867645264,0.8243058323860168,0.5975215435028076,0.9250313639640808,0.36913347244262695,0.42964866757392883,0.3751199245452881,0.0
669,,,,,,,,,,,,,,,,,28.640186309814453,2.60122942563612e-05,-0.02800426073372364,0.022047802805900574,,,,,,,,,,,,,,0.7934138774871826,0.020498991012573242,471.0,0.6503090858459473,74.83999633789062,2.866459369659424,-2.184074640274048,-0.0006166052189655602,0.6652215719223022,0.8089367747306824,0.5541800856590271,0.9079152941703796,0.3330037295818329,0.41003796458244324,0.35205936431884766,0.0
670,,,,,,,,,,,,,,,,,28.634496688842773,3.9018443203531206e-05,-0.028141731396317482,0.016400249674916267,,,,,,,,,,,,,,0.7754487991333008,0.02073216438293457,482.0,0.6502206325531006,74.62999725341797,2.864619731903076,-2.2817306518554688,-0.000679453311022371,0.6593627333641052,0.8483312129974365,0.6254123449325562,0.9435965418815613,0.3704112768173218,0.44641026854515076,0.3912271559238434,0.0
671,,,,,,,,,,,,,,,,,28.62970733642578,3.9018443203531206e-05,-0.0333719328045845,0.024528665468096733,,,,,,,,,,,,,,0.7893068790435791,0.02069401741027832,474.0,0.6500906348228455,74.69999694824219,2.862982988357544,-2.2369492053985596,-0.000882721331436187,0.5961694121360779,0.8078013062477112,0.5680503845214844,0.9315353035926819,0.3388248383998871,0.4272928535938263,0.3130231201648712,0.0
672,,,,,,,,,,,,,,,,,28.623741149902344,2.60122942563612e-05,-0.0324658565223217,0.029195372015237808,,,,,,,,,,,,,,0.7796580791473389,0.021594762802124023,479.0,0.6499798893928528,75.0,2.8736984729766846,-2.236043930053711,-0.0007422282360494137,0.5524501204490662,0.713177502155304,0.534950315952301,0.8910646438598633,0.28033509850502014,0.3840445578098297,0.3506123721599579,0.0
673,,,,,,,,,,,,,,,,,28.61977767944336,3.9018443203531206e-05,-0.03258577734231949,0.031173676252365112,,,,,,,,,,,,,,0.8007447719573975,0.023247241973876953,466.0,0.649908721446991,76.22000122070312,2.9042532444000244,-2.2636425495147705,-0.000890650786459446,0.5806311964988708,0.7698860764503479,0.5663614869117737,0.8982531428337097,0.29556962847709656,0.4138195514678955,0.3703247010707855,0.0
674,,,,,,,,,,,,,,,,,28.617172241210938,2.60122942563612e-05,-0.03241242468357086,0.013298300094902515,,,,,,,,,,,,,,0.7848601341247559,0.0204160213470459,476.0,0.6498702764511108,76.91000366210938,2.9021499156951904,-2.1962432861328125,-0.0005239276797510684,0.6980405449867249,0.8548281788825989,0.6287226676940918,0.9486435055732727,0.36061379313468933,0.43928924202919006,0.36598220467567444,0.0
675,,,,,,,,,,,,,,,,,28.61441993713379,3.9018443203531206e-05,-0.026300987228751183,0.012734372168779373,,,,,,,,,,,,,,0.793222188949585,0.02113795280456543,471.0,0.649760901927948,76.9800033569336,2.8877954483032227,-2.2518842220306396,-0.00031506456434726715,0.6428815722465515,0.8117745518684387,0.5606537461280823,0.9314770698547363,0.3259233236312866,0.4297853410243988,0.3406716287136078,0.0
676,,,,,,,,,,,,,,,,,28.60916519165039,2.60122942563612e-05,-0.03500882908701897,0.029831908643245697,,,,,,,,,,,,,,0.8040657043457031,0.020717144012451172,465.0,0.6496635675430298,77.83999633789062,2.9121479988098145,-2.2486042976379395,-0.0010382876498624682,0.5624397993087769,0.7545788288116455,0.5511077046394348,0.9033693671226501,0.3189634084701538,0.3984752893447876,0.34445175528526306,0.0
677,,,,,,,,,,,,,,,,,28.60561180114746,2.60122942563612e-05,-0.026099998503923416,0.02179446630179882,,,,,,,,,,,,,,0.7922430038452148,0.021314144134521484,472.0,0.6495994329452515,78.16000366210938,2.9078519344329834,-2.2305305004119873,-0.000488489749841392,0.6422333121299744,0.826488733291626,0.6050789952278137,0.9346117377281189,0.35723111033439636,0.4305899441242218,0.3686710596084595,0.0
678,,,,,,,,,,,,,,,,,28.602466583251953,2.60122942563612e-05,-0.03062012791633606,0.019847040995955467,,,,,,,,,,,,,,0.8053250312805176,0.020435810089111328,465.0,0.649513304233551,78.68000030517578,2.9084713459014893,-2.1854655742645264,-0.0003801994025707245,0.6441592574119568,0.7944818139076233,0.5828506946563721,0.9238975644111633,0.3332691490650177,0.40674296021461487,0.374136358499527,0.0
679,-1.2270959615707397,-0.00028909361572004855,0.3426465094089508,0.4413726329803467,0.3166569471359253,0.5065529942512512,0.1880178600549698,0.23305082321166992,0.1973552703857422,0.0,0.0,0.6666666865348816,0.0,0.3333333432674408,0.1666666716337204,0.0,28.59845542907715,1.7341530110570602e-05,-0.026817861944437027,0.01487793680280447,3.517779588699341,1.4141851663589478,0.41798660159111023,0.6641119122505188,3.7422406673431396,1.225507140159607,0.2329413890838623,0.6045519709587097,1.3630527257919312,11.75124454498291,0.0,0.0,0.0,0.8151330947875977,0.02062678337097168,459.0,0.6494315266609192,79.3499984741211,2.9298276901245117,-2.2469470500946045,-0.00048551158397458494,0.6130889058113098,0.7787851691246033,0.5743629336357117,0.9062142968177795,0.3417074382305145,0.4094245135784149,0.385181188583374,0.0
680,,,,,,,,,,,,,,,,,28.595001220703125,3.9018443203531206e-05,-0.029985418543219566,0.012665310874581337,,,,,,,,,,,,,,0.7897031307220459,0.021542787551879883,473.0,0.6493463516235352,80.0,2.9424126148223877,-2.1849324703216553,-0.0006719306693412364,0.6700449585914612,0.8454186320304871,0.6054856777191162,0.9394176006317139,0.3398081362247467,0.45545533299446106,0.36405834555625916,0.0
681,,,,,,,,,,,,,,,,,28.590694427490234,2.60122942563612e-05,-0.0346900075674057,0.023059463128447533,,,,,,,,,,,,,,0.793159008026123,0.02112889289855957,471.0,0.6492545008659363,77.97000122070312,2.8965861797332764,-2.255232572555542,-0.0008277292363345623,0.6208193898200989,0.7643103003501892,0.543971836566925,0.9035277962684631,0.31144651770591736,0.40173760056495667,0.35331764817237854,0.0
682,,,,,,,,,,,,,,,,,28.587093353271484,2.60122942563612e-05,-0.03066840022802353,0.023847335949540138,,,,,,,,,,,,,,0.8187191486358643,0.0221099853515625,456.0,0.6491766571998596,78.37000274658203,2.9045498371124268,-2.2088520526885986,-0.0006502012838609517,0.6246784329414368,0.7770282626152039,0.6015494465827942,0.9096915125846863,0.32093265652656555,0.41004976630210876,0.4008110463619232,0.0
683,-1.4504082202911377,-0.0007359714945778251,0.35163766145706177,0.4832335114479065,0.3659982979297638,0.5873064398765564,0.2139785885810852,0.2514500021934509,0.22774828970432281,0.0,0.0,1.0,0.0,0.0,0.0,0.0,28.58321762084961,2.60122942563612e-05,-0.0297151580452919,0.015574845485389233,3.302684783935547,1.8646529912948608,0.6211066246032715,0.9529507756233215,4.530791759490967,1.601696252822876,0.30101075768470764,0.8363878726959229,1.5710481405258179,12.658479690551758,0.0,0.0,0.0,0.8333518505096436,0.02121710777282715,449.0,0.6490713357925415,78.98999786376953,2.916975498199463,-2.221123456954956,-0.000542301859240979,0.696683943271637,0.8621396422386169,0.5902384519577026,0.9478638172149658,0.30508095026016235,0.45404669642448425,0.34254536032676697,0.0
684,,,,,,,,,,,,,,,,,28.578920364379883,3.9018443203531206e-05,-0.029668444767594337,0.01376000139862299,,,,,,,,,,,,,,0.9226808547973633,0.032811880111694336,401.0,0.6490088701248169,79.22000122070312,2.924325466156006,-2.2762701511383057,-0.0006896122940815985,0.6426011919975281,0.8293113708496094,0.5732993483543396,0.9287793040275574,0.2781686782836914,0.4221647083759308,0.37070250511169434,0.0
685,,,,,,,,,,,,,,,,,28.576580047607422,2.60122942563612e-05,-0.029985014349222183,0.01878434605896473,,,,,,,,,,,,,,0.851597785949707,0.021824121475219727,439.0,0.6489686369895935,80.6500015258789,2.9447476863861084,-2.247929096221924,-0.00042087354813702404,0.6452080607414246,0.8451757431030273,0.6382221579551697,0.9452669620513916,0.2958028018474579,0.44787493348121643,0.40178871154785156,0.0
686,,,,,,,,,,,,,,,,,28.57483673095703,2.60122942563612e-05,-0.027880826964974403,0.014199193567037582,,,,,,,,,,,,,,0.8181538581848145,0.023727893829345703,456.0,0.6489155888557434,80.51000213623047,2.9396464824676514,-2.1726653575897217,-0.0005780250648967922,0.6766090393066406,0.8217628598213196,0.5679821372032166,0.9311607480049133,0.2767527401447296,0.4338364601135254,0.31804558634757996,0.0
687,,,,,,,,,,,,,,,,,28.572154998779297,1.7341530110570602e-05,-0.0308939591050148,0.02059796079993248,,,,,,,,,,,,,,0.8222441673278809,0.022290945053100586,454.0,0.6488701105117798,80.20999908447266,2.9237112998962402,-2.284411668777466,-0.0007956992485560477,0.6027039289474487,0.7663586735725403,0.5533843040466309,0.9065471291542053,0.3022850453853607,0.41595783829689026,0.35185155272483826,0.0
688,-1.2381079196929932,-0.0003953284758608788,0.3459196984767914,0.4268512725830078,0.3129660487174988,0.4991333782672882,0.1666860282421112,0.22728611528873444,0.18856509029865265,0.0,0.0,0.7142857313156128,0.0,0.2857142984867096,0.0,0.0,28.56957244873047,2.60122942563612e-05,-0.021363666281104088,0.020741600543260574,4.050411224365234,1.373784065246582,0.4643798768520355,0.7781037092208862,4.120460033416748,1.3062705993652344,0.25848326086997986,0.6603721380233765,1.6374098062515259,11.698943138122559,0.0,0.0,0.0,0.8115091323852539,0.0223238468170166,460.0,0.6487730741500854,81.0,2.9286484718322754,-2.24664044380188,-0.0011243856279179454,0.6103224754333496,0.7557995915412903,0.5508813261985779,0.8970020413398743,0.26959675550460815,0.4003458321094513,0.35055384039878845,0.0
689,,,,,,,,,,,,,,,,,28.564678192138672,2.60122942563612e-05,-0.026891523972153664,0.014243231154978275,,,,,,,,,,,,,,0.8283889293670654,0.02204108238220215,451.0,0.6486626863479614,81.22000122070312,2.9343018531799316,-2.245238780975342,-0.0003359073307365179,0.668355405330658,0.8152487874031067,0.6234292387962341,0.9299102425575256,0.30224740505218506,0.4493832588195801,0.401597261428833,0.0
690,,,,,,,,,,,,,,,,,28.560192108154297,1.7341530110570602e-05,-0.027824610471725464,0.011121920309960842,,,,,,,,,,,,,,0.8272049427032471,0.02352595329284668,451.0,0.6485594511032104,80.48999786376953,2.9183554649353027,-2.251495599746704,-0.000470177736133337,0.6434702277183533,0.8047786355018616,0.5818779468536377,0.9322933554649353,0.32595258951187134,0.4373934268951416,0.342638224363327,0.0
691,,,,,,,,,,,,,,,,,28.555559158325195,2.60122942563612e-05,-0.027023350819945335,0.022782398387789726,,,,,,,,,,,,,,0.8166651725769043,0.022928714752197266,457.0,0.6484447121620178,80.75,2.914311170578003,-2.235356330871582,-0.0007850423571653664,0.5815489888191223,0.7302040457725525,0.5431409478187561,0.8939275741577148,0.2934098541736603,0.3859903812408447,0.3660549223423004,0.0
692,-1.247398018836975,-0.00037260662065818906,0.3426189720630646,0.4251963496208191,0.3099396824836731,0.502531111240387,0.16869351267814636,0.2235100418329239,0.1988535374403,0.0,0.0,0.8571428656578064,0.0,0.1428571492433548,0.0,0.0,28.550596237182617,3.9018443203531206e-05,-0.029081953689455986,0.017768559977412224,3.4383139610290527,1.6724097728729248,0.5441430807113647,0.8628454804420471,4.258597373962402,1.5037505626678467,0.2846972346305847,0.7487755417823792,1.4675254821777344,11.791573524475098,0.0,0.0,0.0,0.8254871368408203,0.021286964416503906,453.0,0.648343026638031,80.44000244140625,2.895158529281616,-2.198423147201538,-0.0004623829445336014,0.6559521555900574,0.804816484451294,0.6221680045127869,0.9189727902412415,0.3213295638561249,0.4232628643512726,0.41434457898139954,0.0
693,,,,,,,,,,,,,,,,,28.546527862548828,3.9018443203531206e-05,-0.022483715787529945,0.01770261861383915,,,,,,,,,,,,,,0.8049180507659912,0.02097296714782715,464.0,0.6482505202293396,79.70999908447266,2.877619981765747,-2.2880191802978516,-0.0006048863870091736,0.6665007472038269,0.7866430282592773,0.57408207654953,0.9187782406806946,0.2887692451477051,0.4100528657436371,0.34340953826904297,0.0
694,,,,,,,,,,,,,,,,,28.5417423248291,2.60122942563612e-05,-0.03169441968202591,0.01639650948345661,,,,,,,,,,,,,,0.8256409168243408,0.01968693733215332,454.0,0.6481357216835022,78.62000274658203,2.848221778869629,-2.23740291595459,-0.00042467538150958717,0.6402941942214966,0.7985329627990723,0.6162986159324646,0.929409921169281,0.3253515660762787,0.42266106605529785,0.40522536635398865,0.0
695,,,,,,,,,,,,,,,,,28.536911010742188,2.60122942563612e-05,-0.031214995309710503,0.010077100247144699,,,,,,,,,,,,,,0.8161039352416992,0.021917343139648438,458.0,0.6480295658111572,78.2699966430664,2.8401598930358887,-2.2267372608184814,-0.000706884718965739,0.6116877198219299,0.7895185351371765,0.6072059273719788,0.9196593761444092,0.33290061354637146,0.42232903838157654,0.37885645031929016,0.0
696,,,,,,,,,,,,,,,,,28.531766891479492,2.60122942563612e-05,-0.031045010313391685,0.015066901221871376,,,,,,,,,,,,,,0.8295300006866455,0.021534204483032227,451.0,0.647895872592926,78.22000122070312,2.8379995822906494,-2.1899733543395996,-0.00037323226570151746,0.643041729927063,0.7849810719490051,0.593432605266571,0.9331682324409485,0.2931097745895386,0.4159226417541504,0.3503809869289398,0.0
697,,,,,,,,,,,,,,,,,28.525423049926758,3.9018443203531206e-05,-0.03240130469202995,0.020788274705410004,,,,,,,,,,,,,,0.790867805480957,0.02135920524597168,472.0,0.6477441787719727,78.4000015258789,2.831047534942627,-2.2336742877960205,-0.0006768570747226477,0.588710367679596,0.7187851071357727,0.5535030961036682,0.8929528594017029,0.24536985158920288,0.3739732801914215,0.37084683775901794,0.0
698,-1.0780962705612183,-0.0002017844672081992,0.3121395409107208,0.37134695053100586,0.2874729037284851,0.44553765654563904,0.13014017045497894,0.19346220791339874,0.18825256824493408,0.0,0.0,0.8333333134651184,0.0,0.0,0.1666666716337204,0.0,28.518630981445312,2.60122942563612e-05,-0.03410729765892029,0.018933532759547234,2.7092292308807373,1.883926510810852,0.5558393597602844,0.7103249430656433,4.303879261016846,1.552569031715393,0.28340303897857666,0.682948887348175,1.4592128992080688,14.631908416748047,0.0,0.0,0.0,0.7832827568054199,0.021240234375,477.0,0.6476165652275085,78.08999633789062,2.811586856842041,-2.223402261734009,-0.0006881242152303457,0.5798743367195129,0.7413579821586609,0.5687075257301331,0.9001803398132324,0.31612369418144226,0.37614956498146057,0.37614133954048157,0.0
699,,,,,,,,,,,,,,,,,28.51388931274414,2.60122942563612e-05,-0.026115290820598602,0.018689241260290146,,,,,,,,,,,,,,0.7846570014953613,0.02082204818725586,476.0,0.6475217938423157,79.0999984741211,2.8244614601135254,-2.158670663833618,-0.0003769814793486148,0.6568713784217834,0.8148590922355652,0.613581657409668,0.9294669032096863,0.2989000380039215,0.4250686466693878,0.3897378146648407,0.0
700,,,,,,,,,,,,,,,,,28.50872039794922,3.9018443203531206e-05,-0.027355745434761047,0.018748467788100243,,,,,,,,,,,,,,0.7799890041351318,0.020431041717529297,479.0,0.6473811268806458,78.41000366210938,2.7900571823120117,-2.209796667098999,-0.0006968331872485578,0.5883270502090454,0.7590558528900146,0.5422233939170837,0.912357747554779,0.29484739899635315,0.4033944606781006,0.3222196102142334,0.0
701,,,,,,,,,,,,,,,,,28.50221824645996,2.60122942563612e-05,-0.0365280918776989,0.026511285454034805,,,,,,,,,,,,,,0.7531092166900635,0.021566152572631836,495.0,0.647250235080719,78.30000305175781,2.7822909355163574,-2.272321939468384,-0.0010314349783584476,0.5209540128707886,0.6747470498085022,0.49369630217552185,0.8738636374473572,0.29905030131340027,0.33434176445007324,0.3145451545715332,0.0
702,-1.3868763446807861,-0.0004180024261586368,0.3542730212211609,0.4619479179382324,0.34174248576164246,0.5644799470901489,0.16886121034622192,0.23454728722572327,0.21557000279426575,0.0,0.0,1.0,0.0,0.0,0.0,0.0,28.495586395263672,5.852766480529681e-05,-0.026791345328092575,0.010515367612242699,2.931514024734497,2.0081446170806885,0.6498783826828003,0.8331397175788879,4.662479400634766,1.6460542678833008,0.3068086504936218,0.7872384190559387,1.2469396591186523,13.319709777832031,0.0,0.0,0.0,0.7726006507873535,0.02290630340576172,482.0,0.6470382809638977,79.5199966430664,2.791820764541626,-2.1842403411865234,-0.0006730348686687648,0.6417847275733948,0.8045104146003723,0.6171194911003113,0.9243705868721008,0.34521111845970154,0.420600563287735,0.3995878994464874,0.0
703,,,,,,,,,,,,,,,,,28.483259201049805,2.60122942563612e-05,-0.04189766198396683,0.017616497352719307,,,,,,,,,,,,,,0.7748470306396484,0.02042698860168457,482.0,0.646759033203125,80.48999786376953,2.823615550994873,-2.157959222793579,-0.0004306838382035494,0.635125458240509,0.7782518267631531,0.551505982875824,0.906467854976654,0.3378622531890869,0.3839758634567261,0.3415452539920807,0.0
704,,,,,,,,,,,,,,,,,28.473684310913086,3.9018443203531206e-05,-0.02843121811747551,0.011924146674573421,,,,,,,,,,,,,,0.7885258197784424,0.021676063537597656,473.0,0.6465809941291809,80.83000183105469,2.820577383041382,-2.2267589569091797,-0.0007142312824726105,0.5936286449432373,0.7703201770782471,0.5806071162223816,0.9062731266021729,0.3265712857246399,0.401357501745224,0.39658212661743164,0.0
705,,,,,,,,,,,,,,,,,28.46631622314453,2.60122942563612e-05,-0.025978263467550278,0.021879907697439194,,,,,,,,,,,,,,0.7872200012207031,0.020998001098632812,475.0,0.6464563012123108,81.11000061035156,2.826892614364624,-2.249441385269165,-0.0008110664784908295,0.6259286999702454,0.8258735537528992,0.5625937581062317,0.9362549781799316,0.3164011538028717,0.43651124835014343,0.33293116092681885,0.0
706,,,,,,,,,,,,,,,,,28.461076736450195,5.852766480529681e-05,-0.024831602349877357,0.015682488679885864,,,,,,,,,,,,,,0.783369779586792,0.020982027053833008,477.0,0.6463183164596558,81.1500015258789,2.837794780731201,-2.131746530532837,-0.00047325287596322596,0.6592162847518921,0.8166353106498718,0.5807502269744873,0.9263689517974854,0.27812957763671875,0.42031848430633545,0.3695589005947113,0.0
707,,,,,,,,,,,,,,,,,28.452289581298828,2.60122942563612e-05,-0.039345864206552505,0.02884724736213684,,,,,,,,,,,,,,0.7955679893493652,0.020238161087036133,470.0,0.6460956335067749,80.7300033569336,2.827880859375,-2.2571611404418945,-0.001058797468431294,0.5645612478256226,0.7291621565818787,0.5341646671295166,0.8912100791931152,0.2565177381038666,0.40079811215400696,0.35178887844085693,0.0
708,,,,,,,,,,,,,,,,,28.44274139404297,2.60122942563612e-05,-0.0236254520714283,0.010252587497234344,,,,,,,,,,,,,,0.7752590179443359,0.021370887756347656,482.0,0.6458815932273865,81.83000183105469,2.868131160736084,-2.1913702487945557,-0.00044716536649502814,0.7024341225624084,0.854274570941925,0.6480892300605774,0.948420524597168,0.36585208773612976,0.4465157985687256,0.4110221862792969,0.0
709,,,,,,,,,,,,,,,,,28.433372497558594,3.9018443203531206e-05,-0.024115152657032013,0.009624848142266273,,,,,,,,,,,,,,0.7958238124847412,0.020336151123046875,470.0,0.6456912755966187,81.16999816894531,2.8557252883911133,-2.2081451416015625,-0.0002969371562357992,0.6645916104316711,0.8093919157981873,0.5531699061393738,0.9136967062950134,0.3439195156097412,0.4116654098033905,0.3580658733844757,0.0
710,,,,,,,,,,,,,,,,,28.425012588500977,3.9018443203531206e-05,-0.029224306344985962,0.013618224300444126,,,,,,,,,,,,,,0.8032376766204834,0.020511150360107422,466.0,0.6454972624778748,81.05000305175781,2.8669486045837402,-2.297525644302368,-0.00041081139352172613,0.6042881011962891,0.7824035286903381,0.6112470030784607,0.9381831288337708,0.34410396218299866,0.41336381435394287,0.36730170249938965,0.0
711,,,,,,,,,,,,,,,,,28.41503143310547,2.60122942563612e-05,-0.03049210086464882,0.0145872188732028,,,,,,,,,,,,,,0.7801177501678467,0.020943164825439453,479.0,0.6452573537826538,80.98999786376953,2.847717761993408,-2.1892802715301514,-0.0009927129140123725,0.5730835795402527,0.7144539952278137,0.5556232333183289,0.8825358748435974,0.3049333393573761,0.35883232951164246,0.35862234234809875,0.0
712,-1.1249803304672241,-0.00022130129218567163,0.31270042061805725,0.39801591634750366,0.29805779457092285,0.46326810121536255,0.1651439368724823,0.20996031165122986,0.18708446621894836,0.0,0.0,0.6000000238418579,0.0,0.20000000298023224,0.20000000298023224,0.0,28.404273986816406,3.9018443203531206e-05,-0.028832586482167244,0.006892472039908171,3.1593925952911377,1.54046630859375,0.450971782207489,0.6077994108200073,4.348665237426758,1.276892066001892,0.24586530029773712,0.6519879102706909,1.7010066509246826,16.895565032958984,0.0,0.0,0.0,0.7990772724151611,0.021056652069091797,468.0,0.6449840068817139,80.79000091552734,2.838644504547119,-2.2283775806427,-0.00031460775062441826,0.6466898918151855,0.8059640526771545,0.6145758628845215,0.927221953868866,0.3192419707775116,0.4203563928604126,0.39019331336021423,0.0
713,,,,,,,,,,,,,,,,,28.391767501831055,2.60122942563612e-05,-0.02586386166512966,0.009168963879346848,,,,,,,,,,,,,,0.8044650554656982,0.021055936813354492,465.0,0.6447391510009766,80.69000244140625,2.836902141571045,-2.1741180419921875,-0.00047170589095912874,0.6736230850219727,0.8150374293327332,0.6092362999916077,0.9340317249298096,0.3159947395324707,0.41093114018440247,0.35982075333595276,0.0
714,,,,,,,,,,,,,,,,,28.38254165649414,3.9018443203531206e-05,-0.03337113931775093,0.018317067995667458,,,,,,,,,,,,,,0.7796030044555664,0.020791053771972656,479.0,0.6445418000221252,81.0199966430664,2.8430991172790527,-2.2228660583496094,-0.0009544128552079201,0.5469873547554016,0.6748759150505066,0.5307057499885559,0.8685398697853088,0.30634933710098267,0.331758052110672,0.3505094349384308,0.0
715,,,,,,,,,,,,,,,,,28.373130798339844,3.9018443203531206e-05,-0.031025363132357597,0.010168109089136124,,,,,,,,,,,,,,0.8077330589294434,0.023274898529052734,462.0,0.6443180441856384,81.0999984741211,2.8391456604003906,-2.180849075317383,-0.0004756654379889369,0.6163473725318909,0.7582961916923523,0.6004419922828674,0.9082396626472473,0.33682572841644287,0.39186522364616394,0.3981262147426605,0.0
716,,,,,,,,,,,,,,,,,28.362565994262695,2.60122942563612e-05,-0.026270277798175812,0.010876371525228024,,,,,,,,,,,,,,0.8121588230133057,0.02079916000366211,461.0,0.6441067457199097,81.2300033569336,2.8415262699127197,-2.1802003383636475,-0.0002799491921905428,0.6856765747070312,0.8125712871551514,0.5954896807670593,0.9246861338615417,0.3438350260257721,0.41085246205329895,0.36433228850364685,0.0
717,,,,,,,,,,,,,,,,,28.354049682617188,3.9018443203531206e-05,-0.03013107180595398,0.011985961347818375,,,,,,,,,,,,,,0.784498929977417,0.02137589454650879,476.0,0.6439154148101807,80.72000122070312,2.82332444190979,-2.2424535751342773,-0.0006598269683308899,0.5741916298866272,0.71815425157547,0.5622712969779968,0.8911368250846863,0.32172533869743347,0.3724006116390228,0.3673838675022125,0.0
718,-1.1847041845321655,-0.0003668542776722461,0.32181739807128906,0.4015585482120514,0.31104588508605957,0.4802134037017822,0.185275599360466,0.20801043510437012,0.18885964155197144,0.0,0.0,0.6666666865348816,0.0,0.0,0.3333333432674408,0.0,28.34627342224121,2.60122942563612e-05,-0.03579063341021538,0.013502138666808605,3.739583969116211,1.4945281744003296,0.5115376114845276,0.5521473288536072,3.797027587890625,1.293128490447998,0.2404157966375351,0.6227719783782959,1.6355657577514648,14.194924354553223,0.0,0.0,0.0,0.7723672389984131,0.02049398422241211,484.0,0.6437993049621582,80.45999908447266,2.8161537647247314,-2.172515630722046,-0.0005856140633113682,0.6322571635246277,0.8181158900260925,0.6117112040519714,0.939735472202301,0.35298022627830505,0.4089624881744385,0.3700086772441864,0.0
719,,,,,,,,,,,,,,,,,28.341882705688477,3.9018443203531206e-05,-0.026668943464756012,0.016344083473086357,,,,,,,,,,,,,,0.7847950458526611,0.02095198631286621,476.0,0.643704354763031,80.7300033569336,2.826909303665161,-2.161555528640747,-0.0004381040052976459,0.6067901253700256,0.7848197817802429,0.5683501958847046,0.9138858318328857,0.340957909822464,0.3915232717990875,0.3681098520755768,0.0
720,,,,,,,,,,,,,,,,,28.337329864501953,2.60122942563612e-05,-0.03457188233733177,0.017826132476329803,,,,,,,,,,,,,,0.7823138236999512,0.021167278289794922,477.0,0.6436159610748291,80.55999755859375,2.8449501991271973,-2.2486207485198975,-0.000414734153309837,0.5785067677497864,0.7555983662605286,0.5668432712554932,0.9133903384208679,0.3514584004878998,0.38573896884918213,0.3707052171230316,0.0
721,-1.1057411432266235,-0.00024595909053459764,0.3098953366279602,0.39231809973716736,0.2894933521747589,0.4570540487766266,0.18154777586460114,0.1968315839767456,0.18741469085216522,0.0,0.0,0.6666666865348816,0.0,0.5,0.0,0.0,28.333133697509766,2.60122942563612e-05,-0.025881333276629448,0.012731483206152916,3.182826280593872,1.482270359992981,0.49523282051086426,0.6925612092018127,3.8280699253082275,1.3535324335098267,0.2616913616657257,0.7170823216438293,1.742099642753601,12.326920509338379,0.0,0.0,0.0,0.7801520824432373,0.021594762802124023,478.0,0.6434985399246216,80.22000122070312,2.8484060764312744,-2.162503480911255,-0.0006824992597103119,0.6533500552177429,0.798778235912323,0.5878915786743164,0.9111832976341248,0.3519717752933502,0.39151039719581604,0.3811368942260742,0.0
722,,,,,,,,,,,,,,,,,28.32826042175293,3.9018443203531206e-05,-0.030994005501270294,0.011249753646552563,,,,,,,,,,,,,,0.7808101177215576,0.021104097366333008,478.0,0.6434199810028076,80.66999816894531,2.8652260303497314,-2.196146249771118,-0.00040812973747961223,0.6145505309104919,0.7553828358650208,0.553933322429657,0.9031779766082764,0.35116469860076904,0.3786276578903198,0.3631477653980255,0.0
723,,,,,,,,,,,,,,,,,28.323944091796875,3.9018443203531206e-05,-0.027638455852866173,0.010690342634916306,,,,,,,,,,,,,,0.7971518039703369,0.020479202270507812,469.0,0.6432764530181885,78.61000061035156,2.82080340385437,-2.13488507270813,-0.0003818717086687684,0.6263222098350525,0.7737810015678406,0.5879613161087036,0.9001559615135193,0.3446223735809326,0.3882335424423218,0.40621721744537354,0.0
724,,,,,,,,,,,,,,,,,28.317977905273438,1.7341530110570602e-05,-0.030573386698961258,0.004953351337462664,,,,,,,,,,,,,,0.7839469909667969,0.0214540958404541,476.0,0.6431903839111328,78.19999694824219,2.8159072399139404,-2.1590631008148193,-0.0004119074728805572,0.6629917621612549,0.8416408896446228,0.6079704165458679,0.942030668258667,0.3553507328033447,0.42787694931030273,0.36273249983787537,0.0
725,,,,,,,,,,,,,,,,,28.315284729003906,2.60122942563612e-05,-0.02945965901017189,0.017879225313663483,,,,,,,,,,,,,,0.7655160427093506,0.021494150161743164,487.0,0.6431419849395752,78.75,2.821671962738037,-2.218400716781616,-0.0006659582140855491,0.582023561000824,0.7373964190483093,0.5399031639099121,0.8961505889892578,0.34205523133277893,0.3668775260448456,0.3229648768901825,0.0
726,,,,,,,,,,,,,,,,,28.312219619750977,2.60122942563612e-05,-0.03079957701265812,0.01549527794122696,,,,,,,,,,,,,,0.7659778594970703,0.021288394927978516,487.0,0.6430418491363525,78.8499984741211,2.8113133907318115,-2.2011077404022217,-0.0007857726886868477,0.5585852265357971,0.7139584422111511,0.5197237730026245,0.8757752776145935,0.33071643114089966,0.34586265683174133,0.3461918532848358,0.0
727,,,,,,,,,,,,,,,,,28.307268142700195,2.60122942563612e-05,-0.028735969215631485,0.011365820653736591,,,,,,,,,,,,,,0.8029441833496094,0.020418882369995117,466.0,0.6429283618927002,79.02999877929688,2.8157153129577637,-2.1608152389526367,-0.0006917494465596974,0.6494771838188171,0.8243675827980042,0.6116958260536194,0.9279909729957581,0.39454054832458496,0.4210079610347748,0.39406147599220276,0.0
728,,,,,,,,,,,,,,,,,28.301067352294922,3.9018443203531206e-05,-0.027012942358851433,0.014268019236624241,,,,,,,,,,,,,,0.7623763084411621,0.020650863647460938,490.0,0.642732560634613,77.95999908447266,2.7731106281280518,-2.163990020751953,-0.0003015055553987622,0.6520405411720276,0.7517339587211609,0.5344528555870056,0.8831725716590881,0.350551038980484,0.3644290268421173,0.3468676805496216,0.0
729,,,,,,,,,,,,,,,,,28.290964126586914,2.60122942563612e-05,-0.03314732387661934,0.01508729811757803,,,,,,,,,,,,,,0.7707920074462891,0.021641016006469727,484.0,0.6425111889839172,77.87999725341797,2.7785115242004395,-2.1899611949920654,-0.00025595014449208975,0.6192112565040588,0.7625772356987,0.5794690251350403,0.8947684168815613,0.3513762056827545,0.3811763525009155,0.4030257761478424,0.0
730,,,,,,,,,,,,,,,,,28.282325744628906,2.60122942563612e-05,-0.02335277572274208,0.008504853583872318,,,,,,,,,,,,,,0.7812302112579346,0.020312786102294922,479.0,0.6423569321632385,77.66000366210938,2.766535758972168,-2.146395444869995,-0.00038699121796526015,0.6690196990966797,0.8292056918144226,0.6239632964134216,0.9371306896209717,0.39468494057655334,0.41862764954566956,0.381207138299942,0.0
731,,,,,,,,,,,,,,,,,28.27496337890625,3.9018443203531206e-05,-0.025852715596556664,0.013733471743762493,,,,,,,,,,,,,,0.7774291038513184,0.020412921905517578,481.0,0.6421728730201721,77.55000305175781,2.7726387977600098,-2.1959149837493896,-0.0002494846994522959,0.6189108490943909,0.766904890537262,0.5537292957305908,0.906558096408844,0.364126592874527,0.3759270906448364,0.3405177593231201,0.0
732,,,,,,,,,,,,,,,,,28.26676368713379,2.60122942563612e-05,-0.03075876645743847,0.009800935164093971,,,,,,,,,,,,,,0.7759168148040771,0.020888090133666992,481.0,0.6420375108718872,77.12999725341797,2.7725119590759277,-2.24613356590271,-0.0005005287821404636,0.5632065534591675,0.7470464110374451,0.5385398864746094,0.890143096446991,0.3503226041793823,0.3542158603668213,0.35339733958244324,0.0
733,,,,,,,,,,,,,,,,,28.26144790649414,2.60122942563612e-05,-0.02823471836745739,0.009778247214853764,,,,,,,,,,,,,,0.7946407794952393,0.021047115325927734,470.0,0.6419262886047363,77.80000305175781,2.774549961090088,-2.1622557640075684,-0.0004883257788605988,0.6132550835609436,0.7547774314880371,0.5725910663604736,0.8820977210998535,0.35973310470581055,0.38289162516593933,0.39771994948387146,0.0
734,,,,,,,,,,,,,,,,,28.255455017089844,3.9018443203531206e-05,-0.027048533782362938,0.009877331554889679,,,,,,,,,,,,,,0.7868659496307373,0.021605253219604492,474.0,0.6417569518089294,77.41000366210938,2.7641615867614746,-2.2066285610198975,-0.00035801390185952187,0.6594070792198181,0.8214874267578125,0.5838335156440735,0.9258323311805725,0.3740861415863037,0.420124888420105,0.36697444319725037,0.0
735,,,,,,,,,,,,,,,,,28.246051788330078,2.60122942563612e-05,-0.035375677049160004,0.007249923422932625,,,,,,,,,,,,,,0.7996659278869629,0.022129058837890625,467.0,0.6415383219718933,77.51000213623047,2.789179801940918,-2.136336326599121,-0.00031595444306731224,0.631182849407196,0.7839465141296387,0.5649089813232422,0.9061964154243469,0.3532840311527252,0.3809269666671753,0.3743807077407837,0.0
736,,,,,,,,,,,,,,,,,28.237228393554688,3.9018443203531206e-05,-0.028223153203725815,0.010035867802798748,,,,,,,,,,,,,,0.7664990425109863,0.021451711654663086,487.0,0.6413605809211731,77.16000366210938,2.7822747230529785,-2.195704698562622,-0.0005013172631151974,0.5811790227890015,0.7368409633636475,0.5537771582603455,0.8873379826545715,0.35290971398353577,0.36066606640815735,0.3624056577682495,0.0
737,,,,,,,,,,,,,,,,,28.226266860961914,3.9018443203531206e-05,-0.024893496185541153,0.007460812572389841,,,,,,,,,,,,,,0.778587818145752,0.020887136459350586,480.0,0.6410327553749084,77.55999755859375,2.793297290802002,-2.156491994857788,-0.0004862967471126467,0.667680561542511,0.7994858622550964,0.5833724737167358,0.9103098511695862,0.371430903673172,0.3905826807022095,0.3846576511859894,0.0
738,,,,,,,,,,,,,,,,,28.212522506713867,2.60122942563612e-05,-0.037912674248218536,0.012526045553386211,,,,,,,,,,,,,,0.7963519096374512,0.022227048873901367,469.0,0.640815019607544,77.25,2.784670829772949,-2.2141921520233154,-0.00025173428002744913,0.5928903222084045,0.759026050567627,0.5555453896522522,0.8951821327209473,0.3533687889575958,0.3599671423435211,0.3622359335422516,0.0
739,,,,,,,,,,,,,,,,,28.20549774169922,3.9018443203531206e-05,-0.02420595847070217,0.008942360989749432,,,,,,,,,,,,,,0.7830159664154053,0.021492958068847656,477.0,0.6406906843185425,77.08999633789062,2.7823705673217773,-2.1787049770355225,-0.00042893827776424587,0.5810202956199646,0.7447753548622131,0.5465797781944275,0.894631564617157,0.35783472657203674,0.3549445867538452,0.35833480954170227,0.0
740,,,,,,,,,,,,,,,,,28.20022201538086,2.60122942563612e-05,-0.02841109037399292,0.010036800056695938,,,,,,,,,,,,,,0.8037519454956055,0.02112293243408203,465.0,0.6406010389328003,76.76000213623047,2.756369113922119,-2.1658051013946533,-0.0007102415547706187,0.5874176621437073,0.7691531181335449,0.5580582618713379,0.8954300284385681,0.3656926155090332,0.37672388553619385,0.39838728308677673,0.0
741,,,,,,,,,,,,,,,,,28.19615936279297,2.60122942563612e-05,-0.03172839805483818,0.014186803251504898,,,,,,,,,,,,,,0.7912991046905518,0.020454883575439453,473.0,0.6404696106910706,76.81999969482422,2.749326229095459,-2.1050713062286377,-0.0002594750840216875,0.5971413850784302,0.7398003935813904,0.5385763049125671,0.8806158900260925,0.34371495246887207,0.35199955105781555,0.3599565029144287,0.0
742,-0.9742678999900818,-0.00018894702952820808,0.270631343126297,0.33877453207969666,0.2670743465423584,0.4063585698604584,0.16584284603595734,0.1660485863685608,0.18192793428897858,0.0,0.0,1.0,0.0,0.3333333432674408,0.0,0.0,28.188457489013672,3.9018443203531206e-05,-0.026878055185079575,0.009426007978618145,3.802844285964966,1.7337170839309692,0.6011056303977966,0.6899840831756592,4.866555213928223,1.5166527032852173,0.2865673005580902,0.7237266898155212,1.4337859153747559,15.601868629455566,0.0,0.0,0.0,0.8087427616119385,0.02141594886779785,462.0,0.6402482390403748,76.18000030517578,2.71940016746521,-2.0538206100463867,-0.0004051473515573889,0.6449741721153259,0.7890162467956543,0.6099794507026672,0.9101955890655518,0.3820434510707855,0.39585939049720764,0.4150840938091278,0.0
743,,,,,,,,,,,,,,,,,28.17728614807129,2.60122942563612e-05,-0.027814233675599098,0.007274628151208162,,,,,,,,,,,,,,0.8037161827087402,0.02067089080810547,465.0,0.6400124430656433,76.2699966430664,2.741762161254883,-2.1377055644989014,-0.0006158576579764485,0.6033937931060791,0.8030397295951843,0.5599424242973328,0.9158353805541992,0.36620593070983887,0.41509342193603516,0.36192217469215393,0.0
744,,,,,,,,,,,,,,,,,28.167991638183594,2.60122942563612e-05,-0.03388045355677605,0.012444153428077698,,,,,,,,,,,,,,0.813615083694458,0.022146940231323242,459.0,0.6398370265960693,76.27999877929688,2.7396504878997803,-2.1650540828704834,-0.00027201525517739356,0.6005783677101135,0.7939960956573486,0.5670427083969116,0.9181592464447021,0.402722030878067,0.39458879828453064,0.3569830358028412,0.0
745,,,,,,,,,,,,,,,,,28.161375045776367,2.60122942563612e-05,-0.025315770879387856,0.013497483916580677,,,,,,,,,,,,,,0.7968120574951172,0.020329952239990234,469.0,0.6397287845611572,75.80999755859375,2.7352654933929443,-2.1767051219940186,-0.0007568506407551467,0.5612765550613403,0.7674635052680969,0.5099985599517822,0.8885588049888611,0.359854131937027,0.3841226100921631,0.3499343693256378,0.0
746,,,,,,,,,,,,,,,,,28.15694808959961,2.60122942563612e-05,-0.03826361894607544,0.020897019654512405,,,,,,,,,,,,,,0.8125271797180176,0.020914793014526367,460.0,0.6396379470825195,75.79000091552734,2.7416694164276123,-2.163832664489746,-0.0004294133104849607,0.5823580622673035,0.8184722065925598,0.5864427089691162,0.9252244830131531,0.3436295986175537,0.41358163952827454,0.39016756415367126,0.0
747,-1.2008881568908691,-0.00020300417963881046,0.33527660369873047,0.4579502046108246,0.31043562293052673,0.5108941793441772,0.20252776145935059,0.22488968074321747,0.20197761058807373,0.0,0.0,0.3333333432674408,0.0,0.6666666865348816,0.0,0.1666666716337204,28.151329040527344,3.9018443203531206e-05,-0.03075762651860714,0.014528611674904823,1.8879356384277344,1.245632290840149,0.4052037000656128,0.657520592212677,3.1230247020721436,1.0143389701843262,0.21536730229854584,0.6594287157058716,1.6048287153244019,10.839760780334473,0.0,0.0,0.0,0.8052809238433838,0.020509958267211914,465.0,0.639452338218689,76.16999816894531,2.760765552520752,-2.1607282161712646,-0.00025247089797630906,0.6008026599884033,0.7596578598022461,0.5384421944618225,0.8940219879150391,0.3419456481933594,0.3538851737976074,0.3475465774536133,0.0
748,-1.0302172899246216,-0.00017576644313521683,0.26845818758010864,0.3413912057876587,0.27368199825286865,0.4166993796825409,0.16386932134628296,0.16843661665916443,0.18401548266410828,0.0,0.0,1.0,0.0,0.0,0.0,0.0,28.140501022338867,2.60122942563612e-05,-0.03292060270905495,0.011096859350800514,2.661374568939209,1.98140549659729,0.6183028221130371,0.6738436222076416,4.857698917388916,1.6204488277435303,0.29598739743232727,0.7718765735626221,1.5184423923492432,14.33734130859375,0.0,0.0,0.0,0.8159692287445068,0.02196359634399414,458.0,0.6392133235931396,75.93000030517578,2.750206708908081,-2.202488422393799,-0.0004404997453093529,0.6122806668281555,0.7887520790100098,0.6034522652626038,0.9173380732536316,0.38871273398399353,0.39245209097862244,0.4075608551502228,0.0
749,,,,,,,,,,,,,,,,,28.130714416503906,3.9018443203531206e-05,-0.027220087125897408,0.014020333997905254,,,,,,,,,,,,,,0.8029680252075195,0.02139902114868164,465.0,0.6390088796615601,76.19999694824219,2.7388863563537598,-2.205157995223999,-0.00034181555383838713,0.5928407311439514,0.7607720494270325,0.5095205903053284,0.8815198540687561,0.32372620701789856,0.37308213114738464,0.35713306069374084,0.0
750,,,,,,,,,,,,,,,,,28.117176055908203,3.9018443203531206e-05,-0.03432271629571915,0.01630485989153385,,,,,,,,,,,,,,0.779090166091919,0.02254796028137207,479.0,0.6386069059371948,76.16999816894531,2.731848955154419,-2.132652759552002,-0.00042220429168082774,0.5440489649772644,0.6871759295463562,0.5289635062217712,0.8509679436683655,0.33357325196266174,0.33427321910858154,0.4119679629802704,0.0
751,-0.9111323952674866,-0.0001427617244189605,0.2671426236629486,0.3338909447193146,0.2479347437620163,0.38955172896385193,0.148307666182518,0.1649545431137085,0.17149001359939575,0.0,0.0,1.0,0.0,0.3333333432674408,0.0,0.0,28.100414276123047,1.7341530110570602e-05,-0.02870454266667366,0.012470164336264133,3.0676774978637695,1.570787787437439,0.4836903512477875,0.6689587235450745,4.826983451843262,1.3842134475708008,0.2644721567630768,0.7158688902854919,1.3688554763793945,22.1735897064209,0.0,0.0,0.0,0.8024721145629883,0.021233081817626953,466.0,0.6383434534072876,75.68000030517578,2.712347984313965,-2.0960280895233154,-0.0004112380265723914,0.6508856415748596,0.8375533223152161,0.6145013570785522,0.9376809000968933,0.3914276659488678,0.43202218413352966,0.4063359498977661,0.0
752,,,,,,,,,,,,,,,,,28.09219741821289,3.9018443203531206e-05,-0.02905760146677494,0.013229397125542164,,,,,,,,,,,,,,0.8163778781890869,0.020435810089111328,458.0,0.6382168531417847,75.05000305175781,2.6925830841064453,-2.1313676834106445,-0.00044540976523421705,0.5928784608840942,0.7472460865974426,0.5131636261940002,0.8933795094490051,0.3515079915523529,0.35533416271209717,0.34381619095802307,0.0
753,-1.0352267026901245,-0.00022794643882662058,0.28532838821411133,0.36167341470718384,0.2649419903755188,0.4333469271659851,0.17798253893852234,0.17503967881202698,0.18274280428886414,0.0,0.0,0.625,0.0,0.75,0.0,0.0,28.085342407226562,2.60122942563612e-05,-0.03422664478421211,0.009837877936661243,3.3075520992279053,1.7506601810455322,0.6079816222190857,0.5749292969703674,4.016952991485596,1.444811224937439,0.281795859336853,0.6929477453231812,1.494689702987671,13.092918395996094,0.0,0.0,0.0,0.7789618968963623,0.02149510383605957,479.0,0.6380490064620972,74.63999938964844,2.6794021129608154,-2.155118942260742,-0.0004997166688553989,0.5322282910346985,0.6946322321891785,0.5152189135551453,0.8550990223884583,0.3377542793750763,0.31843793392181396,0.39663970470428467,0.0
754,,,,,,,,,,,,,,,,,28.0769100189209,5.852766480529681e-05,-0.027670975774526596,0.0059022014029324055,,,,,,,,,,,,,,0.8015742301940918,0.02072286605834961,466.0,0.637800395488739,74.63999938964844,2.673663854598999,-2.1261942386627197,-0.0004319809377193451,0.6476278901100159,0.8211336135864258,0.6204764246940613,0.9324873089790344,0.39159342646598816,0.4167745113372803,0.39437755942344666,0.0
755,,,,,,,,,,,,,,,,,28.063966751098633,2.60122942563612e-05,-0.03268726170063019,0.008141856640577316,,,,,,,,,,,,,,0.7875521183013916,0.02064681053161621,475.0,0.6375595331192017,74.2699966430664,2.6489126682281494,-2.100616693496704,-0.0002238194429082796,0.6050003170967102,0.7559390664100647,0.5420472025871277,0.8936862945556641,0.3564559519290924,0.3738677203655243,0.3776882588863373,0.0
756,,,,,,,,,,,,,,,,,28.05582618713379,2.60122942563612e-05,-0.033429887145757675,0.008052493445575237,,,,,,,,,,,,,,0.7966048717498779,0.022344112396240234,468.0,0.6374033093452454,73.62999725341797,2.6342203617095947,-2.1764791011810303,-0.0003621336363721639,0.5439881682395935,0.7146539092063904,0.5580733418464661,0.8738999366760254,0.3364813029766083,0.3591919243335724,0.41579189896583557,0.0
757,,,,,,,,,,,,,,,,,28.047075271606445,2.60122942563612e-05,-0.03091026283800602,0.004661594517529011,,,,,,,,,,,,,,0.8117480278015137,0.020745038986206055,461.0,0.6371800303459167,73.79000091552734,2.6368672847747803,-2.132695198059082,-0.00024997699074447155,0.6216394901275635,0.7769021987915039,0.5779106616973877,0.9081169962882996,0.3703598082065582,0.38276591897010803,0.37955477833747864,0.0
758,,,,,,,,,,,,,,,,,28.03651237487793,3.9018443203531206e-05,-0.030009800568223,0.00637598754838109,,,,,,,,,,,,,,0.7889013290405273,0.020865917205810547,474.0,0.6369184851646423,73.6500015258789,2.635425090789795,-2.102313756942749,-0.0003051355597563088,0.6126508712768555,0.7358933091163635,0.5492384433746338,0.8877395987510681,0.37253057956695557,0.3406766951084137,0.3740384578704834,0.0
759,,,,,,,,,,,,,,,,,28.02311897277832,2.60122942563612e-05,-0.03385002911090851,0.005290756467729807,,,,,,,,,,,,,,0.7994580268859863,0.020703792572021484,468.0,0.6366407871246338,72.94999694824219,2.613973617553711,-2.170459747314453,-0.0006201043725013733,0.5563691854476929,0.6970813870429993,0.5586424469947815,0.8610543608665466,0.35929298400878906,0.33657416701316833,0.4046095311641693,0.0
760,,,,,,,,,,,,,,,,,28.011518478393555,2.60122942563612e-05,-0.031315580010414124,0.006927920505404472,,,,,,,,,,,,,,0.8050029277801514,0.020893335342407227,464.0,0.6363947987556458,72.5,2.602764368057251,-2.099144697189331,-0.00037277062074281275,0.6030949354171753,0.7605149149894714,0.5841160416603088,0.8931238055229187,0.37806785106658936,0.376493364572525,0.39430198073387146,0.0
761,,,,,,,,,,,,,,,,,28.00060272216797,2.60122942563612e-05,-0.02810063771903515,0.005916145164519548,,,,,,,,,,,,,,0.7847349643707275,0.022010087966918945,475.0,0.6361860036849976,72.62000274658203,2.607785701751709,-2.0237045288085938,-0.0002836117928382009,0.6387121081352234,0.765315055847168,0.5329652428627014,0.8863038420677185,0.3859492242336273,0.3556652069091797,0.36452436447143555,0.0
762,,,,,,,,,,,,,,,,,27.99132537841797,3.9018443203531206e-05,-0.03347799554467201,0.010340593755245209,,,,,,,,,,,,,,0.7860081195831299,0.021023035049438477,475.0,0.6359767913818359,72.22000122070312,2.5725486278533936,-2.1575284004211426,-0.00044716510456055403,0.5499998927116394,0.7209240794181824,0.5420652031898499,0.8688416481018066,0.3637256324291229,0.34677013754844666,0.39873459935188293,0.0
763,,,,,,,,,,,,,,,,,27.980754852294922,2.60122942563612e-05,-0.028099901974201202,0.006127384025603533,,,,,,,,,,,,,,0.815587043762207,0.02095484733581543,459.0,0.6357651352882385,71.94999694824219,2.568861961364746,-2.134439706802368,-0.0003157608734909445,0.6397276520729065,0.7880451679229736,0.5858328342437744,0.9026272296905518,0.3917698860168457,0.393833726644516,0.4129287898540497,0.0
764,,,,,,,,,,,,,,,,,27.972732543945312,1.7341530110570602e-05,-0.024828830733895302,0.0058340756222605705,,,,,,,,,,,,,,0.8164050579071045,0.021105051040649414,458.0,0.6356330513954163,71.3499984741211,2.548583507537842,-2.097668409347534,-0.00030135171255096793,0.640300989151001,0.7500455975532532,0.511522114276886,0.875128984451294,0.3674912452697754,0.3616308867931366,0.37156128883361816,0.0
765,-0.9740058779716492,-0.0001563020487083122,0.29220062494277954,0.3628154695034027,0.25200143456459045,0.4122237265110016,0.16587647795677185,0.17835700511932373,0.18114137649536133,0.0,0.0,0.3333333432674408,0.0,0.8333333134651184,0.0,0.0,27.967775344848633,3.9018443203531206e-05,-0.020030038431286812,0.005191437900066376,4.143775939941406,1.3486943244934082,0.4798882007598877,0.6583163738250732,4.206056594848633,1.197426199913025,0.24686986207962036,0.6448854804039001,1.3670053482055664,15.018875122070312,0.0,0.0,0.0,0.8123311996459961,0.020625829696655273,461.0,0.6355336904525757,70.12000274658203,2.5027942657470703,-2.0740551948547363,-0.000330386363202706,0.638867199420929,0.789625346660614,0.5411900877952576,0.889537513256073,0.3575780689716339,0.38675737380981445,0.403778076171875,0.0
766,,,,,,,,,,,,,,,,,27.961923599243164,2.60122942563612e-05,-0.0355740487575531,0.006855166982859373,,,,,,,,,,,,,,0.8183281421661377,0.02090907096862793,457.0,0.6353929042816162,69.83000183105469,2.4988527297973633,-2.0729806423187256,-0.00034708529710769653,0.6277556419372559,0.8200860023498535,0.5804311633110046,0.9223917126655579,0.3920067846775055,0.40653911232948303,0.3788788616657257,0.0
767,,,,,,,,,,,,,,,,,27.954683303833008,3.9018443203531206e-05,-0.03228907659649849,0.007791105192154646,,,,,,,,,,,,,,0.8130998611450195,0.02047586441040039,460.0,0.6352083683013916,70.01000213623047,2.5315802097320557,-2.1148295402526855,-0.0003174119920004159,0.5746679306030273,0.7242878079414368,0.5106634497642517,0.8634688258171082,0.34582653641700745,0.33333340287208557,0.38948166370391846,0.0
768,,,,,,,,,,,,,,,,,27.9442138671875,3.9018443203531206e-05,-0.025078942999243736,0.006332045421004295,,,,,,,,,,,,,,0.8232450485229492,0.020524024963378906,455.0,0.6349501609802246,69.37000274658203,2.5110461711883545,-2.1181604862213135,-0.00047571444883942604,0.6337592601776123,0.78139728307724,0.5871023535728455,0.8969784379005432,0.3814162313938141,0.38018298149108887,0.4154585897922516,0.0
769,,,,,,,,,,,,,,,,,27.933486938476562,2.60122942563612e-05,-0.024163641035556793,0.0065029095858335495,,,,,,,,,,,,,,0.8034641742706299,0.021079063415527344,465.0,0.6347960829734802,69.48999786376953,2.522353172302246,-2.047088861465454,-0.00018654052109923214,0.6879002451896667,0.8080112338066101,0.5591323971748352,0.9093853831291199,0.395378440618515,0.38471710681915283,0.3590366542339325,0.0
770,,,,,,,,,,,,,,,,,27.92754364013672,3.9018443203531206e-05,-0.02800300531089306,0.00600455654785037,,,,,,,,,,,,,,0.834115743637085,0.021251201629638672,448.0,0.634660542011261,69.68000030517578,2.5370500087738037,-2.1553571224212646,-0.00030136152054183185,0.567554235458374,0.7463891506195068,0.5115421414375305,0.8656905293464661,0.34084567427635193,0.3656761944293976,0.3907822370529175,0.0
771,-0.9853569865226746,-0.00020023775869049132,0.2960687279701233,0.37224385142326355,0.2545308470726013,0.41571855545043945,0.159230038523674,0.18884673714637756,0.17998307943344116,0.0,0.0,0.4000000059604645,0.0,0.6000000238418579,0.0,0.0,27.92032241821289,3.9018443203531206e-05,-0.03810572624206543,0.006793484091758728,2.8967061042785645,1.2254823446273804,0.4050532281398773,0.6945978403091431,4.247870922088623,1.1912320852279663,0.23779840767383575,0.6607261896133423,1.3308950662612915,14.025012016296387,0.0,0.0,0.0,0.8127686977386475,0.022013187408447266,460.0,0.6345343589782715,69.41999816894531,2.539053201675415,-2.082263946533203,-0.0003904446493834257,0.6324962973594666,0.8613349795341492,0.6137675642967224,0.9375576972961426,0.39654695987701416,0.4442633390426636,0.4290502965450287,0.0
772,,,,,,,,,,,,,,,,,27.9152889251709,2.60122942563612e-05,-0.02865505963563919,0.009915733709931374,,,,,,,,,,,,,,0.8051700592041016,0.02070903778076172,464.0,0.6344571113586426,69.7699966430664,2.556532382965088,-2.1501824855804443,-0.00037616354529745877,0.6370344161987305,0.8133115768432617,0.48709312081336975,0.9129235148429871,0.39152905344963074,0.40451860427856445,0.30527958273887634,0.0
773,,,,,,,,,,,,,,,,,27.913082122802734,5.852766480529681e-05,-0.03306884691119194,0.011860247701406479,,,,,,,,,,,,,,0.818187952041626,0.021131038665771484,457.0,0.6344484090805054,70.26000213623047,2.5878820419311523,-2.135967254638672,-0.0003972298000007868,0.5551398396492004,0.7753179669380188,0.5695932507514954,0.9023494720458984,0.37385544180870056,0.38649308681488037,0.39840373396873474,0.0
774,,,,,,,,,,,,,,,,,27.910661697387695,2.60122942563612e-05,-0.04035414382815361,0.010296236723661423,,,,,,,,,,,,,,0.8273751735687256,0.0213470458984375,452.0,0.6343308091163635,71.38999938964844,2.631016731262207,-2.1387510299682617,-0.0005982714937999845,0.5807545781135559,0.7693445086479187,0.5766485333442688,0.9079084992408752,0.3842538595199585,0.3939809799194336,0.3684445321559906,0.0
775,,,,,,,,,,,,,,,,,27.904993057250977,3.9018443203531206e-05,-0.027066554874181747,0.008426445536315441,,,,,,,,,,,,,,0.7881920337677002,0.02120804786682129,474.0,0.6341789364814758,71.37999725341797,2.632418155670166,-2.0764048099517822,-0.0003377695975359529,0.6549270749092102,0.835260808467865,0.5807401537895203,0.9313159584999084,0.3872063159942627,0.42714881896972656,0.36547422409057617,0.0
776,,,,,,,,,,,,,,,,,27.897239685058594,2.60122942563612e-05,-0.03607873246073723,0.011555880308151245,,,,,,,,,,,,,,0.8095207214355469,0.02100992202758789,462.0,0.6340189576148987,71.6500015258789,2.6539766788482666,-2.182614326477051,-0.0004304507456254214,0.5744463205337524,0.7668417096138,0.4815743863582611,0.8950808644294739,0.3589042127132416,0.38568127155303955,0.31812146306037903,0.0
777,-1.0521166324615479,-0.00013063485675957054,0.31065618991851807,0.38685342669487,0.2812855541706085,0.4525635242462158,0.19242551922798157,0.19027699530124664,0.18779496848583221,0.0,0.0,0.5,0.0,1.0,0.25,0.0,27.89049530029297,3.9018443203531206e-05,-0.028851505368947983,0.0066484324634075165,3.4524526596069336,1.5596437454223633,0.5224738121032715,0.5557477474212646,5.20318603515625,1.3150209188461304,0.25202035903930664,0.6550919413566589,1.461577296257019,21.0384464263916,0.0,0.0,0.0,0.8297102451324463,0.02034306526184082,451.0,0.6338564157485962,71.87000274658203,2.6767709255218506,-2.1390223503112793,-0.0006143116625025868,0.565765917301178,0.7737312316894531,0.6121206283569336,0.9151797294616699,0.3620181083679199,0.3935418426990509,0.4246034324169159,0.0
778,,,,,,,,,,,,,,,,,27.881406784057617,2.60122942563612e-05,-0.03376667946577072,0.006388140842318535,,,,,,,,,,,,,,0.8260538578033447,0.021417856216430664,453.0,0.6336455345153809,72.54000091552734,2.702561855316162,-2.127453565597534,-0.0002733294095378369,0.6444298624992371,0.8246650099754333,0.5799222588539124,0.923815906047821,0.34149470925331116,0.43103906512260437,0.37170764803886414,0.0
779,,,,,,,,,,,,,,,,,27.87248420715332,2.60122942563612e-05,-0.031738441437482834,0.0074966102838516235,,,,,,,,,,,,,,0.7832441329956055,0.01969289779663086,478.0,0.6334730386734009,72.43000030517578,2.7063989639282227,-2.143333911895752,-0.00037686803261749446,0.5848466753959656,0.7702569365501404,0.5384379029273987,0.9138709902763367,0.32774803042411804,0.3999461233615875,0.36112797260284424,0.0
780,,,,,,,,,,,,,,,,,27.864992141723633,3.9018443203531206e-05,-0.030216675251722336,0.012582214549183846,,,,,,,,,,,,,,0.818479061126709,0.020997047424316406,457.0,0.633307158946991,73.41000366210938,2.752542734146118,-2.129915475845337,-0.00047815116704441607,0.5829558372497559,0.7780027389526367,0.5785303115844727,0.9089029431343079,0.3458942174911499,0.41418471932411194,0.40824565291404724,0.0
781,,,,,,,,,,,,,,,,,27.85846710205078,3.9018443203531206e-05,-0.03378158435225487,0.014850227162241936,,,,,,,,,,,,,,0.8193697929382324,0.021697044372558594,456.0,0.6332069635391235,73.55000305175781,2.7677223682403564,-2.0953683853149414,-0.0005493994685821235,0.6243935227394104,0.805736243724823,0.5656698346138,0.9169608950614929,0.34539365768432617,0.4243521988391876,0.3808839023113251,0.0
782,,,,,,,,,,,,,,,,,27.85249137878418,3.9018443203531206e-05,-0.022110920399427414,0.009728585369884968,,,,,,,,,,,,,,0.8009111881256104,0.020514726638793945,467.0,0.6330029964447021,73.66000366210938,2.7774548530578613,-2.0750138759613037,-0.00022246553271543235,0.6924511790275574,0.8761746287345886,0.6226845979690552,0.9533789753913879,0.401022344827652,0.46560367941856384,0.40737184882164,0.0
783,-1.0622330904006958,-0.0002525188319850713,0.3161662817001343,0.4174322783946991,0.2911367118358612,0.47073894739151,0.16881370544433594,0.2238536924123764,0.19721895456314087,0.0,0.0,0.25,0.0,0.75,0.25,0.0,27.842836380004883,1.7341530110570602e-05,-0.031199682503938675,0.025016391649842262,3.461981773376465,1.2068402767181396,0.34068602323532104,0.6201145052909851,4.25340461730957,1.0939037799835205,0.20629960298538208,0.620010256767273,1.5908114910125732,18.51478385925293,0.0,0.0,0.0,0.7820918560028076,0.020679950714111328,478.0,0.6328383088111877,73.76000213623047,2.7941203117370605,-2.1666452884674072,-0.0007187249138951302,0.5493246912956238,0.786510169506073,0.48932647705078125,0.9222415089607239,0.35602208971977234,0.4325915277004242,0.28887447714805603,0.0
784,-1.2192723751068115,-0.00032664494938217103,0.3423614203929901,0.4730117917060852,0.3309887647628784,0.5378676652908325,0.21772320568561554,0.2568742334842682,0.20460598170757294,0.0,0.0,0.20000000298023224,0.0,0.20000000298023224,0.6000000238418579,0.0,27.838151931762695,5.852766480529681e-05,-0.032111819833517075,0.015588096342980862,3.378098964691162,0.9525514841079712,0.3255667984485626,0.49390554428100586,3.375426769256592,0.9723596572875977,0.19910280406475067,0.5691121220588684,1.3910735845565796,12.652836799621582,0.0,0.0,0.0,0.8396930694580078,0.021727800369262695,445.0,0.6327652335166931,74.76000213623047,2.8392860889434814,-2.18149733543396,-0.0005774921155534685,0.5976788401603699,0.8315625786781311,0.6354803442955017,0.9426038861274719,0.39507579803466797,0.44881728291511536,0.43391740322113037,0.0
785,,,,,,,,,,,,,,,,,27.834680557250977,2.60122942563612e-05,-0.04046983644366264,0.019319064915180206,,,,,,,,,,,,,,0.8356962203979492,0.020760059356689453,448.0,0.632707417011261,75.7699966430664,2.88549542427063,-2.1094589233398438,-0.0004778002330567688,0.6310765147209167,0.8302593231201172,0.5556429028511047,0.9288490414619446,0.3759523928165436,0.44003650546073914,0.3612489402294159,0.0
786,,,,,,,,,,,,,,,,,27.832386016845703,3.9018443203531206e-05,-0.029117973521351814,0.01289413869380951,,,,,,,,,,,,,,0.8289728164672852,0.020336151123046875,452.0,0.632662832736969,75.55999755859375,2.8910977840423584,-2.165527582168579,-0.0004231609927956015,0.6216335892677307,0.8346164226531982,0.5678615570068359,0.9302466511726379,0.34317493438720703,0.4508439004421234,0.39133787155151367,0.0
787,-1.2302525043487549,-0.0002996330731548369,0.3559202551841736,0.4875946342945099,0.31414300203323364,0.5321562886238098,0.21657592058181763,0.25845128297805786,0.20335353910923004,0.0,0.0,0.0,0.0,0.75,0.25,0.0,27.829633712768555,2.60122942563612e-05,-0.03839520737528801,0.007587058935314417,2.764892339706421,0.7780328392982483,0.21192234754562378,0.5287191271781921,2.8429603576660156,0.7093645334243774,0.16359657049179077,0.5250516533851624,1.5954248905181885,10.773188591003418,0.0,0.0,0.0,0.8464882373809814,0.023613929748535156,441.0,0.6325823664665222,75.94000244140625,2.9176483154296875,-2.074986457824707,-0.0005828267312608659,0.6327710747718811,0.8316778540611267,0.5309169292449951,0.9307346940040588,0.3576168119907379,0.4440326690673828,0.3535308539867401,0.0
788,,,,,,,,,,,,,,,,,27.826051712036133,3.9018443203531206e-05,-0.03059929423034191,0.01510615088045597,,,,,,,,,,,,,,1.150658130645752,0.030229568481445312,325.0,0.6325001120567322,76.44000244140625,2.9537429809570312,-2.063944101333618,-0.0005766135291196406,0.610752284526825,0.7957587242126465,0.5868896842002869,0.9072429537773132,0.35619816184043884,0.41827091574668884,0.42907819151878357,0.0
789,,,,,,,,,,,,,,,,,27.8206787109375,3.9018443203531206e-05,-0.0295404102653265,0.01055699773132801,,,,,,,,,,,,,,0.8959541320800781,0.02213597297668457,418.0,0.6323245763778687,76.44000244140625,2.968755006790161,-2.0796055793762207,-0.00032175768865272403,0.661548912525177,0.8401094079017639,0.5927829742431641,0.9342694282531738,0.37774980068206787,0.4452952444553375,0.4076162278652191,0.0
790,,,,,,,,,,,,,,,,,27.810949325561523,2.60122942563612e-05,-0.02736470475792885,0.008766722865402699,,,,,,,,,,,,,,0.8644859790802002,0.019911766052246094,434.0,0.6320977210998535,76.29000091552734,2.9707069396972656,-2.1054160594940186,-0.0002614484110381454,0.6571189761161804,0.8332021236419678,0.538795530796051,0.9185709953308105,0.3602459728717804,0.433779239654541,0.3934105932712555,0.0
791,,,,,,,,,,,,,,,,,27.801294326782227,3.9018443203531206e-05,-0.02910659834742546,0.018944784998893738,,,,,,,,,,,,,,0.8771281242370605,0.021811962127685547,427.0,0.631868839263916,76.55999755859375,2.979419231414795,-2.1921205520629883,-0.0005908532766625285,0.5673169493675232,0.7716534733772278,0.5371093153953552,0.899339497089386,0.3314460813999176,0.4112367331981659,0.3789995014667511,0.0
792,,,,,,,,,,,,,,,,,27.789634704589844,2.60122942563612e-05,-0.029541898518800735,0.007567600812762976,,,,,,,,,,,,,,0.8691930770874023,0.02046680450439453,431.0,0.6316275596618652,75.91000366210938,2.9728457927703857,-2.0601418018341064,-0.0004708674969151616,0.6602079272270203,0.8620985150337219,0.6191200613975525,0.9389743804931641,0.3787030279636383,0.453782320022583,0.4315462112426758,0.0
793,,,,,,,,,,,,,,,,,27.78220558166504,2.60122942563612e-05,-0.026714377105236053,0.011325260624289513,,,,,,,,,,,,,,0.8123888969421387,0.020766258239746094,460.0,0.6315578818321228,75.41999816894531,2.9685404300689697,-2.069993734359741,-0.00025224205455742776,0.6824736595153809,0.8470327258110046,0.5738486647605896,0.9364795684814453,0.36372479796409607,0.44553056359291077,0.3692738115787506,0.0
794,-1.037794589996338,-0.00019785092445090413,0.30269238352775574,0.39764729142189026,0.28190556168556213,0.45644423365592957,0.16480423510074615,0.21056462824344635,0.18833540380001068,0.0,0.0,0.1666666716337204,0.0,0.6666666865348816,0.3333333432674408,0.0,27.779396057128906,3.9018443203531206e-05,-0.03391662985086441,0.00936545804142952,2.470877170562744,1.2787922620773315,0.39090394973754883,0.5800099968910217,3.517115354537964,1.1690255403518677,0.22744782269001007,0.6210506558418274,1.4429727792739868,10.960685729980469,0.0,0.0,0.0,0.8046829700469971,0.021632909774780273,464.0,0.6314587593078613,74.83999633789062,2.961949110031128,-2.100083112716675,-0.0006129399407655001,0.5752224326133728,0.768103837966919,0.5390429496765137,0.9069089889526367,0.33207961916923523,0.4066528379917145,0.3760354518890381,0.0
795,,,,,,,,,,,,,,,,,27.772382736206055,2.60122942563612e-05,-0.031355272978544235,0.007945285178720951,,,,,,,,,,,,,,0.827347993850708,0.020500898361206055,452.0,0.6312748789787292,74.69000244140625,2.965284585952759,-2.123806953430176,-0.00045364248217083514,0.6401867866516113,0.8309267163276672,0.6281470060348511,0.9328749179840088,0.3770585358142853,0.4406689703464508,0.42670461535453796,0.0
796,,,,,,,,,,,,,,,,,27.76445770263672,2.60122942563612e-05,-0.026564517989754677,0.012237722985446453,,,,,,,,,,,,,,0.8377528190612793,0.02101612091064453,447.0,0.6310948729515076,74.6500015258789,2.9660308361053467,-2.0587680339813232,-0.0004939995124004781,0.6686641573905945,0.8269876837730408,0.5239593982696533,0.9214224219322205,0.37690290808677673,0.44045308232307434,0.34027066826820374,0.0
797,-0.9229522943496704,-0.0001690177305135876,0.2952280044555664,0.3718299865722656,0.2488478273153305,0.4092572033405304,0.1680798977613449,0.19807972013950348,0.18081314861774445,0.0,0.0,0.1428571492433548,0.0,1.0,0.0,0.0,27.75603485107422,2.60122942563612e-05,-0.03234613686800003,0.011319072917103767,2.463932752609253,1.1122400760650635,0.31051546335220337,0.5777698755264282,3.4976446628570557,0.938507616519928,0.20285296440124512,0.5780766606330872,1.5062170028686523,14.23024845123291,0.0,0.0,0.0,0.8624358177185059,0.0209200382232666,434.0,0.6309191584587097,73.94999694824219,2.967235565185547,-2.1101770401000977,-0.00041626335587352514,0.5818641781806946,0.7769697308540344,0.5493096113204956,0.9018709063529968,0.3460138142108917,0.4141727387905121,0.41611263155937195,0.0
798,,,,,,,,,,,,,,,,,27.748167037963867,2.60122942563612e-05,-0.02283417619764805,0.006130668800324202,,,,,,,,,,,,,,0.8637700080871582,0.020518064498901367,434.0,0.6307523250579834,74.1500015258789,2.9782943725585938,-2.0834646224975586,-0.00046247910358943045,0.662476122379303,0.8525131344795227,0.6061771512031555,0.9368700981140137,0.36876997351646423,0.4606979191303253,0.40488091111183167,0.0
799,-0.9259178042411804,-0.00019640580285340548,0.2826591730117798,0.35504379868507385,0.24471859633922577,0.39866480231285095,0.15875506401062012,0.19141928851604462,0.17524957656860352,0.0,0.0,0.1666666716337204,0.0,0.8333333134651184,0.0,0.0,27.740840911865234,2.60122942563612e-05,-0.025517726317048073,0.011094776913523674,2.495661735534668,1.1300302743911743,0.3396776616573334,0.5255339741706848,3.360032081604004,1.0355497598648071,0.21352742612361908,0.5832073092460632,1.4413398504257202,16.776309967041016,0.0,0.0,0.0,0.8170781135559082,0.02138519287109375,457.0,0.6306284070014954,73.25,2.9657185077667236,-2.1499292850494385,-0.00022722552239429206,0.6717195510864258,0.8189803957939148,0.5656822323799133,0.9191835522651672,0.3530219495296478,0.42981985211372375,0.37433692812919617,0.0
800,,,,,,,,,,,,,,,,,27.736289978027344,2.60122942563612e-05,-0.026404429227113724,0.006753058638423681,,,,,,,,,,,,,,0.8299479484558105,0.021552085876464844,450.0,0.6305442452430725,73.16000366210938,2.9691381454467773,-2.1028709411621094,-0.0004586342256516218,0.6312700510025024,0.8067455291748047,0.5693252086639404,0.9131954312324524,0.36216437816619873,0.4292089641094208,0.38832274079322815,0.0
801,,,,,,,,,,,,,,,,,27.73113250732422,3.9018443203531206e-05,-0.028893880546092987,0.007842125371098518,,,,,,,,,,,,,,0.8683137893676758,0.02010321617126465,432.0,0.6303874850273132,73.27999877929688,2.9735169410705566,-2.0941450595855713,-0.0004737387353088707,0.6205811500549316,0.8304267525672913,0.5994639992713928,0.9346732497215271,0.3605472147464752,0.45342397689819336,0.3931363523006439,0.0
802,,,,,,,,,,,,,,,,,27.724699020385742,1.1561020073713735e-05,-0.032357923686504364,0.009210621006786823,,,,,,,,,,,,,,0.8441448211669922,0.022505998611450195,443.0,0.6303098201751709,73.13999938964844,2.96894907951355,-2.0803744792938232,-0.0006006531766615808,0.656295120716095,0.8202689290046692,0.5192998051643372,0.9111737608909607,0.32992133498191833,0.42868542671203613,0.3577573299407959,0.0
803,-0.8345461487770081,-0.00015243470261339098,0.28577032685279846,0.34632566571235657,0.24096445739269257,0.38039958477020264,0.15025188028812408,0.17737185955047607,0.16933952271938324,0.0,0.0,0.1666666716337204,0.0,1.0,0.1666666716337204,0.0,27.721616744995117,8.77914935699664e-05,-0.01923275738954544,0.010334552265703678,1.5846692323684692,0.9361453652381897,0.2984969913959503,0.5151737332344055,2.3140084743499756,0.7925459742546082,0.177175834774971,0.5124258995056152,1.2719210386276245,9.399868965148926,0.0,0.0,0.0,0.8365497589111328,0.0220639705657959,447.0,0.630204975605011,71.68000030517578,2.9288835525512695,-2.042963981628418,-0.00044600863475352526,0.6551864743232727,0.8342369198799133,0.6070256233215332,0.9225723147392273,0.3433329164981842,0.4341209828853607,0.43949297070503235,0.0
804,-0.9735206961631775,-0.00023701392638031393,0.31237438321113586,0.38792645931243896,0.2635565996170044,0.42736169695854187,0.1492609828710556,0.20397639274597168,0.18464303016662598,0.0,0.0,0.0,0.0,1.0,0.0,0.0,27.711288452148438,2.60122942563612e-05,-0.02882196195423603,0.007085597142577171,3.5102062225341797,1.0551928281784058,0.3286009728908539,0.559758722782135,2.723525285720825,0.9192318916320801,0.2040054053068161,0.5840620994567871,1.6322797536849976,9.836485862731934,0.0,0.0,0.0,0.8271019458770752,0.021808147430419922,452.0,0.6299408674240112,71.52999877929688,2.9256463050842285,-2.0707507133483887,-0.00031742954161018133,0.7158627510070801,0.8757308125495911,0.6014838814735413,0.9463579058647156,0.35502758622169495,0.45546722412109375,0.38219451904296875,0.0
805,,,,,,,,,,,,,,,,,27.700822830200195,3.9018443203531206e-05,-0.028969645500183105,0.012378229759633541,,,,,,,,,,,,,,0.8362522125244141,0.021352052688598633,447.0,0.6297162175178528,71.23999786376953,2.918063163757324,-2.0702011585235596,-0.0005594973335973918,0.636477530002594,0.8107779622077942,0.52970951795578,0.914652407169342,0.33999261260032654,0.426464319229126,0.357128381729126,0.0
806,-1.07209312915802,-0.000314353994326666,0.3253733813762665,0.41563180088996887,0.29500511288642883,0.46784332394599915,0.16229909658432007,0.2179301381111145,0.19316326081752777,0.0,0.0,0.3333333432674408,0.0,0.5,0.1666666716337204,0.0,27.69047737121582,2.60122942563612e-05,-0.03319450095295906,0.011824431829154491,2.8750667572021484,1.2080029249191284,0.3795515298843384,0.5776506066322327,3.706627130508423,1.0712714195251465,0.21250450611114502,0.5655953288078308,1.7185434103012085,17.1522274017334,0.0,0.0,0.0,0.8321759700775146,0.020933151245117188,450.0,0.6295309066772461,70.81999969482422,2.899059295654297,-2.0687477588653564,-0.0007268550689332187,0.6032668352127075,0.8197822570800781,0.5975440740585327,0.9302592277526855,0.35758912563323975,0.43133339285850525,0.3983546197414398,0.0
807,,,,,,,,,,,,,,,,,27.683521270751953,1.7341530110570602e-05,-0.024998977780342102,0.008044973015785217,,,,,,,,,,,,,,0.8414928913116455,0.021118879318237305,445.0,0.6294200420379639,71.56999969482422,2.931295156478882,-2.057029962539673,-0.0005038146045990288,0.6702106595039368,0.8548672199249268,0.5819469094276428,0.9409084320068359,0.38698863983154297,0.44861459732055664,0.3653534948825836,0.0
808,,,,,,,,,,,,,,,,,27.67862892150879,2.60122942563612e-05,-0.024188533425331116,0.015385315753519535,,,,,,,,,,,,,,0.8350400924682617,0.020608901977539062,448.0,0.6292982697486877,71.30000305175781,2.929372549057007,-2.0703282356262207,-0.000511029502376914,0.6381081342697144,0.8032167553901672,0.5106963515281677,0.904580295085907,0.3561297655105591,0.4217788279056549,0.36723676323890686,0.0
809,,,,,,,,,,,,,,,,,27.66988754272461,3.9018443203531206e-05,-0.025626981630921364,0.006848997436463833,,,,,,,,,,,,,,0.864995002746582,0.01990818977355957,433.0,0.6290280818939209,71.87999725341797,2.9642436504364014,-2.054081916809082,-0.0006239538779482245,0.6583502888679504,0.8603630065917969,0.6276692748069763,0.9423313140869141,0.351014643907547,0.4608185291290283,0.4331212043762207,0.0
810,,,,,,,,,,,,,,,,,27.65751838684082,2.60122942563612e-05,-0.02833942137658596,0.010832424275577068,,,,,,,,,,,,,,0.8039021492004395,0.020847797393798828,465.0,0.628838837146759,71.88999938964844,2.973073959350586,-2.0598440170288086,-0.000361450482159853,0.6803566813468933,0.86252361536026,0.5577311515808105,0.949725866317749,0.3394031822681427,0.45424845814704895,0.3370746076107025,0.0
811,,,,,,,,,,,,,,,,,27.650999069213867,3.9018443203531206e-05,-0.0271076001226902,0.014743102714419365,,,,,,,,,,,,,,0.8307898044586182,0.021290063858032227,450.0,0.6287258267402649,71.91000366210938,2.9631149768829346,-2.123495578765869,-0.00045398890506476164,0.5795702338218689,0.7830464839935303,0.5570569038391113,0.9111301302909851,0.3507711887359619,0.41487494111061096,0.3910938799381256,0.0
812,,,,,,,,,,,,,,,,,27.644834518432617,1.7341530110570602e-05,-0.033006783574819565,0.011254476383328438,,,,,,,,,,,,,,0.8586487770080566,0.02131819725036621,436.0,0.6285900473594666,72.44999694824219,2.976914644241333,-2.172677516937256,-0.0009459631401114166,0.5832035541534424,0.7734652161598206,0.5507376194000244,0.9023988842964172,0.3446064293384552,0.41332903504371643,0.36320963501930237,0.0
813,,,,,,,,,,,,,,,,,27.639347076416016,2.60122942563612e-05,-0.02262444794178009,0.00908057950437069,,,,,,,,,,,,,,0.8488988876342773,0.02196812629699707,440.0,0.6284681558609009,71.72000122070312,2.9476962089538574,-2.0610127449035645,-0.0003223685489501804,0.7060931324958801,0.8519122004508972,0.5629726052284241,0.9247623085975647,0.36805978417396545,0.44239452481269836,0.39307427406311035,0.0
814,,,,,,,,,,,,,,,,,27.63225555419922,3.9018443203531206e-05,-0.020042289048433304,0.007423094008117914,,,,,,,,,,,,,,0.8583509922027588,0.026227951049804688,434.0,0.628280520439148,71.58999633789062,2.945673704147339,-2.0822479724884033,-0.0005715490551665425,0.656773567199707,0.8505962491035461,0.5563077926635742,0.9338611960411072,0.38466891646385193,0.46054232120513916,0.3752776086330414,0.0
815,,,,,,,,,,,,,,,,,27.623825073242188,1.7341530110570602e-05,-0.030967824161052704,0.015390424057841301,,,,,,,,,,,,,,0.8272969722747803,0.021699905395507812,452.0,0.6281504034996033,71.70999908447266,2.944021463394165,-2.1042320728302,-0.0008765011443756521,0.5952088832855225,0.7870429158210754,0.4965251684188843,0.8982035517692566,0.3419783115386963,0.42725077271461487,0.32988297939300537,0.0
816,,,,,,,,,,,,,,,,,27.617664337158203,3.9018443203531206e-05,-0.02823837846517563,0.009022009558975697,,,,,,,,,,,,,,0.841923713684082,0.021597862243652344,444.0,0.6279609203338623,72.11000061035156,2.9581472873687744,-2.026733160018921,-0.00045104153105057776,0.6749250292778015,0.8570995330810547,0.6280853152275085,0.9509415626525879,0.3824457824230194,0.4494278132915497,0.3929460942745209,0.0
817,,,,,,,,,,,,,,,,,27.607765197753906,1.7341530110570602e-05,-0.038532424718141556,0.007908874191343784,,,,,,,,,,,,,,0.8353719711303711,0.02109503746032715,448.0,0.6278007626533508,72.19999694824219,2.9626529216766357,-2.0671308040618896,-0.0005547956679947674,0.6695815920829773,0.8336649537086487,0.5653398633003235,0.9374908804893494,0.3626329004764557,0.4348440170288086,0.35201823711395264,0.0
818,,,,,,,,,,,,,,,,,27.602005004882812,5.852766480529681e-05,-0.02512465789914131,0.012085450813174248,,,,,,,,,,,,,,0.8230068683624268,0.021674394607543945,454.0,0.6276549100875854,72.48999786376953,2.9836502075195312,-2.16031813621521,-0.0007094889297150075,0.6039732098579407,0.7705184817314148,0.5426458716392517,0.8989476561546326,0.3373072147369385,0.39955320954322815,0.3680397570133209,0.0
819,-1.0775738954544067,-0.00036258006002753973,0.3241201341152191,0.4011791944503784,0.2814152240753174,0.4613056778907776,0.17124752700328827,0.20901048183441162,0.1766529381275177,0.0,0.0,0.5,0.0,0.5,0.0,0.0,27.593549728393555,1.7341530110570602e-05,-0.03327065706253052,0.008581027388572693,3.4058170318603516,1.3704984188079834,0.44472089409828186,0.6838528513908386,3.107806921005249,1.2256498336791992,0.24342891573905945,0.6392033696174622,1.6546071767807007,10.038263320922852,0.0,0.0,0.0,0.815842866897583,0.021168231964111328,458.0,0.6274915337562561,72.69999694824219,2.97945499420166,-2.120303153991699,-0.0004700763674918562,0.6470860838890076,0.8306248188018799,0.6011888384819031,0.9389462471008301,0.3790980279445648,0.43371284008026123,0.3533496856689453,0.0
820,,,,,,,,,,,,,,,,,27.586196899414062,3.9018443203531206e-05,-0.024239439517259598,0.01963820867240429,,,,,,,,,,,,,,0.8062222003936768,0.02164769172668457,463.0,0.6272711753845215,73.08000183105469,2.9870641231536865,-2.0498557090759277,-0.000729645777028054,0.6494134068489075,0.8061531186103821,0.5530133843421936,0.9230024218559265,0.3669395446777344,0.42164286971092224,0.34247204661369324,0.0
821,,,,,,,,,,,,,,,,,27.575550079345703,2.60122942563612e-05,-0.0354224294424057,0.009107924997806549,,,,,,,,,,,,,,0.8366057872772217,0.020347118377685547,448.0,0.627088189125061,72.86000061035156,2.9684929847717285,-2.150113344192505,-0.0006325144204311073,0.5793498158454895,0.7776253819465637,0.5424961447715759,0.9105612635612488,0.34648504853248596,0.41952845454216003,0.366813063621521,0.0
822,,,,,,,,,,,,,,,,,27.567821502685547,3.9018443203531206e-05,-0.02503490261733532,0.013178144581615925,,,,,,,,,,,,,,0.8245558738708496,0.021638870239257812,453.0,0.6268892884254456,73.29000091552734,2.9842309951782227,-2.085752487182617,-0.0005104079027660191,0.6988527178764343,0.8767998814582825,0.592883288860321,0.9455822110176086,0.3756920099258423,0.45840105414390564,0.37392333149909973,0.0
823,,,,,,,,,,,,,,,,,27.558286666870117,2.60122942563612e-05,-0.035849448293447495,0.02051342837512493,,,,,,,,,,,,,,0.8147389888763428,0.022231101989746094,458.0,0.6267066597938538,73.66999816894531,2.986999988555908,-2.107337236404419,-0.0006399939302355051,0.6097479462623596,0.7740840911865234,0.4956553876399994,0.8999573588371277,0.32965853810310364,0.413761705160141,0.3166368007659912,0.0
824,-1.1418238878250122,-0.00031916043371893466,0.34911999106407166,0.45098164677619934,0.316379576921463,0.5132238864898682,0.19161610305309296,0.24011516571044922,0.19801418483257294,0.0,0.0,0.3333333432674408,0.0,0.5,0.3333333432674408,0.0,27.551162719726562,2.60122942563612e-05,-0.036647215485572815,0.012262383475899696,2.890300750732422,1.1174736022949219,0.3838878870010376,0.718035876750946,3.3741843700408936,1.103915810585022,0.21351999044418335,0.5692848563194275,1.3847465515136719,12.174300193786621,0.0,0.0,0.0,0.8229842185974121,0.020693063735961914,455.0,0.626545250415802,74.87999725341797,3.0248875617980957,-2.05692982673645,-0.0006032292731106281,0.6263308525085449,0.8111274838447571,0.6305478811264038,0.9307923316955566,0.35709866881370544,0.4247964918613434,0.4301861822605133,0.0
825,,,,,,,,,,,,,,,,,27.54320526123047,2.60122942563612e-05,-0.03332506865262985,0.009628752246499062,,,,,,,,,,,,,,0.8009352684020996,0.020645856857299805,467.0,0.6263642907142639,74.86000061035156,3.012899160385132,-2.0719871520996094,-0.0004420829936861992,0.6912479400634766,0.8253918290138245,0.5691298842430115,0.9212522506713867,0.373968243598938,0.4308352470397949,0.33572623133659363,0.0
826,,,,,,,,,,,,,,,,,27.53459358215332,3.9018443203531206e-05,-0.02931026741862297,0.013045132160186768,,,,,,,,,,,,,,0.8325371742248535,0.020811796188354492,449.0,0.6261454820632935,74.80999755859375,3.015289068222046,-2.0567069053649902,-0.0005183947505429387,0.6377033591270447,0.8177099227905273,0.538074791431427,0.9258763790130615,0.37226414680480957,0.4324991703033447,0.3289931118488312,0.0
827,,,,,,,,,,,,,,,,,27.524913787841797,2.60122942563612e-05,-0.03510229289531708,0.014324872754514217,,,,,,,,,,,,,,0.823638916015625,0.02135300636291504,454.0,0.6259674429893494,75.31999969482422,3.025696039199829,-2.0599966049194336,-0.0010847164085134864,0.5799749493598938,0.7359018921852112,0.5351653099060059,0.8793191313743591,0.32590147852897644,0.3828355371952057,0.37028953433036804,0.0
828,,,,,,,,,,,,,,,,,27.518627166748047,2.60122942563612e-05,-0.024554653093218803,0.01314210332930088,,,,,,,,,,,,,,0.8033840656280518,0.02061295509338379,466.0,0.6258648633956909,74.9800033569336,3.006804943084717,-1.9825502634048462,-0.00023754029825795442,0.699573814868927,0.847039520740509,0.6444395184516907,0.943562924861908,0.377265065908432,0.4483036994934082,0.39626502990722656,0.0
829,,,,,,,,,,,,,,,,,27.51492691040039,2.60122942563612e-05,-0.025457410141825676,0.012291798368096352,,,,,,,,,,,,,,0.8319680690765381,0.02148294448852539,449.0,0.625792384147644,74.77999877929688,2.994577169418335,-2.0021419525146484,-0.0003160753985866904,0.7084424495697021,0.8388187289237976,0.5553506016731262,0.9338193535804749,0.3752337396144867,0.42815151810646057,0.32442253828048706,0.0
830,,,,,,,,,,,,,,,,,27.510347366333008,2.60122942563612e-05,-0.031500156968832016,0.018724892288446426,,,,,,,,,,,,,,0.8314449787139893,0.020595788955688477,450.0,0.6256527900695801,74.77999877929688,3.0011980533599854,-2.160107135772705,-0.0010570668382570148,0.5752102732658386,0.7909519076347351,0.5595272183418274,0.9154394268989563,0.35471630096435547,0.4281640350818634,0.38311442732810974,0.0
831,,,,,,,,,,,,,,,,,27.502931594848633,2.60122942563612e-05,-0.0274147167801857,0.008689175359904766,,,,,,,,,,,,,,0.8276882171630859,0.021683931350708008,452.0,0.625469982624054,74.98999786376953,3.028061628341675,-2.044469118118286,-0.0006259624497033656,0.6638685464859009,0.8677208423614502,0.6067838668823242,0.9514641165733337,0.3606567084789276,0.46584367752075195,0.3667208254337311,0.0
832,,,,,,,,,,,,,,,,,27.495052337646484,1.7341530110570602e-05,-0.025546975433826447,0.009749723598361015,,,,,,,,,,,,,,0.7966020107269287,0.020678997039794922,469.0,0.6253288388252258,74.56999969482422,3.0182528495788574,-2.034518241882324,-0.00032975859357975423,0.666630208492279,0.8243520855903625,0.5670372247695923,0.9354103207588196,0.34069445729255676,0.4389711916446686,0.341546893119812,0.0
833,,,,,,,,,,,,,,,,,27.490440368652344,3.9018443203531206e-05,-0.027129245921969414,0.009601062163710594,,,,,,,,,,,,,,0.8060948848724365,0.020802974700927734,464.0,0.6252690553665161,74.88999938964844,3.021860361099243,-2.0563197135925293,-0.0007353245746344328,0.5969756245613098,0.7344823479652405,0.5390982031822205,0.8927774429321289,0.32889553904533386,0.38218799233436584,0.3513047397136688,0.0
834,,,,,,,,,,,,,,,,,27.48663902282715,2.60122942563612e-05,-0.027920246124267578,0.011257054284214973,,,,,,,,,,,,,,0.8035569190979004,0.020108938217163086,466.0,0.6251509785652161,75.55999755859375,3.0425021648406982,-2.0447165966033936,-0.0006335832295008004,0.6375105977058411,0.805986225605011,0.6138455271720886,0.9227508902549744,0.37301790714263916,0.4278460443019867,0.39120301604270935,0.0
835,,,,,,,,,,,,,,,,,27.480112075805664,2.60122942563612e-05,-0.0285002700984478,0.012607823126018047,,,,,,,,,,,,,,0.8150808811187744,0.021235227584838867,459.0,0.6249764561653137,75.36000061035156,3.033205986022949,-2.005492925643921,-0.00033159181475639343,0.6992480158805847,0.865290641784668,0.5599349141120911,0.9406867027282715,0.4021504819393158,0.4455226957798004,0.3208695650100708,0.0
836,,,,,,,,,,,,,,,,,27.472354888916016,2.60122942563612e-05,-0.03040766716003418,0.016552437096834183,,,,,,,,,,,,,,0.8028979301452637,0.020452022552490234,466.0,0.6248340606689453,75.58999633789062,3.054270029067993,-2.11352276802063,-0.0006797006353735924,0.5911481976509094,0.7926315665245056,0.5126323699951172,0.918592631816864,0.3438950777053833,0.4210972487926483,0.31755468249320984,0.0
837,-1.062570571899414,-0.00028952653519809246,0.333273321390152,0.41756924986839294,0.29240021109580994,0.4749830663204193,0.18529614806175232,0.21646739542484283,0.18371005356311798,0.0,0.0,0.625,0.0,0.375,0.125,0.0,27.466005325317383,2.60122942563612e-05,-0.030444934964179993,0.01951790042221546,3.3793528079986572,1.3254410028457642,0.4258616268634796,0.6383116245269775,3.731376886367798,1.1901535987854004,0.2408646047115326,0.6460778713226318,1.6292030811309814,12.408979415893555,0.0,0.0,0.0,0.8303759098052979,0.02063727378845215,451.0,0.624706506729126,75.86000061035156,3.056675434112549,-2.069471836090088,-0.0008099518599919975,0.6082884669303894,0.793994665145874,0.5639731287956238,0.9015688896179199,0.33966264128685,0.41477906703948975,0.3839457035064697,0.0
838,,,,,,,,,,,,,,,,,27.460975646972656,2.60122942563612e-05,-0.030174827203154564,0.03364405408501625,,,,,,,,,,,,,,0.8062868118286133,0.021823883056640625,463.0,0.6246293783187866,76.56999969482422,3.0782690048217773,-1.975096583366394,-0.00028531390125863254,0.6668243408203125,0.8547987937927246,0.6297200322151184,0.9435457587242126,0.3811096251010895,0.4471791088581085,0.4044710099697113,0.0
839,,,,,,,,,,,,,,,,,27.456829071044922,3.9018443203531206e-05,-0.029754145070910454,0.015012829564511776,,,,,,,,,,,,,,0.7941379547119141,0.020129919052124023,471.0,0.6245189905166626,76.43000030517578,3.0789802074432373,-2.0603933334350586,-0.00039751894655637443,0.6203157305717468,0.7859500050544739,0.5290510058403015,0.9251652359962463,0.3428474962711334,0.41834890842437744,0.3129408061504364,0.0
840,-1.1020793914794922,-0.00028566489345394075,0.3391415476799011,0.43356284499168396,0.3067932426929474,0.4970756471157074,0.188789963722229,0.23092545568943024,0.19511355459690094,0.0,0.0,0.7142857313156128,0.0,0.5714285969734192,0.1428571492433548,0.0,27.449832916259766,2.60122942563612e-05,-0.03161974996328354,0.018033722415566444,2.859762191772461,1.2863788604736328,0.38729265332221985,0.6469777226448059,3.4095396995544434,1.175296425819397,0.2279193103313446,0.637548565864563,1.5289809703826904,10.61229419708252,0.0,0.0,0.0,0.8016791343688965,0.0205838680267334,467.0,0.6243441104888916,76.31999969482422,3.094223737716675,-2.058445692062378,-0.0008339818450622261,0.5722268223762512,0.7450918555259705,0.5635461807250977,0.8879778981208801,0.3414495885372162,0.38837042450904846,0.4211806356906891,0.0
841,,,,,,,,,,,,,,,,,27.440828323364258,2.60122942563612e-05,-0.030977578833699226,0.009491178207099438,,,,,,,,,,,,,,0.8235328197479248,0.02070903778076172,454.0,0.6241255402565002,76.63999938964844,3.106076240539551,-2.0467889308929443,-0.0007084263488650322,0.6623201370239258,0.8633028864860535,0.6063464283943176,0.9424622654914856,0.3854849338531494,0.4690205156803131,0.3686549663543701,0.0
842,-1.0661848783493042,-0.00031129459966905415,0.32360491156578064,0.44447508454322815,0.29009655117988586,0.484767884016037,0.19886279106140137,0.24430875480175018,0.201172336935997,0.0,0.0,0.0,0.0,1.0,0.0,0.0,27.430458068847656,3.9018443203531206e-05,-0.020973319187760353,0.008110406808555126,1.9112898111343384,0.8968029022216797,0.20216210186481476,0.6320711970329285,3.1264591217041016,0.7820477485656738,0.1812853217124939,0.5671685338020325,1.5911941528320312,11.762406349182129,0.0,0.0,0.0,0.8319008350372314,0.020976781845092773,450.0,0.6239063739776611,76.41000366210938,3.1044938564300537,-2.011518716812134,-0.00017792762082535774,0.7217435836791992,0.8692291378974915,0.5783423781394958,0.9484323859214783,0.40401092171669006,0.45513537526130676,0.3531186580657959,0.0
843,,,,,,,,,,,,,,,,,27.42165184020996,2.60122942563612e-05,-0.03409654274582863,0.01712055131793022,,,,,,,,,,,,,,0.8668720722198486,0.0209500789642334,432.0,0.6237837076187134,76.9000015258789,3.1205954551696777,-2.0344393253326416,-0.0006909896619617939,0.521491527557373,0.7286787033081055,0.5140973329544067,0.8991215825080872,0.33475038409233093,0.3897375166416168,0.3224317729473114,0.0
844,,,,,,,,,,,,,,,,,27.415355682373047,3.9018443203531206e-05,-0.027023445814847946,0.007564685773104429,,,,,,,,,,,,,,0.8819522857666016,0.02118682861328125,425.0,0.6235949397087097,77.12999725341797,3.140960693359375,-2.099870443344116,-0.0006574431317858398,0.6011332869529724,0.8117639422416687,0.6213581562042236,0.9242470860481262,0.3792363107204437,0.43005988001823425,0.41338852047920227,0.0
845,,,,,,,,,,,,,,,,,27.406940460205078,1.7341530110570602e-05,-0.0316791869699955,0.01618320681154728,,,,,,,,,,,,,,0.8456399440765381,0.021898984909057617,442.0,0.6234697103500366,76.87999725341797,3.1443824768066406,-2.0530240535736084,-0.00040281726978719234,0.6780707240104675,0.8109190464019775,0.5607580542564392,0.9231459498405457,0.3701927363872528,0.42361703515052795,0.3320768177509308,0.0
846,-1.0176339149475098,-0.0002238610031781718,0.3214048743247986,0.3949393332004547,0.2922254502773285,0.4567287862300873,0.18422341346740723,0.20366311073303223,0.18223214149475098,0.0,0.0,0.5,0.0,0.1666666716337204,0.3333333432674408,0.0,27.402334213256836,5.852766480529681e-05,-0.024255525320768356,0.012093418277800083,2.5442700386047363,1.3072972297668457,0.42054495215415955,0.6199504733085632,3.1814422607421875,1.163597583770752,0.23110993206501007,0.6066969037055969,1.2597862482070923,9.129400253295898,0.0,0.0,0.0,0.8751180171966553,0.02194499969482422,428.0,0.6233302354812622,77.04000091552734,3.1523380279541016,-2.047379732131958,-0.0004373879637569189,0.6251006722450256,0.7780120968818665,0.5780903697013855,0.914870023727417,0.3596872389316559,0.40316852927207947,0.37575945258140564,0.0
847,,,,,,,,,,,,,,,,,27.394203186035156,2.60122942563612e-05,-0.035625703632831573,0.02785291150212288,,,,,,,,,,,,,,0.8514392375946045,0.019763946533203125,440.0,0.6231806874275208,77.05000305175781,3.1390140056610107,-2.091893434524536,-0.0005432697362266481,0.5922219753265381,0.7582619786262512,0.5782907605171204,0.9065399169921875,0.35010361671447754,0.39881086349487305,0.3578037917613983,0.0
848,-0.913234531879425,-6.367339665303007e-05,0.2751118838787079,0.3373103141784668,0.27001625299453735,0.40558895468711853,0.1627429872751236,0.1793503761291504,0.1745787262916565,0.0,0.0,0.6666666865348816,0.0,0.0,0.3333333432674408,0.0,27.388946533203125,3.9018443203531206e-05,-0.02800118550658226,0.00995097029954195,3.6720850467681885,1.4588972330093384,0.48448964953422546,0.6119594573974609,3.97129225730896,1.3893991708755493,0.2581760287284851,0.6467389464378357,1.7198814153671265,12.151816368103027,0.0,0.0,0.0,0.837609052658081,0.020997047424316406,447.0,0.6230728626251221,76.69000244140625,3.1277928352355957,-2.0524420738220215,-0.0003387393953744322,0.6619952321052551,0.8350245952606201,0.6234326362609863,0.9432950019836426,0.3747207820415497,0.44140124320983887,0.3689374029636383,0.0
849,,,,,,,,,,,,,,,,,27.38189697265625,3.9018443203531206e-05,-0.035552818328142166,0.017484383657574654,,,,,,,,,,,,,,0.8335318565368652,0.021300315856933594,449.0,0.6228804588317871,77.72000122070312,3.159489154815674,-2.0585498809814453,-0.0005597793497145176,0.6025568246841431,0.7474234700202942,0.5415515303611755,0.8904955387115479,0.3485279083251953,0.3849360942840576,0.36095288395881653,0.0
850,-0.9735883474349976,-0.00018647691467776895,0.3142440915107727,0.37759292125701904,0.28177040815353394,0.43564373254776,0.17395314574241638,0.19049283862113953,0.17369204759597778,0.0,0.0,0.6000000238418579,0.0,0.20000000298023224,0.20000000298023224,0.0,27.372514724731445,2.60122942563612e-05,-0.034799180924892426,0.012616598047316074,3.3076205253601074,1.3367174863815308,0.44847744703292847,0.5759670734405518,3.5859267711639404,1.2388651371002197,0.22602209448814392,0.5665431618690491,1.335673213005066,9.921740531921387,0.0,0.0,0.0,0.843524694442749,0.020269155502319336,444.0,0.6226931810379028,77.83999633789062,3.157620429992676,-2.0359785556793213,-0.0004277538973838091,0.6500569581985474,0.8211262822151184,0.6118584275245667,0.9304459691047668,0.3753472566604614,0.4324935972690582,0.3913815915584564,0.0
851,,,,,,,,,,,,,,,,,27.365617752075195,2.60122942563612e-05,-0.025567952543497086,0.016010845080018044,,,,,,,,,,,,,,0.8118479251861572,0.021461009979248047,460.0,0.6225751042366028,77.44000244140625,3.137636661529541,-2.009488821029663,-0.0005077856476418674,0.6781312823295593,0.815985918045044,0.5654032230377197,0.9213197827339172,0.3539986312389374,0.43146833777427673,0.35282817482948303,0.0
852,-0.9758567810058594,-0.00026351711130701005,0.3104431629180908,0.39304572343826294,0.2774958908557892,0.4454563558101654,0.17409676313400269,0.2098138928413391,0.18323636054992676,0.0,0.0,0.375,0.0,0.375,0.25,0.0,27.360597610473633,2.60122942563612e-05,-0.03265901282429695,0.012773547321557999,2.687026023864746,1.1338666677474976,0.35103029012680054,0.6061777472496033,3.190504312515259,1.009623408317566,0.2020142376422882,0.5401948690414429,1.2135837078094482,9.563949584960938,0.0,0.0,0.0,0.8479659557342529,0.020199060440063477,442.0,0.622480571269989,77.37999725341797,3.1408612728118896,-2.010843276977539,-0.0003742385597433895,0.6353694796562195,0.8085022568702698,0.5802735686302185,0.9202356338500977,0.372408390045166,0.41942480206489563,0.39666080474853516,0.0
853,,,,,,,,,,,,,,,,,27.356550216674805,2.60122942563612e-05,-0.03104783035814762,0.00873416569083929,,,,,,,,,,,,,,0.8009412288665771,0.02064204216003418,467.0,0.6223949790000916,77.58999633789062,3.1617562770843506,-2.0191097259521484,-0.0003714193298947066,0.6515871286392212,0.8024037480354309,0.5660099387168884,0.9188012480735779,0.36061516404151917,0.4233057200908661,0.36075225472450256,0.0
854,,,,,,,,,,,,,,,,,27.35158348083496,3.9018443203531206e-05,-0.03343827649950981,0.011264569126069546,,,,,,,,,,,,,,0.819584846496582,0.021007061004638672,456.0,0.6222508549690247,77.8499984741211,3.171679973602295,-2.008450746536255,-0.0005587466876022518,0.632489800453186,0.7880374789237976,0.562488853931427,0.9154013991355896,0.356970876455307,0.4165395498275757,0.36370739340782166,0.0
855,-0.9701486825942993,-0.0002615590638015419,0.3046322464942932,0.37820112705230713,0.27703267335891724,0.4385431408882141,0.17054229974746704,0.19832293689250946,0.18070198595523834,0.0,0.0,0.5,0.0,0.30000001192092896,0.20000000298023224,0.0,27.344091415405273,2.60122942563612e-05,-0.03246556967496872,0.01399397011846304,2.629387378692627,1.3875783681869507,0.42516475915908813,0.6469780802726746,3.581744432449341,1.2125093936920166,0.2257993519306183,0.6035163998603821,1.427316427230835,12.511039733886719,0.0,0.0,0.0,0.8189928531646729,0.027074098587036133,453.0,0.6221189498901367,77.08000183105469,3.139622449874878,-2.05915904045105,-0.0008451550384052098,0.57261061668396,0.7515807151794434,0.5380988717079163,0.8851316571235657,0.3321087062358856,0.38891109824180603,0.378130167722702,0.0
856,-0.8970727920532227,-0.00025682838167995214,0.293546587228775,0.36913418769836426,0.25894293189048767,0.4147977828979492,0.16600637137889862,0.18770582973957062,0.17397747933864594,0.0,0.0,0.6666666865348816,0.0,0.3333333432674408,0.3333333432674408,0.0,27.337146759033203,2.60122942563612e-05,-0.028995100408792496,0.008082171902060509,2.569938898086548,0.9713447093963623,0.34548476338386536,0.5242254734039307,3.237886428833008,0.906575620174408,0.19118255376815796,0.5281981825828552,1.1660575866699219,9.249654769897461,0.0,0.0,0.0,1.0616908073425293,0.021567106246948242,354.0,0.6219256520271301,77.18000030517578,3.1422219276428223,-1.9870153665542603,-0.000399857439333573,0.6904160976409912,0.8469410538673401,0.6323539614677429,0.9389956593513489,0.38034915924072266,0.44480523467063904,0.40502727031707764,0.0
857,-0.74373859167099,-0.00015370419714599848,0.2586212754249573,0.3074595630168915,0.2155124992132187,0.33956316113471985,0.13256974518299103,0.16269586980342865,0.14905254542827606,0.0,0.0,0.0,0.0,0.6666666865348816,0.3333333432674408,0.0,27.32762908935547,2.60122942563612e-05,-0.02595064416527748,0.018917618319392204,1.8576035499572754,0.7731550335884094,0.25967490673065186,0.511860191822052,2.248051643371582,0.7764623761177063,0.15312902629375458,0.47075191140174866,1.2345157861709595,7.742300033569336,0.0,0.0,0.0,0.83685302734375,0.029539823532104492,443.0,0.6217296123504639,76.29000091552734,3.1180307865142822,-1.9905685186386108,-0.00029354821890592575,0.7039022445678711,0.8346273899078369,0.5530331134796143,0.9340409636497498,0.39161261916160583,0.4386270046234131,0.3347685635089874,0.0
858,-1.017254114151001,-0.00016802418394945562,0.3177539110183716,0.398666113615036,0.2869754731655121,0.456165611743927,0.1826523244380951,0.21137674152851105,0.18792998790740967,0.0,0.0,0.6000000238418579,0.0,0.6000000238418579,0.20000000298023224,0.0,27.319353103637695,2.60122942563612e-05,-0.03180207312107086,0.01018691435456276,3.1551692485809326,1.3979012966156006,0.3995599150657654,0.7007873058319092,3.906071424484253,1.233290433883667,0.23862922191619873,0.6586953401565552,1.5532281398773193,15.80884838104248,0.0,0.0,0.0,0.8819589614868164,0.02062392234802246,425.0,0.6215651035308838,75.56999969482422,3.0984206199645996,-2.0693397521972656,-0.00042321663931943476,0.5898854732513428,0.7733161449432373,0.5792816281318665,0.905650794506073,0.3419898748397827,0.4115912914276123,0.391355037689209,0.0
859,,,,,,,,,,,,,,,,,27.31153678894043,2.60122942563612e-05,-0.026666434481739998,0.010291608050465584,,,,,,,,,,,,,,0.8233039379119873,0.021294116973876953,454.0,0.6214107871055603,75.51000213623047,3.084500312805176,-2.0549986362457275,-0.00045404559932649136,0.6613683700561523,0.8134786486625671,0.5854140520095825,0.9293256402015686,0.3512653112411499,0.42533865571022034,0.3495015799999237,0.0
860,,,,,,,,,,,,,,,,,27.30520248413086,2.60122942563612e-05,-0.02968970313668251,0.008657987229526043,,,,,,,,,,,,,,0.833035945892334,0.021420955657958984,449.0,0.6212923526763916,75.26000213623047,3.0830838680267334,-2.0740716457366943,-0.00044056610204279423,0.6647080183029175,0.8240694403648376,0.5636231899261475,0.9261102676391602,0.34740957617759705,0.4290933609008789,0.36998268961906433,0.0
861,,,,,,,,,,,,,,,,,27.300508499145508,2.60122942563612e-05,-0.032737888395786285,0.012585975229740143,,,,,,,,,,,,,,0.8346753120422363,0.02067089080810547,448.0,0.6212175488471985,75.33999633789062,3.077531337738037,-2.038649320602417,-0.0005721259512938559,0.6004239916801453,0.777823269367218,0.5314546227455139,0.9096298217773438,0.32682451605796814,0.4082578122615814,0.3275400698184967,0.0
862,,,,,,,,,,,,,,,,,27.296892166137695,3.9018443203531206e-05,-0.03368052467703819,0.01617145724594593,,,,,,,,,,,,,,0.8359477519989014,0.02135014533996582,447.0,0.6211076974868774,75.43000030517578,3.0713648796081543,-2.097074270248413,-0.0006437177653424442,0.6213814616203308,0.8061292767524719,0.5290330648422241,0.9075692296028137,0.3304804563522339,0.4283101260662079,0.35345637798309326,0.0
863,,,,,,,,,,,,,,,,,27.291099548339844,2.60122942563612e-05,-0.03256192058324814,0.019750643521547318,,,,,,,,,,,,,,0.8104960918426514,0.02077484130859375,461.0,0.6209758520126343,75.45999908447266,3.057636260986328,-2.0896425247192383,-0.0004608853778336197,0.6401378512382507,0.7600700259208679,0.5434463024139404,0.8947079181671143,0.33392247557640076,0.39875030517578125,0.36220037937164307,0.0
864,,,,,,,,,,,,,,,,,27.283714294433594,3.9018443203531206e-05,-0.025861285626888275,0.005966135300695896,,,,,,,,,,,,,,0.809201717376709,0.020995140075683594,462.0,0.6207444667816162,75.12000274658203,3.0342764854431152,-1.9946790933609009,-0.00046673472388647497,0.6607717275619507,0.801572322845459,0.579093873500824,0.9104232788085938,0.34855660796165466,0.4188729226589203,0.3769638240337372,0.0
865,-0.8711233139038086,-0.00011105286830570549,0.29783105850219727,0.344312846660614,0.25683265924453735,0.3985297381877899,0.14947949349880219,0.1777109056711197,0.16719725728034973,0.0,0.0,0.6000000238418579,0.0,0.20000000298023224,0.20000000298023224,0.0,27.271530151367188,1.7341530110570602e-05,-0.02583049237728119,0.006657310761511326,3.899454116821289,1.3832908868789673,0.4557729661464691,0.6123514771461487,3.8456997871398926,1.25977623462677,0.2385699301958084,0.609290599822998,1.400246262550354,14.892053604125977,0.0,0.0,0.0,0.7929952144622803,0.02094578742980957,471.0,0.6205219626426697,74.70999908447266,3.0233821868896484,-2.0160369873046875,-0.00038026177207939327,0.6977211833000183,0.8540332913398743,0.6031210422515869,0.9354526400566101,0.3922767639160156,0.43821224570274353,0.37793686985969543,0.0
866,,,,,,,,,,,,,,,,,27.264406204223633,2.60122942563612e-05,-0.025507649406790733,0.01152474619448185,,,,,,,,,,,,,,0.8334929943084717,0.02103590965270996,449.0,0.6204419732093811,74.30999755859375,3.014699935913086,-1.9667762517929077,-0.0005644593038596213,0.6159123182296753,0.7679073810577393,0.532181441783905,0.9045599102973938,0.34817948937416077,0.40113770961761475,0.3256671726703644,0.0
867,,,,,,,,,,,,,,,,,27.261682510375977,1.7341530110570602e-05,-0.02620975486934185,0.01222179550677538,,,,,,,,,,,,,,0.8370177745819092,0.020785808563232422,447.0,0.6204071640968323,74.48999786376953,3.02465558052063,-1.995343804359436,-0.00047630039625801146,0.652360737323761,0.8156916499137878,0.5777466893196106,0.9321694374084473,0.35834479331970215,0.43251240253448486,0.34854456782341003,0.0
868,,,,,,,,,,,,,,,,,27.26014518737793,3.9018443203531206e-05,-0.02539285644888878,0.009862341918051243,,,,,,,,,,,,,,0.804600715637207,0.020907163619995117,465.0,0.6203861832618713,74.33999633789062,3.032409191131592,-2.0013363361358643,-0.0006329421303234994,0.608923614025116,0.7608838081359863,0.517559826374054,0.8971673846244812,0.3191884160041809,0.3898885250091553,0.31572675704956055,0.0
869,,,,,,,,,,,,,,,,,27.258195877075195,2.60122942563612e-05,-0.03092050552368164,0.017456764355301857,,,,,,,,,,,,,,0.8347861766815186,0.020761728286743164,448.0,0.6203091740608215,75.5199966430664,3.0526821613311768,-2.084792375564575,-0.0005272915586829185,0.6214887499809265,0.7780764698982239,0.5794667601585388,0.9052181839942932,0.35569503903388977,0.4126082956790924,0.38967740535736084,0.0
870,,,,,,,,,,,,,,,,,27.254234313964844,1.7341530110570602e-05,-0.02638649195432663,0.018788035959005356,,,,,,,,,,,,,,0.8329720497131348,0.0222170352935791,449.0,0.6202433109283447,75.41999816894531,3.050657033920288,-1.9793602228164673,-0.0004817918816115707,0.6809008717536926,0.824201762676239,0.5446712374687195,0.9291865229606628,0.3566039502620697,0.43933865427970886,0.32550278306007385,0.0
871,,,,,,,,,,,,,,,,,27.251798629760742,3.9018443203531206e-05,-0.02605227194726467,0.015805209055542946,,,,,,,,,,,,,,0.8855552673339844,0.023147106170654297,422.0,0.6201934814453125,76.44000244140625,3.090864419937134,-1.9586204290390015,-0.0005586401675827801,0.6968902945518494,0.8311970829963684,0.5334901213645935,0.9188854098320007,0.33923569321632385,0.4413277804851532,0.3304003179073334,0.0
872,,,,,,,,,,,,,,,,,27.248119354248047,2.60122942563612e-05,-0.034797344356775284,0.01796596869826317,,,,,,,,,,,,,,0.8238720893859863,0.021618127822875977,454.0,0.6201055645942688,76.8499984741211,3.107567548751831,-2.0400149822235107,-0.0007169488235376775,0.6090362668037415,0.7704897522926331,0.5389510989189148,0.9072123169898987,0.3399130403995514,0.403804212808609,0.3305896818637848,0.0
873,,,,,,,,,,,,,,,,,27.244462966918945,2.60122942563612e-05,-0.03327449783682823,0.009054149501025677,,,,,,,,,,,,,,0.8399982452392578,0.02095174789428711,446.0,0.6200283169746399,76.86000061035156,3.0941691398620605,-2.014639139175415,-0.0003711806202773005,0.6804768443107605,0.8500245213508606,0.613431453704834,0.946707546710968,0.38959434628486633,0.4496246874332428,0.3646757900714874,0.0
874,,,,,,,,,,,,,,,,,27.24049949645996,2.60122942563612e-05,-0.028684688732028008,0.008990081027150154,,,,,,,,,,,,,,0.8412890434265137,0.0207521915435791,445.0,0.6199331879615784,77.1500015258789,3.105231761932373,-2.019683599472046,-0.0007275152602232993,0.6412985920906067,0.7992258071899414,0.5062523484230042,0.9162837862968445,0.3678549826145172,0.4203442633152008,0.27735868096351624,0.0
875,-1.1591132879257202,-0.0003798179386649281,0.36842626333236694,0.46784958243370056,0.3208290636539459,0.5244890451431274,0.22171182930469513,0.2455633580684662,0.19025033712387085,0.0,0.0,0.6000000238418579,0.0,0.4000000059604645,0.20000000298023224,0.0,27.234643936157227,2.60122942563612e-05,-0.03286921977996826,0.012866965495049953,2.573817253112793,1.1226975917816162,0.36051586270332336,0.592666506767273,3.073914051055908,0.9919770956039429,0.20731055736541748,0.6067070960998535,1.6934640407562256,9.653890609741211,0.0,0.0,0.0,0.844728946685791,0.021519899368286133,443.0,0.6197755336761475,77.77999877929688,3.1401891708374023,-2.080216646194458,-0.0009017507545650005,0.5996019244194031,0.7847583293914795,0.5594907402992249,0.9144816398620605,0.35408535599708557,0.4173471927642822,0.3554868698120117,0.0
876,-1.1577719449996948,-0.00037276974762789905,0.368675172328949,0.4660704433917999,0.3190597891807556,0.5315242409706116,0.20430888235569,0.24830076098442078,0.19252221286296844,0.0,0.0,0.5714285969734192,0.0,0.4285714328289032,0.0,0.0,27.22760772705078,1.7341530110570602e-05,-0.028611937537789345,0.005504284054040909,2.903836727142334,1.3925436735153198,0.40905842185020447,0.7126555442810059,3.6496264934539795,1.2638851404190063,0.250870019197464,0.7098264694213867,1.5952531099319458,12.643168449401855,0.0,0.0,0.0,0.8312666416168213,0.020731210708618164,450.0,0.6196457147598267,79.2300033569336,3.1836700439453125,-2.0145275592803955,-0.000647496257442981,0.6781612038612366,0.8060035705566406,0.558456540107727,0.911489725112915,0.3520526885986328,0.4269813299179077,0.3512825071811676,0.0
877,,,,,,,,,,,,,,,,,27.22206687927246,2.60122942563612e-05,-0.022339478135108948,0.010300861671566963,,,,,,,,,,,,,,0.823483943939209,0.021697044372558594,454.0,0.6195337176322937,78.9800033569336,3.1865720748901367,-2.014725923538208,-0.00020312883134465665,0.7253921627998352,0.8491776585578918,0.5754525065422058,0.9370347857475281,0.3689344823360443,0.45098569989204407,0.3221563696861267,0.0
878,,,,,,,,,,,,,,,,,27.21708869934082,1.7341530110570602e-05,-0.027603600174188614,0.008865892887115479,,,,,,,,,,,,,,0.8326756954193115,0.020838260650634766,449.0,0.619446337223053,79.87999725341797,3.2158870697021484,-1.975755214691162,-0.0005472041084431112,0.6537017822265625,0.7876448631286621,0.5523977875709534,0.921199381351471,0.3563716411590576,0.41601768136024475,0.3339637815952301,0.0
879,,,,,,,,,,,,,,,,,27.213111877441406,2.60122942563612e-05,-0.030459845438599586,0.011601459234952927,,,,,,,,,,,,,,0.818688154220581,0.02055191993713379,457.0,0.6193459033966064,80.22000122070312,3.221646785736084,-2.0761122703552246,-0.0006514510023407638,0.6068512797355652,0.7637298703193665,0.5607705116271973,0.8956789970397949,0.33711275458335876,0.40230298042297363,0.3703099489212036,0.0
880,,,,,,,,,,,,,,,,,27.20759391784668,3.9018443203531206e-05,-0.022359363734722137,0.009413198567926884,,,,,,,,,,,,,,0.8154149055480957,0.021624088287353516,458.0,0.6192060112953186,79.94999694824219,3.226097583770752,-1.9551435708999634,-0.00024160004977602512,0.7229816317558289,0.8479288220405579,0.5999064445495605,0.9446901679039001,0.36768972873687744,0.44303157925605774,0.3481144607067108,0.0
881,-1.165556788444519,-0.0002297743922099471,0.3705623149871826,0.45585009455680847,0.3214435577392578,0.5209911465644836,0.21435105800628662,0.23733480274677277,0.1891319751739502,0.0,0.0,0.6666666865348816,0.0,0.3333333432674408,0.0,0.0,27.199831008911133,3.9018443203531206e-05,-0.028943529352545738,0.017680635675787926,2.856220006942749,1.5112963914871216,0.4471358060836792,0.6075665950775146,3.1178886890411377,1.302895188331604,0.25081512331962585,0.6816058158874512,1.6451743841171265,10.186249732971191,0.0,0.0,0.0,0.8287360668182373,0.0207669734954834,452.0,0.6190164685249329,80.52999877929688,3.245403289794922,-1.9980217218399048,-0.0004130799788981676,0.6612450480461121,0.7622833251953125,0.5247708559036255,0.9083895683288574,0.3225029706954956,0.39480042457580566,0.3033706247806549,0.0
882,,,,,,,,,,,,,,,,,27.19167709350586,2.60122942563612e-05,-0.03143851459026337,0.010055072605609894,,,,,,,,,,,,,,0.8116858005523682,0.02037811279296875,461.0,0.6188822984695435,80.81999969482422,3.2541677951812744,-2.0597732067108154,-0.00043647829443216324,0.6090360283851624,0.7233373522758484,0.558670699596405,0.8827580809593201,0.33851656317710876,0.37054499983787537,0.38399505615234375,0.0
883,,,,,,,,,,,,,,,,,27.1857967376709,2.60122942563612e-05,-0.029121924191713333,0.006399435456842184,,,,,,,,,,,,,,0.8204240798950195,0.02089691162109375,456.0,0.6187388300895691,80.75,3.2512474060058594,-2.0261459350585938,-0.00040610184078104794,0.6936540007591248,0.8167484402656555,0.5917593836784363,0.9254046082496643,0.38804230093955994,0.4201228618621826,0.3374801576137543,0.0
884,,,,,,,,,,,,,,,,,27.179285049438477,1.7341530110570602e-05,-0.022922322154045105,0.019130093976855278,,,,,,,,,,,,,,0.7921440601348877,0.02231884002685547,471.0,0.6186341643333435,79.80000305175781,3.2333481311798096,-2.0224497318267822,-0.00033600462484173477,0.6866269111633301,0.8054495453834534,0.5424934029579163,0.9246022701263428,0.35139790177345276,0.4163614511489868,0.3233781158924103,0.0
885,,,,,,,,,,,,,,,,,27.175880432128906,2.60122942563612e-05,-0.026682762429118156,0.01510697416961193,,,,,,,,,,,,,,0.8284869194030762,0.021711111068725586,451.0,0.6185821890830994,80.44000244140625,3.252532482147217,-2.0885846614837646,-0.0007363641634583473,0.5832591652870178,0.7360580563545227,0.511813223361969,0.8885388374328613,0.30664756894111633,0.3870009481906891,0.3306537866592407,0.0
886,,,,,,,,,,,,,,,,,27.172914505004883,2.60122942563612e-05,-0.025834430009126663,0.008427808061242104,,,,,,,,,,,,,,0.8193330764770508,0.020793914794921875,457.0,0.6185111999511719,81.08999633789062,3.273766279220581,-1.892213225364685,-0.0004922593361698091,0.7148846983909607,0.8225467801094055,0.5771811008453369,0.9224882125854492,0.3564011752605438,0.42371559143066406,0.35899433493614197,0.0
887,,,,,,,,,,,,,,,,,27.169662475585938,2.60122942563612e-05,-0.02612394094467163,0.008010348305106163,,,,,,,,,,,,,,0.8158609867095947,0.020843029022216797,458.0,0.618453323841095,81.77999877929688,3.287360906600952,-1.9449838399887085,-0.0003456410486251116,0.7081599831581116,0.8289501070976257,0.5520806908607483,0.9259488582611084,0.35906609892845154,0.4373859465122223,0.3326237201690674,0.0
888,,,,,,,,,,,,,,,,,27.165607452392578,2.60122942563612e-05,-0.0298134908080101,0.009250850416719913,,,,,,,,,,,,,,0.8001220226287842,0.021966934204101562,467.0,0.6183192133903503,81.30999755859375,3.2888193130493164,-2.070394515991211,-0.00044774162233807147,0.6201579570770264,0.7726771235466003,0.5496664047241211,0.9140639305114746,0.3445908725261688,0.40304604172706604,0.3371184170246124,0.0
889,,,,,,,,,,,,,,,,,27.15856170654297,1.7341530110570602e-05,-0.03223800286650658,0.008542966097593307,,,,,,,,,,,,,,0.8397519588470459,0.020541906356811523,446.0,0.6181719303131104,81.52999877929688,3.297415018081665,-1.9460910558700562,-0.0005249287351034582,0.6591366529464722,0.8006055355072021,0.5519765019416809,0.9160699844360352,0.3447928726673126,0.42499375343322754,0.3356311023235321,0.0
890,,,,,,,,,,,,,,,,,27.152063369750977,2.60122942563612e-05,-0.024932051077485085,0.009905187413096428,,,,,,,,,,,,,,0.8400788307189941,0.020555973052978516,446.0,0.6180167198181152,80.94999694824219,3.2967238426208496,-1.988477349281311,-0.0004123748803976923,0.6522813439369202,0.7899327874183655,0.5376659035682678,0.9194493889808655,0.3442038595676422,0.4194197952747345,0.3288098871707916,0.0
891,-0.9532800316810608,-0.00011451739555923268,0.3224763870239258,0.36863183975219727,0.2742626965045929,0.4406660795211792,0.16025541722774506,0.19231504201889038,0.17473062872886658,0.0,0.0,1.0,0.0,0.0,0.25,0.0,27.144163131713867,2.60122942563612e-05,-0.025344224646687508,0.009258365258574486,3.275879383087158,1.8410685062408447,0.5435944199562073,0.67453932762146,4.161777019500732,1.5335193872451782,0.27744346857070923,0.7216081619262695,1.468191385269165,13.99161434173584,0.0,0.0,0.0,0.7954728603363037,0.020666837692260742,470.0,0.6178513169288635,81.20999908447266,3.2984063625335693,-1.9423714876174927,-0.0004207470628898591,0.698164165019989,0.8003332018852234,0.5858003497123718,0.9209585189819336,0.3455296456813812,0.41822734475135803,0.3621174395084381,0.0
892,,,,,,,,,,,,,,,,,27.13699722290039,2.60122942563612e-05,-0.03141257166862488,0.010711437091231346,,,,,,,,,,,,,,0.8201127052307129,0.02005910873413086,457.0,0.6177088022232056,80.9800033569336,3.282411813735962,-2.0608813762664795,-0.0003868318162858486,0.6911640167236328,0.8230194449424744,0.5496066808700562,0.9271378517150879,0.34972167015075684,0.43678271770477295,0.31885361671447754,0.0
893,,,,,,,,,,,,,,,,,27.1314640045166,2.60122942563612e-05,-0.029331713914871216,0.013993518427014351,,,,,,,,,,,,,,0.824221134185791,0.020807981491088867,454.0,0.6176251173019409,80.52999877929688,3.265124559402466,-2.0549769401550293,-0.000544315145816654,0.6581730246543884,0.8009751439094543,0.523475170135498,0.9125788807868958,0.32351958751678467,0.4261576235294342,0.31060099601745605,0.0
894,-1.1875436305999756,-0.0003847325569950044,0.3950487971305847,0.49209386110305786,0.32528477907180786,0.5468850135803223,0.20708689093589783,0.26468950510025024,0.18887236714363098,0.0,0.0,0.6000000238418579,0.0,0.4000000059604645,0.20000000298023224,0.0,27.12835693359375,2.60122942563612e-05,-0.02586202695965767,0.011782621033489704,2.5047378540039062,1.0451080799102783,0.3322989344596863,0.6379139423370361,2.9894702434539795,1.032400369644165,0.21032917499542236,0.6162256598472595,1.5765998363494873,9.73597240447998,0.0,0.0,0.0,0.8385281562805176,0.021449804306030273,446.0,0.6175695061683655,80.68000030517578,3.29345703125,-1.9785823822021484,-0.0005583566962741315,0.6904664635658264,0.8298175930976868,0.597762942314148,0.9300447106361389,0.37118998169898987,0.4425831139087677,0.37837016582489014,0.0
895,,,,,,,,,,,,,,,,,27.12546157836914,1.7341530110570602e-05,-0.03274772688746452,0.008219595067203045,,,,,,,,,,,,,,0.8157832622528076,0.020493745803833008,459.0,0.6175063848495483,79.93000030517578,3.2621583938598633,-1.971657156944275,-0.0005771711003035307,0.7226114273071289,0.8064286708831787,0.49604418873786926,0.9066751599311829,0.33224084973335266,0.4237692356109619,0.27756401896476746,0.0
896,,,,,,,,,,,,,,,,,27.121322631835938,3.9018443203531206e-05,-0.023143835365772247,0.007385630160570145,,,,,,,,,,,,,,0.789654016494751,0.02150702476501465,473.0,0.6173708438873291,80.36000061035156,3.2735435962677,-1.9945143461227417,-0.00040342999272979796,0.6709043383598328,0.7776613831520081,0.541262149810791,0.8998321890830994,0.3070203959941864,0.40212538838386536,0.35902073979377747,0.0
897,,,,,,,,,,,,,,,,,27.113882064819336,1.7341530110570602e-05,-0.03390838950872421,0.00909489393234253,,,,,,,,,,,,,,0.8428001403808594,0.020584821701049805,444.0,0.6172260046005249,79.68000030517578,3.2454347610473633,-1.9783626794815063,-0.0005261949845589697,0.6668097376823425,0.8035070300102234,0.578630805015564,0.9139180183410645,0.3655155599117279,0.42693963646888733,0.3570018708705902,0.0
898,,,,,,,,,,,,,,,,,27.108993530273438,2.60122942563612e-05,-0.024325355887413025,0.011925377883017063,,,,,,,,,,,,,,0.8341629505157471,0.02090907096862793,449.0,0.6171438694000244,79.76000213623047,3.2467451095581055,-2.0333259105682373,-0.0004643863358069211,0.7208428382873535,0.8256442546844482,0.535208523273468,0.9224631190299988,0.33141377568244934,0.44279566407203674,0.30833908915519714,0.0
899,,,,,,,,,,,,,,,,,27.105255126953125,3.9018443203531206e-05,-0.02551826275885105,0.017701731994748116,,,,,,,,,,,,,,0.8347220420837402,0.02030205726623535,449.0,0.6170600652694702,80.16999816894531,3.258951425552368,-1.9573510885238647,-0.0003091904509346932,0.670001208782196,0.8005251884460449,0.5429460406303406,0.9156185984611511,0.3448617458343506,0.42293581366539,0.32873931527137756,0.0
900,,,,,,,,,,,,,,,,,27.101430892944336,2.60122942563612e-05,-0.03105274774134159,0.012670737691223621,,,,,,,,,,,,,,0.8300747871398926,0.02053213119506836,451.0,0.6169857382774353,80.36000061035156,3.276674747467041,-2.054591417312622,-0.0008728195098228753,0.642011821269989,0.8099439144134521,0.5389885902404785,0.9224896430969238,0.3460872173309326,0.4407390356063843,0.3097417652606964,0.0
901,,,,,,,,,,,,,,,,,27.09813117980957,2.60122942563612e-05,-0.027267083525657654,0.013035519048571587,,,,,,,,,,,,,,0.7979550361633301,0.021612882614135742,468.0,0.6169075965881348,80.5199966430664,3.280858039855957,-1.9562805891036987,-0.0004405683430377394,0.7279689908027649,0.8295676112174988,0.5639611482620239,0.9320762753486633,0.36615440249443054,0.43382954597473145,0.33150166273117065,0.0
902,,,,,,,,,,,,,,,,,27.094280242919922,3.9018443203531206e-05,-0.028593409806489944,0.01009504497051239,,,,,,,,,,,,,,0.8017187118530273,0.021619319915771484,466.0,0.616828203201294,80.2699966430664,3.2761898040771484,-1.909608244895935,-0.00041020847856998444,0.7262642979621887,0.8274454474449158,0.573788583278656,0.9377546310424805,0.3661392033100128,0.4312330484390259,0.3172437846660614,0.0
903,,,,,,,,,,,,,,,,,27.09025001525879,1.7341530110570602e-05,-0.02751038409769535,0.006944752763956785,,,,,,,,,,,,,,0.8166210651397705,0.020155906677246094,458.0,0.616747260093689,80.83999633789062,3.3109564781188965,-2.0171890258789062,-0.0005821591475978494,0.6696358323097229,0.809365451335907,0.5516212582588196,0.9273017048835754,0.36393046379089355,0.4253324568271637,0.3174987733364105,0.0
904,,,,,,,,,,,,,,,,,27.086652755737305,1.7341530110570602e-05,-0.024553054943680763,0.0057112486101686954,,,,,,,,,,,,,,0.8041188716888428,0.021844148635864258,464.0,0.6166732907295227,80.93000030517578,3.3265397548675537,-2.020986795425415,-0.000541037181392312,0.6941235661506653,0.8346425890922546,0.5721592903137207,0.9361255764961243,0.373502254486084,0.4377913475036621,0.3102012872695923,0.0
905,,,,,,,,,,,,,,,,,27.08262825012207,2.60122942563612e-05,-0.021702053025364876,0.005438049323856831,,,,,,,,,,,,,,0.8239829540252686,0.020754098892211914,454.0,0.6165655851364136,81.7699966430664,3.3637280464172363,-1.9452441930770874,-0.00035087577998638153,0.700439453125,0.8084380030632019,0.5415723919868469,0.9252540469169617,0.36286696791648865,0.4230773150920868,0.29199713468551636,0.0
906,,,,,,,,,,,,,,,,,27.07586097717285,2.60122942563612e-05,-0.028903448954224586,0.013504956848919392,,,,,,,,,,,,,,0.8216629028320312,0.02073526382446289,455.0,0.6163833737373352,81.87000274658203,3.3777263164520264,-2.1139333248138428,-0.0003282820980530232,0.6765422821044922,0.7992460131645203,0.5424541234970093,0.9282377362251282,0.32999536395072937,0.4178537130355835,0.2976836860179901,0.0
907,,,,,,,,,,,,,,,,,27.067899703979492,2.60122942563612e-05,-0.031744033098220825,0.009685469791293144,,,,,,,,,,,,,,0.8079450130462646,0.020547866821289062,463.0,0.6162358522415161,81.94000244140625,3.38516902923584,-1.9555829763412476,-0.0004871361015830189,0.7052281498908997,0.8138640522956848,0.5522655248641968,0.9256719946861267,0.33223196864128113,0.42052802443504333,0.3145587742328644,0.0
908,,,,,,,,,,,,,,,,,27.062253952026367,2.60122942563612e-05,-0.030375445261597633,0.019981594756245613,,,,,,,,,,,,,,0.8035759925842285,0.02062511444091797,465.0,0.6161423325538635,82.58999633789062,3.412059783935547,-1.9813427925109863,-0.0004668991605285555,0.6501385569572449,0.7504720687866211,0.49890097975730896,0.8876509666442871,0.31582245230674744,0.3896414041519165,0.2942863404750824,0.0
909,-1.0286506414413452,-0.00019881613843608648,0.3663659393787384,0.41622814536094666,0.28282681107521057,0.47214269638061523,0.16229753196239471,0.21512369811534882,0.16866998374462128,0.0,0.0,0.800000011920929,0.0,0.4000000059604645,0.0,0.0,27.058734893798828,1.7341530110570602e-05,-0.026913469657301903,0.022696571424603462,3.291233777999878,1.4224122762680054,0.46058282256126404,0.6724863052368164,4.109892845153809,1.313531756401062,0.25140318274497986,0.6712638139724731,1.574371099472046,15.842447280883789,0.0,0.0,0.0,0.8104062080383301,0.020398855209350586,462.0,0.6160944700241089,82.45999908447266,3.397134304046631,-2.0000622272491455,-0.00045139179565012455,0.7282132506370544,0.8199100494384766,0.5596341490745544,0.9156867861747742,0.33776605129241943,0.4201708734035492,0.3520526587963104,0.0
910,-1.0565736293792725,-0.0002503222203813493,0.3725675344467163,0.4235121011734009,0.2868557870388031,0.47975313663482666,0.17833270132541656,0.21945050358772278,0.17350424826145172,0.0,0.0,0.75,0.0,0.25,0.0,0.0,27.057058334350586,2.60122942563612e-05,-0.027518272399902344,0.010837643407285213,3.8749773502349854,1.4602844715118408,0.47414785623550415,0.5975370407104492,3.2075674533843994,1.3627101182937622,0.2561314105987549,0.6734987497329712,1.7050602436065674,12.483352661132812,0.0,0.0,0.0,0.7960560321807861,0.020788908004760742,470.0,0.616062581539154,82.31999969482422,3.3989195823669434,-1.9669419527053833,-0.0005289205000735819,0.7475793361663818,0.8475690484046936,0.5757032036781311,0.9342945218086243,0.35597947239875793,0.43578600883483887,0.3371855914592743,0.0
911,,,,,,,,,,,,,,,,,27.054698944091797,2.60122942563612e-05,-0.02852127142250538,0.008369200862944126,,,,,,,,,,,,,,0.8250820636749268,0.02063274383544922,454.0,0.6159950494766235,82.91999816894531,3.4119362831115723,-2.050852060317993,-0.0003868859203066677,0.6705500483512878,0.7924626469612122,0.5338399410247803,0.9211326241493225,0.33899804949760437,0.42311421036720276,0.2961108386516571,0.0
912,-1.1484252214431763,-0.00028797166305594146,0.39818617701530457,0.46212032437324524,0.31703951954841614,0.5284872651100159,0.20433445274829865,0.24371981620788574,0.18164877593517303,0.0,0.0,0.6666666865348816,0.0,0.3333333432674408,0.0,0.0,27.051959991455078,1.7341530110570602e-05,-0.02776797115802765,0.017151081934571266,2.7878634929656982,1.48334538936615,0.45385587215423584,0.666818380355835,2.9782607555389404,1.3314851522445679,0.2575627863407135,0.6873455047607422,1.6860684156417847,9.679011344909668,0.0,0.0,0.0,0.8286941051483154,0.021610021591186523,451.0,0.6159499883651733,83.1500015258789,3.419841766357422,-2.018277168273926,-0.0007099546492099762,0.6466376781463623,0.7735007405281067,0.5472152829170227,0.9059222340583801,0.3361218273639679,0.4074383080005646,0.32534632086753845,0.0
913,,,,,,,,,,,,,,,,,27.0498104095459,3.9018443203531206e-05,-0.024884440004825592,0.014450831338763237,,,,,,,,,,,,,,0.8251757621765137,0.020303010940551758,454.0,0.6158965229988098,83.62000274658203,3.4439358711242676,-1.962113857269287,-0.0006592642166651785,0.6823998093605042,0.7823687195777893,0.5245323777198792,0.9015668034553528,0.3438654839992523,0.4123423993587494,0.31844446063041687,0.0
914,,,,,,,,,,,,,,,,,27.046829223632812,1.7341530110570602e-05,-0.028295014053583145,0.01651620864868164,,,,,,,,,,,,,,0.8322200775146484,0.021177053451538086,449.0,0.6158400177955627,83.75,3.4505507946014404,-1.9784988164901733,-0.0003149288531858474,0.7496221661567688,0.8565623164176941,0.5833752155303955,0.9397633671760559,0.386855810880661,0.44155192375183105,0.35429897904396057,0.0
915,,,,,,,,,,,,,,,,,27.043859481811523,2.60122942563612e-05,-0.025902466848492622,0.011515459045767784,,,,,,,,,,,,,,0.8073673248291016,0.021553754806518555,463.0,0.615752100944519,83.7699966430664,3.4501852989196777,-2.0149147510528564,-0.0004970586742274463,0.71632319688797,0.7934730648994446,0.5203825235366821,0.9083147644996643,0.35421863198280334,0.3988659083843231,0.29606518149375916,0.0
916,,,,,,,,,,,,,,,,,27.039012908935547,1.7341530110570602e-05,-0.025841446593403816,0.012006852775812149,,,,,,,,,,,,,,0.8197040557861328,0.02059793472290039,456.0,0.6156473159790039,83.66999816894531,3.447821855545044,-2.050586462020874,-0.0003375149972271174,0.6677934527397156,0.7910723686218262,0.5618076920509338,0.9108088612556458,0.3528432846069336,0.41331663727760315,0.3509306013584137,0.0
917,,,,,,,,,,,,,,,,,27.034330368041992,3.9018443203531206e-05,-0.021776052191853523,0.008456733077764511,,,,,,,,,,,,,,0.7999203205108643,0.021695852279663086,467.0,0.6155372858047485,83.73999786376953,3.4595024585723877,-1.9357703924179077,-0.00045664605568163097,0.7227657437324524,0.8183106780052185,0.5711855888366699,0.9209353923797607,0.35484322905540466,0.42648693919181824,0.3434891402721405,0.0
918,-1.0124214887619019,-0.00013733409286942333,0.36180490255355835,0.4034038484096527,0.2924600839614868,0.4688847064971924,0.1726672649383545,0.20822814106941223,0.1738235056400299,0.0,0.0,1.0,0.0,0.0,0.0,0.0,27.02912712097168,1.7341530110570602e-05,-0.02877574972808361,0.011448224075138569,3.4954581260681152,1.7393512725830078,0.5433090329170227,0.7209250330924988,3.514737129211426,1.6059802770614624,0.29249024391174316,0.7716038823127747,1.6724348068237305,10.955048561096191,0.0,0.0,0.0,0.7726662158966064,0.020691871643066406,484.0,0.6154642105102539,83.55999755859375,3.455533504486084,-2.0083963871002197,-0.00023517757654190063,0.7190385460853577,0.8040758967399597,0.5614058375358582,0.9220158457756042,0.3441002070903778,0.4205387532711029,0.32188940048217773,0.0
919,,,,,,,,,,,,,,,,,27.027015686035156,1.7341530110570602e-05,-0.025415314361453056,0.011167028918862343,,,,,,,,,,,,,,0.7914221286773682,0.020988941192626953,472.0,0.6154318451881409,83.44999694824219,3.4632112979888916,-1.9884599447250366,-0.0005115292151458561,0.7052779197692871,0.8002686500549316,0.562100350856781,0.9220438003540039,0.36427703499794006,0.4157954454421997,0.33535757660865784,0.0
920,-1.0320767164230347,-0.00014135375386103988,0.36779654026031494,0.4124274253845215,0.2952405512332916,0.47971728444099426,0.18479464948177338,0.2122693657875061,0.17464812099933624,0.0,0.0,1.25,0.0,0.0,0.25,0.0,27.0255069732666,2.60122942563612e-05,-0.029391206800937653,0.010509251616895199,3.463344097137451,1.7012377977371216,0.5354240536689758,0.7135342955589294,4.058851718902588,1.5059502124786377,0.2822551727294922,0.7466937899589539,1.499929666519165,11.320958137512207,0.0,0.0,0.0,0.8144690990447998,0.020418882369995117,459.0,0.6153991222381592,83.25,3.4584596157073975,-2.0017759799957275,-0.00042207480873912573,0.6867247223854065,0.8078168034553528,0.5688497424125671,0.9183368682861328,0.3819408118724823,0.42348626255989075,0.3437534272670746,0.0
921,,,,,,,,,,,,,,,,,27.024234771728516,2.60122942563612e-05,-0.027611950412392616,0.015245450660586357,,,,,,,,,,,,,,0.8041810989379883,0.021381139755249023,465.0,0.6153746247291565,83.2300033569336,3.45906400680542,-1.9908472299575806,-0.0004881382919847965,0.7200014591217041,0.8346336483955383,0.5501198768615723,0.9340091347694397,0.3684353828430176,0.4393334686756134,0.28695476055145264,0.0
922,,,,,,,,,,,,,,,,,27.023406982421875,1.7341530110570602e-05,-0.032573044300079346,0.019486401230096817,,,,,,,,,,,,,,0.8022358417510986,0.02198624610900879,465.0,0.615364134311676,83.26000213623047,3.4596893787384033,-1.973252296447754,-0.0006532726692967117,0.6342261433601379,0.7480497360229492,0.5113362073898315,0.8928382992744446,0.3398101031780243,0.38386404514312744,0.3071785569190979,0.0
923,,,,,,,,,,,,,,,,,27.022581100463867,3.9018443203531206e-05,-0.023351697251200676,0.013846256770193577,,,,,,,,,,,,,,0.8138911724090576,0.021023988723754883,459.0,0.6153286099433899,83.08999633789062,3.4448254108428955,-2.005988121032715,-0.0006891170633025467,0.6588655114173889,0.8072821497917175,0.5792314410209656,0.9190286993980408,0.36061176657676697,0.4210362732410431,0.35252025723457336,0.0
924,,,,,,,,,,,,,,,,,27.020038604736328,1.7341530110570602e-05,-0.03397952765226364,0.022640526294708252,,,,,,,,,,,,,,0.7816650867462158,0.02183675765991211,477.0,0.6152774095535278,82.83000183105469,3.4444873332977295,-1.882808804512024,-0.0003261666279286146,0.7543042302131653,0.83979731798172,0.5792257189750671,0.935871422290802,0.35213661193847656,0.43741586804389954,0.32408085465431213,0.0
925,,,,,,,,,,,,,,,,,27.01869773864746,2.60122942563612e-05,-0.02052840031683445,0.020714253187179565,,,,,,,,,,,,,,0.7878932952880859,0.02145981788635254,474.0,0.615269124507904,83.27999877929688,3.4494526386260986,-2.0105443000793457,-0.00032419152557849884,0.6453571915626526,0.7624823451042175,0.5446680188179016,0.9093526005744934,0.3522728383541107,0.3979121744632721,0.3187732398509979,0.0
926,,,,,,,,,,,,,,,,,27.01826286315918,3.9018443203531206e-05,-0.03190653398633003,0.008197350427508354,,,,,,,,,,,,,,0.793015718460083,0.020633220672607422,471.0,0.6152631640434265,82.7699966430664,3.418656349182129,-1.998094916343689,-0.0004327285278122872,0.6959702372550964,0.7996333241462708,0.5707691311836243,0.9104391932487488,0.36233580112457275,0.41559362411499023,0.3536911904811859,0.0
927,,,,,,,,,,,,,,,,,27.01825714111328,1.7341530110570602e-05,-0.022086000069975853,0.03497633337974548,,,,,,,,,,,,,,0.7794289588928223,0.02167797088623047,479.0,0.6152711510658264,82.20999908447266,3.4004647731781006,-1.9749704599380493,-0.0004219877009745687,0.7436292171478271,0.8503129482269287,0.547498881816864,0.9416790008544922,0.3863812983036041,0.4391922652721405,0.2970711886882782,0.0
928,,,,,,,,,,,,,,,,,27.018198013305664,2.60122942563612e-05,-0.025641266256570816,0.012392500415444374,,,,,,,,,,,,,,0.788719892501831,0.023226261138916016,472.0,0.6152504086494446,82.30999755859375,3.4084677696228027,-2.0435409545898438,-0.0005017111543565989,0.6882551312446594,0.7871906161308289,0.5468965172767639,0.9232996106147766,0.3725895583629608,0.39683565497398376,0.3040268123149872,0.0
929,,,,,,,,,,,,,,,,,27.015535354614258,2.60122942563612e-05,-0.026420215144753456,0.019118325784802437,,,,,,,,,,,,,,0.826556921005249,0.020517826080322266,453.0,0.6151493191719055,81.38999938964844,3.3749942779541016,-2.0386626720428467,-0.0006923850742168725,0.6403254866600037,0.7479238510131836,0.5230932235717773,0.8866785168647766,0.3496878147125244,0.3897784650325775,0.32903853058815,0.0
930,,,,,,,,,,,,,,,,,27.010835647583008,2.60122942563612e-05,-0.02369040623307228,0.01723691262304783,,,,,,,,,,,,,,0.7935988903045654,0.020821094512939453,471.0,0.6150598526000977,81.25,3.3699851036071777,-1.9751240015029907,-0.0006697482313029468,0.7607052326202393,0.8544712662696838,0.5527656674385071,0.9308104515075684,0.3491264283657074,0.4479060173034668,0.30887898802757263,0.0
931,,,,,,,,,,,,,,,,,27.007659912109375,2.60122942563612e-05,-0.02855912409722805,0.021454529836773872,,,,,,,,,,,,,,0.7692172527313232,0.020331859588623047,486.0,0.6150221228599548,81.80000305175781,3.393839120864868,-1.977134346961975,-0.00028240674873813987,0.7060666084289551,0.8099787831306458,0.5451774001121521,0.9141802191734314,0.32966482639312744,0.4172198474407196,0.3390672206878662,0.0
932,,,,,,,,,,,,,,,,,27.00527572631836,1.7341530110570602e-05,-0.02680693380534649,0.013179458677768707,,,,,,,,,,,,,,1.0305683612823486,0.023056745529174805,364.0,0.6149451732635498,81.5999984741211,3.3869082927703857,-2.072298288345337,-0.0005335391033440828,0.6458831429481506,0.7622732520103455,0.5375999808311462,0.8913909792900085,0.3435308039188385,0.3932364881038666,0.33567917346954346,0.0
933,,,,,,,,,,,,,,,,,27.00140380859375,1.7341530110570602e-05,-0.025917615741491318,0.01464932132512331,,,,,,,,,,,,,,0.7799937725067139,0.019608259201049805,480.0,0.6148586273193359,80.94999694824219,3.3776895999908447,-1.9398151636123657,-0.0003465326444711536,0.7835497856140137,0.8689755797386169,0.5826989412307739,0.9395928382873535,0.40743398666381836,0.4508693218231201,0.34864887595176697,0.0
934,,,,,,,,,,,,,,,,,26.997119903564453,2.60122942563612e-05,-0.020194590091705322,0.00849504116922617,,,,,,,,,,,,,,0.7774488925933838,0.020129919052124023,481.0,0.6147515177726746,81.08000183105469,3.383235454559326,-1.9593511819839478,-0.0005445145070552826,0.7483168244361877,0.8602075576782227,0.5421085357666016,0.9397847056388855,0.385361909866333,0.444426566362381,0.289072185754776,0.0
935,,,,,,,,,,,,,,,,,26.9920597076416,1.7341530110570602e-05,-0.027101727202534676,0.02842424064874649,,,,,,,,,,,,,,0.824965238571167,0.020962953567504883,453.0,0.6146717071533203,80.41999816894531,3.3679096698760986,-2.007405996322632,-0.0009775678627192974,0.6147993206977844,0.7525054812431335,0.48782041668891907,0.8825419545173645,0.3269946873188019,0.3981546461582184,0.3156738579273224,0.0
936,-1.0868234634399414,-0.00033086613984778523,0.38239535689353943,0.4417973458766937,0.29611602425575256,0.4974801242351532,0.19625796377658844,0.23012860119342804,0.17853505909442902,0.0,0.0,0.4285714328289032,0.0,0.5714285969734192,0.0,0.0,26.988679885864258,2.60122942563612e-05,-0.030833931639790535,0.018665511161088943,2.962608814239502,1.3898545503616333,0.4513159692287445,0.6872304677963257,3.5133399963378906,1.2667276859283447,0.253019243478775,0.6392821073532104,1.6107903718948364,11.337562561035156,0.0,0.0,0.0,0.8194530010223389,0.020264863967895508,457.0,0.6145848035812378,80.68000030517578,3.3731913566589355,-1.9813746213912964,-0.0005263007478788495,0.6972842812538147,0.8034782409667969,0.5773274302482605,0.9104838967323303,0.35816308856010437,0.4230833351612091,0.3693563938140869,0.0
937,-0.8312982320785522,-0.00020127456809859723,0.318578839302063,0.36485543847084045,0.24078814685344696,0.3950856029987335,0.14707180857658386,0.1943340003490448,0.14529423415660858,0.0,0.0,0.0,0.0,0.5,0.5,0.0,26.984506607055664,1.7341530110570602e-05,-0.022358305752277374,0.01592719927430153,2.0805294513702393,0.6407834887504578,0.20474585890769958,0.3813532590866089,1.8316354751586914,0.6320637464523315,0.13149113953113556,0.442105770111084,1.328397274017334,7.238297939300537,0.0,0.0,0.0,0.7733161449432373,0.02025580406188965,483.0,0.6145073771476746,79.7300033569336,3.3497161865234375,-1.9690688848495483,-0.0002582256856840104,0.7884094715118408,0.8519124984741211,0.5628915429115295,0.9403729438781738,0.3676232397556305,0.43366193771362305,0.3158363401889801,0.0
938,,,,,,,,,,,,,,,,,26.981386184692383,2.60122942563612e-05,-0.02409779652953148,0.017309987917542458,,,,,,,,,,,,,,0.7671799659729004,0.020960092544555664,487.0,0.6144353151321411,79.4800033569336,3.328186511993408,-2.016005039215088,-0.0003345706791151315,0.6949393153190613,0.7895088195800781,0.5206435918807983,0.8939354419708252,0.34749841690063477,0.3984564244747162,0.33793917298316956,0.0
939,,,,,,,,,,,,,,,,,26.97710418701172,2.60122942563612e-05,-0.028026318177580833,0.009086648933589458,,,,,,,,,,,,,,0.7939519882202148,0.020076990127563477,471.0,0.6143249869346619,79.55999755859375,3.336409091949463,-1.9556336402893066,-0.0004379434685688466,0.6760830879211426,0.8246820569038391,0.5716840624809265,0.9366318583488464,0.39000630378723145,0.42900383472442627,0.32411667704582214,0.0
940,,,,,,,,,,,,,,,,,26.972984313964844,1.7341530110570602e-05,-0.028586454689502716,0.01670772396028042,,,,,,,,,,,,,,0.7845339775085449,0.021125078201293945,476.0,0.6142730116844177,79.94999694824219,3.3391077518463135,-2.0080244541168213,-0.0005071350024081767,0.6814004778862,0.759861946105957,0.5025874376296997,0.8912062048912048,0.3524782657623291,0.3862130343914032,0.31184080243110657,0.0
941,-0.9724620580673218,-0.00026610741042532027,0.34818553924560547,0.3999069035053253,0.2657325267791748,0.45293840765953064,0.1814335286617279,0.2081606686115265,0.16827444732189178,0.0,0.0,0.4000000059604645,0.0,0.6000000238418579,0.20000000298023224,0.0,26.97112274169922,2.60122942563612e-05,-0.033284492790699005,0.01848779059946537,2.550018072128296,1.1686707735061646,0.3853199779987335,0.6478081941604614,3.7630341053009033,1.1068165302276611,0.21320684254169464,0.5870366096496582,1.311303973197937,13.539074897766113,0.0,0.0,0.0,0.8013272285461426,0.020084857940673828,467.0,0.6142236590385437,79.41999816894531,3.31825590133667,-2.0050442218780518,-0.0003463035391177982,0.7126821875572205,0.8497664928436279,0.5905101299285889,0.9417200684547424,0.3974252939224243,0.445629358291626,0.3556792736053467,0.0
942,,,,,,,,,,,,,,,,,26.96874237060547,3.9018443203531206e-05,-0.022394169121980667,0.012563706375658512,,,,,,,,,,,,,,0.7949988842010498,0.02182912826538086,470.0,0.6141697764396667,79.37999725341797,3.3195042610168457,-1.970224380493164,-0.00048597934073768556,0.7398822903633118,0.864382266998291,0.5579711198806763,0.9457495808601379,0.39283931255340576,0.44899916648864746,0.31529393792152405,0.0
943,,,,,,,,,,,,,,,,,26.965925216674805,1.7341530110570602e-05,-0.026519032195210457,0.016550825908780098,,,,,,,,,,,,,,0.80790114402771,0.020847797393798828,463.0,0.6141215562820435,79.37999725341797,3.32620906829834,-2.00213360786438,-0.0004698095435742289,0.6451413631439209,0.7827146649360657,0.5156545639038086,0.9065265655517578,0.34500443935394287,0.4176378548145294,0.3097620904445648,0.0
944,,,,,,,,,,,,,,,,,26.964534759521484,2.60122942563612e-05,-0.024886926636099815,0.018344229087233543,,,,,,,,,,,,,,0.8102869987487793,0.020931243896484375,461.0,0.6140990853309631,79.6500015258789,3.3431243896484375,-1.9938979148864746,-0.0006793566863052547,0.6779085993766785,0.8040518760681152,0.5531655550003052,0.9151256084442139,0.35194897651672363,0.42612993717193604,0.3434741795063019,0.0
945,,,,,,,,,,,,,,,,,26.963300704956055,2.60122942563612e-05,-0.025354672223329544,0.011903844773769379,,,,,,,,,,,,,,0.7851510047912598,0.020388126373291016,476.0,0.6140658259391785,79.05999755859375,3.3240838050842285,-1.998327612876892,-0.00038988376036286354,0.7342284321784973,0.8486854434013367,0.5735432505607605,0.9325259327888489,0.37544989585876465,0.4321976602077484,0.3361000716686249,0.0
946,,,,,,,,,,,,,,,,,26.962142944335938,1.7341530110570602e-05,-0.02631288208067417,0.025005968287587166,,,,,,,,,,,,,,0.7666077613830566,0.02170705795288086,487.0,0.6140555143356323,78.87000274658203,3.305299997329712,-1.9570990800857544,-0.00036561270826496184,0.6756238341331482,0.7434771656990051,0.5046908855438232,0.8874436020851135,0.3229961097240448,0.3742029666900635,0.3063434362411499,0.0
947,-1.0008916854858398,-0.00021939135331194848,0.3537111282348633,0.401393324136734,0.2729790508747101,0.4572964608669281,0.1727253943681717,0.20208469033241272,0.17175474762916565,0.0,0.0,0.6000000238418579,0.0,0.4000000059604645,0.0,0.0,26.960634231567383,2.60122942563612e-05,-0.025455504655838013,0.021246707066893578,2.681027889251709,1.524627685546875,0.4744042456150055,0.757960319519043,3.760535478591919,1.320326805114746,0.263415664434433,0.6888706088066101,1.6024940013885498,12.259493827819824,0.0,0.0,0.0,0.7796139717102051,0.019762039184570312,480.0,0.6139864325523376,78.62999725341797,3.297111749649048,-2.0107123851776123,-0.0003727238217834383,0.6757347583770752,0.8194851875305176,0.5917149186134338,0.9282436966896057,0.375095397233963,0.43410468101501465,0.3651520311832428,0.0
948,-1.1009303331375122,-0.00023264772607944906,0.3809111416339874,0.4537852704524994,0.30598482489585876,0.5136206150054932,0.2039937824010849,0.24193210899829865,0.1766471266746521,0.0,0.0,0.5,0.0,0.5,0.0,0.0,26.955915451049805,3.9018443203531206e-05,-0.02174386940896511,0.008484022691845894,2.5056850910186768,1.1737183332443237,0.35105395317077637,0.5846174955368042,3.227994918823242,1.2029533386230469,0.2297552525997162,0.6585400700569153,1.7914355993270874,9.460286140441895,0.0,0.0,0.0,0.7873630523681641,0.019793033599853516,475.0,0.6138504147529602,78.83000183105469,3.300184726715088,-2.004753351211548,-0.0004203533462714404,0.6935269236564636,0.8358471989631653,0.5452045798301697,0.9336771368980408,0.3690113127231598,0.4498777389526367,0.3022852838039398,0.0
949,,,,,,,,,,,,,,,,,26.949480056762695,1.7341530110570602e-05,-0.03133811056613922,0.011774918995797634,,,,,,,,,,,,,,0.7860198020935059,0.02034616470336914,476.0,0.6137443780899048,78.83999633789062,3.309972047805786,-1.9700146913528442,-0.0002717189199756831,0.6626315712928772,0.7882139682769775,0.5453730225563049,0.9101805090904236,0.3370858132839203,0.4216233491897583,0.34921523928642273,0.0
950,,,,,,,,,,,,,,,,,26.945873260498047,2.60122942563612e-05,-0.029439980164170265,0.00933460146188736,,,,,,,,,,,,,,0.7892060279846191,0.019922971725463867,474.0,0.6136839389801025,79.16000366210938,3.3281524181365967,-1.9228469133377075,-0.0003591227869037539,0.65583735704422,0.784716784954071,0.5402779579162598,0.9122812151908875,0.3479875326156616,0.41276368498802185,0.3137401044368744,0.0
951,,,,,,,,,,,,,,,,,26.942340850830078,2.60122942563612e-05,-0.026030540466308594,0.009711726568639278,,,,,,,,,,,,,,0.7838997840881348,0.020892858505249023,477.0,0.6135992407798767,78.91000366210938,3.316593647003174,-2.011336088180542,-0.0002735847083386034,0.7130422592163086,0.824211835861206,0.5820190906524658,0.9312164783477783,0.357943058013916,0.43218961358070374,0.35026368498802185,0.0
952,,,,,,,,,,,,,,,,,26.938568115234375,2.60122942563612e-05,-0.02758525311946869,0.008262709714472294,,,,,,,,,,,,,,0.7533760070800781,0.02166295051574707,495.0,0.6135247945785522,78.30000305175781,3.29429292678833,-1.9359699487686157,-0.0003274447226431221,0.6917596459388733,0.7860794067382812,0.5325158834457397,0.9062380790710449,0.3476634919643402,0.4028661251068115,0.3239433169364929,0.0
953,,,,,,,,,,,,,,,,,26.934326171875,2.60122942563612e-05,-0.02735852263867855,0.011358625255525112,,,,,,,,,,,,,,0.7892649173736572,0.020164966583251953,474.0,0.6134139895439148,78.37999725341797,3.288970708847046,-1.9956218004226685,-0.00032642381847836077,0.6503422856330872,0.7581977844238281,0.5139180421829224,0.8902525305747986,0.32507434487342834,0.3933769166469574,0.3292865753173828,0.0
954,,,,,,,,,,,,,,,,,26.92831802368164,2.60122942563612e-05,-0.029396336525678635,0.007865150459110737,,,,,,,,,,,,,,0.7794878482818604,0.021015167236328125,479.0,0.6132681369781494,78.66000366210938,3.296320676803589,-1.9111661911010742,-0.00025513707078062,0.74444180727005,0.8723694682121277,0.6084873080253601,0.9479673504829407,0.3832259476184845,0.45822182297706604,0.3585294783115387,0.0
955,,,,,,,,,,,,,,,,,26.921667098999023,1.7341530110570602e-05,-0.024371711537241936,0.016238264739513397,,,,,,,,,,,,,,0.7905881404876709,0.0195620059967041,473.0,0.6131417155265808,79.0999984741211,3.316375970840454,-1.9517160654067993,-0.000481580151244998,0.6874907612800598,0.8249877095222473,0.5234872102737427,0.9291269779205322,0.35745278000831604,0.4303613603115082,0.2760508358478546,0.0
956,,,,,,,,,,,,,,,,,26.9172420501709,1.7341530110570602e-05,-0.029728032648563385,0.015512702986598015,,,,,,,,,,,,,,0.8004050254821777,0.019797086715698242,468.0,0.6130867600440979,79.13999938964844,3.303748369216919,-1.964124321937561,-0.0003854492388200015,0.6257320046424866,0.7500205039978027,0.5189590454101562,0.8939239382743835,0.34304919838905334,0.39431896805763245,0.3206384778022766,0.0
957,,,,,,,,,,,,,,,,,26.915996551513672,2.60122942563612e-05,-0.02963210828602314,0.022985972464084625,,,,,,,,,,,,,,0.7973670959472656,0.02093791961669922,469.0,0.6130881309509277,79.12000274658203,3.315591335296631,-1.913756251335144,-0.0006602048524655402,0.6971664428710938,0.8278322815895081,0.5592513680458069,0.9215879440307617,0.3608452379703522,0.4399894177913666,0.34816697239875793,0.0
958,,,,,,,,,,,,,,,,,26.9146728515625,1.7341530110570602e-05,-0.03369971737265587,0.008051035925745964,,,,,,,,,,,,,,0.7843673229217529,0.02251577377319336,475.0,0.613020122051239,79.36000061035156,3.3278331756591797,-1.9818353652954102,-0.00029280901071615517,0.7504392266273499,0.8772980570793152,0.576251208782196,0.9403740763664246,0.355203241109848,0.46166786551475525,0.3458344638347626,0.0
959,,,,,,,,,,,,,,,,,26.9116153717041,3.9018443203531206e-05,-0.022143729031085968,0.012148672714829445,,,,,,,,,,,,,,0.834820032119751,0.019648075103759766,449.0,0.6129695773124695,80.27999877929688,3.3857576847076416,-1.937707543373108,-0.0005573288653977215,0.6784601807594299,0.8192551732063293,0.5154263973236084,0.9121583104133606,0.34011635184288025,0.4372808039188385,0.31910035014152527,0.0
960,,,,,,,,,,,,,,,,,26.908994674682617,2.60122942563612e-05,-0.035105012357234955,0.009282901883125305,,,,,,,,,,,,,,0.8021559715270996,0.01976180076599121,467.0,0.6129032373428345,79.86000061035156,3.379485607147217,-1.9948301315307617,-0.0005525893648155034,0.6600754261016846,0.8034518361091614,0.5751920342445374,0.909600555896759,0.349992036819458,0.4222773313522339,0.38432005047798157,0.0
961,,,,,,,,,,,,,,,,,26.9058895111084,1.7341530110570602e-05,-0.02465195022523403,0.016689300537109375,,,,,,,,,,,,,,0.7896220684051514,0.0200498104095459,474.0,0.6128466129302979,79.48999786376953,3.363605260848999,-1.9690860509872437,-0.00021285902766976506,0.7664515972137451,0.8570100665092468,0.5773345232009888,0.9318651556968689,0.35901355743408203,0.44409117102622986,0.33714842796325684,0.0
962,,,,,,,,,,,,,,,,,26.902807235717773,3.9018443203531206e-05,-0.020768634974956512,0.016424549743533134,,,,,,,,,,,,,,0.7866132259368896,0.020753860473632812,475.0,0.6127530932426453,79.70999908447266,3.3727622032165527,-1.9946311712265015,-0.00013250623305793852,0.7281484603881836,0.8590419292449951,0.5588324069976807,0.9375278949737549,0.3608381748199463,0.4457603394985199,0.3200780153274536,0.0
963,,,,,,,,,,,,,,,,,26.897445678710938,1.7341530110570602e-05,-0.03013560175895691,0.015989381819963455,,,,,,,,,,,,,,0.8132810592651367,0.021553754806518555,459.0,0.6126565337181091,79.61000061035156,3.362574577331543,-1.9739826917648315,-0.0006782224518246949,0.585521936416626,0.7880637645721436,0.5086262822151184,0.9159505367279053,0.3624749183654785,0.4391421377658844,0.28739622235298157,0.0
964,-1.1504392623901367,-0.0002565598115324974,0.3886377513408661,0.47540411353111267,0.31372693181037903,0.5330721735954285,0.21132686734199524,0.2548803389072418,0.1864083707332611,0.0,0.0,0.2857142984867096,0.0,0.8571428656578064,0.0,0.0,26.894012451171875,3.9018443203531206e-05,-0.022503813728690147,0.026480205357074738,3.910590887069702,1.1100550889968872,0.3343293368816376,0.6096892952919006,3.6080052852630615,1.0595637559890747,0.21845899522304535,0.6306167244911194,1.5622999668121338,13.832676887512207,0.0,0.0,0.0,0.803840160369873,0.02049398422241211,465.0,0.6125984787940979,80.02999877929688,3.3841207027435303,-1.986114501953125,-0.0005518622929230332,0.6804170608520508,0.7927573323249817,0.501891553401947,0.8890407681465149,0.34486663341522217,0.40988990664482117,0.334818035364151,0.0
965,,,,,,,,,,,,,,,,,26.891036987304688,1.7341530110570602e-05,-0.03018227033317089,0.012410977855324745,,,,,,,,,,,,,,0.7935938835144043,0.019271135330200195,472.0,0.6125479340553284,79.52999877929688,3.367837429046631,-1.903032898902893,-0.000301756284898147,0.7572094798088074,0.861875057220459,0.5773671865463257,0.9294694066047668,0.3682352602481842,0.4347322881221771,0.37750470638275146,0.0
966,,,,,,,,,,,,,,,,,26.888874053955078,2.60122942563612e-05,-0.021792178973555565,0.014169407077133656,,,,,,,,,,,,,,0.7969050407409668,0.02083611488342285,469.0,0.6124905347824097,80.0199966430664,3.3862221240997314,-2.0108532905578613,-0.00022316169633995742,0.720938503742218,0.8505573868751526,0.5818158984184265,0.9424402117729187,0.37637805938720703,0.4532128870487213,0.33562591671943665,0.0
967,,,,,,,,,,,,,,,,,26.88541030883789,1.7341530110570602e-05,-0.026898592710494995,0.018431585282087326,,,,,,,,,,,,,,0.8039538860321045,0.02077007293701172,465.0,0.612419068813324,80.37999725341797,3.4112350940704346,-1.9850956201553345,-0.0005724088987335563,0.6291462779045105,0.7874877452850342,0.5316841006278992,0.9175441861152649,0.36137405037879944,0.41808459162712097,0.31847962737083435,0.0
968,,,,,,,,,,,,,,,,,26.882770538330078,1.7341530110570602e-05,-0.02382565289735794,0.01179670449346304,,,,,,,,,,,,,,0.8215188980102539,0.021129846572875977,455.0,0.6123781800270081,80.87000274658203,3.448948383331299,-1.971634864807129,-0.0005817482015118003,0.6832754611968994,0.8276572823524475,0.5580886006355286,0.9322951436042786,0.3515394628047943,0.43170174956321716,0.32934045791625977,0.0
969,,,,,,,,,,,,,,,,,26.87991714477539,2.60122942563612e-05,-0.019926097244024277,0.024478821083903313,,,,,,,,,,,,,,0.7964057922363281,0.02043914794921875,470.0,0.6122854948043823,80.66000366210938,3.424360513687134,-1.9080429077148438,-0.0003375390078872442,0.7052640914916992,0.7955896258354187,0.5606569647789001,0.9140500426292419,0.3170439302921295,0.41542378067970276,0.33530592918395996,0.0
970,,,,,,,,,,,,,,,,,26.875314712524414,1.7341530110570602e-05,-0.023582493886351585,0.019450845196843147,,,,,,,,,,,,,,0.7769489288330078,0.020856142044067383,481.0,0.6122093796730042,80.3499984741211,3.4175055027008057,-1.9253114461898804,-0.00030190832330845296,0.6828072667121887,0.769923746585846,0.5451487898826599,0.9089851379394531,0.34431204199790955,0.40435659885406494,0.3280338943004608,0.0
971,,,,,,,,,,,,,,,,,26.87192153930664,2.60122942563612e-05,-0.021462636068463326,0.01565656065940857,,,,,,,,,,,,,,0.7933797836303711,0.020447969436645508,471.0,0.6121256351470947,80.43000030517578,3.4217822551727295,-1.9100102186203003,-0.0002744685916695744,0.690324068069458,0.7983195185661316,0.5433178544044495,0.909838855266571,0.3395065367221832,0.4101131856441498,0.33670833706855774,0.0
972,,,,,,,,,,,,,,,,,26.868207931518555,2.60122942563612e-05,-0.030575454235076904,0.015474023297429085,,,,,,,,,,,,,,0.7808830738067627,0.020471811294555664,479.0,0.6120652556419373,80.12000274658203,3.417795181274414,-1.9234261512756348,-0.0004341042076703161,0.6916359066963196,0.8133905529975891,0.5440393090248108,0.9167764782905579,0.3484077453613281,0.4240436851978302,0.3243695795536041,0.0
973,-1.1190484762191772,-0.00021304171241354197,0.3847615420818329,0.45301175117492676,0.30630242824554443,0.525941789150238,0.1980864256620407,0.24055355787277222,0.18510860204696655,0.0,0.0,0.3333333432674408,0.0,0.3333333432674408,0.3333333432674408,0.0,26.865510940551758,1.7341530110570602e-05,-0.028285754844546318,0.009839890524744987,4.394838809967041,1.467462182044983,0.47955214977264404,0.7456595301628113,3.816363573074341,1.3308162689208984,0.26650118827819824,0.7155418992042542,1.6861168146133423,9.586108207702637,0.0,0.0,0.0,0.7858350276947021,0.020871877670288086,476.0,0.6120140552520752,80.68000030517578,3.435137987136841,-1.9185967445373535,-0.00037278980016708374,0.6974807381629944,0.8172535300254822,0.5702323913574219,0.9290462136268616,0.3430842459201813,0.43152448534965515,0.3413985073566437,0.0
974,,,,,,,,,,,,,,,,,26.863046646118164,2.60122942563612e-05,-0.024818863719701767,0.027225464582443237,,,,,,,,,,,,,,0.7986490726470947,0.021200180053710938,468.0,0.6119474172592163,80.22000122070312,3.425532102584839,-1.9963083267211914,-0.000619513273704797,0.6408966183662415,0.7617428302764893,0.5085783004760742,0.8832204937934875,0.3303324282169342,0.40896785259246826,0.3286631405353546,0.0
975,,,,,,,,,,,,,,,,,26.85943603515625,2.60122942563612e-05,-0.027772823348641396,0.009906725026667118,,,,,,,,,,,,,,0.7992849349975586,0.02042222023010254,468.0,0.6118688583374023,80.11000061035156,3.423444986343384,-1.963077425956726,-0.0004988340078853071,0.7288520336151123,0.8594706058502197,0.586557149887085,0.9395254254341125,0.368473082780838,0.45633456110954285,0.3408367335796356,0.0
976,,,,,,,,,,,,,,,,,26.85468864440918,2.60122942563612e-05,-0.025122996419668198,0.01846931129693985,,,,,,,,,,,,,,0.7982029914855957,0.020327091217041016,469.0,0.6117246747016907,80.44000244140625,3.4383962154388428,-1.8976045846939087,-0.0007036544266156852,0.7078520655632019,0.8429234623908997,0.5270995497703552,0.9243912696838379,0.3824119567871094,0.43779006600379944,0.30161991715431213,0.0
977,,,,,,,,,,,,,,,,,26.847497940063477,2.60122942563612e-05,-0.036243975162506104,0.012296797707676888,,,,,,,,,,,,,,0.8144118785858154,0.020367145538330078,460.0,0.6115783452987671,80.5,3.44516921043396,-2.0069103240966797,-0.0005112746730446815,0.5969522595405579,0.7794726490974426,0.5250853896141052,0.9057062268257141,0.3343905508518219,0.41099369525909424,0.3357059955596924,0.0
978,,,,,,,,,,,,,,,,,26.844036102294922,3.9018443203531206e-05,-0.027934331446886063,0.013761885464191437,,,,,,,,,,,,,,0.7964310646057129,0.020601749420166016,469.0,0.6115972399711609,81.0999984741211,3.4614598751068115,-1.8832054138183594,-0.0005601617158390582,0.681764543056488,0.7986805438995361,0.5386505722999573,0.9021029472351074,0.34863999485969543,0.4106884002685547,0.3532676696777344,0.0
979,-1.0631070137023926,-0.00026716693537309766,0.3709920644760132,0.44171953201293945,0.29588258266448975,0.49896240234375,0.18841853737831116,0.23009958863258362,0.17939028143882751,0.0,0.0,0.4000000059604645,0.0,0.6000000238418579,0.0,0.0,26.844661712646484,2.60122942563612e-05,-0.024431001394987106,0.011638423427939415,2.010396957397461,1.211505651473999,0.407501757144928,0.6069929599761963,2.9561376571655273,1.1029609441757202,0.2320517599582672,0.6288141012191772,1.6649423837661743,11.138734817504883,0.0,0.0,0.0,0.795753002166748,0.020242929458618164,470.0,0.6115599870681763,81.72000122070312,3.476314067840576,-1.960343360900879,-0.0003301272226963192,0.7151002287864685,0.8259894847869873,0.5516597628593445,0.9198369979858398,0.34903213381767273,0.4312138557434082,0.33126839995384216,0.0
980,,,,,,,,,,,,,,,,,26.842140197753906,2.60122942563612e-05,-0.0290339644998312,0.011324859224259853,,,,,,,,,,,,,,0.7850100994110107,0.020303010940551758,476.0,0.6114998459815979,80.66999816894531,3.4206690788269043,-1.9424033164978027,-0.00018423744768369943,0.6834813952445984,0.7651637196540833,0.5423619747161865,0.8935317993164062,0.3343716561794281,0.39161553978919983,0.35192522406578064,0.0
981,,,,,,,,,,,,,,,,,26.837024688720703,2.60122942563612e-05,-0.029420102015137672,0.011898105032742023,,,,,,,,,,,,,,0.8001270294189453,0.020763874053955078,467.0,0.6113274097442627,80.58999633789062,3.414391279220581,-1.9536799192428589,-0.00023265225172508508,0.7042515873908997,0.8203755021095276,0.5944737792015076,0.9259001612663269,0.37830057740211487,0.42981788516044617,0.3676507771015167,0.0
982,,,,,,,,,,,,,,,,,26.82912826538086,2.60122942563612e-05,-0.02609870582818985,0.016613774001598358,,,,,,,,,,,,,,0.7847001552581787,0.01974797248840332,477.0,0.6111898422241211,80.62999725341797,3.4154601097106934,-1.9532874822616577,-0.0002002918190555647,0.6836058497428894,0.7865156531333923,0.5336549282073975,0.9180586934089661,0.35517045855522156,0.40964722633361816,0.296937495470047,0.0
983,-1.0307259559631348,-0.00015755048661958426,0.3576352000236511,0.41626206040382385,0.2943172752857208,0.4838162958621979,0.18859826028347015,0.21739709377288818,0.1758052557706833,0.0,0.0,0.75,0.0,0.125,0.125,0.0,26.823772430419922,2.60122942563612e-05,-0.027200523763895035,0.021437769755721092,3.353079319000244,1.3927667140960693,0.4784432053565979,0.6266491413116455,3.904967784881592,1.360443353652954,0.2538796067237854,0.668741762638092,1.6147266626358032,14.757253646850586,0.0,0.0,0.0,0.7938711643218994,0.021311044692993164,471.0,0.6110997796058655,81.11000061035156,3.4341816902160645,-1.9534858465194702,-0.00040161292417906225,0.6308078169822693,0.7503778338432312,0.5249691605567932,0.8919691443443298,0.3282703757286072,0.396005243062973,0.33694884181022644,0.0
984,,,,,,,,,,,,,,,,,26.820709228515625,3.9018443203531206e-05,-0.0251499991863966,0.022300630807876587,,,,,,,,,,,,,,0.7724120616912842,0.021842002868652344,483.0,0.6110653877258301,80.95999908447266,3.42464017868042,-1.9531248807907104,-0.0004063796950504184,0.6776861548423767,0.7600600123405457,0.5492629408836365,0.896543025970459,0.31765538454055786,0.3983185291290283,0.34746912121772766,0.0
985,-0.890064001083374,-0.0001139601445174776,0.3183709979057312,0.33742445707321167,0.24749557673931122,0.40592309832572937,0.136387899518013,0.17806552350521088,0.15909063816070557,0.0,0.0,1.25,0.0,0.25,0.0,0.0,26.820362091064453,1.7341530110570602e-05,-0.025265967473387718,0.029028572142124176,2.6924867630004883,1.8809003829956055,0.5413028597831726,0.8257198333740234,3.4271254539489746,1.551371455192566,0.2939520478248596,0.7581478953361511,1.398360252380371,11.148099899291992,0.0,0.0,0.0,0.7765591144561768,0.02100205421447754,481.0,0.6110732555389404,79.86000061035156,3.370927333831787,-1.8959484100341797,-0.000222393951844424,0.7718439102172852,0.8578316569328308,0.5981680750846863,0.9342519640922546,0.36828628182411194,0.44351983070373535,0.37480974197387695,0.0
986,,,,,,,,,,,,,,,,,26.82039451599121,2.60122942563612e-05,-0.01996725983917713,0.01219103578478098,,,,,,,,,,,,,,0.7816541194915771,0.020445823669433594,478.0,0.6110633015632629,80.05999755859375,3.3736860752105713,-1.976468563079834,-0.00037738389801234007,0.660803496837616,0.7880349159240723,0.5186813473701477,0.9096629023551941,0.3347468376159668,0.4132850170135498,0.3016389012336731,0.0
987,,,,,,,,,,,,,,,,,26.819414138793945,2.60122942563612e-05,-0.024052880704402924,0.014053203165531158,,,,,,,,,,,,,,0.7865118980407715,0.022159099578857422,474.0,0.6110283136367798,79.23999786376953,3.342233896255493,-1.9772863388061523,-0.00024596694856882095,0.6505916714668274,0.7490002512931824,0.5519558787345886,0.8899319767951965,0.3225755989551544,0.3849234879016876,0.36444059014320374,0.0
988,-1.0374352931976318,-0.00013473433500621468,0.3583523631095886,0.41550540924072266,0.29209786653518677,0.48335400223731995,0.1816273033618927,0.21603849530220032,0.1767001748085022,0.0,0.0,1.0,0.0,0.0,0.0,0.0,26.816905975341797,2.60122942563612e-05,-0.02682255394756794,0.0071349251084029675,3.513575792312622,1.8140699863433838,0.5327820777893066,0.7711625099182129,4.653756141662598,1.5377473831176758,0.28776925802230835,0.7856939435005188,1.8021504878997803,18.528953552246094,0.0,0.0,0.0,0.81752610206604,0.019447803497314453,458.0,0.6109433174133301,79.23999786376953,3.3316028118133545,-1.9336646795272827,-0.00018741375242825598,0.7411286234855652,0.8457655906677246,0.6194837093353271,0.9366247057914734,0.35013818740844727,0.4469660222530365,0.3765220642089844,0.0
989,,,,,,,,,,,,,,,,,26.813474655151367,1.7341530110570602e-05,-0.021235184744000435,0.01202983409166336,,,,,,,,,,,,,,0.768284797668457,0.019895076751708984,487.0,0.610901951789856,78.75,3.31089186668396,-1.955077052116394,-0.00024981124443002045,0.6883541941642761,0.7578346133232117,0.5032320022583008,0.9015932679176331,0.298321008682251,0.3989870548248291,0.2857860326766968,0.0
990,,,,,,,,,,,,,,,,,26.812089920043945,3.9018443203531206e-05,-0.021955866366624832,0.014806317165493965,,,,,,,,,,,,,,0.8089268207550049,0.019961118698120117,463.0,0.6108561158180237,78.45999908447266,3.2980451583862305,-1.9275836944580078,-0.0003814378287643194,0.6337354183197021,0.8042774200439453,0.6029374003410339,0.9193703532218933,0.35288095474243164,0.43345537781715393,0.40366920828819275,0.0
991,,,,,,,,,,,,,,,,,26.808319091796875,1.1561020073713735e-05,-0.027635015547275543,0.020031146705150604,,,,,,,,,,,,,,0.8038771152496338,0.02377796173095703,463.0,0.6107624769210815,78.63999938964844,3.313382148742676,-1.936531662940979,-0.0007709812489338219,0.6820184588432312,0.847257137298584,0.5375967025756836,0.9416151642799377,0.34453704953193665,0.45470643043518066,0.2751180827617645,0.0
992,,,,,,,,,,,,,,,,,26.80437469482422,2.60122942563612e-05,-0.022526513785123825,0.01890093833208084,,,,,,,,,,,,,,0.7948441505432129,0.019778013229370117,471.0,0.6106601357460022,79.43000030517578,3.3394179344177246,-1.955112338066101,-0.0004028762923553586,0.6915864944458008,0.7953914999961853,0.5396045446395874,0.9075698852539062,0.3406310975551605,0.41019681096076965,0.3468616306781769,0.0
993,,,,,,,,,,,,,,,,,26.798927307128906,1.7341530110570602e-05,-0.03062654472887516,0.0125641580671072,,,,,,,,,,,,,,0.8204028606414795,0.020510435104370117,456.0,0.6105493903160095,78.87000274658203,3.323110342025757,-1.9854902029037476,-0.0005108590703457594,0.6477428078651428,0.8077560067176819,0.5699488520622253,0.9199914932250977,0.3431655466556549,0.4247335195541382,0.3569495677947998,0.0
994,,,,,,,,,,,,,,,,,26.79490089416504,1.7341530110570602e-05,-0.026578450575470924,0.02441767230629921,,,,,,,,,,,,,,0.7839109897613525,0.02124786376953125,476.0,0.6104884743690491,78.98999786376953,3.3286938667297363,-1.9227266311645508,-0.0003520231693983078,0.7107111811637878,0.8178479075431824,0.5415774583816528,0.915732204914093,0.32670024037361145,0.43085622787475586,0.33598920702934265,0.0
995,,,,,,,,,,,,,,,,,26.792692184448242,2.60122942563612e-05,-0.024029500782489777,0.015566819347441196,,,,,,,,,,,,,,0.7804138660430908,0.022403240203857422,478.0,0.6104438900947571,79.16999816894531,3.333470344543457,-1.977473258972168,-0.000331268209265545,0.6636031270027161,0.7949671745300293,0.550000011920929,0.9090688824653625,0.33264485001564026,0.41713908314704895,0.3647490441799164,0.0
996,,,,,,,,,,,,,,,,,26.789562225341797,1.7341530110570602e-05,-0.030000610277056694,0.013257591053843498,,,,,,,,,,,,,,0.7964730262756348,0.021498918533325195,469.0,0.610371470451355,78.5,3.297333240509033,-1.9618077278137207,-0.0004961396334692836,0.6560773253440857,0.7990346550941467,0.5540223121643066,0.9182633757591248,0.34783288836479187,0.4190940856933594,0.3266206681728363,0.0
997,,,,,,,,,,,,,,,,,26.785905838012695,2.60122942563612e-05,-0.026350444182753563,0.012051441706717014,,,,,,,,,,,,,,0.7816393375396729,0.020364761352539062,478.0,0.6102714538574219,78.43000030517578,3.289233446121216,-1.9109269380569458,-0.0002074502408504486,0.700174868106842,0.8077042698860168,0.5673378109931946,0.9261729121208191,0.367504745721817,0.42338141798973083,0.34634503722190857,0.0
998,,,,,,,,,,,,,,,,,26.780269622802734,2.60122942563612e-05,-0.024294590577483177,0.015128194354474545,,,,,,,,,,,,,,0.8044369220733643,0.019711971282958984,465.0,0.6101427674293518,77.54000091552734,3.2582004070281982,-1.9401651620864868,-0.00019856267317663878,0.6570598483085632,0.7574755549430847,0.5419980883598328,0.8892641067504883,0.3582526445388794,0.3928128778934479,0.350129634141922,0.0
999,,,,,,,,,,,,,,,,,26.774682998657227,2.60122942563612e-05,-0.027602342888712883,0.01963842287659645,,,,,,,,,,,,,,0.8000891208648682,0.020920991897583008,467.0,0.610039472579956,77.08999633789062,3.2405812740325928,-1.9548358917236328,-0.0002535266394261271,0.7024502754211426,0.8249985575675964,0.5864383578300476,0.9354352951049805,0.3485797941684723,0.44093629717826843,0.35189056396484375,0.0
1000,,,,,,,,,,,,,,,,,26.77104377746582,1.7341530110570602e-05,-0.030934792011976242,0.020213892683386803,,,,,,,,,,,,,,0.7692370414733887,0.01975703239440918,486.0,0.6099863052368164,76.9800033569336,3.2355144023895264,-1.8761597871780396,-0.00027390304603613913,0.6707940101623535,0.7391894459724426,0.46149444580078125,0.877021074295044,0.30126461386680603,0.3864637315273285,0.2993428409099579,0.0
1001,,,,,,,,,,,,,,,,,26.769407272338867,3.9018443203531206e-05,-0.02426859177649021,0.01790100522339344,,,,,,,,,,,,,,0.8035688400268555,0.03135800361633301,459.0,0.6099734902381897,77.55999755859375,3.2605936527252197,-1.939684510231018,-0.0002912759955506772,0.665498673915863,0.8024269938468933,0.6010002493858337,0.9209921956062317,0.33631253242492676,0.4181462824344635,0.4065834581851959,0.0
1002,,,,,,,,,,,,,,,,,26.768598556518555,2.60122942563612e-05,-0.022183477878570557,0.01711280643939972,,,,,,,,,,,,,,0.9109089374542236,0.02460312843322754,410.0,0.6099463105201721,77.2699966430664,3.252131700515747,-1.9381771087646484,-0.00017237984866369516,0.7371950745582581,0.8288889527320862,0.5635679364204407,0.9277000427246094,0.34862837195396423,0.42967113852500916,0.3369133174419403,0.0
1003,,,,,,,,,,,,,,,,,26.766952514648438,1.7341530110570602e-05,-0.029457878321409225,0.031156456097960472,,,,,,,,,,,,,,0.7903571128845215,0.02019190788269043,473.0,0.6099001169204712,77.37999725341797,3.244133472442627,-1.9449819326400757,-0.00031552882865071297,0.6095662117004395,0.7038578391075134,0.46916618943214417,0.8611507415771484,0.28210654854774475,0.37040403485298157,0.3295004665851593,0.0
1004,,,,,,,,,,,,,,,,,26.764083862304688,2.60122942563612e-05,-0.02149144932627678,0.010808314196765423,,,,,,,,,,,,,,0.8077421188354492,0.01975274085998535,464.0,0.6098136305809021,77.12999725341797,3.2437000274658203,-1.9125124216079712,-0.0004235070664435625,0.7019830346107483,0.851198673248291,0.6455463767051697,0.9358660578727722,0.3641660213470459,0.44591307640075684,0.4372823238372803,0.0
1005,,,,,,,,,,,,,,,,,26.758394241333008,3.9018443203531206e-05,-0.01697070710361004,0.016720371320843697,,,,,,,,,,,,,,0.7757387161254883,0.019810199737548828,482.0,0.6096479892730713,77.08999633789062,3.2507479190826416,-1.9721094369888306,-0.0003051786043215543,0.7544519305229187,0.836024820804596,0.548750102519989,0.9404168128967285,0.345504492521286,0.44213712215423584,0.2830231785774231,0.0
1006,-0.9453514218330383,-7.444999209837988e-05,0.3308718800544739,0.36430683732032776,0.26908761262893677,0.43431538343429565,0.14201191067695618,0.189963698387146,0.17392700910568237,0.0,0.0,0.800000011920929,0.0,0.0,0.20000000298023224,0.0,26.75002670288086,2.60122942563612e-05,-0.03191526234149933,0.014756785705685616,3.023836135864258,1.7894670963287354,0.5318368077278137,0.7224506735801697,4.805741310119629,1.4826918840408325,0.27484503388404846,0.7363007664680481,1.2916654348373413,16.225065231323242,0.0,0.0,0.0,0.7901618480682373,0.02030014991760254,473.0,0.6094970703125,77.3499984741211,3.252997875213623,-1.9602546691894531,-0.00019587005954235792,0.6634613871574402,0.7628991603851318,0.5227720737457275,0.9037835597991943,0.32153478264808655,0.40696215629577637,0.33743515610694885,0.0
1007,-1.0484992265701294,-0.00018027101759798825,0.37155312299728394,0.43701332807540894,0.30131953954696655,0.49859970808029175,0.1914515346288681,0.23087553679943085,0.1808171570301056,0.0,0.0,0.5714285969734192,0.0,0.4285714328289032,0.1428571492433548,0.0,26.744110107421875,2.60122942563612e-05,-0.028461581096053123,0.01101717445999384,2.6474337577819824,1.315500259399414,0.422004759311676,0.5698822140693665,2.9936630725860596,1.1660079956054688,0.23546740412712097,0.6096171140670776,1.5144797563552856,9.245722770690918,0.0,0.0,0.0,0.7967348098754883,0.019807100296020508,470.0,0.6093838810920715,77.94000244140625,3.280949592590332,-1.8809210062026978,-0.0005600375006906688,0.6181159615516663,0.7678846716880798,0.558376133441925,0.9025898575782776,0.3313227593898773,0.4084269106388092,0.35858774185180664,0.0
1008,,,,,,,,,,,,,,,,,26.73763656616211,1.7341530110570602e-05,-0.026598522439599037,0.010222344659268856,,,,,,,,,,,,,,0.7785220146179199,0.02058887481689453,480.0,0.6092324256896973,77.56999969482422,3.2734079360961914,-1.8917665481567383,-0.00017930778267327696,0.7554845809936523,0.8422396779060364,0.6059300303459167,0.9296287894248962,0.3457278311252594,0.4350191056728363,0.38199424743652344,0.0
1009,,,,,,,,,,,,,,,,,26.73048973083496,2.60122942563612e-05,-0.021204333752393723,0.01553095132112503,,,,,,,,,,,,,,0.7984292507171631,0.020982027053833008,468.0,0.6090811491012573,77.45999908447266,3.272371292114258,-1.97799551486969,-0.0001408356911269948,0.7218432426452637,0.8181576132774353,0.5761628746986389,0.9307907223701477,0.36040928959846497,0.43718114495277405,0.35208573937416077,0.0
1010,,,,,,,,,,,,,,,,,26.72385025024414,2.60122942563612e-05,-0.028191400691866875,0.014553971588611603,,,,,,,,,,,,,,0.7959527969360352,0.019927024841308594,470.0,0.6089767217636108,77.75,3.298830270767212,-1.937482476234436,-0.0003198141639586538,0.6274788975715637,0.7762544751167297,0.5241037011146545,0.9026346802711487,0.3384450376033783,0.40660810470581055,0.3283523619174957,0.0
1011,,,,,,,,,,,,,,,,,26.720125198364258,1.7341530110570602e-05,-0.02978808805346489,0.01882277801632881,,,,,,,,,,,,,,0.8063070774078369,0.020437002182006836,464.0,0.6089035272598267,77.06999969482422,3.276790142059326,-1.8771538734436035,-0.00040205600089393556,0.6568484902381897,0.7987651228904724,0.5747363567352295,0.9106683731079102,0.3407294452190399,0.42056766152381897,0.37540555000305176,0.0
1012,-0.7024483680725098,-7.11003303877078e-05,0.27531298995018005,0.31665340065956116,0.2148355394601822,0.3488072454929352,0.13239143788814545,0.1641693264245987,0.15193022787570953,0.0,0.0,0.0,0.0,1.0,0.0,0.0,26.7167911529541,3.9018443203531206e-05,-0.01681288704276085,0.022895611822605133,1.6296652555465698,0.7702057957649231,0.27007654309272766,0.5452525615692139,1.9382070302963257,0.7113941311836243,0.17684340476989746,0.5249160528182983,1.1600525379180908,3.39689302444458,0.0,0.0,0.0,0.7961318492889404,0.019547224044799805,470.0,0.6088385581970215,76.6500015258789,3.262784957885742,-1.9554853439331055,-0.0002694428840186447,0.7326688766479492,0.8372266292572021,0.57627272605896,0.9373650550842285,0.349381685256958,0.43104982376098633,0.3340301811695099,0.0
1013,,,,,,,,,,,,,,,,,26.712507247924805,2.60122942563612e-05,-0.02693726122379303,0.02108304761350155,,,,,,,,,,,,,,0.8270688056945801,0.019778013229370117,453.0,0.6087181568145752,76.91000366210938,3.262653112411499,-1.929069995880127,-0.0003614528977777809,0.660885751247406,0.792326033115387,0.5295901894569397,0.8949980735778809,0.36120450496673584,0.4120078980922699,0.35379675030708313,0.0
1014,,,,,,,,,,,,,,,,,26.706724166870117,2.60122942563612e-05,-0.0268710870295763,0.01849842071533203,,,,,,,,,,,,,,0.8070089817047119,0.0196988582611084,464.0,0.6086174249649048,76.27999877929688,3.245596408843994,-1.9785189628601074,-0.00040072386036626995,0.6518455147743225,0.8219459652900696,0.5511124134063721,0.9131352305412292,0.34413790702819824,0.4351957142353058,0.3576463758945465,0.0
1015,,,,,,,,,,,,,,,,,26.702075958251953,2.60122942563612e-05,-0.018525665625929832,0.021289369091391563,,,,,,,,,,,,,,0.8000502586364746,0.019575834274291992,468.0,0.6085150837898254,76.27999877929688,3.245596408843994,-1.970718264579773,-0.0002785639080684632,0.7197502255439758,0.8164023756980896,0.53114253282547,0.9161884784698486,0.3438674509525299,0.4240257740020752,0.3459276854991913,0.0
1016,-1.0111206769943237,-0.00018214862211607397,0.35217994451522827,0.4214053153991699,0.28333693742752075,0.47165632247924805,0.17328138649463654,0.2205565869808197,0.1894184648990631,0.0,0.0,0.4000000059604645,0.0,0.6000000238418579,0.10000000149011612,0.0,26.69600486755371,2.60122942563612e-05,-0.030146470293402672,0.021834876388311386,3.3430557250976562,1.3234989643096924,0.4098939895629883,0.6084964275360107,3.9177470207214355,1.157431960105896,0.23283036053180695,0.6415512561798096,1.4519447088241577,15.134592056274414,0.0,0.0,0.0,0.8136768341064453,0.0196530818939209,460.0,0.6083575487136841,75.81999969482422,3.2406117916107178,-1.947323203086853,-0.0004049082344863564,0.6581390500068665,0.8025238513946533,0.5909947752952576,0.9042203426361084,0.3606950044631958,0.4213024377822876,0.42237624526023865,0.0
1017,,,,,,,,,,,,,,,,,26.688190460205078,1.7341530110570602e-05,-0.027161408215761185,0.0170430950820446,,,,,,,,,,,,,,0.7797300815582275,0.021750926971435547,479.0,0.6082133650779724,76.25,3.2585291862487793,-1.9113153219223022,-0.00029031556914560497,0.7014778256416321,0.841613233089447,0.5777443051338196,0.9418659210205078,0.38237491250038147,0.45247888565063477,0.32707101106643677,0.0
1018,,,,,,,,,,,,,,,,,26.683002471923828,2.60122942563612e-05,-0.02043171599507332,0.025302059948444366,,,,,,,,,,,,,,0.7840497493743896,0.019857168197631836,477.0,0.6081390976905823,75.83000183105469,3.2397055625915527,-1.9016437530517578,-0.00030591656104661524,0.6834165453910828,0.7555823922157288,0.5104753375053406,0.8779580593109131,0.34337833523750305,0.38712504506111145,0.351381778717041,0.0
1019,,,,,,,,,,,,,,,,,26.679779052734375,3.9018443203531206e-05,-0.03030630201101303,0.01584242284297943,,,,,,,,,,,,,,0.8095202445983887,0.020166873931884766,462.0,0.608066737651825,76.0,3.24989652633667,-1.958924412727356,-0.0005844571278430521,0.6363964676856995,0.7913727760314941,0.5747208595275879,0.9160118103027344,0.3485754430294037,0.4198814928531647,0.3640036880970001,0.0
1020,,,,,,,,,,,,,,,,,26.675884246826172,1.7341530110570602e-05,-0.02687198668718338,0.013118572533130646,,,,,,,,,,,,,,0.7993268966674805,0.021019935607910156,468.0,0.6079840660095215,75.56999969482422,3.2340152263641357,-1.9128317832946777,-0.0002559437998570502,0.7325696349143982,0.8482938408851624,0.5793359875679016,0.9263107180595398,0.37105104327201843,0.44227972626686096,0.378274530172348,0.0
1021,,,,,,,,,,,,,,,,,26.672359466552734,2.60122942563612e-05,-0.025100044906139374,0.01669105887413025,,,,,,,,,,,,,,0.799644947052002,0.020677804946899414,468.0,0.6079047322273254,75.75,3.243589401245117,-1.9342395067214966,-0.0002903238346334547,0.6647505164146423,0.8058186173439026,0.5215843319892883,0.8947256207466125,0.341534286737442,0.4105679988861084,0.33655157685279846,0.0
1022,,,,,,,,,,,,,,,,,26.66849136352539,1.7341530110570602e-05,-0.03105427883565426,0.023363463580608368,,,,,,,,,,,,,,0.8169610500335693,0.020445823669433594,458.0,0.6078438758850098,75.25,3.237574577331543,-1.955998420715332,-0.00024957014829851687,0.6903562545776367,0.8498119711875916,0.6137489676475525,0.9429814219474792,0.3542374074459076,0.4486655294895172,0.3728902339935303,0.0
