iteration,Episode_Reward/action_rate,Episode_Reward/batting,Episode_Reward/failure,Episode_Reward/upright,Episode_Termination/fallen,Episode_Termination/invalid_contact,Episode_Termination/time_out,Loss/entropy,Loss/learning_rate,Loss/surrogate,Loss/value,Perf/collection_time,Perf/learning_time,Perf/total_fps,Policy/mean_std,Train/mean_episode_length,Train/mean_reward,reward/action_rate,reward/batting,reward/failure,reward/upright
0,,,,,,,,-1.349058747291565,2.9629629352712072e-05,-0.03308369964361191,5.095290184020996,0.42800188064575195,0.03556108474731445,207.0,0.19920898973941803,14.0,-4.687793731689453,-0.005582120735198259,0.942642867565155,-7.8125,0.9999119639396667
1,,,,,,,,-1.365755319595337,0.0003375000087544322,-0.01435835100710392,5.028875827789307,0.39737868309020996,0.014516115188598633,233.0,0.19887040555477142,15.0,-4.654270172119141,-0.005485080648213625,0.23479042947292328,-10.416666984558105,0.9997095465660095
2,,,,,,,,-1.370882511138916,4.444444493856281e-05,-0.030289625748991966,3.352045774459839,0.4048161506652832,0.010501861572265625,231.0,0.19900748133659363,19.44444465637207,-4.549801349639893,-0.00504419906064868,0.9695613980293274,-5.208333492279053,0.999779999256134
3,,,,,,,,-1.3749783039093018,0.00022499999613501132,-0.013383391313254833,0.3318825364112854,0.3926088809967041,0.010500192642211914,238.0,0.19833430647850037,26.5,-3.7450757026672363,-0.005297643598169088,0.8209565281867981,0.0,0.999629557132721
4,,,,,,,,-1.401885747909546,6.666666740784422e-05,-0.038307465612888336,1.2606923580169678,0.38707685470581055,0.012125968933105469,240.0,0.19795972108840942,25.81818199157715,-3.809572458267212,-0.006171113345772028,0.08733082562685013,-2.6041667461395264,0.9997150301933289
5,,,,,,,,-1.39811372756958,0.00022499999613501132,-0.01797238364815712,0.053980011492967606,0.37745094299316406,0.01110696792602539,247.0,0.1986013650894165,25.81818199157715,-3.809572458267212,-0.005714337807148695,0.1117578074336052,0.0,0.9997443556785583
6,-0.004125370644032955,0.3465745151042938,-0.8333333134651184,0.7131384015083313,0.0,0.3333333432674408,0.6666666865348816,-1.3779075145721436,6.666666740784422e-05,-0.03238774091005325,1.3935893774032593,0.40249013900756836,0.010449886322021484,232.0,0.19881920516490936,35.57143020629883,-2.8979835510253906,-0.005893874913454056,0.00372324138879776,-2.6041667461395264,0.9998235702514648
7,-0.0032392952125519514,0.34465792775154114,-1.25,0.5748481154441833,0.0,1.0,0.5,-1.3757869005203247,9.999999747378752e-05,-0.024084070697426796,2.601710081100464,0.39571595191955566,0.010601043701171875,236.0,0.1988247036933899,36.94117736816406,-2.7398016452789307,-0.005247908178716898,1.3455759286880493,-5.208333492279053,0.9998495578765869
8,,,,,,,,-1.3809486627578735,9.999999747378752e-05,-0.019842619076371193,0.04332777112722397,0.3887009620666504,0.010901927947998047,240.0,0.1985287368297577,40.44444274902344,-2.4651939868927,-0.0054466575384140015,0.12146955728530884,0.0,0.9995433688163757
9,,,,,,,,-1.3861358165740967,6.666666740784422e-05,-0.03154882788658142,0.05582577735185623,0.3723602294921875,0.09558391571044922,205.0,0.1986246556043625,40.44444274902344,-2.4651939868927,-0.005785755813121796,0.10360578447580338,0.0,0.9997237324714661
10,,,,,,,,-1.3820098638534546,9.999999747378752e-05,-0.021206075325608253,0.027682285755872726,0.3767862319946289,0.010632991790771484,247.0,0.19879032671451569,40.44444274902344,-2.4651939868927,-0.005591875407844782,3.468886643531732e-05,0.0,0.9997501373291016
11,,,,,,,,-1.3679206371307373,0.0001500000071246177,-0.0233235415071249,0.027112673968076706,0.3958868980407715,0.01055908203125,236.0,0.19950558245182037,48.9523811340332,-1.6978838443756104,-0.006672418210655451,0.10264312475919724,0.0,0.999841034412384
12,,,,,,,,-1.3427814245224,9.999999747378752e-05,-0.024452419951558113,0.03945720195770264,0.37439727783203125,0.010968923568725586,249.0,0.20008042454719543,51.272727966308594,-1.5212985277175903,-0.0051735443994402885,0.218716099858284,0.0,0.9996071457862854
13,,,,,,,,-1.330133318901062,0.00022499999613501132,-0.018437432125210762,0.043179742991924286,0.38233208656311035,0.010931968688964844,244.0,0.20032469928264618,51.272727966308594,-1.5212985277175903,-0.0057551059871912,0.11927478760480881,0.0,0.9997550845146179
14,,,,,,,,-1.3194377422332764,9.999999747378752e-05,-0.027841169387102127,1.6028673648834229,0.3879251480102539,0.011227846145629883,240.0,0.20070870220661163,51.91304397583008,-1.6073989868164062,-0.005780687090009451,0.7847256064414978,-2.6041667461395264,0.9997649788856506
15,,,,,,,,-1.3090161085128784,9.999999747378752e-05,-0.02130908891558647,0.01904846727848053,0.3992593288421631,0.011276960372924805,233.0,0.20100706815719604,55.7599983215332,-1.3025468587875366,-0.005853577051311731,0.06305476278066635,0.0,0.9997091889381409
16,,,,,,,,-1.3048022985458374,0.00022499999613501132,-0.0217765960842371,0.018898867070674896,0.36899518966674805,0.010236024856567383,253.0,0.2008066177368164,55.7599983215332,-1.3025468587875366,-0.005560652818530798,0.24492526054382324,0.0,0.9996759295463562
17,-0.005601661745458841,0.11520032584667206,0.0,0.9997369050979614,0.0,0.0,1.0,-1.3246982097625732,9.999999747378752e-05,-0.027496295049786568,0.025123659521341324,0.38925814628601074,0.01199197769165039,239.0,0.2001364529132843,57.46154022216797,-1.1671154499053955,-0.006184779107570648,0.10536917299032211,0.0,0.9997528195381165
18,,,,,,,,-1.3400976657867432,0.0001500000071246177,-0.019382860511541367,0.017606526613235474,0.40059709548950195,0.012512922286987305,232.0,0.20011870563030243,59.03703689575195,-0.991139829158783,-0.005657142028212547,0.01730845868587494,0.0,0.999750554561615
19,,,,,,,,-1.3437533378601074,0.0001500000071246177,-0.012402771040797234,0.014605510979890823,0.4007608890533447,0.011362075805664062,232.0,0.1996890902519226,61.86206817626953,-0.7684349417686462,-0.005621207412332296,0.0950600877404213,0.0,0.9997661709785461
20,,,,,,,,-1.3604152202606201,9.999999747378752e-05,-0.023411458358168602,0.32563316822052,0.3838999271392822,0.01055002212524414,243.0,0.19928541779518127,61.86206817626953,-0.7684349417686462,-0.0057293749414384365,1.6415704488754272,0.0,0.999642550945282
21,,,,,,,,-1.376643419265747,9.999999747378752e-05,-0.019700996577739716,0.02951589971780777,0.3905370235443115,0.011043071746826172,239.0,0.19863414764404297,63.13333511352539,-0.6694981455802917,-0.005439238157123327,0.09892958402633667,0.0,0.9997051358222961
22,,,,,,,,-1.4051265716552734,0.0001500000071246177,-0.026421792805194855,1.8277934789657593,0.4062371253967285,0.011125802993774414,230.0,0.19768637418746948,64.3125,-0.6357042789459229,-0.00514542730525136,0.11852392554283142,-2.6041667461395264,0.9997629523277283
23,,,,,,,,-1.4342800378799438,6.666666740784422e-05,-0.024285703897476196,0.008737809024751186,0.37632298469543457,0.011245250701904297,247.0,0.1972230225801468,65.39393615722656,-0.49934297800064087,-0.005148541647940874,0.12380394339561462,0.0,0.9996600151062012
24,,,,,,,,-1.4475610256195068,0.00022499999613501132,-0.01713726297020912,0.013018717058002949,0.3890979290008545,0.01133418083190918,239.0,0.19662493467330933,65.39393615722656,-0.49934297800064087,-0.005955476313829422,0.09958995133638382,0.0,0.999775230884552
25,,,,,,,,-1.4843491315841675,9.999999747378752e-05,-0.021512223407626152,0.01662931777536869,0.38988327980041504,0.01073002815246582,239.0,0.1953536868095398,66.4117660522461,-0.4194549322128296,-0.005416850093752146,0.016379090026021004,0.0,0.9997864365577698
26,,,,,,,,-1.514979600906372,9.999999747378752e-05,-0.02173285372555256,0.02281957119703293,0.40340685844421387,0.011966943740844727,231.0,0.194962278008461,68.27777862548828,-0.27380335330963135,-0.005263531114906073,0.11925751715898514,0.0,0.9997881054878235
27,,,,,,,,-1.5186398029327393,0.0001500000071246177,-0.021853340789675713,0.00913333985954523,0.38018107414245605,0.010687828063964844,245.0,0.19522853195667267,68.27777862548828,-0.27380335330963135,-0.005530020222067833,0.3229529559612274,0.0,0.9996716976165771
28,,,,,,,,-1.515263319015503,6.666666740784422e-05,-0.02562483586370945,3.410064935684204,0.38741183280944824,0.010989189147949219,240.0,0.19505736231803894,68.9473648071289,-0.29029610753059387,-0.0048544215969741344,0.10416150838136673,-2.6041667461395264,0.9997959136962891
29,,,,,,,,-1.5192848443984985,0.0005062500131316483,-0.008599217981100082,0.0771082416176796,0.3970789909362793,0.010579824447631836,235.0,0.1951044201850891,69.74359130859375,-0.22647595405578613,-0.0045823268592357635,0.6589260697364807,0.0,0.9997734427452087
30,,,,,,,,-1.5098657608032227,9.999999747378752e-05,-0.035559654235839844,0.029969822615385056,0.3753328323364258,0.01116490364074707,248.0,0.19542273879051208,70.5,-0.16462180018424988,-0.005870625376701355,0.6487590074539185,0.0,0.9996727108955383
31,,,,,,,,-1.5012168884277344,6.666666740784422e-05,-0.02882966212928295,0.015144419856369495,0.3828709125518799,0.010370016098022461,244.0,0.19562122225761414,70.5,-0.16462180018424988,-0.00513084651902318,0.10466577857732773,0.0,0.9998244643211365
32,,,,,,,,-1.5061920881271362,0.00022499999613501132,-0.027874305844306946,0.015435474924743176,0.3824620246887207,0.01043391227722168,244.0,0.19489960372447968,71.21951293945312,-0.10671145468950272,-0.005457510706037283,0.052902836352586746,0.0,0.999840259552002
33,,,,,,,,-1.5401517152786255,4.444444493856281e-05,-0.04774317145347595,0.08012077212333679,0.40027427673339844,0.010731935501098633,233.0,0.1942797154188156,72.55813598632812,0.04868067800998688,-0.005232861265540123,0.7354720234870911,0.0,0.9997975826263428
34,,,,,,,,-1.5561240911483765,0.00022499999613501132,-0.019076507538557053,0.028429236263036728,0.38785600662231445,0.011543989181518555,240.0,0.19359388947486877,72.55813598632812,0.04868067800998688,-0.005364094395190477,0.6739286780357361,0.0,0.9996747374534607
35,-0.005073624663054943,0.10216502100229263,0.0,0.9998061060905457,0.0,0.0,1.0,-1.5842968225479126,6.666666740784422e-05,-0.029585102573037148,0.022374065592885017,0.3892507553100586,0.01075601577758789,239.0,0.1931091994047165,73.18181610107422,0.09743328392505646,-0.005059650633484125,0.5579718947410583,0.0,0.9998138546943665
36,,,,,,,,-1.5975319147109985,0.00022499999613501132,-0.01676241122186184,0.011064112186431885,0.3884890079498291,0.011343955993652344,240.0,0.1926536113023758,73.77777862548828,0.14487451314926147,-0.005546069238334894,0.0012990456307306886,0.0,0.9997898936271667
37,,,,,,,,-1.628904104232788,9.999999747378752e-05,-0.02191862463951111,0.04520657658576965,0.4141268730163574,0.013206958770751953,224.0,0.19177159667015076,74.89361572265625,0.2777990996837616,-0.005626545753329992,0.1889231652021408,0.0,0.9998197555541992
38,,,,,,,,-1.6421071290969849,0.0001500000071246177,-0.020464640110731125,0.02664405293762684,0.3982107639312744,0.011038064956665039,234.0,0.1920081079006195,74.89361572265625,0.2777990996837616,-0.005449675023555756,1.139388084411621,0.0,0.9997174739837646
39,,,,,,,,-1.6248728036880493,6.666666740784422e-05,-0.02818385511636734,0.005620228126645088,0.40195202827453613,0.011883020401000977,231.0,0.1927327811717987,75.41666412353516,0.33577078580856323,-0.005044948775321245,0.08679725974798203,0.0,0.9998197555541992
40,,,,,,,,-1.5961833000183105,0.0001500000071246177,-0.021235600113868713,0.017089981585741043,0.38706183433532715,0.011416912078857422,240.0,0.19373585283756256,75.91836547851562,0.3740343153476715,-0.00517303915694356,0.02436205744743347,0.0,0.9998531341552734
41,,,,,,,,-1.558593511581421,9.999999747378752e-05,-0.013348592445254326,0.025708172470331192,0.40077781677246094,0.011528968811035156,232.0,0.19459672272205353,76.4000015258789,0.42953038215637207,-0.005501116160303354,0.13078022003173828,0.0,0.9998556971549988
42,-0.005465874448418617,0.5853577256202698,0.0,0.9997972846031189,0.0,0.0,1.0,-1.5357674360275269,6.666666740784422e-05,-0.023121114820241928,0.030112555250525475,0.38732004165649414,0.010390758514404297,241.0,0.19501985609531403,76.86274719238281,0.48305684328079224,-0.004734580405056477,0.7195965647697449,0.0,0.9997742772102356
43,,,,,,,,-1.5227084159851074,0.0001500000071246177,-0.022800985723733902,0.004043731838464737,0.3838059902191162,0.012456893920898438,242.0,0.19536049664020538,77.30769348144531,0.5161388516426086,-0.00575002608820796,0.020324798300862312,0.0,0.9998565316200256
44,,,,,,,,-1.5172309875488281,9.999999747378752e-05,-0.032740168273448944,0.00736644584685564,0.38335728645324707,0.011756658554077148,242.0,0.1952192187309265,77.73584747314453,0.5486192107200623,-0.005104184616357088,0.12453287094831467,0.0,0.9998798370361328
45,,,,,,,,-1.5223088264465332,6.666666740784422e-05,-0.02037450298666954,0.01050211489200592,0.38440585136413574,0.011135101318359375,242.0,0.19508512318134308,78.14814758300781,0.5969125628471375,-0.006257319822907448,0.11795256286859512,0.0,0.9999089241027832
46,,,,,,,,-1.5237038135528564,6.666666740784422e-05,-0.019409554079174995,0.008131427690386772,0.38493895530700684,0.011621952056884766,242.0,0.19511252641677856,78.54545593261719,0.6264678239822388,-0.0047680591233074665,0.3115983009338379,0.0,0.9998477101325989
47,,,,,,,,-1.5271131992340088,0.0001500000071246177,-0.01381412148475647,0.004132780712097883,0.3910362720489502,0.010980844497680664,238.0,0.1948760747909546,78.92857360839844,0.6554631590843201,-0.005004683043807745,0.03237568959593773,0.0,0.9998411536216736
48,,,,,,,,-1.5360015630722046,9.999999747378752e-05,-0.01900801807641983,0.01362435519695282,0.3771646022796631,0.01165628433227539,246.0,0.1946975588798523,79.29824829101562,0.6828827261924744,-0.005523918196558952,0.5344278812408447,0.0,0.9998728632926941
49,,,,,,,,-1.5438079833984375,0.0001500000071246177,-0.02504800260066986,0.007917982526123524,0.3928091526031494,0.011076927185058594,237.0,0.19435791671276093,79.6551742553711,0.7097417116165161,-0.005411660298705101,0.49301400780677795,0.0,0.9999043345451355
50,,,,,,,,-1.5601780414581299,9.999999747378752e-05,-0.028591305017471313,0.00742920720949769,0.3887050151824951,0.01148080825805664,239.0,0.19388891756534576,80.0,0.738309383392334,-0.005409521516412497,0.15980511903762817,0.0,0.9998347163200378
51,,,,,,,,-1.5753862857818604,6.666666740784422e-05,-0.025772390887141228,0.010687408037483692,0.3876831531524658,0.010926961898803711,240.0,0.19354356825351715,80.33333587646484,0.7762640118598938,-0.004945551510900259,0.5049989819526672,0.0,0.9998223781585693
52,,,,,,,,-1.584165096282959,6.666666740784422e-05,-0.01969487965106964,0.011092482134699821,0.36438608169555664,0.010567188262939453,256.0,0.19334302842617035,80.33333587646484,0.7762640118598938,-0.0056389509700238705,0.5192327499389648,0.0,0.9998850226402283
53,,,,,,,,-1.5912938117980957,9.999999747378752e-05,-0.029502741992473602,0.006370188668370247,0.3756883144378662,0.010066986083984375,248.0,0.19306227564811707,80.96774291992188,0.8350653052330017,-0.005930777173489332,0.12421572953462601,0.0,0.9999046325683594
54,,,,,,,,-1.5958491563796997,9.999999747378752e-05,-0.025461792945861816,0.02206176519393921,0.3905649185180664,0.010193109512329102,239.0,0.19319166243076324,81.26984405517578,0.8692766427993774,-0.005592844914644957,0.6346940398216248,0.0,0.999855101108551
55,,,,,,,,-1.585811972618103,6.666666740784422e-05,-0.027562115341424942,0.00832426268607378,0.37357401847839355,0.011214017868041992,249.0,0.1936005800962448,81.5625,0.9023301601409912,-0.0052298977971076965,0.13161437213420868,0.0,0.9998006820678711
56,,,,,,,,-1.5717697143554688,9.999999747378752e-05,-0.02567477710545063,0.02130448818206787,0.379410982131958,0.010932207107543945,245.0,0.1940057873725891,81.5625,0.9023301601409912,-0.006200802978128195,0.630761444568634,0.0,0.9998943209648132
57,,,,,,,,-1.559536337852478,9.999999747378752e-05,-0.028669800609350204,0.004135752096772194,0.37633585929870605,0.010683774948120117,248.0,0.19418221712112427,81.84615325927734,0.923340916633606,-0.0053273518569767475,0.061530668288469315,0.0,0.9998897910118103
58,,,,,,,,-1.5588841438293457,0.0001500000071246177,-0.02582697756588459,0.0376848429441452,0.3943040370941162,0.01053309440612793,237.0,0.19396786391735077,82.3880615234375,0.9765138030052185,-0.0052941408939659595,0.7199835777282715,0.0,0.9998683929443359
59,,,,,,,,-1.5686728954315186,6.666666740784422e-05,-0.02326057106256485,0.01051544863730669,0.3718140125274658,0.011101007461547852,250.0,0.19380614161491394,82.3880615234375,0.9765138030052185,-0.006243071053177118,0.6043515205383301,0.0,0.9997587203979492
60,-0.005626239813864231,0.6055220365524292,0.0,0.9998411536216736,0.0,0.0,1.0,-1.5713231563568115,9.999999747378752e-05,-0.016031205654144287,0.01763872057199478,0.3846147060394287,0.011632204055786133,242.0,0.19389906525611877,82.64705657958984,1.009204387664795,-0.005658566486090422,0.19252552092075348,0.0,0.9998924136161804
61,,,,,,,,-1.5620352029800415,0.00022499999613501132,-0.024540409445762634,0.0024539059959352016,0.3770601749420166,0.010815858840942383,247.0,0.19438184797763824,82.89855194091797,1.0271137952804565,-0.0057619549334049225,0.006587651092559099,0.0,0.9998928904533386
62,,,,,,,,-1.5455464124679565,4.444444493856281e-05,-0.03201167657971382,0.013903656974434853,0.3809971809387207,0.010421991348266602,245.0,0.1947014182806015,83.38027954101562,1.08803129196167,-0.004852113779634237,0.6061040759086609,0.0,0.9998698830604553
63,,,,,,,,-1.5387753248214722,9.999999747378752e-05,-0.016225291416049004,0.019188666716217995,0.3796401023864746,0.010797977447509766,245.0,0.19491100311279297,83.38027954101562,1.08803129196167,-0.005569326225668192,0.47260499000549316,0.0,0.9998045563697815
64,,,,,,,,-1.5324904918670654,6.666666740784422e-05,-0.018183646723628044,0.017133774235844612,0.384368896484375,0.010556936264038086,243.0,0.19503670930862427,83.61111450195312,1.1058099269866943,-0.0049299332313239574,0.48840513825416565,0.0,0.9999011158943176
65,,,,,,,,-1.529969334602356,9.999999747378752e-05,-0.016923746094107628,0.002832408295944333,0.38160204887390137,0.01045083999633789,244.0,0.19517382979393005,83.83561706542969,1.1323256492614746,-0.005113751627504826,0.04096231982111931,0.0,0.9998759627342224
66,,,,,,,,-1.5254119634628296,0.00022499999613501132,-0.01909145526587963,0.009724890813231468,0.3791213035583496,0.010535955429077148,246.0,0.19525164365768433,84.0540542602539,1.1539150476455688,-0.005191317293792963,0.1323266327381134,0.0,0.9999111294746399
67,-0.0048643420450389385,0.14201302826404572,0.0,0.9998736381530762,0.0,0.0,1.0,-1.527284026145935,2.9629629352712072e-05,-0.0167741309851408,0.021868353709578514,0.38411498069763184,0.010872840881347656,243.0,0.19511695206165314,84.26667022705078,1.168850064277649,-0.004976991098374128,0.6339796781539917,0.0,0.9998275637626648
68,,,,,,,,-1.533353328704834,0.0001500000071246177,-0.01639258675277233,0.003442313289269805,0.3864738941192627,0.010863065719604492,241.0,0.19485990703105927,84.47368621826172,1.1930010318756104,-0.0055259820073843,0.026150858029723167,0.0,0.9999009966850281
69,,,,,,,,-1.5468281507492065,4.444444493856281e-05,-0.02872619405388832,0.013614827767014503,0.38402509689331055,0.011043071746826172,242.0,0.1944931149482727,84.67532348632812,1.2065925598144531,-0.0054039605893194675,0.5237619876861572,0.0,0.9998745918273926
70,,,,,,,,-1.5551615953445435,9.999999747378752e-05,-0.018760783597826958,0.008774517104029655,0.38351917266845703,0.010516881942749023,243.0,0.1944453865289688,84.87179565429688,1.2296432256698608,-0.0052354284562170506,0.14445899426937103,0.0,0.9999054074287415
71,,,,,,,,-1.551957130432129,0.0001500000071246177,-0.036763451993465424,0.006628274451941252,0.38366270065307617,0.010257244110107422,243.0,0.1946486532688141,85.06329345703125,1.2421001195907593,-0.005157570820301771,0.30118095874786377,0.0,0.9998385310173035
72,,,,,,,,-1.5374505519866943,6.666666740784422e-05,-0.02287832461297512,0.015554356388747692,0.3830280303955078,0.010448932647705078,243.0,0.19503645598888397,85.25,1.2643979787826538,-0.0050024488009512424,0.40508732199668884,0.0,0.999844491481781
73,,,,,,,,-1.526594638824463,4.444444493856281e-05,-0.022120730951428413,0.003414053237065673,0.3949317932128906,0.010712146759033203,236.0,0.19524873793125153,85.43209838867188,1.2767795324325562,-0.004851888865232468,0.16915249824523926,0.0,0.9999022483825684
74,,,,,,,,-1.5184754133224487,0.00022499999613501132,-0.020946864038705826,0.019497577100992203,0.39351487159729004,0.010671138763427734,237.0,0.19549088180065155,85.60975646972656,1.2887645959854126,-0.005524076987057924,0.4857344627380371,0.0,0.9999241828918457
75,,,,,,,,-1.511763334274292,4.444444493856281e-05,-0.031987469643354416,0.00497544277459383,0.38226819038391113,0.01077413558959961,244.0,0.19549478590488434,85.78313446044922,1.3102781772613525,-0.005178610794246197,0.15325917303562164,0.0,0.9998483657836914
76,,,,,,,,-1.5124098062515259,6.666666740784422e-05,-0.026475880295038223,0.0039789509028196335,0.388887882232666,0.011165142059326172,239.0,0.19549791514873505,85.95237731933594,1.3222426176071167,-0.005098180379718542,0.11891260743141174,0.0,0.9998645782470703
77,,,,,,,,-1.5061531066894531,0.0005062500131316483,-0.008151654154062271,0.0051537444815039635,0.3697237968444824,0.010906219482421875,252.0,0.1960671991109848,85.95237731933594,1.3222426176071167,-0.004934009630233049,0.1594395488500595,0.0,0.9999095797538757
78,,,,,,,,-1.4770797491073608,4.444444493856281e-05,-0.0215741079300642,0.0036118917632848024,0.37934207916259766,0.010745048522949219,246.0,0.19667498767375946,86.27906799316406,1.35182523727417,-0.005429914686828852,0.11837729811668396,0.0,0.9999333024024963
79,,,,,,,,-1.4656040668487549,0.0001500000071246177,-0.00952349603176117,0.003912562970072031,0.3944282531738281,0.010710000991821289,236.0,0.1969679892063141,86.43678283691406,1.3619647026062012,-0.005448606330901384,0.30618032813072205,0.0,0.9998819231987
80,,,,,,,,-1.458045244216919,4.444444493856281e-05,-0.015543321147561073,0.008194180205464363,0.37087583541870117,0.01061391830444336,251.0,0.19701531529426575,86.59091186523438,1.372578501701355,-0.005392363294959068,0.36815330386161804,0.0,0.9998233914375305
81,,,,,,,,-1.4584110975265503,6.666666740784422e-05,-0.0198713056743145,0.0023882475215941668,0.3733799457550049,0.011095046997070312,249.0,0.1970006823539734,86.59091186523438,1.372578501701355,-0.005567039828747511,0.12638330459594727,0.0,0.9999253749847412
82,,,,,,,,-1.457349181175232,6.666666740784422e-05,-0.018482906743884087,0.0026479228399693966,0.37419700622558594,0.01042485237121582,249.0,0.1971176415681839,86.74156951904297,1.382337212562561,-0.005419937893748283,0.07259231805801392,0.0,0.99993497133255
83,,,,,,,,-1.4463773965835571,9.999999747378752e-05,-0.01567475125193596,0.03368685021996498,0.3909308910369873,0.010238170623779297,239.0,0.19770629703998566,87.03296661376953,1.4096113443374634,-0.005712898448109627,0.7310211658477783,0.0,0.9998748302459717
84,,,,,,,,-1.4217389822006226,9.999999747378752e-05,-0.018556546419858932,0.00614941818639636,0.3725581169128418,0.011101961135864258,250.0,0.19830763339996338,87.03296661376953,1.4096113443374634,-0.005085011478513479,0.4193667471408844,0.0,0.999826967716217
85,-0.005057596601545811,0.12369687855243683,0.0,0.9999032616615295,0.0,0.0,1.0,-1.4112296104431152,6.666666740784422e-05,-0.018400399014353752,0.006758794654160738,0.3804450035095215,0.010043144226074219,245.0,0.19815509021282196,87.17391204833984,1.4186056852340698,-0.005199882667511702,0.41696521639823914,0.0,0.9999143481254578
86,,,,,,,,-1.416293740272522,9.999999747378752e-05,-0.02727855183184147,0.0018756729550659657,0.38245105743408203,0.011310100555419922,243.0,0.19811351597309113,87.31182861328125,1.4305909872055054,-0.005104594398289919,0.0019660370890051126,0.0,0.9999043941497803
87,,,,,,,,-1.4148706197738647,6.666666740784422e-05,-0.020494548603892326,0.006235173903405666,0.38042378425598145,0.010388374328613281,245.0,0.19810183346271515,87.57894897460938,1.461279034614563,-0.005249928683042526,0.48198214173316956,0.0,0.9998945593833923
88,,,,,,,,-1.4225455522537231,6.666666740784422e-05,-0.022435331717133522,0.015485113486647606,0.3826570510864258,0.010874032974243164,243.0,0.1976439207792282,87.57894897460938,1.461279034614563,-0.005758889485150576,0.6442548632621765,0.0,0.9998271465301514
89,,,,,,,,-1.4397974014282227,9.999999747378752e-05,-0.025593457743525505,0.026314279064536095,0.38050413131713867,0.010374784469604492,245.0,0.19717593491077423,87.70833587646484,1.4751290082931519,-0.005940593779087067,0.5120623707771301,0.0,0.9999184608459473
90,,,,,,,,-1.4489182233810425,9.999999747378752e-05,-0.014913566410541534,0.002547000302001834,0.3749680519104004,0.01037907600402832,249.0,0.19728633761405945,87.83505249023438,1.4884151220321655,-0.005280012730509043,0.04394850134849548,0.0,0.999886691570282
91,,,,,,,,-1.444474697113037,0.0001500000071246177,-0.02264801599085331,0.006896913982927799,0.3776712417602539,0.010622978210449219,247.0,0.1972108781337738,87.95918273925781,1.5038421154022217,-0.005721656139940023,0.2897673547267914,0.0,0.9999012351036072
92,-0.005504881031811237,0.19090358912944794,0.0,0.9999003410339355,0.0,0.0,1.0,-1.4596387147903442,9.999999747378752e-05,-0.02563498727977276,0.02920820564031601,0.38324785232543945,0.010715246200561523,243.0,0.19645382463932037,88.080810546875,1.5125972032546997,-0.005649929400533438,1.0904960632324219,0.0,0.9998237490653992
93,,,,,,,,-1.489052176475525,9.999999747378752e-05,-0.0243922658264637,0.0040182811208069324,0.38426899909973145,0.010515928268432617,243.0,0.19553406536579132,88.19999694824219,1.52800714969635,-0.004760015290230513,0.019406868144869804,0.0,0.9998673796653748
94,,,,,,,,-1.5157347917556763,9.999999747378752e-05,-0.01850801706314087,0.011289587244391441,0.3775012493133545,0.01055002212524414,247.0,0.19521328806877136,89.06999969482422,1.600827693939209,-0.0054179467260837555,0.5450813174247742,0.0,0.9998774528503418
95,,,,,,,,-1.5204381942749023,4.444444493856281e-05,-0.02271149680018425,0.030535921454429626,0.3829078674316406,0.010790109634399414,243.0,0.19516055285930634,89.94000244140625,1.6782242059707642,-0.0053794048726558685,0.15045113861560822,0.0,0.9999144673347473
96,,,,,,,,-1.5226824283599854,0.0001500000071246177,-0.015119039453566074,0.027893247082829475,0.3829331398010254,0.010874032974243164,243.0,0.1951415240764618,90.77999877929688,1.754819631576538,-0.005540518090128899,1.038021206855774,0.0,0.9998467564582825
97,,,,,,,,-1.519496202468872,6.666666740784422e-05,-0.01676364429295063,0.003716660663485527,0.38487696647644043,0.010982990264892578,242.0,0.19525527954101562,91.62000274658203,1.8318023681640625,-0.0056338743306696415,0.041125208139419556,0.0,0.9998536109924316
98,,,,,,,,-1.5115729570388794,0.0001500000071246177,-0.025193726643919945,0.0072824652306735516,0.3677990436553955,0.011241912841796875,253.0,0.19580382108688354,92.4800033569336,1.9017248153686523,-0.005501133855432272,0.4781706631183624,0.0,0.9998964667320251
99,,,,,,,,-1.4882559776306152,9.999999747378752e-05,-0.010505296289920807,0.004916147794574499,0.3895890712738037,0.01073002815246582,239.0,0.19633136689662933,93.33000183105469,1.9794907569885254,-0.005042752251029015,0.41595813632011414,0.0,0.9999256730079651
100,,,,,,,,-1.4845917224884033,0.0005062500131316483,-0.012109608389437199,0.013890199363231659,0.3850729465484619,0.01065206527709961,242.0,0.19597318768501282,94.1500015258789,2.0539662837982178,-0.0060181207954883575,0.6133474111557007,0.0,0.9998317360877991
101,,,,,,,,-1.511722445487976,6.666666740784422e-05,-0.018152426928281784,0.007075517438352108,0.3838071823120117,0.010294675827026367,243.0,0.19536052644252777,95.01000213623047,2.130066394805908,-0.00548694608733058,0.3253990709781647,0.0,0.999836266040802
102,,,,,,,,-1.5223073959350586,6.666666740784422e-05,-0.01584216021001339,0.0047690607607364655,0.3660087585449219,0.010894060134887695,254.0,0.1953171044588089,95.01000213623047,2.130066394805908,-0.004523391369730234,0.4813876450061798,0.0,0.999906599521637
103,,,,,,,,-1.5218448638916016,9.999999747378752e-05,-0.022733913734555244,0.014105905778706074,0.3782219886779785,0.010702848434448242,246.0,0.19536758959293365,95.55000305175781,2.1909914016723633,-0.005039982032030821,0.18022489547729492,0.0,0.999925434589386
104,,,,,,,,-1.515565037727356,6.666666740784422e-05,-0.024532435461878777,0.02936498448252678,0.3940861225128174,0.010205984115600586,237.0,0.19577693939208984,96.36000061035156,2.2619824409484863,-0.005858383607119322,0.17636919021606445,0.0,0.999846875667572
105,,,,,,,,-1.4959064722061157,9.999999747378752e-05,-0.016703709959983826,0.008427595719695091,0.37572598457336426,0.010478973388671875,248.0,0.1965000480413437,96.36000061035156,2.252815008163452,-0.005589733365923166,0.1717699021100998,0.0,0.9998173117637634
106,,,,,,,,-1.4793015718460083,6.666666740784422e-05,-0.017408961430191994,0.0038468565326184034,0.3817591667175293,0.010190963745117188,244.0,0.19662883877754211,96.36000061035156,2.252815008163452,-0.005156874191015959,0.1945478320121765,0.0,0.9999147057533264
107,,,,,,,,-1.478989839553833,9.999999747378752e-05,-0.02174563519656658,0.0030575902201235294,0.37598299980163574,0.010978937149047852,248.0,0.19666022062301636,97.22000122070312,2.3235630989074707,-0.005139763932675123,0.13721446692943573,0.0,0.9999256134033203
108,,,,,,,,-1.478831171989441,0.0001500000071246177,-0.011412100866436958,0.02850581891834736,0.3952188491821289,0.010661125183105469,236.0,0.19671812653541565,97.22000122070312,2.314248561859131,-0.005212010815739632,0.6965833306312561,0.0,0.9998717308044434
109,,,,,,,,-1.4858641624450684,4.444444493856281e-05,-0.020526915788650513,0.014100947417318821,0.37312984466552734,0.010504961013793945,250.0,0.1963399201631546,97.22000122070312,2.314248561859131,-0.005063436459749937,0.5003262758255005,0.0,0.999830424785614
110,-0.005362291820347309,0.26675334572792053,0.0,0.9998871088027954,0.0,0.0,1.0,-1.4952672719955444,9.999999747378752e-05,-0.018399618566036224,0.015191384591162205,0.3816511631011963,0.01065206527709961,244.0,0.19621948897838593,98.05999755859375,2.385719060897827,-0.005295339971780777,0.14255888760089874,0.0,0.9999238848686218
111,,,,,,,,-1.5004138946533203,9.999999747378752e-05,-0.02452721819281578,0.0018478448037058115,0.37601304054260254,0.01024484634399414,248.0,0.19608519971370697,98.91999816894531,2.4571425914764404,-0.005240201484411955,0.006399387028068304,0.0,0.9999179244041443
112,,,,,,,,-1.5064773559570312,6.666666740784422e-05,-0.010829050093889236,0.011314409784972668,0.3822040557861328,0.011473894119262695,243.0,0.19592216610908508,98.91999816894531,2.451880931854248,-0.006139952689409256,0.5420584082603455,0.0,0.9998810291290283
113,,,,,,,,-1.5127310752868652,6.666666740784422e-05,-0.023874733597040176,0.010057111270725727,0.38451480865478516,0.01093602180480957,242.0,0.1957366168498993,98.91999816894531,2.451880931854248,-0.005340677220374346,0.8088019490242004,0.0,0.9998095035552979
114,,,,,,,,-1.5194936990737915,6.666666740784422e-05,-0.02087022364139557,0.002319126157090068,0.3802511692047119,0.011032819747924805,245.0,0.19558148086071014,98.91999816894531,2.452242612838745,-0.005224210675805807,0.31200453639030457,0.0,0.9998964667320251
115,,,,,,,,-1.5238500833511353,9.999999747378752e-05,-0.018609650433063507,0.0009239708888344467,0.37616515159606934,0.011943817138671875,247.0,0.19551050662994385,98.91999816894531,2.4588143825531006,-0.00633053807541728,0.039933942258358,0.0,0.9998906254768372
116,,,,,,,,-1.5183509588241577,6.666666740784422e-05,-0.029323920607566833,0.009025263600051403,0.3751838207244873,0.011250972747802734,248.0,0.19586484134197235,98.91999816894531,2.4666993618011475,-0.005395606625825167,0.4375021159648895,0.0,0.999897301197052
117,-0.005770972929894924,0.36186087131500244,0.0,0.9998703598976135,0.0,0.0,1.0,-1.5033389329910278,9.999999747378752e-05,-0.011029279790818691,0.029134031385183334,0.38385987281799316,0.011222124099731445,242.0,0.19621989130973816,99.26000213623047,2.528834819793701,-0.005992664489895105,0.951138436794281,0.0,0.9998331069946289
118,,,,,,,,-1.4901622533798218,6.666666740784422e-05,-0.017049552872776985,0.0022412037942558527,0.38338780403137207,0.010556221008300781,243.0,0.19654035568237305,99.26000213623047,2.533302068710327,-0.005567896645516157,0.024075398221611977,0.0,0.9998769760131836
119,,,,,,,,-1.4777847528457642,0.00022499999613501132,-0.009868742898106575,0.008350773714482784,0.3770618438720703,0.011178970336914062,247.0,0.1969454139471054,99.26000213623047,2.5396549701690674,-0.005264756735414267,0.49281013011932373,0.0,0.9998846650123596
120,,,,,,,,-1.464008092880249,6.666666740784422e-05,-0.023623879998922348,0.00539724575355649,0.37932777404785156,0.011152982711791992,245.0,0.19710536301136017,99.26000213623047,2.5453226566314697,-0.005189321469515562,0.46035340428352356,0.0,0.9999073147773743
121,,,,,,,,-1.4662433862686157,6.666666740784422e-05,-0.026042377576231956,0.020335238426923752,0.38295412063598633,0.01063084602355957,243.0,0.19692456722259521,99.26000213623047,2.5397064685821533,-0.00504626939073205,0.6249774098396301,0.0,0.9998406767845154
122,,,,,,,,-1.469386100769043,6.666666740784422e-05,-0.013018382713198662,0.0024686220567673445,0.39414501190185547,0.011829137802124023,236.0,0.1969810277223587,99.26000213623047,2.547131061553955,-0.005811305250972509,0.0314653255045414,0.0,0.9998547434806824
123,,,,,,,,-1.4689624309539795,0.00022499999613501132,-0.018750810995697975,0.011420330964028835,0.38108396530151367,0.012005090713500977,244.0,0.19695885479450226,99.26000213623047,2.5534849166870117,-0.005838416516780853,0.2913973927497864,0.0,0.9998874664306641
124,,,,,,,,-1.4710506200790405,9.999999747378752e-05,-0.023752428591251373,0.005416493862867355,0.4000968933105469,0.011094093322753906,233.0,0.19692456722259521,99.26000213623047,2.5567266941070557,-0.005308741237968206,0.41137340664863586,0.0,0.9999292492866516
125,,,,,,,,-1.4710441827774048,6.666666740784422e-05,-0.018134310841560364,0.009204057976603508,0.39491891860961914,0.012639045715332031,235.0,0.19704315066337585,99.62000274658203,2.6083908081054688,-0.005759952124208212,0.46086812019348145,0.0,0.9998405575752258
126,,,,,,,,-1.4673347473144531,0.00022499999613501132,-0.014561678282916546,0.004066966008394957,0.39986491203308105,0.01141810417175293,233.0,0.19717919826507568,99.62000274658203,2.611926317214966,-0.005380554124712944,0.38967689871788025,0.0,0.9998465180397034
127,,,,,,,,-1.4680306911468506,6.666666740784422e-05,-0.008217107504606247,0.016825707629323006,0.3823080062866211,0.01170492172241211,243.0,0.19695694744586945,99.62000274658203,2.611926317214966,-0.005096339154988527,0.12296354025602341,0.0,0.9999058246612549
128,,,,,,,,-1.474043607711792,6.666666740784422e-05,-0.025366779416799545,0.012801527976989746,0.3919200897216797,0.011114120483398438,238.0,0.19690430164337158,99.62000274658203,2.607229709625244,-0.005048723425716162,0.4463396370410919,0.0,0.9999263882637024
129,,,,,,,,-1.4765288829803467,4.444444493856281e-05,-0.02099851332604885,0.004630622919648886,0.39742398262023926,0.010538101196289062,235.0,0.19681181013584137,99.62000274658203,2.612898111343384,-0.005865887273102999,0.3517318069934845,0.0,0.9998578429222107
130,,,,,,,,-1.4831222295761108,0.0001500000071246177,-0.017190223559737206,0.0051089185290038586,0.37808680534362793,0.010754108428955078,246.0,0.19649288058280945,99.62000274658203,2.6132254600524902,-0.005614011082798243,0.22207139432430267,0.0,0.999836266040802
131,,,,,,,,-1.4913814067840576,6.666666740784422e-05,-0.025056546553969383,0.004650208167731762,0.3793480396270752,0.010071992874145508,246.0,0.196510449051857,99.62000274658203,2.6132254600524902,-0.005672106519341469,0.1844979077577591,0.0,0.9999035000801086
132,,,,,,,,-1.4893003702163696,6.666666740784422e-05,-0.02303100749850273,0.0016573849134147167,0.3764662742614746,0.011123895645141602,247.0,0.19659800827503204,99.62000274658203,2.6199750900268555,-0.005552530288696289,0.06283146888017654,0.0,0.999898374080658
133,,,,,,,,-1.4896472692489624,9.999999747378752e-05,-0.013837539590895176,0.0018131390679627657,0.39661407470703125,0.011219024658203125,235.0,0.19646599888801575,100.0,2.6822211742401123,-0.00617670314386487,0.26715362071990967,0.0,0.9998663067817688
134,,,,,,,,-1.498729944229126,4.444444493856281e-05,-0.015609015710651875,0.0007126700947992504,0.37151098251342773,0.0104827880859375,251.0,0.1961362510919571,100.0,2.6822211742401123,-0.005578470882028341,0.204148530960083,0.0,0.9998037219047546
135,-0.005854957737028599,0.17711800336837769,0.0,0.9998593330383301,0.0,0.0,1.0,-1.5104124546051025,0.0001500000071246177,-0.014385463669896126,0.002860441105440259,0.38528013229370117,0.011043787002563477,242.0,0.19568297266960144,100.0,2.68316650390625,-0.005893263965845108,0.14224715530872345,0.0,0.9999094009399414
136,,,,,,,,-1.5173101425170898,4.444444493856281e-05,-0.029365932568907738,0.0006751029868610203,0.3789699077606201,0.010404109954833984,246.0,0.19592775404453278,100.0,2.6837306022644043,-0.005202116910368204,0.033576395362615585,0.0,0.9999103546142578
137,,,,,,,,-1.5030109882354736,0.0001500000071246177,-0.017281461507081985,0.0031699230894446373,0.38307809829711914,0.010535955429077148,243.0,0.19648031890392303,100.0,2.666285276412964,-0.005395845975726843,0.28947076201438904,0.0,0.9998740553855896
138,,,,,,,,-1.4913452863693237,6.666666740784422e-05,-0.032106392085552216,0.0015228355769068003,0.38544702529907227,0.010726213455200195,242.0,0.19645746052265167,100.0,2.666285276412964,-0.005926862359046936,0.3054393529891968,0.0,0.9998066425323486
139,,,,,,,,-1.5007647275924683,0.0001500000071246177,-0.011456137523055077,0.0006094519048929214,0.38224291801452637,0.010684013366699219,244.0,0.196028932929039,100.0,2.667569398880005,-0.005782268941402435,0.13050496578216553,0.0,0.9998919367790222
140,,,,,,,,-1.5247712135314941,9.999999747378752e-05,-0.03493237867951393,0.0011730355909094214,0.378262996673584,0.010626077651977539,246.0,0.19527871906757355,100.0,2.6690804958343506,-0.005352980922907591,0.01889215037226677,0.0,0.9999043345451355
141,,,,,,,,-1.543375015258789,6.666666740784422e-05,-0.020713167265057564,0.03281412646174431,0.3771960735321045,0.010214805603027344,247.0,0.19497902691364288,100.0,2.6599843502044678,-0.005007586907595396,0.5500906109809875,0.0,0.9998845458030701
142,-0.005761505104601383,0.1982564479112625,0.0,0.9998562932014465,0.0,0.0,1.0,-1.5560026168823242,9.999999747378752e-05,-0.015131100080907345,0.03550411015748978,0.3865981101989746,0.010197162628173828,241.0,0.1944044679403305,100.0,2.6510064601898193,-0.005419813562184572,0.7622161507606506,0.0,0.9998183250427246
143,,,,,,,,-1.5734671354293823,2.9629629352712072e-05,-0.027437858283519745,0.000577351835090667,0.4110450744628906,0.01910710334777832,223.0,0.19422712922096252,100.0,2.643153667449951,-0.006053955759853125,0.07323453575372696,0.0,0.9998829960823059
144,,,,,,,,-1.5758609771728516,0.00022499999613501132,-0.01528867520391941,0.009492728859186172,0.43569087982177734,0.012346029281616211,214.0,0.19424942135810852,100.0,2.6514437198638916,-0.005600007716566324,0.4886917173862457,0.0,0.9998802542686462
145,,,,,,,,-1.5735689401626587,9.999999747378752e-05,-0.014199991710484028,0.017754612490534782,0.38335394859313965,0.010992050170898438,243.0,0.1943613737821579,100.0,2.6516103744506836,-0.005882470402866602,0.5104909539222717,0.0,0.9998990893363953
146,,,,,,,,-1.570838451385498,6.666666740784422e-05,-0.026357214897871017,0.0195121131837368,0.38138794898986816,0.01088714599609375,244.0,0.1945296674966812,100.0,2.6437156200408936,-0.00537042086943984,0.7394786477088928,0.0,0.999819278717041
147,,,,,,,,-1.5660696029663086,6.666666740784422e-05,-0.02825332060456276,0.00825519859790802,0.38785290718078613,0.010246992111206055,241.0,0.19466806948184967,100.0,2.65146541595459,-0.005917118396610022,0.02456098236143589,0.0,0.9998605847358704
148,,,,,,,,-1.5580997467041016,6.666666740784422e-05,-0.02861655130982399,0.014182365499436855,0.362015962600708,0.010894775390625,257.0,0.19501608610153198,100.0,2.658773899078369,-0.0055760834366083145,0.15611422061920166,0.0,0.9998870491981506
149,,,,,,,,-1.5487853288650513,6.666666740784422e-05,-0.008588801138103008,0.024486899375915527,0.391834020614624,0.010518074035644531,238.0,0.19517217576503754,100.0,2.6584179401397705,-0.005816671531647444,0.5968015789985657,0.0,0.9999002814292908
150,,,,,,,,-1.5469335317611694,0.0001500000071246177,-0.020949045196175575,0.02676481008529663,0.3850228786468506,0.011247873306274414,242.0,0.19509932398796082,100.0,2.6594107151031494,-0.005542451050132513,0.6912358403205872,0.0,0.999806821346283
151,,,,,,,,-1.5560734272003174,4.444444493856281e-05,-0.02284219115972519,0.0073211919516325,0.38498806953430176,0.010360956192016602,242.0,0.1948748528957367,100.0,2.6597900390625,-0.005362574476748705,0.532624363899231,0.0,0.9998112320899963
152,,,,,,,,-1.5624133348464966,6.666666740784422e-05,-0.022869817912578583,0.011671444401144981,0.36884617805480957,0.010793924331665039,252.0,0.19480441510677338,100.0,2.6597900390625,-0.006014577578753233,0.6054708361625671,0.0,0.9998807907104492
153,,,,,,,,-1.56419038772583,9.999999747378752e-05,-0.015603352338075638,0.005736338905990124,0.38152503967285156,0.011162042617797852,244.0,0.19477982819080353,100.0,2.6792125701904297,-0.006204880774021149,0.4162066876888275,0.0,0.9998998641967773
154,,,,,,,,-1.5644890069961548,6.666666740784422e-05,-0.022461988031864166,0.015150760300457478,0.39455199241638184,0.012059926986694336,236.0,0.19485899806022644,100.0,2.685859441757202,-0.005627365782856941,0.6318449974060059,0.0,0.9998294711112976
155,,,,,,,,-1.5573582649230957,6.666666740784422e-05,-0.02474154904484749,0.01478498987853527,0.3756978511810303,0.010540008544921875,248.0,0.19516749680042267,100.0,2.687199592590332,-0.00609191507101059,0.46624159812927246,0.0,0.9997761845588684
156,,,,,,,,-1.5416016578674316,6.666666740784422e-05,-0.023927170783281326,0.03830549865961075,0.380706787109375,0.011058330535888672,245.0,0.1957508772611618,100.0,2.687199592590332,-0.00559646263718605,0.25593364238739014,0.0,0.9998896718025208
157,,,,,,,,-1.5198192596435547,0.00022499999613501132,-0.01730005070567131,0.0031301805283874273,0.37618422508239746,0.010846853256225586,248.0,0.19646966457366943,100.0,2.6858513355255127,-0.005742879584431648,0.09781402349472046,0.0,0.9999004006385803
158,,,,,,,,-1.4825140237808228,9.999999747378752e-05,-0.020646382123231888,0.021126439794898033,0.39263105392456055,0.010885953903198242,237.0,0.19746744632720947,100.0,2.694028854370117,-0.00614867964759469,0.806093156337738,0.0,0.9998562932014465
159,,,,,,,,-1.4605954885482788,6.666666740784422e-05,-0.014321894384920597,0.010988087393343449,0.3707237243652344,0.010723114013671875,251.0,0.19754301011562347,100.0,2.694028854370117,-0.00504261301830411,0.599312424659729,0.0,0.999783456325531
160,-0.00528737623244524,0.2456962913274765,0.0,0.9998588562011719,0.0,0.0,1.0,-1.4620938301086426,6.666666740784422e-05,-0.02049148827791214,0.009153991006314754,0.3831639289855957,0.011376142501831055,243.0,0.19739238917827606,100.0,2.6889872550964355,-0.0056245457381010056,0.2589903771877289,0.0,0.9998979568481445
161,,,,,,,,-1.4714549779891968,0.0001500000071246177,-0.020016098394989967,0.0019021100597456098,0.38280200958251953,0.010936975479125977,243.0,0.19693231582641602,100.0,2.692563056945801,-0.00537882000207901,0.004291893448680639,0.0,0.9998931288719177
162,,,,,,,,-1.4877935647964478,6.666666740784422e-05,-0.02023179456591606,0.02033691667020321,0.384490966796875,0.010839223861694336,242.0,0.19656889140605927,100.0,2.700737714767456,-0.0055716149508953094,0.3281344473361969,0.0,0.999873161315918
163,,,,,,,,-1.4945321083068848,4.444444493856281e-05,-0.017135029658675194,0.048359811305999756,0.38268375396728516,0.010680198669433594,244.0,0.19653542339801788,100.0,2.700737714767456,-0.005959365516901016,1.1976224184036255,0.0,0.9997789859771729
164,,,,,,,,-1.4921413660049438,4.444444493856281e-05,-0.013661285862326622,0.001565055106766522,0.38461804389953613,0.010452032089233398,242.0,0.19667184352874756,100.0,2.6935904026031494,-0.005346936639398336,0.17401278018951416,0.0,0.9998697638511658
165,,,,,,,,-1.4885451793670654,6.666666740784422e-05,-0.019477324560284615,0.007476038299500942,0.380202054977417,0.011401891708374023,245.0,0.1966462880373001,100.0,2.695768117904663,-0.005509205628186464,0.03475078195333481,0.0,0.9998807907104492
166,,,,,,,,-1.4885753393173218,9.999999747378752e-05,-0.018453001976013184,0.027721939608454704,0.38067007064819336,0.011339902877807617,244.0,0.1967548131942749,100.0,2.6942508220672607,-0.005443803500384092,0.6637604236602783,0.0,0.9998688101768494
167,-0.005504583474248648,0.6737833023071289,0.0,0.9998376965522766,0.0,0.0,1.0,-1.4781893491744995,4.444444493856281e-05,-0.02803395688533783,0.029597539454698563,0.387606143951416,0.01106405258178711,240.0,0.19716176390647888,100.0,2.6963798999786377,-0.00530344620347023,0.7735464572906494,0.0,0.9997846484184265
168,,,,,,,,-1.4681402444839478,2.9629629352712072e-05,-0.03712376952171326,0.0018952847458422184,0.38867807388305664,0.011232137680053711,240.0,0.1973024606704712,100.0,2.6966135501861572,-0.005352261941879988,0.030509477481245995,0.0,0.999863862991333
169,,,,,,,,-1.4665601253509521,6.666666740784422e-05,-0.016187863424420357,0.007655587512999773,0.3804810047149658,0.010608911514282227,245.0,0.19723880290985107,100.0,2.6987268924713135,-0.005566405598074198,0.5091218948364258,0.0,0.9998795986175537
170,,,,,,,,-1.469235897064209,9.999999747378752e-05,-0.013197793625295162,0.02517986297607422,0.37784290313720703,0.01098012924194336,246.0,0.1972459852695465,100.0,2.7028093338012695,-0.0048612491227686405,0.6559463739395142,0.0,0.9998871684074402
171,,,,,,,,-1.4718667268753052,9.999999747378752e-05,-0.02068808302283287,0.023452678695321083,0.3849020004272461,0.010322093963623047,242.0,0.19709941744804382,100.0,2.703415632247925,-0.005713412072509527,0.9246087074279785,0.0,0.9997885823249817
172,,,,,,,,-1.474308729171753,6.666666740784422e-05,-0.011653349734842777,0.0048284027725458145,0.38881802558898926,0.01098179817199707,240.0,0.19726912677288055,100.0,2.7036330699920654,-0.005537375807762146,0.04548131301999092,0.0,0.9998171925544739
173,,,,,,,,-1.4731324911117554,6.666666740784422e-05,-0.021503018215298653,0.0075811841525137424,0.3657670021057129,0.01108407974243164,254.0,0.19708506762981415,100.0,2.7137179374694824,-0.005931774154305458,0.21436817944049835,0.0,0.9998679757118225
174,,,,,,,,-1.4768939018249512,6.666666740784422e-05,-0.018190579488873482,0.009823685511946678,0.3927490711212158,0.011085987091064453,237.0,0.19715721905231476,100.0,2.71097731590271,-0.005529370624572039,0.6021774411201477,0.0,0.9998902678489685
175,,,,,,,,-1.4730316400527954,4.444444493856281e-05,-0.031008491292595863,0.01432744599878788,0.38756513595581055,0.010724067687988281,241.0,0.19726444780826569,100.0,2.7199113368988037,-0.005355922970920801,0.3038983941078186,0.0,0.9997946619987488
176,,,,,,,,-1.469662070274353,0.0001500000071246177,-0.01150487456470728,0.01107699889689684,0.3935861587524414,0.011244773864746094,237.0,0.1973351091146469,100.0,2.7136619091033936,-0.005670488346368074,0.16321320831775665,0.0,0.9997938275337219
177,,,,,,,,-1.4603538513183594,6.666666740784422e-05,-0.031447459012269974,0.002920677186921239,0.36934494972229004,0.011244058609008789,252.0,0.1977364867925644,100.0,2.7136619091033936,-0.005634745117276907,0.21209685504436493,0.0,0.9998685717582703
178,,,,,,,,-1.4493240118026733,6.666666740784422e-05,-0.026094399392604828,0.005053892731666565,0.38036084175109863,0.011368989944458008,245.0,0.19790054857730865,100.0,2.7246921062469482,-0.006028732750564814,0.14777153730392456,0.0,0.9999000430107117
179,,,,,,,,-1.4481852054595947,4.444444493856281e-05,-0.03282550722360611,0.008628582581877708,0.3917417526245117,0.010619878768920898,238.0,0.1977420598268509,100.0,2.717824697494507,-0.005623405333608389,0.2557830810546875,0.0,0.9998373985290527
180,,,,,,,,-1.4510149955749512,9.999999747378752e-05,-0.011848787777125835,0.0032381555065512657,0.37484192848205566,0.010873079299926758,248.0,0.19783569872379303,100.0,2.7186412811279297,-0.005761612206697464,0.2313225269317627,0.0,0.9997622966766357
181,,,,,,,,-1.4474835395812988,4.444444493856281e-05,-0.022541437298059464,0.04779690131545067,0.38083791732788086,0.010408878326416016,245.0,0.1978900134563446,100.0,2.7186412811279297,-0.00548134371638298,0.7065163254737854,0.0,0.9998733997344971
182,,,,,,,,-1.444699764251709,6.666666740784422e-05,-0.016077842563390732,0.002230000449344516,0.3765370845794678,0.01023411750793457,248.0,0.19806385040283203,100.0,2.712218999862671,-0.005575515795499086,0.3102065622806549,0.0,0.999873697757721
183,,,,,,,,-1.43088698387146,6.666666740784422e-05,-0.02224375493824482,0.0016549467109143734,0.39260125160217285,0.010811805725097656,237.0,0.19862964749336243,100.0,2.716240406036377,-0.005523724015802145,0.31327053904533386,0.0,0.9998080730438232
184,,,,,,,,-1.4167202711105347,9.999999747378752e-05,-0.013695089146494865,0.02946392074227333,0.3766200542449951,0.010695934295654297,247.0,0.19875521957874298,100.0,2.716240406036377,-0.006319205742329359,0.6554279923439026,0.0,0.9997504353523254
185,-0.005397406872361898,0.6781586408615112,0.0,0.9998230934143066,0.0,0.0,1.0,-1.4198936223983765,6.666666740784422e-05,-0.018707016482949257,0.07362585514783859,0.38511085510253906,0.011077880859375,242.0,0.19868990778923035,100.0,2.7267322540283203,-0.005351230502128601,0.8306853175163269,0.0,0.9998642802238464
186,,,,,,,,-1.4162975549697876,9.999999747378752e-05,-0.013958243653178215,0.0033788029104471207,0.37721800804138184,0.010483980178833008,247.0,0.1991950422525406,100.0,2.7321438789367676,-0.005832958500832319,0.006172328721731901,0.0,0.99986332654953
187,,,,,,,,-1.3958065509796143,9.999999747378752e-05,-0.020867718383669853,0.029121380299329758,0.3860330581665039,0.010944128036499023,241.0,0.19983813166618347,100.0,2.7360470294952393,-0.005883852019906044,0.8524274826049805,0.0,0.9998371005058289
188,,,,,,,,-1.3817195892333984,4.444444493856281e-05,-0.018536098301410675,0.02170782908797264,0.38088393211364746,0.011475801467895508,244.0,0.19994081556797028,100.0,2.7360470294952393,-0.0054744333028793335,0.8961524963378906,0.0,0.9997414946556091
189,,,,,,,,-1.381868600845337,6.666666740784422e-05,-0.014809619635343552,0.022744670510292053,0.3881049156188965,0.011410236358642578,240.0,0.1998545378446579,100.0,2.749514102935791,-0.005544787738472223,0.6738964915275574,0.0,0.9998450875282288
190,,,,,,,,-1.3803839683532715,4.444444493856281e-05,-0.03099871054291725,0.0055471742525696754,0.3813648223876953,0.010940074920654297,244.0,0.200036883354187,100.0,2.7493703365325928,-0.0062005482614040375,0.06319685280323029,0.0,0.9998500943183899
191,,,,,,,,-1.3720543384552002,4.444444493856281e-05,-0.022596681490540504,0.017503464594483376,0.38043999671936035,0.010647058486938477,245.0,0.20027732849121094,100.0,2.7534098625183105,-0.006118893623352051,0.755526065826416,0.0,0.9998418688774109
192,-0.0055806455202400684,0.7091530561447144,0.0,0.9998171329498291,0.0,0.0,1.0,-1.363349199295044,6.666666740784422e-05,-0.01523244846612215,0.033150564879179,0.38425397872924805,0.01055288314819336,243.0,0.20052923262119293,100.0,2.759744882583618,-0.005968509707599878,1.4961644411087036,0.0,0.9997296929359436
193,,,,,,,,-1.3507630825042725,4.444444493856281e-05,-0.023480383679270744,0.006406425032764673,0.38686275482177734,0.012157201766967773,240.0,0.20098254084587097,100.0,2.765866994857788,-0.0056970976293087006,0.07669312506914139,0.0,0.9998167157173157
194,,,,,,,,-1.3355298042297363,6.666666740784422e-05,-0.011498356238007545,0.013837781734764576,0.3804800510406494,0.010416984558105469,245.0,0.2013104259967804,100.0,2.7723846435546875,-0.005826916079968214,0.7081849575042725,0.0,0.99982088804245
195,,,,,,,,-1.3251562118530273,0.0001500000071246177,-0.007167387753725052,0.00988949928432703,0.3827536106109619,0.010810136795043945,243.0,0.20156152546405792,100.0,2.7770488262176514,-0.0056899539195001125,0.6456506848335266,0.0,0.9998548626899719
196,,,,,,,,-1.3213809728622437,6.666666740784422e-05,-0.023701928555965424,0.024168692529201508,0.3841590881347656,0.010262012481689453,243.0,0.20132341980934143,100.0,2.787586212158203,-0.006030722055584192,1.3578704595565796,0.0,0.9997541308403015
197,,,,,,,,-1.3328819274902344,9.999999747378752e-05,-0.012869883328676224,0.005741483997553587,0.3877091407775879,0.011244058609008789,240.0,0.20084542036056519,100.0,2.791804313659668,-0.00633307034149766,0.09034097194671631,0.0,0.9997854232788086
198,,,,,,,,-1.3439797163009644,0.0001500000071246177,-0.02083025686442852,0.05050729215145111,0.37507009506225586,0.011357784271240234,248.0,0.20072723925113678,100.0,2.7986462116241455,-0.005515083204954863,0.21652017533779144,0.0,0.999845564365387
199,,,,,,,,-1.346901535987854,4.444444493856281e-05,-0.02940792590379715,0.02653159387409687,0.3941318988800049,0.010504961013793945,237.0,0.20055139064788818,100.0,2.801494836807251,-0.00578548526391387,0.16043879091739655,0.0,0.9998593926429749
200,,,,,,,,-1.3535321950912476,6.666666740784422e-05,-0.017077302560210228,0.029975932091474533,0.3839590549468994,0.010324954986572266,243.0,0.20040811598300934,100.0,2.8054516315460205,-0.005955787375569344,0.7737879157066345,0.0,0.9997487664222717
201,,,,,,,,-1.3604189157485962,6.666666740784422e-05,-0.012968407943844795,0.013896672055125237,0.38855814933776855,0.011322975158691406,240.0,0.20017124712467194,100.0,2.798776865005493,-0.005789448041468859,0.6631242632865906,0.0,0.9997168183326721
202,,,,,,,,-1.3657126426696777,0.0001500000071246177,-0.017276354134082794,0.023158932104706764,0.3672339916229248,0.010528087615966797,254.0,0.20017074048519135,100.0,2.798776865005493,-0.005411776248365641,0.7245497703552246,0.0,0.9998173713684082
203,,,,,,,,-1.3680481910705566,6.666666740784422e-05,-0.02727760747075081,0.016649778932332993,0.38700175285339355,0.012754201889038086,240.0,0.2000865638256073,100.0,2.8012001514434814,-0.005632897838950157,0.6644794940948486,0.0,0.9998509883880615
204,,,,,,,,-1.3722946643829346,6.666666740784422e-05,-0.006379812955856323,0.012670151889324188,0.43334507942199707,0.025411128997802734,209.0,0.19996170699596405,100.0,2.80583119392395,-0.006057130638509989,0.6992025971412659,0.0,0.9997739195823669
205,,,,,,,,-1.3727308511734009,4.444444493856281e-05,-0.022564243525266647,0.009071447886526585,0.3814406394958496,0.010555267333984375,244.0,0.20009158551692963,100.0,2.8105459213256836,-0.006268896162509918,0.658172070980072,0.0,0.99970942735672
206,,,,,,,,-1.3636974096298218,6.666666740784422e-05,-0.018804127350449562,0.0665268674492836,0.3884918689727783,0.010912179946899414,240.0,0.20049935579299927,100.0,2.8105459213256836,-0.006217447575181723,0.17983131110668182,0.0,0.9998461604118347
207,,,,,,,,-1.3501973152160645,0.00022499999613501132,-0.00456070713698864,0.01562122069299221,0.3824169635772705,0.010960102081298828,244.0,0.20069581270217896,100.0,2.815951347351074,-0.006192558910697699,0.552567183971405,0.0,0.9998634457588196
208,,,,,,,,-1.3500781059265137,4.444444493856281e-05,-0.030187582597136497,0.0184338316321373,0.39571475982666016,0.011049985885620117,236.0,0.20060747861862183,100.0,2.8232944011688232,-0.005787229165434837,0.8268268704414368,0.0,0.9998018145561218
209,,,,,,,,-1.348103404045105,0.0001500000071246177,-0.018918370828032494,0.039426784962415695,0.3698430061340332,0.011872053146362305,251.0,0.200837180018425,100.0,2.8232944011688232,-0.005779953673481941,0.19025062024593353,0.0,0.9997513890266418
210,-0.00591454328969121,0.17263807356357574,0.0,0.9998189806938171,0.0,0.0,1.0,-1.3410706520080566,6.666666740784422e-05,-0.02011685259640217,0.015434014610946178,0.3877859115600586,0.010988712310791016,240.0,0.2010311633348465,100.0,2.817493200302124,-0.005941566079854965,0.27791672945022583,0.0,0.9998369216918945
211,,,,,,,,-1.3395509719848633,9.999999747378752e-05,-0.013158636167645454,0.004539035726338625,0.38619494438171387,0.010842084884643555,241.0,0.2009987086057663,100.0,2.827234983444214,-0.005752893164753914,0.018908290192484856,0.0,0.9998312592506409
212,,,,,,,,-1.341177225112915,2.9629629352712072e-05,-0.01525720115751028,0.036250513046979904,0.38729429244995117,0.010377883911132812,241.0,0.2010209709405899,100.0,2.8374617099761963,-0.005865034181624651,1.2100859880447388,0.0,0.9997906684875488
213,,,,,,,,-1.3401868343353271,6.666666740784422e-05,-0.01937801204621792,0.02082779072225094,0.37932586669921875,0.010960817337036133,245.0,0.2011081874370575,100.0,2.8374617099761963,-0.0059263636358082294,0.3342118263244629,0.0,0.9996998310089111
214,,,,,,,,-1.3374329805374146,6.666666740784422e-05,-0.014664547517895699,0.01280307024717331,0.38443994522094727,0.010876178741455078,242.0,0.2012011706829071,100.0,2.8375566005706787,-0.006301954388618469,0.14016075432300568,0.0,0.9998058676719666
215,,,,,,,,-1.3332157135009766,9.999999747378752e-05,-0.010724680498242378,0.005377824883908033,0.38408708572387695,0.011649131774902344,242.0,0.20130084455013275,100.0,2.846755027770996,-0.005567067768424749,0.007571890950202942,0.0,0.9998419880867004
216,,,,,,,,-1.3380310535430908,4.444444493856281e-05,-0.016817668452858925,0.0495731383562088,0.385969877243042,0.010442972183227539,242.0,0.2008812129497528,100.0,2.8496551513671875,-0.005624905228614807,0.7326352000236511,0.0,0.9998340606689453
217,-0.005735853221267462,0.15861830115318298,0.0,0.999785840511322,0.0,0.0,1.0,-1.3529090881347656,0.0001500000071246177,-0.021560074761509895,0.047485508024692535,0.38861799240112305,0.012398242950439453,239.0,0.2002459317445755,100.0,2.8433940410614014,-0.005867311265319586,0.8434036374092102,0.0,0.9997463226318359
218,,,,,,,,-1.3780055046081543,4.444444493856281e-05,-0.02907465398311615,0.0061396462842822075,0.3866901397705078,0.011381864547729492,241.0,0.1997343748807907,100.0,2.843398094177246,-0.005719929933547974,0.08449053019285202,0.0,0.9997959733009338
219,,,,,,,,-1.3901309967041016,0.0001500000071246177,-0.015992717817425728,0.02191036567091942,0.37811899185180664,0.010359048843383789,247.0,0.1993992179632187,100.0,2.848414897918701,-0.005384804215282202,0.7469671368598938,0.0,0.9998342394828796
220,,,,,,,,-1.400389552116394,6.666666740784422e-05,-0.01252251397818327,0.03202839940786362,0.3927621841430664,0.010628223419189453,237.0,0.19925162196159363,100.0,2.8426764011383057,-0.006761388387531042,0.7098042368888855,0.0,0.9998493790626526
221,,,,,,,,-1.4049566984176636,4.444444493856281e-05,-0.025038165971636772,0.03736516088247299,0.38286805152893066,0.010380983352661133,244.0,0.1990625262260437,100.0,2.848228931427002,-0.005445705261081457,0.8996870517730713,0.0,0.9997313022613525
222,,,,,,,,-1.4086719751358032,4.444444493856281e-05,-0.028619159013032913,0.015346274711191654,0.3870398998260498,0.010580062866210938,241.0,0.1990586221218109,100.0,2.8568851947784424,-0.005583998281508684,0.005975053180009127,0.0,0.9997868537902832
223,,,,,,,,-1.4079774618148804,9.999999747378752e-05,-0.021731046959757805,0.023835834115743637,0.3736748695373535,0.010967016220092773,249.0,0.19914038479328156,100.0,2.8621463775634766,-0.005159533116966486,0.6950125098228455,0.0,0.9998180270195007
224,,,,,,,,-1.4026026725769043,4.444444493856281e-05,-0.010512279346585274,0.031118938699364662,0.39113426208496094,0.010759830474853516,238.0,0.19929876923561096,100.0,2.8684020042419434,-0.0047411746345460415,0.7539538741111755,0.0,0.9998626708984375
225,,,,,,,,-1.3967387676239014,6.666666740784422e-05,-0.013244456611573696,0.04200521111488342,0.39739108085632324,0.011229991912841797,234.0,0.19948247075080872,100.0,2.8612217903137207,-0.006076243240386248,0.23114609718322754,0.0,0.9997620582580566
226,,,,,,,,-1.3902151584625244,0.00022499999613501132,-0.0039567663334310055,0.017767777666449547,0.3877098560333252,0.010977029800415039,240.0,0.19969084858894348,100.0,2.864661693572998,-0.005929370876401663,0.6373741030693054,0.0,0.9997217655181885
227,,,,,,,,-1.3888665437698364,9.999999747378752e-05,-0.033583156764507294,0.029820425435900688,0.36907505989074707,0.01099395751953125,252.0,0.19948270916938782,100.0,2.864661693572998,-0.005161723587661982,0.1603856384754181,0.0,0.9998477101325989
228,,,,,,,,-1.3979969024658203,6.666666740784422e-05,-0.015147360973060131,0.009108367376029491,0.3826737403869629,0.010709047317504883,244.0,0.19933770596981049,100.0,2.8681118488311768,-0.006265284027904272,0.3180129826068878,0.0,0.9998499751091003
229,,,,,,,,-1.396333932876587,9.999999747378752e-05,-0.015621895901858807,0.07244633883237839,0.3992879390716553,0.011301994323730469,233.0,0.19960162043571472,100.0,2.874352216720581,-0.005327048245817423,0.8051764965057373,0.0,0.9997190833091736
230,,,,,,,,-1.3859524726867676,4.444444493856281e-05,-0.029364481568336487,0.041321489959955215,0.37450695037841797,0.011310815811157227,248.0,0.19986870884895325,100.0,2.8718278408050537,-0.006204722914844751,0.7704203724861145,0.0,0.9996783137321472
231,,,,,,,,-1.3789668083190918,0.00022499999613501132,-0.013017664663493633,0.08567730337381363,0.38194990158081055,0.01047968864440918,244.0,0.20006898045539856,100.0,2.8718278408050537,-0.005981493275612593,0.9486506581306458,0.0,0.9997969269752502
232,,,,,,,,-1.3718022108078003,4.444444493856281e-05,-0.02589745633304119,0.008755472488701344,0.3853139877319336,0.010532140731811523,242.0,0.200264573097229,100.0,2.8707756996154785,-0.004806817974895239,0.13425485789775848,0.0,0.9998123049736023
233,,,,,,,,-1.3646700382232666,0.0001500000071246177,-0.012076308019459248,0.11087463796138763,0.3981058597564697,0.010562896728515625,234.0,0.20075829327106476,100.0,2.8839213848114014,-0.006343573797494173,0.8446919322013855,0.0,0.999769389629364
234,,,,,,,,-1.3438310623168945,2.9629629352712072e-05,-0.022337796166539192,0.05664070323109627,0.3749969005584717,0.010562896728515625,248.0,0.2011670172214508,100.0,2.8839213848114014,-0.00541757931932807,0.9559634327888489,0.0,0.9996121525764465
235,-0.005986533593386412,0.9107046127319336,0.0,0.9997427463531494,0.0,0.0,1.0,-1.3378968238830566,9.999999747378752e-05,-0.023990744724869728,0.022124797105789185,0.3848867416381836,0.011126041412353516,242.0,0.20117555558681488,100.0,2.8997533321380615,-0.0058831945061683655,0.7462029457092285,0.0,0.9997832775115967
236,,,,,,,,-1.339967131614685,4.444444493856281e-05,-0.03407599776983261,0.010841145180165768,0.38419294357299805,0.011056900024414062,242.0,0.20112088322639465,100.0,2.89408278465271,-0.005687554832547903,0.02516414225101471,0.0,0.9998157620429993
237,,,,,,,,-1.3408437967300415,9.999999747378752e-05,-0.017557889223098755,0.040099721401929855,0.3880472183227539,0.010449886322021484,240.0,0.20114442706108093,100.0,2.9173097610473633,-0.006512098014354706,1.397560477256775,0.0,0.9997662901878357
238,,,,,,,,-1.3437659740447998,6.666666740784422e-05,-0.0197303406894207,0.1679810732603073,0.3885798454284668,0.010970115661621094,240.0,0.20097850263118744,100.0,2.9173097610473633,-0.005982367787510157,0.3013779819011688,0.0,0.9996752738952637
239,,,,,,,,-1.349052906036377,4.444444493856281e-05,-0.02467409148812294,0.02691224403679371,0.3904268741607666,0.010385990142822266,239.0,0.20090575516223907,100.0,2.928283929824829,-0.005695677828043699,0.15776322782039642,0.0,0.9997958540916443
240,,,,,,,,-1.3512412309646606,9.999999747378752e-05,-0.022744644433259964,0.039121631532907486,0.3849918842315674,0.011285066604614258,242.0,0.2008117437362671,100.0,2.9406938552856445,-0.005940398201346397,0.002506258664652705,0.0,0.9998073577880859
241,,,,,,,,-1.351980447769165,6.666666740784422e-05,-0.012055737897753716,0.014792968519032001,0.38423705101013184,0.010647773742675781,243.0,0.20085039734840393,100.0,2.951427698135376,-0.005952806677669287,0.22384263575077057,0.0,0.9997644424438477
242,-0.006050147581845522,0.16180004179477692,0.0,0.9997736811637878,0.0,0.0,1.0,-1.3496644496917725,6.666666740784422e-05,-0.01998160220682621,0.08394408971071243,0.4005861282348633,0.011917829513549805,232.0,0.20087650418281555,100.0,2.950916290283203,-0.006006589625030756,0.32668206095695496,0.0,0.9996821284294128
243,,,,,,,,-1.344256043434143,6.666666740784422e-05,-0.023046478629112244,0.017429696395993233,0.40570712089538574,0.011467695236206055,230.0,0.20109494030475616,100.0,2.95064640045166,-0.005944731179624796,0.06588885933160782,0.0,0.9997265338897705
244,,,,,,,,-1.339284062385559,0.0001500000071246177,-0.015265105292201042,0.018928376957774162,0.3993871212005615,0.011008024215698242,233.0,0.201064333319664,100.0,2.9507524967193604,-0.0059609487652778625,0.1044822707772255,0.0,0.9997859001159668
245,,,,,,,,-1.3409267663955688,9.999999747378752e-05,-0.008828532882034779,0.1397533267736435,0.4012768268585205,0.011566162109375,232.0,0.20111724734306335,100.0,2.9503884315490723,-0.00555082643404603,0.8617004752159119,0.0,0.9997987747192383
246,,,,,,,,-1.336021065711975,6.666666740784422e-05,-0.01291776541620493,0.17292258143424988,0.40557384490966797,0.011691093444824219,230.0,0.20132987201213837,100.0,2.9499402046203613,-0.00638316385447979,1.4707633256912231,0.0,0.9996778964996338
247,,,,,,,,-1.3310952186584473,6.666666740784422e-05,-0.03257051482796669,0.010855448432266712,0.4000053405761719,0.010528802871704102,233.0,0.2014545202255249,100.0,2.95011568069458,-0.0059988065622746944,0.060359612107276917,0.0,0.9996960163116455
248,,,,,,,,-1.3284423351287842,0.0001500000071246177,-0.014903712086379528,0.007817099802196026,0.3809962272644043,0.011092901229858398,244.0,0.20162346959114075,100.0,2.9561448097229004,-0.005572568625211716,0.1703847497701645,0.0,0.9997910857200623
249,,,,,,,,-1.317252516746521,2.9629629352712072e-05,-0.017909565940499306,0.007629465311765671,0.40097999572753906,0.01044607162475586,233.0,0.202003613114357,100.0,2.9582247734069824,-0.0055663068778812885,0.20476949214935303,0.0,0.9997965693473816
250,,,,,,,,-1.306166172027588,9.999999747378752e-05,-0.03087693639099598,0.017305897548794746,0.3892390727996826,0.01104116439819336,239.0,0.20239989459514618,100.0,2.969918727874756,-0.005599624942988157,0.3916368782520294,0.0,0.9996703267097473
251,,,,,,,,-1.291266679763794,4.444444493856281e-05,-0.018642857670783997,0.007895656861364841,0.3874020576477051,0.010221004486083984,241.0,0.2026926428079605,100.0,2.963308811187744,-0.005822576116770506,0.25511178374290466,0.0,0.9996313452720642
252,,,,,,,,-1.2798047065734863,0.00022499999613501132,-0.0142100490629673,0.11498822271823883,0.3733639717102051,0.010561704635620117,250.0,0.2032308578491211,100.0,2.963308811187744,-0.006283009424805641,0.8256867527961731,0.0,0.9997318387031555
253,,,,,,,,-1.2645829916000366,2.9629629352712072e-05,-0.019852418452501297,0.08648665994405746,0.38930368423461914,0.011948108673095703,239.0,0.20335376262664795,100.0,2.951927423477173,-0.00623166561126709,0.8031299710273743,0.0,0.9997594356536865
254,,,,,,,,-1.267665982246399,9.999999747378752e-05,-0.01527191512286663,0.057611022144556046,0.4002530574798584,0.010286808013916016,233.0,0.20314905047416687,100.0,2.9551732540130615,-0.00674737012013793,0.8130130767822266,0.0,0.9996864199638367
255,,,,,,,,-1.2757694721221924,0.0001500000071246177,-0.0036668081302195787,0.006256016902625561,0.378936767578125,0.011713981628417969,245.0,0.20303310453891754,100.0,2.9680092334747314,-0.005530786234885454,0.340921014547348,0.0,0.9996190071105957
256,,,,,,,,-1.2829183340072632,6.666666740784422e-05,-0.025921953842043877,0.04625025764107704,0.38404202461242676,0.010907888412475586,243.0,0.2028229534626007,100.0,2.9680092334747314,-0.005971524864435196,0.8140313029289246,0.0,0.9997434616088867
257,,,,,,,,-1.2861295938491821,6.666666740784422e-05,-0.01868722401559353,0.021246908232569695,0.38553714752197266,0.011230230331420898,241.0,0.2029542177915573,100.0,2.972794532775879,-0.006306011229753494,0.1472463458776474,0.0,0.9997758269309998
258,,,,,,,,-1.2792131900787354,9.999999747378752e-05,-0.012483061291277409,0.06856264919042587,0.4005727767944336,0.01067209243774414,233.0,0.20318010449409485,100.0,2.970586061477661,-0.005832017865031958,0.8412948250770569,0.0,0.9996874928474426
259,,,,,,,,-1.2716598510742188,6.666666740784422e-05,-0.018970010802149773,0.03915012255311012,0.37314391136169434,0.011134147644042969,249.0,0.20321981608867645,100.0,2.970586061477661,-0.00611456111073494,0.8593294024467468,0.0,0.9995558857917786
260,-0.005931168794631958,0.781470000743866,0.0,0.9996898770332336,0.0,0.0,1.0,-1.2718241214752197,9.999999747378752e-05,-0.01953396014869213,0.012971743941307068,0.3867528438568115,0.011146306991577148,241.0,0.20304448902606964,100.0,2.9745945930480957,-0.006110224407166243,0.6475000977516174,0.0,0.9997245669364929
261,,,,,,,,-1.283951759338379,4.444444493856281e-05,-0.01819048449397087,0.010790003463625908,0.3879718780517578,0.010565042495727539,240.0,0.2025390863418579,100.0,2.9715018272399902,-0.005807423964142799,0.021929174661636353,0.0,0.9997413754463196
262,,,,,,,,-1.2961766719818115,6.666666740784422e-05,-0.03554384782910347,0.042459357529878616,0.3902587890625,0.010358095169067383,239.0,0.20227111876010895,100.0,2.980975389480591,-0.006023126188665628,0.6968106627464294,0.0,0.9997043609619141
263,,,,,,,,-1.3047943115234375,0.00022499999613501132,-0.018034663051366806,0.02677173912525177,0.38385009765625,0.012080192565917969,242.0,0.20192168653011322,100.0,2.980975389480591,-0.005841386038810015,0.7954424023628235,0.0,0.9995956420898438
264,,,,,,,,-1.3174667358398438,4.444444493856281e-05,-0.03107934072613716,0.010043507441878319,0.3870818614959717,0.010255813598632812,241.0,0.20161426067352295,100.0,2.9886176586151123,-0.0059968107379972935,0.2455153912305832,0.0,0.9997156262397766
265,,,,,,,,-1.3225562572479248,0.00022499999613501132,-0.00909374188631773,0.004949433729052544,0.38440799713134766,0.01075291633605957,242.0,0.20145677030086517,100.0,2.9873602390289307,-0.006378544960170984,0.10360243916511536,0.0,0.9997444748878479
266,,,,,,,,-1.3360191583633423,4.444444493856281e-05,-0.023815933614969254,0.0344139039516449,0.38694286346435547,0.010879039764404297,241.0,0.2011498063802719,100.0,2.9867966175079346,-0.005815424025058746,0.7722406387329102,0.0,0.9997774958610535
267,-0.005697061773389578,0.6525489091873169,0.0,0.999714732170105,0.0,0.0,1.0,-1.337181568145752,4.444444493856281e-05,-0.015222747810184956,0.020585451275110245,0.38482117652893066,0.01078176498413086,242.0,0.20139117538928986,100.0,2.9886624813079834,-0.005586341489106417,0.9385926127433777,0.0,0.9996768832206726
268,,,,,,,,-1.3257790803909302,9.999999747378752e-05,-0.018386906012892723,0.01502048410475254,0.39501190185546875,0.011101961135864258,236.0,0.2018430382013321,100.0,2.990384578704834,-0.0059969802387058735,0.075477235019207,0.0,0.9997482299804688
269,,,,,,,,-1.3067351579666138,6.666666740784422e-05,-0.014619064517319202,0.01285706739872694,0.3871951103210449,0.010348081588745117,241.0,0.20232990384101868,100.0,3.0001285076141357,-0.005656623747199774,0.6033008098602295,0.0,0.999777615070343
270,,,,,,,,-1.2980073690414429,0.00022499999613501132,-0.013362143188714981,0.028537586331367493,0.3864009380340576,0.010632038116455078,241.0,0.2021516114473343,100.0,3.000788927078247,-0.005626246333122253,0.7039170265197754,0.0,0.9998207092285156
271,,,,,,,,-1.3126757144927979,4.444444493856281e-05,-0.030882108956575394,0.10961563140153885,0.3877718448638916,0.010179996490478516,241.0,0.20179221034049988,100.0,2.993889093399048,-0.006861277390271425,0.8013469576835632,0.0,0.999739944934845
272,,,,,,,,-1.3216590881347656,9.999999747378752e-05,-0.008973721414804459,0.009028155356645584,0.3884129524230957,0.011031150817871094,240.0,0.20154212415218353,100.0,3.0028321743011475,-0.005789629649370909,0.08005410432815552,0.0,0.9997573494911194
273,,,,,,,,-1.337518572807312,9.999999747378752e-05,-0.02596747688949108,0.02881477214396,0.376375675201416,0.010601997375488281,248.0,0.20100398361682892,100.0,3.0036988258361816,-0.006591924000531435,0.17529749870300293,0.0,0.9998357892036438
274,,,,,,,,-1.3557380437850952,6.666666740784422e-05,-0.015666257590055466,0.04230012372136116,0.39670896530151367,0.010257959365844727,235.0,0.20070652663707733,100.0,2.9952540397644043,-0.005406321492046118,0.15777872502803802,0.0,0.9998631477355957
275,,,,,,,,-1.365199089050293,6.666666740784422e-05,-0.01494163740426302,0.044325441122055054,0.39222025871276855,0.01083683967590332,238.0,0.2004622519016266,100.0,3.005620241165161,-0.006090760696679354,0.226393461227417,0.0,0.9997665882110596
276,,,,,,,,-1.3734406232833862,2.9629629352712072e-05,-0.03198382630944252,0.012022163718938828,0.3915138244628906,0.01111912727355957,238.0,0.20017562806606293,100.0,2.998619556427002,-0.006026229355484247,0.1333027184009552,0.0,0.9997305274009705
277,,,,,,,,-1.3833414316177368,6.666666740784422e-05,-0.01186545193195343,0.0894307792186737,0.3716850280761719,0.010506153106689453,251.0,0.19985394179821014,100.0,2.998619556427002,-0.006258601788431406,0.710416853427887,0.0,0.9998083114624023
278,,,,,,,,-1.3911911249160767,6.666666740784422e-05,-0.022612348198890686,0.0677388608455658,0.3863260746002197,0.010816097259521484,241.0,0.19968846440315247,100.0,2.985006332397461,-0.005965152755379677,0.6677327156066895,0.0,0.999847948551178
279,,,,,,,,-1.3964232206344604,6.666666740784422e-05,-0.017002444714307785,0.057515621185302734,0.3976399898529053,0.011534929275512695,234.0,0.1994735598564148,100.0,2.977318286895752,-0.006557827815413475,0.8122355937957764,0.0,0.9997617602348328
280,,,,,,,,-1.4017294645309448,2.9629629352712072e-05,-0.02943892404437065,0.007449229713529348,0.3756139278411865,0.010535955429077148,248.0,0.19940532743930817,100.0,2.9868247509002686,-0.005587022285908461,0.3741523325443268,0.0,0.9996888041496277
281,,,,,,,,-1.4064141511917114,9.999999747378752e-05,-0.018182212486863136,0.06112070009112358,0.3834071159362793,0.011103153228759766,243.0,0.1990727037191391,100.0,2.9868247509002686,-0.005363738629966974,0.7876293063163757,0.0,0.9998065829277039
282,,,,,,,,-1.4229990243911743,6.666666740784422e-05,-0.0281948521733284,0.017793813720345497,0.3851189613342285,0.010647058486938477,242.0,0.19854740798473358,100.0,2.988774538040161,-0.005597708281129599,0.4031886160373688,0.0,0.9998300075531006
283,,,,,,,,-1.4384833574295044,6.666666740784422e-05,-0.012389705516397953,0.018441926687955856,0.40170907974243164,0.010691165924072266,232.0,0.19823724031448364,100.0,3.0018868446350098,-0.0055107735097408295,0.5335487723350525,0.0,0.9997625946998596
284,,,,,,,,-1.449899673461914,9.999999747378752e-05,-0.016345342621207237,0.03789922967553139,0.3764479160308838,0.010569095611572266,248.0,0.19791753590106964,100.0,3.0018868446350098,-0.0052970522083342075,0.7670345902442932,0.0,0.9996353983879089
285,-0.005443573463708162,0.7561159133911133,0.0,0.9997544288635254,0.0,0.0,1.0,-1.4610501527786255,4.444444493856281e-05,-0.026692461222410202,0.03467564657330513,0.3875138759613037,0.010739803314208984,241.0,0.19771139323711395,100.0,3.012925863265991,-0.006598802749067545,0.7419455647468567,0.0,0.999765932559967
286,,,,,,,,-1.4647427797317505,6.666666740784422e-05,-0.025051044300198555,0.01206767838448286,0.38788700103759766,0.011497974395751953,240.0,0.19768479466438293,100.0,3.0197486877441406,-0.005981831345707178,0.025834813714027405,0.0,0.9997797012329102
287,,,,,,,,-1.4645209312438965,4.444444493856281e-05,-0.015375344082713127,0.038523364812135696,0.3882730007171631,0.010754823684692383,240.0,0.19782206416130066,100.0,3.033446788787842,-0.006242525298148394,0.8211725354194641,0.0,0.9997761845588684
288,,,,,,,,-1.4538811445236206,0.0001500000071246177,-0.01907089538872242,0.08669967949390411,0.38611793518066406,0.011567115783691406,241.0,0.19845953583717346,100.0,3.033446788787842,-0.005730494856834412,0.3919975459575653,0.0,0.9996262192726135
289,,,,,,,,-1.4350758790969849,6.666666740784422e-05,-0.023920835927128792,0.011203584261238575,0.3887310028076172,0.010864973068237305,240.0,0.19854532182216644,100.0,3.034350633621216,-0.006118683610111475,0.41029682755470276,0.0,0.9997451901435852
290,,,,,,,,-1.4314262866973877,9.999999747378752e-05,-0.02069843001663685,0.008220421150326729,0.3867981433868408,0.010481834411621094,241.0,0.1988632082939148,100.0,3.0314502716064453,-0.006231717299669981,0.03714735805988312,0.0,0.9997401833534241
291,,,,,,,,-1.4208661317825317,4.444444493856281e-05,-0.027394497767090797,0.016498172655701637,0.38757991790771484,0.010490179061889648,241.0,0.19900694489479065,100.0,3.040889263153076,-0.006882792338728905,0.47167035937309265,0.0,0.9997449517250061
292,-0.006466855760663748,0.24284470081329346,0.0,0.9997446537017822,0.0,0.0,1.0,-1.4228990077972412,4.444444493856281e-05,-0.019525153562426567,0.04094931483268738,0.3881080150604248,0.010554075241088867,240.0,0.19880785048007965,100.0,3.033323287963867,-0.006163892801851034,1.3434525728225708,0.0,0.9996067881584167
293,,,,,,,,-1.433246374130249,6.666666740784422e-05,-0.026026692241430283,0.016846906393766403,0.41544294357299805,0.01465916633605957,223.0,0.19841186702251434,100.0,3.0259344577789307,-0.005752751138061285,0.05722644925117493,0.0,0.9997048377990723
294,,,,,,,,-1.455467939376831,9.999999747378752e-05,-0.013984335586428642,0.004433174151927233,0.46393299102783203,0.013492107391357422,201.0,0.1975957304239273,100.0,3.02941632270813,-0.005563522223383188,0.20495599508285522,0.0,0.9997687339782715
295,,,,,,,,-1.4873533248901367,4.444444493856281e-05,-0.03274150565266609,0.017784958705306053,0.4048638343811035,0.013294219970703125,229.0,0.19706271588802338,100.0,3.028806209564209,-0.0059394873678684235,0.6569452285766602,0.0,0.9998169541358948
296,,,,,,,,-1.498673439025879,0.00022499999613501132,-0.006495922803878784,0.05564975365996361,0.4042379856109619,0.01157832145690918,230.0,0.19699713587760925,100.0,3.0271687507629395,-0.006337414961308241,1.2752759456634521,0.0,0.9997056126594543
297,,,,,,,,-1.4994120597839355,4.444444493856281e-05,-0.03104560263454914,0.00894917268306017,0.39318203926086426,0.012619972229003906,236.0,0.19712552428245544,100.0,3.0179669857025146,-0.005949236918240786,0.05937810242176056,0.0,0.999716579914093
298,,,,,,,,-1.4948186874389648,0.0003375000087544322,-0.009766761213541031,0.02104783058166504,0.37806010246276855,0.011268138885498047,246.0,0.19727075099945068,100.0,3.016303777694702,-0.006931202486157417,0.7226226329803467,0.0,0.9997632503509521
299,,,,,,,,-1.4976298809051514,2.9629629352712072e-05,-0.011380483396351337,0.03694494813680649,0.4036900997161865,0.011571884155273438,231.0,0.19708678126335144,100.0,3.014786720275879,-0.006154278758913279,0.21115918457508087,0.0,0.9997861981391907
300,,,,,,,,-1.5044337511062622,0.0001500000071246177,-0.006730816327035427,0.013780727982521057,0.3943500518798828,0.011533975601196289,236.0,0.1967727094888687,100.0,3.012746572494507,-0.0066448356956243515,0.6950893402099609,0.0,0.9996921420097351
301,,,,,,,,-1.5278599262237549,6.666666740784422e-05,-0.027979018166661263,0.010545441880822182,0.386735200881958,0.010583639144897461,241.0,0.19608011841773987,100.0,3.011733055114746,-0.0058479588478803635,0.322233647108078,0.0,0.9996450543403625
302,,,,,,,,-1.543459415435791,9.999999747378752e-05,-0.016266299411654472,0.03675251081585884,0.375042200088501,0.011073827743530273,248.0,0.19600482285022736,100.0,3.011733055114746,-0.005572658032178879,0.723354160785675,0.0,0.9997329711914062
303,,,,,,,,-1.5457515716552734,4.444444493856281e-05,-0.017409522086381912,0.055424194782972336,0.38671398162841797,0.010474920272827148,241.0,0.19597384333610535,100.0,3.002793788909912,-0.005702186841517687,0.8203363418579102,0.0,0.9997761249542236
304,,,,,,,,-1.553766131401062,0.0001500000071246177,-0.014914503321051598,0.03448553755879402,0.398576021194458,0.010565996170043945,234.0,0.1954588145017624,100.0,2.995129108428955,-0.005352016072720289,0.776078999042511,0.0,0.9996723532676697
305,,,,,,,,-1.5713882446289062,4.444444493856281e-05,-0.017970584332942963,0.02225213684141636,0.3758249282836914,0.01059103012084961,248.0,0.19534237682819366,100.0,3.0048253536224365,-0.005560687277466059,0.7234077453613281,0.0,0.9996094703674316
306,,,,,,,,-1.5710866451263428,2.9629629352712072e-05,-0.015711994841694832,0.013662489131093025,0.38530468940734863,0.01060628890991211,242.0,0.19537188112735748,100.0,3.0048253536224365,-0.005942600313574076,0.6047958731651306,0.0,0.9997358322143555
307,,,,,,,,-1.570676565170288,6.666666740784422e-05,-0.020902344956994057,0.03177890554070473,0.3904738426208496,0.010729074478149414,239.0,0.19527362287044525,100.0,3.0178463459014893,-0.006130012217909098,0.6301587820053101,0.0,0.9997174143791199
308,,,,,,,,-1.5768951177597046,9.999999747378752e-05,-0.020122401416301727,0.01962076872587204,0.4002509117126465,0.010492086410522461,233.0,0.19505079090595245,100.0,3.018711805343628,-0.006131350994110107,0.7591302990913391,0.0,0.9996511936187744
309,,,,,,,,-1.581230878829956,4.444444493856281e-05,-0.025090139359235764,0.02559126354753971,0.3778560161590576,0.011181116104125977,246.0,0.19507451355457306,100.0,3.018711805343628,-0.005814630072563887,0.7706660628318787,0.0,0.9995126724243164
310,-0.006242651958018541,0.5806041359901428,0.0,0.9996414184570312,0.0,0.0,1.0,-1.5773850679397583,6.666666740784422e-05,-0.01458999328315258,0.01833256706595421,0.3936901092529297,0.011136054992675781,237.0,0.1953301727771759,100.0,3.0164036750793457,-0.00555470772087574,0.7490448355674744,0.0,0.9996716380119324
311,,,,,,,,-1.5652856826782227,4.444444493856281e-05,-0.008984238840639591,0.008661177940666676,0.40590381622314453,0.011167287826538086,230.0,0.19560667872428894,100.0,3.017226219177246,-0.006479464005678892,0.018288224935531616,0.0,0.9996727108955383
312,,,,,,,,-1.5550408363342285,0.0001500000071246177,-0.016473017632961273,0.027617670595645905,0.39383506774902344,0.010822057723999023,237.0,0.19593793153762817,100.0,3.0190532207489014,-0.005780339241027832,1.298329472541809,0.0,0.999646008014679
313,,,,,,,,-1.5349304676055908,6.666666740784422e-05,-0.021449511870741844,0.05815933644771576,0.3903963565826416,0.010951757431030273,239.0,0.19667421281337738,100.0,3.0190532207489014,-0.005368503276258707,0.632756769657135,0.0,0.999537467956543
314,,,,,,,,-1.5178289413452148,4.444444493856281e-05,-0.022697720676660538,0.026985621079802513,0.391887903213501,0.011324882507324219,238.0,0.19688419997692108,100.0,3.0300676822662354,-0.005828747060149908,0.7498059272766113,0.0,0.9996469616889954
315,,,,,,,,-1.5160369873046875,9.999999747378752e-05,-0.02395588345825672,0.00676607945933938,0.38663434982299805,0.010824918746948242,241.0,0.19690197706222534,100.0,3.0306265354156494,-0.005787271540611982,0.06493190675973892,0.0,0.9996692538261414
316,,,,,,,,-1.5129508972167969,2.9629629352712072e-05,-0.017899446189403534,0.025531606748700142,0.38904714584350586,0.011053085327148438,239.0,0.1970043182373047,100.0,3.030947208404541,-0.005841862875968218,0.5582775473594666,0.0,0.9996852278709412
317,-0.005529011134058237,0.46686694025993347,0.0,0.999649703502655,0.0,0.0,1.0,-1.5092777013778687,0.0001500000071246177,-0.012449328787624836,0.015139446593821049,0.38634300231933594,0.010439872741699219,241.0,0.19712452590465546,100.0,3.0372722148895264,-0.005552683025598526,1.2259645462036133,0.0,0.9995732307434082
318,,,,,,,,-1.49771249294281,0.0001500000071246177,-0.030203601345419884,0.011908919550478458,0.3862342834472656,0.011012792587280273,241.0,0.19757743179798126,100.0,3.0474588871002197,-0.0055388412438333035,0.07483544945716858,0.0,0.9995999932289124
319,,,,,,,,-1.4873987436294556,1.975308623514138e-05,-0.024501565843820572,0.009416896849870682,0.38587427139282227,0.011250972747802734,241.0,0.19763578474521637,100.0,3.044403076171875,-0.0053426348604261875,0.6362336277961731,0.0,0.9996244311332703
320,,,,,,,,-1.4872105121612549,0.00022499999613501132,-0.011800391599535942,0.017856866121292114,0.39060187339782715,0.01079702377319336,239.0,0.19750018417835236,100.0,3.0443215370178223,-0.005782300140708685,0.7499870657920837,0.0,0.9996645450592041
321,,,,,,,,-1.502081274986267,4.444444493856281e-05,-0.027843547984957695,0.06113266572356224,0.3939981460571289,0.010770797729492188,237.0,0.19698579609394073,100.0,3.051947593688965,-0.005764939356595278,1.141818881034851,0.0,0.999546468257904
322,,,,,,,,-1.5113550424575806,2.9629629352712072e-05,-0.019355755299329758,0.00902731902897358,0.38793206214904785,0.011304140090942383,240.0,0.1969938576221466,100.0,3.062638759613037,-0.00544511154294014,0.03652583807706833,0.0,0.9995411038398743
323,,,,,,,,-1.5075888633728027,9.999999747378752e-05,-0.011729322373867035,0.016995923593640327,0.3742966651916504,0.011815309524536133,248.0,0.19726145267486572,100.0,3.0631563663482666,-0.005662537645548582,0.7338007092475891,0.0,0.9995932579040527
324,,,,,,,,-1.4962852001190186,6.666666740784422e-05,-0.02479967102408409,0.015367308631539345,0.4004218578338623,0.010341167449951172,233.0,0.1976335197687149,100.0,3.065317392349243,-0.00561115937307477,0.735018789768219,0.0,0.9996225237846375
325,,,,,,,,-1.49030339717865,4.444444493856281e-05,-0.014277017675340176,0.028099417686462402,0.3917241096496582,0.011456966400146484,238.0,0.19761544466018677,100.0,3.068826675415039,-0.006969858426600695,0.8191797137260437,0.0,0.9995670318603516
326,,,,,,,,-1.4951915740966797,9.999999747378752e-05,-0.011291904374957085,0.012233584187924862,0.39058685302734375,0.010246992111206055,239.0,0.19733083248138428,100.0,3.067521572113037,-0.00625021755695343,0.6319333910942078,0.0,0.9995310306549072
327,,,,,,,,-1.5076793432235718,6.666666740784422e-05,-0.015059246681630611,0.01603938825428486,0.377211332321167,0.010553836822509766,247.0,0.1971331536769867,100.0,3.067521572113037,-0.005694962572306395,0.6782612204551697,0.0,0.9995899200439453
328,,,,,,,,-1.5146363973617554,0.0001500000071246177,-0.020253997296094894,0.02198581025004387,0.3929121494293213,0.010442972183227539,238.0,0.19683440029621124,100.0,3.068265914916992,-0.005867576692253351,0.7199644446372986,0.0,0.9996588826179504
329,,,,,,,,-1.5299421548843384,0.00022499999613501132,-0.020943287760019302,0.01553583238273859,0.4064052104949951,0.01088571548461914,230.0,0.19634100794792175,100.0,3.078437089920044,-0.005674686282873154,0.696209192276001,0.0,0.999635636806488
330,,,,,,,,-1.5448007583618164,4.444444493856281e-05,-0.025330953299999237,0.0179424025118351,0.37746620178222656,0.011373043060302734,246.0,0.1960327923297882,100.0,3.0780861377716064,-0.0062135145999491215,0.5073537230491638,0.0,0.9995401501655579
331,,,,,,,,-1.554659366607666,6.666666740784422e-05,-0.014673750847578049,0.015142153948545456,0.3885648250579834,0.010268211364746094,240.0,0.19564944505691528,100.0,3.0780861377716064,-0.005930618848651648,0.7161319851875305,0.0,0.9996903538703918
332,,,,,,,,-1.5714023113250732,9.999999747378752e-05,-0.022586803883314133,0.02154397964477539,0.38782525062561035,0.010350942611694336,241.0,0.19529061019420624,100.0,3.077425003051758,-0.005625288933515549,0.6238771080970764,0.0,0.9996947646141052
333,,,,,,,,-1.5780643224716187,6.666666740784422e-05,-0.014765968546271324,0.04066374525427818,0.40390682220458984,0.010213136672973633,231.0,0.19543349742889404,100.0,3.0838489532470703,-0.006205303128808737,0.2682497799396515,0.0,0.9996640086174011
334,,,,,,,,-1.5756586790084839,0.0003375000087544322,-0.012089666910469532,0.01554019469767809,0.38462376594543457,0.011427164077758789,242.0,0.19533412158489227,100.0,3.0838489532470703,-0.006665544118732214,0.7110023498535156,0.0,0.9995988011360168
335,-0.006830313242971897,0.687385618686676,0.0,0.9996452331542969,0.0,0.0,1.0,-1.5887218713760376,9.999999747378752e-05,-0.008299282751977444,0.011015566065907478,0.4033081531524658,0.011591911315917969,231.0,0.1952548772096634,100.0,3.094499349594116,-0.005831779446452856,0.6432299017906189,0.0,0.999716579914093
336,,,,,,,,-1.5919630527496338,9.999999747378752e-05,-0.02218525856733322,0.006222458556294441,0.3887290954589844,0.010696887969970703,240.0,0.19531939923763275,100.0,3.101402759552002,-0.005729697644710541,0.009094246663153172,0.0,0.9997196793556213
337,,,,,,,,-1.5955828428268433,4.444444493856281e-05,-0.025926928967237473,0.024315081536769867,0.39025402069091797,0.010961055755615234,239.0,0.19515857100486755,100.0,3.088907241821289,-0.0060577173717319965,0.7792919278144836,0.0,0.9997308850288391
338,,,,,,,,-1.6033496856689453,0.0005062500131316483,-0.012592235580086708,0.03653697669506073,0.3866610527038574,0.011121988296508789,241.0,0.19491927325725555,100.0,3.088907241821289,-0.005935376510024071,1.33549165725708,0.0,0.9996282458305359
339,,,,,,,,-1.6231582164764404,4.444444493856281e-05,-0.02497020736336708,0.0245567187666893,0.389801025390625,0.010344982147216797,239.0,0.19462916254997253,100.0,3.0830464363098145,-0.005329939071089029,0.7079876065254211,0.0,0.9997406601905823
340,,,,,,,,-1.6322479248046875,9.999999747378752e-05,-0.02148578315973282,0.004710893612354994,0.38797712326049805,0.010773897171020508,240.0,0.1944849193096161,100.0,3.0927371978759766,-0.005207952111959457,0.052528902888298035,0.0,0.9997164607048035
341,,,,,,,,-1.6417757272720337,6.666666740784422e-05,-0.024976041167974472,0.02027284726500511,0.38839101791381836,0.011467933654785156,240.0,0.19414307177066803,100.0,3.0887935161590576,-0.0061681270599365234,0.45787549018859863,0.0,0.9997197985649109
342,-0.00545697845518589,0.7876241207122803,0.0,0.9997175335884094,0.0,0.0,1.0,-1.65328848361969,0.00022499999613501132,-0.01177158858627081,0.01342316810041666,0.38980698585510254,0.010532140731811523,239.0,0.19378116726875305,100.0,3.0866658687591553,-0.005898821633309126,1.1668297052383423,0.0,0.9996076226234436
343,,,,,,,,-1.6675984859466553,1.975308623514138e-05,-0.03999470919370651,0.005006447900086641,0.38959813117980957,0.010602951049804688,239.0,0.19358113408088684,100.0,3.0867650508880615,-0.006730895489454269,0.03660523146390915,0.0,0.9996793866157532
344,,,,,,,,-1.6699767112731934,0.00022499999613501132,-0.01587558537721634,0.004910631105303764,0.38762497901916504,0.010460138320922852,241.0,0.19355133175849915,100.0,3.0802254676818848,-0.00607104180380702,0.5075497627258301,0.0,0.9997101426124573
345,,,,,,,,-1.671112060546875,2.9629629352712072e-05,-0.020197298377752304,0.107463039457798,0.3917410373687744,0.011368274688720703,238.0,0.19356563687324524,100.0,3.077660322189331,-0.006188742816448212,1.1011793613433838,0.0,0.9997357726097107
346,,,,,,,,-1.6677860021591187,0.0001500000071246177,-0.013471068814396858,0.0613948293030262,0.3906588554382324,0.010480165481567383,239.0,0.19375728070735931,100.0,3.0850489139556885,-0.006437217816710472,1.5797151327133179,0.0,0.9996530413627625
347,,,,,,,,-1.6543145179748535,0.0001500000071246177,-0.027159331366419792,0.0062935128808021545,0.38910913467407227,0.010607004165649414,240.0,0.1943635642528534,100.0,3.092397689819336,-0.005593807902187109,0.06893769651651382,0.0,0.9996645450592041
348,,,,,,,,-1.6319571733474731,0.0001500000071246177,-0.011795987375080585,0.011666067875921726,0.38016796112060547,0.010424137115478516,245.0,0.19479681551456451,100.0,3.1094813346862793,-0.006222550291568041,0.6458685398101807,0.0,0.9997086524963379
349,,,,,,,,-1.6222349405288696,1.975308623514138e-05,-0.008637746796011925,0.03470989689230919,0.40251994132995605,0.010938167572021484,232.0,0.19485227763652802,100.0,3.1230111122131348,-0.005805788096040487,0.3676452934741974,0.0,0.999751091003418
350,,,,,,,,-1.6218851804733276,6.666666740784422e-05,-0.012438101693987846,0.02425483427941799,0.39028191566467285,0.010658740997314453,239.0,0.19484224915504456,100.0,3.134376287460327,-0.004934445023536682,0.8690045475959778,0.0,0.99967360496521
351,,,,,,,,-1.6266653537750244,0.0003375000087544322,-0.011397289112210274,0.016862748190760612,0.38782215118408203,0.010298728942871094,241.0,0.1943867951631546,100.0,3.1437416076660156,-0.005697605665773153,0.32296574115753174,0.0,0.9996253848075867
352,,,,,,,,-1.6535426378250122,6.666666740784422e-05,-0.026262128725647926,0.015429244376718998,0.3749830722808838,0.010220050811767578,249.0,0.19356954097747803,100.0,3.1437416076660156,-0.005206375382840633,0.259520024061203,0.0,0.9996991157531738
353,,,,,,,,-1.6747589111328125,0.0001500000071246177,-0.017741311341524124,0.016513708978891373,0.39037537574768066,0.01019287109375,239.0,0.19310599565505981,100.0,3.136345863342285,-0.006474613677710295,0.6510130763053894,0.0,0.9997221827507019
354,,,,,,,,-1.684866189956665,2.9629629352712072e-05,-0.03338317945599556,0.024493273347616196,0.4040567874908447,0.012332916259765625,230.0,0.19319967925548553,100.0,3.1277713775634766,-0.0061424244195222855,0.2858407497406006,0.0,0.9996634125709534
355,,,,,,,,-1.6800236701965332,2.9629629352712072e-05,-0.019579146057367325,0.0074054040014743805,0.37964916229248047,0.01122283935546875,245.0,0.1934104859828949,100.0,3.129464626312256,-0.006064380053430796,0.24975676834583282,0.0,0.9995773434638977
356,,,,,,,,-1.6714355945587158,6.666666740784422e-05,-0.01697932556271553,0.008889339864253998,0.38722777366638184,0.010693073272705078,241.0,0.19371192157268524,100.0,3.129464626312256,-0.006148958578705788,0.46043264865875244,0.0,0.9997465014457703
357,,,,,,,,-1.6600620746612549,9.999999747378752e-05,-0.012086933478713036,0.023357847705483437,0.3903942108154297,0.010937690734863281,239.0,0.19392207264900208,100.0,3.1384990215301514,-0.005629366263747215,0.5418304800987244,0.0,0.9997509121894836
358,,,,,,,,-1.6589723825454712,6.666666740784422e-05,-0.02953690104186535,0.01427887286990881,0.40340209007263184,0.011189937591552734,231.0,0.1936492919921875,100.0,3.135878801345825,-0.007115567103028297,0.7587029337882996,0.0,0.9997099041938782
359,,,,,,,,-1.6691992282867432,2.9629629352712072e-05,-0.016135837882757187,0.011490937322378159,0.375201940536499,0.010814905166625977,248.0,0.19348794221878052,100.0,3.135878801345825,-0.005683520808815956,0.6624478697776794,0.0,0.9996146559715271
360,-0.0060250163078308105,0.4427492916584015,0.0,0.999704122543335,0.0,0.0,1.0,-1.6711649894714355,9.999999747378752e-05,-0.013456238433718681,0.03015960194170475,0.38913822174072266,0.011531829833984375,239.0,0.19357100129127502,100.0,3.128890037536621,-0.005429249256849289,0.2843470871448517,0.0,0.9997547268867493
361,,,,,,,,-1.6691396236419678,6.666666740784422e-05,-0.016030393540859222,0.003337517846375704,0.39059877395629883,0.010859012603759766,239.0,0.19352804124355316,100.0,3.125591278076172,-0.006571177393198013,0.005761727225035429,0.0,0.9997572898864746
362,,,,,,,,-1.6682939529418945,9.999999747378752e-05,-0.008030439727008343,0.02943800762295723,0.39176511764526367,0.010297775268554688,238.0,0.193724125623703,100.0,3.128992795944214,-0.005513188894838095,0.996566116809845,0.0,0.9997089505195618
363,,,,,,,,-1.6569567918777466,6.666666740784422e-05,-0.03296494856476784,0.013397829607129097,0.38608217239379883,0.010642766952514648,241.0,0.19404900074005127,100.0,3.128992795944214,-0.005320144351571798,0.7849127650260925,0.0,0.9996030330657959
364,,,,,,,,-1.6455451250076294,4.444444493856281e-05,-0.009887466207146645,0.011575598269701004,0.39063334465026855,0.011168718338012695,238.0,0.1942899525165558,100.0,3.1188316345214844,-0.006499961484223604,0.18937553465366364,0.0,0.9997162818908691
365,,,,,,,,-1.6366777420043945,6.666666740784422e-05,-0.02769879624247551,0.0011440000962466002,0.3901331424713135,0.010863065719604492,239.0,0.19461262226104736,100.0,3.12247896194458,-0.0065489946864545345,0.06750152260065079,0.0,0.9997386336326599
366,,,,,,,,-1.6265559196472168,2.9629629352712072e-05,-0.02520529180765152,0.010455785319209099,0.3878340721130371,0.010426044464111328,241.0,0.19481295347213745,100.0,3.1209659576416016,-0.007256127893924713,0.6423366665840149,0.0,0.9997501969337463
367,-0.006358775310218334,0.6285861730575562,0.0,0.9997014403343201,0.0,0.0,1.0,-1.620661973953247,9.999999747378752e-05,-0.01142553798854351,0.01133058127015829,0.39017391204833984,0.011146068572998047,239.0,0.19496767222881317,100.0,3.1176586151123047,-0.005417773965746164,0.7958738803863525,0.0,0.9996793866157532
368,,,,,,,,-1.6147152185440063,6.666666740784422e-05,-0.03282305970788002,0.003407263895496726,0.388355016708374,0.010660886764526367,240.0,0.19506146013736725,100.0,3.1100103855133057,-0.006328362971544266,0.038896817713975906,0.0,0.9997183680534363
369,,,,,,,,-1.6152971982955933,2.9629629352712072e-05,-0.022812318056821823,0.011403145268559456,0.38668298721313477,0.01056981086730957,241.0,0.19497017562389374,100.0,3.117114543914795,-0.006074124947190285,0.5720297694206238,0.0,0.9997350573539734
370,,,,,,,,-1.6175098419189453,0.00022499999613501132,-0.004423609469085932,0.02823653258383274,0.39152979850769043,0.011197328567504883,238.0,0.19491738080978394,100.0,3.1116156578063965,-0.005261416081339121,0.7141825556755066,0.0,0.99977707862854
371,,,,,,,,-1.6218912601470947,6.666666740784422e-05,-0.02211579866707325,0.018543709069490433,0.3897089958190918,0.010998010635375977,239.0,0.1949196755886078,100.0,3.1086928844451904,-0.006169506814330816,1.0614047050476074,0.0,0.999675452709198
372,,,,,,,,-1.6216354370117188,2.9629629352712072e-05,-0.020171737298369408,0.003161729546263814,0.39049696922302246,0.012159109115600586,238.0,0.1949865221977234,100.0,3.1137189865112305,-0.00583553547039628,0.044697459787130356,0.0,0.9996876120567322
373,,,,,,,,-1.619538426399231,4.444444493856281e-05,-0.020726094022393227,0.004634549841284752,0.3761711120605469,0.010718822479248047,248.0,0.19505564868450165,100.0,3.1129345893859863,-0.005814266856759787,0.4331335127353668,0.0,0.9997472763061523
374,,,,,,,,-1.61924409866333,2.9629629352712072e-05,-0.019661588594317436,0.007714651059359312,0.40244078636169434,0.011820077896118164,231.0,0.19500195980072021,100.0,3.1104042530059814,-0.005700564477592707,0.6188545823097229,0.0,0.9997992515563965
375,,,,,,,,-1.6239306926727295,6.666666740784422e-05,-0.012857151217758656,0.011434368789196014,0.3906362056732178,0.011114835739135742,238.0,0.19490759074687958,100.0,3.115734338760376,-0.006745490711182356,0.3924694061279297,0.0,0.9997112154960632
376,,,,,,,,-1.629320502281189,0.0001500000071246177,-0.01991467922925949,0.00800054706633091,0.3883519172668457,0.010588884353637695,240.0,0.1947919726371765,100.0,3.1110854148864746,-0.005881762597709894,0.2387627512216568,0.0,0.9996939301490784
377,,,,,,,,-1.6378706693649292,1.316872385359602e-05,-0.013050584122538567,0.0037318665999919176,0.37413477897644043,0.010985374450683594,249.0,0.19471776485443115,100.0,3.1110854148864746,-0.0054897889494895935,0.40219131112098694,0.0,0.9997742176055908
378,,,,,,,,-1.6382253170013428,0.0001500000071246177,-0.013682273216545582,0.01866728626191616,0.3914520740509033,0.010475873947143555,238.0,0.194809228181839,100.0,3.1133975982666016,-0.006471545901149511,0.6305775046348572,0.0,0.999842643737793
379,,,,,,,,-1.6322219371795654,4.444444493856281e-05,-0.014466122724115849,0.015330434776842594,0.4000570774078369,0.011141061782836914,233.0,0.1947605013847351,100.0,3.1046671867370605,-0.006423527374863625,0.3206372559070587,0.0,0.9997479319572449
380,,,,,,,,-1.6325037479400635,0.0001500000071246177,-0.010924370028078556,0.016479814425110817,0.3767728805541992,0.010370016098022461,247.0,0.1947455108165741,100.0,3.1090145111083984,-0.005862724501639605,0.6711799502372742,0.0,0.9996790289878845
381,,,,,,,,-1.6341392993927002,6.666666740784422e-05,-0.013330158777534962,0.018626952543854713,0.3865070343017578,0.010649919509887695,241.0,0.1946111023426056,100.0,3.1090145111083984,-0.006055343896150589,0.7018067836761475,0.0,0.9998106956481934
382,,,,,,,,-1.636314868927002,0.0001500000071246177,-0.024036303162574768,0.01597525179386139,0.3877272605895996,0.010875940322875977,240.0,0.19461922347545624,100.0,3.118373155593872,-0.0062521048821508884,0.0997215285897255,0.0,0.9998040199279785
383,,,,,,,,-1.6451921463012695,6.666666740784422e-05,-0.009948087856173515,0.030621731653809547,0.4042541980743408,0.01139688491821289,230.0,0.19405324757099152,100.0,3.130204200744629,-0.00722007779404521,1.218259334564209,0.0,0.9997375011444092
384,,,,,,,,-1.6691404581069946,9.999999747378752e-05,-0.017951831221580505,0.014111360535025597,0.375762939453125,0.011193037033081055,248.0,0.19335585832595825,100.0,3.130204200744629,-0.005577492993324995,0.6844093799591064,0.0,0.9996618628501892
385,-0.006120664998888969,0.6737344861030579,0.0,0.9997490644454956,0.0,0.0,1.0,-1.6967840194702148,0.0001500000071246177,-0.021285712718963623,0.019381225109100342,0.39046716690063477,0.010622024536132812,239.0,0.19265897572040558,100.0,3.130035161972046,-0.005918780341744423,0.722249448299408,0.0,0.9997809529304504
386,,,,,,,,-1.7148293256759644,1.975308623514138e-05,-0.025153880938887596,0.003363255877047777,0.38909125328063965,0.011568784713745117,239.0,0.19252227246761322,100.0,3.1286699771881104,-0.005347874015569687,0.004036301281303167,0.0,0.9997727870941162
387,,,,,,,,-1.7166314125061035,0.00022499999613501132,-0.004117249045521021,0.02606741525232792,0.394150972366333,0.011584043502807617,236.0,0.19247663021087646,100.0,3.132870674133301,-0.005427925381809473,0.7851129174232483,0.0,0.9997653961181641
388,,,,,,,,-1.7200895547866821,0.00022499999613501132,-0.01773817650973797,0.014437459409236908,0.38643980026245117,0.01019906997680664,242.0,0.1920037567615509,100.0,3.132870674133301,-0.0062156314961612225,1.039404273033142,0.0,0.9996681213378906
389,,,,,,,,-1.7360327243804932,4.444444493856281e-05,-0.029209330677986145,0.006565503776073456,0.3868238925933838,0.01036691665649414,241.0,0.19141751527786255,100.0,3.131619930267334,-0.0058214678429067135,0.4645642936229706,0.0,0.9997608661651611
390,,,,,,,,-1.74949049949646,9.999999747378752e-05,-0.010011200793087482,0.002342374762520194,0.387164831161499,0.010491132736206055,241.0,0.19098472595214844,100.0,3.134909152984619,-0.005340224597603083,0.040636852383613586,0.0,0.9997580647468567
391,,,,,,,,-1.766288161277771,4.444444493856281e-05,-0.026421602815389633,0.005009159911423922,0.389232873916626,0.010998964309692383,239.0,0.19058477878570557,100.0,3.139467239379883,-0.0063586183823645115,0.5421934723854065,0.0,0.9997726082801819
392,-0.006456718780100346,0.4540316164493561,0.0,0.9997350573539734,0.0,0.0,1.0,-1.7758089303970337,0.0001500000071246177,-0.01482477318495512,0.014630002900958061,0.3884260654449463,0.011261940002441406,240.0,0.1903725117444992,100.0,3.1340081691741943,-0.006227761507034302,0.9628557562828064,0.0,0.9997010231018066
393,,,,,,,,-1.7813286781311035,4.444444493856281e-05,-0.02887612208724022,0.004638354759663343,0.38834404945373535,0.010584115982055664,240.0,0.19036544859409332,100.0,3.129228353500366,-0.006236674264073372,0.025569602847099304,0.0,0.9997684955596924
394,,,,,,,,-1.782405972480774,0.0001500000071246177,-0.017537081614136696,0.004833657294511795,0.3868722915649414,0.01110696792602539,241.0,0.19036397337913513,100.0,3.134514570236206,-0.0049299756065011024,0.49212363362312317,0.0,0.9998002648353577
395,,,,,,,,-1.78590989112854,9.999999747378752e-05,-0.016970070078969002,0.007950587198138237,0.3919360637664795,0.010799884796142578,238.0,0.19023887813091278,100.0,3.127983808517456,-0.005591195542365313,0.5911586880683899,0.0,0.9998142123222351
396,,,,,,,,-1.7882622480392456,4.444444493856281e-05,-0.03170759230852127,0.05065455287694931,0.3904540538787842,0.011227846145629883,238.0,0.19024962186813354,100.0,3.1346089839935303,-0.005653880536556244,0.7227449417114258,0.0,0.9997240900993347
397,,,,,,,,-1.7871493101119995,9.999999747378752e-05,-0.01623643934726715,0.001988535514101386,0.38850998878479004,0.010149002075195312,240.0,0.19017483294010162,100.0,3.135978937149048,-0.004903255496174097,0.047999411821365356,0.0,0.9997380375862122
398,,,,,,,,-1.7918338775634766,6.666666740784422e-05,-0.014793679118156433,0.018634485080838203,0.3768329620361328,0.010178089141845703,248.0,0.18988287448883057,100.0,3.1385490894317627,-0.006196738686412573,0.1699838638305664,0.0,0.9997885227203369
399,,,,,,,,-1.801988959312439,6.666666740784422e-05,-0.027687961235642433,0.03526599705219269,0.39980220794677734,0.011217832565307617,233.0,0.1896173506975174,100.0,3.128156900405884,-0.005338727030903101,0.15650667250156403,0.0,0.9998190999031067
400,,,,,,,,-1.8029537200927734,4.444444493856281e-05,-0.01753079704940319,0.020866110920906067,0.3888070583343506,0.011055946350097656,240.0,0.18983618915081024,100.0,3.1272199153900146,-0.005828132387250662,0.6373571753501892,0.0,0.9997240900993347
401,,,,,,,,-1.800698161125183,4.444444493856281e-05,-0.022568611428141594,0.014445781707763672,0.386944055557251,0.010476827621459961,241.0,0.18963296711444855,100.0,3.1255321502685547,-0.005396103486418724,0.5922572016716003,0.0,0.9996698498725891
402,,,,,,,,-1.8105705976486206,0.00022499999613501132,-0.006423556245863438,0.02320939488708973,0.3731708526611328,0.010484933853149414,250.0,0.18925902247428894,100.0,3.1255321502685547,-0.005407177377492189,0.6399930119514465,0.0,0.9997684955596924
403,,,,,,,,-1.8245010375976562,4.444444493856281e-05,-0.03584855794906616,0.01387784257531166,0.3917419910430908,0.011190176010131836,238.0,0.18907582759857178,100.0,3.1143386363983154,-0.005761686712503433,0.19127915799617767,0.0,0.999799907207489
404,,,,,,,,-1.8219369649887085,4.444444493856281e-05,-0.014035874977707863,0.021236982196569443,0.40013599395751953,0.010746240615844727,233.0,0.1893773078918457,100.0,3.113955497741699,-0.005826929118484259,0.1801486760377884,0.0,0.9997109770774841
405,,,,,,,,-1.810210943222046,4.444444493856281e-05,-0.02112538553774357,0.004539188463240862,0.37815213203430176,0.01076197624206543,246.0,0.1896444708108902,100.0,3.1123874187469482,-0.005526768043637276,0.19655312597751617,0.0,0.999650776386261
406,,,,,,,,-1.8064744472503662,0.0001500000071246177,-0.0050756074488162994,0.009475071914494038,0.38579416275024414,0.01071786880493164,242.0,0.18949724733829498,100.0,3.1123874187469482,-0.005830392241477966,0.46773114800453186,0.0,0.9997782707214355
407,,,,,,,,-1.8117420673370361,6.666666740784422e-05,-0.0239811223000288,0.004559342749416828,0.38900089263916016,0.010690927505493164,240.0,0.18960365653038025,100.0,3.1121606826782227,-0.005435620900243521,0.09522730112075806,0.0,0.9997870326042175
408,,,,,,,,-1.812381386756897,4.444444493856281e-05,-0.021638451144099236,0.01493078377097845,0.4039580821990967,0.010435104370117188,231.0,0.1895061731338501,100.0,3.0997109413146973,-0.006084296852350235,0.7651200890541077,0.0,0.9997361302375793
409,,,,,,,,-1.8165769577026367,4.444444493856281e-05,-0.011045096442103386,0.005718851927667856,0.37450599670410156,0.011183023452758789,248.0,0.18939454853534698,100.0,3.0997109413146973,-0.004926080349832773,0.21019725501537323,0.0,0.9996467232704163
410,-0.005710020661354065,0.44902193546295166,0.0,0.9997598528862,0.0,0.0,1.0,-1.818298578262329,0.00022499999613501132,-0.020379850640892982,0.017172781750559807,0.39035606384277344,0.01093292236328125,239.0,0.18941359221935272,100.0,3.094822883605957,-0.006237272638827562,0.5692498087882996,0.0,0.9997878074645996
411,,,,,,,,-1.8134695291519165,2.9629629352712072e-05,-0.02036968432366848,0.0007603411213494837,0.3882162570953369,0.010933876037597656,240.0,0.18959376215934753,100.0,3.0915634632110596,-0.0062607028521597385,0.002622793661430478,0.0,0.9997609257698059
412,,,,,,,,-1.8089710474014282,6.666666740784422e-05,-0.01015388686209917,0.019523845985531807,0.391585111618042,0.011181116104125977,238.0,0.1895749717950821,100.0,3.070828676223755,-0.005577780772000551,0.6550630927085876,0.0,0.9997544884681702
413,,,,,,,,-1.8061429262161255,9.999999747378752e-05,-0.009378443472087383,0.009594911709427834,0.3861560821533203,0.0103302001953125,242.0,0.18984214961528778,100.0,3.070828676223755,-0.005821770057082176,0.25122761726379395,0.0,0.9996739029884338
414,,,,,,,,-1.7971725463867188,9.999999747378752e-05,-0.0226762518286705,0.04571092128753662,0.3880479335784912,0.011137962341308594,240.0,0.18984512984752655,100.0,3.070148229598999,-0.005915417801588774,0.6278131008148193,0.0,0.9997880458831787
415,,,,,,,,-1.7974778413772583,1.975308623514138e-05,-0.016070567071437836,0.00546307722106576,0.3883039951324463,0.010646820068359375,240.0,0.18979871273040771,100.0,3.0670037269592285,-0.004977482836693525,0.04861067235469818,0.0,0.9997863173484802
416,,,,,,,,-1.7972087860107422,9.999999747378752e-05,-0.017424162477254868,0.031182166188955307,0.39073991775512695,0.011082172393798828,238.0,0.18975862860679626,100.0,3.0573956966400146,-0.005685232579708099,0.6825811266899109,0.0,0.999806821346283
417,-0.004546504933387041,0.15587788820266724,0.0,0.9997771978378296,0.0,0.0,1.0,-1.7994898557662964,4.444444493856281e-05,-0.02521023526787758,0.021045716479420662,0.3876478672027588,0.010865211486816406,240.0,0.18968956172466278,100.0,3.0461697578430176,-0.006101748440414667,0.33055582642555237,0.0,0.9996994137763977
418,,,,,,,,-1.7971168756484985,6.666666740784422e-05,-0.01908031292259693,0.002799711190164089,0.3878750801086426,0.011047840118408203,240.0,0.18987028300762177,100.0,3.044679641723633,-0.006033091340214014,0.026057804003357887,0.0,0.9997673034667969
419,,,,,,,,-1.7904613018035889,4.444444493856281e-05,-0.024538880214095116,0.02187148481607437,0.3863687515258789,0.010709047317504883,241.0,0.18988452851772308,100.0,3.0437238216400146,-0.005555167328566313,0.651860773563385,0.0,0.9997866749763489
420,,,,,,,,-1.7888875007629395,9.999999747378752e-05,-0.01990737020969391,0.009332763031125069,0.3912179470062256,0.010565996170043945,238.0,0.1899525374174118,100.0,3.033000946044922,-0.005609903484582901,0.1638517826795578,0.0,0.9998368620872498
421,,,,,,,,-1.7753002643585205,0.0001500000071246177,-0.008010128512978554,0.01648131012916565,0.38904905319213867,0.010154962539672852,240.0,0.19070589542388916,100.0,3.026862382888794,-0.005512051749974489,0.30609655380249023,0.0,0.9997291564941406
422,,,,,,,,-1.7453577518463135,0.0001500000071246177,-0.025110039860010147,0.0037870281375944614,0.38916993141174316,0.011239051818847656,239.0,0.1915351152420044,100.0,3.024171829223633,-0.005454814527183771,0.03692660853266716,0.0,0.9997293949127197
423,,,,,,,,-1.7269948720932007,4.444444493856281e-05,-0.031954266130924225,0.022302526980638504,0.3759942054748535,0.01044607162475586,248.0,0.1916448026895523,100.0,3.0167860984802246,-0.006474312860518694,0.5834107398986816,0.0,0.9997971057891846
424,,,,,,,,-1.7298858165740967,9.999999747378752e-05,-0.02037593349814415,0.013403862714767456,0.40149378776550293,0.010876178741455078,232.0,0.19149239361286163,100.0,3.0069122314453125,-0.006369853392243385,0.5014126896858215,0.0,0.9998509883880615
425,,,,,,,,-1.7380492687225342,4.444444493856281e-05,-0.02379024215042591,0.0160067081451416,0.3901188373565674,0.01006007194519043,239.0,0.19125495851039886,100.0,2.999504804611206,-0.006406452506780624,0.5596171617507935,0.0,0.9997265338897705
426,,,,,,,,-1.7459287643432617,9.999999747378752e-05,-0.012390749529004097,0.007976753637194633,0.3884410858154297,0.010869979858398438,240.0,0.19096210598945618,100.0,2.9971821308135986,-0.005709765944629908,0.5024788975715637,0.0,0.9997239708900452
427,,,,,,,,-1.755808711051941,2.9629629352712072e-05,-0.03081730753183365,0.004383469931781292,0.3749070167541504,0.011488914489746094,248.0,0.1908620148897171,100.0,2.9971821308135986,-0.0060552009381353855,0.4744857847690582,0.0,0.9998092651367188
428,,,,,,,,-1.7538354396820068,6.666666740784422e-05,-0.020322898402810097,0.013570353388786316,0.3884260654449463,0.010432004928588867,240.0,0.1911190301179886,100.0,2.9965507984161377,-0.00652928464114666,0.1746705323457718,0.0,0.9998534321784973
429,,,,,,,,-1.738525629043579,9.999999747378752e-05,-0.018113870173692703,0.03394945338368416,0.39887499809265137,0.01081705093383789,234.0,0.19164523482322693,100.0,2.990180015563965,-0.006262338254600763,0.15067996084690094,0.0,0.9997960925102234
430,,,,,,,,-1.7216699123382568,4.444444493856281e-05,-0.03726045414805412,0.005562356673181057,0.37864184379577637,0.011251211166381836,246.0,0.1919557750225067,100.0,2.9851670265197754,-0.005435837898403406,0.4136955738067627,0.0,0.9997267723083496
431,,,,,,,,-1.7127407789230347,6.666666740784422e-05,-0.026035871356725693,0.018492568284273148,0.38541698455810547,0.010998964309692383,242.0,0.19212882220745087,100.0,2.9851670265197754,-0.005369239021092653,0.15427552163600922,0.0,0.9998490214347839
432,,,,,,,,-1.711313009262085,6.666666740784422e-05,-0.01292896643280983,0.004155890084803104,0.3907959461212158,0.010571002960205078,239.0,0.19196397066116333,100.0,2.974578857421875,-0.0059274001978337765,0.0698530450463295,0.0,0.9998605251312256
433,,,,,,,,-1.7194104194641113,6.666666740784422e-05,-0.0161118283867836,0.012484073638916016,0.4020848274230957,0.011291265487670898,232.0,0.19174467027187347,100.0,2.9574296474456787,-0.006385814398527145,0.7809165120124817,0.0,0.9997813105583191
434,,,,,,,,-1.7253469228744507,2.9629629352712072e-05,-0.020012909546494484,0.0109230512753129,0.37608885765075684,0.01100611686706543,248.0,0.1916317641735077,100.0,2.9574296474456787,-0.00560050318017602,0.4732871949672699,0.0,0.9996979236602783
435,-0.006230895407497883,0.14887237548828125,0.0,0.9997935891151428,0.0,0.0,1.0,-1.7290074825286865,9.999999747378752e-05,-0.024452557787299156,0.009294568561017513,0.3870880603790283,0.010703802108764648,241.0,0.19150856137275696,100.0,2.9473838806152344,-0.0057038539089262486,0.20372092723846436,0.0,0.9998409152030945
436,,,,,,,,-1.7338933944702148,1.975308623514138e-05,-0.03045765496790409,0.001880720490589738,0.3863539695739746,0.011393070220947266,241.0,0.19140775501728058,100.0,2.9418280124664307,-0.005729071330279112,0.005450212862342596,0.0,0.9998302459716797
437,,,,,,,,-1.7334638833999634,9.999999747378752e-05,-0.007454362232238054,0.024375736713409424,0.3928492069244385,0.011174917221069336,237.0,0.19157502055168152,100.0,2.935861587524414,-0.005722053349018097,0.19865666329860687,0.0,0.999819815158844
438,,,,,,,,-1.7289810180664062,4.444444493856281e-05,-0.022839855402708054,0.022563867270946503,0.3838629722595215,0.01038217544555664,243.0,0.19146588444709778,100.0,2.935861587524414,-0.005186005961149931,0.24022115767002106,0.0,0.9997318387031555
439,,,,,,,,-1.7337839603424072,4.444444493856281e-05,-0.013448003679513931,0.01606767624616623,0.38797497749328613,0.01087498664855957,240.0,0.1913822740316391,100.0,2.926133155822754,-0.005665812641382217,0.13204023241996765,0.0,0.9997937083244324
440,,,,,,,,-1.7381267547607422,2.9629629352712072e-05,-0.011775285936892033,0.008202897384762764,0.3909289836883545,0.010451793670654297,239.0,0.19124867022037506,100.0,2.9150071144104004,-0.0061565893702209,0.017427384853363037,0.0,0.9998066425323486
441,,,,,,,,-1.7427033185958862,4.444444493856281e-05,-0.020171234384179115,0.006789714097976685,0.39250993728637695,0.010313034057617188,238.0,0.19113515317440033,100.0,2.914443016052246,-0.005759248044341803,0.1681509017944336,0.0,0.9998118281364441
442,-0.005581033416092396,0.15171325206756592,0.0,0.9997756481170654,0.0,0.0,1.0,-1.7459089756011963,4.444444493856281e-05,-0.014174412004649639,0.04665234684944153,0.39226698875427246,0.01374506950378418,236.0,0.1910904496908188,100.0,2.903852701187134,-0.0056448751129209995,0.7611901164054871,0.0,0.9996829032897949
443,,,,,,,,-1.7458943128585815,4.444444493856281e-05,-0.02539878338575363,0.006035941187292337,0.44510507583618164,0.019105195999145508,206.0,0.1911608874797821,100.0,2.8943557739257812,-0.006300325971096754,0.024196160957217216,0.0,0.9997188448905945
444,,,,,,,,-1.7397432327270508,4.444444493856281e-05,-0.030743837356567383,0.030766908079385757,0.4039633274078369,0.011415958404541016,231.0,0.19144262373447418,100.0,2.8847577571868896,-0.0059697809629142284,0.5368589162826538,0.0,0.999714195728302
445,,,,,,,,-1.728216290473938,4.444444493856281e-05,-0.016463356092572212,0.006106751970946789,0.3944671154022217,0.010947942733764648,236.0,0.19171097874641418,100.0,2.8831284046173096,-0.005575403105467558,0.15804439783096313,0.0,0.9997754096984863
446,,,,,,,,-1.7214902639389038,6.666666740784422e-05,-0.013652147725224495,0.00864615198224783,0.3894388675689697,0.010786056518554688,239.0,0.19175998866558075,100.0,2.871410846710205,-0.006790479179471731,0.3445342481136322,0.0,0.9996562004089355
447,,,,,,,,-1.7230937480926514,4.444444493856281e-05,-0.017828699201345444,0.016875281929969788,0.387235164642334,0.010811090469360352,241.0,0.19164593517780304,100.0,2.867561101913452,-0.006061702501028776,0.016694195568561554,0.0,0.9996766448020935
448,,,,,,,,-1.7260361909866333,2.9629629352712072e-05,-0.02817465551197529,0.02777346409857273,0.3754842281341553,0.010647058486938477,248.0,0.19161084294319153,100.0,2.8619446754455566,-0.005461950320750475,0.14170372486114502,0.0,0.9997264742851257
449,,,,,,,,-1.7268037796020508,4.444444493856281e-05,-0.012483473867177963,0.010556332767009735,0.3980140686035156,0.011482954025268555,234.0,0.19162480533123016,100.0,2.85417103767395,-0.005991355981677771,0.2218180149793625,0.0,0.9997543692588806
450,,,,,,,,-1.726315975189209,6.666666740784422e-05,-0.015647761523723602,0.008327855728566647,0.39095401763916016,0.010701894760131836,239.0,0.1916165053844452,100.0,2.8463339805603027,-0.0061401245184242725,0.24819405376911163,0.0,0.9996469020843506
451,,,,,,,,-1.723432183265686,4.444444493856281e-05,-0.02469945326447487,0.030494993552565575,0.3863992691040039,0.010397911071777344,241.0,0.19177906215190887,100.0,2.8386340141296387,-0.00560641149058938,0.6086449027061462,0.0,0.9995731711387634
452,,,,,,,,-1.7163543701171875,2.9629629352712072e-05,-0.022348785772919655,0.022450381889939308,0.37410593032836914,0.010831117630004883,249.0,0.19194212555885315,100.0,2.8386340141296387,-0.005046425387263298,0.1482088714838028,0.0,0.9996879696846008
453,,,,,,,,-1.7093251943588257,6.666666740784422e-05,-0.014512848109006882,0.010725508444011211,0.3922922611236572,0.011338949203491211,237.0,0.19218170642852783,100.0,2.8091399669647217,-0.0061867572367191315,0.13702194392681122,0.0,0.9997134208679199
454,,,,,,,,-1.695194959640503,9.999999747378752e-05,-0.012367329560220242,0.029611684381961823,0.4009859561920166,0.010677814483642578,233.0,0.19266632199287415,100.0,2.8065643310546875,-0.005769563838839531,0.1450154334306717,0.0,0.9996545910835266
455,,,,,,,,-1.6781103610992432,6.666666740784422e-05,-0.014152677729725838,0.12414812296628952,0.3787648677825928,0.011605024337768555,245.0,0.1928652822971344,100.0,2.796995162963867,-0.005928130354732275,0.7747583985328674,0.0,0.9995236396789551
456,,,,,,,,-1.6731336116790771,6.666666740784422e-05,-0.013520215637981892,0.11545750498771667,0.38550662994384766,0.011249303817749023,241.0,0.19295398890972137,100.0,2.796995162963867,-0.005619770381599665,0.7244899272918701,0.0,0.9996388554573059
457,,,,,,,,-1.670335292816162,4.444444493856281e-05,-0.026047836989164352,0.006120550446212292,0.3893141746520996,0.011539936065673828,239.0,0.19307872653007507,100.0,2.7926437854766846,-0.00622611865401268,0.08242326229810715,0.0,0.9996547698974609
458,,,,,,,,-1.672851324081421,0.0001500000071246177,-0.012953369878232479,0.15247555077075958,0.4028186798095703,0.011069297790527344,231.0,0.19267699122428894,100.0,2.7873270511627197,-0.006536649540066719,0.7824318408966064,0.0,0.9996432662010193
459,,,,,,,,-1.6903988122940063,4.444444493856281e-05,-0.030649831518530846,0.05623095482587814,0.3756992816925049,0.010268926620483398,248.0,0.1923925280570984,100.0,2.7873270511627197,-0.005558176431804895,0.16134631633758545,0.0,0.9994779229164124
460,-0.00598501181229949,0.6955103278160095,0.0,0.9995824098587036,0.0,0.0,1.0,-1.6950074434280396,4.444444493856281e-05,-0.02284175157546997,0.10080236196517944,0.39185571670532227,0.010614156723022461,238.0,0.1922874003648758,100.0,2.7962427139282227,-0.006148072425276041,0.765960156917572,0.0,0.9996519684791565
461,,,,,,,,-1.697003722190857,0.00022499999613501132,-0.011786145158112049,0.006041327491402626,0.39016199111938477,0.010644912719726562,239.0,0.1925319880247116,100.0,2.786099672317505,-0.005747076589614153,0.008891438134014606,0.0,0.9996633529663086
462,,,,,,,,-1.6862815618515015,4.444444493856281e-05,-0.025750532746315002,0.05200352519750595,0.39385032653808594,0.010742902755737305,237.0,0.19268018007278442,100.0,2.7931742668151855,-0.007489241659641266,0.8320488929748535,0.0,0.9996452331542969
463,,,,,,,,-1.6847056150436401,2.9629629352712072e-05,-0.020953021943569183,0.11641769856214523,0.38476014137268066,0.01102900505065918,242.0,0.19280937314033508,100.0,2.7931742668151855,-0.005658892914652824,0.1890479326248169,0.0,0.9995296001434326
464,,,,,,,,-1.6756858825683594,6.666666740784422e-05,-0.02096829004585743,0.04041052237153053,0.3862919807434082,0.010991096496582031,241.0,0.19322273135185242,100.0,2.7990691661834717,-0.00622480409219861,0.14934799075126648,0.0,0.9996144771575928
465,,,,,,,,-1.6596263647079468,4.444444493856281e-05,-0.026013029739260674,0.011021222919225693,0.38985300064086914,0.011139154434204102,239.0,0.19342400133609772,100.0,2.800278663635254,-0.0061530484817922115,0.010729449801146984,0.0,0.999666154384613
466,,,,,,,,-1.6557707786560059,4.444444493856281e-05,-0.008976884186267853,0.053882528096437454,0.3912498950958252,0.011141061782836914,238.0,0.19338491559028625,100.0,2.7908527851104736,-0.0063920593820512295,0.16867001354694366,0.0,0.999704122543335
467,-0.0059307836927473545,0.13007549941539764,0.0,0.999642550945282,0.0,0.0,1.0,-1.6577666997909546,9.999999747378752e-05,-0.007047016639262438,0.11366493254899979,0.3886408805847168,0.01073002815246582,240.0,0.19319388270378113,100.0,2.781111240386963,-0.006733669433742762,0.8122968077659607,0.0,0.9995563626289368
468,,,,,,,,-1.666715383529663,6.666666740784422e-05,-0.022371018305420876,0.009883204475045204,0.3901829719543457,0.01076817512512207,239.0,0.1928902417421341,100.0,2.778696060180664,-0.005673917476087809,0.041221585124731064,0.0,0.9996285438537598
469,,,,,,,,-1.6822491884231567,9.999999747378752e-05,-0.016870571300387383,0.07182624191045761,0.3883049488067627,0.011834144592285156,239.0,0.1923096925020218,100.0,2.773115396499634,-0.006252862047404051,0.773166835308075,0.0,0.9996455311775208
470,,,,,,,,-1.7004412412643433,2.9629629352712072e-05,-0.0262253750115633,0.05029121786355972,0.39208388328552246,0.010312318801879883,238.0,0.19211451709270477,100.0,2.772489070892334,-0.00583588145673275,0.1645583063364029,0.0,0.9997115731239319
471,,,,,,,,-1.7067866325378418,9.999999747378752e-05,-0.021931396797299385,0.04700986295938492,0.3895742893218994,0.01045989990234375,239.0,0.1916816383600235,100.0,2.763230085372925,-0.0060984366573393345,0.3099689483642578,0.0,0.9996061325073242
472,,,,,,,,-1.7232861518859863,4.444444493856281e-05,-0.027005579322576523,0.012102866545319557,0.40474605560302734,0.011399269104003906,230.0,0.19146883487701416,100.0,2.7739322185516357,-0.005208002869039774,0.009530533105134964,0.0,0.9995648264884949
473,,,,,,,,-1.7219245433807373,9.999999747378752e-05,-0.01283413078635931,0.02151653729379177,0.37813401222229004,0.010896682739257812,246.0,0.19168108701705933,100.0,2.764864683151245,-0.0065618655644357204,0.15118147432804108,0.0,0.9996731877326965
474,,,,,,,,-1.7171440124511719,6.666666740784422e-05,-0.02495386265218258,0.011018369346857071,0.4013350009918213,0.010735034942626953,232.0,0.1915690153837204,100.0,2.7625184059143066,-0.005931833293288946,0.19943982362747192,0.0,0.9997377395629883
475,,,,,,,,-1.724595308303833,4.444444493856281e-05,-0.015749232843518257,0.012864404357969761,0.39184999465942383,0.010910987854003906,238.0,0.19136492908000946,100.0,2.7555973529815674,-0.005429762881249189,0.19344981014728546,0.0,0.999655544757843
476,,,,,,,,-1.7305052280426025,9.999999747378752e-05,-0.00919555313885212,0.016352446749806404,0.386868953704834,0.010515928268432617,241.0,0.1912217140197754,100.0,2.7467877864837646,-0.005671810358762741,0.11842676252126694,0.0,0.9996087551116943
477,,,,,,,,-1.7334225177764893,1.975308623514138e-05,-0.03355680778622627,0.009758876636624336,0.37574195861816406,0.010746240615844727,248.0,0.19121108949184418,100.0,2.7467877864837646,-0.005224767606705427,0.14546172320842743,0.0,0.9996821284294128
478,,,,,,,,-1.7319220304489136,9.999999747378752e-05,-0.018093207851052284,0.01284108217805624,0.3920900821685791,0.011352777481079102,237.0,0.19137191772460938,100.0,2.7306830883026123,-0.00597216235473752,0.14695213735103607,0.0,0.9997333884239197
479,,,,,,,,-1.7242534160614014,6.666666740784422e-05,-0.018910804763436317,0.014760610647499561,0.4019908905029297,0.010207891464233398,232.0,0.19151827692985535,100.0,2.7216858863830566,-0.006000178400427103,0.17286889255046844,0.0,0.9996768832206726
480,,,,,,,,-1.7238389253616333,0.00022499999613501132,-0.009648128412663937,0.007131262682378292,0.3785891532897949,0.010164976119995117,246.0,0.1913604736328125,100.0,2.7161524295806885,-0.006036654114723206,0.1441398561000824,0.0,0.9995878338813782
481,,,,,,,,-1.7358808517456055,9.999999747378752e-05,-0.012508871965110302,0.008421698585152626,0.3891429901123047,0.011438131332397461,239.0,0.19085538387298584,100.0,2.7161524295806885,-0.005977950990200043,0.15329976379871368,0.0,0.9997153878211975
482,,,,,,,,-1.7504467964172363,4.444444493856281e-05,-0.024836570024490356,0.00767351221293211,0.388059139251709,0.010927915573120117,240.0,0.19052709639072418,100.0,2.707153558731079,-0.005236230790615082,0.10225820541381836,0.0,0.999748945236206
483,,,,,,,,-1.7560765743255615,6.666666740784422e-05,-0.018882092088460922,0.009893544018268585,0.4015769958496094,0.011316061019897461,232.0,0.19057460129261017,100.0,2.701063394546509,-0.005859931465238333,0.218262180685997,0.0,0.9997046589851379
484,,,,,,,,-1.7504075765609741,9.999999747378752e-05,-0.02393425814807415,0.005972033366560936,0.37465381622314453,0.011983156204223633,248.0,0.19072943925857544,100.0,2.701063394546509,-0.004922821186482906,0.17441217601299286,0.0,0.9995765686035156
485,-0.005593922454863787,0.14751413464546204,0.0,0.9996861219406128,0.0,0.0,1.0,-1.7492265701293945,4.444444493856281e-05,-0.02834216319024563,0.07968943566083908,0.38988280296325684,0.010203361511230469,239.0,0.19058172404766083,100.0,2.6962881088256836,-0.005853268783539534,0.2905987501144409,0.0,0.9997039437294006
486,,,,,,,,-1.7563087940216064,6.666666740784422e-05,-0.01526262890547514,0.003609544364735484,0.38957810401916504,0.010439157485961914,239.0,0.1903906762599945,100.0,2.686835289001465,-0.006167624611407518,0.010927406139671803,0.0,0.9997166991233826
487,,,,,,,,-1.7629085779190063,9.999999747378752e-05,-0.01758606545627117,0.05216461420059204,0.393496036529541,0.010703802108764648,237.0,0.19023656845092773,100.0,2.674673080444336,-0.006048040930181742,0.30759015679359436,0.0,0.9997139573097229
488,,,,,,,,-1.7689838409423828,4.444444493856281e-05,-0.018870385363698006,0.09923887997865677,0.3840172290802002,0.011244773864746094,242.0,0.19015046954154968,100.0,2.674673080444336,-0.006216886918991804,0.9860398769378662,0.0,0.9995290637016296
489,,,,,,,,-1.7705004215240479,6.666666740784422e-05,-0.006578254047781229,0.0028585370164364576,0.3917858600616455,0.010807037353515625,238.0,0.19015030562877655,100.0,2.666882038116455,-0.006198262330144644,0.14779387414455414,0.0,0.9996707439422607
490,,,,,,,,-1.7671080827713013,4.444444493856281e-05,-0.02186059206724167,0.008028265088796616,0.3885958194732666,0.01093602180480957,240.0,0.1902494728565216,100.0,2.6579666137695312,-0.005568424705415964,0.008576693944633007,0.0,0.9997134208679199
491,,,,,,,,-1.7596276998519897,6.666666740784422e-05,-0.024334613233804703,0.011692130006849766,0.3890392780303955,0.011860847473144531,239.0,0.1905330866575241,100.0,2.6606123447418213,-0.005455637350678444,0.1553339809179306,0.0,0.9996744990348816
492,-0.0063749561086297035,0.2792094945907593,0.0,0.9996225237846375,0.0,0.0,1.0,-1.7486672401428223,4.444444493856281e-05,-0.0321430079638958,0.1913946568965912,0.39028096199035645,0.010828018188476562,239.0,0.19074149429798126,100.0,2.6533706188201904,-0.0057007852010428905,0.8894622325897217,0.0,0.9995746612548828
493,,,,,,,,-1.7392139434814453,4.444444493856281e-05,-0.015449798665940762,0.00427909754216671,0.3897562026977539,0.01048898696899414,239.0,0.1910702884197235,100.0,2.6424896717071533,-0.006144271697849035,0.052029285579919815,0.0,0.9996237754821777
494,,,,,,,,-1.7206835746765137,0.00022499999613501132,-0.02155393734574318,0.014177692122757435,0.38796091079711914,0.012025117874145508,240.0,0.19201429188251495,100.0,2.63234543800354,-0.005688462872058153,0.23975805938243866,0.0,0.9996960163116455
495,,,,,,,,-1.6738532781600952,4.444444493856281e-05,-0.02258286625146866,0.02885405160486698,0.39153099060058594,0.010760068893432617,238.0,0.19291344285011292,100.0,2.622668743133545,-0.006665263790637255,0.16668634116649628,0.0,0.999742329120636
496,,,,,,,,-1.660772442817688,2.9629629352712072e-05,-0.029379570856690407,0.025357428938150406,0.3879427909851074,0.01055908203125,240.0,0.19295506179332733,100.0,2.627506971359253,-0.005612799432128668,0.308014839887619,0.0,0.9996039271354675
497,,,,,,,,-1.6597508192062378,6.666666740784422e-05,-0.01861506886780262,0.009371694177389145,0.38893795013427734,0.011700868606567383,239.0,0.19300048053264618,100.0,2.6233513355255127,-0.006285501644015312,0.0070304591208696365,0.0,0.9996001124382019
498,,,,,,,,-1.6583679914474487,9.999999747378752e-05,-0.01602569967508316,0.010997001081705093,0.3763618469238281,0.010368108749389648,248.0,0.19319097697734833,100.0,2.6162118911743164,-0.0058211288414895535,0.14616043865680695,0.0,0.9996989369392395
499,,,,,,,,-1.6496697664260864,9.999999747378752e-05,-0.017314884811639786,0.1703568547964096,0.4023737907409668,0.011476993560791016,231.0,0.19346706569194794,100.0,2.6122817993164062,-0.0062296390533447266,0.7113146781921387,0.0,0.9997598528862
500,,,,,,,,-1.641842246055603,1.975308623514138e-05,-0.02123759686946869,0.13686025142669678,0.39001011848449707,0.010132074356079102,239.0,0.19357040524482727,100.0,2.6036739349365234,-0.005891039967536926,0.7175803780555725,0.0,0.999638557434082
501,,,,,,,,-1.6395066976547241,0.0001500000071246177,-0.008939901366829872,0.05082133039832115,0.3888969421386719,0.010492086410522461,240.0,0.19355547428131104,100.0,2.5965471267700195,-0.005540912970900536,0.6188943386077881,0.0,0.9995777606964111
502,,,,,,,,-1.6403614282608032,2.9629629352712072e-05,-0.016571907326579094,0.020899826660752296,0.3761920928955078,0.010553121566772461,248.0,0.19351927936077118,100.0,2.5965471267700195,-0.00553661584854126,0.15626852214336395,0.0,0.9997037053108215
503,,,,,,,,-1.6439213752746582,0.00022499999613501132,-0.014591445215046406,0.03739764913916588,0.39395904541015625,0.010595083236694336,237.0,0.19320379197597504,100.0,2.6086103916168213,-0.006307750474661589,0.16654710471630096,0.0,0.9997456669807434
504,,,,,,,,-1.6549279689788818,2.9629629352712072e-05,-0.022735998034477234,0.03538748249411583,0.4013800621032715,0.010625123977661133,233.0,0.19314834475517273,100.0,2.6096832752227783,-0.005387241020798683,0.2946210205554962,0.0,0.9996747970581055
505,,,,,,,,-1.655397653579712,6.666666740784422e-05,-0.012268471531569958,0.11538630723953247,0.3786168098449707,0.010616064071655273,246.0,0.1930304914712906,100.0,2.6094276905059814,-0.005341229494661093,0.7263505458831787,0.0,0.9995450377464294
506,,,,,,,,-1.6650056838989258,0.00022499999613501132,-0.006000603083521128,0.0176846943795681,0.3849821090698242,0.011366844177246094,242.0,0.19261319935321808,100.0,2.6094276905059814,-0.006036650855094194,0.16127637028694153,0.0,0.9997060894966125
507,,,,,,,,-1.6810481548309326,2.9629629352712072e-05,-0.033457498997449875,0.014929041266441345,0.3897440433502197,0.011100053787231445,239.0,0.19231154024600983,100.0,2.6094632148742676,-0.0058126081712543964,0.11491129547357559,0.0,0.9997100830078125
508,,,,,,,,-1.6877527236938477,0.00022499999613501132,-0.014875592663884163,0.029482850804924965,0.4027070999145508,0.011137008666992188,231.0,0.19214439392089844,100.0,2.605581760406494,-0.006463882979005575,0.2338113784790039,0.0,0.9996855854988098
509,,,,,,,,-1.6961561441421509,4.444444493856281e-05,-0.024310391396284103,0.005286114756017923,0.37552785873413086,0.011305093765258789,248.0,0.19200566411018372,100.0,2.605581760406494,-0.005606427788734436,0.16316236555576324,0.0,0.999579131603241
510,-0.005956992041319609,0.15510684251785278,0.0,0.9996854662895203,0.0,0.0,1.0,-1.6974232196807861,2.9629629352712072e-05,-0.03175909444689751,0.009652357548475266,0.389434814453125,0.011224031448364258,239.0,0.19201576709747314,100.0,2.596386194229126,-0.005991268437355757,0.1609172224998474,0.0,0.9996610283851624
511,,,,,,,,-1.696155071258545,4.444444493856281e-05,-0.02240155078470707,0.00690748356282711,0.39024806022644043,0.010591983795166016,239.0,0.19204548001289368,100.0,2.596081018447876,-0.004958680830895901,0.0069909971207380295,0.0,0.9996957778930664
512,,,,,,,,-1.693778395652771,1.975308623514138e-05,-0.02006109617650509,0.005825727246701717,0.39229917526245117,0.010288715362548828,238.0,0.19208726286888123,100.0,2.595303535461426,-0.006154978182166815,0.23698504269123077,0.0,0.9996772408485413
513,,,,,,,,-1.691908359527588,4.444444493856281e-05,-0.028036240488290787,0.2897774875164032,0.3870670795440674,0.010441064834594727,241.0,0.19217322766780853,100.0,2.595303535461426,-0.004896536003798246,0.8258680701255798,0.0,0.9995107650756836
514,,,,,,,,-1.6885579824447632,6.666666740784422e-05,-0.008831164799630642,0.2219228446483612,0.3908102512359619,0.01081991195678711,239.0,0.1922105997800827,100.0,2.5894432067871094,-0.005738749634474516,0.6620880961418152,0.0,0.9995730519294739
515,,,,,,,,-1.6856735944747925,4.444444493856281e-05,-0.024831505492329597,0.00296853412874043,0.3895587921142578,0.0106201171875,239.0,0.1922973245382309,100.0,2.579448699951172,-0.0053950645960867405,0.10197264701128006,0.0,0.9996150135993958
516,,,,,,,,-1.6794116497039795,2.9629629352712072e-05,-0.02169577218592167,0.010645342990756035,0.3888359069824219,0.011278152465820312,239.0,0.1924653947353363,100.0,2.578317165374756,-0.005695814732462168,0.16747646033763885,0.0,0.9996303915977478
517,-0.005407692398875952,0.7465818524360657,0.0,0.9995020031929016,0.0,0.0,1.0,-1.6738404035568237,4.444444493856281e-05,-0.010684123262763023,0.01679452322423458,0.38776397705078125,0.011421918869018555,240.0,0.1925422102212906,100.0,2.5894033908843994,-0.005589701700955629,0.2596950829029083,0.0,0.9995057582855225
518,,,,,,,,-1.6734269857406616,4.444444493856281e-05,-0.00413439329713583,0.009810886345803738,0.38930726051330566,0.01117396354675293,239.0,0.19243761897087097,100.0,2.593149423599243,-0.005483862478286028,0.045621562749147415,0.0,0.9995412230491638
519,,,,,,,,-1.6747504472732544,6.666666740784422e-05,-0.014952718280255795,0.0076674772426486015,0.3887660503387451,0.011169910430908203,240.0,0.19251592457294464,100.0,2.5851287841796875,-0.006220030132681131,0.10429336875677109,0.0,0.9996270537376404
520,,,,,,,,-1.670649766921997,4.444444493856281e-05,-0.014928719960153103,0.011578771285712719,0.3921940326690674,0.01038503646850586,238.0,0.19259525835514069,100.0,2.584568738937378,-0.005672092083841562,0.15440653264522552,0.0,0.999678909778595
521,,,,,,,,-1.6686980724334717,1.316872385359602e-05,-0.03243156522512436,0.010921141132712364,0.3885650634765625,0.011707067489624023,239.0,0.19261877238750458,100.0,2.583893299102783,-0.00617350684478879,0.3231686055660248,0.0,0.9995599389076233
522,,,,,,,,-1.668010950088501,4.444444493856281e-05,-0.015280705876648426,0.006073545664548874,0.38983583450317383,0.010709047317504883,239.0,0.1926545351743698,100.0,2.57377290725708,-0.005694590043276548,0.005752796772867441,0.0,0.9995520710945129
523,,,,,,,,-1.665819525718689,4.444444493856281e-05,-0.0013487220276147127,0.004997266922146082,0.3811612129211426,0.010938882827758789,244.0,0.19276882708072662,100.0,2.563657522201538,-0.006325679365545511,0.1351214498281479,0.0,0.9996553063392639
524,,,,,,,,-1.6619563102722168,4.444444493856281e-05,-0.014839527197182178,0.01035616360604763,0.39917421340942383,0.011249780654907227,233.0,0.19289906322956085,100.0,2.5634946823120117,-0.005901352036744356,0.15824639797210693,0.0,0.9997336268424988
525,,,,,,,,-1.6567480564117432,2.9629629352712072e-05,-0.023543886840343475,0.006336714141070843,0.39112281799316406,0.010722160339355469,238.0,0.19305451214313507,100.0,2.5634918212890625,-0.005108129698783159,0.23165540397167206,0.0,0.9996208548545837
526,,,,,,,,-1.6485896110534668,0.0001500000071246177,-0.009605903178453445,0.07561346143484116,0.39032411575317383,0.01075601577758789,239.0,0.19339215755462646,100.0,2.553147077560425,-0.006231226027011871,0.7055663466453552,0.0,0.9995080828666687
527,,,,,,,,-1.6381183862686157,4.444444493856281e-05,-0.023980170488357544,0.007283817045390606,0.37526702880859375,0.011483192443847656,248.0,0.19341763854026794,100.0,2.553147077560425,-0.005119726061820984,0.1426905393600464,0.0,0.9996466040611267
528,,,,,,,,-1.6419239044189453,6.666666740784422e-05,-0.014234112575650215,0.2548889219760895,0.39043688774108887,0.010824203491210938,239.0,0.19326092302799225,100.0,2.5530052185058594,-0.0065689063630998135,0.6684246063232422,0.0,0.9996911883354187
529,,,,,,,,-1.649645209312439,4.444444493856281e-05,-0.024274775758385658,0.26514220237731934,0.40471386909484863,0.010889053344726562,230.0,0.19306156039237976,100.0,2.5644705295562744,-0.005498660262674093,0.7550377249717712,0.0,0.9995717406272888
530,,,,,,,,-1.6558319330215454,4.444444493856281e-05,-0.025770675390958786,0.012367365881800652,0.3780636787414551,0.010552167892456055,247.0,0.1930297464132309,100.0,2.5559873580932617,-0.0066717746667563915,0.1365157812833786,0.0,0.9995176196098328
531,,,,,,,,-1.6530636548995972,6.666666740784422e-05,-0.012376049533486366,0.21210035681724548,0.38443899154663086,0.010643959045410156,242.0,0.19315974414348602,100.0,2.5559873580932617,-0.005251684691756964,0.719508171081543,0.0,0.9996083378791809
532,,,,,,,,-1.6480095386505127,6.666666740784422e-05,-0.020741712301969528,0.16934381425380707,0.38828086853027344,0.01032114028930664,240.0,0.19328777492046356,100.0,2.5598208904266357,-0.00689249113202095,0.5886931419372559,0.0,0.9996604919433594
533,,,,,,,,-1.6468722820281982,4.444444493856281e-05,-0.007597014773637056,0.015739694237709045,0.4035649299621582,0.011629104614257812,231.0,0.1932504028081894,100.0,2.5559213161468506,-0.006572661455720663,0.30868420004844666,0.0,0.9996302723884583
534,,,,,,,,-1.64754056930542,4.444444493856281e-05,-0.01994604617357254,0.02065916359424591,0.37701916694641113,0.011701107025146484,246.0,0.19332949817180634,100.0,2.5559213161468506,-0.005382569506764412,0.1609480232000351,0.0,0.9995248913764954
535,-0.006690885405987501,0.6907275319099426,0.0,0.9995808601379395,0.0,0.0,1.0,-1.6463901996612549,2.9629629352712072e-05,-0.02422519028186798,0.03522304818034172,0.3900339603424072,0.013178110122680664,238.0,0.19332127273082733,100.0,2.560615301132202,-0.0054657054133713245,0.17535622417926788,0.0,0.9996185302734375
536,,,,,,,,-1.6473114490509033,1.975308623514138e-05,-0.02072921395301819,0.0023956315126270056,0.38889598846435547,0.010588884353637695,240.0,0.1932777613401413,100.0,2.5715548992156982,-0.005807757843285799,0.006956147495657206,0.0,0.9996781349182129
537,,,,,,,,-1.6497523784637451,9.999999747378752e-05,-0.014078945852816105,0.010590222664177418,0.3909909725189209,0.011075973510742188,238.0,0.19314368069171906,100.0,2.5667219161987305,-0.00703774718567729,0.2522919178009033,0.0,0.9996867775917053
538,,,,,,,,-1.649235725402832,6.666666740784422e-05,-0.020106174051761627,0.014509463682770729,0.38550710678100586,0.011246919631958008,241.0,0.19334520399570465,100.0,2.5667219161987305,-0.004794799257069826,0.18009202182292938,0.0,0.9995426535606384
539,,,,,,,,-1.64320707321167,4.444444493856281e-05,-0.020004877820611,0.23627547919750214,0.3901188373565674,0.010894060134887695,239.0,0.19343602657318115,100.0,2.5671234130859375,-0.0059366836212575436,0.74172443151474,0.0,0.9996064305305481
540,,,,,,,,-1.6445448398590088,6.666666740784422e-05,-0.02549298107624054,0.0031514016445726156,0.3886747360229492,0.01051020622253418,240.0,0.19328594207763672,100.0,2.5619430541992188,-0.006469987332820892,0.0337030254304409,0.0,0.9996089935302734
541,,,,,,,,-1.651389479637146,0.0001500000071246177,-0.010045710019767284,0.17125900089740753,0.39159703254699707,0.011279106140136719,238.0,0.1931954324245453,100.0,2.5564839839935303,-0.006255375221371651,0.7805830836296082,0.0,0.9996371269226074
542,-0.005606530699878931,0.12772934138774872,0.0,0.9995970129966736,0.0,0.0,1.0,-1.6575007438659668,4.444444493856281e-05,-0.023882808163762093,0.020664578303694725,0.3862447738647461,0.01041722297668457,242.0,0.19303013384342194,100.0,2.550128936767578,-0.005732093006372452,0.281699538230896,0.0,0.9994850158691406
543,,,,,,,,-1.6610044240951538,4.444444493856281e-05,-0.022421834990382195,0.007563120685517788,0.38953590393066406,0.010684013366699219,239.0,0.1930750012397766,100.0,2.5610029697418213,-0.006215689703822136,0.040171463042497635,0.0,0.9995084404945374
544,,,,,,,,-1.6547329425811768,4.444444493856281e-05,-0.01515818852931261,0.010563554242253304,0.38704681396484375,0.011884212493896484,240.0,0.19340188801288605,100.0,2.573241949081421,-0.005123764276504517,0.10440629720687866,0.0,0.9995970129966736
545,,,,,,,,-1.6450897455215454,2.9629629352712072e-05,-0.016434593126177788,0.20385634899139404,0.3942289352416992,0.010601997375488281,237.0,0.19351504743099213,100.0,2.5731327533721924,-0.005945904180407524,0.7978803515434265,0.0,0.9996665120124817
546,,,,,,,,-1.6399964094161987,6.666666740784422e-05,-0.012902881018817425,0.3194130063056946,0.38913416862487793,0.011214017868041992,239.0,0.1938169151544571,100.0,2.572925329208374,-0.005784826353192329,1.4623855352401733,0.0,0.9995112419128418
547,,,,,,,,-1.6292750835418701,2.9629629352712072e-05,-0.02119055762887001,0.002878429600968957,0.3908209800720215,0.010698080062866211,239.0,0.19394922256469727,100.0,2.5728254318237305,-0.005694034043699503,0.09869500994682312,0.0,0.9994614720344543
548,,,,,,,,-1.6315252780914307,0.00022499999613501132,-0.008973975665867329,0.1189037412405014,0.37519001960754395,0.010551929473876953,248.0,0.19354574382305145,100.0,2.5849738121032715,-0.006537856999784708,0.8033928275108337,0.0,0.9995121359825134
549,,,,,,,,-1.648882269859314,6.666666740784422e-05,-0.017708564177155495,0.1443006694316864,0.3985931873321533,0.011656999588012695,234.0,0.1931937038898468,100.0,2.5882813930511475,-0.0063508315943181515,0.7831016182899475,0.0,0.999603807926178
550,,,,,,,,-1.6546164751052856,0.000759374990593642,-0.00975051149725914,0.09465403109788895,0.38967108726501465,0.01021575927734375,240.0,0.19278612732887268,100.0,2.600245237350464,-0.005505524575710297,0.8251777291297913,0.0,0.9994722008705139
551,,,,,,,,-1.6703250408172607,2.9629629352712072e-05,-0.025586795061826706,0.024906501173973083,0.38637685775756836,0.010618925094604492,241.0,0.19267137348651886,100.0,2.6049082279205322,-0.005811192095279694,0.6807098388671875,0.0,0.9993749260902405
552,,,,,,,,-1.6641498804092407,4.444444493856281e-05,-0.01100953109562397,0.0976327508687973,0.37412023544311523,0.010803937911987305,249.0,0.19296491146087646,100.0,2.6049082279205322,-0.005385478492826223,0.13950932025909424,0.0,0.9995657801628113
553,,,,,,,,-1.6525790691375732,1.975308623514138e-05,-0.01833314448595047,0.0315985381603241,0.38976526260375977,0.011016845703125,239.0,0.1931636482477188,100.0,2.627349853515625,-0.006283293012529612,0.15669842064380646,0.0,0.999616801738739
554,,,,,,,,-1.649105191230774,6.666666740784422e-05,-0.011808161623775959,0.07675448060035706,0.40216708183288574,0.010955095291137695,232.0,0.19312481582164764,100.0,2.638892412185669,-0.004937571007758379,0.14810684323310852,0.0,0.9995853304862976
555,,,,,,,,-1.651242971420288,2.9629629352712072e-05,-0.02336147055029869,0.053979791700839996,0.37880396842956543,0.01079702377319336,246.0,0.19308353960514069,100.0,2.638848066329956,-0.006140923593193293,0.17107564210891724,0.0,0.9994603991508484
556,,,,,,,,-1.6519465446472168,6.666666740784422e-05,-0.015858516097068787,0.08098821341991425,0.3859381675720215,0.010720014572143555,242.0,0.19309048354625702,100.0,2.638848066329956,-0.005195803940296173,0.769687831401825,0.0,0.9995670318603516
557,,,,,,,,-1.6520143747329712,6.666666740784422e-05,-0.008959225378930569,0.007991675287485123,0.38930702209472656,0.010581016540527344,240.0,0.1930399388074875,100.0,2.637640953063965,-0.005981875583529472,0.1184554472565651,0.0,0.9996212124824524
558,,,,,,,,-1.6556756496429443,6.666666740784422e-05,-0.03035805933177471,0.05168470740318298,0.4017932415008545,0.01085209846496582,232.0,0.192880317568779,100.0,2.627279043197632,-0.005495659541338682,0.19473659992218018,0.0,0.9995871186256409
559,,,,,,,,-1.659317135810852,1.975308623514138e-05,-0.02395310066640377,0.04771048203110695,0.3757302761077881,0.010769844055175781,248.0,0.19286519289016724,100.0,2.627279043197632,-0.005414640065282583,0.14195428788661957,0.0,0.9993893504142761
560,-0.005317158531397581,0.7389001250267029,0.0,0.9994727373123169,0.0,0.0,1.0,-1.659812092781067,9.999999747378752e-05,-0.008637450635433197,0.10574637353420258,0.3897738456726074,0.010740995407104492,239.0,0.19274485111236572,100.0,2.639216899871826,-0.0060658627189695835,0.7348085045814514,0.0,0.9995437264442444
561,,,,,,,,-1.6642398834228516,4.444444493856281e-05,-0.0176235418766737,0.007220547180622816,0.3877239227294922,0.01046895980834961,241.0,0.19266150891780853,100.0,2.639578342437744,-0.0062022083438932896,0.01570705510675907,0.0,0.9995689988136292
562,,,,,,,,-1.6633158922195435,6.666666740784422e-05,-0.015844358131289482,0.04599030688405037,0.3938899040222168,0.01040196418762207,237.0,0.1926831305027008,100.0,2.6276588439941406,-0.007025712635368109,0.2846919596195221,0.0,0.999608039855957
563,,,,,,,,-1.663126826286316,6.666666740784422e-05,-0.00764677207916975,0.03686314821243286,0.38597917556762695,0.010937690734863281,241.0,0.19268366694450378,100.0,2.6276588439941406,-0.005283116828650236,0.1876416951417923,0.0,0.9994166493415833
564,,,,,,,,-1.6625328063964844,9.999999747378752e-05,-0.01927427016198635,0.012474405579268932,0.4034750461578369,0.011804819107055664,231.0,0.19288547337055206,100.0,2.6279780864715576,-0.006611753720790148,0.15772539377212524,0.0,0.9994962811470032
565,,,,,,,,-1.6540101766586304,2.9629629352712072e-05,-0.02457415871322155,0.005918861832469702,0.42993593215942383,0.011505126953125,217.0,0.19309216737747192,100.0,2.628434181213379,-0.006486193742603064,0.004233138635754585,0.0,0.9995343089103699
566,,,,,,,,-1.6489510536193848,6.666666740784422e-05,-0.010563387535512447,0.12978804111480713,0.39064908027648926,0.010864973068237305,239.0,0.19319212436676025,100.0,2.617842435836792,-0.0061083086766302586,0.7870416045188904,0.0,0.9995503425598145
567,-0.006578870117664337,0.13777406513690948,0.0,0.9995036721229553,0.0,0.0,1.0,-1.6438552141189575,4.444444493856281e-05,-0.023241130635142326,0.09054499864578247,0.38843870162963867,0.01099705696105957,240.0,0.1933923065662384,100.0,2.617494821548462,-0.005765517707914114,0.8772026896476746,0.0,0.99943608045578
568,,,,,,,,-1.6338632106781006,2.9629629352712072e-05,-0.009720547124743462,0.009064963087439537,0.39107298851013184,0.010722160339355469,238.0,0.1937790811061859,100.0,2.605853319168091,-0.005602327641099691,0.0388312004506588,0.0,0.9994829297065735
569,,,,,,,,-1.6197565793991089,2.9629629352712072e-05,-0.01684688776731491,0.01066404115408659,0.387070894241333,0.010785818099975586,241.0,0.1941303014755249,100.0,2.6065855026245117,-0.006097545847296715,0.10744857788085938,0.0,0.9995160698890686
570,,,,,,,,-1.6075999736785889,9.999999747378752e-05,-0.013714667409658432,0.02484465017914772,0.3905336856842041,0.010616064071655273,239.0,0.1944299042224884,100.0,2.61759090423584,-0.006133150774985552,0.13645190000534058,0.0,0.9996073246002197
571,,,,,,,,-1.5982284545898438,4.444444493856281e-05,-0.0166737362742424,0.025688204914331436,0.38740992546081543,0.010699033737182617,241.0,0.19446365535259247,100.0,2.6180994510650635,-0.005502978805452585,0.30503717064857483,0.0,0.9995248317718506
572,,,,,,,,-1.599385380744934,6.666666740784422e-05,-0.011496379040181637,0.005170742981135845,0.3901970386505127,0.011113166809082031,239.0,0.1943226158618927,100.0,2.6178460121154785,-0.005628132726997137,0.004787097219377756,0.0,0.9994878768920898
573,,,,,,,,-1.603718876838684,2.9629629352712072e-05,-0.02255956642329693,0.01023122388869524,0.37796616554260254,0.010304927825927734,247.0,0.19422687590122223,100.0,2.617356061935425,-0.0059225489385426044,0.16701261699199677,0.0,0.9995307326316833
574,,,,,,,,-1.6073108911514282,9.999999747378752e-05,-0.009222663007676601,0.19097855687141418,0.4024009704589844,0.011390924453735352,232.0,0.19418203830718994,100.0,2.608181953430176,-0.0055765509605407715,0.8169651031494141,0.0,0.9996201395988464
575,,,,,,,,-1.6117264032363892,4.444444493856281e-05,-0.0235129464417696,0.023006262257695198,0.3903491497039795,0.011101961135864258,239.0,0.19418607652187347,100.0,2.6075809001922607,-0.005347477737814188,0.2359405905008316,0.0,0.9994965195655823
576,,,,,,,,-1.6121635437011719,6.666666740784422e-05,-0.013324690982699394,0.052494365721940994,0.3895289897918701,0.010410070419311523,240.0,0.19421736896038055,100.0,2.595172166824341,-0.005624230485409498,0.7167184948921204,0.0,0.9993691444396973
577,,,,,,,,-1.6122528314590454,2.9629629352712072e-05,-0.02481393702328205,0.13055364787578583,0.3762638568878174,0.011500120162963867,247.0,0.19426390528678894,100.0,2.595172166824341,-0.005403643939644098,0.7119221687316895,0.0,0.9994451403617859
578,,,,,,,,-1.6124271154403687,6.666666740784422e-05,-0.0198863185942173,0.011816581711173058,0.39011597633361816,0.010877132415771484,239.0,0.19427698850631714,100.0,2.6079018115997314,-0.0061552394181489944,0.15452750027179718,0.0,0.9995428919792175
579,,,,,,,,-1.614924430847168,4.444444493856281e-05,-0.017892740666866302,0.01328224129974842,0.40032410621643066,0.01076507568359375,233.0,0.19419987499713898,100.0,2.6198630332946777,-0.0054742260836064816,0.14768315851688385,0.0,0.9994985461235046
580,,,,,,,,-1.619081974029541,0.0001500000071246177,-0.015521091409027576,0.01140981912612915,0.3798360824584961,0.01053309440612793,245.0,0.19401700794696808,100.0,2.630610704421997,-0.005484489724040031,0.13884572684764862,0.0,0.9993494153022766
581,,,,,,,,-1.6345070600509644,6.666666740784422e-05,-0.01959552802145481,0.012811277993023396,0.3853909969329834,0.010786056518554688,242.0,0.19361631572246552,100.0,2.630610704421997,-0.005949612241238356,0.13932989537715912,0.0,0.9995059967041016
582,,,,,,,,-1.645956039428711,2.9629629352712072e-05,-0.02443094551563263,0.006523194257169962,0.3882420063018799,0.01037907600402832,240.0,0.1934332549571991,100.0,2.629760265350342,-0.005199939478188753,0.11404470354318619,0.0,0.9995785355567932
583,,,,,,,,-1.6538792848587036,0.0001500000071246177,-0.009004703722894192,0.22796888649463654,0.4019601345062256,0.010861873626708984,232.0,0.19312147796154022,100.0,2.6292648315429688,-0.006873061880469322,0.8378100395202637,0.0,0.9995641708374023
584,,,,,,,,-1.6826612949371338,0.0001500000071246177,-0.01820405386388302,0.16700983047485352,0.3764772415161133,0.011482715606689453,247.0,0.19205670058727264,100.0,2.6292648315429688,-0.005535332951694727,0.8224249482154846,0.0,0.9993699193000793
585,-0.006147259846329689,0.13378176093101501,0.0,0.9995055794715881,0.0,0.0,1.0,-1.7138620615005493,2.9629629352712072e-05,-0.02590854838490486,0.010151481255888939,0.38818788528442383,0.01061701774597168,240.0,0.191709965467453,100.0,2.6291325092315674,-0.006012490019202232,0.16436631977558136,0.0,0.9995338320732117
586,,,,,,,,-1.7141494750976562,0.0001500000071246177,-0.011201653629541397,0.00492874626070261,0.3872990608215332,0.010400772094726562,241.0,0.19206883013248444,100.0,2.6290416717529297,-0.005866486579179764,0.007072515785694122,0.0,0.9995524287223816
587,,,,,,,,-1.6985849142074585,1.975308623514138e-05,-0.0035778216551989317,0.15399570763111115,0.39319396018981934,0.010399103164672852,237.0,0.19230327010154724,100.0,2.6542797088623047,-0.005411648657172918,0.7260637283325195,0.0,0.9995222091674805
588,,,,,,,,-1.6964919567108154,9.999999747378752e-05,-0.018825244158506393,0.018872898072004318,0.3831510543823242,0.011243104934692383,243.0,0.1922670602798462,100.0,2.6542797088623047,-0.005304218735545874,0.3405560553073883,0.0,0.9993953108787537
589,,,,,,,,-1.7003992795944214,4.444444493856281e-05,-0.020447228103876114,0.1724783182144165,0.38921594619750977,0.010755062103271484,240.0,0.19213268160820007,100.0,2.654503345489502,-0.0060762446373701096,0.7279595732688904,0.0,0.9995289444923401
590,,,,,,,,-1.7045061588287354,6.666666740784422e-05,-0.025454720482230186,0.00513805728405714,0.39107728004455566,0.01118779182434082,238.0,0.19200503826141357,100.0,2.654163360595703,-0.006035792175680399,0.10442790389060974,0.0,0.9995336532592773
591,,,,,,,,-1.70637845993042,6.666666740784422e-05,-0.025570372119545937,0.025731341913342476,0.38697004318237305,0.010822057723999023,241.0,0.19196142256259918,100.0,2.6658778190612793,-0.005874552298337221,0.15110690891742706,0.0,0.9995989799499512
592,-0.005800331011414528,0.15055477619171143,0.0,0.9995375871658325,0.0,0.0,1.0,-1.7058433294296265,2.9629629352712072e-05,-0.024850880727171898,0.053230904042720795,0.4427988529205322,0.017223119735717773,208.0,0.1918659657239914,100.0,2.6655852794647217,-0.005462421104311943,0.34989047050476074,0.0,0.9994414448738098
593,,,,,,,,-1.7088830471038818,0.00022499999613501132,-0.011995215900242329,0.0037246202118694782,0.511124849319458,0.013949155807495117,182.0,0.1918180137872696,100.0,2.6758878231048584,-0.004837668966501951,0.06412903219461441,0.0,0.9994780421257019
594,,,,,,,,-1.7109532356262207,4.444444493856281e-05,-0.020965421572327614,0.04708883538842201,0.4014921188354492,0.011322021484375,232.0,0.19174085557460785,100.0,2.675381898880005,-0.006106042768806219,0.7561258673667908,0.0,0.9995210766792297
595,,,,,,,,-1.7132701873779297,4.444444493856281e-05,-0.01814107596874237,0.16916120052337646,0.3948187828063965,0.010599136352539062,236.0,0.19173219799995422,100.0,2.6625537872314453,-0.006123535335063934,0.7802290916442871,0.0,0.9996035695075989
596,,,,,,,,-1.7145235538482666,2.9629629352712072e-05,-0.03218071535229683,0.06567909568548203,0.38853883743286133,0.011205196380615234,240.0,0.1916600614786148,100.0,2.6605870723724365,-0.005539173260331154,0.3355911672115326,0.0,0.9994553923606873
597,,,,,,,,-1.7170026302337646,0.00022499999613501132,-0.014026941731572151,0.002022563014179468,0.38755297660827637,0.010973930358886719,240.0,0.19167686998844147,100.0,2.673333168029785,-0.00570493983104825,0.008061672560870647,0.0,0.9994309544563293
598,,,,,,,,-1.716313362121582,4.444444493856281e-05,-0.008244638331234455,0.015623088926076889,0.37497782707214355,0.010641098022460938,248.0,0.19160053133964539,100.0,2.6854405403137207,-0.005974481347948313,0.18513791263103485,0.0,0.999518632888794
599,,,,,,,,-1.7218337059020996,0.0001500000071246177,-0.019458938390016556,0.02830035798251629,0.40185093879699707,0.01030111312866211,232.0,0.19127672910690308,100.0,2.68542218208313,-0.0063361781649291515,0.16262052953243256,0.0,0.999635636806488
600,,,,,,,,-1.7278152704238892,6.666666740784422e-05,-0.026296764612197876,0.010079367086291313,0.39254021644592285,0.010970830917358398,237.0,0.19147764146327972,100.0,2.6747701168060303,-0.0060357400216162205,0.24292941391468048,0.0,0.999535322189331
601,,,,,,,,-1.7160440683364868,2.9629629352712072e-05,-0.018368761986494064,0.0033492567017674446,0.38973379135131836,0.010930299758911133,239.0,0.19177545607089996,100.0,2.672780990600586,-0.0061257220804691315,0.12161675840616226,0.0,0.9994673728942871
602,,,,,,,,-1.7098478078842163,0.00022499999613501132,-0.014335628598928452,0.008792039938271046,0.37488508224487305,0.010471105575561523,249.0,0.19194871187210083,100.0,2.672780990600586,-0.005522234831005335,0.1668611317873001,0.0,0.9995496869087219
603,,,,,,,,-1.7043712139129639,4.444444493856281e-05,-0.014214315451681614,0.19589132070541382,0.38933396339416504,0.011070966720581055,239.0,0.1919119656085968,100.0,2.6733429431915283,-0.005939623806625605,0.7275350689888,0.0,0.9996261596679688
604,,,,,,,,-1.7080845832824707,0.0001500000071246177,-0.018474632874131203,0.03929181769490242,0.4038419723510742,0.010808944702148438,231.0,0.19166387617588043,100.0,2.673644542694092,-0.005921489093452692,0.3164873421192169,0.0,0.9995505213737488
605,,,,,,,,-1.7125943899154663,4.444444493856281e-05,-0.02422654628753662,0.026087990030646324,0.3798038959503174,0.010800838470458984,245.0,0.1917514055967331,100.0,2.6740305423736572,-0.006060576066374779,0.21694506704807281,0.0,0.9994311928749084
606,,,,,,,,-1.7102527618408203,9.999999747378752e-05,-0.009805100038647652,0.008566758595407009,0.38450121879577637,0.011236906051635742,242.0,0.19176070392131805,100.0,2.6740305423736572,-0.0053158910013735294,0.149502232670784,0.0,0.9995692372322083
607,,,,,,,,-1.71613609790802,0.00022499999613501132,-0.02226461097598076,0.026605013757944107,0.38825392723083496,0.011138916015625,240.0,0.19151614606380463,100.0,2.674877643585205,-0.00608068285509944,0.12697190046310425,0.0,0.9995768666267395
608,,,,,,,,-1.7255631685256958,4.444444493856281e-05,-0.012953400611877441,0.021540192887187004,0.4010908603668213,0.010541200637817383,233.0,0.1915527582168579,100.0,2.6589274406433105,-0.005874836817383766,0.7559662461280823,0.0,0.9995664954185486
609,,,,,,,,-1.7241402864456177,0.00022499999613501132,-0.023456081748008728,0.013769630342721939,0.37674427032470703,0.010402917861938477,247.0,0.1915479451417923,100.0,2.6589274406433105,-0.00564219756051898,0.18785102665424347,0.0,0.9994912147521973
610,-0.005840124562382698,0.14368852972984314,0.0,0.9995633959770203,0.0,0.0,1.0,-1.7310818433761597,0.0001500000071246177,-0.01330232061445713,0.01016075536608696,0.38893914222717285,0.011297941207885742,239.0,0.1911422163248062,100.0,2.658789873123169,-0.004529688507318497,0.165633887052536,0.0,0.9995751976966858
611,,,,,,,,-1.7458994388580322,1.975308623514138e-05,-0.010516710579395294,0.001990059856325388,0.3894321918487549,0.011327028274536133,239.0,0.19083888828754425,100.0,2.669694423675537,-0.00578521890565753,0.004764867946505547,0.0,0.999600350856781
612,,,,,,,,-1.7521151304244995,6.666666740784422e-05,-0.02551104500889778,0.014574378728866577,0.39337968826293945,0.011356115341186523,237.0,0.19062115252017975,100.0,2.6565728187561035,-0.00642964756116271,0.2628587484359741,0.0,0.999622642993927
613,,,,,,,,-1.7614670991897583,0.0001500000071246177,-0.007717353291809559,0.16669265925884247,0.38892483711242676,0.010947227478027344,240.0,0.19023127853870392,100.0,2.6565728187561035,-0.005021905060857534,0.7362470030784607,0.0,0.9995238184928894
614,,,,,,,,-1.7718721628189087,4.444444493856281e-05,-0.021977676078677177,0.016186276450753212,0.3903529644012451,0.011153936386108398,239.0,0.19012978672981262,100.0,2.6566648483276367,-0.005887795705348253,0.16141100227832794,0.0,0.9995896220207214
615,,,,,,,,-1.774379014968872,9.999999747378752e-05,-0.009041006676852703,0.001280181109905243,0.3874521255493164,0.010972976684570312,240.0,0.19018785655498505,100.0,2.6560616493225098,-0.005887212697416544,0.009001263417303562,0.0,0.9996292591094971
616,,,,,,,,-1.771924614906311,1.975308623514138e-05,-0.02460183948278427,0.13611546158790588,0.3895909786224365,0.011126041412353516,239.0,0.19022369384765625,100.0,2.656083583831787,-0.005208425223827362,0.7188296318054199,0.0,0.9996156096458435
617,-0.006189459934830666,0.6553637385368347,0.0,0.9995661377906799,0.0,0.0,1.0,-1.7716636657714844,0.0001500000071246177,-0.010580182075500488,0.023874381557106972,0.3900899887084961,0.01114201545715332,239.0,0.19018228352069855,100.0,2.6660826206207275,-0.00561939924955368,0.31019529700279236,0.0,0.999579906463623
618,,,,,,,,-1.7750129699707031,4.444444493856281e-05,-0.024012234061956406,0.0018939123256132007,0.3877267837524414,0.01164698600769043,240.0,0.18992428481578827,100.0,2.6662442684173584,-0.005749447271227837,0.03678673133254051,0.0,0.9995901584625244
619,,,,,,,,-1.7812427282333374,4.444444493856281e-05,-0.016304759308695793,0.0014617545530200005,0.38998985290527344,0.011501073837280273,239.0,0.18976692855358124,100.0,2.6770989894866943,-0.006051729898899794,0.1520209014415741,0.0,0.9996078610420227
620,,,,,,,,-1.7858233451843262,4.444444493856281e-05,-0.02447468414902687,0.005602358840405941,0.39090895652770996,0.010588884353637695,239.0,0.18960459530353546,100.0,2.677466630935669,-0.0060551948845386505,0.33127620816230774,0.0,0.9997053146362305
621,,,,,,,,-1.7921278476715088,6.666666740784422e-05,-0.01706024631857872,0.16737528145313263,0.39046788215637207,0.010715961456298828,239.0,0.1893482506275177,100.0,2.665480136871338,-0.007061033044010401,0.926441490650177,0.0,0.9995858073234558
622,,,,,,,,-1.8032029867172241,6.666666740784422e-05,-0.026074521243572235,0.001975489780306816,0.3893468379974365,0.010300159454345703,240.0,0.18907059729099274,100.0,2.6544127464294434,-0.005806544795632362,0.021782292053103447,0.0,0.9995729327201843
623,,,,,,,,-1.810128927230835,0.0001500000071246177,-0.016929173842072487,0.009282377548515797,0.37598705291748047,0.01143789291381836,247.0,0.18892665207386017,100.0,2.657681703567505,-0.005840398371219635,0.17220598459243774,0.0,0.9995999932289124
624,,,,,,,,-1.8160998821258545,2.9629629352712072e-05,-0.019086278975009918,0.18077486753463745,0.4016380310058594,0.010650873184204102,232.0,0.18872660398483276,100.0,2.6696183681488037,-0.005997603293508291,0.7490445971488953,0.0,0.9996626973152161
625,,,,,,,,-1.8226332664489746,0.0001500000071246177,-0.01683175377547741,0.01538880541920662,0.3914151191711426,0.010806083679199219,238.0,0.18852870166301727,100.0,2.6707334518432617,-0.00567293306812644,0.2247079610824585,0.0,0.9995923638343811
626,,,,,,,,-1.8308825492858887,2.9629629352712072e-05,-0.03217079117894173,0.05998445674777031,0.3888969421386719,0.011761903762817383,239.0,0.18833711743354797,100.0,2.671186923980713,-0.005944009870290756,0.6841567158699036,0.0,0.9994860291481018
627,,,,,,,,-1.8358808755874634,6.666666740784422e-05,-0.019415825605392456,0.006599714048206806,0.37615394592285156,0.011091947555541992,247.0,0.1882355511188507,100.0,2.671186923980713,-0.005141797941178083,0.19381247460842133,0.0,0.9995519518852234
628,,,,,,,,-1.8379517793655396,4.444444493856281e-05,-0.01722310669720173,0.014186780899763107,0.3886117935180664,0.012536048889160156,239.0,0.18818232417106628,100.0,2.6829447746276855,-0.0053004794754087925,0.17150865495204926,0.0,0.999635636806488
629,,,,,,,,-1.8374559879302979,6.666666740784422e-05,-0.02402791753411293,0.20850008726119995,0.4210522174835205,0.011197090148925781,222.0,0.18827541172504425,100.0,2.693763256072998,-0.005980707239359617,0.7860729694366455,0.0,0.9996020197868347
630,,,,,,,,-1.8332841396331787,6.666666740784422e-05,-0.012317340821027756,0.015073555521667004,0.3778541088104248,0.010326862335205078,247.0,0.1883286088705063,100.0,2.6948816776275635,-0.005629686638712883,0.15190865099430084,0.0,0.999502956867218
631,,,,,,,,-1.8330742120742798,2.9629629352712072e-05,-0.03461645916104317,0.01975582353770733,0.3841726779937744,0.010129213333129883,243.0,0.18830549716949463,100.0,2.6948816776275635,-0.005574543494731188,0.17457813024520874,0.0,0.9996097087860107
632,,,,,,,,-1.833164095878601,6.666666740784422e-05,-0.01983620971441269,0.0012485440820455551,0.3900628089904785,0.010512113571166992,239.0,0.18834681808948517,100.0,2.695158004760742,-0.005930757615715265,0.09794395416975021,0.0,0.999631941318512
633,,,,,,,,-1.829859733581543,6.666666740784422e-05,-0.03198328986763954,0.012325246818363667,0.4059309959411621,0.01106882095336914,230.0,0.18844453990459442,100.0,2.6951489448547363,-0.005681618582457304,0.2422296404838562,0.0,0.9996438026428223
634,,,,,,,,-1.8277555704116821,6.666666740784422e-05,-0.023489084094762802,0.004426415078341961,0.3846919536590576,0.01101994514465332,242.0,0.18844889104366302,100.0,2.6951489448547363,-0.005789853632450104,0.24946029484272003,0.0,0.9994966983795166
635,-0.0060118124820292,0.16775530576705933,0.0,0.9995920658111572,0.0,0.0,1.0,-1.82956063747406,1.975308623514138e-05,-0.03448030352592468,0.0035208880435675383,0.38666796684265137,0.011337995529174805,241.0,0.1883419007062912,100.0,2.695777177810669,-0.005392329301685095,0.14354191720485687,0.0,0.9996069073677063
636,,,,,,,,-1.8325746059417725,0.0001500000071246177,-0.01723247580230236,0.0029405243694782257,0.3905348777770996,0.010648012161254883,239.0,0.18822544813156128,100.0,2.6852195262908936,-0.00583123043179512,0.0059018381871283054,0.0,0.9996366500854492
637,,,,,,,,-1.836349368095398,4.444444493856281e-05,-0.015102488920092583,0.006000325083732605,0.3930690288543701,0.010949850082397461,237.0,0.18808791041374207,100.0,2.677144765853882,-0.0063845328986644745,0.2657121419906616,0.0,0.9996436238288879
638,,,,,,,,-1.838959813117981,2.9629629352712072e-05,-0.01482284627854824,0.012425463646650314,0.39193296432495117,0.010873079299926758,238.0,0.18798746168613434,100.0,2.677144765853882,-0.004974792245775461,0.23028564453125,0.0,0.9995028376579285
639,,,,,,,,-1.8409368991851807,9.999999747378752e-05,-0.011231818236410618,0.0021087874192744493,0.3882460594177246,0.010618925094604492,240.0,0.1879495233297348,100.0,2.66615891456604,-0.005848600063472986,0.1380680501461029,0.0,0.9995681643486023
640,,,,,,,,-1.8410629034042358,2.9629629352712072e-05,-0.034666508436203,0.004796122200787067,0.3870511054992676,0.010434865951538086,241.0,0.18795610964298248,100.0,2.6545910835266113,-0.005449601914733648,0.00858250167220831,0.0,0.9996209144592285
641,,,,,,,,-1.8412193059921265,6.666666740784422e-05,-0.021167168393731117,0.003755627665668726,0.3911302089691162,0.011040925979614258,238.0,0.1879640519618988,100.0,2.6553537845611572,-0.005410127341747284,0.18361437320709229,0.0,0.9996646046638489
642,-0.005330011248588562,0.15682460367679596,0.0,0.9995884895324707,0.0,0.0,1.0,-1.843346118927002,6.666666740784422e-05,-0.02483798936009407,0.3175226151943207,0.38913512229919434,0.010493040084838867,240.0,0.18783850967884064,100.0,2.655456781387329,-0.005371654871851206,1.5261634588241577,0.0,0.9995538592338562
643,,,,,,,,-1.84912109375,4.444444493856281e-05,-0.014822577126324177,0.004617295693606138,0.38912200927734375,0.011054039001464844,239.0,0.18769991397857666,100.0,2.654906988143921,-0.0060467408038675785,0.04182758927345276,0.0,0.9995675683021545
644,,,,,,,,-1.851834774017334,4.444444493856281e-05,-0.015258314087986946,0.0040258015505969524,0.3893449306488037,0.011400938034057617,239.0,0.18756307661533356,100.0,2.6552162170410156,-0.004990661051124334,0.11990223079919815,0.0,0.9995858073234558
645,,,,,,,,-1.857887625694275,4.444444493856281e-05,-0.019303806126117706,0.008711214177310467,0.3889338970184326,0.011511087417602539,239.0,0.18732936680316925,100.0,2.6676509380340576,-0.004900952335447073,0.15759623050689697,0.0,0.9996339678764343
646,,,,,,,,-1.86732017993927,4.444444493856281e-05,-0.0245108250528574,0.18344709277153015,0.39214301109313965,0.011255979537963867,237.0,0.18706278502941132,100.0,2.6794040203094482,-0.005285907536745071,0.8643812537193298,0.0,0.99959796667099
647,,,,,,,,-1.877848744392395,4.444444493856281e-05,-0.024180429056286812,0.003102046437561512,0.38814711570739746,0.01118612289428711,240.0,0.18674421310424805,100.0,2.6675634384155273,-0.006261223927140236,0.06765787303447723,0.0,0.9995606541633606
648,,,,,,,,-1.888918399810791,9.999999747378752e-05,-0.008478445932269096,0.11802078783512115,0.3761899471282959,0.010388851165771484,248.0,0.18633034825325012,100.0,2.65570068359375,-0.005916345398873091,0.7495529651641846,0.0,0.9996220469474792
649,,,,,,,,-1.9015518426895142,6.666666740784422e-05,-0.021514063701033592,0.026202496141195297,0.3991878032684326,0.010320186614990234,234.0,0.18605978786945343,100.0,2.6565706729888916,-0.004940721672028303,0.16918699443340302,0.0,0.9996731877326965
650,,,,,,,,-1.9088512659072876,6.666666740784422e-05,-0.026241328567266464,0.011524796485900879,0.38979101181030273,0.011005878448486328,239.0,0.18584397435188293,100.0,2.6680665016174316,-0.0058393026702106,0.22129319608211517,0.0,0.9996138215065002
651,,,,,,,,-1.91184401512146,4.444444493856281e-05,-0.024569407105445862,0.007166583556681871,0.389678955078125,0.010745048522949219,239.0,0.18578505516052246,100.0,2.6797211170196533,-0.005648853722959757,0.12564580142498016,0.0,0.999527633190155
652,,,,,,,,-1.9092648029327393,4.444444493856281e-05,-0.015270673669874668,0.1577199399471283,0.37611818313598633,0.010472774505615234,248.0,0.18591701984405518,100.0,2.6797211170196533,-0.005246209446340799,0.7442168593406677,0.0,0.9996063113212585
653,,,,,,,,-1.903730034828186,4.444444493856281e-05,-0.02144712395966053,0.029583431780338287,0.3904550075531006,0.010632991790771484,239.0,0.18606939911842346,100.0,2.6572048664093018,-0.0060079097747802734,0.1577170044183731,0.0,0.9996692538261414
654,,,,,,,,-1.8990237712860107,4.444444493856281e-05,-0.01980568841099739,0.003291758242994547,0.4044008255004883,0.010452032089233398,231.0,0.18614690005779266,100.0,2.6443841457366943,-0.005636170506477356,0.22020797431468964,0.0,0.999631941318512
655,,,,,,,,-1.8974487781524658,0.00022499999613501132,-0.016356514766812325,0.005760819185525179,0.3776538372039795,0.011312246322631836,246.0,0.18610282242298126,100.0,2.64324951171875,-0.005462589208036661,0.1933615803718567,0.0,0.9994833469390869
656,,,,,,,,-1.8954029083251953,1.975308623514138e-05,-0.02396133914589882,0.0041131568141281605,0.38697004318237305,0.010859966278076172,241.0,0.18613722920417786,100.0,2.64324951171875,-0.004856307525187731,0.20114481449127197,0.0,0.9996173977851868
657,,,,,,,,-1.8933229446411133,9.999999747378752e-05,-0.016622135415673256,0.0017649120418354869,0.38724827766418457,0.010602712631225586,241.0,0.1861703246831894,100.0,2.631263494491577,-0.005251849070191383,0.08758619427680969,0.0,0.999633252620697
658,,,,,,,,-1.892435073852539,2.9629629352712072e-05,-0.007087922655045986,0.005978112109005451,0.4037449359893799,0.01133108139038086,231.0,0.18616698682308197,100.0,2.6102850437164307,-0.005706708878278732,0.24941442906856537,0.0,0.9996563792228699
659,,,,,,,,-1.8937721252441406,0.00022499999613501132,-0.023244785144925117,0.014912312850356102,0.3758840560913086,0.01111602783203125,248.0,0.18603894114494324,100.0,2.6102850437164307,-0.0048525892198085785,0.17111778259277344,0.0,0.9995520710945129
660,-0.005034208297729492,0.19338864088058472,0.0,0.9996054172515869,0.0,0.0,1.0,-1.906914234161377,4.444444493856281e-05,-0.01861899346113205,0.19134047627449036,0.3899550437927246,0.010331869125366211,239.0,0.18566587567329407,100.0,2.611487865447998,-0.005133947357535362,0.7469424605369568,0.0,0.9996760487556458
661,,,,,,,,-1.910759449005127,9.999999747378752e-05,-0.01934601180255413,0.002430358901619911,0.3903799057006836,0.011138200759887695,239.0,0.1859014630317688,100.0,2.6112208366394043,-0.005482886452227831,0.009047173894941807,0.0,0.9996431469917297
662,,,,,,,,-1.9000235795974731,6.666666740784422e-05,-0.017922841012477875,0.04548869654536247,0.3945467472076416,0.011127233505249023,236.0,0.18607117235660553,100.0,2.6121397018432617,-0.005901989061385393,0.6394132971763611,0.0,0.9996517300605774
663,,,,,,,,-1.8977992534637451,4.444444493856281e-05,-0.018832558766007423,0.022483956068754196,0.38492608070373535,0.010886907577514648,242.0,0.18603432178497314,100.0,2.6121397018432617,-0.0049495757557451725,0.4231034219264984,0.0,0.9995076060295105
664,,,,,,,,-1.8984047174453735,2.9629629352712072e-05,-0.025938978418707848,0.15487900376319885,0.38797903060913086,0.011382102966308594,240.0,0.18603333830833435,100.0,2.6117851734161377,-0.004443747457116842,0.6749095320701599,0.0,0.9996055960655212
665,,,,,,,,-1.9001375436782837,9.999999747378752e-05,-0.011211855337023735,0.0028811516240239143,0.387160062789917,0.011408090591430664,240.0,0.18583887815475464,100.0,2.618478775024414,-0.005128887947648764,0.06761613488197327,0.0,0.9995846748352051
666,,,,,,,,-1.9171468019485474,9.999999747378752e-05,-0.0154068972915411,0.110152967274189,0.3899552822113037,0.010835886001586914,239.0,0.18509797751903534,100.0,2.6208908557891846,-0.005004641134291887,0.7791023850440979,0.0,0.9996001124382019
667,-0.004786077421158552,0.26823580265045166,0.0,0.9995753169059753,0.0,0.0,1.0,-1.939551591873169,4.444444493856281e-05,-0.018514597788453102,0.03411313518881798,0.3905761241912842,0.010566949844360352,239.0,0.1847708523273468,100.0,2.623584508895874,-0.0051131523214280605,0.38578906655311584,0.0,0.9995188117027283
668,,,,,,,,-1.9443737268447876,4.444444493856281e-05,-0.015778597444295883,0.001977449981495738,0.3880641460418701,0.01093602180480957,240.0,0.18478567898273468,100.0,2.623629093170166,-0.005020840559154749,0.05325310304760933,0.0,0.999550998210907
669,,,,,,,,-1.9452167749404907,0.0001500000071246177,-0.015978801995515823,0.006063024513423443,0.39032411575317383,0.011333942413330078,239.0,0.1847272664308548,100.0,2.6352202892303467,-0.005672724451869726,0.237481489777565,0.0,0.9995425343513489
670,,,,,,,,-1.947663426399231,4.444444493856281e-05,-0.019857866689562798,0.052318472415208817,0.38911986351013184,0.011301994323730469,239.0,0.18473489582538605,100.0,2.6359431743621826,-0.005816061049699783,0.1601041555404663,0.0,0.999657392501831
671,,,,,,,,-1.9438952207565308,0.0001500000071246177,-0.011404984630644321,0.09413880109786987,0.39140772819519043,0.010755062103271484,238.0,0.18496599793434143,100.0,2.636854887008667,-0.005573921371251345,0.9214805960655212,0.0,0.9995408058166504
672,,,,,,,,-1.9274814128875732,2.9629629352712072e-05,-0.02484840340912342,0.0028214387129992247,0.3922388553619385,0.011174201965332031,237.0,0.18538181483745575,100.0,2.639307975769043,-0.004876589868217707,0.07059602439403534,0.0,0.9995430111885071
673,,,,,,,,-1.921177625656128,4.444444493856281e-05,-0.006112014874815941,0.06542471796274185,0.37828779220581055,0.011050939559936523,246.0,0.18526539206504822,100.0,2.6274900436401367,-0.005573909264057875,0.7146177291870117,0.0,0.9996061325073242
674,,,,,,,,-1.925189733505249,6.666666740784422e-05,-0.013567082583904266,0.06288402527570724,0.3992490768432617,0.010503053665161133,234.0,0.18522436916828156,100.0,2.627269983291626,-0.0053934380412101746,0.18424756824970245,0.0,0.9996500015258789
675,,,,,,,,-1.928436517715454,4.444444493856281e-05,-0.016288690268993378,0.025893740355968475,0.3891408443450928,0.010889053344726562,239.0,0.18504095077514648,100.0,2.6294848918914795,-0.005241441074758768,0.6737487316131592,0.0,0.9996030926704407
676,,,,,,,,-1.9343018531799316,4.444444493856281e-05,-0.014176860451698303,0.030902380123734474,0.38934922218322754,0.011268138885498047,239.0,0.1849169284105301,100.0,2.640437126159668,-0.005006508901715279,0.12506264448165894,0.0,0.9995734095573425
677,,,,,,,,-1.9388982057571411,2.9629629352712072e-05,-0.016820745542645454,0.030934210866689682,0.3744809627532959,0.010679006576538086,249.0,0.18474681675434113,100.0,2.640437126159668,-0.00533256633207202,0.1954374760389328,0.0,0.9996756911277771
678,,,,,,,,-1.941950798034668,0.00022499999613501132,-0.006541025824844837,0.005104624666273594,0.38995814323425293,0.010794878005981445,239.0,0.18488621711730957,100.0,2.6504786014556885,-0.0051668318919837475,0.2059428095817566,0.0,0.9997228980064392
679,,,,,,,,-1.9313886165618896,6.666666740784422e-05,-0.00348416855558753,0.029732482507824898,0.3986191749572754,0.010084867477416992,234.0,0.1851610392332077,100.0,2.6507859230041504,-0.005336390808224678,0.20517008006572723,0.0,0.9996655583381653
680,,,,,,,,-1.928330421447754,4.444444493856281e-05,-0.021709997206926346,0.004859020002186298,0.3774290084838867,0.010296106338500977,247.0,0.18505051732063293,100.0,2.651327610015869,-0.005532832816243172,0.42134740948677063,0.0,0.999558687210083
681,,,,,,,,-1.939233660697937,9.999999747378752e-05,-0.017608728259801865,0.00325373699888587,0.38524913787841797,0.011612892150878906,241.0,0.18456420302391052,100.0,2.651327610015869,-0.005053229629993439,0.24770891666412354,0.0,0.9996734261512756
682,,,,,,,,-1.9495600461959839,4.444444493856281e-05,-0.029780017212033272,0.005723083391785622,0.38689208030700684,0.010889053344726562,241.0,0.18479669094085693,100.0,2.6398723125457764,-0.004612549673765898,0.10785207897424698,0.0,0.999701201915741
683,,,,,,,,-1.939107060432434,4.444444493856281e-05,-0.012966231442987919,0.1260785311460495,0.40346312522888184,0.011317014694213867,231.0,0.1850670427083969,100.0,2.6333611011505127,-0.005712232086807489,0.7956389784812927,0.0,0.9996767640113831
684,,,,,,,,-1.9268985986709595,0.0001500000071246177,-0.012189974077045918,0.04165744036436081,0.37403297424316406,0.01119089126586914,249.0,0.1856721192598343,100.0,2.6333611011505127,-0.004865601193159819,0.17216818034648895,0.0,0.9995711445808411
685,-0.005002377554774284,0.23778843879699707,0.0,0.9996169209480286,0.0,0.0,1.0,-1.9001524448394775,0.0001500000071246177,-0.014631655067205429,0.03689476102590561,0.3897261619567871,0.012215852737426758,238.0,0.1862601786851883,100.0,2.6244752407073975,-0.005598547402769327,0.15656080842018127,0.0,0.9997158050537109
686,,,,,,,,-1.8891681432724,1.975308623514138e-05,-0.02097426727414131,0.003098122077062726,0.38918495178222656,0.01077890396118164,240.0,0.1862659901380539,100.0,2.625382900238037,-0.004793017636984587,0.006354419514536858,0.0,0.9997134804725647
687,,,,,,,,-1.8894318342208862,0.00022499999613501132,-0.006731496192514896,0.01089703943580389,0.39443206787109375,0.011055231094360352,236.0,0.18639300763607025,100.0,2.6366934776306152,-0.005859218537807465,0.33786919713020325,0.0,0.9996971487998962
688,,,,,,,,-1.8862049579620361,6.666666740784422e-05,-0.021854594349861145,0.05210403352975845,0.38392186164855957,0.010612010955810547,243.0,0.18630000948905945,100.0,2.6366934776306152,-0.005303274840116501,0.8277426362037659,0.0,0.9996080994606018
689,,,,,,,,-1.8871877193450928,0.0001500000071246177,-0.009741440415382385,0.018603356555104256,0.3861567974090576,0.010463953018188477,242.0,0.18637457489967346,100.0,2.637059211730957,-0.005648678634315729,0.14711157977581024,0.0,0.9996934533119202
690,,,,,,,,-1.882725715637207,9.999999747378752e-05,-0.019360190257430077,0.0015413316432386637,0.38640904426574707,0.010685920715332031,241.0,0.18632979691028595,100.0,2.6387126445770264,-0.00597078213468194,0.010000779293477535,0.0,0.9996935725212097
691,,,,,,,,-1.8866373300552368,4.444444493856281e-05,-0.02522282861173153,0.035465389490127563,0.3876841068267822,0.011070013046264648,240.0,0.18616721034049988,100.0,2.6376004219055176,-0.0046717156656086445,0.2787220776081085,0.0,0.9996798038482666
692,-0.00537889963015914,0.15183693170547485,0.0,0.9996980428695679,0.0,0.0,1.0,-1.8945763111114502,6.666666740784422e-05,-0.009401904419064522,0.10454506427049637,0.3872947692871094,0.011340141296386719,240.0,0.1858454942703247,100.0,2.6255109310150146,-0.00602026516571641,0.8872191309928894,0.0,0.9996180534362793
693,,,,,,,,-1.9064933061599731,0.00022499999613501132,-0.011616164818406105,0.004517765715718269,0.3875129222869873,0.01069021224975586,241.0,0.1856726109981537,100.0,2.6253502368927,-0.005114210769534111,0.05251951515674591,0.0,0.999626100063324
694,,,,,,,,-1.9100139141082764,4.444444493856281e-05,-0.026136666536331177,0.06463757157325745,0.3882620334625244,0.010390996932983398,240.0,0.18585322797298431,100.0,2.6280112266540527,-0.006221279501914978,0.7453636527061462,0.0,0.9996531009674072
695,,,,,,,,-1.9034584760665894,0.0001500000071246177,-0.013209478929638863,0.019258953630924225,0.39057397842407227,0.011529922485351562,238.0,0.18609821796417236,100.0,2.6165804862976074,-0.005097793415188789,0.1869075745344162,0.0,0.9997313618659973
696,,,,,,,,-1.9093153476715088,0.00022499999613501132,-0.018691712990403175,0.05422547832131386,0.3896830081939697,0.011557817459106445,239.0,0.18528267741203308,100.0,2.627241611480713,-0.005384145304560661,0.8030781745910645,0.0,0.9996129870414734
697,,,,,,,,-1.9567519426345825,6.666666740784422e-05,-0.02792281098663807,0.0034883241169154644,0.3893601894378662,0.011384010314941406,239.0,0.18442314863204956,100.0,2.626516580581665,-0.004899174440652132,0.06753832846879959,0.0,0.9995861053466797
698,,,,,,,,-1.975026249885559,2.9629629352712072e-05,-0.011051369830965996,0.014503225684165955,0.37437009811401367,0.011206865310668945,248.0,0.184407040476799,100.0,2.6273860931396484,-0.0052202604711055756,0.19780391454696655,0.0,0.9996631741523743
699,,,,,,,,-1.9767582416534424,0.00022499999613501132,-0.01339388731867075,0.10243147611618042,0.39995503425598145,0.011245012283325195,233.0,0.1843452900648117,100.0,2.63543963432312,-0.005601063370704651,0.6692590117454529,0.0,0.9996927380561829
700,,,,,,,,-1.985620379447937,4.444444493856281e-05,-0.04036138951778412,0.08341337740421295,0.38785386085510254,0.010576009750366211,240.0,0.18412865698337555,100.0,2.637221574783325,-0.005070849787443876,0.19849425554275513,0.0,0.9996348023414612
701,,,,,,,,-1.9878662824630737,4.444444493856281e-05,-0.007241296581923962,0.01069430261850357,0.3886840343475342,0.01079106330871582,240.0,0.18439772725105286,100.0,2.6252846717834473,-0.0056956131011247635,0.15151427686214447,0.0,0.9995830655097961
702,,,,,,,,-1.9752655029296875,1.975308623514138e-05,-0.021053554490208626,0.0021710125729441643,0.37421393394470215,0.01149892807006836,248.0,0.184737890958786,100.0,2.6252846717834473,-0.004918382037431002,0.24696974456310272,0.0,0.9996456503868103
703,,,,,,,,-1.9681758880615234,0.00022499999613501132,-0.006213755812495947,0.08486109972000122,0.38964033126831055,0.011497974395751953,239.0,0.18479907512664795,100.0,2.622899293899536,-0.006098052952438593,0.7524414658546448,0.0,0.9997308850288391
704,,,,,,,,-1.9645169973373413,4.444444493856281e-05,-0.029209699481725693,0.010657082311809063,0.41036486625671387,0.012474775314331055,227.0,0.18497435748577118,100.0,2.623326301574707,-0.005923613905906677,0.23573194444179535,0.0,0.9996580481529236
705,,,,,,,,-1.9614484310150146,4.444444493856281e-05,-0.013293604366481304,0.0035516037605702877,0.39265918731689453,0.011586904525756836,237.0,0.18496781587600708,100.0,2.6245205402374268,-0.005682835821062326,0.2571760416030884,0.0,0.9995444416999817
706,,,,,,,,-1.964536428451538,0.00022499999613501132,-0.019007405266165733,0.004588226322084665,0.4008049964904785,0.012011051177978516,232.0,0.18469546735286713,100.0,2.6245205402374268,-0.005024432670325041,0.08231069892644882,0.0,0.9996638298034668
707,,,,,,,,-1.9781813621520996,4.444444493856281e-05,-0.0166687723249197,0.013975773006677628,0.4012908935546875,0.010821104049682617,232.0,0.18444707989692688,100.0,2.635836362838745,-0.005665861070156097,0.11263223737478256,0.0,0.9996595978736877
708,,,,,,,,-1.9828367233276367,6.666666740784422e-05,-0.02210780419409275,0.10089940577745438,0.4210212230682373,0.010954856872558594,222.0,0.18440258502960205,100.0,2.6383438110351562,-0.0055014812387526035,0.7434373497962952,0.0,0.9996259808540344
709,,,,,,,,-1.9801156520843506,2.9629629352712072e-05,-0.012794259935617447,0.0483323335647583,0.38913726806640625,0.011971712112426758,239.0,0.1845727413892746,100.0,2.6383438110351562,-0.005724567919969559,0.19922681152820587,0.0,0.9995002150535583
710,-0.006132245529443026,0.07901827245950699,0.0,0.9995744824409485,0.0,0.0,1.0,-1.9688407182693481,4.444444493856281e-05,-0.023974232375621796,0.024840084835886955,0.40332603454589844,0.012612104415893555,230.0,0.18500496447086334,100.0,2.6367146968841553,-0.005622187163680792,0.19431114196777344,0.0,0.9996716380119324
711,,,,,,,,-1.9537914991378784,0.0001500000071246177,-0.016432354226708412,0.001560474163852632,0.39275598526000977,0.011002063751220703,237.0,0.1851353943347931,100.0,2.6260972023010254,-0.005036184564232826,0.007187254726886749,0.0,0.9996621012687683
712,,,,,,,,-1.9603550434112549,6.666666740784422e-05,-0.023290179669857025,0.06085900217294693,0.3940551280975342,0.011430978775024414,236.0,0.18474674224853516,100.0,2.6327853202819824,-0.005940255243331194,0.9802785515785217,0.0,0.9996638298034668
713,,,,,,,,-1.9730876684188843,6.666666740784422e-05,-0.019203629344701767,0.1039203479886055,0.3878457546234131,0.011357307434082031,240.0,0.1845332831144333,100.0,2.6327853202819824,-0.005550270900130272,0.7476418614387512,0.0,0.9995476603507996
714,,,,,,,,-1.98149836063385,9.999999747378752e-05,-0.01715877279639244,0.00458483025431633,0.3874990940093994,0.010351181030273438,241.0,0.18419526517391205,100.0,2.6336731910705566,-0.005216772202402353,0.1845409870147705,0.0,0.999630868434906
715,,,,,,,,-1.9901037216186523,6.666666740784422e-05,-0.016221338883042336,0.003777772653847933,0.38748788833618164,0.010950088500976562,240.0,0.1841350495815277,100.0,2.6326181888580322,-0.005684270989149809,0.026105115190148354,0.0,0.9996269345283508
716,,,,,,,,-1.991375207901001,9.999999747378752e-05,-0.004000782035291195,0.07275400310754776,0.3907759189605713,0.011446952819824219,238.0,0.18400157988071442,100.0,2.6374568939208984,-0.005622772499918938,0.7366049885749817,0.0,0.9996272921562195
717,-0.0054571363143622875,0.6251152753829956,0.0,0.9995757341384888,0.0,0.0,1.0,-1.9961684942245483,4.444444493856281e-05,-0.027077162638306618,0.3980167508125305,0.3912229537963867,0.011414051055908203,238.0,0.183916836977005,100.0,2.6464061737060547,-0.00528336176648736,2.1042277812957764,0.0,0.9995131492614746
718,,,,,,,,-1.9988635778427124,9.999999747378752e-05,-0.012633373960852623,0.006170803215354681,0.38901615142822266,0.010381937026977539,240.0,0.18382830917835236,100.0,2.6472725868225098,-0.005628462880849838,0.03549131006002426,0.0,0.9995394349098206
719,,,,,,,,-2.0029680728912354,4.444444493856281e-05,-0.01336405798792839,0.024360626935958862,0.38713908195495605,0.010499954223632812,241.0,0.18374833464622498,100.0,2.6583595275878906,-0.0051714275032281876,0.1581965684890747,0.0,0.999547004699707
720,,,,,,,,-2.0042989253997803,2.9629629352712072e-05,-0.008761391043663025,0.0484653003513813,0.38845205307006836,0.01058197021484375,240.0,0.18379078805446625,100.0,2.6797778606414795,-0.005790133494883776,0.6775293946266174,0.0,0.9996059536933899
721,,,,,,,,-2.002136468887329,1.975308623514138e-05,-0.018135719001293182,0.047304101288318634,0.3905601501464844,0.011387825012207031,238.0,0.183839350938797,100.0,2.6825687885284424,-0.0055818259716033936,0.9006021022796631,0.0,0.9995519518852234
722,,,,,,,,-2.0031204223632812,0.0001500000071246177,-0.008405826985836029,0.04409760981798172,0.3883497714996338,0.010874271392822266,240.0,0.18359267711639404,100.0,2.683004856109619,-0.005739957559853792,0.7934961318969727,0.0,0.9995079040527344
723,,,,,,,,-2.017214775085449,2.9629629352712072e-05,-0.011068997904658318,0.08844336867332458,0.37621092796325684,0.010782241821289062,248.0,0.1832868456840515,100.0,2.6823081970214844,-0.005773762706667185,0.18919819593429565,0.0,0.9995777010917664
724,,,,,,,,-2.023973226547241,9.999999747378752e-05,-0.017722921445965767,0.048667699098587036,0.40129590034484863,0.010953903198242188,232.0,0.18306048214435577,100.0,2.692782163619995,-0.0049486723728477955,0.666621744632721,0.0,0.9996082782745361
725,,,,,,,,-2.0337352752685547,4.444444493856281e-05,-0.020268559455871582,0.06085366755723953,0.39163780212402344,0.011298179626464844,238.0,0.18286511301994324,100.0,2.7087812423706055,-0.005622731987386942,0.2580867111682892,0.0,0.9995646476745605
726,,,,,,,,-2.0351181030273438,9.999999747378752e-05,-0.017618168145418167,0.14622491598129272,0.3909950256347656,0.010104894638061523,239.0,0.18295328319072723,100.0,2.7088277339935303,-0.005332304164767265,1.069153904914856,0.0,0.999523937702179
727,,,,,,,,-2.0296311378479004,6.666666740784422e-05,-0.020886987447738647,0.05558071658015251,0.37784886360168457,0.011398077011108398,246.0,0.18301232159137726,100.0,2.7088277339935303,-0.005380896385759115,0.21707095205783844,0.0,0.9996054172515869
728,,,,,,,,-2.0302631855010986,6.666666740784422e-05,-0.026890577748417854,0.00325697916559875,0.3895699977874756,0.010777950286865234,239.0,0.1829214096069336,100.0,2.704749345779419,-0.005087077151983976,0.18553875386714935,0.0,0.9996545910835266
729,,,,,,,,-2.031750440597534,9.999999747378752e-05,-0.013959974981844425,0.058994509279727936,0.40175414085388184,0.010565996170043945,232.0,0.1828250139951706,100.0,2.7225894927978516,-0.0056463382206857204,0.6813750863075256,0.0,0.9996026158332825
730,,,,,,,,-2.0386035442352295,2.9629629352712072e-05,-0.036642082035541534,0.064902164041996,0.37900805473327637,0.01276087760925293,245.0,0.18261592090129852,100.0,2.723449945449829,-0.005819981452077627,0.19870035350322723,0.0,0.9995222091674805
731,,,,,,,,-2.0458881855010986,0.0001500000071246177,-0.013227658346295357,0.10057780146598816,0.39191412925720215,0.010843753814697266,238.0,0.18233022093772888,100.0,2.723449945449829,-0.004915446043014526,0.8976444602012634,0.0,0.9996117949485779
732,,,,,,,,-2.0516598224639893,9.999999747378752e-05,-0.028324641287326813,0.010531422682106495,0.38765716552734375,0.010864973068237305,240.0,0.1823580414056778,100.0,2.712642192840576,-0.005175174679607153,0.12164989858865738,0.0,0.9996152520179749
733,,,,,,,,-2.0606160163879395,0.00022499999613501132,-0.018223503604531288,0.03604370355606079,0.40389084815979004,0.010907888412475586,231.0,0.18135620653629303,100.0,2.71209454536438,-0.006178872659802437,0.29457810521125793,0.0,0.9996468424797058
734,,,,,,,,-2.0925073623657227,1.975308623514138e-05,-0.018703706562519073,0.21332399547100067,0.37662196159362793,0.01076197624206543,247.0,0.1810431033372879,100.0,2.71209454536438,-0.005112819839268923,1.214592456817627,0.0,0.9994931221008301
735,-0.005457434803247452,0.8617382049560547,0.0,0.9995526075363159,0.0,0.0,1.0,-2.095149040222168,9.999999747378752e-05,-0.013672399334609509,0.07158002257347107,0.39006900787353516,0.011278152465820312,239.0,0.1810241937637329,100.0,2.725620746612549,-0.005094515159726143,0.7152440547943115,0.0,0.9996272921562195
736,,,,,,,,-2.1019866466522217,4.444444493856281e-05,-0.018231967464089394,0.007620970252901316,0.39038681983947754,0.011144161224365234,239.0,0.1807815283536911,100.0,2.726027011871338,-0.005323560908436775,0.008290864527225494,0.0,0.999600887298584
737,,,,,,,,-2.108710527420044,6.666666740784422e-05,-0.012367213144898415,0.03694469854235649,0.39217185974121094,0.01051187515258789,238.0,0.18062496185302734,100.0,2.7356441020965576,-0.005195509642362595,0.3302110731601715,0.0,0.9996015429496765
738,,,,,,,,-2.1136415004730225,0.00022499999613501132,-0.0072784204967319965,0.03364543244242668,0.3885788917541504,0.011645078659057617,239.0,0.18063876032829285,100.0,2.7356441020965576,-0.005035382229834795,0.3219585120677948,0.0,0.9994813799858093
739,,,,,,,,-2.114476442337036,1.975308623514138e-05,-0.0011628423817455769,0.00535206263884902,0.38785266876220703,0.011462211608886719,240.0,0.18048971891403198,100.0,2.7460360527038574,-0.005472027231007814,0.1583411693572998,0.0,0.9995915293693542
740,,,,,,,,-2.1207151412963867,6.666666740784422e-05,-0.013915284536778927,0.034877073019742966,0.39611291885375977,0.014300107955932617,233.0,0.18028044700622559,100.0,2.7473766803741455,-0.005156621336936951,0.011602822691202164,0.0,0.9996005892753601
741,,,,,,,,-2.1302692890167236,1.975308623514138e-05,-0.028733015060424805,0.04586118832230568,0.43176889419555664,0.015087127685546875,214.0,0.1801021695137024,100.0,2.748379707336426,-0.005225509870797396,0.7092857360839844,0.0,0.9995914101600647
742,-0.0047329082153737545,0.18630802631378174,0.0,0.9995545148849487,0.0,0.0,1.0,-2.1347625255584717,4.444444493856281e-05,-0.018680142238736153,0.022410918027162552,0.39360690116882324,0.012752056121826172,236.0,0.17999784648418427,100.0,2.7474288940429688,-0.004822960589081049,0.9404183030128479,0.0,0.999549388885498
743,,,,,,,,-2.1415557861328125,6.666666740784422e-05,-0.01327430922538042,0.007741626817733049,0.4004189968109131,0.011847972869873047,232.0,0.17972062528133392,100.0,2.7478933334350586,-0.0052915276028215885,0.03608621656894684,0.0,0.9995920658111572
744,,,,,,,,-2.1424965858459473,9.999999747378752e-05,-0.01943781040608883,0.08323359489440918,0.3909769058227539,0.010595083236694336,239.0,0.18018341064453125,100.0,2.758495330810547,-0.005614874418824911,0.11866435408592224,0.0,0.9996320605278015
745,,,,,,,,-2.1233251094818115,4.444444493856281e-05,-0.021858276799321175,0.014585349708795547,0.39069604873657227,0.011360883712768555,238.0,0.18048101663589478,100.0,2.7692782878875732,-0.005120612680912018,0.20144908130168915,0.0,0.9996573328971863
746,,,,,,,,-2.1215906143188477,9.999999747378752e-05,-0.014379107393324375,0.16701997816562653,0.39080023765563965,0.011244773864746094,238.0,0.18018853664398193,100.0,2.770045280456543,-0.005246491637080908,0.8241391777992249,0.0,0.9995867609977722
747,,,,,,,,-2.135873317718506,9.999999747378752e-05,-0.01663847267627716,0.006254076957702637,0.3876159191131592,0.010953903198242188,240.0,0.1799873411655426,100.0,2.7701549530029297,-0.004915062338113785,0.0005683290655724704,0.0,0.999535083770752
748,,,,,,,,-2.1370959281921387,4.444444493856281e-05,-0.03237757459282875,0.036718811839818954,0.377180814743042,0.011719226837158203,246.0,0.1801641583442688,100.0,2.7706401348114014,-0.005503764376044273,0.15568192303180695,0.0,0.9996042847633362
749,,,,,,,,-2.131730079650879,6.666666740784422e-05,-0.023414334282279015,0.04277445748448372,0.40154314041137695,0.010782003402709961,232.0,0.18025265634059906,100.0,2.758554458618164,-0.004788454156368971,0.16683994233608246,0.0,0.9996559023857117
750,,,,,,,,-2.1273348331451416,6.666666740784422e-05,-0.0253494530916214,0.3670768737792969,0.3963608741760254,0.010558128356933594,235.0,0.18031713366508484,100.0,2.7569682598114014,-0.005411244463175535,1.2767022848129272,0.0,0.9995885491371155
751,,,,,,,,-2.126666307449341,9.999999747378752e-05,-0.02367301657795906,0.05878518521785736,0.38903188705444336,0.01120615005493164,239.0,0.18042567372322083,100.0,2.756943941116333,-0.004467169754207134,0.7194228172302246,0.0,0.9995139241218567
752,,,,,,,,-2.1231446266174316,6.666666740784422e-05,-0.03308568894863129,0.2348136156797409,0.3765380382537842,0.01187896728515625,247.0,0.18048693239688873,100.0,2.756943941116333,-0.004885548260062933,1.1132615804672241,0.0,0.9995959401130676
753,,,,,,,,-2.125115394592285,0.00022499999613501132,-0.013915523886680603,0.06750935316085815,0.3924438953399658,0.010658979415893555,238.0,0.1806013286113739,100.0,2.7773077487945557,-0.005924355238676071,0.682063102722168,0.0,0.9996206760406494
754,,,,,,,,-2.1169304847717285,6.666666740784422e-05,-0.01505106408149004,0.12599830329418182,0.40547800064086914,0.011008977890014648,230.0,0.18093039095401764,100.0,2.7775917053222656,-0.005912053864449263,0.9461823105812073,0.0,0.9995972514152527
755,,,,,,,,-2.108083486557007,6.666666740784422e-05,-0.006891025695949793,0.04088563844561577,0.3833799362182617,0.011014223098754883,243.0,0.18117459118366241,100.0,2.7845652103424072,-0.005325180012732744,0.18622255325317383,0.0,0.9995055794715881
756,,,,,,,,-2.1052064895629883,6.666666740784422e-05,-0.025898661464452744,0.05656909570097923,0.38672804832458496,0.010259866714477539,241.0,0.18102018535137177,100.0,2.7845652103424072,-0.004755471367388964,0.7662088871002197,0.0,0.9996237754821777
757,,,,,,,,-2.1175034046173096,9.999999747378752e-05,-0.030071299523115158,0.0037272183690220118,0.3895878791809082,0.010528087615966797,239.0,0.18050844967365265,100.0,2.794407606124878,-0.004970670212060213,0.12001830339431763,0.0,0.9996063113212585
758,,,,,,,,-2.133089542388916,4.444444493856281e-05,-0.024236757308244705,0.06519803404808044,0.4058969020843506,0.011422395706176758,230.0,0.18035364151000977,100.0,2.8094940185546875,-0.006386691704392433,0.20990800857543945,0.0,0.9996435046195984
759,,,,,,,,-2.123542547225952,6.666666740784422e-05,-0.029444502666592598,0.07216756790876389,0.3816509246826172,0.010827064514160156,244.0,0.18095792829990387,100.0,2.8094940185546875,-0.004730385262519121,0.16605262458324432,0.0,0.9995340704917908
760,-0.004927890375256538,0.7355605363845825,0.0,0.9995474219322205,0.0,0.0,1.0,-2.0973422527313232,2.9629629352712072e-05,-0.024257857352495193,0.006757494993507862,0.38878917694091797,0.010998010635375977,240.0,0.18147768080234528,100.0,2.8099234104156494,-0.005356856156140566,0.20220088958740234,0.0,0.9996854662895203
761,,,,,,,,-2.0824129581451416,0.0001500000071246177,-0.00970721896737814,0.005425183102488518,0.3885371685028076,0.010454654693603516,240.0,0.1818787306547165,100.0,2.8102827072143555,-0.005525754299014807,0.010302722454071045,0.0,0.9996734261512756
762,,,,,,,,-2.0708494186401367,2.9629629352712072e-05,-0.023199697956442833,0.04231845960021019,0.3958468437194824,0.011046171188354492,235.0,0.18200843036174774,100.0,2.808487892150879,-0.005409163888543844,0.9295598864555359,0.0,0.9996228814125061
763,,,,,,,,-2.067758321762085,6.666666740784422e-05,-0.01519581489264965,0.06967970728874207,0.3890950679779053,0.011197090148925781,239.0,0.18221613764762878,100.0,2.808487892150879,-0.004875521641224623,0.8321632742881775,0.0,0.9994924068450928
764,,,,,,,,-2.059436559677124,6.666666740784422e-05,-0.026646623387932777,0.017281005159020424,0.3885152339935303,0.01137995719909668,240.0,0.18241696059703827,100.0,2.8085551261901855,-0.005422996822744608,0.5860762596130371,0.0,0.9995494484901428
765,,,,,,,,-2.0510847568511963,4.444444493856281e-05,-0.016078131273388863,0.0038953956682235003,0.3938608169555664,0.010829925537109375,237.0,0.18267545104026794,100.0,2.8189139366149902,-0.004556839819997549,0.055432066321372986,0.0,0.9995344281196594
766,,,,,,,,-2.0440938472747803,1.975308623514138e-05,-0.02023068070411682,0.044192321598529816,0.39106202125549316,0.01126408576965332,238.0,0.18271437287330627,100.0,2.8213181495666504,-0.004807962104678154,0.7794973850250244,0.0,0.9995558857917786
767,-0.005213204305619001,0.7306180596351624,0.0,0.9995228052139282,0.0,0.0,1.0,-2.0443050861358643,0.0001500000071246177,-0.01355867087841034,0.05266990140080452,0.39110493659973145,0.010874271392822266,238.0,0.18260276317596436,100.0,2.8327763080596924,-0.005229178816080093,1.1454176902770996,0.0,0.9995040893554688
768,,,,,,,,-2.049635648727417,2.9629629352712072e-05,-0.03701028972864151,0.007883826270699501,0.387969970703125,0.01019597053527832,241.0,0.18248431384563446,100.0,2.8306686878204346,-0.005381628405302763,0.05784812197089195,0.0,0.9994880557060242
769,,,,,,,,-2.050265073776245,4.444444493856281e-05,-0.013754384592175484,0.015508740209043026,0.3895909786224365,0.01106119155883789,239.0,0.1825820356607437,100.0,2.835632562637329,-0.0051161558367311954,0.15512977540493011,0.0,0.9994783401489258
770,,,,,,,,-2.0455548763275146,9.999999747378752e-05,-0.027209505438804626,0.031223522499203682,0.3934667110443115,0.010753154754638672,237.0,0.18265607953071594,100.0,2.8377537727355957,-0.005538946483284235,0.7195689082145691,0.0,0.9995810389518738
771,,,,,,,,-2.0452089309692383,1.975308623514138e-05,-0.03466257080435753,0.07142289727926254,0.38988304138183594,0.010753870010375977,239.0,0.18263626098632812,100.0,2.847259998321533,-0.005051241721957922,1.4725407361984253,0.0,0.9994874000549316
772,,,,,,,,-2.046677589416504,0.0001500000071246177,-0.018144436180591583,0.004249861463904381,0.38907432556152344,0.010581731796264648,240.0,0.18247295916080475,100.0,2.836970329284668,-0.005488184746354818,0.032291263341903687,0.0,0.9994711875915527
773,,,,,,,,-2.059709072113037,4.444444493856281e-05,-0.0010351702803745866,0.017021557316184044,0.3790137767791748,0.010842084884643555,246.0,0.1822335571050644,100.0,2.8359038829803467,-0.005287783220410347,0.32238373160362244,0.0,0.9995116591453552
774,,,,,,,,-2.0658204555511475,6.666666740784422e-05,-0.013823091052472591,0.008890320546925068,0.40343308448791504,0.011284828186035156,231.0,0.18215347826480865,100.0,2.8457529544830322,-0.005535915493965149,0.5679227709770203,0.0,0.999566376209259
775,,,,,,,,-2.0679571628570557,0.0001500000071246177,-0.016622420400381088,0.04275546222925186,0.3914299011230469,0.010952949523925781,238.0,0.18206873536109924,100.0,2.8572349548339844,-0.005112330429255962,0.8422743678092957,0.0,0.9994885325431824
776,,,,,,,,-2.0603694915771484,6.666666740784422e-05,-0.030259622260928154,0.014256145805120468,0.38905787467956543,0.011202096939086914,239.0,0.18255043029785156,100.0,2.8578972816467285,-0.00462189968675375,0.624667763710022,0.0,0.999417781829834
777,,,,,,,,-2.0438029766082764,6.666666740784422e-05,-0.023902559652924538,0.02378588728606701,0.37409114837646484,0.011047840118408203,249.0,0.18281881511211395,100.0,2.8578972816467285,-0.00534176267683506,0.7283771634101868,0.0,0.9995360374450684
778,,,,,,,,-2.0321192741394043,9.999999747378752e-05,-0.020570527762174606,0.03237448260188103,0.3903470039367676,0.010426044464111328,239.0,0.18317683041095734,100.0,2.867030620574951,-0.006054633762687445,0.7479832172393799,0.0,0.9995844960212708
779,,,,,,,,-2.021416664123535,1.975308623514138e-05,-0.017491545528173447,0.07401835918426514,0.40531086921691895,0.010577201843261719,230.0,0.18328508734703064,100.0,2.8748648166656494,-0.004988098982721567,0.20648038387298584,0.0,0.9995665550231934
780,,,,,,,,-2.017685890197754,6.666666740784422e-05,-0.009117510169744492,0.02004450000822544,0.3846871852874756,0.010498762130737305,242.0,0.18342065811157227,100.0,2.875108480453491,-0.005130603443831205,0.7242974638938904,0.0,0.9994515776634216
781,,,,,,,,-2.0133514404296875,6.666666740784422e-05,-0.013540205545723438,0.027044296264648438,0.3856220245361328,0.010766983032226562,242.0,0.18341206014156342,100.0,2.875108480453491,-0.005172640550881624,0.804026186466217,0.0,0.9995561242103577
782,,,,,,,,-2.016098737716675,4.444444493856281e-05,-0.0279220137745142,0.015542560257017612,0.39183902740478516,0.011091947555541992,238.0,0.18340960144996643,100.0,2.8859167098999023,-0.006047775503247976,0.1301422119140625,0.0,0.9995476603507996
783,,,,,,,,-2.018747329711914,4.444444493856281e-05,-0.020366860553622246,0.058738261461257935,0.4031209945678711,0.010184049606323242,232.0,0.18323378264904022,100.0,2.888448476791382,-0.006886871065944433,0.9329237937927246,0.0,0.9995104670524597
784,,,,,,,,-2.025383949279785,4.444444493856281e-05,-0.026151128113269806,0.02053288370370865,0.3769693374633789,0.012093782424926758,246.0,0.18308866024017334,100.0,2.888448476791382,-0.005015664733946323,0.7533944249153137,0.0,0.999340832233429
785,-0.0056981234811246395,0.7718650698661804,0.0,0.9994847178459167,0.0,0.0,1.0,-2.0274128913879395,9.999999747378752e-05,-0.009244387038052082,0.019383952021598816,0.391995906829834,0.011089086532592773,238.0,0.18304191529750824,100.0,2.9001271724700928,-0.00526288291439414,0.6985354423522949,0.0,0.9994886517524719
786,,,,,,,,-2.0289063453674316,1.975308623514138e-05,-0.025904228910803795,0.006230517290532589,0.38878893852233887,0.010596036911010742,240.0,0.18301494419574738,100.0,2.8999619483947754,-0.0057960208505392075,0.012463188730180264,0.0,0.9994938969612122
787,,,,,,,,-2.0267205238342285,9.999999747378752e-05,-0.01243439968675375,0.03449922427535057,0.40664005279541016,0.011642932891845703,229.0,0.18317435681819916,100.0,2.91898775100708,-0.0060910251922905445,1.3901453018188477,0.0,0.9994857311248779
788,,,,,,,,-2.0186142921447754,4.444444493856281e-05,-0.01759740710258484,0.02431982383131981,0.3867828845977783,0.010390043258666992,241.0,0.18342773616313934,100.0,2.91898775100708,-0.0055178129114210606,0.8393805623054504,0.0,0.999410092830658
789,,,,,,,,-2.013622760772705,0.0001500000071246177,-0.012675343081355095,0.028480995446443558,0.3898172378540039,0.010738849639892578,239.0,0.18330781161785126,100.0,2.9276344776153564,-0.004734104033559561,0.7833471894264221,0.0,0.9995234608650208
790,,,,,,,,-2.0355379581451416,6.666666740784422e-05,-0.025929797440767288,0.006686612032353878,0.3891773223876953,0.01150369644165039,239.0,0.18255537748336792,100.0,2.9376425743103027,-0.005791578441858292,0.07222923636436462,0.0,0.9995018839836121
791,,,,,,,,-2.0621769428253174,6.666666740784422e-05,-0.027378812432289124,0.02075735479593277,0.39174985885620117,0.010742902755737305,238.0,0.18179762363433838,100.0,2.9388794898986816,-0.005525266285985708,0.7175893783569336,0.0,0.9995651245117188
792,-0.005047368351370096,0.7044611573219299,0.0,0.9995554685592651,0.0,0.0,1.0,-2.0857038497924805,2.9629629352712072e-05,-0.036547038704156876,0.06593342125415802,0.3923358917236328,0.010618925094604492,238.0,0.18149380385875702,100.0,2.949990749359131,-0.005317348521202803,0.9518020749092102,0.0,0.9994775652885437
793,,,,,,,,-2.0925486087799072,9.999999747378752e-05,-0.01756196841597557,0.014833171851933002,0.3905298709869385,0.011074066162109375,239.0,0.18129625916481018,100.0,2.9633896350860596,-0.00501194316893816,0.06668756157159805,0.0,0.9994837641716003
794,,,,,,,,-2.1093616485595703,4.444444493856281e-05,-0.022689009085297585,0.014336952939629555,0.38500499725341797,0.010529756546020508,242.0,0.18071728944778442,100.0,2.9725520610809326,-0.005763930734246969,0.6976565718650818,0.0,0.9995012283325195
795,,,,,,,,-2.1237525939941406,6.666666740784422e-05,-0.01552569679915905,0.024174969643354416,0.39873480796813965,0.011388063430786133,234.0,0.18053773045539856,100.0,2.961533784866333,-0.0048556276597082615,0.7470857501029968,0.0,0.9995414614677429
796,,,,,,,,-2.128533124923706,1.975308623514138e-05,-0.01816045492887497,0.05825670063495636,0.38826680183410645,0.010587930679321289,240.0,0.18040236830711365,100.0,2.9729666709899902,-0.005170767195522785,1.5409866571426392,0.0,0.9994535446166992
797,,,,,,,,-2.1348021030426025,0.0001500000071246177,-0.018693957477808,0.006532846949994564,0.3883707523345947,0.010721206665039062,240.0,0.18015554547309875,100.0,2.984619140625,-0.005092619452625513,0.0008796579786576331,0.0,0.9994328618049622
798,,,,,,,,-2.1491611003875732,6.666666740784422e-05,-0.023390933871269226,0.015075841918587685,0.37593913078308105,0.010341882705688477,248.0,0.1797254979610443,100.0,2.993710517883301,-0.0051804413087666035,0.2760551869869232,0.0,0.9994945526123047
799,,,,,,,,-2.1637392044067383,6.666666740784422e-05,-0.016656145453453064,0.01844976842403412,0.40082573890686035,0.011178016662597656,233.0,0.179511159658432,100.0,3.004920244216919,-0.005025105085223913,0.7826634049415588,0.0,0.999603271484375
800,,,,,,,,-2.169005870819092,9.999999747378752e-05,-0.013732334598898888,0.02366947941482067,0.3894808292388916,0.011362075805664062,239.0,0.17950843274593353,100.0,3.0061168670654297,-0.005650344770401716,0.7486085295677185,0.0,0.9994705319404602
801,,,,,,,,-2.1644322872161865,6.666666740784422e-05,-0.01644998788833618,0.011094104498624802,0.3899819850921631,0.011342048645019531,239.0,0.17985665798187256,100.0,2.9961960315704346,-0.005413535982370377,0.6289815902709961,0.0,0.9993407726287842
802,,,,,,,,-2.149986982345581,0.00022499999613501132,-0.008688729256391525,0.01248286385089159,0.37758302688598633,0.011007070541381836,247.0,0.18044984340667725,100.0,2.9961960315704346,-0.005275668576359749,0.7035139203071594,0.0,0.9994327425956726
803,,,,,,,,-2.1200788021087646,4.444444493856281e-05,-0.027545049786567688,0.021135644987225533,0.39243102073669434,0.01106715202331543,237.0,0.18113166093826294,100.0,3.0093750953674316,-0.005391209851950407,0.7616336941719055,0.0,0.9994874000549316
804,,,,,,,,-2.110358715057373,0.00022499999613501132,-0.012943454086780548,0.015535757876932621,0.40195584297180176,0.010692119598388672,232.0,0.1811710149049759,100.0,3.017331123352051,-0.006173728033900261,0.6832687258720398,0.0,0.9994409680366516
805,,,,,,,,-2.1221113204956055,1.975308623514138e-05,-0.02706676907837391,0.010444505140185356,0.37969517707824707,0.011322021484375,245.0,0.18085956573486328,100.0,3.027028799057007,-0.006074296776205301,0.6413974761962891,0.0,0.9993257522583008
806,,,,,,,,-2.130781412124634,6.666666740784422e-05,-0.008261525072157383,0.012761933729052544,0.3857300281524658,0.010768890380859375,242.0,0.1807016134262085,100.0,3.027028799057007,-0.005598753225058317,0.7249460220336914,0.0,0.999474048614502
807,,,,,,,,-2.141037702560425,9.999999747378752e-05,-0.013098523952066898,0.018434684723615646,0.3921349048614502,0.011423110961914062,237.0,0.18050791323184967,100.0,3.0287926197052,-0.00569884991273284,0.6513028144836426,0.0,0.9995147585868835
808,,,,,,,,-2.1509430408477783,1.975308623514138e-05,-0.023114506155252457,0.023931894451379776,0.42970705032348633,0.012697696685791016,216.0,0.18040813505649567,100.0,3.047473192214966,-0.005996142979711294,0.7834675908088684,0.0,0.9994844794273376
809,,,,,,,,-2.1508007049560547,4.444444493856281e-05,-0.023179644718766212,0.015451078303158283,0.37764883041381836,0.01116490364074707,246.0,0.18057432770729065,100.0,3.047473192214966,-0.004544353112578392,0.754161536693573,0.0,0.9992874264717102
810,-0.005491495598107576,0.6959481835365295,0.0,0.9993537664413452,0.0,0.0,1.0,-2.1442902088165283,1.975308623514138e-05,-0.017973799258470535,0.010060975328087807,0.39112019538879395,0.011324882507324219,238.0,0.18063674867153168,100.0,3.0566439628601074,-0.005796574521809816,0.7534933686256409,0.0,0.9994439482688904
811,,,,,,,,-2.1457712650299072,9.999999747378752e-05,-0.013107087463140488,0.0060474323108792305,0.38854193687438965,0.010460853576660156,240.0,0.18041962385177612,100.0,3.0562946796417236,-0.005667648743838072,0.00903522502630949,0.0,0.9994093775749207
812,,,,,,,,-2.158787727355957,0.0001500000071246177,-0.014074249193072319,0.02869873307645321,0.3956289291381836,0.010902166366577148,236.0,0.1799774169921875,100.0,3.074763774871826,-0.005968234967440367,1.3582552671432495,0.0,0.9994282126426697
813,,,,,,,,-2.170001745223999,4.444444493856281e-05,-0.01288529671728611,0.01993866078555584,0.388897180557251,0.010146856307983398,240.0,0.17983677983283997,100.0,3.074763774871826,-0.005131101701408625,0.7711749076843262,0.0,0.9992898106575012
814,,,,,,,,-2.1686716079711914,4.444444493856281e-05,-0.01970364712178707,0.012398912571370602,0.39171290397644043,0.010496139526367188,238.0,0.17996735870838165,100.0,3.087651014328003,-0.005964549258351326,0.6755092740058899,0.0,0.9993990063667297
815,,,,,,,,-2.1621553897857666,2.9629629352712072e-05,-0.020086519420146942,0.006428738124668598,0.3931910991668701,0.011352062225341797,237.0,0.18015025556087494,100.0,3.0969398021698,-0.0050459555350244045,3.0949515348766e-05,0.0,0.9993798136711121
816,,,,,,,,-2.1624484062194824,9.999999747378752e-05,-0.02117108926177025,0.013623938895761967,0.3906400203704834,0.01038503646850586,239.0,0.17981913685798645,100.0,3.0987582206726074,-0.005934583488851786,0.7161803245544434,0.0,0.9994383454322815
817,-0.005131301004439592,0.6614084839820862,0.0,0.9994238018989563,0.0,0.0,1.0,-2.1789422035217285,1.975308623514138e-05,-0.02713923528790474,0.01569734513759613,0.3896951675415039,0.011101961135864258,239.0,0.17956438660621643,100.0,3.108433961868286,-0.004839770495891571,1.4820231199264526,0.0,0.9993097186088562
818,,,,,,,,-2.1843652725219727,4.444444493856281e-05,-0.016439098864793777,0.00868990272283554,0.38722920417785645,0.010843753814697266,241.0,0.1794760525226593,100.0,3.117642641067505,-0.005121974274516106,0.06119011715054512,0.0,0.9993374347686768
819,,,,,,,,-2.1889638900756836,4.444444493856281e-05,-0.020286422222852707,0.005898828152567148,0.38748884201049805,0.010421991348266602,241.0,0.17932011187076569,100.0,3.118103265762329,-0.004986124113202095,0.44768527150154114,0.0,0.9993450045585632
820,,,,,,,,-2.19453763961792,6.666666740784422e-05,-0.009199107997119427,0.010381266474723816,0.39160799980163574,0.011909008026123047,237.0,0.1791372448205948,100.0,3.1239442825317383,-0.005327738355845213,0.6570063829421997,0.0,0.9994160532951355
821,,,,,,,,-2.201460838317871,4.444444493856281e-05,-0.022809050977230072,0.01370913814753294,0.39510679244995117,0.01083517074584961,236.0,0.1789388209581375,100.0,3.1266467571258545,-0.005413886625319719,1.2299590110778809,0.0,0.999380350112915
822,,,,,,,,-2.209124803543091,4.444444493856281e-05,-0.016702432185411453,0.006893607787787914,0.3902170658111572,0.010723114013671875,239.0,0.17874403297901154,100.0,3.132286787033081,-0.005491780582815409,0.0005047583836130798,0.0,0.9993109107017517
823,,,,,,,,-2.219313621520996,0.0001500000071246177,-0.020907366648316383,0.04463993012905121,0.38209009170532227,0.010684967041015625,244.0,0.17833879590034485,100.0,3.130873203277588,-0.005012754816561937,0.20314031839370728,0.0,0.9993453025817871
824,,,,,,,,-2.2380480766296387,1.975308623514138e-05,-0.01583736389875412,0.031418055295944214,0.4031660556793213,0.01115274429321289,231.0,0.17804571986198425,100.0,3.116896867752075,-0.0047145807184278965,0.8308940529823303,0.0,0.9994432330131531
825,,,,,,,,-2.2452900409698486,6.666666740784422e-05,-0.006563419010490179,0.027317311614751816,0.3904581069946289,0.010694026947021484,239.0,0.1779644787311554,100.0,3.113985538482666,-0.004975259304046631,0.8173316121101379,0.0,0.9993438124656677
826,,,,,,,,-2.245460033416748,6.666666740784422e-05,-0.01870691403746605,0.01080360822379589,0.3877439498901367,0.010850906372070312,240.0,0.1781555563211441,100.0,3.1141741275787354,-0.00525287538766861,0.7028672695159912,0.0,0.9992518424987793
827,,,,,,,,-2.2394490242004395,2.9629629352712072e-05,-0.031762316823005676,0.027630332857370377,0.37595415115356445,0.010621070861816406,248.0,0.17816166579723358,100.0,3.1141741275787354,-0.004567557945847511,0.24864830076694489,0.0,0.9993343353271484
828,,,,,,,,-2.239917039871216,2.9629629352712072e-05,-0.016311857849359512,0.02316824160516262,0.3896770477294922,0.010502099990844727,239.0,0.178105428814888,100.0,3.118041515350342,-0.005974367260932922,0.7761862874031067,0.0,0.9993801116943359
829,,,,,,,,-2.2423815727233887,4.444444493856281e-05,-0.0130188949406147,0.009429920464754105,0.4004080295562744,0.010960817337036133,233.0,0.17802083492279053,100.0,3.1138060092926025,-0.00540582649409771,0.5824787616729736,0.0,0.9993770718574524
830,,,,,,,,-2.244813919067383,6.666666740784422e-05,-0.013702498748898506,0.04344213008880615,0.3762078285217285,0.010975122451782227,247.0,0.17800167202949524,100.0,3.11493182182312,-0.0053517320193350315,0.8501275181770325,0.0,0.9992452263832092
831,,,,,,,,-2.247729778289795,6.666666740784422e-05,-0.01957392320036888,0.014471206814050674,0.3870398998260498,0.010792016983032227,241.0,0.17785541713237762,100.0,3.11493182182312,-0.004975397605448961,0.7778563499450684,0.0,0.9994056820869446
832,,,,,,,,-2.2574243545532227,6.666666740784422e-05,-0.026425931602716446,0.02599945105612278,0.38722777366638184,0.0113983154296875,240.0,0.1776180863380432,100.0,3.117574453353882,-0.005066123325377703,0.7195032238960266,0.0,0.9994414448738098
833,,,,,,,,-2.2662415504455566,4.444444493856281e-05,-0.020818093791604042,0.010377882048487663,0.40434789657592773,0.011254072189331055,230.0,0.17752841114997864,100.0,3.1190428733825684,-0.005761278327554464,0.756081759929657,0.0,0.9993756413459778
834,,,,,,,,-2.2702598571777344,6.666666740784422e-05,-0.019938815385103226,0.010122127830982208,0.3735160827636719,0.011064767837524414,249.0,0.1773558109998703,100.0,3.1190428733825684,-0.005053385626524687,0.4988858997821808,0.0,0.9991819262504578
835,-0.005055704154074192,0.7467421293258667,0.0,0.9992823600769043,0.0,0.0,1.0,-2.27685809135437,0.00022499999613501132,-0.011627853848040104,0.017345648258924484,0.3925161361694336,0.011510848999023438,237.0,0.1772030144929886,100.0,3.1298131942749023,-0.0049848719500005245,0.7065218091011047,0.0,0.9993521571159363
836,,,,,,,,-2.289980888366699,2.9629629352712072e-05,-0.028068924322724342,0.004292695317417383,0.39321303367614746,0.01075291633605957,237.0,0.17686603963375092,100.0,3.1416003704071045,-0.005323426797986031,0.012612536549568176,0.0,0.9993284344673157
837,,,,,,,,-2.3002805709838867,9.999999747378752e-05,-0.010063162073493004,0.027295848354697227,0.3906068801879883,0.011236190795898438,238.0,0.17660115659236908,100.0,3.147249221801758,-0.005559372249990702,1.4382227659225464,0.0,0.9994021058082581
838,,,,,,,,-2.3065173625946045,1.975308623514138e-05,-0.007231283001601696,0.015007808804512024,0.3854801654815674,0.01031184196472168,242.0,0.17664740979671478,100.0,3.147249221801758,-0.004760497249662876,0.5969498753547668,0.0,0.9992571473121643
839,,,,,,,,-2.3024139404296875,2.9629629352712072e-05,-0.01105586439371109,0.01922610215842724,0.3869359493255615,0.010580062866210938,241.0,0.17681485414505005,100.0,3.1435859203338623,-0.004854286555200815,0.7550370693206787,0.0,0.9993715286254883
840,,,,,,,,-2.2968413829803467,4.444444493856281e-05,-0.016220247372984886,0.0038231180515140295,0.39058709144592285,0.010426044464111328,239.0,0.17693008482456207,100.0,3.1562132835388184,-0.005013756919652224,2.131614019162953e-05,0.0,0.999373197555542
841,,,,,,,,-2.295351982116699,9.999999747378752e-05,-0.02675933577120304,0.022062601521611214,0.3893911838531494,0.010855913162231445,239.0,0.1768253594636917,100.0,3.1654601097106934,-0.0053130947053432465,0.322847843170166,0.0,0.9994542598724365
842,-0.004848277196288109,0.45192092657089233,0.0,0.9994386434555054,0.0,0.0,1.0,-2.2940425872802734,4.444444493856281e-05,-0.01911681517958641,0.0287910345941782,0.39069700241088867,0.01067495346069336,239.0,0.1769934594631195,100.0,3.151599407196045,-0.005848113913089037,1.684992790222168,0.0,0.9993192553520203
843,,,,,,,,-2.286557674407959,6.666666740784422e-05,-0.023755300790071487,0.007569074165076017,0.3887817859649658,0.011240959167480469,239.0,0.17706625163555145,100.0,3.1523468494415283,-0.004987548105418682,0.05577972158789635,0.0,0.999377429485321
844,,,,,,,,-2.283555030822754,2.9629629352712072e-05,-0.01861751638352871,0.012094386853277683,0.38667893409729004,0.011164188385009766,241.0,0.1771455556154251,100.0,3.1541635990142822,-0.005106235388666391,0.6775235533714294,0.0,0.9993875622749329
845,,,,,,,,-2.2796952724456787,6.666666740784422e-05,-0.01586434617638588,0.006934674456715584,0.3911621570587158,0.010169029235839844,239.0,0.17727500200271606,100.0,3.165769338607788,-0.005653028842061758,0.590521514415741,0.0,0.9994297623634338
846,,,,,,,,-2.2792065143585205,2.9629629352712072e-05,-0.022182660177350044,0.022991448640823364,0.38976001739501953,0.011709928512573242,239.0,0.1772129386663437,100.0,3.178338050842285,-0.005210300907492638,1.0540941953659058,0.0,0.9993694424629211
847,,,,,,,,-2.2819161415100098,2.9629629352712072e-05,-0.01705039292573929,0.005391075275838375,0.3889291286468506,0.01138615608215332,239.0,0.17719486355781555,100.0,3.189025640487671,-0.005458150524646044,0.017588315531611443,0.0,0.9993323683738708
848,,,,,,,,-2.2840986251831055,6.666666740784422e-05,-0.02087768353521824,0.01437478419393301,0.37395524978637695,0.01028585433959961,249.0,0.17718380689620972,100.0,3.1868815422058105,-0.004814801272004843,0.8565729260444641,0.0,0.9993453025817871
849,,,,,,,,-2.28178334236145,9.999999747378752e-05,-0.017764000222086906,0.010591360740363598,0.39951610565185547,0.011219024658203125,233.0,0.17730572819709778,100.0,3.1886467933654785,-0.004932949785143137,0.7340700626373291,0.0,0.999462902545929
850,,,,,,,,-2.274399518966675,2.9629629352712072e-05,-0.017823435366153717,0.0342833586037159,0.39338183403015137,0.010643959045410156,237.0,0.17749235033988953,100.0,3.189181327819824,-0.005239532794803381,0.9052276611328125,0.0,0.9993572235107422
851,,,,,,,,-2.265634775161743,0.0001500000071246177,-0.01382801216095686,0.014877896755933762,0.3906288146972656,0.011542081832885742,238.0,0.17778462171554565,100.0,3.2027151584625244,-0.0059454236179590225,0.7198700904846191,0.0,0.9992348551750183
852,,,,,,,,-2.248016834259033,2.9629629352712072e-05,-0.017662616446614265,0.017362402752041817,0.3752603530883789,0.011244773864746094,248.0,0.17804314196109772,100.0,3.2027151584625244,-0.004839310888200998,0.8918890953063965,0.0,0.9992871284484863
853,,,,,,,,-2.2345008850097656,0.00022499999613501132,-0.010586531832814217,0.02331739291548729,0.3914790153503418,0.010584115982055664,238.0,0.17858107388019562,100.0,3.2260169982910156,-0.005357272922992706,0.8041779398918152,0.0,0.9994228482246399
854,,,,,,,,-2.207106113433838,1.975308623514138e-05,-0.00950032752007246,0.007880544289946556,0.400723934173584,0.012368917465209961,232.0,0.17887000739574432,100.0,3.2282755374908447,-0.005911953281611204,0.8418201804161072,0.0,0.9994160532951355
855,,,,,,,,-2.201509714126587,2.9629629352712072e-05,-0.007879775017499924,0.012935950420796871,0.3789980411529541,0.010550975799560547,246.0,0.17889413237571716,100.0,3.24241304397583,-0.004865532275289297,0.7922496795654297,0.0,0.9992278218269348
856,,,,,,,,-2.19809889793396,6.666666740784422e-05,-0.020564092323184013,0.00969703495502472,0.3882260322570801,0.01176595687866211,240.0,0.17910884320735931,100.0,3.24241304397583,-0.0048795174807310104,0.7314980626106262,0.0,0.999356210231781
857,,,,,,,,-2.1853978633880615,9.999999747378752e-05,-0.019472597166895866,0.006712869741022587,0.3882009983062744,0.010516166687011719,240.0,0.17957362532615662,100.0,3.255117893218994,-0.005458097904920578,0.43304362893104553,0.0,0.9993652701377869
858,,,,,,,,-2.1674880981445312,2.9629629352712072e-05,-0.03635542839765549,0.017826532945036888,0.402329683303833,0.010592222213745117,232.0,0.1799561232328415,100.0,3.2476789951324463,-0.00607617711648345,0.9504761695861816,0.0,0.9994244575500488
859,,,,,,,,-2.1550700664520264,0.0001500000071246177,-0.010103948414325714,0.018682261928915977,0.3786649703979492,0.011299848556518555,246.0,0.18037214875221252,100.0,3.2476789951324463,-0.004913819953799248,0.8288424611091614,0.0,0.9992613196372986
860,-0.005557072348892689,0.7022380828857422,0.0,0.9993972778320312,0.0,0.0,1.0,-2.1347951889038086,4.444444493856281e-05,-0.03460390865802765,0.010213566944003105,0.38945937156677246,0.010471820831298828,240.0,0.18075089156627655,100.0,3.2403404712677,-0.005097889341413975,0.6540369987487793,0.0,0.9993581175804138
861,,,,,,,,-2.1279659271240234,6.666666740784422e-05,-0.019104957580566406,0.004342673346400261,0.3900911808013916,0.011276960372924805,239.0,0.18073514103889465,100.0,3.2375998497009277,-0.005434871185570955,0.012715443968772888,0.0,0.9993374347686768
862,,,,,,,,-2.1276633739471436,4.444444493856281e-05,-0.029109304770827293,0.02212117426097393,0.39304590225219727,0.011452198028564453,237.0,0.18070779740810394,100.0,3.2479584217071533,-0.006470432039350271,1.4859963655471802,0.0,0.9993872046470642
863,,,,,,,,-2.1300222873687744,6.666666740784422e-05,-0.012008767575025558,0.02294841781258583,0.3851430416107178,0.01022195816040039,242.0,0.18067625164985657,100.0,3.2479584217071533,-0.005219139624387026,0.5243388414382935,0.0,0.999366283416748
864,,,,,,,,-2.13208270072937,4.444444493856281e-05,-0.013255097903311253,0.015210503712296486,0.38811230659484863,0.010452985763549805,240.0,0.18063640594482422,100.0,3.2458574771881104,-0.006289619952440262,0.6497498154640198,0.0,0.9994335174560547
865,,,,,,,,-2.1326260566711426,6.666666740784422e-05,-0.024976011365652084,0.0029624071903526783,0.3887901306152344,0.010658740997314453,240.0,0.18070363998413086,100.0,3.2589659690856934,-0.005132436752319336,0.060607295483350754,0.0,0.9994313716888428
866,,,,,,,,-2.127666711807251,4.444444493856281e-05,-0.012022700160741806,0.07346432656049728,0.3896958827972412,0.01125192642211914,239.0,0.18084131181240082,100.0,3.2706520557403564,-0.0056634023785591125,0.23226843774318695,0.0,0.9995216727256775
867,-0.005707152653485537,0.3787631690502167,0.0,0.999485969543457,0.0,0.0,1.0,-2.126046657562256,4.444444493856281e-05,-0.013077798299491405,0.06837236881256104,0.3878941535949707,0.011373043060302734,240.0,0.18074101209640503,100.0,3.275090456008911,-0.005775520112365484,0.8645966649055481,0.0,0.9994186758995056
868,,,,,,,,-2.133254051208496,4.444444493856281e-05,-0.020896634086966515,0.00731551693752408,0.38821887969970703,0.01041102409362793,240.0,0.18053388595581055,100.0,3.284771680831909,-0.005553724709898233,0.061866071075201035,0.0,0.9993913173675537
869,,,,,,,,-2.1407127380371094,4.444444493856281e-05,-0.01025132555514574,0.01046207919716835,0.3852570056915283,0.010854721069335938,242.0,0.1804298609495163,100.0,3.2759735584259033,-0.005125133320689201,0.771608293056488,0.0,0.9993634819984436
870,,,,,,,,-2.1431918144226074,4.444444493856281e-05,-0.028860054910182953,0.003685158910229802,0.3897206783294678,0.01041412353515625,239.0,0.18036548793315887,100.0,3.281416177749634,-0.005978586617857218,0.2725992202758789,0.0,0.9994540214538574
871,,,,,,,,-2.1455600261688232,4.444444493856281e-05,-0.028283564373850822,0.03392099589109421,0.38896608352661133,0.011334896087646484,239.0,0.1803489476442337,100.0,3.271928548812866,-0.006076035555452108,0.7561785578727722,0.0,0.9993886947631836
872,,,,,,,,-2.148529529571533,6.666666740784422e-05,-0.019444871693849564,0.003591209650039673,0.3887050151824951,0.010881900787353516,240.0,0.1801820993423462,100.0,3.275487184524536,-0.005706810858100653,0.04308776929974556,0.0,0.9993593096733093
873,,,,,,,,-2.161910057067871,0.0001500000071246177,-0.022189531475305557,0.024518294259905815,0.38216686248779297,0.010546207427978516,244.0,0.17958417534828186,100.0,3.2659714221954346,-0.005277529824525118,0.6463670134544373,0.0,0.9993922114372253
874,,,,,,,,-2.189758777618408,9.999999747378752e-05,-0.022602761164307594,0.010952360928058624,0.3992588520050049,0.011202096939086914,233.0,0.17900225520133972,100.0,3.2638392448425293,-0.005377562250941992,0.8095273971557617,0.0,0.9994490742683411
875,,,,,,,,-2.1999223232269287,6.666666740784422e-05,-0.01367204263806343,0.021638812497258186,0.3917858600616455,0.010979175567626953,238.0,0.17897970974445343,100.0,3.2589476108551025,-0.005615629255771637,0.7614974975585938,0.0,0.9994254112243652
876,,,,,,,,-2.201169013977051,6.666666740784422e-05,-0.011448381468653679,0.012498060241341591,0.3888099193572998,0.011744976043701172,239.0,0.17898333072662354,100.0,3.2673966884613037,-0.00551305478438735,0.7506489157676697,0.0,0.9993134140968323
877,,,,,,,,-2.2035939693450928,2.9629629352712072e-05,-0.021770769730210304,0.007170264143496752,0.3770790100097656,0.011075019836425781,247.0,0.1788373738527298,100.0,3.2673966884613037,-0.005296436604112387,0.5400102734565735,0.0,0.9993695616722107
878,,,,,,,,-2.2101376056671143,4.444444493856281e-05,-0.02323252148926258,0.0052998000755906105,0.3950679302215576,0.010696887969970703,236.0,0.17864778637886047,100.0,3.2690341472625732,-0.005088113248348236,0.719170868396759,0.0,0.9994196891784668
879,,,,,,,,-2.2154715061187744,4.444444493856281e-05,-0.015399846248328686,0.009180357679724693,0.40340137481689453,0.010632753372192383,231.0,0.17853815853595734,100.0,3.269274950027466,-0.005548659712076187,0.6821666359901428,0.0,0.9994370341300964
880,,,,,,,,-2.2196435928344727,4.444444493856281e-05,-0.02099916711449623,0.012353654950857162,0.3768939971923828,0.010604143142700195,247.0,0.17840029299259186,100.0,3.2734365463256836,-0.0058600567281246185,0.8441044688224792,0.0,0.999267578125
881,,,,,,,,-2.2212705612182617,2.9629629352712072e-05,-0.032634980976581573,0.021661460399627686,0.3831360340118408,0.01073598861694336,243.0,0.17847611010074615,100.0,3.2734365463256836,-0.005084548611193895,0.8384671807289124,0.0,0.9993596076965332
882,,,,,,,,-2.2187790870666504,4.444444493856281e-05,-0.021035952493548393,0.016333740204572678,0.39232492446899414,0.01100778579711914,238.0,0.17850962281227112,100.0,3.2767250537872314,-0.0057653323747217655,0.700722873210907,0.0,0.9993823170661926
883,,,,,,,,-2.220869541168213,2.9629629352712072e-05,-0.015971049666404724,0.009741667658090591,0.4095466136932373,0.011029243469238281,228.0,0.1784200668334961,100.0,3.2774484157562256,-0.00586585933342576,0.874411404132843,0.0,0.9994397759437561
884,,,,,,,,-2.223418712615967,6.666666740784422e-05,-0.015661530196666718,0.013210712000727654,0.3791341781616211,0.011358022689819336,245.0,0.17848685383796692,100.0,3.2774484157562256,-0.004914542660117149,0.7742164731025696,0.0,0.9993016719818115
885,-0.005426769144833088,0.8049286007881165,0.0,0.9994333982467651,0.0,0.0,1.0,-2.2233099937438965,2.9629629352712072e-05,-0.009918116964399815,0.009052655659615993,0.3896949291229248,0.010323286056518555,239.0,0.178447887301445,100.0,3.2795565128326416,-0.004661299753934145,0.7163663506507874,0.0,0.9994289875030518
886,,,,,,,,-2.227950096130371,2.9629629352712072e-05,-0.030567549169063568,0.00277752336114645,0.38956594467163086,0.010955095291137695,239.0,0.1783323734998703,100.0,3.281526803970337,-0.004827080760151148,0.00827503390610218,0.0,0.9993579983711243
887,,,,,,,,-2.232346773147583,2.9629629352712072e-05,-0.00942944549024105,0.019118206575512886,0.429807186126709,0.011450767517089844,217.0,0.17826278507709503,100.0,3.292428731918335,-0.006507768761366606,1.3797179460525513,0.0,0.9993813037872314
888,,,,,,,,-2.234469413757324,6.666666740784422e-05,-0.020520266145467758,0.011023251339793205,0.4027981758117676,0.01135110855102539,231.0,0.17825305461883545,100.0,3.292428731918335,-0.005309760570526123,0.6331478953361511,0.0,0.9993054270744324
889,,,,,,,,-2.2342796325683594,4.444444493856281e-05,-0.017834093421697617,0.010608803480863571,0.4225630760192871,0.015265941619873047,219.0,0.17829620838165283,100.0,3.2907559871673584,-0.005261518061161041,0.7191674113273621,0.0,0.9994427561759949
890,,,,,,,,-2.2301199436187744,4.444444493856281e-05,-0.007307811640202999,0.001558749470859766,0.47824692726135254,0.016302824020385742,194.0,0.17852497100830078,100.0,3.300588607788086,-0.004601322580128908,0.08391812443733215,0.0,0.9994232654571533
891,,,,,,,,-2.221475839614868,6.666666740784422e-05,-0.03067881613969803,0.007009255234152079,0.39986300468444824,0.01094508171081543,233.0,0.17872728407382965,100.0,3.2995617389678955,-0.0052452837117016315,0.8172747492790222,0.0,0.9994487166404724
892,-0.005548084154725075,0.4629920721054077,0.0,0.9994986653327942,0.0,0.0,1.0,-2.213632583618164,6.666666740784422e-05,-0.012620866298675537,0.016915827989578247,0.3936769962310791,0.010725975036621094,237.0,0.17889292538166046,100.0,3.294703483581543,-0.00550295552238822,1.3936907052993774,0.0,0.9993208050727844
893,,,,,,,,-2.2071774005889893,0.00022499999613501132,-0.02091900259256363,0.008092416450381279,0.38942980766296387,0.010727167129516602,239.0,0.17907696962356567,100.0,3.296718120574951,-0.005196669604629278,0.05908834934234619,0.0,0.9993155002593994
894,,,,,,,,-2.199491024017334,4.444444493856281e-05,-0.02174264006316662,0.010731601156294346,0.39331984519958496,0.01074838638305664,237.0,0.1791161745786667,100.0,3.298322916030884,-0.005527755711227655,0.7056776881217957,0.0,0.9993039965629578
895,,,,,,,,-2.198420524597168,6.666666740784422e-05,-0.011159099638462067,0.040090713649988174,0.39267492294311523,0.01069498062133789,237.0,0.17901740968227386,100.0,3.2970550060272217,-0.0056181722320616245,0.8573572039604187,0.0,0.9993821978569031
896,,,,,,,,-2.204514741897583,6.666666740784422e-05,-0.025151804089546204,0.011375613510608673,0.3903160095214844,0.011165857315063477,239.0,0.17883332073688507,100.0,3.2961268424987793,-0.005307676270604134,1.0598253011703491,0.0,0.9993500113487244
897,,,,,,,,-2.208400249481201,6.666666740784422e-05,-0.030583253130316734,0.0033235098235309124,0.38585519790649414,0.010715961456298828,242.0,0.1789305955171585,100.0,3.2943851947784424,-0.005971182137727737,0.02846159227192402,0.0,0.999290943145752
898,,,,,,,,-2.2056310176849365,4.444444493856281e-05,-0.026280157268047333,0.02809305489063263,0.37830591201782227,0.0114288330078125,246.0,0.17907926440238953,100.0,3.297244071960449,-0.00523424381390214,0.8800549507141113,0.0,0.9992548823356628
899,,,,,,,,-2.1980268955230713,0.0001500000071246177,-0.017171509563922882,0.054827459156513214,0.40485405921936035,0.01155400276184082,230.0,0.17932537198066711,100.0,3.30741548538208,-0.0053741964511573315,0.16734512150287628,0.0,0.9993758201599121
900,,,,,,,,-2.1838202476501465,9.999999747378752e-05,-0.01573016494512558,0.01530308835208416,0.39257001876831055,0.012042045593261719,237.0,0.1797446459531784,100.0,3.2996296882629395,-0.005931804422289133,0.7378838658332825,0.0,0.9993800520896912
901,,,,,,,,-2.17366623878479,9.999999747378752e-05,-0.028227202594280243,0.02825421653687954,0.3895270824432373,0.010695934295654297,239.0,0.17980167269706726,100.0,3.301867723464966,-0.0057782516814768314,0.8467559814453125,0.0,0.999237060546875
902,,,,,,,,-2.173692464828491,2.9629629352712072e-05,-0.027257166802883148,0.014464856125414371,0.37795209884643555,0.01087498664855957,246.0,0.17962095141410828,100.0,3.301867723464966,-0.005195388104766607,0.8752521872520447,0.0,0.9993368983268738
903,,,,,,,,-2.1797783374786377,9.999999747378752e-05,-0.013421846553683281,0.011052816174924374,0.39191293716430664,0.011317968368530273,238.0,0.1794789731502533,100.0,3.2890331745147705,-0.0058410558849573135,0.7842382788658142,0.0,0.9993309378623962
904,,,,,,,,-2.181286573410034,6.666666740784422e-05,-0.01292472518980503,0.02385186217725277,0.4192941188812256,0.012022972106933594,222.0,0.17959663271903992,100.0,3.2915217876434326,-0.006229456514120102,0.33669543266296387,0.0,0.9993686079978943
905,,,,,,,,-2.174428701400757,1.975308623514138e-05,-0.03008420579135418,0.007387799210846424,0.42156195640563965,0.010995149612426758,221.0,0.1796666532754898,100.0,3.3029892444610596,-0.006408934947103262,0.3882775604724884,0.0,0.9992608428001404
906,,,,,,,,-2.170989751815796,4.444444493856281e-05,-0.02060982584953308,0.008893604390323162,0.38910889625549316,0.011158943176269531,239.0,0.17974528670310974,100.0,3.3029892444610596,-0.005467925686389208,0.806343138217926,0.0,0.9993900656700134
907,,,,,,,,-2.168954610824585,0.0001500000071246177,-0.016055449843406677,0.025222262367606163,0.39139604568481445,0.011142969131469727,238.0,0.17967474460601807,100.0,3.3038079738616943,-0.005789466667920351,0.6724259853363037,0.0,0.9993999004364014
908,,,,,,,,-2.1704108715057373,2.9629629352712072e-05,-0.0336608923971653,0.016788102686405182,0.4020509719848633,0.010385990142822266,232.0,0.17978183925151825,100.0,3.2904720306396484,-0.005885100457817316,0.4513990879058838,0.0,0.9993951320648193
909,,,,,,,,-2.1677632331848145,4.444444493856281e-05,-0.019965318962931633,0.017103780061006546,0.37336087226867676,0.010345935821533203,250.0,0.1797446757555008,100.0,3.2904720306396484,-0.004974361043423414,0.7908194661140442,0.0,0.9992280006408691
910,-0.005445919465273619,0.7740892767906189,0.0,0.9992395043373108,0.0,0.0,1.0,-2.1695754528045654,6.666666740784422e-05,-0.021196966990828514,0.013936590403318405,0.3880319595336914,0.010303974151611328,241.0,0.17970600724220276,100.0,3.2924461364746094,-0.005733972880989313,0.7720677852630615,0.0,0.9994060397148132
911,,,,,,,,-2.166132926940918,0.0005062500131316483,-0.013726449571549892,0.003470961470156908,0.3891870975494385,0.010573148727416992,240.0,0.17981775104999542,100.0,3.293560743331909,-0.00567840039730072,0.011357610113918781,0.0,0.999363899230957
912,,,,,,,,-2.1613073348999023,4.444444493856281e-05,-0.014285040087997913,0.029120776802301407,0.39369797706604004,0.010550975799560547,237.0,0.17980800569057465,100.0,3.2891604900360107,-0.006672443822026253,0.9220921993255615,0.0,0.9993650913238525
913,,,,,,,,-2.1590468883514404,9.999999747378752e-05,-0.012243510223925114,0.03730818256735802,0.38509202003479004,0.010503053665161133,242.0,0.1799592524766922,100.0,3.2891604900360107,-0.005561295431107283,0.5629640221595764,0.0,0.9992413520812988
914,,,,,,,,-2.155364751815796,9.999999747378752e-05,-0.020814966410398483,0.0195279773324728,0.3895299434661865,0.010349035263061523,240.0,0.1799742430448532,100.0,3.2900521755218506,-0.005305161699652672,0.795595109462738,0.0,0.9993273615837097
915,,,,,,,,-2.1521925926208496,4.444444493856281e-05,-0.021321315318346024,0.00325309531763196,0.3880741596221924,0.01111602783203125,240.0,0.1801258623600006,100.0,3.28033447265625,-0.005688087549060583,2.4589513486716896e-05,0.0,0.9992666244506836
916,,,,,,,,-2.1443326473236084,6.666666740784422e-05,-0.03335971757769585,0.009002638049423695,0.3883519172668457,0.010837078094482422,240.0,0.18034687638282776,100.0,3.2840487957000732,-0.00618945574387908,0.2586686909198761,0.0,0.9993267059326172
917,-0.005889685358852148,0.35840141773223877,0.0,0.9992427825927734,0.0,0.0,1.0,-2.1366167068481445,4.444444493856281e-05,-0.013632356189191341,0.023689353838562965,0.39203691482543945,0.011058807373046875,238.0,0.18039286136627197,100.0,3.2767221927642822,-0.005943120922893286,1.5419145822525024,0.0,0.999253511428833
918,,,,,,,,-2.141620397567749,0.0001500000071246177,-0.017277827486395836,0.007514692842960358,0.4048020839691162,0.010824918746948242,230.0,0.17990735173225403,100.0,3.27752947807312,-0.006408471614122391,0.057251352816820145,0.0,0.9992943406105042
919,,,,,,,,-2.1608269214630127,4.444444493856281e-05,-0.030629297718405724,0.006532873027026653,0.3879208564758301,0.011225223541259766,240.0,0.17967523634433746,100.0,3.269033670425415,-0.004921821411699057,0.5146813988685608,0.0,0.999326229095459
920,,,,,,,,-2.159041166305542,4.444444493856281e-05,-0.012950795702636242,0.016940517351031303,0.3883218765258789,0.011091947555541992,240.0,0.17991526424884796,100.0,3.2710556983947754,-0.006194384768605232,0.876763641834259,0.0,0.9994089007377625
921,,,,,,,,-2.1454546451568604,9.999999747378752e-05,-0.01783825270831585,0.019395114853978157,0.3887760639190674,0.01054692268371582,240.0,0.1805187165737152,100.0,3.271024703979492,-0.005855962634086609,1.223724365234375,0.0,0.9993683695793152
922,,,,,,,,-2.1153342723846436,4.444444493856281e-05,-0.021326666697859764,0.0035022329539060593,0.3890566825866699,0.011338233947753906,239.0,0.18112754821777344,100.0,3.2690184116363525,-0.005000246223062277,0.0007804553024470806,0.0,0.9993002414703369
923,,,,,,,,-2.100925922393799,0.0001500000071246177,-0.017746441066265106,0.013315905816853046,0.3747720718383789,0.010273933410644531,249.0,0.1813325136899948,100.0,3.272282600402832,-0.005742207169532776,0.9145873188972473,0.0,0.9993124604225159
924,,,,,,,,-2.0935890674591064,6.666666740784422e-05,-0.016969313845038414,0.008472581394016743,0.4012489318847656,0.010658025741577148,233.0,0.18155787885189056,100.0,3.2674334049224854,-0.005424955394119024,0.7250220775604248,0.0,0.9994344115257263
925,,,,,,,,-2.0847318172454834,4.444444493856281e-05,-0.013922613114118576,0.009304010309278965,0.3890087604522705,0.01064920425415039,240.0,0.1818356215953827,100.0,3.2670371532440186,-0.0058795674704015255,0.5830662846565247,0.0,0.9993507862091064
926,,,,,,,,-2.080310344696045,1.975308623514138e-05,-0.02791450545191765,0.009117737412452698,0.38631296157836914,0.011461019515991211,241.0,0.18178431689739227,100.0,3.2749245166778564,-0.005040654446929693,0.7753388285636902,0.0,0.9992914199829102
927,,,,,,,,-2.082740545272827,0.0001500000071246177,-0.009961937554180622,0.013323437422513962,0.37531399726867676,0.010621786117553711,248.0,0.18170633912086487,100.0,3.2749245166778564,-0.005431400146335363,0.754364013671875,0.0,0.9993715286254883
928,,,,,,,,-2.0826311111450195,6.666666740784422e-05,-0.02246326580643654,0.04933616891503334,0.3879098892211914,0.010340213775634766,241.0,0.1819220334291458,100.0,3.275470733642578,-0.006314965430647135,0.2538676857948303,0.0,0.9994835257530212
929,,,,,,,,-2.0709123611450195,9.999999747378752e-05,-0.015447169542312622,0.01711905002593994,0.40535688400268555,0.01050424575805664,230.0,0.1824447065591812,100.0,3.2786717414855957,-0.0059731812216341496,0.8164623379707336,0.0,0.9993886351585388
930,,,,,,,,-2.0554394721984863,4.444444493856281e-05,-0.025807833299040794,0.020938368514180183,0.3823239803314209,0.010689020156860352,244.0,0.18264852464199066,100.0,3.2892308235168457,-0.00627560168504715,0.8241457939147949,0.0,0.9991888999938965
931,,,,,,,,-2.052243232727051,0.0005062500131316483,-0.009265930391848087,0.018768513575196266,0.3880891799926758,0.01106572151184082,240.0,0.18255063891410828,100.0,3.2892308235168457,-0.005723834037780762,0.9171779751777649,0.0,0.9993773102760315
932,,,,,,,,-2.054711103439331,2.9629629352712072e-05,-0.02421197108924389,0.02196989580988884,0.3895900249481201,0.010505914688110352,239.0,0.18248282372951508,100.0,3.2787177562713623,-0.005649309139698744,0.7396235466003418,0.0,0.9993688464164734
933,,,,,,,,-2.0565712451934814,0.0001500000071246177,-0.021797215566039085,0.059264469891786575,0.40315699577331543,0.012070894241333008,231.0,0.1823962926864624,100.0,3.2803988456726074,-0.006143361795693636,0.3575069010257721,0.0,0.9993936419487
934,,,,,,,,-2.0628254413604736,4.444444493856281e-05,-0.017864089459180832,0.013282005675137043,0.3794713020324707,0.010865926742553711,245.0,0.1823219358921051,100.0,3.2803988456726074,-0.00633779913187027,0.627157986164093,0.0,0.9992823004722595
935,-0.0058297570794820786,0.8804908394813538,0.0,0.999356746673584,0.0,0.0,1.0,-2.0654022693634033,9.999999747378752e-05,-0.020699433982372284,0.013070636428892612,0.38954997062683105,0.010967016220092773,239.0,0.1821860820055008,100.0,3.2932281494140625,-0.005610013380646706,0.739024817943573,0.0,0.9993779063224792
936,,,,,,,,-2.071692943572998,1.975308623514138e-05,-0.022448096424341202,0.0013405984500423074,0.38785886764526367,0.010834217071533203,240.0,0.1820461004972458,100.0,3.2919533252716064,-0.0060790106654167175,0.007904754020273685,0.0,0.9993219375610352
937,,,,,,,,-2.075190544128418,0.0001500000071246177,-0.018048278987407684,0.019629770889878273,0.39044809341430664,0.01034688949584961,239.0,0.18195228278636932,100.0,3.283881902694702,-0.005953812971711159,0.3117399513721466,0.0,0.9993820190429688
938,,,,,,,,-2.0828983783721924,1.975308623514138e-05,-0.03634243085980415,0.026826908811926842,0.38643980026245117,0.011161088943481445,241.0,0.1817777007818222,100.0,3.283881902694702,-0.0054663014598190784,0.9084542393684387,0.0,0.999286949634552
939,,,,,,,,-2.0891366004943848,0.0003375000087544322,-0.010556060820817947,0.04046838730573654,0.39032411575317383,0.010571956634521484,239.0,0.18142063915729523,100.0,3.2831335067749023,-0.0062595512717962265,0.8010430335998535,0.0,0.9994032979011536
940,,,,,,,,-2.112272262573242,2.9629629352712072e-05,-0.03328739106655121,0.009976780042052269,0.3891448974609375,0.01111602783203125,239.0,0.18071556091308594,100.0,3.2712831497192383,-0.006047843489795923,3.5101260436931625e-05,0.0,0.9994089007377625
941,,,,,,,,-2.1244397163391113,9.999999747378752e-05,-0.014274373650550842,0.013825636357069016,0.3890650272369385,0.011141061782836914,239.0,0.18055680394172668,100.0,3.261186122894287,-0.005708050448447466,0.9054835438728333,0.0,0.999398410320282
942,-0.0053656748495996,0.8304383158683777,0.0,0.9992934465408325,0.0,0.0,1.0,-2.13212513923645,6.666666740784422e-05,-0.02366277389228344,0.017115933820605278,0.38999295234680176,0.010549068450927734,239.0,0.18027319014072418,100.0,3.268760919570923,-0.005859370809048414,1.1126817464828491,0.0,0.9992775321006775
943,,,,,,,,-2.1452949047088623,4.444444493856281e-05,-0.020575042814016342,0.0054778726771473885,0.38903188705444336,0.011839151382446289,239.0,0.18000690639019012,100.0,3.270569086074829,-0.006031012162566185,0.06734278798103333,0.0,0.9993288516998291
944,,,,,,,,-2.1595242023468018,9.999999747378752e-05,-0.020384900271892548,0.0061795772053301334,0.3873128890991211,0.010549068450927734,241.0,0.1794874370098114,100.0,3.2713441848754883,-0.005442079156637192,0.7364628314971924,0.0,0.9992991089820862
945,,,,,,,,-2.1768150329589844,6.666666740784422e-05,-0.023821081966161728,0.010289574041962624,0.39110708236694336,0.011157035827636719,238.0,0.17922569811344147,100.0,3.271470546722412,-0.005830666515976191,0.7449901700019836,0.0,0.9994242787361145
946,,,,,,,,-2.1843957901000977,6.666666740784422e-05,-0.022518612444400787,0.014762510545551777,0.39136791229248047,0.011238813400268555,238.0,0.17911496758460999,100.0,3.26996111869812,-0.006434159353375435,1.4512734413146973,0.0,0.9993131160736084
947,,,,,,,,-2.190115451812744,6.666666740784422e-05,-0.021491151303052902,0.0033686254173517227,0.38785600662231445,0.010579109191894531,240.0,0.1789989471435547,100.0,3.2708890438079834,-0.005690637975931168,0.06746615469455719,0.0,0.9992828369140625
948,,,,,,,,-2.1900076866149902,4.444444493856281e-05,-0.012942010536789894,0.011941549368202686,0.37755584716796875,0.011631250381469727,246.0,0.17910350859165192,100.0,3.2791295051574707,-0.006571117322891951,0.792904794216156,0.0,0.999272882938385
949,,,,,,,,-2.192948818206787,9.999999747378752e-05,-0.021053310483694077,0.01310889795422554,0.4021162986755371,0.011481761932373047,232.0,0.1788003295660019,100.0,3.2773234844207764,-0.005687511060386896,0.9113534092903137,0.0,0.9994085431098938
950,,,,,,,,-2.2152388095855713,4.444444493856281e-05,-0.028585730120539665,0.010389132425189018,0.38957738876342773,0.01101064682006836,239.0,0.1781824827194214,100.0,3.2756011486053467,-0.00560031970962882,0.5261208415031433,0.0,0.9993607401847839
951,,,,,,,,-2.236358165740967,9.999999747378752e-05,-0.024689164012670517,0.01034844946116209,0.39211010932922363,0.011266708374023438,237.0,0.17758753895759583,100.0,3.2768611907958984,-0.005677951965481043,0.6813516616821289,0.0,0.9992497563362122
952,,,,,,,,-2.2666304111480713,6.666666740784422e-05,-0.01733529008924961,0.012108840979635715,0.3756296634674072,0.010336160659790039,248.0,0.17685601115226746,100.0,3.2768611907958984,-0.005452863872051239,0.8755838871002197,0.0,0.9993605613708496
953,,,,,,,,-2.2914438247680664,6.666666740784422e-05,-0.02776223234832287,0.046192269772291183,0.39098501205444336,0.01129293441772461,238.0,0.17642876505851746,100.0,3.276057004928589,-0.007051838096231222,0.24291767179965973,0.0,0.9994369149208069
954,,,,,,,,-2.3073763847351074,1.975308623514138e-05,-0.018047383055090904,0.012826882302761078,0.40387892723083496,0.010818004608154297,231.0,0.1762060672044754,100.0,3.2856085300445557,-0.00534876948222518,0.7951900362968445,0.0,0.999387800693512
955,,,,,,,,-2.315138339996338,0.00022499999613501132,-0.014500618912279606,0.03597669303417206,0.3791530132293701,0.011524677276611328,245.0,0.17580686509609222,100.0,3.285953998565674,-0.005989174824208021,0.8452668190002441,0.0,0.9992440342903137
956,,,,,,,,-2.3509435653686523,6.666666740784422e-05,-0.020523857325315475,0.0075347707606852055,0.3842508792877197,0.010360002517700195,243.0,0.17500227689743042,100.0,3.285953998565674,-0.0054078721441328526,0.8207818865776062,0.0,0.999367892742157
957,,,,,,,,-2.3648643493652344,6.666666740784422e-05,-0.017862468957901,0.04269560053944588,0.3915531635284424,0.011345863342285156,238.0,0.17502009868621826,100.0,3.2769722938537598,-0.005166319664567709,0.7421514391899109,0.0,0.9993703961372375
958,,,,,,,,-2.3592021465301514,9.999999747378752e-05,-0.01672753319144249,0.013569872826337814,0.40465402603149414,0.011677980422973633,230.0,0.17517593502998352,100.0,3.2767996788024902,-0.005565652623772621,1.0174380540847778,0.0,0.9994123578071594
959,,,,,,,,-2.3526554107666016,1.975308623514138e-05,-0.03668290749192238,0.022244367748498917,0.37871289253234863,0.010499954223632812,246.0,0.17521685361862183,100.0,3.2767996788024902,-0.005274874623864889,0.775575578212738,0.0,0.9992473125457764
960,-0.005085041280835867,0.7879505157470703,0.0,0.9993296265602112,0.0,0.0,1.0,-2.353285074234009,9.999999747378752e-05,-0.01517740823328495,0.014887562952935696,0.38808703422546387,0.010470151901245117,240.0,0.17506136000156403,100.0,3.275421142578125,-0.005235231947153807,0.708712100982666,0.0,0.9993934631347656
961,,,,,,,,-2.364989757537842,2.9629629352712072e-05,-0.025461368262767792,0.005504901986569166,0.3933439254760742,0.012128114700317383,236.0,0.1748383641242981,100.0,3.2766895294189453,-0.005328819155693054,0.014936558902263641,0.0,0.9993699193000793
962,,,,,,,,-2.3700876235961914,4.444444493856281e-05,-0.013368903659284115,0.015301993116736412,0.3932619094848633,0.010653018951416016,237.0,0.17473416030406952,100.0,3.2772724628448486,-0.0064266137778759,1.3923872709274292,0.0,0.9993916153907776
963,,,,,,,,-2.3768317699432373,6.666666740784422e-05,-0.022752001881599426,0.01635282300412655,0.38889288902282715,0.011033058166503906,240.0,0.17450520396232605,100.0,3.2772724628448486,-0.00610823929309845,0.9171140193939209,0.0,0.9993061423301697
964,,,,,,,,-2.3876395225524902,4.444444493856281e-05,-0.02708599530160427,0.026624470949172974,0.39069700241088867,0.010807037353515625,239.0,0.1742587387561798,100.0,3.276949167251587,-0.006215872708708048,0.8190838694572449,0.0,0.9993848204612732
965,,,,,,,,-2.394042730331421,9.999999747378752e-05,-0.014604698866605759,0.003946833312511444,0.38874220848083496,0.01110982894897461,240.0,0.1742033064365387,100.0,3.2811288833618164,-0.005182676017284393,0.08104785531759262,0.0,0.9993267059326172
966,,,,,,,,-2.3941152095794678,4.444444493856281e-05,-0.026698030531406403,0.013050027191638947,0.3872640132904053,0.0105438232421875,241.0,0.17426563799381256,100.0,3.27886700630188,-0.005787964910268784,0.7200456261634827,0.0,0.9993899464607239
967,-0.005928965751081705,0.8005598783493042,0.0,0.9993352890014648,0.0,0.0,1.0,-2.38643217086792,6.666666740784422e-05,-0.01749310828745365,0.016250362619757652,0.39322423934936523,0.011642932891845703,237.0,0.17459501326084137,100.0,3.2789578437805176,-0.005864947568625212,1.5068182945251465,0.0,0.9993569254875183
968,,,,,,,,-2.3757176399230957,2.9629629352712072e-05,-0.03738854452967644,0.003945546690374613,0.3883790969848633,0.011594057083129883,240.0,0.17473433911800385,100.0,3.2836194038391113,-0.005105134099721909,0.05971680209040642,0.0,0.9993733763694763
969,,,,,,,,-2.372236728668213,9.999999747378752e-05,-0.019473889842629433,0.007658048532903194,0.3894689083099365,0.010565996170043945,239.0,0.17479048669338226,100.0,3.280749559402466,-0.00560650834813714,0.5400339961051941,0.0,0.9993670582771301
970,,,,,,,,-2.365898609161377,6.666666740784422e-05,-0.018056126311421394,0.010963366366922855,0.39549684524536133,0.011590003967285156,235.0,0.17502832412719727,100.0,3.2798244953155518,-0.005537955556064844,0.7609789967536926,0.0,0.9994156956672668
971,,,,,,,,-2.3540637493133545,6.666666740784422e-05,-0.024777540937066078,0.09249535948038101,0.390700101852417,0.0108489990234375,239.0,0.17536579072475433,100.0,3.2875969409942627,-0.0053922999650239944,0.9320197105407715,0.0,0.9994080662727356
972,,,,,,,,-2.3441100120544434,4.444444493856281e-05,-0.009307089261710644,0.015457517467439175,0.38959383964538574,0.011466264724731445,239.0,0.17548353970050812,100.0,3.28548526763916,-0.005504531320184469,0.020069386810064316,0.0,0.9993831515312195
973,,,,,,,,-2.3455545902252197,0.00022499999613501132,-0.016208356246352196,0.01387566514313221,0.3816061019897461,0.011356830596923828,244.0,0.1752181351184845,100.0,3.295745611190796,-0.005298256408423185,0.8179917931556702,0.0,0.9993281364440918
974,,,,,,,,-2.355536699295044,1.975308623514138e-05,-0.03083697333931923,0.019048525020480156,0.40549206733703613,0.011609077453613281,230.0,0.17514568567276,100.0,3.298543691635132,-0.005912575405091047,0.7569342255592346,0.0,0.9994418025016785
975,,,,,,,,-2.3552722930908203,9.999999747378752e-05,-0.01677323691546917,0.013856064528226852,0.39008021354675293,0.010199785232543945,239.0,0.17517530918121338,100.0,3.29720401763916,-0.005436853971332312,0.7493767738342285,0.0,0.9993875622749329
976,,,,,,,,-2.356774091720581,4.444444493856281e-05,-0.026857268065214157,0.014993267133831978,0.39220190048217773,0.010959863662719727,238.0,0.17509110271930695,100.0,3.2970428466796875,-0.005736773367971182,0.6993185877799988,0.0,0.9992775917053223
977,,,,,,,,-2.358377695083618,0.0001500000071246177,-0.02676922269165516,0.011822291649878025,0.37668681144714355,0.010813236236572266,247.0,0.17517788708209991,100.0,3.2970428466796875,-0.004730334505438805,0.777040421962738,0.0,0.9993534088134766
978,,,,,,,,-2.3490517139434814,9.999999747378752e-05,-0.01350259967148304,0.03024606592953205,0.39150476455688477,0.011201143264770508,238.0,0.17560598254203796,100.0,3.3143503665924072,-0.005873757880181074,0.40760281682014465,0.0,0.999383270740509
979,,,,,,,,-2.335188627243042,4.444444493856281e-05,-0.024302544072270393,0.016933485865592957,0.4033679962158203,0.011286020278930664,231.0,0.17594827711582184,100.0,3.3188202381134033,-0.005718948319554329,0.724400520324707,0.0,0.9994068741798401
980,,,,,,,,-2.3302900791168213,9.999999747378752e-05,-0.024138081818819046,0.05124528706073761,0.37779784202575684,0.011302947998046875,246.0,0.1759885549545288,100.0,3.3212943077087402,-0.005356553476303816,0.16350258886814117,0.0,0.9992721676826477
981,,,,,,,,-2.3327369689941406,4.444444493856281e-05,-0.007938003167510033,0.02054215967655182,0.3894619941711426,0.011199951171875,239.0,0.1760801523923874,100.0,3.3212943077087402,-0.004203262273222208,0.7642281651496887,0.0,0.9994288086891174
982,,,,,,,,-2.329324245452881,9.999999747378752e-05,-0.02700784057378769,0.03682265058159828,0.39376378059387207,0.010758161544799805,237.0,0.17617569863796234,100.0,3.3137569427490234,-0.005694935563951731,0.7505252957344055,0.0,0.9994131922721863
983,,,,,,,,-2.3287997245788574,6.666666740784422e-05,-0.025116147473454475,0.025233393535017967,0.4038858413696289,0.01065206527709961,231.0,0.17611455917358398,100.0,3.3016157150268555,-0.005961983930319548,0.8620041012763977,0.0,0.9994736313819885
984,,,,,,,,-2.3371381759643555,6.666666740784422e-05,-0.021748136729002,0.008979959413409233,0.37949705123901367,0.010773897171020508,245.0,0.17576535046100616,100.0,3.3016157150268555,-0.0047535402700304985,0.6395412087440491,0.0,0.9992443919181824
985,-0.005292113404721022,0.7336547374725342,0.0,0.9993648529052734,0.0,0.0,1.0,-2.3571739196777344,4.444444493856281e-05,-0.015010838396847248,0.02885071188211441,0.38925886154174805,0.010576963424682617,240.0,0.17519350349903107,100.0,3.3059115409851074,-0.005989547818899155,0.8348812460899353,0.0,0.9994195103645325
986,,,,,,,,-2.375537157058716,4.444444493856281e-05,-0.016665220260620117,0.0036290250718593597,0.390333890914917,0.010421037673950195,239.0,0.174970805644989,100.0,3.30692458152771,-0.006112975534051657,0.015660202130675316,0.0,0.9993675351142883
987,,,,,,,,-2.3821988105773926,6.666666740784422e-05,-0.013744999654591084,0.02233366295695305,0.39113807678222656,0.011559009552001953,238.0,0.17481479048728943,100.0,3.306046724319458,-0.0060130818746984005,1.4496585130691528,0.0,0.9994094371795654
988,,,,,,,,-2.394460678100586,0.0001500000071246177,-0.013982829637825489,0.09763146936893463,0.3880879878997803,0.01064610481262207,240.0,0.17430178821086884,100.0,3.306046724319458,-0.005483848974108696,0.2985880672931671,0.0,0.9993488788604736
989,,,,,,,,-2.4088165760040283,4.444444493856281e-05,-0.02407734841108322,0.015300067141652107,0.38891077041625977,0.011548280715942383,239.0,0.17426903545856476,100.0,3.3061039447784424,-0.006623102817684412,0.759958803653717,0.0,0.9994028210639954
990,,,,,,,,-2.4048540592193604,4.444444493856281e-05,-0.012531774118542671,0.0025210422463715076,0.3903820514678955,0.010545969009399414,239.0,0.17432542145252228,100.0,3.3048274517059326,-0.00519347982481122,2.6151799829676747e-05,0.0,0.9993301033973694
991,,,,,,,,-2.403384208679199,4.444444493856281e-05,-0.02200922928750515,0.06857290118932724,0.39840197563171387,0.0108489990234375,234.0,0.17430292069911957,100.0,3.3046257495880127,-0.005519574508070946,0.19544678926467896,0.0,0.9994573593139648
992,-0.0062250858172774315,0.2471926361322403,0.0,0.9993897080421448,0.0,0.0,1.0,-2.4084503650665283,9.999999747378752e-05,-0.015174546279013157,0.024330120533704758,0.3910648822784424,0.01040506362915039,239.0,0.17400525510311127,100.0,3.294692277908325,-0.006181312724947929,1.4861202239990234,0.0,0.9993852972984314
993,,,,,,,,-2.417846202850342,6.666666740784422e-05,-0.020589735358953476,0.004937175661325455,0.3901543617248535,0.010832786560058594,239.0,0.1739550083875656,100.0,3.29550838470459,-0.005454907193779945,0.05405314266681671,0.0,0.9993770718574524
994,,,,,,,,-2.416020393371582,0.00022499999613501132,-0.012282948940992355,0.01750725694000721,0.3915712833404541,0.011456727981567383,238.0,0.17403081059455872,100.0,3.2852134704589844,-0.005769036710262299,0.36063721776008606,0.0,0.9993516802787781
995,,,,,,,,-2.415864944458008,4.444444493856281e-05,-0.03452344238758087,0.019477736204862595,0.390078067779541,0.010319948196411133,239.0,0.1738584339618683,100.0,3.283785343170166,-0.005266688764095306,0.7419519424438477,0.0,0.9994359016418457
996,,,,,,,,-2.4236576557159424,2.9629629352712072e-05,-0.02615203708410263,0.09975238889455795,0.38945508003234863,0.010601043701171875,239.0,0.17361995577812195,100.0,3.288970947265625,-0.0054849013686180115,0.9057931303977966,0.0,0.9993833899497986
997,,,,,,,,-2.429466962814331,6.666666740784422e-05,-0.020411593839526176,0.0024813448544591665,0.3910541534423828,0.010550975799560547,239.0,0.17343127727508545,100.0,3.2815029621124268,-0.00527203269302845,0.034039225429296494,0.0,0.9993707537651062
998,,,,,,,,-2.4327917098999023,0.0001500000071246177,-0.01589387282729149,0.023082539439201355,0.3793458938598633,0.01100611686706543,245.0,0.17341692745685577,100.0,3.2802438735961914,-0.005547443870455027,0.7857198715209961,0.0,0.9993608593940735
999,,,,,,,,-2.4272589683532715,2.9629629352712072e-05,-0.02517654560506344,0.013649184256792068,0.4008028507232666,0.010624170303344727,233.0,0.17365425825119019,100.0,3.2803258895874023,-0.005335591733455658,0.6956264972686768,0.0,0.9994687438011169
1000,,,,,,,,-2.4221408367156982,0.0001500000071246177,-0.011460436508059502,0.018717383965849876,0.38965415954589844,0.011032819747924805,239.0,0.17372025549411774,100.0,3.2713418006896973,-0.005861727986484766,0.8309342861175537,0.0,0.9993977546691895
1001,,,,,,,,-2.4115583896636963,9.999999747378752e-05,-0.024271447211503983,0.00821595173329115,0.39023518562316895,0.010539054870605469,239.0,0.17412987351417542,100.0,3.2717483043670654,-0.005318798124790192,0.6823239326477051,0.0,0.999283492565155
1002,,,,,,,,-2.4032115936279297,2.9629629352712072e-05,-0.032288022339344025,0.01860577054321766,0.37718915939331055,0.011202096939086914,247.0,0.174098402261734,100.0,3.2717483043670654,-0.0051864455454051495,0.7487943768501282,0.0,0.9993610382080078
1003,,,,,,,,-2.4061553478240967,9.999999747378752e-05,-0.012993352487683296,0.010849997401237488,0.39267921447753906,0.01062774658203125,238.0,0.17398422956466675,100.0,3.2691516876220703,-0.0067255571484565735,0.7569053769111633,0.0,0.9993993639945984
1004,,,,,,,,-2.4167568683624268,4.444444493856281e-05,-0.01416523102670908,0.04127049073576927,0.40375709533691406,0.010968685150146484,231.0,0.17358359694480896,100.0,3.2768125534057617,-0.005898706149309874,0.831754744052887,0.0,0.999424934387207
1005,,,,,,,,-2.4316015243530273,2.9629629352712072e-05,-0.013940864242613316,0.014554927125573158,0.37926721572875977,0.010425090789794922,246.0,0.17334257066249847,100.0,3.2742648124694824,-0.005338056478649378,0.7241961359977722,0.0,0.9992920756340027
1006,,,,,,,,-2.4374008178710938,6.666666740784422e-05,-0.01138647086918354,0.009054235182702541,0.3894319534301758,0.01085209846496582,239.0,0.17332997918128967,100.0,3.2742648124694824,-0.006008334457874298,0.703515350818634,0.0,0.999407947063446
1007,,,,,,,,-2.4358394145965576,9.999999747378752e-05,-0.014116526581346989,0.026016175746917725,0.3905510902404785,0.011059045791625977,239.0,0.17349164187908173,100.0,3.2855896949768066,-0.005820298567414284,0.7268412709236145,0.0,0.9993870854377747
1008,,,,,,,,-2.4291014671325684,4.444444493856281e-05,-0.026028934866189957,0.01632280834019184,0.40686702728271484,0.011466026306152344,229.0,0.17363280057907104,100.0,3.2850356101989746,-0.006529202219098806,0.8515588641166687,0.0,0.9994075894355774
1009,,,,,,,,-2.426069736480713,2.9629629352712072e-05,-0.018187599256634712,0.019781313836574554,0.37818098068237305,0.010461091995239258,247.0,0.17353975772857666,100.0,3.2850356101989746,-0.0051947832107543945,0.6781657338142395,0.0,0.9992648959159851
1010,-0.005593361333012581,0.6753747463226318,0.0,0.9993581175804138,0.0,0.0,1.0,-2.4311203956604004,2.9629629352712072e-05,-0.01571268029510975,0.00850929319858551,0.3937649726867676,0.010498046875,237.0,0.17337682843208313,100.0,3.281738042831421,-0.005138501990586519,0.8193771243095398,0.0,0.9994377493858337
1011,,,,,,,,-2.440062999725342,9.999999747378752e-05,-0.022194698452949524,0.0028354523237794638,0.39228224754333496,0.011343955993652344,237.0,0.17296795547008514,100.0,3.2813875675201416,-0.004895740654319525,0.00743507593870163,0.0,0.999366819858551
1012,,,,,,,,-2.4568989276885986,6.666666740784422e-05,-0.03402969613671303,0.01602390594780445,0.3940718173980713,0.010293245315551758,237.0,0.1726820319890976,100.0,3.2961130142211914,-0.005701595451682806,1.3324133157730103,0.0,0.9993810057640076
1013,,,,,,,,-2.4585022926330566,2.9629629352712072e-05,-0.009324269369244576,0.01070485170930624,0.3914191722869873,0.010307788848876953,238.0,0.17281368374824524,100.0,3.2961130142211914,-0.005162565503269434,0.8285337090492249,0.0,0.9993001818656921
1014,,,,,,,,-2.4549620151519775,6.666666740784422e-05,-0.02078166976571083,0.007392606697976589,0.3885931968688965,0.010660886764526367,240.0,0.17283466458320618,100.0,3.29636812210083,-0.006135579198598862,0.6203904151916504,0.0,0.9993975758552551
1015,,,,,,,,-2.4579505920410156,2.9629629352712072e-05,-0.023122813552618027,0.005101208109408617,0.38889098167419434,0.011080026626586914,240.0,0.17273087799549103,100.0,3.293386697769165,-0.005026647821068764,0.06457638740539551,0.0,0.9993398785591125
1016,,,,,,,,-2.463017463684082,2.9629629352712072e-05,-0.01498819887638092,0.08355307579040527,0.3893699645996094,0.010869979858398438,239.0,0.17261941730976105,100.0,3.3020122051239014,-0.0060116504319012165,0.3209224045276642,0.0,0.9994407296180725
1017,-0.00528082437813282,0.716898500919342,0.0,0.999375581741333,0.0,0.0,1.0,-2.4625632762908936,6.666666740784422e-05,-0.016260014846920967,0.021854622289538383,0.3895232677459717,0.010529041290283203,239.0,0.17277342081069946,100.0,3.3012502193450928,-0.0050615230575203896,1.5354169607162476,0.0,0.999418318271637
1018,,,,,,,,-2.4535410404205322,4.444444493856281e-05,-0.0378783755004406,0.007259665057063103,0.3899250030517578,0.010983943939208984,239.0,0.17285121977329254,100.0,3.2995848655700684,-0.005814836826175451,0.0564352385699749,0.0,0.9993733763694763
1019,,,,,,,,-2.4522645473480225,2.9629629352712072e-05,-0.019558679312467575,0.011170193552970886,0.3904082775115967,0.010835886001586914,239.0,0.17282196879386902,100.0,3.301203489303589,-0.004958159755915403,0.7584740519523621,0.0,0.9993331432342529
1020,,,,,,,,-2.4506194591522217,9.999999747378752e-05,-0.012694690376520157,0.008004475384950638,0.3928229808807373,0.011511802673339844,237.0,0.17295292019844055,100.0,3.299910545349121,-0.005589306354522705,0.7014563083648682,0.0,0.9994426369667053
1021,,,,,,,,-2.4416627883911133,4.444444493856281e-05,-0.036241814494132996,0.07823949307203293,0.39013075828552246,0.011257171630859375,239.0,0.1731540411710739,100.0,3.306514024734497,-0.006388009060174227,0.9401061534881592,0.0,0.9993870258331299
1022,,,,,,,,-2.4366250038146973,0.0001500000071246177,-0.02334839664399624,0.004885307513177395,0.39028000831604004,0.011106014251708984,239.0,0.17327117919921875,100.0,3.306891441345215,-0.00554636912420392,0.004705165047198534,0.0,0.9994059205055237
1023,,,,,,,,-2.424957752227783,9.999999747378752e-05,-0.025985490530729294,0.07251343876123428,0.3755300045013428,0.010476112365722656,248.0,0.1738489270210266,100.0,3.3156819343566895,-0.005527548957616091,0.15738658607006073,0.0,0.9994586110115051
1024,,,,,,,,-2.4085776805877686,9.999999747378752e-05,-0.011810382828116417,0.03993099555373192,0.4004862308502197,0.010492801666259766,233.0,0.17412905395030975,100.0,3.3138108253479004,-0.005286231637001038,0.7324501872062683,0.0,0.9995731711387634
1025,,,,,,,,-2.3975460529327393,9.999999747378752e-05,-0.02970944158732891,0.08788986504077911,0.3900320529937744,0.011508941650390625,239.0,0.17436321079730988,100.0,3.30393123626709,-0.005441931542009115,0.19811998307704926,0.0,0.9995647072792053
1026,,,,,,,,-2.391244888305664,6.666666740784422e-05,-0.0246498491615057,0.04499572888016701,0.38677215576171875,0.010582923889160156,241.0,0.17434069514274597,100.0,3.2960050106048584,-0.005515446420758963,0.10450547188520432,0.0,0.9995306134223938
1027,,,,,,,,-2.389678478240967,4.444444493856281e-05,-0.020709970965981483,0.08879394084215164,0.3786759376525879,0.011712074279785156,245.0,0.17448481917381287,100.0,3.2960050106048584,-0.005449973046779633,0.8267261981964111,0.0,0.9994956851005554
1028,,,,,,,,-2.3869588375091553,0.00022499999613501132,-0.021118605509400368,0.05276282876729965,0.3926711082458496,0.010751962661743164,237.0,0.1743028610944748,100.0,3.287606954574585,-0.005738141015172005,0.7718784213066101,0.0,0.9995918273925781
1029,,,,,,,,-2.402015209197998,1.975308623514138e-05,-0.0006918586441315711,0.028312597423791885,0.40564990043640137,0.010469913482666016,230.0,0.17405331134796143,100.0,3.2755649089813232,-0.00580596923828125,0.7440012097358704,0.0,0.9994915127754211
1030,,,,,,,,-2.407264232635498,9.999999747378752e-05,-0.012803950347006321,0.03604322299361229,0.3809678554534912,0.011442899703979492,244.0,0.17397946119308472,100.0,3.273851156234741,-0.005324110388755798,0.8097506165504456,0.0,0.9993306994438171
1031,,,,,,,,-2.41365647315979,2.9629629352712072e-05,-0.0318719781935215,0.0889083594083786,0.39029383659362793,0.012150764465332031,238.0,0.1738082617521286,100.0,3.273851156234741,-0.005208425223827362,0.18834169209003448,0.0,0.999504029750824
1032,,,,,,,,-2.420271158218384,2.9629629352712072e-05,-0.01473210472613573,0.061073169112205505,0.3903970718383789,0.01330709457397461,237.0,0.17364147305488586,100.0,3.274749994277954,-0.00511842081323266,0.7418977618217468,0.0,0.9994795918464661
1033,,,,,,,,-2.4286415576934814,9.999999747378752e-05,-0.024027403444051743,0.07244352996349335,0.4050788879394531,0.010798215866088867,230.0,0.173427015542984,100.0,3.278529405593872,-0.005294586066156626,0.2663465440273285,0.0,0.9994616508483887
1034,,,,,,,,-2.4395124912261963,4.444444493856281e-05,-0.010437175631523132,0.06615284085273743,0.38240885734558105,0.011295080184936523,243.0,0.17322023212909698,100.0,3.278529405593872,-0.0052344296127557755,0.845391571521759,0.0,0.9993548393249512
1035,-0.005484506022185087,0.18080803751945496,0.0,0.9994757771492004,0.0,0.0,1.0,-2.445836305618286,4.444444493856281e-05,-0.02697673812508583,0.03669843077659607,0.3903818130493164,0.011121273040771484,239.0,0.173193097114563,100.0,3.267678737640381,-0.0055651976726949215,0.7449746131896973,0.0,0.999444305896759
1036,,,,,,,,-2.4457778930664062,6.666666740784422e-05,-0.01672055386006832,0.0037056917790323496,0.38962888717651367,0.010563135147094727,239.0,0.17323151230812073,100.0,3.2780468463897705,-0.005532532464712858,0.008648321032524109,0.0,0.9994134306907654
1037,,,,,,,,-2.447610855102539,0.00022499999613501132,-0.016094092279672623,0.013778211548924446,0.39284610748291016,0.01134490966796875,237.0,0.17307980358600616,100.0,3.2669434547424316,-0.005902120377868414,0.6758000254631042,0.0,0.9994559288024902
1038,,,,,,,,-2.4506235122680664,2.9629629352712072e-05,-0.009578529745340347,0.042634960263967514,0.4248158931732178,0.01398611068725586,218.0,0.17307350039482117,100.0,3.2669434547424316,-0.005221549421548843,0.8677924275398254,0.0,0.9993850588798523
1039,,,,,,,,-2.4537715911865234,6.666666740784422e-05,-0.016228193417191505,0.04989010840654373,0.43244409561157227,0.012353181838989258,215.0,0.17288923263549805,100.0,3.2636444568634033,-0.006083205342292786,0.8072819113731384,0.0,0.9994573593139648
1040,,,,,,,,-2.4653666019439697,4.444444493856281e-05,-0.016657406464219093,0.0039017878007143736,0.40226101875305176,0.011672019958496094,231.0,0.1726239025592804,100.0,3.2601311206817627,-0.006295092403888702,1.8001079297391698e-05,0.0,0.9994190335273743
1041,,,,,,,,-2.4750542640686035,4.444444493856281e-05,-0.017281286418437958,0.04643446207046509,0.3921492099761963,0.01131582260131836,237.0,0.17247708141803741,100.0,3.2576019763946533,-0.007266618777066469,0.8750052452087402,0.0,0.9994613528251648
1042,-0.00682638306170702,0.7328751683235168,0.0,0.9994112849235535,0.0,0.0,1.0,-2.48130464553833,9.999999747378752e-05,-0.021516695618629456,0.02837035059928894,0.3974781036376953,0.011350870132446289,234.0,0.1723354607820511,100.0,3.260350227355957,-0.006226712837815285,1.0615442991256714,0.0,0.9993798732757568
1043,,,,,,,,-2.479292154312134,6.666666740784422e-05,-0.022046644240617752,0.006528347730636597,0.3921239376068115,0.011499881744384766,237.0,0.17265138030052185,100.0,3.2616429328918457,-0.0053758262656629086,0.051882196217775345,0.0,0.9993945956230164
1044,,,,,,,,-2.4612371921539307,9.999999747378752e-05,-0.026940321549773216,0.03383065387606621,0.3885819911956787,0.010636091232299805,240.0,0.17299821972846985,100.0,3.274766206741333,-0.004407333210110664,0.13929156959056854,0.0,0.9994274973869324
1045,,,,,,,,-2.4471826553344727,2.9629629352712072e-05,-0.022199857980012894,0.0199119932949543,0.39399099349975586,0.010890960693359375,237.0,0.17323662340641022,100.0,3.2766571044921875,-0.006010450888425112,0.27213239669799805,0.0,0.9994446635246277
1046,,,,,,,,-2.4414892196655273,4.444444493856281e-05,-0.022166458889842033,0.1118783950805664,0.3938271999359131,0.010913848876953125,237.0,0.17323850095272064,100.0,3.2752461433410645,-0.005557943135499954,1.5820960998535156,0.0,0.9994013905525208
1047,,,,,,,,-2.4434754848480225,4.444444493856281e-05,-0.01888849213719368,0.004134539980441332,0.388303279876709,0.011981725692749023,239.0,0.17327377200126648,100.0,3.263542652130127,-0.005156535655260086,0.030448392033576965,0.0,0.9993534088134766
1048,,,,,,,,-2.444310426712036,0.0001500000071246177,-0.017278272658586502,0.0527435839176178,0.38272786140441895,0.010532855987548828,244.0,0.17323923110961914,100.0,3.2516191005706787,-0.006140677724033594,0.17025208473205566,0.0,0.9994180202484131
1049,,,,,,,,-2.4528489112854004,9.999999747378752e-05,-0.015390218235552311,0.017264558002352715,0.399982213973999,0.011609792709350586,233.0,0.17304879426956177,100.0,3.253094434738159,-0.006379448343068361,0.2718939781188965,0.0,0.9994878768920898
1050,,,,,,,,-2.461669683456421,2.9629629352712072e-05,-0.03350093960762024,0.012841279618442059,0.3897409439086914,0.011179924011230469,239.0,0.1729986071586609,100.0,3.260986328125,-0.004828896839171648,0.2994808852672577,0.0,0.9994654655456543
1051,,,,,,,,-2.4631752967834473,6.666666740784422e-05,-0.01354859210550785,0.42316120862960815,0.39417004585266113,0.010531902313232422,237.0,0.17286497354507446,100.0,3.2488346099853516,-0.005943982396274805,1.510187029838562,0.0,0.9993583559989929
1052,,,,,,,,-2.4708824157714844,2.9629629352712072e-05,-0.017550211399793625,0.03969954326748848,0.3762640953063965,0.011748790740966797,247.0,0.1726112812757492,100.0,3.2488346099853516,-0.005045474041253328,0.1635243147611618,0.0,0.9994335770606995
1053,,,,,,,,-2.478227376937866,6.666666740784422e-05,-0.02237609401345253,0.08813896775245667,0.38950395584106445,0.011033058166503906,239.0,0.1724977046251297,100.0,3.2300543785095215,-0.006019765045493841,0.16543687880039215,0.0,0.9994914531707764
1054,,,,,,,,-2.485189199447632,4.444444493856281e-05,-0.018141331151127815,0.022177856415510178,0.40261197090148926,0.011091232299804688,232.0,0.172392338514328,100.0,3.2454006671905518,-0.005578023847192526,0.2914785146713257,0.0,0.9995420575141907
1055,,,,,,,,-2.4922428131103516,9.999999747378752e-05,-0.017405062913894653,0.09853950887918472,0.3825390338897705,0.01139688491821289,243.0,0.1723881959915161,100.0,3.2333507537841797,-0.005073626060038805,0.7348520755767822,0.0,0.9994282722473145
1056,,,,,,,,-2.502264976501465,6.666666740784422e-05,-0.014333544299006462,0.05037935450673103,0.3953430652618408,0.011199951171875,236.0,0.17204643785953522,100.0,3.2333507537841797,-0.004884454887360334,0.7717286944389343,0.0,0.9995413422584534
1057,,,,,,,,-2.518376111984253,6.666666740784422e-05,-0.022107020020484924,0.006603734567761421,0.3903341293334961,0.012675046920776367,238.0,0.17190690338611603,100.0,3.2196528911590576,-0.006432836875319481,0.12306636571884155,0.0,0.9995191693305969
1058,,,,,,,,-2.524862051010132,2.9629629352712072e-05,-0.022733349353075027,0.12221400439739227,0.4019620418548584,0.011471748352050781,232.0,0.17183730006217957,100.0,3.2155399322509766,-0.00637678662315011,1.240364670753479,0.0,0.9994997382164001
1059,,,,,,,,-2.532336950302124,0.00022499999613501132,-0.01387963630259037,0.12911130487918854,0.37813305854797363,0.01111292839050293,246.0,0.1713712513446808,100.0,3.2155399322509766,-0.005327845457941294,1.072564959526062,0.0,0.9993903040885925
1060,-0.005941407289355993,0.7408591508865356,0.0,0.9994682669639587,0.0,0.0,1.0,-2.559159278869629,1.975308623514138e-05,-0.021291375160217285,0.008043695241212845,0.3897261619567871,0.01092982292175293,239.0,0.1710110604763031,100.0,3.21353816986084,-0.005470227915793657,0.19476056098937988,0.0,0.9995495676994324
1061,,,,,,,,-2.563913345336914,9.999999747378752e-05,-0.020737463608384132,0.0110007980838418,0.38866496086120605,0.010725975036621094,240.0,0.1710265725851059,100.0,3.23085618019104,-0.004786994773894548,0.00800449401140213,0.0,0.99953293800354
1062,,,,,,,,-2.567952871322632,2.9629629352712072e-05,-0.02831129916012287,0.043040234595537186,0.3935518264770508,0.010475873947143555,237.0,0.17084771394729614,100.0,3.2241873741149902,-0.006870770361274481,0.37920379638671875,0.0,0.9995372891426086
1063,,,,,,,,-2.575759172439575,1.975308623514138e-05,-0.02703101560473442,0.07623512297868729,0.3977367877960205,0.011955976486206055,234.0,0.17068690061569214,100.0,3.2241873741149902,-0.005509448703378439,0.7402723431587219,0.0,0.9994593262672424
1064,,,,,,,,-2.581369400024414,6.666666740784422e-05,-0.023629194125533104,0.05156256631016731,0.389117956161499,0.01064610481262207,240.0,0.17058412730693817,100.0,3.2122011184692383,-0.005399928893893957,0.7696254253387451,0.0,0.9995505213737488
1065,,,,,,,,-2.590888023376465,6.666666740784422e-05,-0.01582583226263523,0.008347594179213047,0.3870582580566406,0.011102914810180664,241.0,0.17024476826190948,100.0,3.200101852416992,-0.005150519777089357,8.778520168561954e-06,0.0,0.9994999766349792
1066,,,,,,,,-2.606760263442993,6.666666740784422e-05,-0.026534825563430786,0.016726801171898842,0.392009973526001,0.011287927627563477,238.0,0.16993272304534912,100.0,3.195849895477295,-0.006122255232185125,0.7558991312980652,0.0,0.9995906949043274
1067,-0.006229552440345287,0.1750033050775528,0.0,0.999626100063324,0.0,0.0,1.0,-2.614149570465088,0.00022499999613501132,-0.0029481202363967896,0.18429143726825714,0.3901519775390625,0.010313034057617188,239.0,0.17008104920387268,100.0,3.18511962890625,-0.005892343353480101,1.8479728698730469,0.0,0.9994562268257141
1068,,,,,,,,-2.599168300628662,4.444444493856281e-05,-0.03669261187314987,0.015891024842858315,0.3862321376800537,0.010543107986450195,241.0,0.1703106313943863,100.0,3.186180591583252,-0.004871058743447065,0.03152041137218475,0.0,0.9994847178459167
1069,,,,,,,,-2.5906527042388916,0.0001500000071246177,-0.011990731582045555,0.017462797462940216,0.3890209197998047,0.010740995407104492,240.0,0.17041294276714325,100.0,3.186063766479492,-0.005395000800490379,0.7565820217132568,0.0,0.9994862079620361
1070,,,,,,,,-2.5897958278656006,9.999999747378752e-05,-0.021944396197795868,0.12514787912368774,0.39037299156188965,0.010390996932983398,239.0,0.17051823437213898,100.0,3.1858394145965576,-0.006487968843430281,0.4222920835018158,0.0,0.9995853304862976
1071,,,,,,,,-2.584641933441162,4.444444493856281e-05,-0.020621662959456444,0.3216555714607239,0.3919670581817627,0.011462926864624023,237.0,0.1705601066350937,100.0,3.1916980743408203,-0.006234633270651102,2.2498559951782227,0.0,0.9994671940803528
1072,,,,,,,,-2.5850346088409424,6.666666740784422e-05,-0.020619960501790047,0.011459803208708763,0.3919188976287842,0.010586023330688477,238.0,0.1704730987548828,100.0,3.1895456314086914,-0.0055133686400949955,0.000248334719799459,0.0,0.9994228482246399
1073,,,,,,,,-2.5814833641052246,9.999999747378752e-05,-0.021042240783572197,0.017468862235546112,0.37887072563171387,0.011262178421020508,246.0,0.17052030563354492,100.0,3.184014320373535,-0.005613864865154028,0.7825693488121033,0.0,0.9994896054267883
1074,,,,,,,,-2.5730597972869873,6.666666740784422e-05,-0.023046599701046944,0.01117390301078558,0.40121889114379883,0.011347055435180664,232.0,0.17059829831123352,100.0,3.199777126312256,-0.00574818579480052,0.4383629858493805,0.0,0.9995813369750977
1075,,,,,,,,-2.5694305896759033,4.444444493856281e-05,-0.03733567148447037,0.022715438157320023,0.39293599128723145,0.010692834854125977,237.0,0.17056123912334442,100.0,3.198086738586426,-0.005267169326543808,0.8076422214508057,0.0,0.9995190501213074
1076,,,,,,,,-2.5738189220428467,9.999999747378752e-05,-0.01854432001709938,0.09023843705654144,0.39005398750305176,0.011718034744262695,238.0,0.17040899395942688,100.0,3.2016005516052246,-0.004864315968006849,1.0784608125686646,0.0,0.9994333386421204
1077,,,,,,,,-2.582451343536377,4.444444493856281e-05,-0.026692230254411697,0.020526686683297157,0.37641382217407227,0.011673212051391602,247.0,0.17021022737026215,100.0,3.2016005516052246,-0.004815449472516775,0.7531704306602478,0.0,0.9995427131652832
1078,,,,,,,,-2.584857225418091,4.444444493856281e-05,-0.02269968017935753,0.028358513489365578,0.38930630683898926,0.010547876358032227,240.0,0.1703180968761444,100.0,3.195526599884033,-0.005869822110980749,0.8538122773170471,0.0,0.9995298385620117
1079,,,,,,,,-2.5822951793670654,0.0001500000071246177,-0.015354526229202747,0.2987091541290283,0.40292787551879883,0.010669946670532227,232.0,0.1700718253850937,100.0,3.2133631706237793,-0.005657879635691643,1.482432246208191,0.0,0.999494731426239
1080,,,,,,,,-2.6075291633605957,9.999999747378752e-05,-0.014006709679961205,0.043019965291023254,0.37862491607666016,0.010649919509887695,246.0,0.16933737695217133,100.0,3.212109327316284,-0.006289046257734299,0.1981925517320633,0.0,0.9993853569030762
1081,,,,,,,,-2.6313960552215576,6.666666740784422e-05,-0.028930403292179108,0.1393100619316101,0.38707399368286133,0.011046886444091797,241.0,0.1688065528869629,100.0,3.212109327316284,-0.005042866338044405,0.09275835752487183,0.0,0.9995018839836121
1082,,,,,,,,-2.647855281829834,4.444444493856281e-05,-0.02275562658905983,0.016968144103884697,0.3900110721588135,0.011183023452758789,239.0,0.16855546832084656,100.0,3.2144880294799805,-0.004808120895177126,0.07253933697938919,0.0,0.9994974732398987
1083,,,,,,,,-2.656081438064575,9.999999747378752e-05,-0.019079962745308876,0.02375749498605728,0.40467000007629395,0.011329889297485352,230.0,0.16830439865589142,100.0,3.218425989151001,-0.005985973868519068,1.3489197492599487,0.0,0.9994995594024658
1084,,,,,,,,-2.6675219535827637,6.666666740784422e-05,-0.007419259287416935,0.37842777371406555,0.37915492057800293,0.011219024658203125,245.0,0.16795703768730164,100.0,3.218425989151001,-0.004817166365683079,1.5694756507873535,0.0,0.9993137717247009
1085,-0.0057390956208109856,0.08904789388179779,0.0,0.9994310736656189,0.0,0.0,1.0,-2.6845028400421143,0.00022499999613501132,-0.008724804036319256,0.03088747337460518,0.3905959129333496,0.011244058609008789,238.0,0.16728782653808594,100.0,3.205301284790039,-0.0055680847726762295,0.27880552411079407,0.0,0.9994460940361023
1086,,,,,,,,-2.709002733230591,1.975308623514138e-05,-0.020855790004134178,0.007094476837664843,0.3923211097717285,0.011127948760986328,237.0,0.1670384407043457,100.0,3.2107412815093994,-0.004743683617562056,0.012395940721035004,0.0,0.9993879795074463
1087,,,,,,,,-2.708575963973999,9.999999747378752e-05,-0.020773595198988914,0.1092400997877121,0.39272236824035645,0.011027812957763672,237.0,0.1671973615884781,100.0,3.237853765487671,-0.005719462875276804,1.4264745712280273,0.0,0.9994319081306458
1088,,,,,,,,-2.697227954864502,4.444444493856281e-05,-0.030098216608166695,0.0330350436270237,0.38769984245300293,0.010484933853149414,241.0,0.16733135282993317,100.0,3.237853765487671,-0.005211280193179846,0.2048766165971756,0.0,0.9993916153907776
1089,,,,,,,,-2.6918721199035645,9.999999747378752e-05,-0.024954048916697502,0.020751073956489563,0.3925361633300781,0.01133584976196289,237.0,0.16734406352043152,100.0,3.22865891456604,-0.0058185928501188755,0.7160525918006897,0.0,0.9995312690734863
1090,,,,,,,,-2.690704584121704,2.9629629352712072e-05,-0.03149377182126045,0.01158257108181715,0.3900578022003174,0.010806083679199219,239.0,0.16735149919986725,100.0,3.2268106937408447,-0.004843782167881727,5.637550202663988e-06,0.0,0.9994948506355286
1091,,,,,,,,-2.6866211891174316,9.999999747378752e-05,-0.014977545477449894,0.055811673402786255,0.3881547451019287,0.010726213455200195,240.0,0.1676741987466812,100.0,3.225215196609497,-0.005561803933233023,0.17691773176193237,0.0,0.9996015429496765
1092,-0.005401989445090294,0.19682756066322327,0.0,0.9995692372322083,0.0,0.0,1.0,-2.670849561691284,6.666666740784422e-05,-0.023021413013339043,0.024177594110369682,0.38843703269958496,0.011355876922607422,240.0,0.1677963137626648,100.0,3.2168710231781006,-0.006175302434712648,1.2898809909820557,0.0,0.9994697570800781
1093,,,,,,,,-2.671970844268799,9.999999747378752e-05,-0.020776771008968353,0.014533315785229206,0.3854329586029053,0.010480880737304688,242.0,0.16753816604614258,100.0,3.214444637298584,-0.005127900745719671,0.04639982059597969,0.0,0.9995150566101074
1094,,,,,,,,-2.6849005222320557,6.666666740784422e-05,-0.027329543605446815,0.014192421920597553,0.38548874855041504,0.011507987976074219,241.0,0.16718462109565735,100.0,3.202731132507324,-0.005360701587051153,0.7016680240631104,0.0,0.9995309710502625
1095,,,,,,,,-2.69171142578125,2.9629629352712072e-05,-0.005074688699096441,0.028256971389055252,0.3881688117980957,0.010962247848510742,240.0,0.16721080243587494,100.0,3.1980724334716797,-0.005301503464579582,0.08083505928516388,0.0,0.9995341300964355
1096,,,,,,,,-2.692016839981079,0.0001500000071246177,-0.012515829876065254,0.1208827793598175,0.3881518840789795,0.010712146759033203,240.0,0.16707661747932434,100.0,3.2089927196502686,-0.00591261638328433,0.2536931037902832,0.0,0.9994356632232666
1097,,,,,,,,-2.7049014568328857,2.9629629352712072e-05,-0.019245758652687073,0.006589269265532494,0.3896360397338867,0.011364936828613281,239.0,0.1667301058769226,100.0,3.208712100982666,-0.0051805442199110985,0.00021773033950012177,0.0,0.9994092583656311
1098,,,,,,,,-2.7122373580932617,1.975308623514138e-05,-0.0181418564170599,0.009314052760601044,0.37801313400268555,0.012332677841186523,245.0,0.1666894406080246,100.0,3.206669569015503,-0.005332145839929581,0.07474680989980698,0.0,0.9994636178016663
1099,,,,,,,,-2.7102999687194824,4.444444493856281e-05,-0.01510500255972147,0.06307392567396164,0.3996109962463379,0.010596036911010742,234.0,0.16681696474552155,100.0,3.195561647415161,-0.005519984755665064,0.16547857224941254,0.0,0.9995667338371277
1100,,,,,,,,-2.7076971530914307,0.00022499999613501132,-0.006170154549181461,0.040297821164131165,0.3927950859069824,0.010444879531860352,238.0,0.16668450832366943,100.0,3.1828694343566895,-0.00563178351148963,0.1380712240934372,0.0,0.9994794726371765
1101,,,,,,,,-2.722421407699585,1.975308623514138e-05,-0.02302374504506588,0.05340663343667984,0.38910388946533203,0.010652303695678711,240.0,0.16635391116142273,100.0,3.1763453483581543,-0.005533394869416952,0.7414441704750061,0.0,0.9993793368339539
1102,,,,,,,,-2.729750394821167,0.00022499999613501132,-0.01617518812417984,0.10626500099897385,0.3756589889526367,0.010706901550292969,248.0,0.1661314219236374,100.0,3.1763453483581543,-0.004900259897112846,0.6777999401092529,0.0,0.9995080828666687
1103,,,,,,,,-2.737642288208008,9.999999747378752e-05,-0.01728411577641964,0.013668062165379524,0.3906400203704834,0.01069498062133789,239.0,0.16614612936973572,100.0,3.1532514095306396,-0.006317932158708572,0.21443961560726166,0.0,0.9994842410087585
1104,,,,,,,,-2.7311575412750244,1.975308623514138e-05,0.00552976131439209,0.04581070691347122,0.40093398094177246,0.01168203353881836,232.0,0.1662682741880417,100.0,3.164105176925659,-0.006519630551338196,0.5372036099433899,0.0,0.9994997382164001
1105,,,,,,,,-2.728814125061035,9.999999747378752e-05,-0.019877951592206955,0.02655818872153759,0.37796592712402344,0.010322093963623047,247.0,0.16626639664173126,100.0,3.162020683288574,-0.005463762674480677,0.09201672673225403,0.0,0.9993990063667297
1106,,,,,,,,-2.7270572185516357,2.9629629352712072e-05,-0.010438231751322746,0.02152346447110176,0.3826780319213867,0.011353731155395508,243.0,0.16631722450256348,100.0,3.162020683288574,-0.005669694393873215,0.09473089128732681,0.0,0.9995201230049133
1107,,,,,,,,-2.724686861038208,2.9629629352712072e-05,-0.026039855554699898,0.0060639395378530025,0.3889799118041992,0.010737180709838867,240.0,0.166324645280838,100.0,3.153101682662964,-0.005412136670202017,0.08625545352697372,0.0,0.9995050430297852
1108,,,,,,,,-2.7274603843688965,2.9629629352712072e-05,-0.01571829803287983,0.021161168813705444,0.4007608890533447,0.010336875915527344,233.0,0.16616317629814148,100.0,3.1358284950256348,-0.00645756209269166,0.901472270488739,0.0,0.9994282722473145
1109,,,,,,,,-2.733038902282715,9.999999747378752e-05,-0.015190876089036465,0.018337082117795944,0.37470102310180664,0.010912179946899414,248.0,0.16612809896469116,100.0,3.1358284950256348,-0.00551403546705842,0.17347292602062225,0.0,0.9993694424629211
1110,-0.006451373919844627,0.0909416601061821,0.0,0.9994003176689148,0.0,0.0,1.0,-2.7279775142669678,9.999999747378752e-05,-0.016558807343244553,0.1553325057029724,0.39066505432128906,0.010817766189575195,239.0,0.166484072804451,100.0,3.1232688426971436,-0.005736952647566795,0.825934886932373,0.0,0.9995425343513489
1111,,,,,,,,-2.717539072036743,6.666666740784422e-05,-0.029535576701164246,0.01367838867008686,0.3895571231842041,0.010123014450073242,240.0,0.16656941175460815,100.0,3.1240077018737793,-0.005506634712219238,0.003817738266661763,0.0,0.9995805621147156
1112,,,,,,,,-2.721557378768921,4.444444493856281e-05,-0.011157361790537834,0.07178545743227005,0.39643216133117676,0.011443138122558594,235.0,0.1664007306098938,100.0,3.101168632507324,-0.005762553308159113,0.8771000504493713,0.0,0.9995786547660828
1113,,,,,,,,-2.7273080348968506,1.975308623514138e-05,-0.017372991889715195,0.10062459111213684,0.38985395431518555,0.010631799697875977,239.0,0.16630853712558746,100.0,3.101168632507324,-0.005008425563573837,0.7583094239234924,0.0,0.9993388056755066
1114,,,,,,,,-2.729308605194092,0.00022499999613501132,-0.0202629417181015,0.07407979667186737,0.38991308212280273,0.011162996292114258,239.0,0.1662774533033371,100.0,3.103519916534424,-0.0051657771691679955,0.589225709438324,0.0,0.9994301795959473
1115,,,,,,,,-2.726485252380371,4.444444493856281e-05,-0.015950040891766548,0.0060486383736133575,0.39013075828552246,0.01094508171081543,239.0,0.16637566685676575,100.0,3.1033613681793213,-0.0056868926621973515,0.04756706953048706,0.0,0.9994211792945862
1116,,,,,,,,-2.7228870391845703,1.975308623514138e-05,-0.026461007073521614,0.009348452091217041,0.38980793952941895,0.010811090469360352,239.0,0.16644395887851715,100.0,3.090137243270874,-0.0061949919909238815,0.2054571658372879,0.0,0.9995274543762207
1117,-0.005186652299016714,0.7279770970344543,0.0,0.9994344115257263,0.0,0.0,1.0,-2.720162868499756,0.00022499999613501132,-0.007613742258399725,0.09539362788200378,0.3915832042694092,0.01099395751953125,238.0,0.16657057404518127,100.0,3.0916781425476074,-0.005827868822962046,0.9868037104606628,0.0,0.9995211958885193
1118,,,,,,,,-2.705942153930664,2.9629629352712072e-05,-0.022703547030687332,0.010672097094357014,0.3906989097595215,0.011416196823120117,238.0,0.16689912974834442,100.0,3.088170051574707,-0.005103676579892635,0.03022032231092453,0.0,0.9995411038398743
1119,,,,,,,,-2.70310115814209,0.0001500000071246177,-0.014989824965596199,0.022989584133028984,0.3885960578918457,0.010502099990844727,240.0,0.16662319004535675,100.0,3.0792970657348633,-0.00593038834631443,0.6380996704101562,0.0,0.9995498657226562
1120,,,,,,,,-2.7160215377807617,2.9629629352712072e-05,-0.01721774786710739,0.03301709517836571,0.39159202575683594,0.011293888092041016,238.0,0.16642288863658905,100.0,3.0682904720306396,-0.005762096028774977,0.7972095012664795,0.0,0.9995784759521484
1121,,,,,,,,-2.7193219661712646,4.444444493856281e-05,-0.026799751445651054,0.055165182799100876,0.3898591995239258,0.01066899299621582,239.0,0.1663808375597,100.0,3.0694186687469482,-0.005448073614388704,1.499458909034729,0.0,0.9994857311248779
1122,,,,,,,,-2.722421884536743,1.975308623514138e-05,-0.015330119989812374,0.007352583110332489,0.39131784439086914,0.011326074600219727,238.0,0.1662740260362625,100.0,3.0691111087799072,-0.005103615578263998,0.00025893899146467447,0.0,0.9994261860847473
1123,,,,,,,,-2.725229263305664,6.666666740784422e-05,-0.012831910513341427,0.024708149954676628,0.37970519065856934,0.011759042739868164,245.0,0.16623228788375854,100.0,3.0784287452697754,-0.004812848288565874,0.7889232635498047,0.0,0.9994147419929504
1124,,,,,,,,-2.7299280166625977,2.9629629352712072e-05,-0.013989228755235672,0.05504031479358673,0.40237903594970703,0.010946035385131836,232.0,0.16605733335018158,100.0,3.0779926776885986,-0.005258934106677771,0.19239027798175812,0.0,0.9995138049125671
1125,,,,,,,,-2.736433506011963,6.666666740784422e-05,-0.021955374628305435,0.025822225958108902,0.3911449909210205,0.010307073593139648,239.0,0.16597852110862732,100.0,3.0775856971740723,-0.00549115426838398,0.7843186259269714,0.0,0.9994539618492126
1126,,,,,,,,-2.7403883934020996,6.666666740784422e-05,-0.019747262820601463,0.033843524754047394,0.3885209560394287,0.011022090911865234,240.0,0.1659548431634903,100.0,3.0770938396453857,-0.006131269037723541,0.8137713074684143,0.0,0.999400794506073
1127,,,,,,,,-2.746685028076172,9.999999747378752e-05,-0.010017944499850273,0.012002802453935146,0.37690019607543945,0.011142969131469727,247.0,0.16578435897827148,100.0,3.0770938396453857,-0.004892514552921057,0.5759861469268799,0.0,0.9995481371879578
1128,,,,,,,,-2.751682758331299,9.999999747378752e-05,-0.019747020676732063,0.020658448338508606,0.3934972286224365,0.011412858963012695,237.0,0.16579432785511017,100.0,3.0669426918029785,-0.00606419937685132,0.7047476768493652,0.0,0.999548614025116
1129,,,,,,,,-2.748302698135376,6.666666740784422e-05,-0.034037988632917404,0.026724759489297867,0.40173792839050293,0.011323928833007812,232.0,0.1659102439880371,100.0,3.0798935890197754,-0.0058531383983790874,0.788086473941803,0.0,0.9995138645172119
1130,,,,,,,,-2.7456133365631104,6.666666740784422e-05,-0.039094723761081696,0.0362473726272583,0.3800840377807617,0.011590719223022461,245.0,0.16593234241008759,100.0,3.087918758392334,-0.005541149526834488,0.20844662189483643,0.0,0.9994074702262878
1131,,,,,,,,-2.7433724403381348,0.0001500000071246177,-0.016379280015826225,0.017943184822797775,0.386873722076416,0.010802268981933594,241.0,0.16603302955627441,100.0,3.087918758392334,-0.004796605557203293,0.7775009274482727,0.0,0.9995131492614746
1132,,,,,,,,-2.73868465423584,6.666666740784422e-05,-0.02943221852183342,0.014401312917470932,0.3901221752166748,0.011999845504760742,238.0,0.16590532660484314,100.0,3.0873827934265137,-0.005940838251262903,0.10664535313844681,0.0,0.9995331168174744
1133,,,,,,,,-2.7448229789733887,4.444444493856281e-05,-0.01877942495048046,0.05607825145125389,0.403980016708374,0.010406255722045898,231.0,0.1657823622226715,100.0,3.1006946563720703,-0.0067130811512470245,0.9254142642021179,0.0,0.9995207786560059
1134,,,,,,,,-2.7446587085723877,9.999999747378752e-05,-0.02531329169869423,0.033058565109968185,0.3775510787963867,0.010850906372070312,247.0,0.16594946384429932,100.0,3.1006946563720703,-0.004254039842635393,0.8433595299720764,0.0,0.9993703365325928
1135,-0.005814825184643269,0.7464009523391724,0.0,0.9994279146194458,0.0,0.0,1.0,-2.725416421890259,4.444444493856281e-05,-0.01412003580480814,0.026525279507040977,0.390880823135376,0.010531187057495117,239.0,0.16652218997478485,100.0,3.099745988845825,-0.005925228353589773,0.777034342288971,0.0,0.999505341053009
1136,,,,,,,,-2.706223964691162,4.444444493856281e-05,-0.027935845777392387,0.003070863662287593,0.39187192916870117,0.010596036911010742,238.0,0.166784405708313,100.0,3.099390745162964,-0.004961026832461357,0.0033911808859556913,0.0,0.9994230270385742
1137,,,,,,,,-2.7049484252929688,0.0001500000071246177,-0.011426620185375214,0.0279235877096653,0.394927978515625,0.010937929153442383,236.0,0.166415736079216,100.0,3.0910933017730713,-0.006169706583023071,0.8807840347290039,0.0,0.9994346499443054
1138,,,,,,,,-2.732769012451172,4.444444493856281e-05,-0.03500112146139145,0.013535291887819767,0.3967580795288086,0.010671138763427734,235.0,0.16576595604419708,100.0,3.0910933017730713,-0.005792765412479639,1.0099867582321167,0.0,0.9993727803230286
1139,,,,,,,,-2.7491273880004883,4.444444493856281e-05,-0.01802794076502323,0.041656266897916794,0.3878200054168701,0.010995149612426758,240.0,0.16557414829730988,100.0,3.102381944656372,-0.0060201711021363735,0.8069618344306946,0.0,0.9995056986808777
1140,,,,,,,,-2.753159761428833,0.00022499999613501132,-0.022504610940814018,0.00842331349849701,0.3863201141357422,0.010469913482666016,241.0,0.16553857922554016,100.0,3.1016030311584473,-0.004849941935390234,0.07303452491760254,0.0,0.9994366765022278
1141,,,,,,,,-2.745250940322876,1.975308623514138e-05,-0.028814759105443954,0.013822298496961594,0.3878509998321533,0.01100611686706543,240.0,0.16580595076084137,100.0,3.1087582111358643,-0.006430318579077721,0.7536306381225586,0.0,0.999528706073761
1142,-0.005548784974962473,0.5301551222801208,0.0,0.9995508193969727,0.0,0.0,1.0,-2.7364768981933594,6.666666740784422e-05,-0.014927689917385578,0.01985253021121025,0.39093804359436035,0.010995149612426758,238.0,0.1659659892320633,100.0,3.103151321411133,-0.005976217333227396,1.3926759958267212,0.0,0.9994387626647949
1143,,,,,,,,-2.726919651031494,9.999999747378752e-05,-0.02217748947441578,0.011387454345822334,0.38767409324645996,0.011212825775146484,240.0,0.1662391722202301,100.0,3.1057393550872803,-0.005384800489991903,0.03284109756350517,0.0,0.9994462132453918
1144,,,,,,,,-2.7077088356018066,0.0003375000087544322,-0.01783938519656658,0.011146043427288532,0.3917109966278076,0.010638952255249023,238.0,0.1670427769422531,100.0,3.1094954013824463,-0.005667923018336296,0.7036644816398621,0.0,0.999412477016449
1145,,,,,,,,-2.6672446727752686,4.444444493856281e-05,-0.04046543315052986,0.013358120806515217,0.3912961483001709,0.010727167129516602,238.0,0.16753962635993958,100.0,3.116982936859131,-0.006147800479084253,0.7545075416564941,0.0,0.9995083808898926
1146,,,,,,,,-2.6639108657836914,0.0001500000071246177,-0.01988830603659153,0.02980588935315609,0.3905370235443115,0.010856866836547852,239.0,0.16719010472297668,100.0,3.117169141769409,-0.005656442139297724,1.5427333116531372,0.0,0.9994034767150879
1147,,,,,,,,-2.6784396171569824,4.444444493856281e-05,-0.030262356624007225,0.008455177769064903,0.39150190353393555,0.010778188705444336,238.0,0.16692595183849335,100.0,3.1158063411712646,-0.005540670361369848,0.0001314833789365366,0.0,0.9993804097175598
1148,,,,,,,,-2.6819257736206055,6.666666740784422e-05,-0.01807740330696106,0.015223837457597256,0.3790431022644043,0.010256767272949219,246.0,0.16688810288906097,100.0,3.1136550903320312,-0.006457536015659571,0.7799761295318604,0.0,0.9993903040885925
1149,,,,,,,,-2.6887590885162354,4.444444493856281e-05,-0.021035466343164444,0.014231109991669655,0.40024685859680176,0.012042999267578125,232.0,0.16656039655208588,100.0,3.123609781265259,-0.005421536508947611,0.8369550704956055,0.0,0.9995236396789551
1150,,,,,,,,-2.69919490814209,2.9629629352712072e-05,-0.01639389432966709,0.13111530244350433,0.3920907974243164,0.01141214370727539,237.0,0.16650860011577606,100.0,3.1227526664733887,-0.006459301803261042,0.2214137762784958,0.0,0.9994747042655945
1151,,,,,,,,-2.7008285522460938,0.00022499999613501132,-0.01296612061560154,0.029553640633821487,0.38604307174682617,0.010475873947143555,242.0,0.16638469696044922,100.0,3.1340324878692627,-0.005654206965118647,0.18295776844024658,0.0,0.9994518160820007
1152,,,,,,,,-2.710298538208008,1.975308623514138e-05,-0.0250837504863739,0.015378575772047043,0.37551116943359375,0.010840892791748047,248.0,0.16620509326457977,100.0,3.1340324878692627,-0.004952938295900822,0.8234724402427673,0.0,0.9995238184928894
1153,,,,,,,,-2.711451768875122,4.444444493856281e-05,-0.01323294173926115,0.008513806387782097,0.391707181930542,0.01053476333618164,238.0,0.16628828644752502,100.0,3.1332077980041504,-0.00635826401412487,0.5693049430847168,0.0,0.9995997548103333
1154,,,,,,,,-2.7059178352355957,1.975308623514138e-05,-0.02402500808238983,0.015930645167827606,0.4001750946044922,0.011672735214233398,233.0,0.16635993123054504,100.0,3.1216881275177,-0.0051225475035607815,0.721270740032196,0.0,0.9995597004890442
1155,,,,,,,,-2.7071051597595215,4.444444493856281e-05,0.0009023759630508721,0.03389555588364601,0.37715697288513184,0.010480165481567383,247.0,0.16620004177093506,100.0,3.1342294216156006,-0.005709007382392883,0.23934976756572723,0.0,0.9994372725486755
1156,,,,,,,,-2.7181167602539062,4.444444493856281e-05,-0.02581983245909214,0.042994335293769836,0.38561582565307617,0.011209964752197266,241.0,0.1659039705991745,100.0,3.1342294216156006,-0.005555668380111456,0.23029975593090057,0.0,0.9996172785758972
1157,,,,,,,,-2.721546173095703,0.0001500000071246177,-0.012647516094148159,0.01167752780020237,0.38791918754577637,0.011101961135864258,240.0,0.166279137134552,100.0,3.140179395675659,-0.006110487971454859,0.08792471140623093,0.0,0.9996123313903809
1158,,,,,,,,-2.6992597579956055,1.975308623514138e-05,-0.039583347737789154,0.03352610021829605,0.4047360420227051,0.010693788528442383,231.0,0.16663718223571777,100.0,3.1236283779144287,-0.006783656310290098,0.712027370929718,0.0,0.9996123313903809
1159,,,,,,,,-2.6935372352600098,2.9629629352712072e-05,-0.025296781212091446,0.03673245757818222,0.3802030086517334,0.010732889175415039,245.0,0.16664913296699524,100.0,3.1236283779144287,-0.005312372464686632,0.8191773891448975,0.0,0.9994818568229675
1160,-0.006716538220643997,0.22119924426078796,0.0,0.9996216893196106,0.0,0.0,1.0,-2.6893515586853027,9.999999747378752e-05,-0.020510977134108543,0.06408260762691498,0.3888070583343506,0.010682106018066406,240.0,0.16690810024738312,100.0,3.1248619556427,-0.006158795207738876,0.09804639965295792,0.0,0.9995903968811035
1161,,,,,,,,-2.682279348373413,6.666666740784422e-05,-0.022904817014932632,0.003215260338038206,0.38610100746154785,0.011020898818969727,241.0,0.16684570908546448,100.0,3.1329236030578613,-0.006496863905340433,0.002778482623398304,0.0,0.9994816184043884
1162,,,,,,,,-2.6887853145599365,0.00022499999613501132,-0.014929009601473808,0.0503341443836689,0.3910808563232422,0.010399103164672852,239.0,0.16661956906318665,100.0,3.1330771446228027,-0.0071479822508990765,0.7969198822975159,0.0,0.9994728565216064
1163,,,,,,,,-2.6937437057495117,0.0001500000071246177,-0.00835447572171688,0.013591824099421501,0.3904857635498047,0.011253833770751953,238.0,0.1666504591703415,100.0,3.1330771446228027,-0.005625291261821985,1.0133426189422607,0.0,0.9994056224822998
1164,,,,,,,,-2.6952075958251953,4.444444493856281e-05,-0.031254298985004425,0.003640750190243125,0.3884470462799072,0.011353015899658203,240.0,0.16648995876312256,100.0,3.120150566101074,-0.005815471056848764,0.14002858102321625,0.0,0.9995241165161133
1165,,,,,,,,-2.704430103302002,0.00022499999613501132,-0.022533979266881943,0.0028354558162391186,0.38864994049072266,0.011013984680175781,240.0,0.16625957190990448,100.0,3.1110105514526367,-0.005059090908616781,0.031234269961714745,0.0,0.9994843006134033
1166,,,,,,,,-2.717808246612549,4.444444493856281e-05,-0.01160774938762188,0.009642752818763256,0.3894929885864258,0.010606765747070312,239.0,0.16580018401145935,100.0,3.122877836227417,-0.00567502761259675,0.39052343368530273,0.0,0.9995730519294739
1167,-0.006042044144123793,0.28474608063697815,0.0,0.999575138092041,0.0,0.0,1.0,-2.7376158237457275,4.444444493856281e-05,-0.024565670639276505,0.06286536902189255,0.3876218795776367,0.010792016983032227,240.0,0.1653156578540802,100.0,3.108137369155884,-0.005744054913520813,0.3303124010562897,0.0,0.999531090259552
1168,,,,,,,,-2.7520575523376465,2.9629629352712072e-05,-0.00814642570912838,0.01313614659011364,0.3910210132598877,0.01127314567565918,238.0,0.16526088118553162,100.0,3.1076467037200928,-0.005908812861889601,0.02420278638601303,0.0,0.9995668530464172
1169,,,,,,,,-2.750986099243164,0.0001500000071246177,-0.015062232501804829,0.023108504712581635,0.3884868621826172,0.010800838470458984,240.0,0.16548824310302734,100.0,3.1100049018859863,-0.005611554253846407,0.1447988897562027,0.0,0.9995965957641602
1170,,,,,,,,-2.737499475479126,9.999999747378752e-05,-0.014455774798989296,0.07193507254123688,0.39347195625305176,0.010368108749389648,237.0,0.16581003367900848,100.0,3.100252628326416,-0.006177183706313372,0.7157044410705566,0.0,0.9996619820594788
1171,,,,,,,,-2.731837749481201,1.975308623514138e-05,-0.029006939381361008,0.057572782039642334,0.38744091987609863,0.011046886444091797,240.0,0.16579701006412506,100.0,3.0999248027801514,-0.005781198386102915,0.9865017533302307,0.0,0.9995143413543701
1172,,,,,,,,-2.731917381286621,2.9629629352712072e-05,-0.02867051400244236,0.019435012713074684,0.3894047737121582,0.01058506965637207,240.0,0.16581828892230988,100.0,3.0883524417877197,-0.005527334287762642,0.012970968149602413,0.0,0.9995166659355164
1173,,,,,,,,-2.7288901805877686,9.999999747378752e-05,-0.018479954451322556,0.04252709075808525,0.376079797744751,0.01001119613647461,248.0,0.16589458286762238,100.0,3.087674617767334,-0.005476115737110376,0.7449049949645996,0.0,0.9994134902954102
1174,,,,,,,,-2.72361421585083,6.666666740784422e-05,-0.02813393622636795,0.040541958063840866,0.3997821807861328,0.011322736740112305,233.0,0.1660917103290558,100.0,3.089972496032715,-0.006535777822136879,0.7380261421203613,0.0,0.9995293617248535
1175,,,,,,,,-2.7108418941497803,6.666666740784422e-05,-0.02712302654981613,0.0665205791592598,0.3899199962615967,0.010710954666137695,239.0,0.16645920276641846,100.0,3.071272373199463,-0.00614067493006587,0.2410348653793335,0.0,0.9994716644287109
1176,,,,,,,,-2.6966636180877686,4.444444493856281e-05,-0.026579106226563454,0.041393302381038666,0.3895130157470703,0.01067495346069336,239.0,0.1666322946548462,100.0,3.0704526901245117,-0.00601717596873641,0.8121852278709412,0.0,0.9993693828582764
1177,,,,,,,,-2.689016580581665,6.666666740784422e-05,-0.016179591417312622,0.02236819826066494,0.37711405754089355,0.011161088943481445,247.0,0.16678616404533386,100.0,3.0704526901245117,-0.00501469150185585,0.25217244029045105,0.0,0.9995047450065613
1178,,,,,,,,-2.6844096183776855,2.9629629352712072e-05,-0.014472509734332561,0.006405281834304333,0.38923120498657227,0.010448694229125977,240.0,0.16684691607952118,100.0,3.050917148590088,-0.0067172362469136715,0.19936734437942505,0.0,0.9995668530464172
1179,,,,,,,,-2.6832220554351807,1.975308623514138e-05,-0.01736416481435299,0.00937698595225811,0.40394091606140137,0.010933876037597656,231.0,0.16689100861549377,100.0,3.053527593612671,-0.0067619942128658295,0.21828274428844452,0.0,0.9995066523551941
1180,,,,,,,,-2.683058023452759,6.666666740784422e-05,-0.009659870527684689,0.03599229454994202,0.37867188453674316,0.01019597053527832,246.0,0.16683612763881683,100.0,3.0433483123779297,-0.005712674930691719,0.7280969619750977,0.0,0.9993838667869568
1181,,,,,,,,-2.6893792152404785,0.0001500000071246177,-0.015462205745279789,0.04256613180041313,0.38611483573913574,0.011166095733642578,241.0,0.16661952435970306,100.0,3.0433483123779297,-0.004447282757610083,0.7674611210823059,0.0,0.9994747042655945
1182,,,,,,,,-2.6956112384796143,1.975308623514138e-05,-0.04436436668038368,0.005275714211165905,0.38956689834594727,0.012404918670654297,238.0,0.16666948795318604,100.0,3.0389208793640137,-0.00591748021543026,0.11206819862127304,0.0,0.9994471669197083
1183,,,,,,,,-2.6926991939544678,9.999999747378752e-05,-0.011616995558142662,0.03355644643306732,0.40299081802368164,0.010866165161132812,231.0,0.1667272448539734,100.0,3.020662784576416,-0.0069415331818163395,1.3388344049453735,0.0,0.9994118213653564
1184,,,,,,,,-2.6923465728759766,4.444444493856281e-05,-0.016912508755922318,0.01446517650038004,0.37566208839416504,0.010865926742553711,248.0,0.16677120327949524,100.0,3.020662784576416,-0.005262184422463179,0.7051882743835449,0.0,0.9992434978485107
1185,-0.005800670478492975,0.7367627024650574,0.0,0.9993438720703125,0.0,0.0,1.0,-2.6913723945617676,2.9629629352712072e-05,-0.02263464406132698,0.0212765634059906,0.38963913917541504,0.011585712432861328,239.0,0.16675719618797302,100.0,3.020925760269165,-0.006879046093672514,0.7462124824523926,0.0,0.9993920922279358
1186,,,,,,,,-2.6914143562316895,9.999999747378752e-05,-0.02031613141298294,0.0033270535059273243,0.38860011100769043,0.011288166046142578,240.0,0.1668291985988617,100.0,3.0184104442596436,-0.005823642481118441,0.004703876096755266,0.0,0.9992973804473877
1187,,,,,,,,-2.693272352218628,4.444444493856281e-05,-0.01718045212328434,0.02079284004867077,0.44104528427124023,0.015089988708496094,210.0,0.16652338206768036,100.0,3.0136072635650635,-0.006346564739942551,0.30956265330314636,0.0,0.999367892742157
1188,,,,,,,,-2.7042081356048584,2.9629629352712072e-05,-0.02696479670703411,0.036211490631103516,0.43309998512268066,0.012938976287841797,215.0,0.16632792353630066,100.0,3.0136072635650635,-0.004804887343198061,0.9202306270599365,0.0,0.9993087649345398
1189,,,,,,,,-2.7107887268066406,0.00022499999613501132,-0.009889601729810238,0.036194510757923126,0.3954651355743408,0.01079106330871582,236.0,0.16610978543758392,100.0,3.0261409282684326,-0.005880763288587332,0.1422664374113083,0.0,0.9994831085205078
1190,,,,,,,,-2.72309947013855,1.975308623514138e-05,0.008388776332139969,0.024813447147607803,0.38697099685668945,0.011260986328125,241.0,0.16595332324504852,100.0,3.0167245864868164,-0.006936921272426844,0.012615285813808441,0.0,0.9994999766349792
1191,,,,,,,,-2.7247819900512695,0.0001500000071246177,-0.008707709610462189,0.06315751373767853,0.3909299373626709,0.011013031005859375,238.0,0.1660050004720688,100.0,3.006699562072754,-0.006035101134330034,0.1673572063446045,0.0,0.9995148777961731
1192,-0.005557468626648188,0.7915806174278259,0.0,0.9993785619735718,0.0,0.0,1.0,-2.7216696739196777,1.975308623514138e-05,-0.03028668835759163,0.08880642801523209,0.3895540237426758,0.010467052459716797,239.0,0.16605810821056366,100.0,2.992385149002075,-0.005855457857251167,0.9511261582374573,0.0,0.9994888305664062
1193,,,,,,,,-2.7203874588012695,2.9629629352712072e-05,-0.014695155434310436,0.020695753395557404,0.38897109031677246,0.01066279411315918,240.0,0.16612942516803741,100.0,2.989867687225342,-0.005843495950102806,0.03035314567387104,0.0,0.9994646906852722
1194,,,,,,,,-2.7183282375335693,6.666666740784422e-05,-0.024980297312140465,0.034794438630342484,0.3944089412689209,0.011744022369384766,236.0,0.16606295108795166,100.0,2.9796223640441895,-0.005712877959012985,0.13218142092227936,0.0,0.9995110630989075
1195,,,,,,,,-2.7276110649108887,6.666666740784422e-05,-0.026759523898363113,0.08696629852056503,0.39643001556396484,0.01090693473815918,235.0,0.1657411903142929,100.0,2.9686472415924072,-0.0064025460742414,0.16583679616451263,0.0,0.9995367527008057
1196,,,,,,,,-2.736823081970215,4.444444493856281e-05,-0.0199192576110363,0.109373077750206,0.3896341323852539,0.010950088500976562,239.0,0.16569866240024567,100.0,2.9798691272735596,-0.005956755485385656,1.4612265825271606,0.0,0.9994576573371887
1197,,,,,,,,-2.7348952293395996,9.999999747378752e-05,-0.015301626175642014,0.007779038045555353,0.38901305198669434,0.01152491569519043,239.0,0.16582438349723816,100.0,2.969244956970215,-0.005401156842708588,0.00023443432291969657,0.0,0.9993775486946106
1198,,,,,,,,-2.7258784770965576,0.0003375000087544322,-0.01344078965485096,0.010310245677828789,0.3758268356323242,0.010545969009399414,248.0,0.1659969538450241,100.0,2.969090223312378,-0.005871333181858063,0.2212965041399002,0.0,0.9993639588356018
1199,,,,,,,,-2.719007968902588,4.444444493856281e-05,-0.0339297354221344,0.10513285547494888,0.40160608291625977,0.011628866195678711,232.0,0.16589578986167908,100.0,2.974565029144287,-0.005482640583068132,0.1565442681312561,0.0,0.9994117617607117
1200,,,,,,,,-2.7292072772979736,0.00022499999613501132,-0.014416282996535301,0.09871222823858261,0.39137792587280273,0.010779857635498047,238.0,0.16530144214630127,100.0,2.9722299575805664,-0.007069197949022055,0.8335441946983337,0.0,0.9994470477104187
1201,,,,,,,,-2.774157762527466,4.444444493856281e-05,-0.023490387946367264,0.039799124002456665,0.3883860111236572,0.011382102966308594,240.0,0.16425125300884247,100.0,2.962179183959961,-0.006050609517842531,0.698015034198761,0.0,0.9993004202842712
1202,,,,,,,,-2.7942795753479004,4.444444493856281e-05,-0.023257724940776825,0.04930136725306511,0.37818074226379395,0.010951042175292969,246.0,0.16418057680130005,100.0,2.962179183959961,-0.005426404532045126,0.7341475486755371,0.0,0.999393880367279
1203,,,,,,,,-2.794945001602173,2.9629629352712072e-05,-0.031109027564525604,0.03319460153579712,0.3899343013763428,0.011281728744506836,239.0,0.16416233777999878,100.0,2.9756743907928467,-0.006148151587694883,0.19012008607387543,0.0,0.9993461966514587
1204,,,,,,,,-2.7970080375671387,1.975308623514138e-05,-0.02039632573723793,0.07613900303840637,0.40563297271728516,0.010942220687866211,230.0,0.16405491530895233,100.0,2.9880940914154053,-0.005381794646382332,0.7977003455162048,0.0,0.9993872046470642
1205,,,,,,,,-2.800644874572754,2.9629629352712072e-05,-0.018865039572119713,0.04205075651407242,0.3790550231933594,0.010519027709960938,246.0,0.16397224366664886,100.0,3.0007474422454834,-0.0058813258074223995,0.19471712410449982,0.0,0.9992533326148987
1206,,,,,,,,-2.8071141242980957,0.00022499999613501132,-0.01506337895989418,0.14072275161743164,0.38822293281555176,0.012106895446777344,239.0,0.16364188492298126,100.0,3.0007474422454834,-0.004026873502880335,0.1790437251329422,0.0,0.999485969543457
1207,,,,,,,,-2.830347776412964,1.975308623514138e-05,-0.01928301714360714,0.012023603543639183,0.3923068046569824,0.010612964630126953,238.0,0.1632470339536667,100.0,3.0013175010681152,-0.0052464623004198074,0.0746101513504982,0.0,0.9994850754737854
1208,,,,,,,,-2.8399667739868164,1.975308623514138e-05,-0.016449719667434692,0.08659422397613525,0.40464305877685547,0.011418819427490234,230.0,0.16308219730854034,100.0,3.0034146308898926,-0.006978799123317003,1.370255470275879,0.0,0.9995061755180359
1209,,,,,,,,-2.8475916385650635,0.0001500000071246177,-0.018695317208766937,0.08246440440416336,0.37554407119750977,0.010892152786254883,248.0,0.16285675764083862,100.0,3.0034146308898926,-0.004624821711331606,0.7827179431915283,0.0,0.9993383288383484
1210,-0.005051834043115377,0.1719743013381958,0.0,0.9995813369750977,0.0,0.0,1.0,-2.86936092376709,9.999999747378752e-05,-0.001450742594897747,0.11979913711547852,0.3903532028198242,0.010245800018310547,239.0,0.16208285093307495,100.0,2.9938571453094482,-0.0063985115848481655,0.16634193062782288,0.0,0.9994104504585266
1211,,,,,,,,-2.8917343616485596,0.00022499999613501132,-0.013518867082893848,0.003172620665282011,0.3891162872314453,0.011131763458251953,239.0,0.1619824320077896,100.0,3.0030837059020996,-0.005575262010097504,0.00377605389803648,0.0,0.9993751049041748
1212,,,,,,,,-2.8873651027679443,6.666666740784422e-05,-0.015294881537556648,0.05337996780872345,0.39603614807128906,0.010698080062866211,236.0,0.16213266551494598,100.0,3.020411968231201,-0.006201192736625671,0.27121904492378235,0.0,0.9994661211967468
1213,,,,,,,,-2.889577627182007,2.9629629352712072e-05,-0.014362417161464691,0.1506851613521576,0.3862302303314209,0.01149296760559082,241.0,0.1618603765964508,100.0,3.020411968231201,-0.0051565226167440414,0.8337247967720032,0.0,0.9994564056396484
1214,,,,,,,,-2.898981809616089,9.999999747378752e-05,-0.021552318707108498,0.021062087267637253,0.3894200325012207,0.010896921157836914,239.0,0.16164228320121765,100.0,3.021817207336426,-0.006775327026844025,0.16897910833358765,0.0,0.9995002746582031
1215,,,,,,,,-2.912158966064453,4.444444493856281e-05,-0.022850865498185158,0.017920788377523422,0.39400506019592285,0.011172056198120117,236.0,0.16137287020683289,100.0,3.0099995136260986,-0.005888403858989477,0.04064830392599106,0.0,0.9994619488716125
1216,,,,,,,,-2.9223411083221436,2.9629629352712072e-05,-0.02072388119995594,0.019669244065880775,0.3912067413330078,0.010622978210449219,238.0,0.16125644743442535,100.0,3.009413957595825,-0.005267999600619078,0.23461085557937622,0.0,0.9994981288909912
1217,-0.005924100521951914,0.7314559817314148,0.0,0.9993202686309814,0.0,0.0,1.0,-2.925809860229492,0.0001500000071246177,0.001151955104433,0.2103765904903412,0.3906381130218506,0.010976076126098633,239.0,0.1612377166748047,100.0,3.0207724571228027,-0.005614150315523148,0.9901371002197266,0.0,0.9994284510612488
1218,,,,,,,,-2.9366419315338135,0.0001500000071246177,-0.016989948228001595,0.007647116202861071,0.3871469497680664,0.01117706298828125,241.0,0.16075126826763153,100.0,3.0089380741119385,-0.005965345073491335,0.026014501228928566,0.0,0.9995080828666687
1219,,,,,,,,-2.957388162612915,2.9629629352712072e-05,-0.04257703199982643,0.004070347175002098,0.3883230686187744,0.011099815368652344,240.0,0.1605696976184845,100.0,2.9980287551879883,-0.005826905369758606,0.18619227409362793,0.0,0.9994658827781677
1220,,,,,,,,-2.960515260696411,2.9629629352712072e-05,-0.016608823090791702,0.21188968420028687,0.393535852432251,0.010755062103271484,237.0,0.16060638427734375,100.0,3.0120091438293457,-0.005612839013338089,0.7505858540534973,0.0,0.9995429515838623
1221,,,,,,,,-2.960184335708618,4.444444493856281e-05,-0.029175953939557076,0.08978975564241409,0.38991522789001465,0.01096796989440918,239.0,0.16052548587322235,100.0,3.000985622406006,-0.006174713838845491,0.9028951525688171,0.0,0.9994909167289734
1222,,,,,,,,-2.964792490005493,2.9629629352712072e-05,-0.015697458758950233,0.0074732122011482716,0.38692498207092285,0.010415792465209961,241.0,0.16043150424957275,100.0,2.992802858352661,-0.005874095484614372,0.04140721634030342,0.0,0.9994421005249023
1223,,,,,,,,-2.9654781818389893,0.00022499999613501132,-0.01600053161382675,0.07048756629228592,0.37582898139953613,0.011519908905029297,247.0,0.1605367213487625,100.0,3.003331184387207,-0.005275122821331024,0.6285139918327332,0.0,0.9994390606880188
1224,,,,,,,,-2.9571032524108887,4.444444493856281e-05,-0.015663260594010353,0.057583391666412354,0.40010595321655273,0.011291265487670898,233.0,0.16075189411640167,100.0,3.0089473724365234,-0.0057206847704946995,0.17187397181987762,0.0,0.9995656609535217
1225,,,,,,,,-2.9531655311584473,4.444444493856281e-05,-0.00807978305965662,0.17644265294075012,0.38738298416137695,0.011411905288696289,240.0,0.16072675585746765,100.0,3.0024473667144775,-0.006015583872795105,0.8119587898254395,0.0,0.9994945526123047
1226,,,,,,,,-2.9604783058166504,9.999999747378752e-05,-0.01407681591808796,0.05193004757165909,0.38867807388305664,0.010901927947998047,240.0,0.1604665070772171,100.0,3.0016729831695557,-0.005838003009557724,0.6992442011833191,0.0,0.9993621706962585
1227,,,,,,,,-2.972655773162842,2.9629629352712072e-05,-0.03257402032613754,0.00923039112240076,0.3761789798736572,0.010671854019165039,248.0,0.1603637933731079,100.0,3.0016729831695557,-0.004943909589201212,0.30192479491233826,0.0,0.9994613528251648
1228,,,,,,,,-2.970689296722412,4.444444493856281e-05,-0.022139539942145348,0.2154332548379898,0.3970010280609131,0.011430025100708008,235.0,0.1605858951807022,100.0,2.9890825748443604,-0.006234875414520502,0.8131508231163025,0.0,0.9994305968284607
1229,,,,,,,,-2.9637911319732666,4.444444493856281e-05,-0.009702841751277447,0.1370585858821869,0.4022347927093506,0.01148533821105957,232.0,0.1606815904378891,100.0,2.9898576736450195,-0.006066794041544199,0.7174766659736633,0.0,0.9994222521781921
1230,,,,,,,,-2.9720582962036133,0.0001500000071246177,-0.013726459816098213,0.04048705846071243,0.3797287940979004,0.011087179183959961,245.0,0.16015984117984772,100.0,2.9805047512054443,-0.005692761857062578,0.705388069152832,0.0,0.9993217587471008
1231,,,,,,,,-3.0007636547088623,4.444444493856281e-05,-0.03143522888422012,0.04354369640350342,0.3874821662902832,0.010635614395141602,241.0,0.15973079204559326,100.0,2.9805047512054443,-0.004996270406991243,0.7089884877204895,0.0,0.9994215965270996
1232,,,,,,,,-3.0133981704711914,2.9629629352712072e-05,-0.017621023580431938,0.01413682196289301,0.39122605323791504,0.01026606559753418,239.0,0.15960493683815002,100.0,2.992405414581299,-0.005141356494277716,0.06882503628730774,0.0,0.9994232654571533
1233,,,,,,,,-3.0174903869628906,0.0001500000071246177,-0.018800001591444016,0.12817023694515228,0.40762805938720703,0.011276006698608398,229.0,0.15959279239177704,100.0,2.989041566848755,-0.007276725489646196,1.5268064737319946,0.0,0.9994359016418457
1234,,,,,,,,-3.020831346511841,2.9629629352712072e-05,-0.015468277037143707,0.06736711412668228,0.37996578216552734,0.011388063430786133,245.0,0.15951724350452423,100.0,2.989041566848755,-0.004278592765331268,0.8043265342712402,0.0,0.9992551803588867
1235,-0.005528414621949196,0.6806289553642273,0.0,0.9993857145309448,0.0,0.0,1.0,-3.023059606552124,9.999999747378752e-05,-0.0196115430444479,0.05668618530035019,0.3876619338989258,0.011033058166503906,240.0,0.15942838788032532,100.0,2.991593837738037,-0.005230411421507597,0.7171566486358643,0.0,0.9994168877601624
1236,,,,,,,,-3.0286641120910645,4.444444493856281e-05,-0.029685569927096367,0.022016316652297974,0.39112305641174316,0.01195216178894043,238.0,0.1592477560043335,100.0,2.9930269718170166,-0.005403230432420969,0.004154330585151911,0.0,0.999336302280426
1237,,,,,,,,-3.0314769744873047,6.666666740784422e-05,-0.020367342978715897,0.05586164444684982,0.39412498474121094,0.010808944702148438,237.0,0.1593247801065445,100.0,3.00500750541687,-0.006138368044048548,0.8554701805114746,0.0,0.9993661046028137
1238,,,,,,,,-3.0256576538085938,4.444444493856281e-05,-0.029598861932754517,0.15282109379768372,0.3846621513366699,0.011269807815551758,242.0,0.15941013395786285,100.0,3.00500750541687,-0.005643469747155905,0.7411510944366455,0.0,0.999305009841919
1239,,,,,,,,-3.020946741104126,1.316872385359602e-05,-0.031201526522636414,0.021911147981882095,0.38901591300964355,0.010695934295654297,240.0,0.15949000418186188,100.0,3.0038559436798096,-0.006536189466714859,0.6401713490486145,0.0,0.9994367957115173
1240,,,,,,,,-3.019771099090576,6.666666740784422e-05,-0.0159365925937891,0.01332749892026186,0.38858604431152344,0.011209249496459961,240.0,0.159396693110466,100.0,3.0040032863616943,-0.005541667342185974,0.05283956229686737,0.0,0.9994003176689148
1241,,,,,,,,-3.0264055728912354,2.9629629352712072e-05,-0.01932096853852272,0.03169092535972595,0.3920168876647949,0.011348962783813477,237.0,0.1593160331249237,100.0,3.0086023807525635,-0.005339972209185362,0.7474863529205322,0.0,0.9994728565216064
1242,-0.006139046978205442,0.30508995056152344,0.0,0.9995008111000061,0.0,0.0,1.0,-3.026966094970703,6.666666740784422e-05,-0.01923907920718193,0.134256049990654,0.39084911346435547,0.010620832443237305,239.0,0.1594148427248001,100.0,2.9985616207122803,-0.005986107047647238,1.7683624029159546,0.0,0.9993152022361755
1243,,,,,,,,-3.0213160514831543,4.444444493856281e-05,-0.03272176533937454,0.015882622450590134,0.38928699493408203,0.010782957077026367,239.0,0.15949349105358124,100.0,2.9969406127929688,-0.005164965055882931,0.04155080392956734,0.0,0.9993241429328918
1244,,,,,,,,-3.016425132751465,0.0001500000071246177,-0.017615219578146935,0.024966850876808167,0.3879091739654541,0.010354995727539062,241.0,0.15983524918556213,100.0,2.996181011199951,-0.005147172603756189,0.6871629357337952,0.0,0.9992423057556152
1245,,,,,,,,-3.0010616779327393,2.9629629352712072e-05,-0.019435103982686996,0.03026246838271618,0.3917121887207031,0.011327981948852539,238.0,0.16004222631454468,100.0,3.005472183227539,-0.006005327682942152,0.7638700604438782,0.0,0.9993336796760559
1246,,,,,,,,-2.9997591972351074,9.999999747378752e-05,-0.007368716411292553,0.07843053340911865,0.3902771472930908,0.010846853256225586,239.0,0.15996554493904114,100.0,3.0088765621185303,-0.006052682641893625,0.9004807472229004,0.0,0.9992898106575012
1247,,,,,,,,-3.005284070968628,1.975308623514138e-05,-0.025593461468815804,0.016408683732151985,0.3891468048095703,0.010135173797607422,240.0,0.15991313755512238,100.0,3.0059614181518555,-0.005668234545737505,0.00024565975763835013,0.0,0.9992384910583496
1248,,,,,,,,-3.0060458183288574,4.444444493856281e-05,-0.020435459911823273,0.052329182624816895,0.377824068069458,0.010354995727539062,247.0,0.15994803607463837,100.0,3.006211280822754,-0.005922768265008926,0.07745549082756042,0.0,0.9992391467094421
1249,,,,,,,,-3.007021427154541,2.9629629352712072e-05,-0.02265213057398796,0.013553124852478504,0.3995547294616699,0.010381937026977539,234.0,0.15981033444404602,100.0,3.0100696086883545,-0.00556671479716897,0.6930251121520996,0.0,0.9993584156036377
1250,,,,,,,,-3.0206079483032227,6.666666740784422e-05,-0.01311107911169529,0.033597204834222794,0.3934199810028076,0.010882854461669922,237.0,0.15935476124286652,100.0,2.996694326400757,-0.005501570180058479,0.7968592047691345,0.0,0.9993245005607605
1251,,,,,,,,-3.0375680923461914,4.444444493856281e-05,-0.021839963272213936,0.024392465129494667,0.3878500461578369,0.011189937591552734,240.0,0.15925566852092743,100.0,2.9840617179870605,-0.005033514928072691,0.7491756081581116,0.0,0.9992026686668396
1252,,,,,,,,-3.035936117172241,9.999999747378752e-05,-0.031283386051654816,0.054393067955970764,0.3747377395629883,0.0105438232421875,249.0,0.1594148427248001,100.0,2.9840617179870605,-0.005426899064332247,0.21547698974609375,0.0,0.999267578125
1253,,,,,,,,-3.0312228202819824,4.444444493856281e-05,-0.02726835012435913,0.06715016067028046,0.387758731842041,0.010931968688964844,240.0,0.1595468521118164,100.0,2.9821741580963135,-0.006478980649262667,0.18961425125598907,0.0,0.9993557929992676
1254,,,,,,,,-3.027472496032715,2.9629629352712072e-05,-0.025107020512223244,0.5495577454566956,0.4071071147918701,0.010606050491333008,229.0,0.1596277356147766,100.0,2.982952117919922,-0.005752646829932928,1.7364883422851562,0.0,0.9994103908538818
1255,,,,,,,,-3.0214996337890625,9.999999747378752e-05,-0.014272652566432953,0.09929711371660233,0.3774099349975586,0.011207103729248047,247.0,0.15991844236850739,100.0,2.9721148014068604,-0.005871414672583342,0.18366821110248566,0.0,0.999296247959137
1256,,,,,,,,-3.0146164894104004,2.9629629352712072e-05,-0.017267275601625443,0.033885665237903595,0.3868520259857178,0.010251998901367188,241.0,0.15981996059417725,100.0,2.9721148014068604,-0.00537756085395813,0.7067158222198486,0.0,0.9994376301765442
1257,,,,,,,,-3.0211546421051025,6.666666740784422e-05,-0.01352014858275652,0.021200425922870636,0.3895609378814697,0.010376930236816406,240.0,0.15959644317626953,100.0,2.959789276123047,-0.005157956387847662,0.07738421112298965,0.0,0.9993841052055359
1258,,,,,,,,-3.0322306156158447,4.444444493856281e-05,-0.013239273801445961,0.08807262033224106,0.40148496627807617,0.01043391227722168,233.0,0.1593649685382843,100.0,2.98877215385437,-0.007075210567563772,1.471798062324524,0.0,0.999398946762085
1259,,,,,,,,-3.036118984222412,6.666666740784422e-05,-0.025585416704416275,0.040099311619997025,0.3761420249938965,0.010415792465209961,248.0,0.15955175459384918,100.0,2.98877215385437,-0.004844182636588812,0.22479134798049927,0.0,0.9991433024406433
1260,-0.005887532606720924,0.6784471869468689,0.0,0.9992648959159851,0.0,0.0,1.0,-3.0279784202575684,1.975308623514138e-05,-0.02137722447514534,0.0382431223988533,0.38994622230529785,0.011106014251708984,239.0,0.15960615873336792,100.0,2.986524820327759,-0.005531463772058487,0.7233044505119324,0.0,0.9993646144866943
1261,,,,,,,,-3.02828049659729,0.0001500000071246177,-0.01571526564657688,0.00478768115863204,0.39145493507385254,0.01129007339477539,238.0,0.15959317982196808,100.0,2.989248752593994,-0.00513777881860733,0.0037128450348973274,0.0,0.9993060231208801
1262,,,,,,,,-3.028691053390503,1.975308623514138e-05,-0.025928717106580734,0.021232903003692627,0.39453983306884766,0.011312007904052734,236.0,0.1595536172389984,100.0,2.991211175918579,-0.006655654404312372,0.3197803795337677,0.0,0.9993946552276611
1263,,,,,,,,-3.029733657836914,6.666666740784422e-05,-0.025755751878023148,0.09397684037685394,0.3845229148864746,0.011719942092895508,242.0,0.15954354405403137,100.0,2.991211175918579,-0.004967610817402601,0.2973650097846985,0.0,0.9993293285369873
1264,,,,,,,,-3.031864881515503,0.0001500000071246177,-0.009227214381098747,0.05235179141163826,0.39006686210632324,0.011257171630859375,239.0,0.15949051082134247,100.0,3.000697135925293,-0.005071783903986216,0.736787736415863,0.0,0.9994794726371765
1265,,,,,,,,-3.044403076171875,6.666666740784422e-05,-0.01130917388945818,0.005137785337865353,0.3878152370452881,0.011255979537963867,240.0,0.15913096070289612,100.0,2.9929492473602295,-0.005551654379814863,0.06259004026651382,0.0,0.9994295239448547
1266,,,,,,,,-3.060652256011963,2.9629629352712072e-05,-0.022530606016516685,0.035284437239170074,0.38964295387268066,0.010733842849731445,239.0,0.15887156128883362,100.0,2.993293285369873,-0.005905295256525278,0.6988680362701416,0.0,0.9994966387748718
1267,-0.005553956609219313,0.18427084386348724,0.0,0.9994970560073853,0.0,0.0,1.0,-3.067810297012329,0.00022499999613501132,-0.013829860836267471,0.07400742173194885,0.3912339210510254,0.013985157012939453,236.0,0.1586979627609253,100.0,2.9815337657928467,-0.005239004734903574,1.4661155939102173,0.0,0.9993629455566406
1268,,,,,,,,-3.074782609939575,1.975308623514138e-05,-0.033917102962732315,0.013455776497721672,0.38835787773132324,0.010898113250732422,240.0,0.1586093008518219,100.0,2.995000123977661,-0.00541335204616189,0.03812592476606369,0.0,0.9993734359741211
1269,,,,,,,,-3.076834201812744,6.666666740784422e-05,-0.019036855548620224,0.0264652818441391,0.3885691165924072,0.010479927062988281,240.0,0.1585404872894287,100.0,2.9950449466705322,-0.005959479138255119,0.8120341300964355,0.0,0.9992833733558655
1270,,,,,,,,-3.0826079845428467,2.9629629352712072e-05,-0.03215835615992546,0.04377242922782898,0.3887608051300049,0.010931968688964844,240.0,0.15843512117862701,100.0,2.9931817054748535,-0.005773734301328659,0.7582346796989441,0.0,0.9993883967399597
1271,,,,,,,,-3.0850093364715576,2.9629629352712072e-05,-0.014137836173176765,0.04543253779411316,0.3901209831237793,0.011377811431884766,239.0,0.15846017003059387,100.0,3.0018362998962402,-0.005815402138978243,1.1773768663406372,0.0,0.9993229508399963
1272,,,,,,,,-3.083761215209961,1.975308623514138e-05,-0.02228802628815174,0.00979745201766491,0.38748621940612793,0.010196924209594727,241.0,0.1585240364074707,100.0,3.0148158073425293,-0.005124520044773817,0.03962095454335213,0.0,0.9992920756340027
1273,,,,,,,,-3.0808892250061035,9.999999747378752e-05,-0.013906833715736866,0.03444550186395645,0.37721991539001465,0.012328863143920898,246.0,0.15860868990421295,100.0,3.0219407081604004,-0.00573767488822341,0.763772189617157,0.0,0.9992578625679016
1274,,,,,,,,-3.0745174884796143,6.666666740784422e-05,-0.007167217321693897,0.027537751942873,0.4027578830718994,0.011463165283203125,231.0,0.1587156355381012,100.0,3.0335841178894043,-0.005986103322356939,0.22510842978954315,0.0,0.9994233250617981
1275,,,,,,,,-3.07200026512146,4.444444493856281e-05,-0.026473458856344223,0.04024115204811096,0.39220094680786133,0.011069059371948242,238.0,0.1586941033601761,100.0,3.0388548374176025,-0.005875764414668083,0.82462477684021,0.0,0.999377429485321
1276,,,,,,,,-3.077083110809326,2.9629629352712072e-05,-0.011548195034265518,0.025156104937195778,0.3937220573425293,0.011254072189331055,237.0,0.15851466357707977,100.0,3.0503132343292236,-0.005735125858336687,0.7340068817138672,0.0,0.999237596988678
1277,,,,,,,,-3.0850305557250977,2.9629629352712072e-05,-0.021779434755444527,0.02418784610927105,0.3760061264038086,0.010955095291137695,248.0,0.1583860218524933,100.0,3.0503132343292236,-0.0048221987672150135,0.7478556632995605,0.0,0.9993512630462646
1278,,,,,,,,-3.0882935523986816,0.0001500000071246177,-0.013280218467116356,0.055974096059799194,0.3892860412597656,0.011334896087646484,239.0,0.1583559811115265,100.0,3.0400283336639404,-0.0071736350655555725,0.7946749329566956,0.0,0.9993648529052734
1279,,,,,,,,-3.0919058322906494,1.316872385359602e-05,-0.023943200707435608,0.16851674020290375,0.40320587158203125,0.010841131210327148,231.0,0.15829403698444366,100.0,3.051623821258545,-0.00538339838385582,1.1293340921401978,0.0,0.9993600249290466
1280,,,,,,,,-3.0958709716796875,9.999999747378752e-05,-0.020174970850348473,0.019768763333559036,0.38043904304504395,0.010649681091308594,245.0,0.15812484920024872,100.0,3.0516626834869385,-0.006316905375570059,0.7067347168922424,0.0,0.9991680979728699
1281,,,,,,,,-3.1047399044036865,1.316872385359602e-05,-0.014026964083313942,0.0316515751183033,0.38574814796447754,0.010833978652954102,242.0,0.1580740362405777,100.0,3.0516626834869385,-0.005131987854838371,0.8326265215873718,0.0,0.9993395805358887
1282,,,,,,,,-3.1070258617401123,4.444444493856281e-05,-0.018422408029437065,0.010096475481987,0.38930273056030273,0.010271072387695312,240.0,0.158003032207489,100.0,3.052752733230591,-0.00530630350112915,0.3595130443572998,0.0,0.9992859363555908
1283,,,,,,,,-3.1118862628936768,0.0001500000071246177,-0.01591048762202263,0.03999698907136917,0.40252685546875,0.011350154876708984,231.0,0.15799419581890106,100.0,3.0677731037139893,-0.0073492806404829025,0.8330942988395691,0.0,0.9993467330932617
1284,,,,,,,,-3.1119544506073,6.666666740784422e-05,-0.014225217513740063,0.029354389756917953,0.374053955078125,0.01076507568359375,249.0,0.15800164639949799,100.0,3.0677731037139893,-0.004590808413922787,0.7368757128715515,0.0,0.9992043375968933
1285,-0.006498119793832302,0.7993212938308716,0.0,0.9993048310279846,0.0,0.0,1.0,-3.1128809452056885,6.666666740784422e-05,-0.010918590240180492,0.041020408272743225,0.39180731773376465,0.010688066482543945,238.0,0.15795759856700897,100.0,3.0788848400115967,-0.005468911956995726,0.20730996131896973,0.0,0.9994024634361267
1286,,,,,,,,-3.116356372833252,4.444444493856281e-05,-0.017137102782726288,0.08403997868299484,0.38857102394104004,0.011469841003417969,239.0,0.15786787867546082,100.0,3.0836222171783447,-0.005505342502146959,1.5005860328674316,0.0,0.9992929100990295
1287,,,,,,,,-3.117758274078369,0.00022499999613501132,-0.014846431091427803,0.06617254763841629,0.3941810131072998,0.011661052703857422,236.0,0.15776313841342926,100.0,3.0939745903015137,-0.005977135617285967,1.5518423318862915,0.0,0.9993159174919128
1288,,,,,,,,-3.1151046752929688,1.975308623514138e-05,-0.012912461534142494,0.16442780196666718,0.3875710964202881,0.011134862899780273,240.0,0.15778939425945282,100.0,3.0939745903015137,-0.0048269107937812805,0.08392711728811264,0.0,0.9992035031318665
1289,,,,,,,,-3.111107587814331,4.444444493856281e-05,-0.016135679557919502,0.041125040501356125,0.38811206817626953,0.011077880859375,240.0,0.15787121653556824,100.0,3.111945390701294,-0.005386994685977697,0.16347114741802216,0.0,0.9993371367454529
1290,,,,,,,,-3.107743263244629,6.666666740784422e-05,-0.00788797251880169,0.025039220228791237,0.3916127681732178,0.010724306106567383,238.0,0.15789715945720673,100.0,3.113675832748413,-0.005304414313286543,0.014046624302864075,0.0,0.9993081092834473
1291,,,,,,,,-3.1075711250305176,4.444444493856281e-05,-0.0018562640761956573,0.024576455354690552,0.38910412788391113,0.010708093643188477,240.0,0.15782710909843445,100.0,3.1140153408050537,-0.005151599179953337,0.8184264302253723,0.0,0.9993351101875305
1292,-0.005616993643343449,0.0805700272321701,0.0,0.9993155002593994,0.0,0.0,1.0,-3.1119041442871094,4.444444493856281e-05,-0.017157042399048805,0.43822959065437317,0.39455103874206543,0.011247873306274414,236.0,0.1576564460992813,100.0,3.102099895477295,-0.005605605896562338,2.448408842086792,0.0,0.9992691874504089
1293,,,,,,,,-3.1185061931610107,1.975308623514138e-05,-0.02146805450320244,0.007754482328891754,0.38738417625427246,0.011374950408935547,240.0,0.15760456025600433,100.0,3.091210126876831,-0.004964077845215797,0.04342469573020935,0.0,0.999285876750946
1294,,,,,,,,-3.1194510459899902,1.975308623514138e-05,-0.01751340553164482,0.01839214563369751,0.39161205291748047,0.010844945907592773,238.0,0.1576341837644577,100.0,3.1027936935424805,-0.005674807820469141,0.7651155591011047,0.0,0.9992162585258484
1295,,,,,,,,-3.1182494163513184,6.666666740784422e-05,-0.01404841523617506,0.04195921868085861,0.3908059597015381,0.010452032089233398,239.0,0.15773937106132507,100.0,3.130573034286499,-0.005575384479016066,0.24259459972381592,0.0,0.999335765838623
1296,,,,,,,,-3.1134865283966064,1.975308623514138e-05,-0.01446310430765152,0.4607446789741516,0.39766812324523926,0.012384891510009766,234.0,0.15791314840316772,100.0,3.130241870880127,-0.005595298483967781,1.7778964042663574,0.0,0.999314546585083
1297,,,,,,,,-3.107802629470825,0.0001500000071246177,-0.017021268606185913,0.0067665125243365765,0.40599679946899414,0.010929107666015625,230.0,0.15806348621845245,100.0,3.1428089141845703,-0.005000938195735216,0.052270129323005676,0.0,0.9992863535881042
1298,,,,,,,,-3.1046881675720215,1.975308623514138e-05,-0.03257259353995323,0.33714109659194946,0.4127540588378906,0.011425971984863281,226.0,0.1580045521259308,100.0,3.1443254947662354,-0.006061470601707697,1.473225474357605,0.0,0.9993152618408203
1299,,,,,,,,-3.106955051422119,0.0001500000071246177,-0.012742082588374615,0.026416322216391563,0.4000561237335205,0.010560035705566406,233.0,0.15789228677749634,100.0,3.1718544960021973,-0.005399318877607584,0.7586793303489685,0.0,0.9994496703147888
1300,,,,,,,,-3.1027371883392334,2.9629629352712072e-05,-0.022853082045912743,0.06849229335784912,0.39170408248901367,0.010769844055175781,238.0,0.15811243653297424,100.0,3.161123275756836,-0.005491483956575394,0.4847354590892792,0.0,0.9993799328804016
1301,,,,,,,,-3.0914041996002197,6.666666740784422e-05,-0.017190538346767426,0.04180395230650902,0.38738203048706055,0.010512113571166992,241.0,0.1583612561225891,100.0,3.186302423477173,-0.005729122087359428,0.48598480224609375,0.0,0.9992728233337402
1302,,,,,,,,-3.078841209411621,2.9629629352712072e-05,-0.013680994510650635,0.028776243329048157,0.374176025390625,0.011021614074707031,249.0,0.15855997800827026,100.0,3.186302423477173,-0.004583629313856363,0.8051345944404602,0.0,0.9992925524711609
1303,,,,,,,,-3.0717580318450928,0.00022499999613501132,-0.014324244111776352,0.017911801114678383,0.3892700672149658,0.010457992553710938,240.0,0.15884816646575928,100.0,3.1918087005615234,-0.005355526227504015,0.7488813400268555,0.0,0.9993643760681152
1304,,,,,,,,-3.0569217205047607,1.975308623514138e-05,-0.03174375370144844,0.023159701377153397,0.4037010669708252,0.01050710678100586,231.0,0.15910859405994415,100.0,3.1882879734039307,-0.00607525696977973,0.7682974338531494,0.0,0.999342679977417
1305,,,,,,,,-3.052356243133545,2.9629629352712072e-05,-0.024277742952108383,0.02156052365899086,0.379443883895874,0.010636091232299805,246.0,0.15917964279651642,100.0,3.199493646621704,-0.005320707801729441,0.7457205653190613,0.0,0.9991896152496338
1306,,,,,,,,-3.0498030185699463,2.9629629352712072e-05,-0.03183289244771004,0.01307934895157814,0.38673996925354004,0.010661840438842773,241.0,0.1591920256614685,100.0,3.199493646621704,-0.00509460037574172,0.7257522940635681,0.0,0.9993645548820496
1307,,,,,,,,-3.049117088317871,6.666666740784422e-05,-0.019936999306082726,0.01401238888502121,0.39440226554870605,0.014426946640014648,234.0,0.15927931666374207,100.0,3.210886001586914,-0.005872126668691635,0.1123243197798729,0.0,0.9993525147438049
1308,,,,,,,,-3.0323522090911865,2.9629629352712072e-05,-0.028909888118505478,0.026511691510677338,0.4090123176574707,0.011039018630981445,228.0,0.15973420441150665,100.0,3.2105908393859863,-0.00710799777880311,1.1694673299789429,0.0,0.9994134902954102
1309,,,,,,,,-3.0172207355499268,9.999999747378752e-05,-0.012093967758119106,0.10285043716430664,0.3771688938140869,0.010149955749511719,247.0,0.15988869965076447,100.0,3.2105908393859863,-0.005322083830833435,0.314456582069397,0.0,0.999293327331543
1310,-0.006643201690167189,0.6967222094535828,0.0,0.9993616938591003,0.0,0.0,1.0,-3.007612705230713,9.999999747378752e-06,-0.026644060388207436,0.022639703005552292,0.38819217681884766,0.01145172119140625,240.0,0.16000497341156006,100.0,3.210408926010132,-0.005072012078016996,0.8146395683288574,0.0,0.9994434714317322
1311,,,,,,,,-3.005868911743164,2.2500000341096893e-05,-0.017117910087108612,0.006238164380192757,0.3872361183166504,0.010408878326416016,241.0,0.15996338427066803,100.0,3.2179789543151855,-0.005313493777066469,0.0035050874575972557,0.0,0.999338686466217
1312,,,,,,,,-3.0102667808532715,0.00011390625149942935,-0.010779588483273983,0.027112210169434547,0.39338231086730957,0.010568857192993164,237.0,0.15970802307128906,100.0,3.218341112136841,-0.006799101829528809,0.8180099129676819,0.0,0.9993870258331299
1313,,,,,,,,-3.0268726348876953,2.2500000341096893e-05,-0.016558483242988586,0.11360274255275726,0.38750481605529785,0.010976076126098633,240.0,0.15926702320575714,100.0,3.218341112136841,-0.004463410936295986,1.8120826482772827,0.0,0.9992460608482361
1314,,,,,,,,-3.035123825073242,3.3749998692655936e-05,-0.013920223340392113,0.05989637225866318,0.38944005966186523,0.011181116104125977,239.0,0.1592247188091278,100.0,3.230520009994507,-0.00504460372030735,0.1505017727613449,0.0,0.9993407130241394
1315,,,,,,,,-3.0316548347473145,0.00011390625149942935,-0.02270856499671936,0.027096472680568695,0.3884279727935791,0.010505914688110352,240.0,0.15945155918598175,100.0,3.230332136154175,-0.0053329020738601685,0.011853230185806751,0.0,0.9993114471435547
1316,,,,,,,,-3.0220348834991455,2.2500000341096893e-05,-0.02267391048371792,0.3398471474647522,0.3894162178039551,0.010509729385375977,240.0,0.1594839096069336,100.0,3.239471435546875,-0.006246611475944519,1.509873390197754,0.0,0.9993362426757812
1317,-0.004563226364552975,0.6944237947463989,0.0,0.9992689490318298,0.0,0.0,1.0,-3.021670341491699,7.593750342493877e-05,-0.021327825263142586,0.08401551097631454,0.3948957920074463,0.011266231536865234,236.0,0.15949122607707977,100.0,3.2383406162261963,-0.005281379912048578,0.4707964360713959,0.0,0.9993646740913391
1318,,,,,,,,-3.0148961544036865,3.3749998692655936e-05,-0.02121337689459324,0.015421663410961628,0.3887021541595459,0.011490821838378906,239.0,0.1597255915403366,100.0,3.2382426261901855,-0.005277883727103472,0.040460679680109024,0.0,0.9993274807929993
1319,,,,,,,,-3.005967855453491,0.00017085937724914402,-0.022512096911668777,0.041901037096977234,0.3866899013519287,0.01031804084777832,241.0,0.1598694920539856,100.0,3.263699531555176,-0.006101706530898809,0.16602961719036102,0.0,0.9992721080780029
1320,,,,,,,,-3.0007166862487793,5.062499985797331e-05,-0.011145730502903461,0.10446806252002716,0.3895838260650635,0.010677099227905273,239.0,0.1598397195339203,100.0,3.2653236389160156,-0.005791985895484686,0.8884276747703552,0.0,0.9993769526481628
1321,,,,,,,,-3.00400710105896,2.2500000341096893e-05,-0.02255331538617611,0.4149973690509796,0.3904571533203125,0.01079702377319336,239.0,0.1597176045179367,100.0,3.2550368309020996,-0.00624505989253521,2.2871854305267334,0.0,0.9993183016777039
1322,,,,,,,,-3.0084190368652344,5.062499985797331e-05,-0.026883231475949287,0.005198608618229628,0.39018893241882324,0.011851072311401367,238.0,0.1596224308013916,100.0,3.254948139190674,-0.00497290538623929,0.00025529900449328125,0.0,0.9992742538452148
1323,,,,,,,,-3.0097103118896484,1.4999999621068127e-05,-0.019015081226825714,0.04392089694738388,0.38004088401794434,0.011091947555541992,245.0,0.1596963107585907,100.0,3.2675750255584717,-0.006066204980015755,0.24589724838733673,0.0,0.9993156790733337
1324,,,,,,,,-3.0064568519592285,0.00017085937724914402,-0.015911562368273735,0.04379357025027275,0.4008772373199463,0.010301828384399414,233.0,0.1597551554441452,100.0,3.282085657119751,-0.006158777978271246,0.44098377227783203,0.0,0.9994258880615234
1325,,,,,,,,-3.0073976516723633,2.2500000341096893e-05,-0.030387980863451958,0.05978723615407944,0.39245080947875977,0.011173248291015625,237.0,0.15963689982891083,100.0,3.292368173599243,-0.005638005677610636,0.8081358075141907,0.0,0.999386727809906
1326,,,,,,,,-3.012373447418213,7.593750342493877e-05,-0.01744706556200981,0.03971834108233452,0.3863790035247803,0.010268926620483398,242.0,0.15949279069900513,100.0,3.2930378913879395,-0.005470743868499994,0.7817268967628479,0.0,0.9992898106575012
1327,,,,,,,,-3.020678997039795,7.593750342493877e-05,-0.022652853280305862,0.027448594570159912,0.3772850036621094,0.011786937713623047,246.0,0.15927836298942566,100.0,3.2930378913879395,-0.004848612938076258,0.7763161063194275,0.0,0.9993614554405212
1328,,,,,,,,-3.029944896697998,1.4999999621068127e-05,-0.02290962263941765,0.02373606711626053,0.3927040100097656,0.011944055557250977,237.0,0.1591610163450241,100.0,3.2927401065826416,-0.006479758303612471,0.7511699795722961,0.0,0.9993956685066223
1329,,,,,,,,-3.0344343185424805,0.00017085937724914402,-0.006621333304792643,0.011818950064480305,0.40270471572875977,0.010818243026733398,232.0,0.15905411541461945,100.0,3.299499988555908,-0.0063744112849235535,0.6874083876609802,0.0,0.9993837475776672
1330,,,,,,,,-3.0429015159606934,1.4999999621068127e-05,-0.020194830372929573,0.017781304195523262,0.3811190128326416,0.010302066802978516,245.0,0.15892969071865082,100.0,3.3023383617401123,-0.006674452219158411,0.760080099105835,0.0,0.9992532730102539
1331,,,,,,,,-3.0483620166778564,0.00011390625149942935,-0.01861368492245674,0.016740119084715843,0.3896760940551758,0.01081705093383789,239.0,0.15876449644565582,100.0,3.3023383617401123,-0.0044140941463410854,0.7607953548431396,0.0,0.9994106888771057
1332,,,,,,,,-3.0624325275421143,3.3749998692655936e-05,-0.025348804891109467,0.022669943049550056,0.3883829116821289,0.011485099792480469,240.0,0.15847522020339966,100.0,3.3134233951568604,-0.005865365732461214,0.09891679883003235,0.0,0.9993846416473389
1333,,,,,,,,-3.0713093280792236,5.062499985797331e-05,-0.020548583939671516,0.20007739961147308,0.4028768539428711,0.010995864868164062,231.0,0.15838713943958282,100.0,3.31221604347229,-0.0070453523658216,0.7590438723564148,0.0,0.9994716644287109
1334,,,,,,,,-3.0782275199890137,0.00011390625149942935,-0.00843234546482563,0.0409712977707386,0.3768346309661865,0.011126041412353516,247.0,0.15815144777297974,100.0,3.31221604347229,-0.004778424743562937,0.801182746887207,0.0,0.9992483258247375
1335,-0.00537706445902586,0.7303636074066162,0.0,0.9993637204170227,0.0,0.0,1.0,-3.087822914123535,1.4999999621068127e-05,-0.02863970398902893,0.02957567200064659,0.3901340961456299,0.010272026062011719,239.0,0.15811415016651154,100.0,3.32102632522583,-0.004956468939781189,0.7485399842262268,0.0,0.9994638562202454
1336,,,,,,,,-3.086164951324463,0.00017085937724914402,-0.011501873843371868,0.0055815004743635654,0.46524906158447266,0.018594980239868164,198.0,0.15824240446090698,100.0,3.30830717086792,-0.004856717307120562,0.0038921136874705553,0.0,0.9993720650672913
1337,,,,,,,,-3.0776660442352295,1.4999999621068127e-05,-0.030799778178334236,0.47347575426101685,0.42722201347351074,0.013836860656738281,217.0,0.15837566554546356,100.0,3.309943437576294,-0.005722875241190195,1.7477211952209473,0.0,0.9993855357170105
1338,,,,,,,,-3.073869466781616,5.062499985797331e-05,-0.01018930971622467,0.19315306842327118,0.4143550395965576,0.011239051818847656,225.0,0.15853209793567657,100.0,3.309943437576294,-0.005288605112582445,0.8532662391662598,0.0,0.9993124604225159
1339,,,,,,,,-3.062851905822754,5.062499985797331e-05,-0.01655009016394615,0.01200817059725523,0.3909800052642822,0.010571002960205078,239.0,0.15880797803401947,100.0,3.3107082843780518,-0.005848074797540903,0.6133881211280823,0.0,0.9994513392448425
1340,,,,,,,,-3.0479671955108643,3.3749998692655936e-05,-0.014084866270422935,0.0245378315448761,0.38564395904541016,0.011425018310546875,241.0,0.1591033935546875,100.0,3.328256130218506,-0.005468793213367462,0.06658486276865005,0.0,0.9993755221366882
1341,,,,,,,,-3.0357279777526855,7.593750342493877e-05,-0.013406732119619846,0.030806871131062508,0.3877582550048828,0.010805845260620117,240.0,0.15936782956123352,100.0,3.326120376586914,-0.005233156960457563,0.8598244190216064,0.0,0.9994372725486755
1342,-0.005664042662829161,0.2777577042579651,0.0,0.9994820356369019,0.0,0.0,1.0,-3.022310256958008,5.062499985797331e-05,-0.017379513010382652,0.034541044384241104,0.39133691787719727,0.01055002212524414,238.0,0.15971247851848602,100.0,3.316226005554199,-0.0050248815678060055,1.493756890296936,0.0,0.9993230700492859
1343,,,,,,,,-3.0106582641601562,3.3749998692655936e-05,-0.0176248662173748,0.008855912834405899,0.38911986351013184,0.010616064071655273,240.0,0.1598728448152542,100.0,3.3139774799346924,-0.005385384429246187,0.03467560186982155,0.0,0.9993299841880798
1344,,,,,,,,-3.008282423019409,7.593750342493877e-05,-0.01652490720152855,0.009874011389911175,0.3900411128997803,0.010573863983154297,239.0,0.15979230403900146,100.0,3.3157758712768555,-0.005699706729501486,0.6748638153076172,0.0,0.9992616772651672
1345,,,,,,,,-3.0124120712280273,0.00011390625149942935,-0.006108317524194717,0.03585159778594971,0.39475107192993164,0.011613845825195312,236.0,0.1597481667995453,100.0,3.31921648979187,-0.006157413125038147,0.6581141352653503,0.0,0.9993757605552673
1346,,,,,,,,-3.0161147117614746,7.593750342493877e-05,-0.017338374629616737,0.04650953412055969,0.38929200172424316,0.010608911514282227,240.0,0.15953218936920166,100.0,3.3284037113189697,-0.00560183497145772,0.7968478798866272,0.0,0.9993416666984558
1347,,,,,,,,-3.020894765853882,3.3749998692655936e-05,-0.01517696212977171,0.008762922137975693,0.388638973236084,0.0101470947265625,240.0,0.15956275165081024,100.0,3.3287322521209717,-0.005230387672781944,0.00017818844935391098,0.0,0.9992783665657043
1348,,,,,,,,-3.016352653503418,0.00017085937724914402,-0.014937733300030231,0.018523281440138817,0.37943077087402344,0.010834932327270508,245.0,0.15979382395744324,100.0,3.3270976543426514,-0.005662279669195414,0.7608399987220764,0.0,0.9993159770965576
1349,,,,,,,,-2.9990336894989014,5.062499985797331e-05,-0.023543043062090874,0.02405981719493866,0.3996129035949707,0.010729074478149414,233.0,0.1601293832063675,100.0,3.308462381362915,-0.005531610921025276,0.6537453532218933,0.0,0.9994333386421204
1350,,,,,,,,-2.9854848384857178,2.2500000341096893e-05,-0.020485788583755493,0.025867313146591187,0.39096713066101074,0.011421918869018555,238.0,0.16035115718841553,100.0,3.308357000350952,-0.005159813445061445,0.7666654586791992,0.0,0.9993322491645813
1351,,,,,,,,-2.978090763092041,3.3749998692655936e-05,-0.013025888241827488,0.01512850634753704,0.3877522945404053,0.01094198226928711,240.0,0.16046001017093658,100.0,3.3089945316314697,-0.005476413294672966,0.6442590951919556,0.0,0.999195396900177
1352,,,,,,,,-2.973662853240967,2.2500000341096893e-05,-0.021081585437059402,0.015137446112930775,0.37302708625793457,0.01067972183227539,250.0,0.16057832539081573,100.0,3.3089945316314697,-0.0041817547753453255,0.7364345192909241,0.0,0.9992983937263489
1353,,,,,,,,-2.9694299697875977,7.593750342493877e-05,-0.02005377784371376,0.050495777279138565,0.3906419277191162,0.010473012924194336,239.0,0.16069191694259644,100.0,3.3050613403320312,-0.006503755692392588,0.638904333114624,0.0,0.9993669390678406
1354,,,,,,,,-2.9671082496643066,3.3749998692655936e-05,-0.024843664839863777,0.02703314833343029,0.39963388442993164,0.010866165161132812,233.0,0.16073590517044067,100.0,3.316714286804199,-0.006824098527431488,0.0894114077091217,0.0,0.9993662238121033
1355,,,,,,,,-2.9653165340423584,7.593750342493877e-05,-0.027516387403011322,0.013546972535550594,0.3800070285797119,0.010721921920776367,245.0,0.16080276668071747,100.0,3.3293609619140625,-0.005374690517783165,0.2239583283662796,0.0,0.9992662072181702
1356,,,,,,,,-2.9629828929901123,7.593750342493877e-05,-0.01946534588932991,0.014586769044399261,0.3852500915527344,0.010090827941894531,242.0,0.16087821125984192,100.0,3.3293609619140625,-0.005453646648675203,0.7321738600730896,0.0,0.9994530081748962
1357,,,,,,,,-2.9584600925445557,5.062499985797331e-05,-0.025369565933942795,0.012053306214511395,0.3890078067779541,0.010989189147949219,240.0,0.1610943078994751,100.0,3.3285231590270996,-0.0062510608695447445,0.10438904166221619,0.0,0.9994463920593262
1358,,,,,,,,-2.9533114433288574,2.2500000341096893e-05,-0.025897230952978134,0.11760292202234268,0.40294981002807617,0.01056218147277832,232.0,0.16104456782341003,100.0,3.304619073867798,-0.006698448210954666,1.2931464910507202,0.0,0.9994500279426575
1359,,,,,,,,-2.955082654953003,2.2500000341096893e-05,-0.017143934965133667,0.025002937763929367,0.377835750579834,0.01129007339477539,246.0,0.16108176112174988,100.0,3.304619073867798,-0.005163500551134348,0.7638201713562012,0.0,0.9992584586143494
1360,-0.005453589837998152,0.7028868794441223,0.0,0.9993351101875305,0.0,0.0,1.0,-2.9517223834991455,0.00011390625149942935,-0.016000274568796158,0.020417317748069763,0.3924410343170166,0.011306047439575195,237.0,0.16126666963100433,100.0,3.31455397605896,-0.006524534430354834,0.7823306918144226,0.0,0.9994640350341797
1361,,,,,,,,-2.943519115447998,3.3749998692655936e-05,-0.024996479973196983,0.005423113703727722,0.39132165908813477,0.011416196823120117,238.0,0.1614476591348648,100.0,3.321981430053711,-0.0056474520824849606,0.003470976836979389,0.0,0.9993966221809387
1362,,,,,,,,-2.9385104179382324,2.2500000341096893e-05,-0.009429674595594406,0.014420772902667522,0.3941359519958496,0.010890960693359375,237.0,0.16155385971069336,100.0,3.3155136108398438,-0.006938895210623741,0.7971015572547913,0.0,0.9994029998779297
1363,,,,,,,,-2.930137872695923,0.00017085937724914402,-0.009895850904285908,0.19006690382957458,0.39040088653564453,0.010689020156860352,239.0,0.16206304728984833,100.0,3.3155136108398438,-0.005435588303953409,0.8381399512290955,0.0,0.9993283152580261
1364,,,,,,,,-2.893986225128174,7.593750342493877e-05,-0.013992232270538807,0.0599842332303524,0.39025282859802246,0.01053619384765625,239.0,0.16291087865829468,100.0,3.3169639110565186,-0.006423045415431261,0.7424165606498718,0.0,0.999464213848114
1365,,,,,,,,-2.874620199203491,3.3749998692655936e-05,-0.027300724759697914,0.005093191284686327,0.38782215118408203,0.011289834976196289,240.0,0.16301536560058594,100.0,3.3172607421875,-0.006348073948174715,0.006542373914271593,0.0,0.9993976950645447
1366,,,,,,,,-2.8733296394348145,3.3749998692655936e-05,-0.015060342848300934,0.011648029088973999,0.38744497299194336,0.010192155838012695,241.0,0.16296595335006714,100.0,3.3157012462615967,-0.0055908760987222195,0.21418499946594238,0.0,0.9994828701019287
1367,-0.006028466857969761,0.1883087307214737,0.0,0.9994812607765198,0.0,0.0,1.0,-2.877290725708008,3.3749998692655936e-05,-0.026508426293730736,0.08094645291566849,0.38863492012023926,0.010377168655395508,240.0,0.16288650035858154,100.0,3.3151371479034424,-0.0063416860066354275,1.112613320350647,0.0,0.9993417263031006
1368,,,,,,,,-2.8797085285186768,7.593750342493877e-05,-0.012631396763026714,0.03212766349315643,0.38835787773132324,0.010610103607177734,240.0,0.16298559308052063,100.0,3.314819097518921,-0.006937481462955475,0.03182554617524147,0.0,0.9994046092033386
1369,,,,,,,,-2.8736419677734375,5.062499985797331e-05,-0.02866392582654953,0.031490471214056015,0.3863179683685303,0.010447978973388672,241.0,0.1633489429950714,100.0,3.314730644226074,-0.00623814994469285,0.48190173506736755,0.0,0.9993564486503601
1370,,,,,,,,-2.8601512908935547,2.2500000341096893e-05,-0.023787859827280045,0.014434954151511192,0.3893129825592041,0.011436700820922852,239.0,0.16356472671031952,100.0,3.3241662979125977,-0.005842350423336029,0.6328728199005127,0.0,0.9994162917137146
1371,,,,,,,,-2.8560245037078857,0.00017085937724914402,-0.009501203894615173,0.2176004946231842,0.3891119956970215,0.011293888092041016,239.0,0.1634904146194458,100.0,3.32835054397583,-0.006579119246453047,1.1210031509399414,0.0,0.9993708729743958
1372,,,,,,,,-2.8696045875549316,3.3749998692655936e-05,-0.02987094782292843,0.028043370693922043,0.39019107818603516,0.011543989181518555,238.0,0.16307003796100616,100.0,3.322838068008423,-0.0062262252904474735,0.03179340064525604,0.0,0.9993492960929871
1373,,,,,,,,-2.878845691680908,3.3749998692655936e-05,-0.010496257804334164,0.031520191580057144,0.37674593925476074,0.011258840560913086,247.0,0.16293103992938995,100.0,3.321639060974121,-0.005534743890166283,0.7049961686134338,0.0,0.9993205070495605
1374,,,,,,,,-2.8796372413635254,7.593750342493877e-05,-0.026900608092546463,0.02484220080077648,0.4003598690032959,0.010563135147094727,233.0,0.1629796326160431,100.0,3.322812795639038,-0.00599011592566967,0.7541289329528809,0.0,0.9994248747825623
1375,,,,,,,,-2.87265944480896,1.4999999621068127e-05,-0.009612769819796085,0.027006369084119797,0.3909139633178711,0.01135110855102539,238.0,0.1630508154630661,100.0,3.315457582473755,-0.0057053049094974995,0.903861939907074,0.0,0.9993123412132263
1376,,,,,,,,-2.8714540004730225,0.00017085937724914402,-0.01762998476624489,0.018624618649482727,0.3901329040527344,0.010411977767944336,239.0,0.16303789615631104,100.0,3.312729597091675,-0.006795135792344809,0.6881523132324219,0.0,0.9992229342460632
1377,,,,,,,,-2.870582103729248,1.4999999621068127e-05,-0.01175975427031517,0.012895633466541767,0.37497997283935547,0.010885000228881836,248.0,0.1631164848804474,100.0,3.312729597091675,-0.005771246273070574,0.7430940270423889,0.0,0.9993259906768799
1378,,,,,,,,-2.8681249618530273,0.00011390625149942935,-0.005889455787837505,0.10121221095323563,0.3909718990325928,0.011512041091918945,238.0,0.1631712168455124,100.0,3.3143622875213623,-0.007405126001685858,0.5840166211128235,0.0,0.9993967413902283
1379,,,,,,,,-2.8678905963897705,2.2500000341096893e-05,-0.023897353559732437,0.027843980118632317,0.4010350704193115,0.01071619987487793,233.0,0.16321519017219543,100.0,3.319810152053833,-0.007727071642875671,0.2054709941148758,0.0,0.9994174838066101
1380,,,,,,,,-2.8675026893615723,2.2500000341096893e-05,-0.01754944585263729,0.016447916626930237,0.379227876663208,0.011246919631958008,245.0,0.16320258378982544,100.0,3.3193860054016113,-0.007494419813156128,0.7299139499664307,0.0,0.9992847442626953
1381,,,,,,,,-2.8705344200134277,0.00011390625149942935,-0.012604444287717342,0.014962910674512386,0.3907492160797119,0.011141777038574219,238.0,0.16308824717998505,100.0,3.3193860054016113,-0.004764487501233816,0.7535768151283264,0.0,0.9994392395019531
1382,,,,,,,,-2.878586530685425,7.593750342493877e-05,-0.021849216893315315,0.022980429232120514,0.3929767608642578,0.011442184448242188,237.0,0.16285130381584167,100.0,3.326486587524414,-0.00632404675707221,0.10598478466272354,0.0,0.9993988871574402
1383,,,,,,,,-2.900604724884033,0.00011390625149942935,-0.024384906515479088,0.06959015876054764,0.404874324798584,0.011526823043823242,230.0,0.1619127094745636,100.0,3.31424617767334,-0.008504712022840977,1.2769535779953003,0.0,0.999366283416748
1384,,,,,,,,-2.9382898807525635,3.3749998692655936e-05,-0.017030019313097,0.030745718628168106,0.3768918514251709,0.011337041854858398,247.0,0.16152812540531158,100.0,3.31424617767334,-0.0056755817495286465,0.838601291179657,0.0,0.9992195963859558
1385,-0.006445826031267643,0.7234337329864502,0.0,0.9992783665657043,0.0,0.0,1.0,-2.947739362716675,3.3749998692655936e-05,-0.01718112640082836,0.015614811331033707,0.38966894149780273,0.010841131210327148,239.0,0.16143864393234253,100.0,3.314340591430664,-0.006375124678015709,0.20162512362003326,0.0,0.9994211792945862
1386,,,,,,,,-2.9523720741271973,5.062499985797331e-05,-0.02082589454948902,0.013437465764582157,0.3899838924407959,0.011774063110351562,238.0,0.16139213740825653,100.0,3.311720132827759,-0.007181981112807989,0.0051699429750442505,0.0,0.9993883967399597
1387,,,,,,,,-2.954826593399048,1.4999999621068127e-05,-0.026992999017238617,0.03799230605363846,0.3950481414794922,0.011028051376342773,236.0,0.16142280399799347,100.0,3.306448221206665,-0.008013005368411541,0.1419610232114792,0.0,0.9994089007377625
1388,,,,,,,,-2.95690655708313,7.593750342493877e-05,-0.022276634350419044,0.05325809493660927,0.38680076599121094,0.011232137680053711,241.0,0.16124160587787628,100.0,3.306448221206665,-0.005318463314324617,1.3695036172866821,0.0,0.9993104338645935
1389,,,,,,,,-2.9709455966949463,3.3749998692655936e-05,-0.012722238898277283,0.01274034008383751,0.38866376876831055,0.010964393615722656,240.0,0.16099387407302856,100.0,3.2943532466888428,-0.006323645357042551,0.7731807827949524,0.0,0.999373733997345
1390,,,,,,,,-2.9784395694732666,2.2500000341096893e-05,-0.02121412381529808,0.008765577338635921,0.3907279968261719,0.011242866516113281,238.0,0.16090187430381775,100.0,3.2869696617126465,-0.006339556071907282,1.0570835911494214e-05,0.0,0.9992990493774414
1391,,,,,,,,-2.9815187454223633,0.00011390625149942935,-0.02190951071679592,0.16602595150470734,0.3881406784057617,0.010833263397216797,240.0,0.1608688235282898,100.0,3.286943197250366,-0.007622125092893839,0.17403149604797363,0.0,0.9994122982025146
1392,-0.006714473944157362,0.6775884628295898,0.0,0.9993440508842468,0.0,0.0,1.0,-2.9811203479766846,0.00011390625149942935,-0.007483452558517456,0.037173863500356674,0.3916800022125244,0.010573863983154297,238.0,0.16121609508991241,100.0,3.2863354682922363,-0.006170356180518866,1.5259989500045776,0.0,0.9992899894714355
1393,,,,,,,,-2.970931053161621,7.593750342493877e-05,-0.03318411856889725,0.01244919653981924,0.38785886764526367,0.010992288589477539,240.0,0.16130578517913818,100.0,3.268453359603882,-0.006484229117631912,0.0342557318508625,0.0,0.9993181228637695
1394,,,,,,,,-2.9774811267852783,0.00011390625149942935,-0.02376422844827175,0.03337407112121582,0.3890690803527832,0.011574029922485352,239.0,0.16099341213703156,100.0,3.2555837631225586,-0.006425653118640184,0.2566670775413513,0.0,0.9993258118629456
1395,,,,,,,,-2.9885663986206055,0.00017085937724914402,-0.021080564707517624,0.014540771022439003,0.3939635753631592,0.010494232177734375,237.0,0.1609189361333847,100.0,3.256075143814087,-0.006314809899777174,0.8131918907165527,0.0,0.9993851780891418
1396,,,,,,,,-2.993999481201172,3.3749998692655936e-05,-0.01898127980530262,0.1545953005552292,0.38900208473205566,0.010435104370117188,240.0,0.16092026233673096,100.0,3.2695252895355225,-0.005950347054749727,1.1430574655532837,0.0,0.9993345141410828
1397,,,,,,,,-3.0014429092407227,3.3749998692655936e-05,-0.021953124552965164,0.007149331737309694,0.3908219337463379,0.010287046432495117,239.0,0.16076257824897766,100.0,3.2716784477233887,-0.005761399399489164,0.00036445361911319196,0.0,0.999262809753418
1398,,,,,,,,-3.011960029602051,0.00011390625149942935,-0.023746931925415993,0.027520084753632545,0.37818431854248047,0.011066675186157227,246.0,0.16048595309257507,100.0,3.2716622352600098,-0.005608131643384695,0.811011791229248,0.0,0.9992547035217285
1399,,,,,,,,-3.0281612873077393,3.3749998692655936e-05,-0.026615368202328682,0.047588568180799484,0.4004359245300293,0.010876893997192383,233.0,0.16040606796741486,100.0,3.2471694946289062,-0.006172535475343466,0.5426628589630127,0.0,0.9994120001792908
1400,,,,,,,,-3.0303404331207275,3.3749998692655936e-05,-0.019774960353970528,0.1387127786874771,0.39241695404052734,0.011191129684448242,237.0,0.16043038666248322,100.0,3.2464821338653564,-0.007142913062125444,0.353013277053833,0.0,0.9993624687194824
1401,,,,,,,,-3.027972459793091,0.00017085937724914402,-0.020272528752684593,0.06277075409889221,0.39002013206481934,0.010288715362548828,239.0,0.160583958029747,100.0,3.2465219497680664,-0.006121996324509382,0.7085804343223572,0.0,0.9992449879646301
1402,,,,,,,,-3.019972085952759,9.999999747378752e-06,-0.015397034585475922,0.019373586401343346,0.3766050338745117,0.010672807693481445,247.0,0.16068804264068604,100.0,3.2465219497680664,-0.004498030990362167,0.7442722916603088,0.0,0.9993384480476379
1403,,,,,,,,-3.0187180042266846,0.00011390625149942935,-0.010155701078474522,0.10626055300235748,0.39058494567871094,0.010272026062011719,239.0,0.1606847047805786,100.0,3.2277438640594482,-0.006755022797733545,0.8403670787811279,0.0,0.9993920922279358
1404,,,,,,,,-3.017017364501953,2.2500000341096893e-05,-0.029709352180361748,0.01936410181224346,0.4036729335784912,0.010683059692382812,231.0,0.1607487052679062,100.0,3.2374989986419678,-0.0059904176741838455,0.7544066309928894,0.0,0.9993553161621094
1405,,,,,,,,-3.0138003826141357,3.3749998692655936e-05,-0.011199679225683212,0.013244731351733208,0.38097405433654785,0.01083993911743164,245.0,0.16083648800849915,100.0,3.2235045433044434,-0.007364907767623663,0.8068201541900635,0.0,0.9991840720176697
1406,,,,,,,,-3.0100159645080566,1.4999999621068127e-05,-0.04086264967918396,0.12938766181468964,0.38524794578552246,0.010159969329833984,242.0,0.1609364002943039,100.0,3.2235045433044434,-0.005733922123908997,0.5161803364753723,0.0,0.9993481636047363
1407,,,,,,,,-3.0051610469818115,0.00011390625149942935,-0.014980116859078407,0.02982618845999241,0.3885171413421631,0.011217832565307617,240.0,0.16107940673828125,100.0,3.2250630855560303,-0.005439035594463348,0.06359703093767166,0.0,0.999342143535614
1408,,,,,,,,-3.0001683235168457,3.3749998692655936e-05,-0.020000267773866653,0.02189803309738636,0.4040069580078125,0.011473894119262695,231.0,0.16088324785232544,100.0,3.236340045928955,-0.008780798874795437,1.4516448974609375,0.0,0.9993626475334167
1409,,,,,,,,-3.0071094036102295,3.3749998692655936e-05,-0.03131978213787079,0.019612224772572517,0.378572940826416,0.011385917663574219,246.0,0.16072212159633636,100.0,3.236340045928955,-0.005803368985652924,0.758256733417511,0.0,0.9992122054100037
1410,-0.00736114289611578,0.49553313851356506,0.0,0.9993165731430054,0.0,0.0,1.0,-3.014066696166992,0.00017085937724914402,-0.009672836400568485,0.368956595659256,0.3906679153442383,0.010912895202636719,239.0,0.16038981080055237,100.0,3.2307591438293457,-0.005377136170864105,1.5799188613891602,0.0,0.999355137348175
1411,,,,,,,,-3.0261518955230713,3.3749998692655936e-05,-0.021340386942029,0.004845984745770693,0.38726091384887695,0.010758161544799805,241.0,0.16024354100227356,100.0,3.2297987937927246,-0.006740110460668802,0.004848834127187729,0.0,0.9992740750312805
1412,,,,,,,,-3.029805898666382,2.2500000341096893e-05,-0.025986336171627045,0.02492275834083557,0.3918290138244629,0.011250019073486328,238.0,0.16014344990253448,100.0,3.2309045791625977,-0.007387492340058088,0.8710386157035828,0.0,0.9993181228637695
1413,,,,,,,,-3.037688970565796,7.593750342493877e-05,-0.01580556482076645,0.12721209228038788,0.3855421543121338,0.010365962982177734,242.0,0.1599116027355194,100.0,3.2309045791625977,-0.0057100155390799046,1.2186475992202759,0.0,0.9992387890815735
1414,,,,,,,,-3.050213098526001,1.4999999621068127e-05,-0.043444208800792694,0.16011463105678558,0.38855910301208496,0.010615825653076172,240.0,0.15974771976470947,100.0,3.2473151683807373,-0.006414918228983879,0.6830015182495117,0.0,0.9993533492088318
1415,,,,,,,,-3.0543313026428223,2.2500000341096893e-05,-0.018794309347867966,0.0062501318752765656,0.38915586471557617,0.011050939559936523,239.0,0.1597013771533966,100.0,3.2513253688812256,-0.006356663536280394,0.05666792765259743,0.0,0.9992849230766296
1416,,,,,,,,-3.054394245147705,5.062499985797331e-05,-0.011439498513936996,0.012427709996700287,0.3926389217376709,0.011566162109375,237.0,0.15978333353996277,100.0,3.252201557159424,-0.005602236837148666,0.7195048928260803,0.0,0.9993889331817627
1417,-0.005608819890767336,0.5329385995864868,0.0,0.9993039965629578,0.0,0.0,1.0,-3.0474700927734375,5.062499985797331e-05,-0.018654169514775276,0.16379642486572266,0.3882029056549072,0.010834932327270508,240.0,0.1599341481924057,100.0,3.2568180561065674,-0.0068654571659862995,1.1249403953552246,0.0,0.9993636012077332
1418,,,,,,,,-3.036200761795044,7.593750342493877e-05,-0.023495355620980263,0.009033044800162315,0.39016079902648926,0.011076211929321289,239.0,0.16023635864257812,100.0,3.25537109375,-0.006161876022815704,0.03436661139130592,0.0,0.9993428587913513
1419,,,,,,,,-3.027529001235962,7.593750342493877e-05,-0.025315742939710617,0.029532838612794876,0.3886380195617676,0.011158943176269531,240.0,0.16023994982242584,100.0,3.255601644515991,-0.0061304024420678616,0.7539588809013367,0.0,0.9992594718933105
1420,,,,,,,,-3.034801483154297,5.062499985797331e-05,-0.019910454750061035,0.02085738256573677,0.39171814918518066,0.010954141616821289,238.0,0.1599763035774231,100.0,3.239640235900879,-0.00686847185716033,0.7996652722358704,0.0,0.999403178691864
1421,,,,,,,,-3.0465056896209717,0.00017085937724914402,-0.014633653685450554,0.054082393646240234,0.39052510261535645,0.010675191879272461,239.0,0.1597900688648224,100.0,3.240156888961792,-0.007430478930473328,1.030172348022461,0.0,0.9993405938148499
1422,,,,,,,,-3.053316116333008,2.2500000341096893e-05,-0.007562531158328056,0.011463592760264874,0.3863101005554199,0.010634899139404297,241.0,0.15972159802913666,100.0,3.252166748046875,-0.005941422190517187,0.0003361390845384449,0.0,0.9993003010749817
1423,,,,,,,,-3.0561938285827637,2.2500000341096893e-05,-0.02688716910779476,0.01607358641922474,0.3743927478790283,0.010073184967041016,249.0,0.1597234159708023,100.0,3.238582134246826,-0.005519534926861525,0.8441994786262512,0.0,0.999331533908844
1424,,,,,,,,-3.055555820465088,2.2500000341096893e-05,-0.02362019009888172,0.011552613228559494,0.40162014961242676,0.01131296157836914,232.0,0.15981954336166382,100.0,3.237442970275879,-0.006241694092750549,0.8669300675392151,0.0,0.9994621276855469
1425,,,,,,,,-3.0539369583129883,7.593750342493877e-05,-0.01780034974217415,0.017100824043154716,0.39055514335632324,0.01092386245727539,239.0,0.15981419384479523,100.0,3.249213218688965,-0.006226145196706057,0.11414992809295654,0.0,0.9993460178375244
1426,,,,,,,,-3.059112548828125,5.062499985797331e-05,-0.026445254683494568,0.38144803047180176,0.3882272243499756,0.010711908340454102,240.0,0.15956662595272064,100.0,3.2614834308624268,-0.006657312158495188,1.300136685371399,0.0,0.9992364048957825
1427,,,,,,,,-3.068058490753174,7.593750342493877e-05,-0.027041073888540268,0.09570178389549255,0.3765139579772949,0.011538028717041016,247.0,0.15917882323265076,100.0,3.2614834308624268,-0.005647478625178337,0.7932308316230774,0.0,0.9993569254875183
1428,,,,,,,,-3.0834827423095703,2.2500000341096893e-05,-0.03047936223447323,0.01487298496067524,0.3909928798675537,0.010496139526367188,239.0,0.1589832305908203,100.0,3.2324516773223877,-0.007346196100115776,0.7580648064613342,0.0,0.9994584918022156
1429,,,,,,,,-3.086660623550415,2.2500000341096893e-05,-0.01377155538648367,0.0327066145837307,0.40370917320251465,0.010840892791748047,231.0,0.15899398922920227,100.0,3.244253635406494,-0.007970713078975677,0.269082248210907,0.0,0.999416172504425
1430,,,,,,,,-3.0867221355438232,3.3749998692655936e-05,-0.021361829712986946,0.07361739128828049,0.3786640167236328,0.01081705093383789,246.0,0.1589941382408142,100.0,3.2547481060028076,-0.007755182683467865,0.7175052762031555,0.0,0.9993069171905518
1431,,,,,,,,-3.087069272994995,3.3749998692655936e-05,-0.017056593671441078,0.16100800037384033,0.38584399223327637,0.01057291030883789,242.0,0.15899312496185303,100.0,3.2547481060028076,-0.005918165668845177,0.5668893456459045,0.0,0.9994621276855469
1432,,,,,,,,-3.085721969604492,3.3749998692655936e-05,-0.023609835654497147,0.03291518986225128,0.3887162208557129,0.011029958724975586,240.0,0.15908189117908478,100.0,3.2608225345611572,-0.0053496346808969975,0.1168765127658844,0.0,0.999493420124054
1433,,,,,,,,-3.08031964302063,2.2500000341096893e-05,-0.012767765671014786,0.08650149405002594,0.402087926864624,0.010451078414916992,232.0,0.15918676555156708,100.0,3.249176025390625,-0.009184137918055058,1.4569171667099,0.0,0.9993925094604492
1434,,,,,,,,-3.075817584991455,7.593750342493877e-05,-0.016384197399020195,0.024495886638760567,0.37401604652404785,0.011021137237548828,249.0,0.15927471220493317,100.0,3.249176025390625,-0.005857160314917564,0.7808430194854736,0.0,0.9992433190345764
1435,-0.006944486405700445,0.5442136526107788,0.0,0.9993546605110168,0.0,0.0,1.0,-3.071495532989502,3.3749998692655936e-05,-0.01839459501206875,0.08318379521369934,0.38826489448547363,0.011358022689819336,240.0,0.15941907465457916,100.0,3.2451295852661133,-0.006230551283806562,0.7919754385948181,0.0,0.9994319081306458
1436,,,,,,,,-3.0684094429016113,7.593750342493877e-05,-0.01688210479915142,0.008796916343271732,0.390275239944458,0.010956048965454102,239.0,0.15938395261764526,100.0,3.2463624477386475,-0.006473449990153313,0.0024383359123021364,0.0,0.9993864893913269
1437,,,,,,,,-3.0743813514709473,3.3749998692655936e-05,-0.02667231298983097,0.05715952441096306,0.3905029296875,0.011311054229736328,238.0,0.15915243327617645,100.0,3.2480859756469727,-0.006830262485891581,0.3350742757320404,0.0,0.999453604221344
1438,,,,,,,,-3.0810770988464355,2.2500000341096893e-05,-0.014074052684009075,0.027108442038297653,0.38771796226501465,0.010232925415039062,241.0,0.15908735990524292,100.0,3.2480859756469727,-0.0055722133256495,0.9583535194396973,0.0,0.9993829727172852
1439,,,,,,,,-3.0845768451690674,7.593750342493877e-05,-0.016054412350058556,0.03756539896130562,0.3889460563659668,0.010994911193847656,240.0,0.15900738537311554,100.0,3.248660087585449,-0.005670042242854834,0.635765016078949,0.0,0.99948650598526
1440,,,,,,,,-3.085402488708496,2.2500000341096893e-05,-0.023847509175539017,0.015632033348083496,0.3887939453125,0.010673046112060547,240.0,0.15908890962600708,100.0,3.25049090385437,-0.005186384078115225,0.04583033546805382,0.0,0.9994551539421082
1441,,,,,,,,-3.0821373462677,0.00017085937724914402,-0.014100482687354088,0.01727350801229477,0.3879399299621582,0.010805130004882812,240.0,0.15915915369987488,100.0,3.2419371604919434,-0.006347143556922674,0.23872822523117065,0.0,0.9994802474975586
1442,-0.00663716671988368,0.7560423612594604,0.0,0.9993680715560913,0.0,0.0,1.0,-3.0832691192626953,3.3749998692655936e-05,-0.02562873251736164,0.12370830029249191,0.3896760940551758,0.011099815368652344,239.0,0.15911458432674408,100.0,3.241661310195923,-0.007891851477324963,1.170467495918274,0.0,0.9993696212768555
1443,,,,,,,,-3.0873770713806152,5.062499985797331e-05,-0.022120123729109764,0.021685082465410233,0.39002084732055664,0.011623144149780273,239.0,0.15909826755523682,100.0,3.2403645515441895,-0.007351006846874952,0.025226831436157227,0.0,0.9994204044342041
1444,,,,,,,,-3.08992862701416,1.4999999621068127e-05,-0.00038479716749861836,0.016145432367920876,0.38762807846069336,0.011284112930297852,240.0,0.159073606133461,100.0,3.212383985519409,-0.006009458098560572,0.21798519790172577,0.0,0.9994516968727112
1445,,,,,,,,-3.0959737300872803,0.00017085937724914402,-0.007740949280560017,0.07970419526100159,0.3905651569366455,0.011119842529296875,238.0,0.15873447060585022,100.0,3.2106378078460693,-0.00657453341409564,0.7346360683441162,0.0,0.9995182156562805
1446,,,,,,,,-3.1270737648010254,2.2500000341096893e-05,-0.01695139706134796,0.04255063831806183,0.3885951042175293,0.010637044906616211,240.0,0.15832006931304932,100.0,3.2157881259918213,-0.006627436727285385,0.9668405652046204,0.0,0.9994060397148132
1447,,,,,,,,-3.1349639892578125,5.062499985797331e-05,-0.018110839650034904,0.011140492744743824,0.3876149654388428,0.010699033737182617,241.0,0.15837590396404266,100.0,3.208887815475464,-0.00635581323876977,0.028715001419186592,0.0,0.9993721842765808
1448,,,,,,,,-3.1350979804992676,7.593750342493877e-05,-0.019112439826130867,0.018068544566631317,0.37677907943725586,0.010344982147216797,247.0,0.15827955305576324,100.0,3.206583261489868,-0.005669502541422844,0.1853289157152176,0.0,0.9993860125541687
1449,,,,,,,,-3.139399528503418,3.3749998692655936e-05,-0.023491131141781807,0.0573481060564518,0.40145397186279297,0.011253118515014648,232.0,0.15823714435100555,100.0,3.207080364227295,-0.007387489080429077,0.8423516154289246,0.0,0.9995175004005432
1450,,,,,,,,-3.1372947692871094,2.2500000341096893e-05,-0.025905979797244072,0.039647176861763,0.3907647132873535,0.010537147521972656,239.0,0.1583290547132492,100.0,3.1969034671783447,-0.006891738157719374,0.9055368900299072,0.0,0.9994165301322937
1451,,,,,,,,-3.1376984119415283,5.062499985797331e-05,-0.02220909669995308,0.019245831295847893,0.39061713218688965,0.011182785034179688,238.0,0.15822896361351013,100.0,3.1868338584899902,-0.006595628336071968,0.7273616790771484,0.0,0.9992814064025879
1452,,,,,,,,-3.1463170051574707,5.062499985797331e-05,-0.01521964743733406,0.10806526988744736,0.37557411193847656,0.011235952377319336,248.0,0.1581059694290161,100.0,3.1868338584899902,-0.006347780581563711,0.1597113013267517,0.0,0.9993731379508972
1453,,,,,,,,-3.148420572280884,0.00017085937724914402,-0.016226062551140785,0.02446807362139225,0.39119482040405273,0.011066198348999023,238.0,0.15844278037548065,100.0,3.205646276473999,-0.007500261068344116,0.18291924893856049,0.0,0.9994292259216309
1454,,,,,,,,-3.1255197525024414,2.2500000341096893e-05,-0.030120501294732094,0.0418458990752697,0.4042549133300781,0.011384963989257812,230.0,0.15895816683769226,100.0,3.206319808959961,-0.00651366775855422,0.20594970881938934,0.0,0.9994730353355408
1455,,,,,,,,-3.1162779331207275,5.062499985797331e-05,-0.01669163443148136,0.04201550409197807,0.37955689430236816,0.010248899459838867,246.0,0.15901720523834229,100.0,3.1947546005249023,-0.006416253745555878,0.7974174618721008,0.0,0.9993498921394348
1456,,,,,,,,-3.1099560260772705,5.062499985797331e-05,-0.0260650422424078,0.02804013155400753,0.38634634017944336,0.010348796844482422,241.0,0.15924224257469177,100.0,3.1947546005249023,-0.0041031306609511375,0.8191093802452087,0.0,0.99947589635849
1457,,,,,,,,-3.0981597900390625,3.3749998692655936e-05,-0.02588537149131298,0.011597946286201477,0.3877260684967041,0.010561943054199219,241.0,0.15934635698795319,100.0,3.1857595443725586,-0.006762465927749872,0.09950345009565353,0.0,0.9994432330131531
1458,,,,,,,,-3.092005968093872,3.3749998692655936e-05,-0.013124896213412285,0.028913063928484917,0.399554967880249,0.010271072387695312,234.0,0.15941868722438812,100.0,3.1778554916381836,-0.008634206838905811,1.5118268728256226,0.0,0.9993722438812256
1459,,,,,,,,-3.0891237258911133,5.062499985797331e-05,-0.025473712012171745,0.022436469793319702,0.37293195724487305,0.011148214340209961,249.0,0.15943272411823273,100.0,3.1778554916381836,-0.004727634135633707,0.8187558054924011,0.0,0.9992141127586365
1460,-0.006078508682549,0.7863450646400452,0.0,0.9993188977241516,0.0,0.0,1.0,-3.0888452529907227,1.4999999621068127e-05,-0.01923162117600441,0.015465548262000084,0.3893458843231201,0.010684013366699219,239.0,0.15944303572177887,100.0,3.1794323921203613,-0.006139615084975958,0.7972601056098938,0.0,0.9993980526924133
1461,,,,,,,,-3.0861430168151855,7.593750342493877e-05,-0.01566859893500805,0.004487877711653709,0.3918468952178955,0.010711193084716797,238.0,0.15958082675933838,100.0,3.182410478591919,-0.007110828999429941,0.002532827900722623,0.0,0.9993281364440918
1462,,,,,,,,-3.0789430141448975,2.2500000341096893e-05,-0.03880826011300087,0.09218291938304901,0.3935360908508301,0.011461019515991211,237.0,0.15966065227985382,100.0,3.207765579223633,-0.007213026285171509,0.2255452424287796,0.0,0.9994105696678162
1463,,,,,,,,-3.074855327606201,7.593750342493877e-05,-0.017513122409582138,0.08643624186515808,0.3871619701385498,0.010216951370239258,241.0,0.1597667932510376,100.0,3.207765579223633,-0.005510749761015177,1.577358603477478,0.0,0.9992671608924866
1464,,,,,,,,-3.072462797164917,0.00017085937724914402,-0.017143024131655693,0.033954113721847534,0.38982605934143066,0.01102304458618164,239.0,0.1596134752035141,100.0,3.2090070247650146,-0.0077482834458351135,0.7310280799865723,0.0,0.9993977546691895
1465,,,,,,,,-3.078266143798828,3.3749998692655936e-05,-0.03212416544556618,0.011325239203870296,0.39098024368286133,0.010251760482788086,239.0,0.15942591428756714,100.0,3.2008657455444336,-0.006517403293401003,7.168777301558293e-06,0.0,0.9993035197257996
1466,,,,,,,,-3.0759942531585693,0.00011390625149942935,-0.016993766650557518,0.022786416113376617,0.3922560214996338,0.011456012725830078,237.0,0.1595771759748459,100.0,3.199784278869629,-0.007565099745988846,0.783564031124115,0.0,0.9993689656257629
1467,-0.006822886876761913,0.8519061803817749,0.0,0.9992886185646057,0.0,0.0,1.0,-3.068469762802124,2.2500000341096893e-05,-0.0331929586827755,0.1513417661190033,0.3875861167907715,0.010563135147094727,241.0,0.15973803400993347,100.0,3.2021448612213135,-0.008012842386960983,0.5146242380142212,0.0,0.9993497729301453
1468,,,,,,,,-3.0630674362182617,0.00011390625149942935,-0.010365253314375877,0.03896398842334747,0.389070987701416,0.010282039642333984,240.0,0.15995590388774872,100.0,3.2011122703552246,-0.007044188212603331,0.02964598499238491,0.0,0.9993555545806885
1469,,,,,,,,-3.057697057723999,7.593750342493877e-05,-0.018542107194662094,0.030997199937701225,0.38823604583740234,0.010650873184204102,240.0,0.16003473103046417,100.0,3.2018916606903076,-0.005792532116174698,0.7368216514587402,0.0,0.9993515014648438
1470,,,,,,,,-3.05985164642334,3.3749998692655936e-05,-0.022877439856529236,0.07826105505228043,0.39238929748535156,0.01220083236694336,237.0,0.16019049286842346,100.0,3.1906113624572754,-0.007666924502700567,0.1792580634355545,0.0,0.9995482563972473
1471,,,,,,,,-3.0540804862976074,0.00017085937724914402,-0.0057190703228116035,0.11537117511034012,0.39717578887939453,0.01154017448425293,234.0,0.16031001508235931,100.0,3.193726062774658,-0.00717802532017231,1.715485692024231,0.0,0.9993707537651062
1472,,,,,,,,-3.0546624660491943,1.4999999621068127e-05,-0.028687475249171257,0.012737237848341465,0.3873558044433594,0.010448217391967773,241.0,0.16020290553569794,100.0,3.194824457168579,-0.006897020619362593,0.00017422928067389876,0.0,0.9993116855621338
1473,,,,,,,,-3.0584776401519775,0.0002562890585977584,-0.008731851354241371,0.03179538622498512,0.3776118755340576,0.010581731796264648,247.0,0.16004709899425507,100.0,3.194228410720825,-0.0063541606068611145,0.8135945200920105,0.0,0.9993789792060852
1474,,,,,,,,-3.0617380142211914,0.00011390625149942935,-0.016324572265148163,0.06800724565982819,0.4069550037384033,0.011181831359863281,229.0,0.1600695550441742,100.0,3.197061777114868,-0.007376359310001135,0.25061002373695374,0.0,0.9994359016418457
1475,,,,,,,,-3.0661263465881348,2.2500000341096893e-05,-0.02165026031434536,0.0879889503121376,0.3910331726074219,0.011249780654907227,238.0,0.1598949432373047,100.0,3.2057013511657715,-0.007380292285233736,0.7720909118652344,0.0,0.9993918538093567
1476,,,,,,,,-3.073136806488037,0.00011390625149942935,-0.021150659769773483,0.044090840965509415,0.3877730369567871,0.010617971420288086,240.0,0.15988948941230774,100.0,3.2114388942718506,-0.006555497646331787,0.8766496181488037,0.0,0.9992946982383728
1477,,,,,,,,-3.073047399520874,2.2500000341096893e-05,-0.020339010283350945,0.013596954755485058,0.3746509552001953,0.010673999786376953,249.0,0.15990865230560303,100.0,3.2114388942718506,-0.0048979404382407665,0.37067148089408875,0.0,0.9994369149208069
1478,,,,,,,,-3.0743699073791504,2.2500000341096893e-05,-0.012452498078346252,0.0689329281449318,0.38944005966186523,0.010204792022705078,240.0,0.1598704606294632,100.0,3.2032320499420166,-0.008188504725694656,0.7095803618431091,0.0,0.9994634985923767
1479,,,,,,,,-3.076903820037842,5.062499985797331e-05,-0.01848563179373741,0.017074091359972954,0.40161705017089844,0.010237932205200195,233.0,0.15982182323932648,100.0,3.213611602783203,-0.007222895044833422,0.07436610013246536,0.0,0.9994063973426819
1480,,,,,,,,-3.079153537750244,0.00011390625149942935,-0.018789250403642654,0.015975672751665115,0.3787558078765869,0.010821104049682617,246.0,0.1597820520401001,100.0,3.207172155380249,-0.007813742384314537,0.2399604320526123,0.0,0.9992663860321045
1481,,,,,,,,-3.0853676795959473,2.2500000341096893e-05,-0.0001622669369680807,0.038409166038036346,0.3849670886993408,0.010886907577514648,242.0,0.1596391350030899,100.0,3.207172155380249,-0.006844107527285814,0.8544430136680603,0.0,0.9994128346443176
1482,,,,,,,,-3.089569091796875,1.4999999621068127e-05,-0.018904345110058784,0.008313206024467945,0.3911740779876709,0.011509895324707031,238.0,0.15956999361515045,100.0,3.2062785625457764,-0.00740732392296195,0.06721469759941101,0.0,0.9994068741798401
1483,,,,,,,,-3.09216570854187,2.2500000341096893e-05,-0.03106429986655712,0.06658659875392914,0.40274572372436523,0.011007070541381836,232.0,0.15954308211803436,100.0,3.1817305088043213,-0.008427038788795471,1.7482995986938477,0.0,0.9993674159049988
1484,,,,,,,,-3.097071647644043,5.062499985797331e-05,-0.01560517679899931,0.04324747994542122,0.37534213066101074,0.010416030883789062,248.0,0.15932981669902802,100.0,3.1817305088043213,-0.006258211564272642,0.9272966384887695,0.0,0.999152421951294
1485,-0.00765628507360816,0.8202653527259827,0.0,0.9992735981941223,0.0,0.0,1.0,-3.109811782836914,2.2500000341096893e-05,-0.020917057991027832,0.06563640385866165,0.4651679992675781,0.016132116317749023,199.0,0.15915513038635254,100.0,3.183846950531006,-0.007227730471640825,0.9745316505432129,0.0,0.9993303418159485
1486,,,,,,,,-3.113300323486328,0.00017085937724914402,-0.014548282139003277,0.00907751452177763,0.42105889320373535,0.011671066284179688,221.0,0.1590191274881363,100.0,3.190138339996338,-0.005841269623488188,0.003012745874002576,0.0,0.9992688298225403
1487,,,,,,,,-3.114490032196045,3.3749998692655936e-05,-0.030434591695666313,0.05132954567670822,0.4025561809539795,0.010896921157836914,232.0,0.15884539484977722,100.0,3.207322359085083,-0.010060573928058147,0.28372886776924133,0.0,0.9993453025817871
1488,,,,,,,,-3.1190171241760254,0.00017085937724914402,-0.015905186533927917,0.7303734421730042,0.38573193550109863,0.010487794876098633,242.0,0.15868864953517914,100.0,3.207322359085083,-0.006041858345270157,0.2073383331298828,0.0,0.999305009841919
1489,,,,,,,,-3.1255364418029785,1.4999999621068127e-05,-0.006090788636356592,0.1157287210226059,0.3880441188812256,0.012272834777832031,239.0,0.15858277678489685,100.0,3.211564064025879,-0.007222471758723259,0.14305830001831055,0.0,0.9994290471076965
1490,,,,,,,,-3.12469220161438,0.00011390625149942935,-0.014787501655519009,0.24074019491672516,0.39163994789123535,0.011070013046264648,238.0,0.15865424275398254,100.0,3.2025318145751953,-0.006002871319651604,0.00826752558350563,0.0,0.9994404315948486
1491,,,,,,,,-3.1190409660339355,2.2500000341096893e-05,-0.01755461096763611,0.5140288472175598,0.38933682441711426,0.011430025100708008,239.0,0.15874789655208588,100.0,3.1915571689605713,-0.007049694657325745,0.14953738451004028,0.0,0.999472439289093
1492,-0.007105609867721796,0.1461736261844635,0.0,0.9994118809700012,0.0,0.0,1.0,-3.11607027053833,3.3749998692655936e-05,-0.007450422737747431,0.3798871636390686,0.3890390396118164,0.011953115463256836,239.0,0.15881474316120148,100.0,3.178365707397461,-0.007844035513699055,1.06281316280365,0.0,0.999373733997345
1493,,,,,,,,-3.1130497455596924,3.3749998692655936e-05,-0.012525515630841255,0.07252521812915802,0.3899979591369629,0.011198043823242188,239.0,0.1588546484708786,100.0,3.177342176437378,-0.006527429912239313,0.03890998288989067,0.0,0.9993130564689636
1494,,,,,,,,-3.115114688873291,5.062499985797331e-05,-0.02375115267932415,0.07749533653259277,0.3889451026916504,0.012648820877075195,239.0,0.1585717499256134,100.0,3.178762912750244,-0.007482029497623444,0.842268168926239,0.0,0.9992823004722595
1495,,,,,,,,-3.1300582885742188,5.062499985797331e-05,-0.016385149210691452,0.09742714464664459,0.3929018974304199,0.0112762451171875,237.0,0.15815705060958862,100.0,3.1675188541412354,-0.006667847279459238,0.8947436213493347,0.0,0.9993289113044739
1496,,,,,,,,-3.141160011291504,5.062499985797331e-05,-0.02208111248910427,0.09846027940511703,0.38924193382263184,0.010964155197143555,239.0,0.15807585418224335,100.0,3.1715054512023926,-0.006497569847851992,0.34873560070991516,0.0,0.9992380142211914
1497,,,,,,,,-3.1446540355682373,7.593750342493877e-05,-0.02026263065636158,0.009950090199708939,0.3885660171508789,0.010402917861938477,240.0,0.15804556012153625,100.0,3.173570156097412,-0.006455674767494202,0.023074986413121223,0.0,0.9992477297782898
1498,,,,,,,,-3.1325368881225586,0.00011390625149942935,-0.01492767408490181,0.06307937949895859,0.37682104110717773,0.010637044906616211,247.0,0.1589723378419876,100.0,3.18747615814209,-0.006754156667739153,0.1745491772890091,0.0,0.9993109703063965
1499,,,,,,,,-3.0983846187591553,2.2500000341096893e-05,-0.03749644383788109,0.20444290339946747,0.39946484565734863,0.01017308235168457,234.0,0.15930411219596863,100.0,3.176750659942627,-0.006808100268244743,0.15735630691051483,0.0,0.9995191693305969
1500,,,,,,,,-3.0938544273376465,3.3749998692655936e-05,-0.01226549781858921,0.41587892174720764,0.39333105087280273,0.010970830917358398,237.0,0.15936481952667236,100.0,3.1652402877807617,-0.00762440450489521,0.1729324609041214,0.0,0.9994540214538574
1501,,,,,,,,-3.094404935836792,7.593750342493877e-05,-0.02639082446694374,0.16627132892608643,0.399960994720459,0.011677026748657227,233.0,0.15929239988327026,100.0,3.162986993789673,-0.0071060736663639545,0.8371885418891907,0.0,0.9992406368255615
1502,,,,,,,,-3.105201244354248,3.3749998692655936e-05,-0.018675729632377625,0.25325876474380493,0.38502001762390137,0.011606931686401367,242.0,0.15900468826293945,100.0,3.162986993789673,-0.007108308840543032,0.889124870300293,0.0,0.999309778213501
1503,,,,,,,,-3.118562698364258,0.00011390625149942935,-0.00607929565012455,0.188211590051651,0.39174413681030273,0.010522842407226562,238.0,0.15863128006458282,100.0,3.1458473205566406,-0.007155217230319977,0.8873538374900818,0.0,0.9993463158607483
1504,,,,,,,,-3.1316030025482178,0.00017085937724914402,-0.013759201392531395,0.18966548144817352,0.4029829502105713,0.010778188705444336,232.0,0.158659890294075,100.0,3.1478073596954346,-0.006852717604488134,0.9289731979370117,0.0,0.9992480278015137
1505,,,,,,,,-3.118004322052002,3.3749998692655936e-05,-0.017976609990000725,0.09660598635673523,0.3773691654205322,0.010182857513427734,247.0,0.15894964337348938,100.0,3.14925217628479,-0.006393931806087494,0.8984556198120117,0.0,0.9990504384040833
1506,,,,,,,,-3.1112518310546875,0.00011390625149942935,-0.019750915467739105,0.4314829707145691,0.38531494140625,0.010781049728393555,242.0,0.158960223197937,100.0,3.14925217628479,-0.004988397471606731,0.15027476847171783,0.0,0.9992734789848328
1507,,,,,,,,-3.112048387527466,7.593750342493877e-05,-0.015340493060648441,0.04583953320980072,0.3905658721923828,0.011635303497314453,238.0,0.1588393598794937,100.0,3.155867099761963,-0.006037553306668997,0.07778137922286987,0.0,0.9993057250976562
1508,,,,,,,,-3.1166532039642334,3.3749998692655936e-05,-0.019645927473902702,0.23788641393184662,0.40237903594970703,0.010516881942749023,232.0,0.15887299180030823,100.0,3.170559883117676,-0.008450922556221485,1.0344250202178955,0.0,0.9992807507514954
1509,,,,,,,,-3.1160995960235596,7.593750342493877e-05,-0.007813622243702412,0.2685796916484833,0.37819886207580566,0.011037111282348633,246.0,0.15882861614227295,100.0,3.170559883117676,-0.007004646118730307,0.8842781186103821,0.0,0.9992032051086426
1510,-0.007743087597191334,0.1442972719669342,0.0,0.9993786215782166,0.0,0.0,1.0,-3.123941421508789,5.062499985797331e-05,-0.024654043838381767,0.3689403235912323,0.38780975341796875,0.01070713996887207,240.0,0.15864384174346924,100.0,3.159108877182007,-0.006123384460806847,0.14409779012203217,0.0,0.9992863535881042
1511,,,,,,,,-3.1281042098999023,5.062499985797331e-05,-0.012467806227505207,0.045924752950668335,0.39101481437683105,0.010857105255126953,238.0,0.15873605012893677,100.0,3.1618242263793945,-0.006113426294177771,0.005006568506360054,0.0,0.999334990978241
1512,,,,,,,,-3.1245086193084717,5.062499985797331e-05,-0.01618991047143936,0.1335034817457199,0.3945798873901367,0.010509014129638672,236.0,0.15877805650234222,100.0,3.1512913703918457,-0.0087248794734478,0.9332799315452576,0.0,0.9992998242378235
1513,,,,,,,,-3.128164052963257,5.062499985797331e-05,-0.016908518970012665,0.17057918012142181,0.3922152519226074,0.01071476936340332,238.0,0.1585475355386734,100.0,3.1512913703918457,-0.006575224455446005,1.7289479970932007,0.0,0.9991982579231262
1514,,,,,,,,-3.1380257606506348,3.3749998692655936e-05,-0.030125975608825684,0.10999750345945358,0.38923001289367676,0.010684013366699219,240.0,0.1584046185016632,100.0,3.144195079803467,-0.007449971046298742,0.12782366573810577,0.0,0.9992722868919373
1515,,,,,,,,-3.1429147720336914,3.3749998692655936e-05,-0.02672148123383522,0.12920507788658142,0.38833189010620117,0.011308908462524414,240.0,0.15831215679645538,100.0,3.1472110748291016,-0.006939725484699011,0.007624270860105753,0.0,0.9992623329162598
1516,,,,,,,,-3.1452462673187256,7.593750342493877e-05,-0.02966764196753502,0.22987337410449982,0.39130401611328125,0.011503934860229492,238.0,0.15834635496139526,100.0,3.14829683303833,-0.007429890334606171,0.15827517211437225,0.0,0.9993489384651184
1517,-0.008012390695512295,0.8803371787071228,0.0,0.9992086291313171,0.0,0.0,1.0,-3.1399829387664795,5.062499985797331e-05,-0.030558332800865173,0.53472900390625,0.3895432949066162,0.010391712188720703,240.0,0.15836818516254425,100.0,3.151679515838623,-0.0073195043951272964,1.0305390357971191,0.0,0.9993346333503723
1518,,,,,,,,-3.1353518962860107,7.593750342493877e-05,-0.0146772600710392,0.052853524684906006,0.3892347812652588,0.0108489990234375,239.0,0.15841545164585114,100.0,3.123915433883667,-0.009366356767714024,0.026681028306484222,0.0,0.9993985295295715
1519,,,,,,,,-3.1290597915649414,0.00017085937724914402,-0.016356969252228737,0.06926310062408447,0.4043111801147461,0.012363910675048828,230.0,0.15845105051994324,100.0,3.1114838123321533,-0.007484506815671921,0.1255497932434082,0.0,0.9993547797203064
1520,,,,,,,,-3.1281399726867676,7.593750342493877e-05,-0.010021270252764225,0.259307861328125,0.393218994140625,0.011415958404541016,237.0,0.1585712879896164,100.0,3.1144444942474365,-0.007886389270424843,0.851512610912323,0.0,0.9993765354156494
1521,,,,,,,,-3.120816946029663,7.593750342493877e-05,-0.027331294491887093,0.2532966136932373,0.3908247947692871,0.01077890396118164,239.0,0.15897737443447113,100.0,3.1064791679382324,-0.00817959476262331,1.0180696249008179,0.0,0.9993589520454407
1522,,,,,,,,-3.1022415161132812,5.062499985797331e-05,-0.022888772189617157,0.012702400796115398,0.3885009288787842,0.011317968368530273,240.0,0.15943241119384766,100.0,3.0951552391052246,-0.007617961149662733,0.00016783161845523864,0.0,0.9992587566375732
1523,,,,,,,,-3.0835258960723877,7.593750342493877e-05,-0.03364155441522598,0.21604855358600616,0.37659311294555664,0.010628938674926758,247.0,0.15968477725982666,100.0,3.097745656967163,-0.006723383907228708,0.9057860970497131,0.0,0.9992358684539795
1524,,,,,,,,-3.069679021835327,5.062499985797331e-05,-0.027393236756324768,0.08305038511753082,0.40118885040283203,0.010863304138183594,232.0,0.1598714143037796,100.0,3.094024896621704,-0.008090335875749588,0.18411009013652802,0.0,0.999415934085846
1525,,,,,,,,-3.06025767326355,7.593750342493877e-05,-0.013441240414977074,0.09323003143072128,0.39188218116760254,0.010905981063842773,238.0,0.16005460917949677,100.0,3.0955097675323486,-0.006572714541107416,0.21866393089294434,0.0,0.9993555545806885
1526,,,,,,,,-3.0470244884490967,7.593750342493877e-05,-0.02986084297299385,0.16283251345157623,0.3862309455871582,0.012166976928710938,240.0,0.1602982133626938,100.0,3.097771167755127,-0.0074227540753781796,0.8772706389427185,0.0,0.9992461204528809
1527,,,,,,,,-3.0389840602874756,1.4999999621068127e-05,-0.020421864464879036,0.09948596358299255,0.3764841556549072,0.011583089828491211,247.0,0.1603604257106781,100.0,3.097771167755127,-0.007393239066004753,0.16057106852531433,0.0,0.9993981719017029
1528,,,,,,,,-3.039008617401123,5.062499985797331e-05,-0.0070294663310050964,0.18893158435821533,0.389420747756958,0.01065206527709961,239.0,0.16031962633132935,100.0,3.0858561992645264,-0.007126871962100267,0.14631275832653046,0.0,0.9994441866874695
1529,,,,,,,,-3.041161060333252,2.2500000341096893e-05,-0.015272538177669048,0.10653770714998245,0.4063711166381836,0.010618925094604492,230.0,0.16023218631744385,100.0,3.0871646404266357,-0.007323014084249735,0.18159373104572296,0.0,0.9994284510612488
1530,,,,,,,,-3.0433342456817627,3.3749998692655936e-05,-0.015070658177137375,0.04548794403672218,0.3773818016052246,0.01053309440612793,247.0,0.16020730137825012,100.0,3.0740013122558594,-0.007351579610258341,0.19932813942432404,0.0,0.9993021488189697
1531,,,,,,,,-3.04508638381958,0.00017085937724914402,-0.008968831039965153,0.01909135840833187,0.3877739906311035,0.011050939559936523,240.0,0.1601264625787735,100.0,3.0740013122558594,-0.007864120416343212,0.19154198467731476,0.0,0.9994232058525085
1532,,,,,,,,-3.045607566833496,1.4999999621068127e-05,0.0004085645196028054,0.06513237208127975,0.38912010192871094,0.011464118957519531,239.0,0.1601957380771637,100.0,3.0601959228515625,-0.007474806159734726,0.0912662148475647,0.0,0.999472439289093
1533,,,,,,,,-3.041656970977783,3.3749998692655936e-05,-0.02123165689408779,0.04831767454743385,0.4014267921447754,0.010541200637817383,233.0,0.160343199968338,100.0,3.040282964706421,-0.008866710588335991,0.25103631615638733,0.0,0.9994775652885437
1534,,,,,,,,-3.0333495140075684,2.2500000341096893e-05,-0.014524098485708237,0.2821717858314514,0.37610697746276855,0.01093912124633789,248.0,0.16051898896694183,100.0,3.040282964706421,-0.006191123276948929,0.1583622843027115,0.0,0.9993050694465637
1535,-0.009189090691506863,0.1839745044708252,0.0,0.9993945360183716,0.0,0.0,1.0,-3.0291895866394043,0.00017085937724914402,-0.014234501868486404,0.463789701461792,0.38723206520080566,0.010729074478149414,241.0,0.16055159270763397,100.0,3.0286805629730225,-0.009087649174034595,0.9095503687858582,0.0,0.9994280338287354
1536,,,,,,,,-3.028270959854126,5.062499985797331e-05,-0.03644072636961937,0.018188854679465294,0.3874540328979492,0.010417938232421875,241.0,0.16066555678844452,100.0,3.01699161529541,-0.0070791603066027164,0.0027035686653107405,0.0,0.9993556141853333
1537,,,,,,,,-3.0264477729797363,3.3749998692655936e-05,-0.0255931057035923,0.06062940135598183,0.39188194274902344,0.010447025299072266,238.0,0.16063429415225983,100.0,3.0047366619110107,-0.00830730702728033,0.260643869638443,0.0,0.999396026134491
1538,,,,,,,,-3.0314860343933105,0.00011390625149942935,-0.01495715044438839,0.5713770389556885,0.3846449851989746,0.010648965835571289,242.0,0.16020944714546204,100.0,3.0047366619110107,-0.0064002214930951595,0.9487700462341309,0.0,0.9992740750312805
1539,,,,,,,,-3.0555522441864014,5.062499985797331e-05,-0.03394494950771332,0.09235457330942154,0.38973426818847656,0.010606050491333008,239.0,0.15963493287563324,100.0,3.011314630508423,-0.006997225806117058,0.14287169277668,0.0,0.9993688464164734
1540,,,,,,,,-3.072793483734131,3.3749998692655936e-05,-0.032991886138916016,0.0076027908362448215,0.39042186737060547,0.010514974594116211,239.0,0.15935364365577698,100.0,2.998938798904419,-0.008262347429990768,0.009569513611495495,0.0,0.9994084239006042
1541,,,,,,,,-3.0822560787200928,3.3749998692655936e-05,-0.024709930643439293,0.024276072159409523,0.389876127243042,0.010229825973510742,239.0,0.1592101752758026,100.0,2.987504243850708,-0.0066326032392680645,0.17579863965511322,0.0,0.9994192123413086
1542,-0.006396124605089426,0.8428213000297546,0.0,0.9992192983627319,0.0,0.0,1.0,-3.0859220027923584,3.3749998692655936e-05,-0.03296470642089844,0.1318751871585846,0.3910341262817383,0.010415792465209961,239.0,0.15917469561100006,100.0,2.9893767833709717,-0.007168121635913849,0.32033851742744446,0.0,0.9994268417358398
1543,,,,,,,,-3.0869216918945312,5.062499985797331e-05,-0.015220541507005692,0.024837955832481384,0.3896787166595459,0.011323213577270508,239.0,0.15921542048454285,100.0,2.9770846366882324,-0.007046809885650873,0.031507935374975204,0.0,0.9994376301765442
1544,,,,,,,,-3.087369203567505,0.00017085937724914402,-0.018874987959861755,0.33254626393318176,0.3908867835998535,0.011703014373779297,238.0,0.15915870666503906,100.0,2.9756319522857666,-0.008152596652507782,0.8669042587280273,0.0,0.9993564486503601
1545,,,,,,,,-3.0930724143981934,3.3749998692655936e-05,-0.025652678683400154,0.10501455515623093,0.3897099494934082,0.010319948196411133,239.0,0.15927612781524658,100.0,2.973527669906616,-0.008382999338209629,0.15365377068519592,0.0,0.999498188495636
1546,,,,,,,,-3.078665256500244,0.00017085937724914402,-0.007320087403059006,0.6493933200836182,0.3907320499420166,0.01117086410522461,238.0,0.16001515090465546,100.0,2.961650848388672,-0.007190375123172998,0.9957273602485657,0.0,0.9993147850036621
1547,,,,,,,,-3.0379891395568848,5.062499985797331e-05,-0.016379501670598984,0.0346425324678421,0.3945350646972656,0.011059045791625977,236.0,0.1604924499988556,100.0,2.9657726287841797,-0.008113126270473003,0.03638339042663574,0.0,0.9992501139640808
1548,,,,,,,,-3.0275683403015137,3.3749998692655936e-05,-0.020034009590744972,0.20194341242313385,0.3757951259613037,0.010584115982055664,248.0,0.16065047681331635,100.0,2.9641611576080322,-0.007030161563307047,0.15031786262989044,0.0,0.9993557929992676
1549,,,,,,,,-3.02053165435791,2.2500000341096893e-05,-0.01820150762796402,0.07011473923921585,0.4010617733001709,0.011306047439575195,232.0,0.16082242131233215,100.0,2.968289852142334,-0.007270578760653734,0.16251502931118011,0.0,0.9994127750396729
1550,,,,,,,,-3.01334810256958,0.00011390625149942935,-0.006821894086897373,0.7447065711021423,0.3912961483001709,0.010400056838989258,238.0,0.16105912625789642,100.0,2.961397647857666,-0.007765665650367737,0.8813164234161377,0.0,0.9993688464164734
1551,,,,,,,,-2.9983954429626465,2.2500000341096893e-05,-0.027003362774848938,0.03687656298279762,0.38741183280944824,0.010363101959228516,241.0,0.1613074243068695,100.0,2.959599256515503,-0.007534658070653677,0.12658873200416565,0.0,0.9992663264274597
1552,,,,,,,,-2.992330312728882,7.593750342493877e-05,-0.024637717753648758,0.7930799126625061,0.38162899017333984,0.011831998825073242,243.0,0.16138285398483276,100.0,2.959599256515503,-0.006686985492706299,0.9244022369384766,0.0,0.9992939829826355
1553,,,,,,,,-2.9903414249420166,1.4999999621068127e-05,-0.029774947091937065,0.16105860471725464,0.3909566402435303,0.010757207870483398,238.0,0.16134774684906006,100.0,2.9510271549224854,-0.007419963832944632,0.1532980352640152,0.0,0.9993522763252258
1554,,,,,,,,-2.992483615875244,5.062499985797331e-05,-0.015586301684379578,0.14237262308597565,0.40599989891052246,0.010784387588500977,230.0,0.16127827763557434,100.0,2.9488024711608887,-0.007231046911329031,0.14590632915496826,0.0,0.9994130730628967
1555,,,,,,,,-2.995332717895508,3.3749998692655936e-05,-0.016419511288404465,0.19123703241348267,0.37784790992736816,0.01152801513671875,246.0,0.16121748089790344,100.0,2.962956190109253,-0.008628061972558498,0.14559583365917206,0.0,0.9992459416389465
1556,,,,,,,,-2.9980733394622803,7.593750342493877e-05,-0.015246382914483547,0.09239388257265091,0.38610100746154785,0.010480165481567383,242.0,0.16121035814285278,100.0,2.962956190109253,-0.005635333713144064,0.1573891043663025,0.0,0.9993928074836731
1557,,,,,,,,-3.0027027130126953,3.3749998692655936e-05,-0.01796638034284115,0.3460289239883423,0.3944127559661865,0.011256217956542969,236.0,0.1609872579574585,100.0,2.9497787952423096,-0.006952982861548662,0.07565123587846756,0.0,0.9994082450866699
1558,,,,,,,,-3.015629291534424,7.593750342493877e-05,-0.024367032572627068,0.9401585459709167,0.404674768447876,0.011872053146362305,230.0,0.16072922945022583,100.0,2.9239814281463623,-0.010126001201570034,1.690362572669983,0.0,0.9993531703948975
1559,,,,,,,,-3.040088653564453,5.062499985797331e-05,-0.01408142689615488,0.1375911980867386,0.3876469135284424,0.010888338088989258,240.0,0.1599787026643753,100.0,2.9239814281463623,-0.007289765868335962,0.1409323513507843,0.0,0.9991924166679382
1560,-0.008403652347624302,0.15110719203948975,0.0,0.999439001083374,0.0,0.0,1.0,-3.0726397037506104,3.3749998692655936e-05,-0.01633516512811184,0.10007543116807938,0.4259462356567383,0.012420654296875,218.0,0.1594974249601364,100.0,2.9238975048065186,-0.008421163074672222,0.14505122601985931,0.0,0.9992837309837341
1561,,,,,,,,-3.088838815689087,3.3749998692655936e-05,-0.02117847464978695,0.039872974157333374,0.4240849018096924,0.01246500015258789,219.0,0.15930859744548798,100.0,2.9373013973236084,-0.008586302399635315,0.004674320109188557,0.0,0.9992397427558899
1562,,,,,,,,-3.0972418785095215,7.593750342493877e-05,-0.017757562920451164,0.8422910571098328,0.4178612232208252,0.010965824127197266,223.0,0.1590195894241333,100.0,2.9375667572021484,-0.009197413921356201,0.9531074166297913,0.0,0.9992701411247253
1563,,,,,,,,-3.103502035140991,3.3749998692655936e-05,-0.020223570987582207,0.1452663689851761,0.38523197174072266,0.010202169418334961,242.0,0.1589285135269165,100.0,2.9375667572021484,-0.006639487575739622,0.9022579789161682,0.0,0.9991450905799866
1564,,,,,,,,-3.1086761951446533,7.593750342493877e-05,-0.02402395009994507,0.07401871681213379,0.3928840160369873,0.010950088500976562,237.0,0.15859530866146088,100.0,2.924607038497925,-0.007016371935606003,0.13638240098953247,0.0,0.9992621541023254
1565,,,,,,,,-3.120298385620117,3.3749998692655936e-05,-0.020073626190423965,0.05022295564413071,0.39601993560791016,0.010824918746948242,235.0,0.15835539996623993,100.0,2.9259257316589355,-0.007902122102677822,0.00823234673589468,0.0,0.9992067217826843
1566,,,,,,,,-3.124507188796997,7.593750342493877e-05,-0.022478891536593437,0.9236012697219849,0.3898277282714844,0.010931968688964844,239.0,0.15823085606098175,100.0,2.926621913909912,-0.008103523403406143,0.9027891159057617,0.0,0.9992713332176208
1567,-0.007066433317959309,0.13531547784805298,0.0,0.9993318319320679,0.0,0.0,1.0,-3.133319139480591,2.2500000341096893e-05,-0.027989229187369347,1.0978147983551025,0.39075398445129395,0.010609865188598633,239.0,0.15801945328712463,100.0,2.9136176109313965,-0.006342786829918623,1.0167595148086548,0.0,0.9992785453796387
1568,,,,,,,,-3.1396751403808594,5.062499985797331e-05,-0.019362423568964005,0.03853723406791687,0.38695716857910156,0.010565757751464844,241.0,0.1579071432352066,100.0,2.9010426998138428,-0.007404632866382599,0.03985290601849556,0.0,0.9991738200187683
1569,,,,,,,,-3.144627094268799,2.2500000341096893e-05,-0.027719788253307343,0.33086907863616943,0.3898146152496338,0.010630130767822266,239.0,0.15783198177814484,100.0,2.9152581691741943,-0.008600003086030483,0.8310162425041199,0.0,0.9991206526756287
1570,,,,,,,,-3.1461024284362793,0.0002562890585977584,-0.014228557236492634,0.9137468934059143,0.3931577205657959,0.010669231414794922,237.0,0.1578001230955124,100.0,2.903515100479126,-0.008383399806916714,0.8443889617919922,0.0,0.9992894530296326
1571,,,,,,,,-3.1438417434692383,3.3749998692655936e-05,-0.01575966738164425,0.16763079166412354,0.38791918754577637,0.01080775260925293,240.0,0.15796640515327454,100.0,2.903176784515381,-0.0073022437281906605,0.2855777442455292,0.0,0.999239444732666
1572,,,,,,,,-3.140665054321289,9.999999747378752e-06,-0.03331621363759041,0.055926695466041565,0.38857412338256836,0.010970830917358398,240.0,0.1579989343881607,100.0,2.905862808227539,-0.007393300533294678,0.009858258068561554,0.0,0.9992122650146484
1573,,,,,,,,-3.139382839202881,0.00011390625149942935,-0.01695568859577179,0.1317647397518158,0.3776121139526367,0.010968923568725586,247.0,0.15807367861270905,100.0,2.9070494174957275,-0.0069136605598032475,0.14212863147258759,0.0,0.9992327690124512
1574,,,,,,,,-3.1284406185150146,2.2500000341096893e-05,-0.010910913348197937,0.09470280259847641,0.4013183116912842,0.01074981689453125,232.0,0.15834826231002808,100.0,2.906683921813965,-0.009055954404175282,0.15357111394405365,0.0,0.9994295239448547
1575,,,,,,,,-3.1224992275238037,5.062499985797331e-05,-0.018002139404416084,1.7496771812438965,0.3928401470184326,0.010877847671508789,237.0,0.15839381515979767,100.0,2.902756452560425,-0.007287070155143738,1.7273954153060913,0.0,0.9993340373039246
1576,,,,,,,,-3.118997812271118,5.062499985797331e-05,-0.023173827677965164,0.28629255294799805,0.3926088809967041,0.011051177978515625,237.0,0.15854045748710632,100.0,2.890758752822876,-0.006981262471526861,0.8017625212669373,0.0,0.9990808963775635
1577,,,,,,,,-3.111239194869995,1.4999999621068127e-05,-0.03646877408027649,0.1266668140888214,0.3770160675048828,0.011063814163208008,247.0,0.15867485105991364,100.0,2.890758752822876,-0.005018711555749178,0.14338867366313934,0.0,0.9992583394050598
1578,,,,,,,,-3.107814311981201,3.3749998692655936e-05,-0.019122984260320663,0.12167848646640778,0.38953185081481934,0.011063098907470703,239.0,0.15871888399124146,100.0,2.9062254428863525,-0.007330911699682474,0.14079268276691437,0.0,0.9992695450782776
1579,,,,,,,,-3.1103696823120117,5.062499985797331e-05,-0.01662507653236389,0.9037613868713379,0.4022488594055176,0.010498046875,232.0,0.15853475034236908,100.0,2.905853271484375,-0.007868713699281216,0.8664149641990662,0.0,0.9993326663970947
1580,,,,,,,,-3.119328498840332,5.062499985797331e-05,-0.01573014445602894,0.5569140315055847,0.38011693954467773,0.01094818115234375,245.0,0.15843871235847473,100.0,2.893010377883911,-0.0070585752837359905,0.8972436785697937,0.0,0.9990758895874023
1581,,,,,,,,-3.124614953994751,7.593750342493877e-05,-0.020212512463331223,0.642132043838501,0.38749170303344727,0.010624170303344727,241.0,0.15823142230510712,100.0,2.893010377883911,-0.006497690454125404,0.8593077063560486,0.0,0.9992351531982422
1582,,,,,,,,-3.1318464279174805,5.062499985797331e-05,-0.012051527388393879,0.21750810742378235,0.39024901390075684,0.011316776275634766,239.0,0.15814873576164246,100.0,2.890895128250122,-0.0075995284132659435,0.08532171696424484,0.0,0.9991934895515442
1583,,,,,,,,-3.1226160526275635,0.00017085937724914402,-0.0036341422237455845,0.12710636854171753,0.40104174613952637,0.010172128677368164,233.0,0.15855301916599274,100.0,2.893066883087158,-0.008886901661753654,0.9430274963378906,0.0,0.9992060661315918
1584,,,,,,,,-3.1035168170928955,1.4999999621068127e-05,-0.024968493729829788,0.5328220129013062,0.37593603134155273,0.010343074798583984,248.0,0.15865616500377655,100.0,2.893066883087158,-0.006952596828341484,0.9570591449737549,0.0,0.9991318583488464
1585,-0.006766845006495714,0.8249353170394897,0.0,0.9991589188575745,0.0,0.0,1.0,-3.1006674766540527,7.593750342493877e-05,-0.008722476661205292,0.11051633954048157,0.38792920112609863,0.011015892028808594,240.0,0.15876050293445587,100.0,2.9024343490600586,-0.007553073111921549,0.1550891399383545,0.0,0.9992604851722717
1586,,,,,,,,-3.0943527221679688,2.2500000341096893e-05,-0.016045134514570236,0.0235358327627182,0.39022278785705566,0.010772228240966797,239.0,0.158875972032547,100.0,2.905648946762085,-0.007658534217625856,0.003009665757417679,0.0,0.9992758631706238
1587,,,,,,,,-3.09185528755188,3.3749998692655936e-05,-0.023415682837367058,0.40519922971725464,0.3919947147369385,0.010435104370117188,238.0,0.1589260697364807,100.0,2.920837163925171,-0.008723189122974873,0.2305065393447876,0.0,0.9993554949760437
1588,,,,,,,,-3.0926544666290283,7.593750342493877e-05,-0.016188813373446465,1.0232985019683838,0.38629817962646484,0.010802984237670898,241.0,0.15884383022785187,100.0,2.920837163925171,-0.006113098934292793,2.133784532546997,0.0,0.9992086291313171
1589,,,,,,,,-3.098083734512329,3.3749998692655936e-05,-0.014919042587280273,0.16190211474895477,0.3886542320251465,0.011318683624267578,240.0,0.15880358219146729,100.0,2.907447338104248,-0.008505436591804028,0.09028198570013046,0.0,0.9993184208869934
1590,,,,,,,,-3.098328113555908,2.2500000341096893e-05,-0.014481840655207634,0.24370849132537842,0.3892710208892822,0.010648965835571289,240.0,0.15877217054367065,100.0,2.892416477203369,-0.009384085424244404,1.4291051626205444,0.0,0.9991435408592224
1591,,,,,,,,-3.0979154109954834,0.00017085937724914402,-0.005242039915174246,0.43998321890830994,0.39203572273254395,0.011361122131347656,237.0,0.15884898602962494,100.0,2.9151711463928223,-0.008621268905699253,0.8865764737129211,0.0,0.9992489814758301
1592,-0.006510687060654163,0.13992296159267426,0.0,0.9993318319320679,0.0,0.0,1.0,-3.095247983932495,3.3749998692655936e-05,-0.01672256924211979,0.2923586964607239,0.3899247646331787,0.010512113571166992,239.0,0.15893231332302094,100.0,2.9001827239990234,-0.007458163425326347,0.30354806780815125,0.0,0.9992483258247375
1593,,,,,,,,-3.0948448181152344,1.4999999621068127e-05,-0.02276480384171009,0.05114220082759857,0.38811588287353516,0.010680913925170898,240.0,0.1589290350675583,100.0,2.91056752204895,-0.00749558350071311,0.03968903049826622,0.0,0.9992814660072327
1594,,,,,,,,-3.095508337020874,0.00011390625149942935,-0.00949906837195158,0.18195420503616333,0.3901238441467285,0.010304927825927734,239.0,0.15888449549674988,100.0,2.92386531829834,-0.0069644576869904995,0.8849290013313293,0.0,0.9991728663444519
1595,,,,,,,,-3.0976338386535645,2.2500000341096893e-05,-0.02841104008257389,0.29768261313438416,0.39043498039245605,0.011352777481079102,238.0,0.15885573625564575,100.0,2.923978090286255,-0.007910910062491894,0.14987991750240326,0.0,0.9993929266929626
1596,,,,,,,,-3.09511661529541,0.00011390625149942935,-0.012189852073788643,0.33389878273010254,0.3887307643890381,0.01061391830444336,240.0,0.15912455320358276,100.0,2.923903226852417,-0.008761146105825901,0.2974291741847992,0.0,0.9993181824684143
1597,,,,,,,,-3.0771729946136475,2.2500000341096893e-05,-0.02397860959172249,0.040233269333839417,0.3892531394958496,0.01038503646850586,240.0,0.1592947244644165,100.0,2.9387478828430176,-0.0077974251471459866,0.011971981264650822,0.0,0.9992364048957825
1598,,,,,,,,-3.075497627258301,7.593750342493877e-05,-0.025960648432374,0.1358875185251236,0.3778839111328125,0.010560989379882812,247.0,0.1591746211051941,100.0,2.938760280609131,-0.008368372917175293,0.16111063957214355,0.0,0.9992923140525818
1599,,,,,,,,-3.081465721130371,1.4999999621068127e-05,0.0027226507663726807,0.17513170838356018,0.4011709690093994,0.010297775268554688,233.0,0.15909603238105774,100.0,2.938483953475952,-0.009545779787003994,0.15836231410503387,0.0,0.9994264245033264
1600,,,,,,,,-3.0814390182495117,0.00011390625149942935,-0.017097938805818558,0.21404117345809937,0.3903779983520508,0.010596990585327148,239.0,0.15918084979057312,100.0,2.9241747856140137,-0.007112686987966299,0.1686110645532608,0.0,0.9993957877159119
1601,,,,,,,,-3.0749917030334473,1.4999999621068127e-05,-0.02489839307963848,0.07031876593828201,0.38724303245544434,0.010812044143676758,241.0,0.1593141257762909,100.0,2.9103686809539795,-0.008404088206589222,0.12442716211080551,0.0,0.9992790222167969
1602,,,,,,,,-3.072810173034668,0.00011390625149942935,-0.007884166203439236,0.7207306027412415,0.3810691833496094,0.011350870132446289,244.0,0.1593327522277832,100.0,2.9103686809539795,-0.006254770327359438,0.9383358955383301,0.0,0.9992607235908508
1603,,,,,,,,-3.0762524604797363,2.2500000341096893e-05,-0.0215316079556942,0.1402471512556076,0.391308069229126,0.010919809341430664,238.0,0.1592758297920227,100.0,2.895231246948242,-0.008139456622302532,0.16628727316856384,0.0,0.9993510246276855
1604,,,,,,,,-3.0772056579589844,2.2500000341096893e-05,-0.014169315807521343,0.8066518902778625,0.4019198417663574,0.010453939437866211,232.0,0.15929768979549408,100.0,2.894686460494995,-0.008919025771319866,0.9302859306335449,0.0,0.9993532299995422
1605,,,,,,,,-3.0747628211975098,7.593750342493877e-05,-0.018808169290423393,0.07886885851621628,0.3783838748931885,0.010500192642211914,246.0,0.159450963139534,100.0,2.909278631210327,-0.007457492407411337,0.16323906183242798,0.0,0.9991381764411926
1606,,,,,,,,-3.064962148666382,3.3749998692655936e-05,-0.01129861455410719,0.06312835961580276,0.38657712936401367,0.010933160781860352,241.0,0.1596863567829132,100.0,2.909278631210327,-0.006415559444576502,0.171503484249115,0.0,0.9993572235107422
1607,,,,,,,,-3.0579073429107666,2.2500000341096893e-05,-0.01749362424015999,0.02141396515071392,0.38983893394470215,0.0110321044921875,239.0,0.1597742736339569,100.0,2.909407377243042,-0.008085084147751331,0.09472484141588211,0.0,0.9993769526481628
1608,,,,,,,,-3.0580387115478516,2.2500000341096893e-05,-0.017089180648326874,0.03962193429470062,0.40368103981018066,0.010815143585205078,231.0,0.15968668460845947,100.0,2.910949468612671,-0.010670267976820469,0.33921241760253906,0.0,0.9994449019432068
1609,,,,,,,,-3.0613229274749756,0.0002562890585977584,-0.009122993797063828,0.03612388297915459,0.3769199848175049,0.011481761932373047,247.0,0.1596577912569046,100.0,2.910949468612671,-0.0066004483960568905,0.215147003531456,0.0,0.9992337226867676
1610,-0.007680042646825314,0.1646549552679062,0.0,0.9993820190429688,0.0,0.0,1.0,-3.0644099712371826,3.3749998692655936e-05,-0.034196726977825165,0.030792776495218277,0.3883397579193115,0.010694265365600586,240.0,0.15949919819831848,100.0,2.8971827030181885,-0.011890516616404057,0.32862186431884766,0.0,0.9993753433227539
1611,,,,,,,,-3.0738940238952637,0.00011390625149942935,-0.017454348504543304,0.017042504623532295,0.39008378982543945,0.010735034942626953,239.0,0.15919412672519684,100.0,2.88289737701416,-0.007809680420905352,0.00457518408074975,0.0,0.9993909001350403
1612,,,,,,,,-3.094697952270508,2.2500000341096893e-05,-0.008075405843555927,0.020026903599500656,0.3925020694732666,0.010313987731933594,238.0,0.15887796878814697,100.0,2.857398748397827,-0.011228634975850582,0.2714456021785736,0.0,0.9994569420814514
1613,,,,,,,,-3.1024701595306396,1.4999999621068127e-05,-0.01881079003214836,0.070100799202919,0.3853189945220947,0.010983943939208984,242.0,0.15882842242717743,100.0,2.857398748397827,-0.006817515939474106,0.2370203286409378,0.0,0.9992985129356384
1614,,,,,,,,-3.103402614593506,7.593750342493877e-05,-0.013218315318226814,0.06396244466304779,0.3871638774871826,0.01008296012878418,241.0,0.15882523357868195,100.0,2.860804319381714,-0.006499862764030695,0.14295196533203125,0.0,0.9993813633918762
1615,,,,,,,,-3.1009068489074707,5.062499985797331e-05,-0.016138577833771706,0.03497495502233505,0.38958191871643066,0.010959148406982422,239.0,0.15892773866653442,100.0,2.8450818061828613,-0.008412397466599941,0.005599095020443201,0.0,0.9994003176689148
1616,,,,,,,,-3.094623565673828,1.4999999621068127e-05,-0.017903465777635574,0.030460430309176445,0.39045023918151855,0.010631799697875977,239.0,0.15901529788970947,100.0,2.8460402488708496,-0.006807919591665268,0.16619834303855896,0.0,0.9994340538978577
1617,-0.007182904053479433,0.15713559091091156,0.0,0.9993839859962463,0.0,0.0,1.0,-3.0932869911193848,0.00011390625149942935,-0.012333591468632221,0.3431098759174347,0.39476776123046875,0.011261940002441406,236.0,0.15896372497081757,100.0,2.8322229385375977,-0.009078930132091045,0.8330962061882019,0.0,0.9993056654930115
1618,,,,,,,,-3.1010735034942627,2.2500000341096893e-05,-0.03082120604813099,0.02493143640458584,0.3891410827636719,0.010740995407104492,240.0,0.15883299708366394,100.0,2.8322551250457764,-0.007348174694925547,0.047990694642066956,0.0,0.9993254542350769
1619,,,,,,,,-3.105756998062134,0.00011390625149942935,-0.012603973038494587,0.08044193685054779,0.38750386238098145,0.01067495346069336,241.0,0.15872690081596375,100.0,2.8188679218292236,-0.00788546446710825,0.04527446627616882,0.0,0.9992808699607849
1620,,,,,,,,-3.1051998138427734,1.4999999621068127e-05,-0.03081773966550827,0.03722640872001648,0.3883187770843506,0.011285066604614258,240.0,0.1588616818189621,100.0,2.8075544834136963,-0.006512936670333147,0.1573512703180313,0.0,0.9994176030158997
1621,,,,,,,,-3.0983428955078125,0.0002562890585977584,-0.0016220740508288145,0.3897083103656769,0.39133596420288086,0.011741876602172852,238.0,0.15915405750274658,100.0,2.8002634048461914,-0.009865120984613895,0.1853516846895218,0.0,0.9992783665657043
1622,,,,,,,,-3.089855432510376,7.593750342493877e-05,-0.017696227878332138,0.0066688270308077335,0.3908417224884033,0.010847091674804688,238.0,0.15899518132209778,100.0,2.7994303703308105,-0.007775027304887772,0.00036553118843585253,0.0,0.9991865158081055
1623,,,,,,,,-3.103529930114746,5.062499985797331e-05,-0.0249619260430336,0.5332184433937073,0.3746669292449951,0.010198116302490234,249.0,0.158605694770813,100.0,2.7994847297668457,-0.00878919567912817,1.1452897787094116,0.0,0.9992034435272217
1624,,,,,,,,-3.117875814437866,0.00011390625149942935,-0.01919192261993885,0.6441349387168884,0.4020979404449463,0.01094818115234375,232.0,0.1582202911376953,100.0,2.7840449810028076,-0.007503481116145849,0.8739707469940186,0.0,0.9992955327033997
1625,,,,,,,,-3.1334269046783447,2.2500000341096893e-05,-0.02710569277405739,0.0996822714805603,0.3900930881500244,0.011491775512695312,239.0,0.1580817550420761,100.0,2.783111572265625,-0.008929179050028324,0.2133818417787552,0.0,0.9992490410804749
1626,,,,,,,,-3.135387420654297,0.00011390625149942935,-0.022612569853663445,0.04067530855536461,0.39066290855407715,0.010599851608276367,239.0,0.15810973942279816,100.0,2.8022003173828125,-0.009657477028667927,0.04487810656428337,0.0,0.9991001486778259
1627,,,,,,,,-3.136341094970703,2.2500000341096893e-05,-0.014179259538650513,0.009015596471726894,0.3809840679168701,0.010475873947143555,245.0,0.15810717642307281,100.0,2.8022003173828125,-0.00524706207215786,0.24978168308734894,0.0,0.9991957545280457
1628,,,,,,,,-3.1382651329040527,7.593750342493877e-05,-0.021857960149645805,0.039606984704732895,0.3968942165374756,0.012118101119995117,234.0,0.15802785754203796,100.0,2.8022639751434326,-0.008271520026028156,0.18079547584056854,0.0,0.9993643760681152
1629,,,,,,,,-3.1455178260803223,3.3749998692655936e-05,-0.027651922777295113,0.5736454725265503,0.40732502937316895,0.010909080505371094,229.0,0.15787647664546967,100.0,2.788057565689087,-0.009431842714548111,0.8839405179023743,0.0,0.999373197555542
1630,,,,,,,,-3.149576425552368,1.4999999621068127e-05,-0.02358115278184414,0.06585723161697388,0.38806700706481934,0.011703014373779297,240.0,0.1578524261713028,100.0,2.775419235229492,-0.0073867919854819775,0.1600646823644638,0.0,0.9992192387580872
1631,,,,,,,,-3.150174856185913,0.00011390625149942935,-0.017085054889321327,0.07658553868532181,0.38344597816467285,0.011496305465698242,243.0,0.1578112691640854,100.0,2.775419235229492,-0.005976077169179916,0.16395801305770874,0.0,0.9993347525596619
1632,,,,,,,,-3.1495563983917236,2.2500000341096893e-05,-0.011501665227115154,0.011511188000440598,0.382828950881958,0.011097908020019531,243.0,0.15787546336650848,100.0,2.7753326892852783,-0.007369013968855143,0.11295964568853378,0.0,0.9993786811828613
1633,,,,,,,,-3.146108627319336,7.593750342493877e-05,-0.016687139868736267,0.15285514295101166,0.39667487144470215,0.012829065322875977,234.0,0.15792500972747803,100.0,2.7743473052978516,-0.010146045126020908,0.5672712922096252,0.0,0.999443531036377
1634,,,,,,,,-3.1514012813568115,7.593750342493877e-05,-0.020762277767062187,0.3994089365005493,0.5726468563079834,0.015102863311767578,163.0,0.157748743891716,100.0,2.7743473052978516,-0.004435333888977766,0.8855175375938416,0.0,0.9992018342018127
1635,-0.007411805447191,0.1574026346206665,0.0,0.9993900060653687,0.0,0.0,1.0,-3.167816400527954,7.593750342493877e-05,-0.015869133174419403,0.2333393692970276,0.44539976119995117,0.012868165969848633,209.0,0.1574040651321411,100.0,2.774416923522949,-0.009978161193430424,0.7475261688232422,0.0,0.9993680119514465
1636,,,,,,,,-3.1838111877441406,0.00017085937724914402,-0.024096259847283363,0.006844483781605959,0.4001281261444092,0.011044740676879883,233.0,0.15729530155658722,100.0,2.7746431827545166,-0.007306991145014763,0.00889463722705841,0.0,0.99934321641922
1637,,,,,,,,-3.188343048095703,7.593750342493877e-05,-0.026076840236783028,0.45145082473754883,0.3936009407043457,0.01126408576965332,237.0,0.15720732510089874,100.0,2.794340133666992,-0.012014602310955524,0.9223691821098328,0.0,0.9993128776550293
1638,,,,,,,,-3.195422410964966,5.062499985797331e-05,-0.023289140313863754,0.3292733430862427,0.3840610980987549,0.011204957962036133,242.0,0.1569197028875351,100.0,2.794340133666992,-0.006878281477838755,0.9040470123291016,0.0,0.9991691708564758
1639,,,,,,,,-3.201730728149414,5.062499985797331e-05,-0.01800299994647503,0.029754377901554108,0.38300323486328125,0.011104106903076172,243.0,0.15695348381996155,100.0,2.805027961730957,-0.008706052787601948,0.1902889609336853,0.0,0.9992281794548035
1640,,,,,,,,-3.203843355178833,2.2500000341096893e-05,-0.019268356263637543,0.016169140115380287,0.3832058906555176,0.01077413558959961,243.0,0.15684214234352112,100.0,2.8038220405578613,-0.00814318098127842,0.009162952192127705,0.0,0.9991956353187561
1641,,,,,,,,-3.209444522857666,3.3749998692655936e-05,-0.01752902939915657,0.026849238201975822,0.3837430477142334,0.011178016662597656,243.0,0.15670207142829895,100.0,2.8161091804504395,-0.007211316376924515,0.49312838912010193,0.0,0.9992536902427673
1642,-0.0076242852956056595,0.8678850531578064,0.0,0.9991741180419922,0.0,0.0,1.0,-3.214130401611328,5.062499985797331e-05,-0.019088882952928543,0.09590508788824081,0.38647913932800293,0.011195898056030273,241.0,0.1566108912229538,100.0,2.830556631088257,-0.009052411653101444,0.6316094994544983,0.0,0.9992573857307434
1643,,,,,,,,-3.2151389122009277,0.00011390625149942935,-0.012544871307909489,0.010117330588400364,0.387239933013916,0.010879993438720703,241.0,0.15658071637153625,100.0,2.816878080368042,-0.008101493120193481,0.05608900263905525,0.0,0.9993062615394592
1644,,,,,,,,-3.219900369644165,3.3749998692655936e-05,-0.022205563262104988,0.06767163425683975,0.38277602195739746,0.010293006896972656,244.0,0.15626512467861176,100.0,2.8229053020477295,-0.007887107320129871,0.8125297427177429,0.0,0.9992430806159973
1645,,,,,,,,-3.228553533554077,0.00011390625149942935,-0.015594911761581898,0.1700892299413681,0.3841371536254883,0.010921955108642578,243.0,0.15612055361270905,100.0,2.8281965255737305,-0.011623538099229336,0.7425454258918762,0.0,0.9993583559989929
1646,,,,,,,,-3.2288784980773926,3.3749998692655936e-05,-0.023223498836159706,0.325858473777771,0.38307881355285645,0.011240005493164062,243.0,0.1561434268951416,100.0,2.815124988555908,-0.007847479544579983,1.037093162536621,0.0,0.9992156028747559
1647,,,,,,,,-3.224611282348633,7.593750342493877e-05,-0.022251911461353302,0.024643953889608383,0.38193416595458984,0.011063098907470703,244.0,0.15625719726085663,100.0,2.8288474082946777,-0.007743983995169401,0.005923620890825987,0.0,0.9992082715034485
1648,,,,,,,,-3.2126314640045166,5.062499985797331e-05,-0.004445294849574566,0.1718888282775879,0.37070512771606445,0.011263847351074219,251.0,0.15657445788383484,100.0,2.8397634029388428,-0.006458796560764313,0.8669149875640869,0.0,0.9991608262062073
1649,,,,,,,,-3.1920275688171387,0.00017085937724914402,-0.013448945246636868,0.008353041484951973,0.3943061828613281,0.010747909545898438,237.0,0.15714184939861298,100.0,2.8533694744110107,-0.010473745875060558,0.4402424395084381,0.0,0.9992998242378235
1650,,,,,,,,-3.1677086353302,9.999999747378752e-06,-0.027085701003670692,0.025215480476617813,0.3840010166168213,0.011174201965332031,242.0,0.15726089477539062,100.0,2.8535239696502686,-0.007699289824813604,0.43514034152030945,0.0,0.9992726445198059
1651,,,,,,,,-3.168239116668701,7.593750342493877e-05,-0.012457500211894512,0.05668269842863083,0.3827939033508301,0.010622978210449219,244.0,0.15707138180732727,100.0,2.8529114723205566,-0.009385333396494389,0.7104816436767578,0.0,0.9991359710693359
1652,,,,,,,,-3.1863372325897217,2.2500000341096893e-05,-0.02132042869925499,0.01219145767390728,0.3677828311920166,0.010555028915405273,253.0,0.1566655933856964,100.0,2.8529114723205566,-0.00788055919110775,0.3707328140735626,0.0,0.9992576241493225
1653,,,,,,,,-3.1961450576782227,5.062499985797331e-05,-0.025214044377207756,0.3921735882759094,0.3850088119506836,0.010874271392822266,242.0,0.1565835326910019,100.0,2.8496038913726807,-0.009653451852500439,0.9555687308311462,0.0,0.9993254542350769
1654,,,,,,,,-3.2000975608825684,3.3749998692655936e-05,-0.004003539681434631,0.29069676995277405,0.3938791751861572,0.010943889617919922,237.0,0.15650661289691925,100.0,2.860527992248535,-0.006933923810720444,0.9145426750183105,0.0,0.9992805123329163
1655,,,,,,,,-3.200021982192993,5.062499985797331e-05,-0.009158889763057232,0.22600704431533813,0.3744790554046631,0.011326074600219727,248.0,0.1566532403230667,100.0,2.864711284637451,-0.006961133796721697,0.16140246391296387,0.0,0.9991526007652283
1656,,,,,,,,-3.191679000854492,2.2500000341096893e-05,-0.01606938987970352,0.18485082685947418,0.37964892387390137,0.011158227920532227,245.0,0.15682487189769745,100.0,2.864711284637451,-0.005738522857427597,0.20083993673324585,0.0,0.9992535710334778
1657,,,,,,,,-3.1875641345977783,0.00011390625149942935,-0.01750071719288826,0.1350165456533432,0.3839738368988037,0.011057138442993164,243.0,0.1569094955921173,100.0,2.8799304962158203,-0.0077016931027174,0.7102220058441162,0.0,0.9993214011192322
1658,,,,,,,,-3.1834588050842285,9.999999747378752e-06,-0.023846853524446487,0.01745070330798626,0.39658212661743164,0.011334896087646484,235.0,0.1569751799106598,100.0,2.8812403678894043,-0.010387456975877285,0.5347731709480286,0.0,0.9993679523468018
1659,,,,,,,,-3.1833314895629883,2.2500000341096893e-05,-0.010738737881183624,0.1153358519077301,0.37203216552734375,0.011328935623168945,250.0,0.15693604946136475,100.0,2.8812403678894043,-0.007249879185110331,0.779402494430542,0.0,0.9992102980613708
1660,-0.007084223907440901,0.19281378388404846,0.0,0.9993666410446167,0.0,0.0,1.0,-3.186089038848877,0.00011390625149942935,-0.01782667636871338,0.2177445888519287,0.3835921287536621,0.010767936706542969,243.0,0.15685999393463135,100.0,2.867365837097168,-0.00795015413314104,0.8391982913017273,0.0,0.9993395805358887
1661,,,,,,,,-3.187485694885254,5.062499985797331e-05,-0.01649145409464836,0.009520931169390678,0.38116908073425293,0.010339736938476562,245.0,0.1567767858505249,100.0,2.8780038356781006,-0.0073597971349954605,0.007020814809948206,0.0,0.99928218126297
1662,,,,,,,,-3.1885457038879395,2.2500000341096893e-05,-0.02539561316370964,0.11378958821296692,0.3903789520263672,0.010779857635498047,239.0,0.1567317247390747,100.0,2.897617816925049,-0.010150573216378689,1.0326476097106934,0.0,0.9992609620094299
1663,,,,,,,,-3.1924095153808594,5.062499985797331e-05,-0.01989676244556904,0.3591495156288147,0.379152774810791,0.010454177856445312,246.0,0.1566062718629837,100.0,2.897617816925049,-0.006631195079535246,0.265354722738266,0.0,0.9991772770881653
1664,,,,,,,,-3.1975929737091064,0.00011390625149942935,-0.011977624148130417,0.23157508671283722,0.38286876678466797,0.010663032531738281,243.0,0.15651805698871613,100.0,2.9107449054718018,-0.007364673539996147,0.8269022107124329,0.0,0.9993227124214172
1665,,,,,,,,-3.192373037338257,5.062499985797331e-05,-0.024044163525104523,0.01174607127904892,0.38188600540161133,0.010825872421264648,244.0,0.1568877249956131,100.0,2.9098153114318848,-0.0077425152994692326,1.2504718142736237e-05,0.0,0.9992907643318176
1666,,,,,,,,-3.1792848110198975,1.4999999621068127e-05,-0.016864968463778496,0.06266602873802185,0.383389949798584,0.011209964752197266,243.0,0.15698714554309845,100.0,2.898193597793579,-0.007532993797212839,0.7232069373130798,0.0,0.9993674159049988
1667,-0.006797666661441326,0.18498413264751434,0.0,0.9993851780891418,0.0,0.0,1.0,-3.1798095703125,0.00017085937724914402,-0.01862962916493416,0.17255419492721558,0.38257884979248047,0.010659933090209961,244.0,0.1568557173013687,100.0,2.8992252349853516,-0.007430706638842821,0.6703829765319824,0.0,0.999244213104248
1668,,,,,,,,-3.1858367919921875,1.4999999621068127e-05,-0.013521687127649784,0.03579287603497505,0.39128875732421875,0.01058197021484375,238.0,0.1567792445421219,100.0,2.9122817516326904,-0.007610192056745291,0.05439608171582222,0.0,0.999261200428009
1669,,,,,,,,-3.183712959289551,5.062499985797331e-05,-0.018960509449243546,0.06954161077737808,0.38270998001098633,0.010698080062866211,244.0,0.15691836178302765,100.0,2.9092283248901367,-0.008422546088695526,0.8223634362220764,0.0,0.9992628693580627
1670,,,,,,,,-3.1783456802368164,2.2500000341096893e-05,-0.029585763812065125,0.13095436990261078,0.3839278221130371,0.010334014892578125,243.0,0.15696248412132263,100.0,2.8966948986053467,-0.006946248468011618,0.26781436800956726,0.0,0.999401867389679
1671,,,,,,,,-3.1770501136779785,2.2500000341096893e-05,-0.014266790822148323,0.03601213917136192,0.3887760639190674,0.011784076690673828,239.0,0.1570359617471695,100.0,2.9033384323120117,-0.00904458574950695,0.502317488193512,0.0,0.9992868304252625
1672,,,,,,,,-3.1710243225097656,0.00017085937724914402,-0.014599584974348545,0.010409662500023842,0.38739991188049316,0.010978937149047852,240.0,0.15731775760650635,100.0,2.9173743724823,-0.00921948254108429,0.0003252747992519289,0.0,0.9992287158966064
1673,,,,,,,,-3.152867078781128,3.3749998692655936e-05,-0.027557233348488808,0.0215605515986681,0.37160229682922363,0.011079788208007812,250.0,0.15766668319702148,100.0,2.9052538871765137,-0.007013332564383745,0.3211764395236969,0.0,0.9993036389350891
1674,,,,,,,,-3.14447283744812,5.062499985797331e-05,-0.015479551628232002,0.22333097457885742,0.39526796340942383,0.011214971542358398,236.0,0.15769854187965393,100.0,2.9103338718414307,-0.010486370883882046,0.7707901000976562,0.0,0.9993738532066345
1675,,,,,,,,-3.139800548553467,0.00017085937724914402,-0.016727779060602188,0.08967394381761551,0.38483405113220215,0.011054039001464844,242.0,0.15790528059005737,100.0,2.895256280899048,-0.010167249478399754,0.7883041501045227,0.0,0.9992979168891907
1676,,,,,,,,-3.122490644454956,3.3749998692655936e-05,-0.02525896392762661,0.023509737104177475,0.38986778259277344,0.010911226272583008,239.0,0.15813560783863068,100.0,2.8846964836120605,-0.00920227449387312,0.6732205748558044,0.0,0.9992139339447021
1677,,,,,,,,-3.1176843643188477,7.593750342493877e-05,-0.011862277053296566,0.14208483695983887,0.37064099311828613,0.010780811309814453,251.0,0.1580163836479187,100.0,2.8846964836120605,-0.005337112117558718,0.7857537269592285,0.0,0.9992267489433289
1678,,,,,,,,-3.121936559677124,5.062499985797331e-05,-0.02629038132727146,0.1550513505935669,0.38455915451049805,0.01058197021484375,242.0,0.15793882310390472,100.0,2.894824266433716,-0.008769378066062927,0.7789197564125061,0.0,0.9993686079978943
1679,,,,,,,,-3.1295857429504395,2.2500000341096893e-05,-0.022997938096523285,0.05023009330034256,0.39728713035583496,0.01073002815246582,235.0,0.15772461891174316,100.0,2.9056098461151123,-0.00862873625010252,0.7386107444763184,0.0,0.999248206615448
1680,,,,,,,,-3.1397197246551514,7.593750342493877e-05,0.0019563098903745413,0.045628342777490616,0.37984180450439453,0.010727167129516602,245.0,0.15750949084758759,100.0,2.9179680347442627,-0.008503403514623642,0.48424264788627625,0.0,0.9990879893302917
1681,,,,,,,,-3.152536392211914,1.4999999621068127e-05,-0.00538110826164484,0.08994875103235245,0.3815948963165283,0.011052131652832031,244.0,0.15729452669620514,100.0,2.9179680347442627,-0.005774861667305231,0.8064539432525635,0.0,0.9992309212684631
1682,,,,,,,,-3.1607608795166016,3.3749998692655936e-05,-0.019658684730529785,0.0667061135172844,0.3802318572998047,0.011120796203613281,245.0,0.15711303055286407,100.0,2.929945468902588,-0.008079308085143566,0.7116813659667969,0.0,0.9992451667785645
1683,,,,,,,,-3.173527717590332,3.3749998692655936e-05,-0.03370516374707222,0.02107669971883297,0.3970911502838135,0.010726690292358398,235.0,0.15688097476959229,100.0,2.9048452377319336,-0.01036862377077341,0.09213965386152267,0.0,0.9992441534996033
1684,,,,,,,,-3.1821656227111816,0.00017085937724914402,-0.012701855972409248,0.049991410225629807,0.37119007110595703,0.010963916778564453,251.0,0.156734436750412,100.0,2.9048452377319336,-0.006208281964063644,0.24775253236293793,0.0,0.9990969300270081
1685,-0.007774632424116135,0.7740667462348938,0.0,0.9991801977157593,0.0,0.0,1.0,-3.1959006786346436,2.2500000341096893e-05,-0.017704343423247337,0.02156580239534378,0.38167309761047363,0.010969161987304688,244.0,0.15636217594146729,100.0,2.9175448417663574,-0.007590449880808592,0.5606695413589478,0.0,0.9992952346801758
1686,,,,,,,,-3.2043797969818115,2.2500000341096893e-05,-0.020001167431473732,0.014289045706391335,0.38063716888427734,0.010601997375488281,245.0,0.15627343952655792,100.0,2.9284608364105225,-0.007123541086912155,0.008312118239700794,0.0,0.9991940855979919
1687,,,,,,,,-3.2061572074890137,3.3749998692655936e-05,-0.024359483271837234,0.1693643033504486,0.3852849006652832,0.010326147079467773,242.0,0.15626218914985657,100.0,2.901136636734009,-0.008543976582586765,1.5695127248764038,0.0,0.9991967082023621
1688,,,,,,,,-3.203770399093628,3.3749998692655936e-05,-0.020227136090397835,0.05364565923810005,0.3791377544403076,0.01089620590209961,246.0,0.15637236833572388,100.0,2.901136636734009,-0.006519007030874491,0.7255428433418274,0.0,0.9990847110748291
1689,,,,,,,,-3.1981284618377686,2.2500000341096893e-05,-0.023935703560709953,0.06438102573156357,0.38116908073425293,0.010852813720703125,244.0,0.15648257732391357,100.0,2.895430088043213,-0.006420854013413191,0.8402017951011658,0.0,0.9991866946220398
1690,,,,,,,,-3.1955621242523193,1.4999999621068127e-05,-0.016641464084386826,0.012906072661280632,0.38176894187927246,0.010576248168945312,244.0,0.15651825070381165,100.0,2.8931005001068115,-0.008246281184256077,1.5430015992023982e-05,0.0,0.9991126656532288
1691,,,,,,,,-3.1961700916290283,0.00011390625149942935,-0.011711938306689262,0.13143765926361084,0.3831508159637451,0.010557889938354492,243.0,0.15646298229694366,100.0,2.9059441089630127,-0.008625462651252747,0.21444819867610931,0.0,0.9992682337760925
1692,-0.008553723804652691,0.6965212225914001,0.0,0.9991655945777893,0.0,0.0,1.0,-3.201753854751587,0.00017085937724914402,-0.01458432711660862,0.12853708863258362,0.3872671127319336,0.010387897491455078,241.0,0.15627805888652802,100.0,2.9015235900878906,-0.0074745905585587025,1.6443134546279907,0.0,0.9992007613182068
1693,,,,,,,,-3.208442211151123,1.4999999621068127e-05,-0.023167777806520462,0.023704836145043373,0.38211679458618164,0.010268211364746094,244.0,0.15629717707633972,100.0,2.914632558822632,-0.006674604024738073,0.04456191882491112,0.0,0.9991464018821716
1694,,,,,,,,-3.207185983657837,0.00038443360244855285,-0.005830554757267237,0.03331713378429413,0.3864588737487793,0.010996341705322266,241.0,0.15631702542304993,100.0,2.915900468826294,-0.00787469744682312,0.7543342113494873,0.0,0.9990918040275574
1695,,,,,,,,-3.220386028289795,5.062499985797331e-05,-0.033956725150346756,0.05741489306092262,0.3860502243041992,0.010300874710083008,242.0,0.15613751113414764,100.0,2.8916921615600586,-0.007864867337048054,0.24926018714904785,0.0,0.9992846846580505
1696,,,,,,,,-3.22895884513855,1.4999999621068127e-05,-0.01937246322631836,0.07646815478801727,0.3902459144592285,0.011316061019897461,239.0,0.1560571938753128,100.0,2.904920816421509,-0.006758613977581263,0.2781347334384918,0.0,0.9992570877075195
1697,,,,,,,,-3.231717586517334,7.593750342493877e-05,-0.008942780084908009,0.010381259955465794,0.38277101516723633,0.010893106460571289,243.0,0.15592175722122192,100.0,2.891132116317749,-0.00781064061447978,0.00036123546306043863,0.0,0.9991252422332764
1698,,,,,,,,-3.2425315380096436,7.593750342493877e-05,-0.020134687423706055,0.052795328199863434,0.37245798110961914,0.010821819305419922,250.0,0.15553896129131317,100.0,2.878969192504883,-0.0060949367471039295,0.7448051571846008,0.0,0.9990655779838562
1699,,,,,,,,-3.2571825981140137,7.593750342493877e-05,-0.020230812951922417,0.04314389079809189,0.3964822292327881,0.010632753372192383,235.0,0.15528470277786255,100.0,2.879608154296875,-0.00787881389260292,0.7402880787849426,0.0,0.9992477297782898
1700,,,,,,,,-3.2777721881866455,5.062499985797331e-05,-0.025688711553812027,0.06644485890865326,0.38661980628967285,0.011282920837402344,241.0,0.15460945665836334,100.0,2.878416061401367,-0.007647367659956217,0.295833557844162,0.0,0.9992206692695618
1701,,,,,,,,-3.3012726306915283,1.4999999621068127e-05,-0.032914578914642334,0.03803689032793045,0.3875410556793213,0.010782957077026367,241.0,0.154398575425148,100.0,2.8749897480010986,-0.007701380178332329,0.15833865106105804,0.0,0.9990985989570618
1702,,,,,,,,-3.3037846088409424,0.00011390625149942935,-0.01200442761182785,0.059666648507118225,0.36905980110168457,0.010216236114501953,253.0,0.15448220074176788,100.0,2.8749897480010986,-0.005503764376044273,0.8176650404930115,0.0,0.9991192817687988
1703,,,,,,,,-3.3014142513275146,7.593750342493877e-05,-0.020430438220500946,0.03931402042508125,0.38374924659729004,0.011772871017456055,242.0,0.15449705719947815,100.0,2.8884594440460205,-0.010228325612843037,0.7225189805030823,0.0,0.9992172718048096
1704,,,,,,,,-3.3054771423339844,1.4999999621068127e-05,-0.015400120057165623,0.09787862747907639,0.3930649757385254,0.010419845581054688,237.0,0.15442988276481628,100.0,2.8891704082489014,-0.00988608319312334,0.9002041220664978,0.0,0.9991950988769531
1705,,,,,,,,-3.305997848510742,3.3749998692655936e-05,-0.01955808885395527,0.12375584244728088,0.3731369972229004,0.010597944259643555,250.0,0.1544579714536667,100.0,2.901749610900879,-0.007031845394521952,0.21394598484039307,0.0,0.9990718960762024
1706,,,,,,,,-3.3009848594665527,7.593750342493877e-05,-0.024004682898521423,0.18193750083446503,0.3812265396118164,0.01125025749206543,244.0,0.1547004133462906,100.0,2.901749610900879,-0.006185153033584356,0.19146430492401123,0.0,0.9992373585700989
1707,,,,,,,,-3.2878258228302,2.2500000341096893e-05,-0.016536377370357513,0.019192878156900406,0.38433170318603516,0.011292219161987305,242.0,0.15496183931827545,100.0,2.912548542022705,-0.006646276917308569,0.12828969955444336,0.0,0.999237060546875
1708,,,,,,,,-3.2801339626312256,2.2500000341096893e-05,-0.019311843439936638,0.042702194303274155,0.3940277099609375,0.011141300201416016,236.0,0.15512032806873322,100.0,2.9282538890838623,-0.0104413703083992,0.5305008292198181,0.0,0.9992491602897644
1709,,,,,,,,-3.272703170776367,3.3749998692655936e-05,-0.02047538571059704,0.10378700494766235,0.3692641258239746,0.011073589324951172,252.0,0.15531803667545319,100.0,2.9282538890838623,-0.004703827202320099,0.2240646630525589,0.0,0.9990963935852051
1710,-0.00627261633053422,0.18377690017223358,0.0,0.9992101788520813,0.0,0.0,1.0,-3.261164903640747,5.062499985797331e-05,-0.012255840003490448,0.0809101089835167,0.3841421604156494,0.011387109756469727,242.0,0.15566012263298035,100.0,2.913997173309326,-0.0076210275292396545,0.8637940287590027,0.0,0.9991984367370605
1711,,,,,,,,-3.2466440200805664,3.3749998692655936e-05,-0.02497321180999279,0.012863731011748314,0.3921070098876953,0.01191091537475586,237.0,0.1559009552001953,100.0,2.9152698516845703,-0.007673059124499559,0.006387585308402777,0.0,0.9991109371185303
1712,,,,,,,,-3.241523504257202,5.062499985797331e-05,-0.017921458929777145,0.15654826164245605,0.44059109687805176,0.010528087615966797,212.0,0.15595562756061554,100.0,2.906822443008423,-0.008680175058543682,1.651262640953064,0.0,0.9991798400878906
1713,,,,,,,,-3.2447876930236816,3.3749998692655936e-05,-0.023889899253845215,0.04892235994338989,0.3821277618408203,0.010586261749267578,244.0,0.15581034123897552,100.0,2.906822443008423,-0.00636029988527298,0.5997961759567261,0.0,0.9990914463996887
1714,,,,,,,,-3.2547547817230225,2.2500000341096893e-05,-0.02755550481379032,0.029419492930173874,0.38410282135009766,0.011008977890014648,242.0,0.15560756623744965,100.0,2.9201009273529053,-0.006382431369274855,0.7252988219261169,0.0,0.9991971850395203
1715,,,,,,,,-3.2619099617004395,3.3749998692655936e-05,-0.01894601806998253,0.004976464901119471,0.3914060592651367,0.011183977127075195,238.0,0.15553715825080872,100.0,2.9336671829223633,-0.008516422472894192,1.788964436855167e-05,0.0,0.9990790486335754
1716,,,,,,,,-3.2617554664611816,2.2500000341096893e-05,-0.03219979256391525,0.04959934204816818,0.38466787338256836,0.011651992797851562,242.0,0.1556061953306198,100.0,2.9435949325561523,-0.0064383563585579395,0.5360321402549744,0.0,0.999203622341156
1717,-0.008268588222563267,0.5758043527603149,0.0,0.999139130115509,0.0,0.0,1.0,-3.256605625152588,2.2500000341096893e-05,-0.010512682609260082,0.046022333204746246,0.3839762210845947,0.011202096939086914,242.0,0.1557353436946869,100.0,2.951054096221924,-0.007197089027613401,1.336240291595459,0.0,0.9991228580474854
1718,,,,,,,,-3.2503843307495117,0.00011390625149942935,-0.013539528474211693,0.026718132197856903,0.38352417945861816,0.011538982391357422,242.0,0.15586541593074799,100.0,2.958707094192505,-0.008324137888848782,0.055927276611328125,0.0,0.999113142490387
1719,,,,,,,,-3.240196704864502,3.3749998692655936e-05,-0.019148871302604675,0.02352706342935562,0.3818948268890381,0.010823965072631836,244.0,0.1560993790626526,100.0,2.965684175491333,-0.006590354721993208,0.7508821487426758,0.0,0.999035120010376
1720,,,,,,,,-3.2315330505371094,5.062499985797331e-05,-0.024461595341563225,0.18770432472229004,0.38205909729003906,0.010743141174316406,244.0,0.15622852742671967,100.0,2.9760611057281494,-0.007117429748177528,0.20452173054218292,0.0,0.9992249608039856
1721,,,,,,,,-3.226909875869751,5.062499985797331e-05,-0.0178845077753067,0.06028598174452782,0.3856518268585205,0.011163949966430664,241.0,0.15621836483478546,100.0,2.984886884689331,-0.0068026334047317505,1.4074147939682007,0.0,0.9992141723632812
1722,,,,,,,,-3.225379467010498,2.2500000341096893e-05,-0.016206108033657074,0.010870935395359993,0.38425493240356445,0.010950803756713867,242.0,0.15624700486660004,100.0,2.9974870681762695,-0.0064102415926754475,0.00039735177415423095,0.0,0.9990849494934082
1723,,,,,,,,-3.2247519493103027,7.593750342493877e-05,-0.018789973109960556,0.10284286737442017,0.3725709915161133,0.01059103012084961,250.0,0.1561272293329239,100.0,2.9983367919921875,-0.006550644990056753,0.7554214596748352,0.0,0.9990794062614441
1724,,,,,,,,-3.2265143394470215,7.593750342493877e-05,-0.020314553752541542,0.049354150891304016,0.3940150737762451,0.011291027069091797,236.0,0.1561863124370575,100.0,3.0056257247924805,-0.005985599011182785,0.7678413987159729,0.0,0.999255895614624
1725,,,,,,,,-3.2156834602355957,3.3749998692655936e-05,-0.022461354732513428,0.14199130237102509,0.385051965713501,0.010672807693481445,242.0,0.1564481109380722,100.0,3.00927472114563,-0.00694966921582818,0.26020047068595886,0.0,0.999213695526123
1726,,,,,,,,-3.2094759941101074,1.4999999621068127e-05,-0.004904814064502716,0.037139683961868286,0.3875889778137207,0.011218070983886719,240.0,0.15647026896476746,100.0,3.022021770477295,-0.008654192090034485,0.7358316779136658,0.0,0.9990653991699219
1727,,,,,,,,-3.2103495597839355,5.062499985797331e-05,-0.017317095771431923,0.06137055903673172,0.3736302852630615,0.011038064956665039,249.0,0.15640318393707275,100.0,3.022021770477295,-0.0064240326173603535,0.7960599064826965,0.0,0.9991093277931213
1728,,,,,,,,-3.2087156772613525,5.062499985797331e-05,-0.01283926423639059,0.052643053233623505,0.3843529224395752,0.011212825775146484,242.0,0.1565617173910141,100.0,3.036151647567749,-0.008765586651861668,0.08827540278434753,0.0,0.9992079138755798
1729,,,,,,,,-3.196772813796997,3.3749998692655936e-05,-0.01860497146844864,0.13143101334571838,0.3978888988494873,0.010965108871459961,234.0,0.15679262578487396,100.0,3.0493838787078857,-0.009881618432700634,0.7947366237640381,0.0,0.9992198348045349
1730,,,,,,,,-3.1910548210144043,7.593750342493877e-05,-0.016073578968644142,0.06993355602025986,0.3707268238067627,0.010824203491210938,251.0,0.15682832896709442,100.0,3.042649507522583,-0.007415950298309326,0.7075322270393372,0.0,0.9990434646606445
1731,,,,,,,,-3.1920547485351562,1.4999999621068127e-05,-0.028249187394976616,0.03921370580792427,0.3826868534088135,0.010473966598510742,244.0,0.15676844120025635,100.0,3.042649507522583,-0.005586078856140375,0.773734986782074,0.0,0.9992372393608093
1732,,,,,,,,-3.1942687034606934,5.062499985797331e-05,-0.02497021108865738,0.07210174947977066,0.38295722007751465,0.010523796081542969,243.0,0.15670526027679443,100.0,3.027578830718994,-0.007406619843095541,0.5985897779464722,0.0,0.999243974685669
1733,,,,,,,,-3.1952195167541504,1.4999999621068127e-05,-0.02523580566048622,0.05504598468542099,0.39633989334106445,0.011162042617797852,235.0,0.15674802660942078,100.0,3.051452875137329,-0.01055179163813591,0.2080191820859909,0.0,0.9992704391479492
1734,,,,,,,,-3.193868637084961,7.593750342493877e-05,-0.014065083116292953,0.037936560809612274,0.37179112434387207,0.010599851608276367,251.0,0.15675494074821472,100.0,3.051452875137329,-0.00525079807266593,0.7434160709381104,0.0,0.9990479946136475
1735,-0.007486434653401375,0.7427855134010315,0.0,0.999148964881897,0.0,0.0,1.0,-3.1892800331115723,5.062499985797331e-05,-0.02242947369813919,0.03002665564417839,0.3849008083343506,0.010854959487915039,242.0,0.1570214331150055,100.0,3.0615234375,-0.007390940096229315,0.724678099155426,0.0,0.9992432594299316
1736,,,,,,,,-3.182734727859497,5.062499985797331e-05,-0.01337526272982359,0.005124509334564209,0.3827672004699707,0.011174201965332031,243.0,0.15697921812534332,100.0,3.0717272758483887,-0.008141162805259228,0.006977395620197058,0.0,0.9991142749786377
1737,,,,,,,,-3.186842918395996,2.2500000341096893e-05,-0.016108302399516106,0.16864840686321259,0.385972261428833,0.010579824447631836,242.0,0.15688645839691162,100.0,3.0677483081817627,-0.008080030791461468,0.9766231179237366,0.0,0.9992057681083679
1738,,,,,,,,-3.1886188983917236,5.062499985797331e-05,-0.013629110530018806,0.04607992246747017,0.38136887550354004,0.011022090911865234,244.0,0.1568845510482788,100.0,3.0677483081817627,-0.007404013071209192,0.8091671466827393,0.0,0.999058723449707
1739,,,,,,,,-3.1844568252563477,7.593750342493877e-05,-0.029071517288684845,0.028277678415179253,0.3849599361419678,0.010400056838989258,242.0,0.1570524275302887,100.0,3.0784988403320312,-0.008492191322147846,0.6629641056060791,0.0,0.999182403087616
1740,,,,,,,,-3.1743760108947754,2.2500000341096893e-05,-0.02406066469848156,0.01064029335975647,0.38420891761779785,0.010883092880249023,242.0,0.15727311372756958,100.0,3.0771708488464355,-0.008161738514900208,0.04997068643569946,0.0,0.9991633892059326
1741,,,,,,,,-3.167116641998291,3.3749998692655936e-05,-0.015153984539210796,0.013057003729045391,0.3837249279022217,0.011355161666870117,242.0,0.15736457705497742,100.0,3.0841426849365234,-0.00662303576245904,0.7427294254302979,0.0,0.9992262721061707
1742,-0.007470024283975363,0.7768004536628723,0.0,0.9991602301597595,0.0,0.0,1.0,-3.164654016494751,3.3749998692655936e-05,-0.027391890063881874,0.02415294386446476,0.3841409683227539,0.010967254638671875,242.0,0.15733930468559265,100.0,3.0828492641448975,-0.007849063724279404,1.19336998462677,0.0,0.9992076754570007
1743,,,,,,,,-3.162777900695801,5.062499985797331e-05,-0.011205385439097881,0.023809518665075302,0.3818991184234619,0.010962247848510742,244.0,0.15745435655117035,100.0,3.0821874141693115,-0.0067773242481052876,0.05529186129570007,0.0,0.999142587184906
1744,,,,,,,,-3.157628297805786,7.593750342493877e-05,-0.022586222738027573,0.008040327578783035,0.38462376594543457,0.011861085891723633,242.0,0.15748026967048645,100.0,3.094639539718628,-0.00811128132045269,0.6274546980857849,0.0,0.9990801811218262
1745,,,,,,,,-3.1569759845733643,7.593750342493877e-05,-0.02755517140030861,0.03975505009293556,0.38289403915405273,0.011350154876708984,243.0,0.1574278175830841,100.0,3.0873799324035645,-0.01009418722242117,0.8116444945335388,0.0,0.9992294311523438
1746,,,,,,,,-3.1565849781036377,3.3749998692655936e-05,-0.027183227241039276,0.1636989712715149,0.38578200340270996,0.010847091674804688,242.0,0.157455712556839,100.0,3.0842180252075195,-0.007672015577554703,0.9265296459197998,0.0,0.9991312026977539
1747,,,,,,,,-3.157445192337036,3.3749998692655936e-05,-0.010839471593499184,0.014291548170149326,0.3832521438598633,0.010278701782226562,243.0,0.15731218457221985,100.0,3.0935089588165283,-0.007705210242420435,0.0004088186251465231,0.0,0.9990412592887878
1748,,,,,,,,-3.1604228019714355,0.0005766503745689988,-0.0012080225860700011,0.028066512197256088,0.37042880058288574,0.01115107536315918,251.0,0.15733596682548523,100.0,3.099766969680786,-0.007395186927169561,0.7966634631156921,0.0,0.9990243315696716
1749,,,,,,,,-3.1586713790893555,3.3749998692655936e-05,-0.029803255572915077,0.014088836498558521,0.39537882804870605,0.011590957641601562,235.0,0.15735410153865814,100.0,3.1073451042175293,-0.00827880296856165,0.7900171875953674,0.0,0.9991701245307922
1750,,,,,,,,-3.1587975025177,1.4999999621068127e-05,-0.022594265639781952,0.02699621021747589,0.38573598861694336,0.011481761932373047,241.0,0.15741248428821564,100.0,3.1052958965301514,-0.009596460498869419,0.7602584362030029,0.0,0.9991287589073181
1751,,,,,,,,-3.1554465293884277,0.00011390625149942935,-0.018888184800744057,0.028840184211730957,0.3822746276855469,0.011277198791503906,243.0,0.157603919506073,100.0,3.103929042816162,-0.008151601068675518,0.7188535332679749,0.0,0.9989559650421143
1752,,,,,,,,-3.142423152923584,3.3749998692655936e-05,-0.029243670403957367,0.031010325998067856,0.3677539825439453,0.010790824890136719,253.0,0.15792745351791382,100.0,3.103929042816162,-0.005259532015770674,0.7329428791999817,0.0,0.9990608096122742
1753,,,,,,,,-3.133561611175537,3.3749998692655936e-05,-0.014921994879841805,0.07643026113510132,0.3804631233215332,0.01098179817199707,245.0,0.15810434520244598,100.0,3.101853609085083,-0.008748509921133518,0.5030910968780518,0.0,0.9991866946220398
1754,,,,,,,,-3.126878023147583,3.3749998692655936e-05,-0.020678125321865082,0.03022688627243042,0.39478302001953125,0.010820150375366211,236.0,0.1581786721944809,100.0,3.113213062286377,-0.008880963549017906,0.7896483540534973,0.0,0.9992362856864929
1755,,,,,,,,-3.1212871074676514,3.3749998692655936e-05,-0.016375740990042686,0.0403994545340538,0.37167882919311523,0.010509014129638672,251.0,0.1583329141139984,100.0,3.110673189163208,-0.007664917036890984,0.4988594353199005,0.0,0.998990535736084
1756,,,,,,,,-3.114182233810425,5.062499985797331e-05,-0.015276923775672913,0.0882074385881424,0.3774750232696533,0.011556863784790039,246.0,0.15835843980312347,100.0,3.110673189163208,-0.007175110280513763,0.765319287776947,0.0,0.9991427063941956
1757,,,,,,,,-3.113264799118042,7.593750342493877e-05,-0.0026676238048821688,0.024046167731285095,0.3822600841522217,0.01127314567565918,243.0,0.15848219394683838,100.0,3.112114191055298,-0.007547555956989527,0.7554218173027039,0.0,0.9991831183433533
1758,,,,,,,,-3.1017394065856934,5.062499985797331e-05,-0.026511788368225098,0.09544584900140762,0.4003262519836426,0.010695934295654297,233.0,0.158694788813591,100.0,3.114645481109619,-0.01004069671034813,0.7498624920845032,0.0,0.9992441534996033
1759,,,,,,,,-3.0965476036071777,3.3749998692655936e-05,-0.02454153262078762,0.019687747582793236,0.3720710277557373,0.011454105377197266,250.0,0.15862278640270233,100.0,3.114645481109619,-0.0065637193620204926,0.7420275211334229,0.0,0.9990320801734924
1760,-0.00859648734331131,0.7347063422203064,0.0,0.9992402195930481,0.0,0.0,1.0,-3.101508855819702,0.00011390625149942935,-0.017213283106684685,0.19476009905338287,0.3838479518890381,0.010898828506469727,243.0,0.1585056036710739,100.0,3.122267723083496,-0.0073355683125555515,0.0938192829489708,0.0,0.9991475939750671
1761,,,,,,,,-3.1101043224334717,1.4999999621068127e-05,-0.022319253534078598,0.007603080477565527,0.382612943649292,0.010571002960205078,244.0,0.15835623443126678,100.0,3.1192519664764404,-0.008012856356799603,0.00765474746003747,0.0,0.999153196811676
1762,,,,,,,,-3.1154301166534424,2.2500000341096893e-05,-0.01680796779692173,0.02843852899968624,0.3908379077911377,0.011307001113891602,238.0,0.1582465022802353,100.0,3.126366376876831,-0.008940561674535275,1.4773377180099487,0.0,0.9991866946220398
1763,,,,,,,,-3.1222872734069824,5.062499985797331e-05,-0.018132798373699188,0.07478136569261551,0.38100600242614746,0.010316133499145508,245.0,0.1580619364976883,100.0,3.126366376876831,-0.0062856185249984264,0.8377792239189148,0.0,0.9990542531013489
1764,,,,,,,,-3.1320502758026123,3.3749998692655936e-05,-0.016058500856161118,0.05488019809126854,0.38390493392944336,0.010467052459716797,243.0,0.1578720659017563,100.0,3.1242966651916504,-0.007671745028346777,0.8599509596824646,0.0,0.9991655349731445
1765,,,,,,,,-3.1375699043273926,5.062499985797331e-05,-0.018607448786497116,0.005907791666686535,0.3809049129486084,0.011202096939086914,244.0,0.1578460931777954,100.0,3.1251983642578125,-0.00731938099488616,9.573662282491568e-06,0.0,0.9991037249565125
1766,,,,,,,,-3.1396429538726807,2.2500000341096893e-05,-0.016689639538526535,0.05979212373495102,0.3833448886871338,0.011852025985717773,242.0,0.15779320895671844,100.0,3.128749132156372,-0.00903630256652832,0.8679406046867371,0.0,0.9992339015007019
1767,-0.00782825518399477,0.8042680025100708,0.0,0.9991748332977295,0.0,0.0,1.0,-3.141265630722046,3.3749998692655936e-05,-0.015942037105560303,0.056427691131830215,0.38759303092956543,0.01106405258178711,240.0,0.15780732035636902,100.0,3.1300394535064697,-0.007620297838002443,1.4356902837753296,0.0,0.9992124438285828
1768,,,,,,,,-3.140164375305176,5.062499985797331e-05,-0.01745188608765602,0.018733298406004906,0.3823361396789551,0.010955810546875,244.0,0.15779227018356323,100.0,3.1304028034210205,-0.009102045558393002,0.045547690242528915,0.0,0.9991838335990906
1769,,,,,,,,-3.1410937309265137,3.3749998692655936e-05,-0.019294636324048042,0.031674373894929886,0.3819139003753662,0.010503053665161133,244.0,0.15769261121749878,100.0,3.1308822631835938,-0.008366355672478676,0.7444050312042236,0.0,0.9991528987884521
1770,,,,,,,,-3.14753794670105,0.00011390625149942935,-0.01281353086233139,0.033952657133340836,0.38282108306884766,0.010285139083862305,244.0,0.15747448801994324,100.0,3.1388742923736572,-0.007758257444947958,0.5579386949539185,0.0,0.9992629885673523
1771,,,,,,,,-3.1561083793640137,2.2500000341096893e-05,-0.028502484783530235,0.0790875032544136,0.38185882568359375,0.011967897415161133,243.0,0.15738213062286377,100.0,3.149549961090088,-0.008951657451689243,1.4402662515640259,0.0,0.9991958737373352
1772,,,,,,,,-3.159425973892212,7.593750342493877e-05,-0.012731237336993217,0.012983855791389942,0.3830714225769043,0.010821819305419922,243.0,0.157302588224411,100.0,3.1488304138183594,-0.007385082542896271,0.055872783064842224,0.0,0.9991504549980164
1773,,,,,,,,-3.1612331867218018,2.2500000341096893e-05,-0.031106242910027504,0.030294472351670265,0.3695521354675293,0.010545015335083008,252.0,0.15731477737426758,100.0,3.145814895629883,-0.00855420995503664,0.8040376305580139,0.0,0.9991406798362732
1774,,,,,,,,-3.1607437133789062,0.00017085937724914402,-0.011323614977300167,0.03270866349339485,0.39385318756103516,0.010576725006103516,237.0,0.15728148818016052,100.0,3.157149076461792,-0.009584406390786171,0.7347845435142517,0.0,0.9993090033531189
1775,,,,,,,,-3.1635384559631348,3.3749998692655936e-05,-0.02609355002641678,0.04285416007041931,0.3876049518585205,0.011407136917114258,240.0,0.15728409588336945,100.0,3.1614632606506348,-0.007649484556168318,0.6415606141090393,0.0,0.9992160797119141
1776,,,,,,,,-3.164642810821533,7.593750342493877e-05,-0.02721121348440647,0.027117421850562096,0.38411688804626465,0.010779857635498047,243.0,0.1571689397096634,100.0,3.160092830657959,-0.008492360822856426,0.6733621954917908,0.0,0.9990634322166443
1777,,,,,,,,-3.1737170219421387,3.3749998692655936e-05,-0.022276107221841812,0.031168483197689056,0.3719360828399658,0.010524988174438477,251.0,0.15695810317993164,100.0,3.160092830657959,-0.006507322657853365,0.8501243591308594,0.0,0.9991490244865417
1778,,,,,,,,-3.178842306137085,5.062499985797331e-05,-0.018930740654468536,0.021032651886343956,0.3846888542175293,0.011565923690795898,242.0,0.15695598721504211,100.0,3.1724143028259277,-0.009641719050705433,0.7866315841674805,0.0,0.9992126822471619
1779,,,,,,,,-3.175612211227417,7.593750342493877e-05,-0.01770053803920746,0.036069680005311966,0.4193079471588135,0.010927200317382812,223.0,0.15692637860774994,100.0,3.184638261795044,-0.007568368688225746,0.7795704007148743,0.0,0.9992167949676514
1780,,,,,,,,-3.172555446624756,2.2500000341096893e-05,-0.0060750278644263744,0.16875743865966797,0.3715701103210449,0.010669946670532227,251.0,0.15699468553066254,100.0,3.1948227882385254,-0.007479017600417137,0.09240907430648804,0.0,0.9990332126617432
1781,,,,,,,,-3.1676254272460938,3.3749998692655936e-05,-0.012525183148682117,0.03865450248122215,0.3806760311126709,0.011094808578491211,245.0,0.15709763765335083,100.0,3.1948227882385254,-0.005577556788921356,0.3288077712059021,0.0,0.9991480708122253
1782,,,,,,,,-3.1654608249664307,2.2500000341096893e-05,-0.028696218505501747,0.013708028011023998,0.3823659420013428,0.010632038116455078,244.0,0.1570647805929184,100.0,3.195136308670044,-0.007129577454179525,0.3824657201766968,0.0,0.9991392493247986
1783,,,,,,,,-3.1697206497192383,2.2500000341096893e-05,-0.015480567701160908,0.024622337892651558,0.39521265029907227,0.01140141487121582,236.0,0.15688231587409973,100.0,3.183879852294922,-0.011752244085073471,0.9234640002250671,0.0,0.9992384910583496
1784,,,,,,,,-3.177300453186035,0.00011390625149942935,-0.014785852283239365,0.01554787065833807,0.4477059841156006,0.014260053634643555,207.0,0.15664668381214142,100.0,3.183879852294922,-0.007097939029335976,0.5477455258369446,0.0,0.9990922808647156
1785,-0.008311150595545769,0.31570151448249817,0.0,0.9992659091949463,0.0,0.0,1.0,-3.18678617477417,2.2500000341096893e-05,-0.01818503625690937,0.026452217251062393,0.466594934463501,0.013133049011230469,200.0,0.1565513163805008,100.0,3.1751039028167725,-0.007373019587248564,0.7639840245246887,0.0,0.9992375373840332
1786,,,,,,,,-3.188304901123047,0.0002562890585977584,-0.010550756938755512,0.008238496258854866,0.48619794845581055,0.011811971664428711,192.0,0.1564646065235138,100.0,3.169346570968628,-0.007705600932240486,0.005857722368091345,0.0,0.9991121888160706
1787,,,,,,,,-3.200371742248535,2.2500000341096893e-05,-0.024296589195728302,0.020463677123188972,0.3872871398925781,0.012673616409301758,240.0,0.15624859929084778,100.0,3.172227144241333,-0.009285918436944485,0.7906357645988464,0.0,0.9992103576660156
1788,,,,,,,,-3.2042222023010254,0.00011390625149942935,-0.017586253583431244,0.012038502842187881,0.38155269622802734,0.011760950088500977,244.0,0.1562257707118988,100.0,3.172227144241333,-0.006100173573940992,0.8364749550819397,0.0,0.9990735054016113
1789,,,,,,,,-3.2091856002807617,2.2500000341096893e-05,-0.008507381193339825,0.012895160354673862,0.38429784774780273,0.010557174682617188,243.0,0.15607304871082306,100.0,3.171393394470215,-0.007800346240401268,0.7964630126953125,0.0,0.9991688132286072
1790,,,,,,,,-3.213881015777588,3.3749998692655936e-05,-0.01504027470946312,0.007334877271205187,0.3828308582305908,0.011196136474609375,243.0,0.15603728592395782,100.0,3.1650137901306152,-0.00605357438325882,1.004590103548253e-05,0.0,0.9991187453269958
1791,,,,,,,,-3.2163500785827637,3.3749998692655936e-05,-0.019796783104538918,0.04781360179185867,0.3836972713470459,0.010855913162231445,243.0,0.15607059001922607,100.0,3.1731479167938232,-0.006750204134732485,0.8093525767326355,0.0,0.9991782307624817
1792,-0.007537219673395157,0.7113814949989319,0.0,0.9990322589874268,0.0,0.0,1.0,-3.2169034481048584,2.2500000341096893e-05,-0.02428032085299492,0.049839433282613754,0.38348889350891113,0.01050877571105957,243.0,0.15609343349933624,100.0,3.1825966835021973,-0.00789987575262785,1.4818267822265625,0.0,0.9991469979286194
1793,,,,,,,,-3.2160515785217285,0.00011390625149942935,-0.011255331337451935,0.02330181747674942,0.38405609130859375,0.010823965072631836,243.0,0.15616507828235626,100.0,3.1870765686035156,-0.00737944059073925,0.046468500047922134,0.0,0.9991006851196289
1794,,,,,,,,-3.208071708679199,5.062499985797331e-05,-0.01968398317694664,0.03409608453512192,0.3831958770751953,0.01084589958190918,243.0,0.1564919650554657,100.0,3.188009738922119,-0.005636975634843111,0.2078850418329239,0.0,0.9990831017494202
1795,,,,,,,,-3.2011871337890625,5.062499985797331e-05,-0.016365937888622284,0.01690611243247986,0.38321900367736816,0.011018037796020508,243.0,0.1564796268939972,100.0,3.184814214706421,-0.007559833582490683,0.8174116015434265,0.0,0.9991912245750427
1796,,,,,,,,-3.207681655883789,7.593750342493877e-05,-0.0169006809592247,0.07718899101018906,0.38284897804260254,0.011171102523803711,243.0,0.15627512335777283,100.0,3.1869423389434814,-0.007984030060470104,1.590380311012268,0.0,0.9991092681884766
1797,,,,,,,,-3.2159721851348877,1.4999999621068127e-05,-0.026341866701841354,0.002927228109911084,0.38263893127441406,0.010785102844238281,244.0,0.15621857345104218,100.0,3.175701379776001,-0.008173457346856594,0.0003609723353292793,0.0,0.999042809009552
1798,,,,,,,,-3.217289924621582,7.593750342493877e-05,-0.019928593188524246,0.011127986945211887,0.3713347911834717,0.010501861572265625,251.0,0.15624848008155823,100.0,3.1873979568481445,-0.007534672971814871,0.3744124174118042,0.0,0.9990437030792236
1799,,,,,,,,-3.213230848312378,5.062499985797331e-05,-0.023833779618144035,0.04073309898376465,0.3939080238342285,0.01061701774597168,237.0,0.15637969970703125,100.0,3.186100482940674,-0.00906879361718893,0.7723938822746277,0.0,0.9992351531982422
1800,,,,,,,,-3.2059545516967773,3.3749998692655936e-05,-0.014373869635164738,0.05106614530086517,0.3862018585205078,0.010477066040039062,242.0,0.15654169023036957,100.0,3.1861958503723145,-0.00830197986215353,0.32959526777267456,0.0,0.999216616153717
1801,,,,,,,,-3.2002904415130615,3.3749998692655936e-05,-0.015713511034846306,0.020469317212700844,0.3869600296020508,0.011734962463378906,240.0,0.1566459685564041,100.0,3.1780529022216797,-0.007018279284238815,0.7740662097930908,0.0,0.9990964531898499
1802,,,,,,,,-3.1962811946868896,0.00011390625149942935,-0.004336655139923096,0.1807853728532791,0.38701677322387695,0.01050424575805664,241.0,0.15675070881843567,100.0,3.1780529022216797,-0.007373547647148371,0.0936112180352211,0.0,0.9991414546966553
1803,,,,,,,,-3.1942081451416016,9.999999747378752e-06,-0.01664516143500805,0.1749594658613205,0.3839991092681885,0.010374069213867188,243.0,0.15675805509090424,100.0,3.1898860931396484,-0.00933996494859457,0.09369451552629471,0.0,0.9992178082466125
1804,,,,,,,,-3.197530508041382,7.593750342493877e-05,-0.005851806607097387,0.17981940507888794,0.40077900886535645,0.01137399673461914,232.0,0.1565912365913391,100.0,3.203850746154785,-0.010075976140797138,0.0920502245426178,0.0,0.9991855025291443
1805,,,,,,,,-3.207770347595215,2.2500000341096893e-05,-0.02788720466196537,0.08692747354507446,0.3715939521789551,0.01076197624206543,251.0,0.15640704333782196,100.0,3.1913444995880127,-0.007882713340222836,0.09448400884866714,0.0,0.9989617466926575
1806,,,,,,,,-3.2114806175231934,1.4999999621068127e-05,-0.014994209632277489,0.14596261084079742,0.38179802894592285,0.010657072067260742,244.0,0.15639618039131165,100.0,3.1913444995880127,-0.007767850067466497,0.0949300229549408,0.0,0.9990817904472351
1807,,,,,,,,-3.2137279510498047,5.062499985797331e-05,-0.02019321173429489,0.02104097791016102,0.38262295722961426,0.010782003402709961,244.0,0.15624591708183289,100.0,3.1789355278015137,-0.008758164010941982,0.31586965918540955,0.0,0.9990572929382324
1808,,,,,,,,-3.221485137939453,1.4999999621068127e-05,-0.021429821848869324,0.136825293302536,0.39749717712402344,0.011109113693237305,234.0,0.15614207088947296,100.0,3.1737520694732666,-0.01059196051210165,0.18731184303760529,0.0,0.9991645216941833
1809,,,,,,,,-3.222526788711548,7.593750342493877e-05,-0.017136836424469948,0.011522755958139896,0.36984801292419434,0.010657072067260742,252.0,0.1560688018798828,100.0,3.1737520694732666,-0.005608361214399338,0.20371268689632416,0.0,0.9990053176879883
1810,-0.008906377479434013,0.09113282710313797,0.0,0.9990611672401428,0.0,0.0,1.0,-3.2236881256103516,5.062499985797331e-05,-0.0219986941665411,0.03209356963634491,0.3877239227294922,0.010843038558959961,240.0,0.15609359741210938,100.0,3.1598451137542725,-0.007527159061282873,0.1835329532623291,0.0,0.9992019534111023
1811,,,,,,,,-3.2175586223602295,0.00011390625149942935,-0.020542090758681297,0.0040830704383552074,0.38635683059692383,0.010608196258544922,241.0,0.1562550663948059,100.0,3.153865337371826,-0.00757301039993763,0.005511471536010504,0.0,0.9991700053215027
1812,,,,,,,,-3.20656156539917,7.593750342493877e-05,-0.027877524495124817,0.12201881408691406,0.38730430603027344,0.010806798934936523,241.0,0.1563924103975296,100.0,3.1381375789642334,-0.00910206139087677,0.9172891974449158,0.0,0.999228298664093
1813,,,,,,,,-3.2046327590942383,9.999999747378752e-06,-0.029726240783929825,0.03823277726769447,0.38293933868408203,0.011063814163208008,243.0,0.15636074542999268,100.0,3.1381375789642334,-0.006750122178345919,1.0564980506896973,0.0,0.9991050362586975
1814,,,,,,,,-3.206332206726074,3.3749998692655936e-05,-0.014091513119637966,0.0061714425683021545,0.38393402099609375,0.010794878005981445,243.0,0.15624336898326874,100.0,3.1379833221435547,-0.007203637156635523,0.20547395944595337,0.0,0.9991568922996521
1815,,,,,,,,-3.2161386013031006,3.3749998692655936e-05,-0.014824941754341125,0.007640704978257418,0.38136982917785645,0.010389089584350586,245.0,0.15593674778938293,100.0,3.149609088897705,-0.00852873269468546,0.015612300485372543,0.0,0.9991080164909363
1816,,,,,,,,-3.2301106452941895,3.3749998692655936e-05,-0.034784115850925446,0.03822621330618858,0.3816077709197998,0.011142969131469727,244.0,0.15574468672275543,100.0,3.1559829711914062,-0.00851608905941248,0.09529650211334229,0.0,0.9992363452911377
1817,-0.007915129885077477,0.3611920475959778,0.0,0.9992110133171082,0.0,0.0,1.0,-3.2410178184509277,5.062499985797331e-05,-0.02063765935599804,0.11463204026222229,0.3830080032348633,0.010778188705444336,243.0,0.15542271733283997,100.0,3.1590042114257812,-0.007856127806007862,1.0717066526412964,0.0,0.9991812705993652
1818,,,,,,,,-3.254429817199707,9.999999747378752e-06,-0.028224440291523933,0.014988006092607975,0.3826742172241211,0.010931968688964844,243.0,0.15528222918510437,100.0,3.1466522216796875,-0.007754670921713114,0.04215363785624504,0.0,0.999131977558136
1819,,,,,,,,-3.2563681602478027,5.062499985797331e-05,-0.010507187806069851,0.011737091466784477,0.37899208068847656,0.010951995849609375,246.0,0.15526480972766876,100.0,3.1319758892059326,-0.006293175276368856,0.3226469159126282,0.0,0.9990324378013611
1820,,,,,,,,-3.259852886199951,3.3749998692655936e-05,-0.01652129739522934,0.042825594544410706,0.38445281982421875,0.010541915893554688,243.0,0.15511462092399597,100.0,3.133445978164673,-0.010568750090897083,0.09157636761665344,0.0,0.9992358684539795
1821,,,,,,,,-3.264660120010376,5.062499985797331e-05,-0.021151317283511162,0.12966853380203247,0.38293004035949707,0.010680198669433594,243.0,0.15511257946491241,100.0,3.1256916522979736,-0.009692764841020107,1.0229724645614624,0.0,0.9991490840911865
1822,,,,,,,,-3.2645082473754883,2.2500000341096893e-05,-0.024718187749385834,0.008533257991075516,0.38269996643066406,0.010963201522827148,243.0,0.15517443418502808,100.0,3.1187403202056885,-0.007884754799306393,0.01782931201159954,0.0,0.999074399471283
1823,,,,,,,,-3.26326847076416,1.4999999621068127e-05,-0.01789371855556965,0.055969469249248505,0.37093305587768555,0.010673284530639648,251.0,0.15515968203544617,100.0,3.1103367805480957,-0.009604881517589092,0.6037587523460388,0.0,0.999012291431427
1824,,,,,,,,-3.2664577960968018,7.593750342493877e-05,-0.013653410598635674,0.020688913762569427,0.39399003982543945,0.011575937271118164,236.0,0.15502627193927765,100.0,3.1119120121002197,-0.012284252792596817,0.2665767967700958,0.0,0.999233067035675
1825,,,,,,,,-3.2735655307769775,2.2500000341096893e-05,-0.01970774307847023,0.013944704085588455,0.38320112228393555,0.01056981086730957,243.0,0.15503127872943878,100.0,3.104379415512085,-0.007871904410421848,0.29740527272224426,0.0,0.9992287755012512
1826,,,,,,,,-3.271162748336792,7.593750342493877e-05,-0.0166176725178957,0.0148204006254673,0.38192296028137207,0.010560035705566406,244.0,0.15516358613967896,100.0,3.1004531383514404,-0.006714912597090006,0.6787888407707214,0.0,0.9990602135658264
1827,,,,,,,,-3.2642219066619873,3.3749998692655936e-05,-0.02042955346405506,0.025380674749612808,0.36808085441589355,0.010791301727294922,253.0,0.15535522997379303,100.0,3.1004531383514404,-0.0059045907109975815,0.7606883645057678,0.0,0.9991073608398438
1828,,,,,,,,-3.254770040512085,5.062499985797331e-05,-0.018531611189246178,0.014395863749086857,0.38062071800231934,0.010303020477294922,245.0,0.15563583374023438,100.0,3.0931150913238525,-0.008106651715934277,0.22495697438716888,0.0,0.9991514086723328
1829,,,,,,,,-3.2393150329589844,5.062499985797331e-05,-0.019150588661432266,0.10292297601699829,0.3954141139984131,0.0108489990234375,236.0,0.15603749454021454,100.0,3.0932865142822266,-0.008079725317656994,0.6909533143043518,0.0,0.9991690516471863
1830,,,,,,,,-3.22232985496521,7.593750342493877e-05,-0.019568050280213356,0.09221483767032623,0.37209296226501465,0.011037349700927734,250.0,0.15642373263835907,100.0,3.0934009552001953,-0.008232583291828632,0.8630186915397644,0.0,0.9989741444587708
1831,,,,,,,,-3.2065818309783936,1.4999999621068127e-05,-0.007638853974640369,0.017708346247673035,0.3832409381866455,0.011293888092041016,243.0,0.15661589801311493,100.0,3.0934009552001953,-0.006446514278650284,0.5084388852119446,0.0,0.9991522431373596
1832,,,,,,,,-3.201714277267456,0.00011390625149942935,-0.010408405214548111,0.06886683404445648,0.3831973075866699,0.010571956634521484,243.0,0.15667760372161865,100.0,3.0829615592956543,-0.007862425409257412,0.7521167397499084,0.0,0.999133825302124
1833,,,,,,,,-3.1983625888824463,2.2500000341096893e-05,-0.027058346197009087,0.042485740035772324,0.3962891101837158,0.010900020599365234,235.0,0.15678247809410095,100.0,3.0936310291290283,-0.008035198785364628,0.810003936290741,0.0,0.9991634488105774
1834,,,,,,,,-3.1930222511291504,5.062499985797331e-05,-0.0158027783036232,0.026927564293146133,0.36936378479003906,0.010684013366699219,252.0,0.15697047114372253,100.0,3.0936310291290283,-0.006022553890943527,0.3079786002635956,0.0,0.9989809393882751
1835,-0.007698194123804569,0.4882177412509918,0.0,0.9991336464881897,0.0,0.0,1.0,-3.1831445693969727,2.2500000341096893e-05,-0.02510918490588665,0.08267872780561447,0.38031506538391113,0.010873794555664062,245.0,0.15719832479953766,100.0,3.088131904602051,-0.007033990230411291,0.21951954066753387,0.0,0.9991150498390198
1836,,,,,,,,-3.1740455627441406,0.00011390625149942935,-0.006362919695675373,0.006934283301234245,0.379910945892334,0.01085209846496582,245.0,0.15732046961784363,100.0,3.1008899211883545,-0.007207280490547419,0.008293506689369678,0.0,0.9990970492362976
1837,,,,,,,,-3.1688408851623535,3.3749998692655936e-05,-0.019889090210199356,0.030781755223870277,0.387653112411499,0.010576963424682617,241.0,0.15732154250144958,100.0,3.0935752391815186,-0.011839322745800018,0.6872813105583191,0.0,0.9992071986198425
1838,,,,,,,,-3.1641788482666016,3.3749998692655936e-05,-0.023725230246782303,0.06774096935987473,0.37999582290649414,0.010632991790771484,245.0,0.15742307901382446,100.0,3.0935752391815186,-0.006368135567754507,0.7869515419006348,0.0,0.9991520047187805
1839,,,,,,,,-3.158271551132202,5.062499985797331e-05,-0.021225105971097946,0.052152570337057114,0.38515210151672363,0.01119089126586914,242.0,0.157418355345726,100.0,3.0829479694366455,-0.008588672615587711,0.7119414210319519,0.0,0.9991334080696106
1840,,,,,,,,-3.159104108810425,5.062499985797331e-05,-0.019538111984729767,0.008011740632355213,0.38158321380615234,0.010977029800415039,244.0,0.15729328989982605,100.0,3.080312967300415,-0.00784244667738676,0.0624648816883564,0.0,0.9990413188934326
1841,,,,,,,,-3.159984588623047,3.3749998692655936e-05,-0.015643306076526642,0.04074527695775032,0.3803529739379883,0.010719060897827148,245.0,0.15733879804611206,100.0,3.0816824436187744,-0.008859614841639996,0.7024722099304199,0.0,0.9991183280944824
1842,-0.007240231614559889,0.7074860334396362,0.0,0.9990235567092896,0.0,0.0,1.0,-3.1562929153442383,2.2500000341096893e-05,-0.022570693865418434,0.02151346020400524,0.38300395011901855,0.010536909103393555,243.0,0.15737369656562805,100.0,3.081557512283325,-0.00971218105405569,1.2284181118011475,0.0,0.9990901350975037
1843,,,,,,,,-3.1578786373138428,1.4999999621068127e-05,-0.03563624620437622,0.02551725134253502,0.3815929889678955,0.010231971740722656,245.0,0.1572813242673874,100.0,3.082474946975708,-0.007006654515862465,0.04733051732182503,0.0,0.9990552067756653
1844,,,,,,,,-3.160677433013916,5.062499985797331e-05,-0.013926669955253601,0.012048077769577503,0.3823890686035156,0.011265993118286133,243.0,0.15723766386508942,100.0,3.09403657913208,-0.007479016203433275,0.2525615990161896,0.0,0.9990341067314148
1845,,,,,,,,-3.160940408706665,2.2500000341096893e-05,-0.021870847791433334,0.027804188430309296,0.38253307342529297,0.010972976684570312,243.0,0.1572558581829071,100.0,3.0860981941223145,-0.00759577052667737,0.34340760111808777,0.0,0.9991742968559265
1846,,,,,,,,-3.160167932510376,3.3749998692655936e-05,-0.013781672343611717,0.037979625165462494,0.3817269802093506,0.010771989822387695,244.0,0.15722359716892242,100.0,3.085082769393921,-0.006533024832606316,1.4913216829299927,0.0,0.9991660118103027
1847,,,,,,,,-3.1624984741210938,7.593750342493877e-05,-0.01511197630316019,0.006348252296447754,0.3821110725402832,0.01132512092590332,244.0,0.15708601474761963,100.0,3.0771737098693848,-0.0077359676361083984,0.0004685431777033955,0.0,0.9990196228027344
1848,,,,,,,,-3.1631674766540527,1.4999999621068127e-05,-0.012575832195580006,0.017734838649630547,0.3698849678039551,0.010481834411621094,252.0,0.15708963572978973,100.0,3.0696377754211426,-0.007836713455617428,0.5881508588790894,0.0,0.9989621043205261
1849,,,,,,,,-3.1626293659210205,7.593750342493877e-05,-0.009451799094676971,0.014862379059195518,0.394150972366333,0.010958194732666016,236.0,0.15700994431972504,100.0,3.07552433013916,-0.008484333753585815,0.7259631752967834,0.0,0.9990990161895752
1850,,,,,,,,-3.173490524291992,3.3749998692655936e-05,-0.016734860837459564,0.02567080594599247,0.4016239643096924,0.010612010955810547,232.0,0.15666444599628448,100.0,3.075253963470459,-0.008056212216615677,0.5673575401306152,0.0,0.9991180896759033
1851,,,,,,,,-3.185051679611206,0.00011390625149942935,-0.01294768787920475,0.07612501829862595,0.3808588981628418,0.010502099990844727,245.0,0.1565750390291214,100.0,3.073453664779663,-0.007263281848281622,0.12308502197265625,0.0,0.9990223050117493
1852,,,,,,,,-3.191967725753784,0.00011390625149942935,-0.006474557798355818,0.16920693218708038,0.3739292621612549,0.01064300537109375,249.0,0.15613940358161926,100.0,3.073453664779663,-0.006845072377473116,0.16493339836597443,0.0,0.9990606307983398
1853,,,,,,,,-3.207919120788574,0.00017085937724914402,-0.009264903143048286,0.05335969477891922,0.3881649971008301,0.011246204376220703,240.0,0.15606766939163208,100.0,3.065824508666992,-0.009293141774833202,0.644031286239624,0.0,0.9991937279701233
1854,,,,,,,,-3.194946765899658,3.3749998692655936e-05,-0.024868808686733246,0.04296189919114113,0.39697933197021484,0.01101994514465332,235.0,0.15630921721458435,100.0,3.067225933074951,-0.010550222359597683,0.3600241243839264,0.0,0.9992014765739441
1855,,,,,,,,-3.1889748573303223,1.4999999621068127e-05,-0.00670961569994688,0.05537334829568863,0.3703727722167969,0.010630130767822266,251.0,0.15624722838401794,100.0,3.055114984512329,-0.007166946306824684,0.6624326109886169,0.0,0.9989630579948425
1856,,,,,,,,-3.195329189300537,0.00011390625149942935,-0.012323125265538692,0.26342475414276123,0.3762931823730469,0.010330915451049805,248.0,0.15587851405143738,100.0,3.055114984512329,-0.005529651418328285,0.16424627602100372,0.0,0.9990993142127991
1857,,,,,,,,-3.2200121879577637,1.4999999621068127e-05,-0.0030665684025734663,0.10805279016494751,0.38155293464660645,0.010492086410522461,244.0,0.1555534154176712,100.0,3.0525753498077393,-0.008449092507362366,0.7598709464073181,0.0,0.9991254806518555
1858,,,,,,,,-3.2277719974517822,7.593750342493877e-05,-0.013057934120297432,0.14678677916526794,0.3958108425140381,0.011039018630981445,235.0,0.15543606877326965,100.0,3.0435454845428467,-0.009510580450296402,0.20871172845363617,0.0,0.9991506934165955
1859,,,,,,,,-3.2321889400482178,1.4999999621068127e-05,-0.016262147575616837,0.055158115923404694,0.36954283714294434,0.01064610481262207,252.0,0.15543946623802185,100.0,3.0435454845428467,-0.006050261203199625,0.2714134454727173,0.0,0.9990372657775879
1860,-0.00800328515470028,0.1576785296201706,0.0,0.9991616010665894,0.0,0.0,1.0,-3.231714963912964,0.00011390625149942935,-0.012205521576106548,0.034859880805015564,0.3825197219848633,0.010735034942626953,244.0,0.15551570057868958,100.0,3.03259539604187,-0.00823830347508192,0.7349832653999329,0.0,0.9990994930267334
1861,,,,,,,,-3.2271695137023926,3.3749998692655936e-05,-0.024322444573044777,0.01324551273137331,0.3856940269470215,0.010921001434326172,242.0,0.1557057648897171,100.0,3.0373198986053467,-0.007490517105907202,0.007916610687971115,0.0,0.9990325570106506
1862,,,,,,,,-3.220125198364258,3.3749998692655936e-05,-0.017247313633561134,0.12390537559986115,0.4423701763153076,0.011182785034179688,211.0,0.1557871699333191,100.0,3.0220139026641846,-0.010765855200588703,1.5107542276382446,0.0,0.9991161227226257
1863,,,,,,,,-3.2141311168670654,5.062499985797331e-05,-0.008630150929093361,0.011957276612520218,0.37958574295043945,0.010580301284790039,246.0,0.15604209899902344,100.0,3.0220139026641846,-0.007153287995606661,0.4072658121585846,0.0,0.998940646648407
1864,,,,,,,,-3.201866865158081,3.3749998692655936e-05,-0.020963435992598534,0.034591272473335266,0.38500118255615234,0.011448860168457031,242.0,0.15624114871025085,100.0,3.0214128494262695,-0.007248209323734045,0.7722710967063904,0.0,0.9990074634552002
1865,,,,,,,,-3.195849657058716,1.4999999621068127e-05,-0.021826930344104767,0.004285190254449844,0.3933589458465576,0.011183023452758789,237.0,0.15633299946784973,100.0,3.0209200382232666,-0.00677437474951148,2.1009129341109656e-05,0.0,0.9988961219787598
1866,,,,,,,,-3.19216251373291,0.00011390625149942935,-0.014594055712223053,0.025752879679203033,0.38268494606018066,0.010851144790649414,243.0,0.15640246868133545,100.0,3.021362066268921,-0.008554566651582718,0.7684352993965149,0.0,0.9990229606628418
1867,-0.00768705178052187,0.39102599024772644,0.0,0.9990381002426147,0.0,0.0,1.0,-3.1841509342193604,3.3749998692655936e-05,-0.01594928652048111,0.0240701325237751,0.38541483879089355,0.010638236999511719,242.0,0.1566849648952484,100.0,3.0152580738067627,-0.008553159423172474,1.2043523788452148,0.0,0.9989748001098633
1868,,,,,,,,-3.1757924556732178,5.062499985797331e-05,-0.027184689417481422,0.015865014865994453,0.3815586566925049,0.011191129684448242,244.0,0.15676993131637573,100.0,3.02826189994812,-0.007959200069308281,0.05729430913925171,0.0,0.9989336133003235
1869,,,,,,,,-3.1755599975585938,5.062499985797331e-05,-0.016806600615382195,0.015181135386228561,0.38064002990722656,0.010963201522827148,245.0,0.15659187734127045,100.0,3.0283150672912598,-0.00834040716290474,0.6714504361152649,0.0,0.9988746643066406
1870,,,,,,,,-3.1867692470550537,5.062499985797331e-05,-0.008854900486767292,0.006813493091613054,0.38352060317993164,0.010727167129516602,243.0,0.1563883274793625,100.0,3.029548168182373,-0.008084023371338844,0.3350001871585846,0.0,0.9991000294685364
1871,,,,,,,,-3.1937174797058105,3.3749998692655936e-05,-0.0088566355407238,0.4695793688297272,0.38470888137817383,0.010581016540527344,242.0,0.1563161164522171,100.0,3.021570920944214,-0.008152306079864502,0.3063591420650482,0.0,0.9991148114204407
1872,,,,,,,,-3.1956868171691895,2.2500000341096893e-05,-0.021922221407294273,0.03739745914936066,0.38260459899902344,0.011094093322753906,243.0,0.15627379715442657,100.0,3.019007682800293,-0.007984125055372715,0.007019644137471914,0.0,0.9990317821502686
1873,,,,,,,,-3.1941044330596924,2.2500000341096893e-05,-0.016075341030955315,0.01913539320230484,0.370358943939209,0.010293006896972656,252.0,0.1563466489315033,100.0,3.008859157562256,-0.008317762985825539,0.303071528673172,0.0,0.9989927411079407
1874,,,,,,,,-3.1887450218200684,7.593750342493877e-05,-0.015731777995824814,0.03830570727586746,0.39550113677978516,0.010668039321899414,236.0,0.15639527142047882,100.0,2.998558759689331,-0.010611419565975666,0.2743341624736786,0.0,0.9991941452026367
1875,,,,,,,,-3.1802310943603516,3.3749998692655936e-05,-0.01900177262723446,0.04720963537693024,0.3832240104675293,0.010740041732788086,243.0,0.15658853948116302,100.0,2.987217426300049,-0.007613025605678558,0.2777605354785919,0.0,0.999195396900177
1876,,,,,,,,-3.1708037853240967,0.00017085937724914402,-0.015166502445936203,0.009638054296374321,0.3823232650756836,0.011255741119384766,243.0,0.15669938921928406,100.0,2.9778897762298584,-0.008282706141471863,0.21989350020885468,0.0,0.9990326762199402
1877,,,,,,,,-3.166360855102539,3.3749998692655936e-05,-0.02143976092338562,0.016855744644999504,0.368790864944458,0.010777950286865234,252.0,0.15673954784870148,100.0,2.9778897762298584,-0.00562314921990037,0.22837261855602264,0.0,0.9990860819816589
1878,,,,,,,,-3.164660930633545,2.2500000341096893e-05,-0.015596128068864346,0.07475408911705017,0.3860311508178711,0.010658025741577148,242.0,0.15680912137031555,100.0,2.9618582725524902,-0.008088105358183384,0.7329689860343933,0.0,0.9991732239723206
1879,,,,,,,,-3.16243839263916,5.062499985797331e-05,-0.022533975541591644,0.24431905150413513,0.39798808097839355,0.011198997497558594,234.0,0.1567784994840622,100.0,2.953259229660034,-0.007713012397289276,0.15616191923618317,0.0,0.9991654753684998
1880,,,,,,,,-3.1677021980285645,2.2500000341096893e-05,-0.010212014429271221,0.04052381590008736,0.3721041679382324,0.011088848114013672,250.0,0.15661920607089996,100.0,2.942216634750366,-0.0073254406452178955,0.25915512442588806,0.0,0.9989750385284424
1881,,,,,,,,-3.1725261211395264,2.2500000341096893e-05,-0.011784029193222523,0.08405879139900208,0.37899184226989746,0.010731935501098633,246.0,0.1565711796283722,100.0,2.942216634750366,-0.006069657858461142,0.1634429693222046,0.0,0.9990475177764893
1882,,,,,,,,-3.175870656967163,5.062499985797331e-05,-0.023964587599039078,0.1419641375541687,0.3838818073272705,0.011244058609008789,242.0,0.15648040175437927,100.0,2.9422037601470947,-0.007391077000647783,0.7500569224357605,0.0,0.999103307723999
1883,,,,,,,,-3.1824378967285156,1.4999999621068127e-05,-0.019897857680916786,0.0882890596985817,0.39644503593444824,0.011842012405395508,235.0,0.15640780329704285,100.0,2.9249820709228516,-0.00828180368989706,0.7998762130737305,0.0,0.9991390109062195
1884,,,,,,,,-3.186657190322876,0.00011390625149942935,0.010779203847050667,0.06879352778196335,0.36889004707336426,0.011071920394897461,252.0,0.15627506375312805,100.0,2.9249820709228516,-0.005572978872805834,0.1909915655851364,0.0,0.9989506602287292
1885,-0.008958657272160053,0.15690788626670837,0.0,0.9991503953933716,0.0,0.0,1.0,-3.1994853019714355,5.062499985797331e-05,-0.014793542213737965,0.20188403129577637,0.3822309970855713,0.011566877365112305,243.0,0.15596677362918854,100.0,2.9117588996887207,-0.007008126005530357,0.15477533638477325,0.0,0.9990647435188293
1886,,,,,,,,-3.2082793712615967,1.4999999621068127e-05,-0.014152835123240948,0.029564445838332176,0.38297009468078613,0.010850667953491211,243.0,0.1559319794178009,100.0,2.91108775138855,-0.0073860869742929935,0.008333191275596619,0.0,0.9990341067314148
1887,,,,,,,,-3.2081058025360107,0.00011390625149942935,-0.013992486521601677,0.2978491187095642,0.3879239559173584,0.010425090789794922,240.0,0.15607908368110657,100.0,2.91337513923645,-0.009041632525622845,1.6232872009277344,0.0,0.9991216659545898
1888,,,,,,,,-3.2022674083709717,3.3749998692655936e-05,-0.011465310119092464,0.3027588129043579,0.37996506690979004,0.010760068893432617,245.0,0.15625698864459991,100.0,2.91337513923645,-0.0053392015397548676,0.15864036977291107,0.0,0.9989951252937317
1889,,,,,,,,-3.199766159057617,2.2500000341096893e-05,-0.01586545817553997,0.1344178318977356,0.38312673568725586,0.01135110855102539,243.0,0.15633916854858398,100.0,2.910067558288574,-0.00620570033788681,0.7835245132446289,0.0,0.9990406036376953
1890,,,,,,,,-3.1982874870300293,0.00011390625149942935,-0.021245421841740608,0.0073957801796495914,0.38092494010925293,0.010377883911132812,245.0,0.156358540058136,100.0,2.9161369800567627,-0.00741213746368885,1.2018487723253202e-05,0.0,0.998912513256073
1891,,,,,,,,-3.200732946395874,9.999999747378752e-06,-0.020023534074425697,0.08152484148740768,0.3832998275756836,0.010721206665039062,243.0,0.15633203089237213,100.0,2.916342258453369,-0.006472722161561251,0.16658081114292145,0.0,0.9991145730018616
1892,-0.0067665958777070045,0.15230639278888702,0.0,0.9990983605384827,0.0,0.0,1.0,-3.201119899749756,0.00017085937724914402,-0.011256815865635872,0.16847576200962067,0.382296085357666,0.011140823364257812,244.0,0.15638482570648193,100.0,2.908909797668457,-0.007061491254717112,0.9849860668182373,0.0,0.999093770980835
1893,,,,,,,,-3.1973965167999268,1.4999999621068127e-05,-0.012529655359685421,0.032402925193309784,0.38421082496643066,0.010734081268310547,243.0,0.15639686584472656,100.0,2.9093284606933594,-0.0074657560326159,0.04133564606308937,0.0,0.9990304112434387
1894,,,,,,,,-3.198073625564575,5.062499985797331e-05,-0.013770507648587227,0.028556548058986664,0.3793461322784424,0.010975837707519531,245.0,0.15638889372348785,100.0,2.9051802158355713,-0.006792604457587004,0.119098961353302,0.0,0.9990461468696594
1895,,,,,,,,-3.1970670223236084,2.2500000341096893e-05,-0.02275954931974411,0.04418284446001053,0.38178205490112305,0.01135110855102539,244.0,0.15639925003051758,100.0,2.8983659744262695,-0.007140012923628092,0.41499099135398865,0.0,0.9991205334663391
1896,,,,,,,,-3.1956303119659424,1.4999999621068127e-05,-0.025561552494764328,0.06604956090450287,0.3849968910217285,0.01064610481262207,242.0,0.1564027965068817,100.0,2.900097131729126,-0.008769613690674305,0.5556320548057556,0.0,0.9991145730018616
1897,,,,,,,,-3.1960248947143555,5.062499985797331e-05,-0.01646485924720764,0.01236952468752861,0.3820328712463379,0.010473966598510742,244.0,0.15630637109279633,100.0,2.887892246246338,-0.006934000179171562,0.0003374907828401774,0.0,0.99900221824646
1898,,,,,,,,-3.1984810829162598,2.2500000341096893e-05,-0.017548883333802223,0.009611479938030243,0.3683767318725586,0.010918140411376953,253.0,0.15628883242607117,100.0,2.8804006576538086,-0.007367819547653198,0.3054409325122833,0.0,0.9989702105522156
1899,,,,,,,,-3.198249101638794,0.00011390625149942935,-0.01606178656220436,0.10238282382488251,0.3920400142669678,0.010495901107788086,238.0,0.1562378704547882,100.0,2.8766515254974365,-0.008383671753108501,0.164716899394989,0.0,0.9991240501403809
1900,,,,,,,,-3.202932834625244,1.4999999621068127e-05,-0.0104256272315979,0.12503299117088318,0.38440704345703125,0.01115274429321289,242.0,0.1561528742313385,100.0,2.86247181892395,-0.0061233933083713055,0.7886449694633484,0.0,0.9991547465324402
1901,,,,,,,,-3.2056729793548584,3.3749998692655936e-05,-0.016077440232038498,0.014882984571158886,0.3833489418029785,0.011152267456054688,243.0,0.15610268712043762,100.0,2.863447904586792,-0.007069438695907593,0.29136165976524353,0.0,0.998962938785553
1902,,,,,,,,-3.206350803375244,1.4999999621068127e-05,-0.021044975146651268,0.008423518389463425,0.4076039791107178,0.011546134948730469,229.0,0.1561039835214615,100.0,2.863447904586792,-0.0060715340077877045,0.2807788848876953,0.0,0.9990363717079163
1903,,,,,,,,-3.2056775093078613,2.2500000341096893e-05,-0.01626017689704895,0.009183409623801708,0.3824911117553711,0.010821819305419922,244.0,0.15613308548927307,100.0,2.8507938385009766,-0.009473121725022793,0.2796750068664551,0.0,0.9990761876106262
1904,,,,,,,,-3.2077229022979736,0.0002562890585977584,-0.007390285842120647,0.14056846499443054,0.39534711837768555,0.010790824890136719,236.0,0.15594707429409027,100.0,2.8411545753479004,-0.006882383953779936,0.8473246693611145,0.0,0.9991742968559265
1905,,,,,,,,-3.2313451766967773,5.062499985797331e-05,-0.0432046540081501,0.08508623391389847,0.3716120719909668,0.010432004928588867,251.0,0.1555088609457016,100.0,2.8393654823303223,-0.007379589602351189,0.15836618840694427,0.0,0.998962938785553
1906,,,,,,,,-3.24666166305542,2.2500000341096893e-05,-0.01091277040541172,0.029124228283762932,0.3825070858001709,0.012749195098876953,242.0,0.15526637434959412,100.0,2.8393654823303223,-0.006031812634319067,0.39988937973976135,0.0,0.9990708827972412
1907,,,,,,,,-3.254709243774414,5.062499985797331e-05,-0.010635673068463802,0.03633465617895126,0.39337801933288574,0.011397838592529297,237.0,0.15517625212669373,100.0,2.829965591430664,-0.007533501833677292,0.11480587720870972,0.0,0.9990509152412415
1908,,,,,,,,-3.257720470428467,1.4999999621068127e-05,-0.008449835702776909,0.15222220122814178,0.40747523307800293,0.012112855911254883,228.0,0.1551378071308136,100.0,2.8281145095825195,-0.007423264905810356,0.8787674903869629,0.0,0.9992036819458008
1909,,,,,,,,-3.2573165893554688,1.4999999621068127e-05,-0.01478528417646885,0.11159901320934296,0.37039804458618164,0.011137962341308594,251.0,0.15519075095653534,100.0,2.8281145095825195,-0.005732330959290266,0.8071907162666321,0.0,0.9989237189292908
1910,-0.00782995205372572,0.38398277759552,0.0,0.9990713000297546,0.0,0.0,1.0,-3.2556002140045166,2.2500000341096893e-05,-0.020688356831669807,0.15669511258602142,0.3848288059234619,0.010640144348144531,242.0,0.15519990026950836,100.0,2.8339829444885254,-0.006128284614533186,0.1589231938123703,0.0,0.9990895390510559
1911,,,,,,,,-3.2560524940490723,0.00011390625149942935,-0.009412562474608421,0.010723954066634178,0.38985300064086914,0.013911008834838867,237.0,0.15518514811992645,100.0,2.83526349067688,-0.00746464217081666,0.008974357508122921,0.0,0.999002993106842
1912,,,,,,,,-3.2520313262939453,2.2500000341096893e-05,-0.018906814977526665,0.2745717167854309,0.40161895751953125,0.011407136917114258,232.0,0.155242919921875,100.0,2.863252878189087,-0.007261915598064661,1.6401087045669556,0.0,0.9990714192390442
1913,,,,,,,,-3.2497730255126953,1.4999999621068127e-05,-0.017455872148275375,0.10900535434484482,0.37975382804870605,0.011049985885620117,245.0,0.15525631606578827,100.0,2.863252878189087,-0.0051925345323979855,0.8650422096252441,0.0,0.9989926815032959
1914,,,,,,,,-3.250736951828003,0.00011390625149942935,-0.012310005724430084,0.0055750031024217606,0.3868680000305176,0.010385751724243164,241.0,0.15519146621227264,100.0,2.864534854888916,-0.007388312369585037,0.3426927328109741,0.0,0.9990193843841553
1915,,,,,,,,-3.2555723190307617,9.999999747378752e-06,-0.00653612706810236,0.005095692817121744,0.38423871994018555,0.010782957077026367,243.0,0.1550886332988739,100.0,2.8739850521087646,-0.007580090314149857,0.025821568444371223,0.0,0.9989410042762756
1916,,,,,,,,-3.258437156677246,3.3749998692655936e-05,-0.014903942123055458,0.07087086886167526,0.38220906257629395,0.010570049285888672,244.0,0.15500988066196442,100.0,2.886601209640503,-0.007256029639393091,0.7306072115898132,0.0,0.9990741610527039
1917,-0.006828955840319395,0.8304405808448792,0.0,0.9989988803863525,0.0,0.0,1.0,-3.264465570449829,7.593750342493877e-05,-0.007538627367466688,0.1265144646167755,0.38543009757995605,0.01100301742553711,242.0,0.15479514002799988,100.0,2.8993453979492188,-0.006972950417548418,1.1713590621948242,0.0,0.9990840554237366
1918,,,,,,,,-3.275495767593384,5.062499985797331e-05,-0.03139295056462288,0.010635681450366974,0.38179516792297363,0.011568784713745117,244.0,0.1546361744403839,100.0,2.9028713703155518,-0.006273828446865082,0.04608641937375069,0.0,0.9990059733390808
1919,,,,,,,,-3.2766966819763184,5.062499985797331e-05,-0.019640108570456505,0.007058693096041679,0.3787541389465332,0.010661840438842773,246.0,0.15468719601631165,100.0,2.9006638526916504,-0.006175097078084946,0.2504139244556427,0.0,0.9989721775054932
1920,,,,,,,,-3.2775228023529053,3.3749998692655936e-05,-0.0019168391590937972,0.010675846599042416,0.38365602493286133,0.010647058486938477,243.0,0.15465767681598663,100.0,2.8914031982421875,-0.006623934954404831,0.4556502103805542,0.0,0.9991223812103271
1921,,,,,,,,-3.279303789138794,3.3749998692655936e-05,-0.03124804049730301,0.08930937945842743,0.38175010681152344,0.010930061340332031,244.0,0.15466396510601044,100.0,2.9015519618988037,-0.007131559308618307,1.16878080368042,0.0,0.9991092085838318
1922,,,,,,,,-3.2821850776672363,2.2500000341096893e-05,-0.01172587275505066,0.006469937972724438,0.38297510147094727,0.010785818099975586,243.0,0.15463176369667053,100.0,2.902930736541748,-0.006482743192464113,0.02163153700530529,0.0,0.9990136623382568
1923,,,,,,,,-3.285656690597534,3.3749998692655936e-05,-0.00791868008673191,0.056404195725917816,0.37011098861694336,0.010866165161132812,251.0,0.15451648831367493,100.0,2.910022258758545,-0.006597892846912146,0.8902203440666199,0.0,0.9989562034606934
1924,,,,,,,,-3.286287546157837,7.593750342493877e-05,-0.020267164334654808,0.009384073317050934,0.39149999618530273,0.010597944259643555,238.0,0.1546911895275116,100.0,2.9106526374816895,-0.007006537169218063,0.2887563705444336,0.0,0.9991281032562256
1925,,,,,,,,-3.2723019123077393,1.4999999621068127e-05,-0.017623787745833397,0.02520022913813591,0.3847019672393799,0.010644197463989258,242.0,0.15493695437908173,100.0,2.912170886993408,-0.006564272101968527,0.13532453775405884,0.0,0.9991040229797363
1926,,,,,,,,-3.2668650150299072,1.4999999621068127e-05,-0.017763450741767883,0.020415937528014183,0.3814220428466797,0.010628938674926758,244.0,0.15495575964450836,100.0,2.9222967624664307,-0.00632384093478322,0.19369757175445557,0.0,0.9989698529243469
1927,,,,,,,,-3.2657394409179688,3.3749998692655936e-05,-0.016712140291929245,0.01447092555463314,0.3680548667907715,0.010639190673828125,253.0,0.15492941439151764,100.0,2.9222967624664307,-0.0045084296725690365,0.09418442100286484,0.0,0.9989942908287048
1928,,,,,,,,-3.267947196960449,0.00011390625149942935,-0.01602337323129177,0.005834509618580341,0.3855099678039551,0.010812044143676758,242.0,0.1547314077615738,100.0,2.9125242233276367,-0.007627116981893778,0.2684486210346222,0.0,0.99909907579422
1929,,,,,,,,-3.2798428535461426,9.999999747378752e-06,-0.033788010478019714,0.11719060689210892,0.3949921131134033,0.011358976364135742,236.0,0.15451867878437042,100.0,2.9126086235046387,-0.009697512723505497,0.8288761973381042,0.0,0.9991316795349121
1930,,,,,,,,-3.2830090522766113,2.2500000341096893e-05,-0.019682079553604126,0.015321977436542511,0.37207603454589844,0.011296987533569336,250.0,0.15451590716838837,100.0,2.9029135704040527,-0.006548009812831879,0.29435375332832336,0.0,0.9989283084869385
1931,,,,,,,,-3.2840499877929688,0.00017085937724914402,-0.012039047665894032,0.10001862794160843,0.3774561882019043,0.01035165786743164,247.0,0.15440958738327026,100.0,2.9029135704040527,-0.004977364558726549,0.7210337519645691,0.0,0.9990458488464355
1932,,,,,,,,-3.2927205562591553,1.4999999621068127e-05,-0.027282774448394775,0.007998889312148094,0.3806900978088379,0.011660099029541016,244.0,0.15426652133464813,100.0,2.903533697128296,-0.005986260715872049,0.09472096711397171,0.0,0.9990577697753906
1933,,,,,,,,-3.2965917587280273,7.593750342493877e-05,-0.008763208985328674,0.02876913920044899,0.39797019958496094,0.01117706298828125,234.0,0.15424206852912903,100.0,2.905789852142334,-0.009405374526977539,0.09652536362409592,0.0,0.9991652369499207
1934,,,,,,,,-3.2991578578948975,2.2500000341096893e-05,-0.0005440482636913657,0.05486803874373436,0.36789703369140625,0.010490894317626953,253.0,0.15416167676448822,100.0,2.905789852142334,-0.007223266642540693,0.6586902737617493,0.0,0.9989508986473083
1935,-0.007554172538220882,0.6921924352645874,0.0,0.9990373849868774,0.0,0.0,1.0,-3.3023693561553955,2.2500000341096893e-05,-0.014659550972282887,0.08353233337402344,0.5092830657958984,0.014872074127197266,183.0,0.1540890485048294,100.0,2.9049994945526123,-0.00651003560051322,0.2376573532819748,0.0,0.9991043210029602
1936,,,,,,,,-3.304513454437256,3.3749998692655936e-05,-0.019482824951410294,0.004340235609561205,0.5261940956115723,0.01760101318359375,176.0,0.1540510356426239,100.0,2.9024808406829834,-0.006578232627362013,0.0051039126701653,0.0,0.9990549087524414
1937,,,,,,,,-3.3067171573638916,5.062499985797331e-05,-0.01288795005530119,0.21583475172519684,0.4402918815612793,0.011272907257080078,212.0,0.15391211211681366,100.0,2.887190341949463,-0.00782934669405222,0.8770673871040344,0.0,0.9992138743400574
1938,,,,,,,,-3.3128421306610107,3.3749998692655936e-05,-0.029609790071845055,0.23432624340057373,0.4010598659515381,0.012624025344848633,232.0,0.1538105309009552,100.0,2.887190341949463,-0.005277806892991066,0.3398457467556,0.0,0.9991058707237244
1939,,,,,,,,-3.3158812522888184,7.593750342493877e-05,-0.021228430792689323,0.04055915027856827,0.40245890617370605,0.010679006576538086,232.0,0.15366436541080475,100.0,2.8820340633392334,-0.005933729466050863,0.5559336543083191,0.0,0.9991734027862549
1940,,,,,,,,-3.326340436935425,9.999999747378752e-06,-0.01205373927950859,0.01835748180747032,0.4131760597229004,0.010860919952392578,226.0,0.15342314541339874,100.0,2.8707010746002197,-0.007766664028167725,0.04429985210299492,0.0,0.9990578293800354
1941,,,,,,,,-3.3343019485473633,0.00011390625149942935,-0.010844393633306026,0.11949459463357925,0.38667917251586914,0.010505914688110352,241.0,0.15312185883522034,100.0,2.8719589710235596,-0.007351454347372055,0.8117056488990784,0.0,0.9991686344146729
1942,-0.008510325103998184,0.17913174629211426,0.0,0.9992031455039978,0.0,0.0,1.0,-3.3495326042175293,3.3749998692655936e-05,-0.009392653591930866,0.13098706305027008,0.40172910690307617,0.010704755783081055,232.0,0.1527838259935379,100.0,2.869593620300293,-0.0062362500466406345,1.3966846466064453,0.0,0.9990901947021484
1943,,,,,,,,-3.3561387062072754,3.3749998692655936e-05,-0.02999085932970047,0.02319445088505745,0.381392240524292,0.010510683059692383,244.0,0.15262138843536377,100.0,2.876922369003296,-0.0064634294249117374,0.04756360128521919,0.0,0.999018669128418
1944,,,,,,,,-3.364232301712036,2.2500000341096893e-05,-0.010720928199589252,0.007384688127785921,0.38080501556396484,0.011352777481079102,244.0,0.15248911082744598,100.0,2.8813400268554688,-0.005842339713126421,0.04300360381603241,0.0,0.9989703297615051
1945,,,,,,,,-3.3664965629577637,2.2500000341096893e-05,-0.014368527568876743,0.0490436926484108,0.3831369876861572,0.010748863220214844,243.0,0.15252338349819183,100.0,2.890232801437378,-0.006088672671467066,0.6715712547302246,0.0,0.9991416931152344
1946,,,,,,,,-3.364413022994995,7.593750342493877e-05,-0.0076299975626170635,0.10221236944198608,0.38168907165527344,0.010977029800415039,244.0,0.15260392427444458,100.0,2.8909764289855957,-0.006873054895550013,1.4534989595413208,0.0,0.9990866780281067
1947,,,,,,,,-3.366471290588379,3.3749998692655936e-05,-0.028119809925556183,0.00970502384006977,0.38108205795288086,0.010418891906738281,245.0,0.15252290666103363,100.0,2.8779146671295166,-0.006876105908304453,0.08691244572401047,0.0,0.998988926410675
1948,,,,,,,,-3.3671364784240723,7.593750342493877e-05,-0.03076338954269886,0.029363790526986122,0.3681368827819824,0.011323213577270508,252.0,0.15273511409759521,100.0,2.87752628326416,-0.006568232551217079,0.7319081425666809,0.0,0.9989848136901855
1949,,,,,,,,-3.3530964851379395,1.4999999621068127e-05,-0.025108451023697853,0.28392544388771057,0.3933696746826172,0.010548114776611328,237.0,0.15299184620380402,100.0,2.8801703453063965,-0.006522068753838539,0.18727658689022064,0.0,0.9991328120231628
1950,,,,,,,,-3.3459763526916504,0.00011390625149942935,-0.008162789046764374,0.08553068339824677,0.3841590881347656,0.010565996170043945,243.0,0.15312780439853668,100.0,2.8834197521209717,-0.007634542416781187,0.1395692527294159,0.0,0.9991435408592224
1951,,,,,,,,-3.3414623737335205,3.3749998692655936e-05,-0.02322102151811123,0.0635962262749672,0.38042688369750977,0.010416984558105469,245.0,0.15309302508831024,100.0,2.891726016998291,-0.007940086536109447,0.18599055707454681,0.0,0.9989944100379944
1952,,,,,,,,-3.348834991455078,3.3749998692655936e-05,-0.019493158906698227,0.04503587633371353,0.36954689025878906,0.010749101638793945,252.0,0.15288685262203217,100.0,2.891726016998291,-0.005846146494150162,0.706062376499176,0.0,0.9990343451499939
1953,,,,,,,,-3.359332323074341,1.4999999621068127e-05,-0.021608466282486916,0.05928626284003258,0.3844780921936035,0.011689901351928711,242.0,0.15275196731090546,100.0,2.875861644744873,-0.007680356502532959,0.28374770283699036,0.0,0.9991011619567871
1954,,,,,,,,-3.362497568130493,5.062499985797331e-05,-0.020762689411640167,0.055471234023571014,0.3973069190979004,0.01075291633605957,235.0,0.15272192656993866,100.0,2.8663246631622314,-0.006708418484777212,0.7588708400726318,0.0,0.9991742968559265
1955,,,,,,,,-3.3661227226257324,7.593750342493877e-05,-0.017369257286190987,0.11781354248523712,0.3731558322906494,0.011046171188354492,249.0,0.15257592499256134,100.0,2.8685972690582275,-0.006331074517220259,0.8491199016571045,0.0,0.9989064335823059
1956,,,,,,,,-3.376207113265991,0.00017085937724914402,-0.008254902437329292,0.10830683261156082,0.379727840423584,0.010528326034545898,245.0,0.15231944620609283,100.0,2.8685972690582275,-0.005011171102523804,0.27753522992134094,0.0,0.9990751147270203
1957,,,,,,,,-3.402832508087158,0.00038443360244855285,-0.015604151412844658,0.1140042394399643,0.3868141174316406,0.011075973510742188,241.0,0.15171723067760468,100.0,2.860217332839966,-0.006505846977233887,0.7945613861083984,0.0,0.9990422129631042
1958,,,,,,,,-3.43093204498291,3.3749998692655936e-05,-0.031750936061143875,0.28790631890296936,0.39672398567199707,0.011311054229736328,235.0,0.15160664916038513,100.0,2.877850294113159,-0.009271376766264439,0.1777879148721695,0.0,0.9991350173950195
1959,,,,,,,,-3.4374489784240723,2.2500000341096893e-05,-0.01826319471001625,0.08720610290765762,0.3724391460418701,0.01115107536315918,250.0,0.15147054195404053,100.0,2.877850294113159,-0.004998514894396067,0.9064593315124512,0.0,0.9990039467811584
1960,-0.0060414038598537445,0.26646023988723755,0.0,0.9990828633308411,0.0,0.0,1.0,-3.44450306892395,2.2500000341096893e-05,-0.019645776599645615,0.04515869542956352,0.3821229934692383,0.010301828384399414,244.0,0.15135036408901215,100.0,2.8800265789031982,-0.00615650461986661,0.7537785172462463,0.0,0.9990846514701843
1961,,,,,,,,-3.451084613800049,5.062499985797331e-05,-0.010991382412612438,0.009636332280933857,0.38520383834838867,0.010583162307739258,242.0,0.15117216110229492,100.0,2.882666826248169,-0.00759943388402462,0.009875603951513767,0.0,0.9989964365959167
1962,,,,,,,,-3.4633517265319824,2.2500000341096893e-05,-0.029252098873257637,0.15481236577033997,0.385181188583374,0.010439872741699219,242.0,0.15096333622932434,100.0,2.884199380874634,-0.007165281102061272,1.0457236766815186,0.0,0.9991126656532288
1963,,,,,,,,-3.4700610637664795,0.00011390625149942935,-0.013024572283029556,0.0547032430768013,0.3811149597167969,0.010493040084838867,245.0,0.15088459849357605,100.0,2.884199380874634,-0.005359649658203125,0.898244321346283,0.0,0.9989722371101379
1964,,,,,,,,-3.4739181995391846,1.4999999621068127e-05,-0.01901572197675705,0.03555985912680626,0.38132190704345703,0.010628938674926758,244.0,0.15082386136054993,100.0,2.8955934047698975,-0.006769555155187845,0.09393522888422012,0.0,0.9990415573120117
1965,,,,,,,,-3.4792587757110596,0.00017085937724914402,-0.011175190098583698,0.007266661152243614,0.38213300704956055,0.010857105255126953,244.0,0.15042369067668915,100.0,2.8869879245758057,-0.007789904717355967,1.1639435797405895e-05,0.0,0.99894779920578
1966,,,,,,,,-3.503596782684326,0.00011390625149942935,-0.021648453548550606,0.4709327220916748,0.38144373893737793,0.011389970779418945,244.0,0.15009860694408417,100.0,2.8972060680389404,-0.006381774786859751,0.17518754303455353,0.0,0.9990978240966797
1967,-0.006183983292430639,0.8623145222663879,0.0,0.9990032315254211,0.0,0.0,1.0,-3.5153515338897705,5.062499985797331e-05,-0.028029168024659157,0.07691057026386261,0.38283801078796387,0.010795116424560547,243.0,0.14984893798828125,100.0,2.9093129634857178,-0.007295011077076197,1.4763154983520508,0.0,0.9990306496620178
1968,,,,,,,,-3.5296242237091064,7.593750342493877e-05,-0.030403126031160355,0.04446984827518463,0.3818948268890381,0.010979175567626953,244.0,0.1494867503643036,100.0,2.897037982940674,-0.006255205720663071,0.05500355735421181,0.0,0.9989836812019348
1969,,,,,,,,-3.546383857727051,3.3749998692655936e-05,-0.02137569896876812,0.02886820212006569,0.3807950019836426,0.011216163635253906,244.0,0.14929848909378052,100.0,2.885411024093628,-0.006933531258255243,0.6850121021270752,0.0,0.9989171028137207
1970,,,,,,,,-3.547647476196289,2.2500000341096893e-05,-0.024744311347603798,0.5225517749786377,0.3846099376678467,0.011333942413330078,242.0,0.14929407835006714,100.0,2.8863723278045654,-0.007473785895854235,0.17047052085399628,0.0,0.999091386795044
1971,,,,,,,,-3.5481648445129395,2.2500000341096893e-05,-0.01081516221165657,0.3449631631374359,0.3822510242462158,0.010409116744995117,244.0,0.14925426244735718,100.0,2.891876697540283,-0.008860967122018337,0.6883582472801208,0.0,0.9990741610527039
1972,,,,,,,,-3.5496277809143066,2.2500000341096893e-05,-0.016769470646977425,0.0365961417555809,0.3839411735534668,0.010571002960205078,243.0,0.14919905364513397,100.0,2.8912220001220703,-0.008192135952413082,0.008592342026531696,0.0,0.9990071654319763
1973,,,,,,,,-3.5523931980133057,2.2500000341096893e-05,-0.009209822863340378,0.35287395119667053,0.36913633346557617,0.010344743728637695,252.0,0.14909639954566956,100.0,2.8798887729644775,-0.005886819679290056,0.16423161327838898,0.0,0.9989961981773376
1974,,,,,,,,-3.558866500854492,1.4999999621068127e-05,-0.01707550883293152,0.030395224690437317,0.3934438228607178,0.010422945022583008,237.0,0.148935005068779,100.0,2.874817371368408,-0.007815126329660416,0.5398157238960266,0.0,0.9991208910942078
1975,,,,,,,,-3.564592123031616,0.00038443360244855285,-0.005272229202091694,0.12154287099838257,0.38372087478637695,0.010322093963623047,243.0,0.14895080029964447,100.0,2.869964838027954,-0.00665723392739892,0.4219309091567993,0.0,0.9991416931152344
1976,,,,,,,,-3.5557379722595215,2.2500000341096893e-05,-0.024382920935750008,0.032758232206106186,0.3818211555480957,0.010498762130737305,244.0,0.14900325238704681,100.0,2.8591933250427246,-0.006773816887289286,0.24288024008274078,0.0,0.998953640460968
1977,,,,,,,,-3.555555820465088,0.00017085937724914402,-0.011873769573867321,0.040056757628917694,0.3689451217651367,0.01089787483215332,252.0,0.14887620508670807,100.0,2.8591933250427246,-0.006311790551990271,0.5621978044509888,0.0,0.9989727139472961
1978,,,,,,,,-3.5614306926727295,3.3749998692655936e-05,-0.020444950088858604,0.09531723707914352,0.38324880599975586,0.010607242584228516,243.0,0.14877396821975708,100.0,2.8673529624938965,-0.00847787968814373,0.7260475158691406,0.0,0.9990658164024353
1979,,,,,,,,-3.5667738914489746,5.062499985797331e-05,-0.018830448389053345,0.013154047541320324,0.40134406089782715,0.010897159576416016,232.0,0.1486365646123886,100.0,2.869964838027954,-0.008039084263145924,0.4000397026538849,0.0,0.9991087913513184
1980,,,,,,,,-3.567340612411499,7.593750342493877e-05,-0.020770637318491936,0.014693479053676128,0.37193799018859863,0.010576963424682617,250.0,0.14880627393722534,100.0,2.874965190887451,-0.006532771047204733,0.4725811779499054,0.0,0.9988953471183777
1981,,,,,,,,-3.5580151081085205,5.062499985797331e-05,-0.024785837158560753,0.09438852965831757,0.3789079189300537,0.010556221008300781,246.0,0.1489095687866211,100.0,2.874965190887451,-0.005774054676294327,0.9082649350166321,0.0,0.9990151524543762
1982,,,,,,,,-3.5569896697998047,2.2500000341096893e-05,-0.028025994077324867,0.012204108759760857,0.3887608051300049,0.010538101196289062,240.0,0.1489419937133789,100.0,2.883690595626831,-0.005163710098713636,0.14124125242233276,0.0,0.9990087151527405
1983,,,,,,,,-3.5547876358032227,1.4999999621068127e-05,-0.007293284870684147,0.012275534681975842,0.39237022399902344,0.010805845260620117,238.0,0.1490325927734375,100.0,2.8908751010894775,-0.007987539283931255,0.4959340989589691,0.0,0.9991024136543274
1984,,,,,,,,-3.5497350692749023,0.00017085937724914402,-0.009487789124250412,0.0710558369755745,0.3679778575897217,0.010614156723022461,253.0,0.14920924603939056,100.0,2.8908751010894775,-0.004660033155232668,0.8406784534454346,0.0,0.998913586139679
1985,-0.0058555323630571365,0.871934175491333,0.0,0.9989978671073914,0.0,0.0,1.0,-3.5375685691833496,3.3749998692655936e-05,-0.01639091596007347,0.3902071714401245,0.38216710090637207,0.010374784469604492,244.0,0.14936338365077972,100.0,2.90395188331604,-0.007149968296289444,0.1649627834558487,0.0,0.9990415573120117
1986,,,,,,,,-3.5342676639556885,1.4999999621068127e-05,-0.03261662647128105,0.03183526545763016,0.3804810047149658,0.011184930801391602,245.0,0.1493808776140213,100.0,2.895746946334839,-0.005537600722163916,0.00662287836894393,0.0,0.9989973902702332
1987,,,,,,,,-3.5330123901367188,7.593750342493877e-05,-0.018663743510842323,0.10736653953790665,0.3863248825073242,0.010637998580932617,241.0,0.1495046764612198,100.0,2.910353183746338,-0.009820970706641674,0.6898826956748962,0.0,0.999091625213623
1988,,,,,,,,-3.523447036743164,2.2500000341096893e-05,-0.01804949901998043,0.204166978597641,0.3788290023803711,0.010464906692504883,246.0,0.14969675242900848,100.0,2.910353183746338,-0.005746921524405479,0.9937208294868469,0.0,0.9990658760070801
1989,,,,,,,,-3.5203804969787598,3.3749998692655936e-05,-0.007380272261798382,0.2517275810241699,0.381943941116333,0.01093912124633789,244.0,0.14960649609565735,100.0,2.9104254245758057,-0.006584968417882919,0.15879009664058685,0.0,0.9990463256835938
1990,,,,,,,,-3.5252416133880615,0.00011390625149942935,-0.00752692436799407,0.043079011142253876,0.38286590576171875,0.010911941528320312,243.0,0.14949607849121094,100.0,2.907194137573242,-0.006080265622586012,0.0073712836019694805,0.0,0.9989965558052063
1991,,,,,,,,-3.5263845920562744,7.593750342493877e-05,-0.014958654530346394,0.033138539642095566,0.3822929859161377,0.01041722297668457,244.0,0.14959903061389923,100.0,2.895000696182251,-0.006460616830736399,0.5230349898338318,0.0,0.9990621209144592
1992,-0.00725891999900341,0.9053727984428406,0.0,0.9989678263664246,0.0,0.0,1.0,-3.5085434913635254,5.062499985797331e-05,-0.021256882697343826,0.5521344542503357,0.38443803787231445,0.011426687240600586,242.0,0.15008874237537384,100.0,2.909440517425537,-0.0069681680761277676,0.36691126227378845,0.0,0.9991283416748047
1993,,,,,,,,-3.49088716506958,9.999999747378752e-06,-0.02048121765255928,0.0493435375392437,0.3827629089355469,0.010502338409423828,244.0,0.1501624882221222,100.0,2.9096555709838867,-0.006195944268256426,0.04127132520079613,0.0,0.999070405960083
1994,,,,,,,,-3.490614891052246,0.00011390625149942935,-0.0056813983246684074,0.13010655343532562,0.37946200370788574,0.010584115982055664,246.0,0.15005290508270264,100.0,2.904358386993408,-0.006231911480426788,0.12583178281784058,0.0,0.9989948272705078
1995,,,,,,,,-3.505641460418701,3.3749998692655936e-05,-0.020227985456585884,0.16877709329128265,0.3855910301208496,0.011317014694213867,241.0,0.14963220059871674,100.0,2.8920912742614746,-0.006811331957578659,0.9221956729888916,0.0,0.9991390109062195
1996,,,,,,,,-3.5225844383239746,3.3749998692655936e-05,-0.013081805780529976,0.4092136323451996,0.382904052734375,0.01102900505065918,243.0,0.14939449727535248,100.0,2.892427682876587,-0.0067950957454741,0.45710599422454834,0.0,0.9991329312324524
1997,,,,,,,,-3.5305075645446777,1.4999999621068127e-05,-0.016035670414566994,0.040384210646152496,0.3828392028808594,0.011290788650512695,243.0,0.14934185147285461,100.0,2.8805739879608154,-0.005220961291342974,0.025223681703209877,0.0,0.9989995956420898
1998,,,,,,,,-3.5315651893615723,5.062499985797331e-05,-0.018579231575131416,0.13598668575286865,0.3779902458190918,0.010660886764526367,247.0,0.1493358165025711,100.0,2.895176649093628,-0.00644262507557869,0.7605857849121094,0.0,0.9989106059074402
1999,,,,,,,,-3.535881996154785,7.593750342493877e-05,-0.011325079947710037,0.12041615694761276,0.39314985275268555,0.011660099029541016,237.0,0.14907152950763702,100.0,2.8952152729034424,-0.007245090324431658,0.7571155428886414,0.0,0.9990920424461365
2000,,,,,,,,-3.549075126647949,1.4999999621068127e-05,-0.03245251625776291,0.4544060528278351,0.38335394859313965,0.011074066162109375,243.0,0.1489417850971222,100.0,2.8854331970214844,-0.006273937877267599,0.2266748547554016,0.0,0.9990942478179932
2001,,,,,,,,-3.5516602993011475,3.3749998692655936e-05,-0.005575594957917929,0.06112361699342728,0.3817319869995117,0.010759830474853516,244.0,0.14893679320812225,100.0,2.8969767093658447,-0.00610135355964303,0.6798738837242126,0.0,0.9989082217216492
2002,,,,,,,,-3.5502078533172607,7.593750342493877e-05,-0.008056629449129105,0.10809972137212753,0.3695240020751953,0.011240005493164062,252.0,0.1490170657634735,100.0,2.8969767093658447,-0.004745642188936472,0.7316035628318787,0.0,0.9989625811576843
2003,,,,,,,,-3.5504274368286133,3.3749998692655936e-05,-0.014145135879516602,0.14399684965610504,0.3830699920654297,0.011042118072509766,243.0,0.14882491528987885,100.0,2.898089647293091,-0.0069201490841805935,0.8088838458061218,0.0,0.9990647435188293
2004,,,,,,,,-3.5586867332458496,3.3749998692655936e-05,-0.017943650484085083,0.042342547327280045,0.3944518566131592,0.011028051376342773,236.0,0.1486775279045105,100.0,2.9103803634643555,-0.005977805703878403,0.38731488585472107,0.0,0.9990981221199036
2005,,,,,,,,-3.560091257095337,0.00011390625149942935,-0.005329931620508432,0.46172770857810974,0.3734898567199707,0.01146697998046875,249.0,0.14865843951702118,100.0,2.918607473373413,-0.006749410647898912,0.16444922983646393,0.0,0.9989283680915833
2006,,,,,,,,-3.5504310131073,5.062499985797331e-05,-0.009611071087419987,0.03280002996325493,0.3786351680755615,0.010231733322143555,246.0,0.14893534779548645,100.0,2.918607473373413,-0.00556795671582222,0.46990835666656494,0.0,0.9990178942680359
2007,,,,,,,,-3.541945219039917,3.3749998692655936e-05,-0.01079323049634695,0.21167440712451935,0.3836212158203125,0.010835886001586914,243.0,0.14890597760677338,100.0,2.930996894836426,-0.005614517722278833,0.7305476069450378,0.0,0.9990221858024597
2008,,,,,,,,-3.5456790924072266,7.593750342493877e-05,-0.021717989817261696,0.05228258669376373,0.39329099655151367,0.011231184005737305,237.0,0.1487468183040619,100.0,2.9208741188049316,-0.009088524617254734,0.3781415522098541,0.0,0.999110996723175
2009,,,,,,,,-3.5449464321136475,2.2500000341096893e-05,-0.029685867950320244,0.1366203874349594,0.3693690299987793,0.01093912124633789,252.0,0.14888465404510498,100.0,2.9208741188049316,-0.004254948813468218,0.7742736339569092,0.0,0.998889148235321
2010,-0.006332166958600283,0.4512295424938202,0.0,0.9989916086196899,0.0,0.0,1.0,-3.540803909301758,3.3749998692655936e-05,-0.022582536563277245,0.050252337008714676,0.38217806816101074,0.010788202285766602,244.0,0.1488720178604126,100.0,2.924520492553711,-0.006445089355111122,0.3668026030063629,0.0,0.9990265369415283
2011,,,,,,,,-3.5439531803131104,5.062499985797331e-05,-0.023225752636790276,0.010731494054198265,0.38033175468444824,0.010573148727416992,245.0,0.148664653301239,100.0,2.9331979751586914,-0.006083354353904724,0.007682654540985823,0.0,0.9989418387413025
2012,,,,,,,,-3.5541555881500244,3.3749998692655936e-05,-0.019925357773900032,0.16628889739513397,0.39492106437683105,0.011510848999023438,236.0,0.1484108567237854,100.0,2.936065673828125,-0.008360524661839008,0.37644803524017334,0.0,0.999086856842041
2013,,,,,,,,-3.56137752532959,2.2500000341096893e-05,-0.016700109466910362,0.5202521681785583,0.38298892974853516,0.010825872421264648,243.0,0.14835040271282196,100.0,2.936065673828125,-0.004348949063569307,0.2172573059797287,0.0,0.9990530610084534
2014,,,,,,,,-3.559683322906494,1.4999999621068127e-05,-0.015043440274894238,0.327953040599823,0.3813621997833252,0.010769844055175781,244.0,0.14843356609344482,100.0,2.935458183288574,-0.0068444120697677135,0.16145969927310944,0.0,0.9990649819374084
2015,,,,,,,,-3.5545084476470947,5.062499985797331e-05,-0.019871868193149567,0.018027395009994507,0.38470888137817383,0.011153936386108398,242.0,0.1485450118780136,100.0,2.937528610229492,-0.005829503759741783,0.008355218917131424,0.0,0.9990208745002747
2016,,,,,,,,-3.549541711807251,3.3749998692655936e-05,-0.04074527323246002,0.2792434096336365,0.38415098190307617,0.010432004928588867,243.0,0.14857074618339539,100.0,2.9246318340301514,-0.005623809527605772,0.17426593601703644,0.0,0.9991427063941956
2017,-0.006042392458766699,0.16400614380836487,0.0,0.9990771412849426,0.0,0.0,1.0,-3.5518453121185303,0.00017085937724914402,-0.011720401234924793,0.30696210265159607,0.38224196434020996,0.011651754379272461,243.0,0.14846031367778778,100.0,2.912431478500366,-0.0077737863175570965,1.1941310167312622,0.0,0.9990513920783997
2018,,,,,,,,-3.559386730194092,3.3749998692655936e-05,-0.01978476531803608,0.04719897359609604,0.3833279609680176,0.010955095291137695,243.0,0.14829501509666443,100.0,2.91261887550354,-0.006830944214016199,0.04795405641198158,0.0,0.9990209937095642
2019,,,,,,,,-3.5638129711151123,5.062499985797331e-05,-0.020837437361478806,0.058770254254341125,0.37902307510375977,0.011200904846191406,246.0,0.14826428890228271,100.0,2.898534059524536,-0.007199639454483986,0.14786171913146973,0.0,0.9989611506462097
2020,,,,,,,,-3.5650737285614014,5.062499985797331e-05,-0.021837078034877777,0.09529583156108856,0.38538098335266113,0.011182785034179688,242.0,0.1481630504131317,100.0,2.9021034240722656,-0.005875446368008852,0.210567906498909,0.0,0.9991159439086914
2021,,,,,,,,-3.56764554977417,3.3749998692655936e-05,-0.022892290726304054,0.6281964182853699,0.3845682144165039,0.010419845581054688,243.0,0.14820429682731628,100.0,2.8906593322753906,-0.0055781262926757336,0.9580585360527039,0.0,0.9990717768669128
2022,,,,,,,,-3.5622129440307617,9.999999747378752e-06,-0.02037067525088787,0.025809582322835922,0.38050293922424316,0.011011123657226562,245.0,0.14834122359752655,100.0,2.8873627185821533,-0.005508371163159609,0.007055813446640968,0.0,0.9989835619926453
2023,,,,,,,,-3.5583412647247314,5.062499985797331e-05,-0.019670845940709114,0.3681551218032837,0.3711099624633789,0.01107025146484375,251.0,0.1483517587184906,100.0,2.877540349960327,-0.0054345205426216125,0.7767933011054993,0.0,0.9988911747932434
2024,,,,,,,,-3.560807704925537,5.062499985797331e-05,-0.008830497041344643,0.46668267250061035,0.3952298164367676,0.011170148849487305,236.0,0.14821039140224457,100.0,2.887519598007202,-0.006581552792340517,0.8032081127166748,0.0,0.9990646243095398
2025,,,,,,,,-3.5630931854248047,0.00011390625149942935,-0.014388522133231163,0.16176337003707886,0.38420605659484863,0.010775089263916016,243.0,0.14827677607536316,100.0,2.873322010040283,-0.005550904665142298,0.21778899431228638,0.0,0.9990840554237366
2026,,,,,,,,-3.558598518371582,5.062499985797331e-05,-0.018463164567947388,0.11323777586221695,0.38234901428222656,0.01106405258178711,244.0,0.14847110211849213,100.0,2.8826818466186523,-0.005415164399892092,0.7497513890266418,0.0,0.9988923072814941
2027,,,,,,,,-3.5526363849639893,1.4999999621068127e-05,-0.01342457439750433,0.13072992861270905,0.367480993270874,0.010669946670532227,253.0,0.14854179322719574,100.0,2.8826818466186523,-0.004067139234393835,0.16050077974796295,0.0,0.9989592432975769
2028,,,,,,,,-3.55049467086792,2.2500000341096893e-05,-0.018656626343727112,0.23066948354244232,0.38484883308410645,0.01089787483215332,242.0,0.1485767364501953,100.0,2.8748815059661865,-0.006616552826017141,0.16601614654064178,0.0,0.9990523457527161
2029,,,,,,,,-3.549149513244629,2.2500000341096893e-05,-0.01902381330728531,0.5717028379440308,0.396456241607666,0.010649681091308594,235.0,0.1486215442419052,100.0,2.8851561546325684,-0.0062197172082960606,0.7385811805725098,0.0,0.9991505742073059
2030,,,,,,,,-3.5516538619995117,5.062499985797331e-05,-0.011711418628692627,0.3645745515823364,0.37148404121398926,0.01042795181274414,251.0,0.14838656783103943,100.0,2.8711557388305664,-0.0052202008664608,0.7537862658500671,0.0,0.9988667964935303
2031,,,,,,,,-3.565248489379883,2.2500000341096893e-05,-0.025017928332090378,0.056066080927848816,0.37933993339538574,0.010711193084716797,246.0,0.14814750850200653,100.0,2.8711557388305664,-0.0038708222564309835,0.2111845165491104,0.0,0.999019205570221
2032,,,,,,,,-3.568760633468628,3.3749998692655936e-05,-0.009558465331792831,0.6567486524581909,0.38177919387817383,0.010380744934082031,244.0,0.14819148182868958,100.0,2.8688342571258545,-0.006487429607659578,0.7598709464073181,0.0,0.9989754557609558
2033,,,,,,,,-3.5652689933776855,2.2500000341096893e-05,-0.01111195795238018,0.13134734332561493,0.39638209342956543,0.010771751403808594,235.0,0.14830636978149414,100.0,2.891193151473999,-0.0065581947565078735,0.2466370314359665,0.0,0.9990556836128235
2034,,,,,,,,-3.561506986618042,7.593750342493877e-05,-0.014894688501954079,0.21742144227027893,0.3687260150909424,0.011842012405395508,252.0,0.14836172759532928,100.0,2.891193151473999,-0.004760871175676584,0.1569814234972,0.0,0.9989894032478333
2035,-0.005724185146391392,0.2027546912431717,0.0,0.9990544319152832,0.0,0.0,1.0,-3.559199810028076,5.062499985797331e-05,-0.01599440723657608,0.6242790818214417,0.38718724250793457,0.010768890380859375,241.0,0.14841929078102112,100.0,2.8934507369995117,-0.0061286319978535175,0.7455594539642334,0.0,0.9990515112876892
2036,,,,,,,,-3.5546774864196777,3.3749998692655936e-05,-0.016557253897190094,0.014416121877729893,0.3822946548461914,0.011296272277832031,243.0,0.14844785630702972,100.0,2.903162956237793,-0.005568445194512606,0.005120272282510996,0.0,0.9989396929740906
2037,,,,,,,,-3.557098865509033,0.00011390625149942935,-0.01710282266139984,0.1807958036661148,0.3862459659576416,0.011899948120117188,241.0,0.14817409217357635,100.0,2.8891544342041016,-0.006964672822505236,0.24439994990825653,0.0,0.999117910861969
2038,,,,,,,,-3.56892991065979,9.999999747378752e-06,-0.018147598952054977,0.1689453274011612,0.38010692596435547,0.01073598861694336,245.0,0.148087278008461,100.0,2.8891544342041016,-0.00518764229491353,0.21440047025680542,0.0,0.999021053314209
2039,,,,,,,,-3.570565700531006,7.593750342493877e-05,-0.015312482602894306,0.12389378249645233,0.3825819492340088,0.011133909225463867,243.0,0.1480647325515747,100.0,2.889655351638794,-0.0061446973122656345,0.15761052072048187,0.0,0.9990463256835938
2040,,,,,,,,-3.570807695388794,2.2500000341096893e-05,-0.02529202215373516,0.02791350893676281,0.38381218910217285,0.011070966720581055,243.0,0.14810912311077118,100.0,2.8907430171966553,-0.005387546494603157,0.007574442308396101,0.0,0.9989692568778992
2041,,,,,,,,-3.5698697566986084,5.062499985797331e-05,-0.01787176914513111,0.1228911280632019,0.38495397567749023,0.011837005615234375,241.0,0.1480952948331833,100.0,2.891765594482422,-0.006251226644963026,0.15763188898563385,0.0,0.9990985989570618
2042,-0.006255240645259619,0.1603483259677887,0.0,0.9990569353103638,0.0,0.0,1.0,-3.570279121398926,2.2500000341096893e-05,-0.014112594537436962,1.0830625295639038,0.38367581367492676,0.011074066162109375,243.0,0.14804871380329132,100.0,2.8823442459106445,-0.005902152042835951,1.511772632598877,0.0,0.9990127086639404
2043,,,,,,,,-3.5716769695281982,5.062499985797331e-05,-0.025769000872969627,0.03965689241886139,0.38352417945861816,0.01063680648803711,243.0,0.1480615884065628,100.0,2.880945920944214,-0.00609796354547143,0.04128991439938545,0.0,0.9989282488822937
2044,,,,,,,,-3.5701379776000977,3.3749998692655936e-05,-0.021365415304899216,0.03090033493936062,0.3791530132293701,0.0107879638671875,246.0,0.1481260508298874,100.0,2.880645275115967,-0.007251174654811621,0.11747939139604568,0.0,0.9988998770713806
2045,,,,,,,,-3.565617322921753,5.062499985797331e-05,-0.004795193672180176,0.08042706549167633,0.3865838050842285,0.010865211486816406,241.0,0.14824329316616058,100.0,2.8783504962921143,-0.006748703774064779,0.14584054052829742,0.0,0.999053418636322
2046,,,,,,,,-3.5608904361724854,2.2500000341096893e-05,-0.02648467943072319,0.9144079685211182,0.38536620140075684,0.010715723037719727,242.0,0.14836429059505463,100.0,2.8895530700683594,-0.005608953535556793,0.9381964802742004,0.0,0.9991188049316406
2047,,,,,,,,-3.5600266456604004,5.062499985797331e-05,-0.01119222305715084,0.05693795531988144,0.38386106491088867,0.010638952255249023,243.0,0.14829444885253906,100.0,2.8810689449310303,-0.00619899109005928,0.0003706247080117464,0.0,0.9989120960235596
2048,,,,,,,,-3.568124532699585,5.062499985797331e-05,-0.004425511229783297,0.0625864639878273,0.3707237243652344,0.011233091354370117,251.0,0.1480921506881714,100.0,2.868422508239746,-0.005777216050773859,0.15906737744808197,0.0,0.9989249110221863
2049,,,,,,,,-3.5765912532806396,2.2500000341096893e-05,-0.019230831414461136,0.7579520344734192,0.39611196517944336,0.010845184326171875,235.0,0.1480114609003067,100.0,2.8592312335968018,-0.006339579820632935,0.7386968731880188,0.0,0.9990355968475342
2050,,,,,,,,-3.5787415504455566,3.3749998692655936e-05,-0.016031501814723015,0.0621795728802681,0.38608407974243164,0.010520219802856445,242.0,0.14801675081253052,100.0,2.8595175743103027,-0.00661671906709671,0.19397135078907013,0.0,0.999058187007904
2051,,,,,,,,-3.5773749351501465,3.3749998692655936e-05,-0.027367912232875824,0.057132087647914886,0.38378190994262695,0.011375188827514648,242.0,0.1480623185634613,100.0,2.860835552215576,-0.007084604352712631,0.12138410657644272,0.0,0.9989340901374817
2052,,,,,,,,-3.576030969619751,5.062499985797331e-05,-0.017600493505597115,0.030265996232628822,0.36887192726135254,0.010989189147949219,252.0,0.14797461032867432,100.0,2.860835552215576,-0.0046036019921302795,0.16021916270256042,0.0,0.9989215731620789
2053,,,,,,,,-3.5814881324768066,1.4999999621068127e-05,-0.014328418299555779,0.8339861631393433,0.38425207138061523,0.010879039764404297,242.0,0.14782650768756866,100.0,2.853182315826416,-0.00611814484000206,0.7979209423065186,0.0,0.9990110993385315
2054,,,,,,,,-3.587796688079834,0.00011390625149942935,-0.01376551203429699,0.7293506264686584,0.39620208740234375,0.010898828506469727,235.0,0.1475946009159088,100.0,2.8386197090148926,-0.006052021402865648,0.7436294555664062,0.0,0.9990484118461609
2055,,,,,,,,-3.6057379245758057,2.2500000341096893e-05,-0.015581558458507061,0.35589492321014404,0.372417688369751,0.011259078979492188,250.0,0.14733049273490906,100.0,2.827641725540161,-0.00646764412522316,0.8046085834503174,0.0,0.9988120198249817
2056,,,,,,,,-3.61403489112854,3.3749998692655936e-05,-0.01576775498688221,0.5589073896408081,0.3795759677886963,0.010473251342773438,246.0,0.14718297123908997,100.0,2.827641725540161,-0.004571669269353151,0.7424025535583496,0.0,0.9989116787910461
2057,,,,,,,,-3.6209523677825928,1.4999999621068127e-05,-0.01624380610883236,0.5622112154960632,0.38234400749206543,0.010706186294555664,244.0,0.14705798029899597,100.0,2.8393819332122803,-0.0066998680122196674,0.7653996348381042,0.0,0.9988932013511658
2058,,,,,,,,-3.6269264221191406,5.062499985797331e-05,-0.017838306725025177,0.5127479434013367,0.3980560302734375,0.011429786682128906,234.0,0.14692875742912292,100.0,2.862916946411133,-0.007681399583816528,0.8383504748344421,0.0,0.9989943504333496
2059,,,,,,,,-3.6345064640045166,5.062499985797331e-05,0.0035980911925435066,0.08554411679506302,0.36798596382141113,0.011468172073364258,252.0,0.1468437910079956,100.0,2.862916946411133,-0.005174737889319658,0.13769176602363586,0.0,0.9988343119621277
2060,-0.00540284113958478,0.7127065062522888,0.0,0.9988963007926941,0.0,0.0,1.0,-3.6323468685150146,7.593750342493877e-05,-0.016431666910648346,0.4500278830528259,0.3823530673980713,0.010977029800415039,244.0,0.14704887568950653,100.0,2.8636462688446045,-0.005843701306730509,0.7402167320251465,0.0,0.9989850521087646
2061,,,,,,,,-3.6233229637145996,1.4999999621068127e-05,-0.02017112635076046,0.008359894156455994,0.3830740451812744,0.010411977767944336,243.0,0.14716079831123352,100.0,2.873689651489258,-0.006143458653241396,0.009429038502275944,0.0,0.9988560676574707
2062,,,,,,,,-3.618544101715088,0.00011390625149942935,-0.019674276933073997,0.1945483386516571,0.38527798652648926,0.010246992111206055,242.0,0.14742188155651093,100.0,2.860738754272461,-0.007831832394003868,0.9720432162284851,0.0,0.9989740252494812
2063,,,,,,,,-3.6058781147003174,9.999999747378752e-06,-0.015504102222621441,0.12400698661804199,0.380612850189209,0.01123809814453125,244.0,0.14756472408771515,100.0,2.860738754272461,-0.005118173081427813,0.19107909500598907,0.0,0.9989461898803711
2064,,,,,,,,-3.6022448539733887,5.062499985797331e-05,-0.011440776288509369,0.06385438144207001,0.38210511207580566,0.010895967483520508,244.0,0.14765197038650513,100.0,2.8696231842041016,-0.005620250012725592,0.13548330962657928,0.0,0.99896639585495
2065,,,,,,,,-3.598520517349243,2.2500000341096893e-05,-0.02441483736038208,0.03934575989842415,0.3822898864746094,0.010424137115478516,244.0,0.14768414199352264,100.0,2.870875597000122,-0.006390138994902372,0.0036655196454375982,0.0,0.9989361763000488
2066,,,,,,,,-3.598355770111084,3.3749998692655936e-05,-0.019709395244717598,0.10735846310853958,0.3839142322540283,0.010724782943725586,243.0,0.14768071472644806,100.0,2.870553493499756,-0.0065521313808858395,0.15568631887435913,0.0,0.99908047914505
2067,-0.007203917484730482,0.1464213877916336,0.0,0.9990107417106628,0.0,0.0,1.0,-3.6013050079345703,3.3749998692655936e-05,-0.01506043691188097,0.6046878099441528,0.3896040916442871,0.010622024536132812,239.0,0.14746534824371338,100.0,2.856081247329712,-0.007416068110615015,1.5105787515640259,0.0,0.9989812970161438
2068,,,,,,,,-3.612539768218994,2.2500000341096893e-05,-0.02065880037844181,0.0048650954850018024,0.38236188888549805,0.010770082473754883,244.0,0.14727933704853058,100.0,2.844252109527588,-0.006130722817033529,0.043208908289670944,0.0,0.9988994598388672
2069,,,,,,,,-3.618816375732422,2.2500000341096893e-05,-0.01868506148457527,0.06319257616996765,0.3827080726623535,0.010457754135131836,244.0,0.14721378684043884,100.0,2.8410820960998535,-0.005449257791042328,0.11265894770622253,0.0,0.9989005923271179
2070,,,,,,,,-3.621903657913208,0.00011390625149942935,-0.013553625904023647,0.09000970423221588,0.3955230712890625,0.01349186897277832,234.0,0.14716412127017975,100.0,2.841663360595703,-0.0076718926429748535,0.16065886616706848,0.0,0.9990320205688477
2071,,,,,,,,-3.63030743598938,9.999999747378752e-06,-0.007400434464216232,0.43686720728874207,0.4023778438568115,0.0110931396484375,232.0,0.14700430631637573,100.0,2.838778495788574,-0.006159011274576187,0.8813890814781189,0.0,0.9990298748016357
2072,,,,,,,,-3.6369106769561768,7.593750342493877e-05,-0.006771945860236883,0.05065500736236572,0.3847670555114746,0.011003732681274414,242.0,0.14684872329235077,100.0,2.8399884700775146,-0.0073342048563063145,0.005013836082071066,0.0,0.9989473223686218
2073,,,,,,,,-3.6473922729492188,3.3749998692655936e-05,-0.004136896692216396,0.06546449661254883,0.37229394912719727,0.010610818862915039,250.0,0.14671720564365387,100.0,2.8398704528808594,-0.005267251282930374,0.16151252388954163,0.0,0.9989116191864014
2074,,,,,,,,-3.653355598449707,5.062499985797331e-05,-0.021248752251267433,0.07914337515830994,0.3960299491882324,0.011033058166503906,235.0,0.14652326703071594,100.0,2.838775873184204,-0.005957250017672777,0.1464633345603943,0.0,0.999066174030304
2075,,,,,,,,-3.6604158878326416,1.4999999621068127e-05,-0.00998861063271761,0.08641888201236725,0.3840198516845703,0.010590076446533203,243.0,0.14649434387683868,100.0,2.8283238410949707,-0.006293073296546936,0.2104860097169876,0.0,0.9991222023963928
2076,,,,,,,,-3.657015800476074,3.3749998692655936e-05,-0.010117663070559502,0.04334735870361328,0.3992788791656494,0.012038946151733398,233.0,0.1466108113527298,100.0,2.817319869995117,-0.005769893992692232,0.11002209782600403,0.0,0.9989528059959412
2077,,,,,,,,-3.650576591491699,5.062499985797331e-05,-0.01457326952368021,0.070932537317276,0.37201404571533203,0.01067495346069336,250.0,0.1466940939426422,100.0,2.817319869995117,-0.005700638983398676,0.1577751785516739,0.0,0.9989836812019348
2078,,,,,,,,-3.650724172592163,2.2500000341096893e-05,-0.02101145125925541,0.10750114917755127,0.40153074264526367,0.011362075805664062,232.0,0.14660368859767914,100.0,2.810073137283325,-0.005832711700350046,0.14954175055027008,0.0,0.999051034450531
2079,,,,,,,,-3.6542985439300537,3.3749998692655936e-05,-0.014471287839114666,0.07165569812059402,0.39257311820983887,0.010565996170043945,238.0,0.14656099677085876,100.0,2.809739351272583,-0.006921485532075167,0.16896884143352509,0.0,0.9991596341133118
