iteration,Episode_Reward/action_rate_l2,Episode_Reward/joint_limit,Episode_Reward/motion_body_ang_vel,Episode_Reward/motion_body_lin_vel,Episode_Reward/motion_body_ori,Episode_Reward/motion_body_pos,Episode_Reward/motion_global_root_ori,Episode_Reward/motion_global_root_pos,Episode_Reward/motion_joint_pos,Episode_Reward/motion_joint_vel,Episode_Termination/anchor_ori,Episode_Termination/anchor_pos,Episode_Termination/clip_end,Episode_Termination/ee_body_pos,Episode_Termination/incidental_bat_support,Episode_Termination/time_out,Loss/entropy,Loss/learning_rate,Loss/surrogate,Loss/value,Metrics/motion/error_anchor_ang_vel,Metrics/motion/error_anchor_lin_vel,Metrics/motion/error_anchor_pos,Metrics/motion/error_anchor_rot,Metrics/motion/error_body_ang_vel,Metrics/motion/error_body_lin_vel,Metrics/motion/error_body_pos,Metrics/motion/error_body_rot,Metrics/motion/error_joint_pos,Metrics/motion/error_joint_vel,Metrics/motion/sampling_entropy,Metrics/motion/sampling_top1_bin,Metrics/motion/sampling_top1_prob,Perf/collection_time,Perf/learning_time,Perf/total_fps,Policy/mean_std,Train/mean_episode_length,Train/mean_reward,reward/action_rate_l2,reward/joint_limit,reward/motion_body_ang_vel,reward/motion_body_lin_vel,reward/motion_body_ori,reward/motion_body_pos,reward/motion_global_root_ori,reward/motion_global_root_pos,reward/motion_joint_pos,reward/motion_joint_vel
0,,,,,,,,,,,,,,,,,-5.53941535949707,2.60122942563612e-05,0.13756345212459564,0.7033626437187195,,,,,,,,,,,,,,1.019723892211914,0.02303290367126465,368.0,0.19999545812606812,,,-0.24278168380260468,0.0,0.8674659132957458,0.9728677868843079,0.9535401463508606,0.9955472350120544,0.45902857184410095,0.4979306757450104,0.9699874520301819,0.0
1,,,,,,,,,,,,,,,,,-5.521396160125732,1.1561020073713735e-05,-0.02237960509955883,0.7509161233901978,,,,,,,,,,,,,,0.9296770095825195,0.021453142166137695,403.0,0.2000507116317749,34.5,3.771646022796631,-0.2513635456562042,0.0,0.8515662550926208,0.9605021476745605,0.959117591381073,0.9952211976051331,0.4491296708583832,0.49220383167266846,0.9657062888145447,0.0
2,,,,,,,,,,,,,,,,,-5.516416072845459,2.60122942563612e-05,-0.03126879781484604,0.5699894428253174,,,,,,,,,,,,,,0.925267219543457,0.02273702621459961,405.0,0.20008547604084015,47.5,5.148552417755127,-0.2506331205368042,0.0,0.7843534350395203,0.9232174754142761,0.8572021126747131,0.977295458316803,0.365617960691452,0.48483821749687195,0.9228964447975159,0.0
3,,,,,,,,,,,,,,,,,-5.507538795471191,1.7341530110570602e-05,-0.037321023643016815,0.47794610261917114,,,,,,,,,,,,,,0.9030871391296387,0.020823955535888672,415.0,0.20016781985759735,71.69999694824219,7.495617389678955,-0.24956364929676056,-5.6820976169547066e-05,0.768028199672699,0.8669305443763733,0.8954031467437744,0.9769217371940613,0.3308485150337219,0.45982468128204346,0.9296113848686218,0.0
4,,,,,,,,,,,,,,,,,-5.49401330947876,3.9018443203531206e-05,-0.03278994560241699,0.6684836149215698,,,,,,,,,,,,,,0.8908941745758057,0.020433902740478516,421.0,0.20030176639556885,75.36363983154297,7.818404197692871,-0.24987046420574188,-2.0733779820147902e-05,0.7929695248603821,0.9169066548347473,0.8571584820747375,0.9713801741600037,0.3574281632900238,0.4749585688114166,0.9340144991874695,0.0
5,-0.18867212533950806,-7.139316494431114e-06,0.6082010269165039,0.6933110952377319,0.6582534909248352,0.7405855059623718,0.27393847703933716,0.3525257408618927,0.7124797701835632,0.0,0.0,0.0,0.0,0.0,0.20000000298023224,0.800000011920929,-5.474452972412109,2.60122942563612e-05,-0.0406857430934906,0.45237696170806885,0.9676896929740906,0.3047505021095276,0.14922970533370972,0.3367534279823303,1.3028517961502075,0.31901758909225464,0.07092691957950592,0.22164317965507507,0.25680986046791077,5.306148529052734,0.0,0.0,0.0,0.8934500217437744,0.01999187469482422,420.0,0.2003910094499588,87.5,8.985105514526367,-0.2533768117427826,-2.0378089175210334e-05,0.7969688773155212,0.9196133613586426,0.8927024006843567,0.978175699710846,0.390642374753952,0.47778061032295227,0.946169912815094,0.0
6,,,,,,,,,,,,,,,,,-5.466684818267822,2.60122942563612e-05,-0.0481516532599926,0.5554319620132446,,,,,,,,,,,,,,0.8969171047210693,0.02041172981262207,418.0,0.20041713118553162,91.05882263183594,9.341631889343262,-0.2532796561717987,-2.3125356165110134e-05,0.7575529217720032,0.8753929734230042,0.8421576619148254,0.9624446034431458,0.34527432918548584,0.460184246301651,0.9290141463279724,0.0
7,,,,,,,,,,,,,,,,,-5.466938018798828,2.60122942563612e-05,-0.03716041147708893,0.5045336484909058,,,,,,,,,,,,,,0.8880100250244141,0.020383358001708984,422.0,0.20039227604866028,96.63157653808594,9.769052505493164,-0.25142571330070496,-5.0081474910257384e-05,0.7788767218589783,0.876100480556488,0.840554416179657,0.9576172232627869,0.3508419692516327,0.45864877104759216,0.9310523867607117,0.0
8,,,,,,,,,,,,,,,,,-5.466363430023193,3.9018443203531206e-05,-0.04010147228837013,0.4563280940055847,,,,,,,,,,,,,,0.8660690784454346,0.020030975341796875,433.0,0.20043465495109558,99.30000305175781,10.027740478515625,-0.24182522296905518,-2.6826930479728617e-05,0.7643043398857117,0.891030490398407,0.8547592163085938,0.9720514416694641,0.3529537618160248,0.4674505293369293,0.9294319748878479,0.0
9,,,,,,,,,,,,,,,,,-5.45570182800293,2.60122942563612e-05,-0.043306864798069,0.3470086455345154,,,,,,,,,,,,,,0.8968091011047363,0.02013087272644043,418.0,0.200532928109169,109.44000244140625,11.071185111999512,-0.24282920360565186,-3.0686755053466186e-05,0.7589572072029114,0.8900823593139648,0.8448365330696106,0.9643933176994324,0.34568271040916443,0.45140695571899414,0.9306053519248962,0.0
10,,,,,,,,,,,,,,,,,-5.448361396789551,2.60122942563612e-05,-0.032788123935461044,0.4626394212245941,,,,,,,,,,,,,,0.8647410869598389,0.019934892654418945,434.0,0.2005317062139511,113.14286041259766,11.430059432983398,-0.25537949800491333,-1.406943647452863e-05,0.7866199612617493,0.8993968367576599,0.8482833504676819,0.9598806500434875,0.3651742935180664,0.45295438170433044,0.9485026001930237,0.0
11,,,,,,,,,,,,,,,,,-5.445845603942871,2.60122942563612e-05,-0.035765305161476135,0.46605396270751953,,,,,,,,,,,,,,0.8756887912750244,0.019893407821655273,428.0,0.20058418810367584,117.59375,11.791485786437988,-0.2522185742855072,-2.8101947464165278e-05,0.7805879712104797,0.8771327137947083,0.8373571038246155,0.9480510354042053,0.37112581729888916,0.4364924430847168,0.9458801746368408,0.0
12,,,,,,,,,,,,,,,,,-5.438772678375244,2.60122942563612e-05,-0.04212580993771553,0.2951199412345886,,,,,,,,,,,,,,0.8894891738891602,0.021242856979370117,421.0,0.20061776041984558,118.57575988769531,11.91622543334961,-0.25279051065444946,-2.0343215965112904e-06,0.7688681483268738,0.8918280601501465,0.8623907566070557,0.9642435908317566,0.375060111284256,0.4631328880786896,0.9381880760192871,0.0
13,-0.23489683866500854,-3.5296037822263315e-05,0.6921821236610413,0.7835254669189453,0.7503759264945984,0.8730884194374084,0.31033840775489807,0.4037156105041504,0.8691997528076172,0.0,0.0,0.0,0.0,1.0,0.0,0.0,-5.439098358154297,2.60122942563612e-05,-0.03460078686475754,0.6466399431228638,1.6110280752182007,1.5611318349838257,0.5193142294883728,1.0229851007461548,2.0542938709259033,1.2305141687393188,0.22507186233997345,0.6272342801094055,0.4153383672237396,4.795525074005127,0.0,0.0,0.0,0.8919849395751953,0.01969599723815918,421.0,0.20056752860546112,120.33333587646484,12.035079956054688,-0.24973075091838837,-7.314307731576264e-05,0.7542261481285095,0.8532905578613281,0.8344078660011292,0.9517270922660828,0.3302477300167084,0.45017775893211365,0.9331061244010925,0.0
14,,,,,,,,,,,,,,,,,-5.445212364196777,2.60122942563612e-05,-0.03314777836203575,0.4567774832248688,,,,,,,,,,,,,,0.8515310287475586,0.02007579803466797,440.0,0.20056012272834778,120.1891860961914,11.998698234558105,-0.25930944085121155,-2.961554673674982e-05,0.7526952624320984,0.8831179738044739,0.8530299067497253,0.9646769165992737,0.3340522050857544,0.46714651584625244,0.9290143847465515,0.0
15,,,,,,,,,,,,,,,,,-5.4445695877075195,1.7341530110570602e-05,-0.038733549416065216,0.20809370279312134,,,,,,,,,,,,,,0.8482468128204346,0.019401073455810547,442.0,0.20055963099002838,122.42500305175781,12.23310661315918,-0.24821136891841888,-4.979328150511719e-05,0.7535616755485535,0.8709713816642761,0.8295669555664062,0.9572198390960693,0.3119659423828125,0.45269539952278137,0.9331066012382507,0.0
16,,,,,,,,,,,,,,,,,-5.446378707885742,3.9018443203531206e-05,-0.024421827867627144,0.6988991498947144,,,,,,,,,,,,,,0.8649630546569824,0.020992040634155273,433.0,0.20053012669086456,124.4772720336914,12.423674583435059,-0.24786926805973053,-4.9169189878739417e-05,0.7734570503234863,0.8681088089942932,0.8196660876274109,0.9449250102043152,0.34961605072021484,0.4416149854660034,0.9430415034294128,0.0
17,-0.2269650399684906,-3.9688340621069074e-05,0.6697931289672852,0.7590887546539307,0.7355359792709351,0.8585671782493591,0.28739386796951294,0.4011562168598175,0.8411746025085449,0.0,0.0,0.0,0.0,0.5,0.0,0.5,-5.4520673751831055,1.7341530110570602e-05,-0.030255921185016632,0.24573802947998047,1.9155017137527466,1.350721001625061,0.45995038747787476,0.7882294654846191,2.2168989181518555,1.1056592464447021,0.195322185754776,0.5742365121841431,0.32006344199180603,4.6481852531433105,0.0,0.0,0.0,0.8764851093292236,0.021381855010986328,427.0,0.20049706101417542,124.97826385498047,12.447736740112305,-0.25284621119499207,-2.8546599423862062e-05,0.8009734153747559,0.9047038555145264,0.8892285227775574,0.9696910977363586,0.3844362497329712,0.46036794781684875,0.9569682478904724,0.0
18,,,,,,,,,,,,,,,,,-5.4534912109375,2.60122942563612e-05,-0.03498947247862816,0.18250881135463715,,,,,,,,,,,,,,0.8712830543518066,0.019716978073120117,430.0,0.2005099356174469,126.51020050048828,12.615683555603027,-0.2551358938217163,-4.324909605202265e-05,0.801917314529419,0.9138469696044922,0.8705033659934998,0.9691957831382751,0.36577287316322327,0.4629765450954437,0.9434289932250977,0.0
19,,,,,,,,,,,,,,,,,-5.454266548156738,2.60122942563612e-05,-0.044432133436203,0.1411200612783432,,,,,,,,,,,,,,0.8651738166809082,0.020704030990600586,433.0,0.20046944916248322,127.4313735961914,12.718995094299316,-0.25258806347846985,-2.9920463930466212e-05,0.7628560066223145,0.8801265358924866,0.850372850894928,0.9659090042114258,0.33705928921699524,0.4587356150150299,0.9286521077156067,0.0
20,,,,,,,,,,,,,,,,,-5.465811729431152,3.9018443203531206e-05,-0.03650159388780594,0.11334631592035294,,,,,,,,,,,,,,0.823422908782959,0.020891189575195312,454.0,0.20034444332122803,128.28302001953125,12.803691864013672,-0.25521811842918396,-8.037899533519521e-05,0.7559745907783508,0.8789358735084534,0.8293979167938232,0.9596497416496277,0.3112783133983612,0.45288076996803284,0.9260625839233398,0.0
21,,,,,,,,,,,,,,,,,-5.4774169921875,1.7341530110570602e-05,-0.03450949490070343,1.1706854104995728,,,,,,,,,,,,,,0.8505780696868896,0.019788026809692383,441.0,0.20034746825695038,128.92857360839844,12.842427253723145,-0.2519850432872772,-5.9227899328107014e-05,0.7639477849006653,0.8408572673797607,0.7705816626548767,0.9303175806999207,0.2826930284500122,0.4133768081665039,0.9202452301979065,0.0
22,,,,,,,,,,,,,,,,,-5.471307754516602,2.60122942563612e-05,-0.021728286519646645,0.8170703649520874,,,,,,,,,,,,,,0.8715090751647949,0.020256996154785156,430.0,0.20043188333511353,130.11666870117188,12.934094429016113,-0.24860017001628876,-2.6369942133896984e-05,0.7761040329933167,0.8791884779930115,0.8283749222755432,0.9528133869171143,0.3384043276309967,0.44022336602211,0.9284632205963135,0.0
23,,,,,,,,,,,,,,,,,-5.46056604385376,5.852766480529681e-05,-0.03808730095624924,0.12792037427425385,,,,,,,,,,,,,,0.8522250652313232,0.019726037979125977,440.0,0.2004743069410324,130.75807189941406,13.005265235900879,-0.2464909553527832,-7.974972504598554e-06,0.7912299036979675,0.9008779525756836,0.8652076721191406,0.9650775790214539,0.37840592861175537,0.4491489827632904,0.9419925808906555,0.0
24,,,,,,,,,,,,,,,,,-5.456872940063477,2.60122942563612e-05,-0.023111965507268906,0.3006322383880615,,,,,,,,,,,,,,0.8607890605926514,0.019396066665649414,436.0,0.20049843192100525,131.35385131835938,13.050256729125977,-0.256918728351593,-1.3908810615248512e-05,0.7847035527229309,0.8979526162147522,0.8726117014884949,0.9681239128112793,0.36252760887145996,0.45593777298927307,0.9390204548835754,0.0
25,,,,,,,,,,,,,,,,,-5.450643539428711,2.60122942563612e-05,-0.038140494376420975,0.0706406757235527,,,,,,,,,,,,,,0.8866090774536133,0.020735979080200195,423.0,0.200565904378891,131.63636779785156,13.080363273620605,-0.24870717525482178,-4.4236003304831684e-05,0.7563386559486389,0.8710789680480957,0.8227260708808899,0.9563549160957336,0.32600972056388855,0.45030656456947327,0.9220795631408691,0.0
26,,,,,,,,,,,,,,,,,-5.439500331878662,2.60122942563612e-05,-0.02303813025355339,0.2362900674343109,,,,,,,,,,,,,,0.8550291061401367,0.020984888076782227,438.0,0.20064610242843628,132.0294189453125,13.104063987731934,-0.25627759099006653,-3.204791937605478e-05,0.7757692337036133,0.8899309039115906,0.8367209434509277,0.9649176001548767,0.3432680070400238,0.45592060685157776,0.9234704971313477,0.0
27,,,,,,,,,,,,,,,,,-5.431405067443848,2.60122942563612e-05,-0.024210283532738686,0.9620180130004883,,,,,,,,,,,,,,0.851240873336792,0.020498991012573242,440.0,0.2006700485944748,132.73239135742188,13.169260025024414,-0.2500019669532776,-8.292480924865231e-05,0.7631082534790039,0.8721427321434021,0.8371758460998535,0.9570874571800232,0.3412379324436188,0.44414106011390686,0.9254045486450195,0.0
28,,,,,,,,,,,,,,,,,-5.4315571784973145,2.60122942563612e-05,-0.03872844949364662,0.06621666997671127,,,,,,,,,,,,,,0.8577959537506104,0.02083420753479004,437.0,0.20063675940036774,133.86842346191406,13.30535888671875,-0.2507026195526123,-1.2951255484949797e-05,0.7694893479347229,0.8787615895271301,0.8122139573097229,0.951732337474823,0.32998743653297424,0.44238829612731934,0.9318062663078308,0.0
29,,,,,,,,,,,,,,,,,-5.435283660888672,2.60122942563612e-05,-0.02978385053575039,1.8443684577941895,,,,,,,,,,,,,,0.8625280857086182,0.020045042037963867,435.0,0.20063768327236176,134.12820434570312,13.311766624450684,-0.2580854892730713,-2.7725856853066944e-05,0.7788631319999695,0.8593342304229736,0.8014492988586426,0.9386417269706726,0.31218698620796204,0.4209565818309784,0.936805248260498,0.0
30,-0.2579841613769531,-7.431854464812204e-05,0.7518196105957031,0.8578653335571289,0.7986577153205872,0.9364147782325745,0.3144742548465729,0.43342968821525574,0.9125422835350037,0.0,0.0,0.0,0.0,0.3333333432674408,0.0,0.6666666865348816,-5.432725429534912,5.852766480529681e-05,-0.021179504692554474,0.7712271809577942,0.6808791160583496,1.1083725690841675,0.41380858421325684,0.6701318621635437,1.3417905569076538,0.9007186889648438,0.1683896780014038,0.516451895236969,0.4589804708957672,3.432399034500122,0.0,0.0,0.0,0.8812170028686523,0.019732236862182617,426.0,0.20067745447158813,134.62962341308594,13.346199035644531,-0.2576153576374054,-5.7420224948145915e-06,0.7756080627441406,0.890662670135498,0.8443388938903809,0.9610913395881653,0.3749438524246216,0.4467470347881317,0.9404497742652893,0.0
31,,,,,,,,,,,,,,,,,-5.427064418792725,1.7341530110570602e-05,-0.027318062260746956,0.753240168094635,,,,,,,,,,,,,,0.9061849117279053,0.01959824562072754,414.0,0.20069889724254608,134.69512939453125,13.343018531799316,-0.2537871301174164,-2.5052338969544508e-05,0.7753155827522278,0.8892610669136047,0.8669312596321106,0.968357503414154,0.3552025854587555,0.4610729217529297,0.9296771883964539,0.0
32,,,,,,,,,,,,,,,,,-5.423764705657959,2.60122942563612e-05,-0.03660174831748009,0.06782803684473038,,,,,,,,,,,,,,0.8713898658752441,0.020463943481445312,430.0,0.20073643326759338,135.0595245361328,13.387907028198242,-0.251476526260376,-5.7529523473931476e-05,0.7521079182624817,0.8727148175239563,0.8236465454101562,0.9583234786987305,0.31161072850227356,0.4482567608356476,0.9290080070495605,0.0
33,,,,,,,,,,,,,,,,,-5.413893222808838,2.60122942563612e-05,-0.02491258643567562,1.2736002206802368,,,,,,,,,,,,,,0.8490052223205566,0.01993870735168457,441.0,0.20083892345428467,135.13792419433594,13.37820053100586,-0.2553720474243164,-8.154872193699703e-05,0.7458530068397522,0.8662562966346741,0.8339025378227234,0.9521123766899109,0.3176465332508087,0.4390774071216583,0.9313147664070129,0.0
34,,,,,,,,,,,,,,,,,-5.40188455581665,3.9018443203531206e-05,-0.024902770295739174,0.8500402569770813,,,,,,,,,,,,,,0.8592822551727295,0.019714832305908203,436.0,0.20089304447174072,135.5164794921875,13.417181015014648,-0.25716888904571533,-1.029611757985549e-05,0.7775565981864929,0.872786819934845,0.7927557826042175,0.9414640069007874,0.29036426544189453,0.4190312325954437,0.9353160858154297,0.0
35,-0.25485697388648987,-4.500781142269261e-05,0.7297744750976562,0.8331146240234375,0.7713456749916077,0.9063833355903625,0.3070782423019409,0.4003197252750397,0.8980516791343689,0.0,0.0,0.3333333432674408,0.0,0.3333333432674408,0.0,0.3333333432674408,-5.397033214569092,1.7341530110570602e-05,-0.027253076434135437,0.9824517369270325,1.3582674264907837,1.2416912317276,0.463225394487381,0.804741382598877,2.2718567848205566,1.0659770965576172,0.2091037780046463,0.6045710444450378,0.3770790100097656,6.188259601593018,0.0,0.0,0.0,0.8869569301605225,0.019470930099487305,423.0,0.20091019570827484,135.7872314453125,13.428552627563477,-0.2570757269859314,-8.086941306828521e-06,0.7906419634819031,0.9002116322517395,0.869411051273346,0.9655227661132812,0.37833091616630554,0.45524871349334717,0.9434732794761658,0.0
36,,,,,,,,,,,,,,,,,-5.394222259521484,2.60122942563612e-05,-0.038366612046957016,0.08295895904302597,,,,,,,,,,,,,,0.8968000411987305,0.020871877670288086,418.0,0.2009344846010208,136.226806640625,13.485126495361328,-0.2611510455608368,-4.07082807214465e-05,0.7827537655830383,0.9092850685119629,0.8795724511146545,0.9769052863121033,0.3671702444553375,0.4642123281955719,0.9343265891075134,0.0
37,,,,,,,,,,,,,,,,,-5.388505458831787,2.60122942563612e-05,-0.033533431589603424,0.09299438446760178,,,,,,,,,,,,,,0.8992810249328613,0.022011756896972656,416.0,0.2009941190481186,136.36734008789062,13.505066871643066,-0.25413230061531067,-4.790749153471552e-05,0.7643709182739258,0.8871316909790039,0.8280627131462097,0.9652919769287109,0.3318779170513153,0.4591388702392578,0.9232933521270752,0.0
38,,,,,,,,,,,,,,,,,-5.377635955810547,2.60122942563612e-05,-0.03979399427771568,0.05705991014838219,,,,,,,,,,,,,,0.8263158798217773,0.020664215087890625,453.0,0.20108677446842194,136.63999938964844,13.51678466796875,-0.26377055048942566,-8.066121517913416e-05,0.7401953339576721,0.8110227584838867,0.7681952118873596,0.9249336123466492,0.3081623613834381,0.4014451801776886,0.918045699596405,0.0
39,-0.2321574091911316,-3.641944203991443e-05,0.6942394971847534,0.765666127204895,0.7132343649864197,0.8513278365135193,0.30134791135787964,0.37839505076408386,0.8448362350463867,0.0,0.0,0.5,0.0,0.0,0.0,0.5,-5.364877700805664,2.60122942563612e-05,-0.02059892565011978,0.8462260365486145,2.1162619590759277,1.4379901885986328,0.5329939723014832,0.7710907459259033,2.2960009574890137,1.2731667757034302,0.24232135713100433,0.711402416229248,0.49477827548980713,5.013448238372803,0.0,0.0,0.0,0.8487181663513184,0.019522905349731445,442.0,0.20116880536079407,140.2100067138672,13.828865051269531,-0.2612834870815277,-3.277508949395269e-05,0.7600314021110535,0.8557369112968445,0.7989071011543274,0.9415795207023621,0.3018195331096649,0.43449440598487854,0.9148457050323486,0.0
40,,,,,,,,,,,,,,,,,-5.35050106048584,2.60122942563612e-05,-0.03297263756394386,0.06349354237318039,,,,,,,,,,,,,,0.8355200290679932,0.019808053970336914,448.0,0.20129267871379852,141.5399932861328,13.942824363708496,-0.2534697949886322,-3.4339223930146545e-05,0.7620179057121277,0.8403122425079346,0.7813928723335266,0.9328081011772156,0.304413765668869,0.41234299540519714,0.9142675399780273,0.0
41,,,,,,,,,,,,,,,,,-5.334408760070801,2.60122942563612e-05,-0.03242776542901993,2.252962827682495,,,,,,,,,,,,,,0.8832340240478516,0.01974010467529297,425.0,0.20137549936771393,144.0500030517578,14.142227172851562,-0.25574758648872375,-9.0520697995089e-06,0.7555721402168274,0.8460319638252258,0.8079182505607605,0.9345661997795105,0.33184507489204407,0.43100985884666443,0.9242033958435059,0.0
42,,,,,,,,,,,,,,,,,-5.325742244720459,2.60122942563612e-05,-0.03966173902153969,0.07698213309049606,,,,,,,,,,,,,,0.8960237503051758,0.020978212356567383,418.0,0.20142289996147156,144.0500030517578,14.142227172851562,-0.2584400475025177,-5.211688767303713e-05,0.7856688499450684,0.8860623240470886,0.8735389709472656,0.9694049954414368,0.3589876890182495,0.45615580677986145,0.9327139854431152,0.0
43,,,,,,,,,,,,,,,,,-5.320131778717041,2.60122942563612e-05,-0.02770109474658966,0.9250190258026123,,,,,,,,,,,,,,0.8991110324859619,0.020316123962402344,417.0,0.201442152261734,144.2899932861328,14.1454439163208,-0.25514498353004456,-5.5246680858545005e-05,0.7736673355102539,0.8750686645507812,0.8354244232177734,0.956912100315094,0.36377429962158203,0.44692564010620117,0.9290311932563782,0.0
44,,,,,,,,,,,,,,,,,-5.317140579223633,1.7341530110570602e-05,-0.03919917717576027,0.11353891342878342,,,,,,,,,,,,,,0.8462800979614258,0.02112102508544922,442.0,0.20147836208343506,145.22999572753906,14.232914924621582,-0.25984612107276917,-2.209377817052882e-05,0.7653170228004456,0.9013004302978516,0.8279396891593933,0.9626213908195496,0.3439880311489105,0.4427390396595001,0.9213101863861084,0.0
45,,,,,,,,,,,,,,,,,-5.313146114349365,2.60122942563612e-05,-0.03416615352034569,0.12356531620025635,,,,,,,,,,,,,,0.8404898643493652,0.019752979278564453,446.0,0.2014845460653305,145.3699951171875,14.278929710388184,-0.2585155963897705,-2.1190795450820588e-05,0.7541136145591736,0.8538486957550049,0.7844066619873047,0.9353814721107483,0.3353847563266754,0.4148995876312256,0.9312062859535217,0.0
46,,,,,,,,,,,,,,,,,-5.310391426086426,3.9018443203531206e-05,-0.030868276953697205,1.6965665817260742,,,,,,,,,,,,,,0.8812470436096191,0.020303964614868164,425.0,0.2015460729598999,144.32000732421875,14.1427640914917,-0.25649288296699524,-1.165347285336793e-07,0.7799641489982605,0.8693761229515076,0.8329823017120361,0.94321608543396,0.36766597628593445,0.43494245409965515,0.9345846176147461,0.0
47,,,,,,,,,,,,,,,,,-5.302411079406738,2.60122942563612e-05,-0.024997517466545105,0.8147009015083313,,,,,,,,,,,,,,0.9018740653991699,0.019855022430419922,416.0,0.20157232880592346,144.42999267578125,14.14396858215332,-0.2625257074832916,-3.2695101253921166e-05,0.8074372410774231,0.9233878254890442,0.8925399780273438,0.9754993915557861,0.40537700057029724,0.46913909912109375,0.9486908912658691,0.0
48,,,,,,,,,,,,,,,,,-5.295571804046631,1.7341530110570602e-05,-0.034742970019578934,0.1904105246067047,,,,,,,,,,,,,,0.893190860748291,0.01982903480529785,420.0,0.2016579657793045,144.42999267578125,14.147431373596191,-0.26049914956092834,-2.4110600861604325e-05,0.7883482575416565,0.918464183807373,0.876068115234375,0.9766362309455872,0.3928236961364746,0.4667935371398926,0.9335973858833313,0.0
49,,,,,,,,,,,,,,,,,-5.28389310836792,2.60122942563612e-05,-0.030306629836559296,0.1458510458469391,,,,,,,,,,,,,,0.8719630241394043,0.020405054092407227,430.0,0.2017265409231186,144.42999267578125,14.1619873046875,-0.25469011068344116,-5.845447230967693e-05,0.7627954483032227,0.8703275322914124,0.8145293593406677,0.9584412574768066,0.3454670011997223,0.4356502592563629,0.9118518829345703,0.0
50,,,,,,,,,,,,,,,,,-5.273732662200928,2.60122942563612e-05,-0.034206684678792953,0.09122706949710846,,,,,,,,,,,,,,0.8495080471038818,0.021406173706054688,440.0,0.20180660486221313,144.42999267578125,14.158225059509277,-0.2571026682853699,-4.104049003217369e-05,0.7610163688659668,0.8475601673126221,0.7743620872497559,0.9377734661102295,0.3413935899734497,0.41446149349212646,0.9116997718811035,0.0
51,,,,,,,,,,,,,,,,,-5.261505603790283,2.60122942563612e-05,-0.03030170500278473,2.4435977935791016,,,,,,,,,,,,,,0.8244009017944336,0.01990509033203125,454.0,0.2018960565328598,144.0500030517578,14.109774589538574,-0.25855109095573425,-3.443484092713334e-05,0.775611162185669,0.8370943069458008,0.7711077332496643,0.9222419857978821,0.3434036672115326,0.4018425941467285,0.9250402450561523,0.0
52,-0.2564318776130676,-3.1867144571151584e-05,0.7618510127067566,0.8646546602249146,0.8170391917228699,0.937464714050293,0.3607376217842102,0.43314290046691895,0.9093831777572632,0.0,0.0,0.20000000298023224,0.0,0.0,0.0,0.800000011920929,-5.248264789581299,2.60122942563612e-05,-0.01845981925725937,0.6679695844650269,1.8064472675323486,0.8734084963798523,0.35520580410957336,0.5160568952560425,2.0128602981567383,0.8293865919113159,0.15269052982330322,0.4444309175014496,0.3975452482700348,5.478981971740723,0.0,0.0,0.0,0.8811540603637695,0.02032780647277832,425.0,0.2019985169172287,144.25,14.120612144470215,-0.2656191289424896,-1.6579224393353797e-05,0.7971382737159729,0.8762879967689514,0.8292994499206543,0.9476671814918518,0.3466435968875885,0.43338942527770996,0.9271110892295837,0.0
53,,,,,,,,,,,,,,,,,-5.2340521812438965,3.9018443203531206e-05,-0.02698557637631893,2.0687053203582764,,,,,,,,,,,,,,0.926476001739502,0.019689083099365234,405.0,0.20209451019763947,144.32000732421875,14.123771667480469,-0.25529417395591736,-2.635487908264622e-05,0.8070082664489746,0.8970929980278015,0.8592190146446228,0.9585519433021545,0.3907388746738434,0.45320892333984375,0.9402634501457214,0.0
54,,,,,,,,,,,,,,,,,-5.222297668457031,2.60122942563612e-05,-0.044219452887773514,0.10764278471469879,,,,,,,,,,,,,,0.9041399955749512,0.021096229553222656,415.0,0.2021401971578598,144.32000732421875,14.123771667480469,-0.26730719208717346,-3.1006962672108784e-05,0.7688994407653809,0.9014330506324768,0.8496320843696594,0.9706578850746155,0.34591659903526306,0.4634115695953369,0.9313504099845886,0.0
55,,,,,,,,,,,,,,,,,-5.2196760177612305,3.9018443203531206e-05,-0.023759497329592705,1.0915037393569946,,,,,,,,,,,,,,0.8525149822235107,0.02553701400756836,437.0,0.20214229822158813,144.55999755859375,14.15857982635498,-0.2621665894985199,-4.630435068975203e-05,0.7384040355682373,0.8670839667320251,0.8223351836204529,0.9537703394889832,0.3131069242954254,0.43007972836494446,0.917639434337616,0.0
56,,,,,,,,,,,,,,,,,-5.217238426208496,2.60122942563612e-05,-0.045097555965185165,0.06185377761721611,,,,,,,,,,,,,,1.0019259452819824,0.03317379951477051,370.0,0.2021750509738922,144.55999755859375,14.148186683654785,-0.25931233167648315,-1.9715900634764694e-05,0.7441726326942444,0.8480296730995178,0.7502338886260986,0.9310801029205322,0.296896368265152,0.4085328280925751,0.9177548289299011,0.0
57,-0.24750393629074097,-2.5970877686631866e-05,0.7190960049629211,0.8113071322441101,0.7491755485534668,0.8861896395683289,0.3115575611591339,0.4000241458415985,0.8818623423576355,0.0,0.0,0.6666666865348816,0.0,0.1666666716337204,0.0,0.3333333432674408,-5.212214946746826,2.60122942563612e-05,-0.029541360214352608,4.129855155944824,1.8198879957199097,1.3954211473464966,0.4996568262577057,0.8111409544944763,2.536240577697754,1.234218716621399,0.2297411561012268,0.6600996851921082,0.42404699325561523,5.896498203277588,0.0,0.0,0.0,0.8855643272399902,0.020619869232177734,423.0,0.20222868025302887,144.05999755859375,14.046500205993652,-0.26478689908981323,-7.256851677084342e-05,0.761652946472168,0.8090712428092957,0.745527446269989,0.9072358012199402,0.3158070147037506,0.39141523838043213,0.9276233315467834,0.0
58,,,,,,,,,,,,,,,,,-5.206447601318359,3.9018443203531206e-05,-0.03851639851927757,0.06734315305948257,,,,,,,,,,,,,,0.8704538345336914,0.021094083786010742,430.0,0.20224007964134216,144.35000610351562,14.083760261535645,-0.26654574275016785,-2.870243406505324e-06,0.7966930270195007,0.893858015537262,0.8441483974456787,0.9592750668525696,0.3604094684123993,0.44444164633750916,0.9316384196281433,0.0
59,,,,,,,,,,,,,,,,,-5.208111763000488,2.60122942563612e-05,-0.021802496165037155,0.7597848773002625,,,,,,,,,,,,,,0.9173338413238525,0.020380020141601562,409.0,0.20222346484661102,144.39999389648438,14.08072566986084,-0.26165270805358887,-3.5873803426511586e-05,0.7928526401519775,0.8726155757904053,0.846111536026001,0.9505367875099182,0.36992380023002625,0.43875956535339355,0.9321543574333191,0.0
60,,,,,,,,,,,,,,,,,-5.206880569458008,1.7341530110570602e-05,-0.03548432141542435,0.04022490605711937,,,,,,,,,,,,,,0.8914623260498047,0.019568920135498047,421.0,0.20224718749523163,144.39999389648438,14.08464527130127,-0.265947550535202,-1.724355388432741e-05,0.7668727040290833,0.9015753865242004,0.8443748950958252,0.9652531147003174,0.3469947278499603,0.4530569314956665,0.9266331195831299,0.0
61,,,,,,,,,,,,,,,,,-5.204242706298828,2.60122942563612e-05,-0.0274306982755661,1.0484933853149414,,,,,,,,,,,,,,0.8468410968780518,0.01982569694519043,443.0,0.2022751122713089,144.0800018310547,14.031973838806152,-0.2586574852466583,-2.962192229460925e-05,0.7417518496513367,0.8165407180786133,0.7574378848075867,0.9199931621551514,0.31102442741394043,0.3966406285762787,0.916354238986969,0.0
62,,,,,,,,,,,,,,,,,-5.197391986846924,2.60122942563612e-05,-0.02615765854716301,1.1765906810760498,,,,,,,,,,,,,,0.8620810508728027,0.020634174346923828,435.0,0.20234526693820953,143.61000061035156,13.971710205078125,-0.266918420791626,-2.9779746910207905e-05,0.7683202624320984,0.8713541626930237,0.8288365006446838,0.9483139514923096,0.32270655035972595,0.43447598814964294,0.9242933392524719,0.0
63,,,,,,,,,,,,,,,,,-5.1904401779174805,2.60122942563612e-05,-0.03528410568833351,0.07172907143831253,,,,,,,,,,,,,,0.8416342735290527,0.019611835479736328,445.0,0.20236346125602722,143.7100067138672,13.99609088897705,-0.2556111514568329,-1.8679871573112905e-05,0.8054564595222473,0.897057294845581,0.8166969418525696,0.954329788684845,0.3615018427371979,0.4260939359664917,0.9321821331977844,0.0
64,-0.2560215890407562,-1.9488928955979645e-05,0.7502701282501221,0.8449060916900635,0.7764539122581482,0.9138737320899963,0.3340742588043213,0.3966211974620819,0.9044720530509949,0.0,0.0,0.6666666865348816,0.0,0.0,0.0,1.0,-5.187112331390381,2.60122942563612e-05,-0.025139378383755684,2.2534987926483154,2.161182165145874,1.3170443773269653,0.5096077919006348,0.6623722910881042,2.4162890911102295,1.1563419103622437,0.22008264064788818,0.6508409976959229,0.4040999114513397,5.582996368408203,0.0,0.0,0.0,0.8724849224090576,0.020315170288085938,430.0,0.20240774750709534,143.61000061035156,13.96319580078125,-0.2578638792037964,-5.836103809997439e-06,0.7889954447746277,0.861389696598053,0.7901329398155212,0.9309853911399841,0.3543109893798828,0.4131155014038086,0.9269587993621826,0.0
65,,,,,,,,,,,,,,,,,-5.177855491638184,2.60122942563612e-05,-0.02528814785182476,0.996295690536499,,,,,,,,,,,,,,0.8936400413513184,0.021239042282104492,419.0,0.20249921083450317,143.5500030517578,13.950713157653809,-0.26729345321655273,-3.891892629326321e-05,0.782559335231781,0.8916702270507812,0.8749616742134094,0.9657411575317383,0.37942686676979065,0.447530061006546,0.9287580847740173,0.0
66,,,,,,,,,,,,,,,,,-5.165682315826416,1.7341530110570602e-05,-0.037184134125709534,0.05733191967010498,,,,,,,,,,,,,,0.89835524559021,0.019742965698242188,418.0,0.20255924761295319,143.5500030517578,13.949090957641602,-0.25229188799858093,-1.6879939721548e-05,0.7961635589599609,0.9170417785644531,0.893383800983429,0.9797699451446533,0.40032291412353516,0.4755043685436249,0.9348600506782532,0.0
67,,,,,,,,,,,,,,,,,-5.161075592041016,2.60122942563612e-05,-0.039001330733299255,0.058955952525138855,,,,,,,,,,,,,,0.8484270572662354,0.021709918975830078,441.0,0.20257024466991425,143.55999755859375,13.960423469543457,-0.2707977890968323,-9.482132008997723e-05,0.7544799447059631,0.8746945261955261,0.8457944393157959,0.9596711993217468,0.35210439562797546,0.44201576709747314,0.9279713034629822,0.0
68,-0.2505023777484894,-3.590957203414291e-05,0.7504124641418457,0.8715084791183472,0.8439157605171204,0.9416850805282593,0.3546160161495209,0.4457739293575287,0.9071562886238098,0.0,0.0,0.0,0.0,0.20000000298023224,0.0,0.800000011920929,-5.162078857421875,3.9018443203531206e-05,-0.02307763136923313,0.1716637909412384,1.803614854812622,0.8357909321784973,0.28556710481643677,0.647216260433197,1.9687461853027344,0.6799635887145996,0.11575865745544434,0.36073559522628784,0.38955366611480713,5.394012928009033,0.0,0.0,0.0,0.8792908191680908,0.01975703239440918,427.0,0.20254477858543396,143.63999938964844,14.002082824707031,-0.26072755455970764,-4.73011277790647e-05,0.782583475112915,0.9010984301567078,0.8681783080101013,0.971519410610199,0.36679258942604065,0.4661087691783905,0.9270569682121277,0.0
69,,,,,,,,,,,,,,,,,-5.1631879806518555,2.60122942563612e-05,-0.03552930802106857,0.0443095788359642,,,,,,,,,,,,,,0.8343560695648193,0.02072000503540039,449.0,0.20255976915359497,143.63999938964844,14.002082824707031,-0.259569376707077,-6.814844527980313e-05,0.7921695709228516,0.9074113368988037,0.8646110892295837,0.9679473042488098,0.3732081949710846,0.4622255265712738,0.9333242774009705,0.0
70,,,,,,,,,,,,,,,,,-5.159747123718262,2.60122942563612e-05,-0.0368276946246624,0.09081070125102997,,,,,,,,,,,,,,0.8726541996002197,0.019821882247924805,430.0,0.2025924175977707,144.02000427246094,14.061058044433594,-0.26362738013267517,-1.1058196832891554e-05,0.7912855744361877,0.9082746505737305,0.8515522480010986,0.9639508724212646,0.34451448917388916,0.46048808097839355,0.9306156635284424,0.0
71,,,,,,,,,,,,,,,,,-5.151718616485596,2.60122942563612e-05,-0.02498384565114975,1.314717173576355,,,,,,,,,,,,,,0.8710470199584961,0.019400835037231445,431.0,0.20268087089061737,144.22000122070312,14.072476387023926,-0.2597759962081909,-6.369650509441271e-05,0.7686707973480225,0.8639960289001465,0.8348860740661621,0.951967716217041,0.3433102071285248,0.4468223750591278,0.9233732223510742,0.0
72,,,,,,,,,,,,,,,,,-5.140681266784668,2.60122942563612e-05,-0.03507590293884277,0.08281194418668747,,,,,,,,,,,,,,0.8756721019744873,0.02053999900817871,428.0,0.20273199677467346,144.27000427246094,14.088629722595215,-0.25988712906837463,-5.7515148910169955e-06,0.7696194052696228,0.9210416674613953,0.91726154088974,0.9809982180595398,0.38151225447654724,0.4775103032588959,0.9437996745109558,0.0
73,,,,,,,,,,,,,,,,,-5.135732650756836,3.9018443203531206e-05,-0.03363687917590141,1.99371337890625,,,,,,,,,,,,,,0.8403677940368652,0.020925283432006836,445.0,0.2027556300163269,144.02999877929688,14.064023971557617,-0.2640897035598755,-9.00144805200398e-05,0.7380655407905579,0.8643825650215149,0.8142120242118835,0.9448800086975098,0.31222572922706604,0.4453401565551758,0.9285514950752258,0.0
74,,,,,,,,,,,,,,,,,-5.131215572357178,1.7341530110570602e-05,-0.038620710372924805,0.056157439947128296,,,,,,,,,,,,,,0.8582289218902588,0.0197141170501709,437.0,0.20279023051261902,144.02999877929688,14.05896282196045,-0.26068374514579773,-3.100007961620577e-05,0.7411078810691833,0.8822893500328064,0.8656467795372009,0.9654452204704285,0.330706924200058,0.4566322863101959,0.930365800857544,0.0
75,,,,,,,,,,,,,,,,,-5.126224040985107,3.9018443203531206e-05,-0.02248411811888218,1.4692463874816895,,,,,,,,,,,,,,0.8538291454315186,0.01966381072998047,439.0,0.2028535008430481,143.5399932861328,14.01432991027832,-0.2715030014514923,-3.482904867269099e-05,0.7360789179801941,0.8553223609924316,0.8050363063812256,0.9404634833335876,0.3155691921710968,0.4386308193206787,0.9366301894187927,0.0
76,,,,,,,,,,,,,,,,,-5.113658428192139,2.60122942563612e-05,-0.03509850800037384,2.358931064605713,,,,,,,,,,,,,,0.8851251602172852,0.019713878631591797,424.0,0.20294137299060822,143.49000549316406,14.013542175292969,-0.26398372650146484,-2.1106090571265668e-05,0.7665324807167053,0.8759103417396545,0.8305551409721375,0.9453656077384949,0.32979875802993774,0.451423317193985,0.931056559085846,0.0
77,,,,,,,,,,,,,,,,,-5.1056623458862305,3.9018443203531206e-05,-0.025093302130699158,0.5355924367904663,,,,,,,,,,,,,,0.888408899307251,0.019701004028320312,422.0,0.20296873152256012,143.2899932861328,13.998419761657715,-0.2668379843235016,-2.625379420351237e-05,0.7807357907295227,0.8897104263305664,0.8587935566902161,0.9619782567024231,0.35711613297462463,0.46470117568969727,0.935034453868866,0.0
78,,,,,,,,,,,,,,,,,-5.101125240325928,2.60122942563612e-05,-0.039784371852874756,0.07321493327617645,,,,,,,,,,,,,,0.8712060451507568,0.021403789520263672,430.0,0.20299214124679565,143.33999633789062,14.009881019592285,-0.2548997402191162,-1.2633910046133678e-05,0.7742090821266174,0.8949766159057617,0.850823700428009,0.9646521210670471,0.3278442621231079,0.4548482596874237,0.93096923828125,0.0
79,,,,,,,,,,,,,,,,,-5.099729537963867,1.7341530110570602e-05,-0.033267635852098465,2.2004501819610596,,,,,,,,,,,,,,0.8631908893585205,0.020122051239013672,434.0,0.20299038290977478,143.47999572753906,14.035056114196777,-0.2687823474407196,-4.0400464058620855e-05,0.7427183985710144,0.8507363200187683,0.7957374453544617,0.9368541836738586,0.31191393733024597,0.43130776286125183,0.9133680462837219,0.0
80,,,,,,,,,,,,,,,,,-5.0987749099731445,2.60122942563612e-05,-0.03183517977595329,0.06410365551710129,,,,,,,,,,,,,,0.8685078620910645,0.01996016502380371,432.0,0.20300859212875366,143.47999572753906,14.049615859985352,-0.2671692371368408,-3.7392612739495235e-06,0.7763428688049316,0.8973972797393799,0.8468216061592102,0.9616926312446594,0.352518230676651,0.4447953701019287,0.9270858764648438,0.0
81,,,,,,,,,,,,,,,,,-5.096562385559082,2.60122942563612e-05,-0.027718685567378998,1.4468414783477783,,,,,,,,,,,,,,0.8797638416290283,0.020536184310913086,426.0,0.20302870869636536,143.75,14.066922187805176,-0.27171051502227783,-1.9630437236628495e-05,0.7772727012634277,0.8686666488647461,0.8137752413749695,0.9390479922294617,0.3367798626422882,0.4420076906681061,0.9310463070869446,0.0
82,,,,,,,,,,,,,,,,,-5.091460704803467,2.60122942563612e-05,-0.038882408291101456,0.07888618856668472,,,,,,,,,,,,,,0.8632469177246094,0.02106308937072754,434.0,0.20307452976703644,143.75,14.060332298278809,-0.26443326473236084,-7.482972705474822e-06,0.791735827922821,0.9059951901435852,0.8744600415229797,0.9696440100669861,0.350911408662796,0.45873555541038513,0.9344279170036316,0.0
83,,,,,,,,,,,,,,,,,-5.090171813964844,2.60122942563612e-05,-0.03907553851604462,0.053957678377628326,,,,,,,,,,,,,,0.8908412456512451,0.02094888687133789,421.0,0.203031525015831,144.44000244140625,14.147316932678223,-0.27004197239875793,-3.362608185852878e-05,0.8100687861442566,0.9160060882568359,0.8860659599304199,0.9735004305839539,0.37093666195869446,0.4641542136669159,0.9432899355888367,0.0
84,,,,,,,,,,,,,,,,,-5.101626396179199,2.60122942563612e-05,-0.036321770399808884,0.0678575411438942,,,,,,,,,,,,,,0.8819749355316162,0.02065110206604004,425.0,0.2029167264699936,144.8000030517578,14.192392349243164,-0.26923125982284546,-3.254058901802637e-05,0.7719159126281738,0.8986371159553528,0.8730969429016113,0.9710853695869446,0.37127017974853516,0.4687218964099884,0.931964635848999,0.0
85,,,,,,,,,,,,,,,,,-5.11679220199585,3.9018443203531206e-05,-0.03813568502664566,0.07111003994941711,,,,,,,,,,,,,,0.8596630096435547,0.0196688175201416,436.0,0.20282205939292908,144.8699951171875,14.19491958618164,-0.26742076873779297,-5.715425868402235e-05,0.7349836230278015,0.8697213530540466,0.844519317150116,0.9583902955055237,0.3443778455257416,0.4547649323940277,0.928813636302948,0.0
86,,,,,,,,,,,,,,,,,-5.127891540527344,2.60122942563612e-05,-0.028648395091295242,0.8844569325447083,,,,,,,,,,,,,,0.8741350173950195,0.020312070846557617,429.0,0.20275966823101044,144.66000366210938,14.165696144104004,-0.26658278703689575,-5.446663635666482e-05,0.764593780040741,0.8798802495002747,0.8211854100227356,0.9497568011283875,0.3337010443210602,0.447420209646225,0.9330658316612244,0.0
87,,,,,,,,,,,,,,,,,-5.133360862731934,2.60122942563612e-05,-0.026394281536340714,1.1231861114501953,,,,,,,,,,,,,,0.8430840969085693,0.020372867584228516,444.0,0.2027672529220581,144.88999938964844,14.1974515914917,-0.2728597819805145,-4.78468464280013e-05,0.7717259526252747,0.869411051273346,0.8025407791137695,0.9392889142036438,0.3444267809391022,0.4281090497970581,0.9344828724861145,0.0
88,,,,,,,,,,,,,,,,,-5.12879753112793,2.60122942563612e-05,-0.024989580735564232,1.1880789995193481,,,,,,,,,,,,,,0.8561830520629883,0.02142477035522461,437.0,0.20281364023685455,144.97000122070312,14.197019577026367,-0.26227864623069763,-1.0259564987791236e-05,0.76045823097229,0.8493853211402893,0.7914717197418213,0.9275735020637512,0.33040305972099304,0.4311271905899048,0.9302968978881836,0.0
89,-0.26176780462265015,-7.767630449961871e-05,0.7684171199798584,0.8776684999465942,0.845784068107605,0.9541537165641785,0.3337184190750122,0.4588162899017334,0.9279600381851196,0.0,0.0,0.0,0.0,0.5,0.0,0.5,-5.123391628265381,2.60122942563612e-05,-0.026438141241669655,0.20772822201251984,1.1324114799499512,1.1251177787780762,0.3656699061393738,0.5776102542877197,2.415576457977295,0.9493598937988281,0.15832768380641937,0.4688412845134735,0.45833778381347656,7.546722888946533,0.0,0.0,0.0,0.8958299160003662,0.020057201385498047,419.0,0.20283709466457367,145.11000061035156,14.212906837463379,-0.2534141540527344,-2.0558667529257946e-05,0.7885892987251282,0.8909527659416199,0.8577367663383484,0.9646663069725037,0.36040735244750977,0.459920734167099,0.9295386672019958,0.0
90,,,,,,,,,,,,,,,,,-5.1202239990234375,2.60122942563612e-05,-0.027159880846738815,1.1665583848953247,,,,,,,,,,,,,,0.9076831340789795,0.019953012466430664,413.0,0.20286239683628082,144.82000732421875,14.16552448272705,-0.2678946554660797,-4.5255259465193376e-05,0.7822492122650146,0.8930650353431702,0.8765431046485901,0.9638449549674988,0.37007442116737366,0.4674645960330963,0.9315423369407654,0.0
91,,,,,,,,,,,,,,,,,-5.1182541847229,2.60122942563612e-05,-0.040268268436193466,0.10354931652545929,,,,,,,,,,,,,,0.8637199401855469,0.020067214965820312,434.0,0.2028576135635376,144.82000732421875,14.180458068847656,-0.2735638916492462,-2.211789251305163e-05,0.749930202960968,0.8758082985877991,0.8400300145149231,0.9622531533241272,0.32075396180152893,0.4512745440006256,0.9161531329154968,0.0
92,,,,,,,,,,,,,,,,,-5.1233930587768555,3.9018443203531206e-05,-0.027121078222990036,0.5164129734039307,,,,,,,,,,,,,,0.8751029968261719,0.0205078125,428.0,0.2027779072523117,144.64999389648438,14.159884452819824,-0.2663975656032562,-3.719020605785772e-05,0.7606568336486816,0.8452919125556946,0.804935872554779,0.9380516409873962,0.32985034584999084,0.4278322756290436,0.9270817637443542,0.0
93,,,,,,,,,,,,,,,,,-5.133972644805908,2.60122942563612e-05,-0.043575119227170944,0.09996417164802551,,,,,,,,,,,,,,0.8692018985748291,0.02067399024963379,431.0,0.202737957239151,144.64999389648438,14.164036750793457,-0.27206656336784363,-3.521232065395452e-05,0.7627621293067932,0.9115333557128906,0.8843303322792053,0.9730952382087708,0.3449549674987793,0.4647531807422638,0.9422159790992737,0.0
94,,,,,,,,,,,,,,,,,-5.136929035186768,3.9018443203531206e-05,-0.025775063782930374,2.3871731758117676,,,,,,,,,,,,,,0.8767361640930176,0.02094268798828125,427.0,0.20274069905281067,144.0399932861328,14.131503105163574,-0.26651081442832947,-3.990578989032656e-05,0.7978127598762512,0.8903972506523132,0.8141310811042786,0.9471216201782227,0.31612318754196167,0.44138216972351074,0.9412739276885986,0.0
95,,,,,,,,,,,,,,,,,-5.129829406738281,3.9018443203531206e-05,-0.026706984266638756,1.1064366102218628,,,,,,,,,,,,,,0.9076387882232666,0.020531892776489258,413.0,0.20285367965698242,143.9600067138672,14.134833335876465,-0.26704880595207214,-4.42570453742519e-05,0.7804160118103027,0.8864395618438721,0.8575926423072815,0.9605055451393127,0.3371509611606598,0.4595935344696045,0.9384002685546875,0.0
96,,,,,,,,,,,,,,,,,-5.1139326095581055,2.60122942563612e-05,-0.037715259939432144,0.08546820282936096,,,,,,,,,,,,,,0.9322197437286377,0.020058155059814453,403.0,0.20294654369354248,143.9600067138672,14.127555847167969,-0.27028852701187134,-3.508596637402661e-05,0.7893489003181458,0.9061501026153564,0.898369312286377,0.9751529097557068,0.3853622376918793,0.47399234771728516,0.9447034001350403,0.0
97,,,,,,,,,,,,,,,,,-5.100842475891113,2.60122942563612e-05,-0.04120611026883125,0.10892343521118164,,,,,,,,,,,,,,0.878978967666626,0.021040916442871094,426.0,0.20304980874061584,143.9600067138672,14.127555847167969,-0.27138832211494446,-3.0348643122124486e-05,0.7588111758232117,0.8962149620056152,0.8674445152282715,0.9728946089744568,0.3264455795288086,0.47526946663856506,0.9269895553588867,0.0
98,,,,,,,,,,,,,,,,,-5.083477973937988,2.60122942563612e-05,-0.04373464733362198,0.05788450688123703,,,,,,,,,,,,,,0.8318970203399658,0.019710063934326172,450.0,0.20319263637065887,144.0399932861328,14.167058944702148,-0.26456785202026367,-6.092621697462164e-05,0.7396309971809387,0.8684792518615723,0.8079311847686768,0.9533651471138,0.29429489374160767,0.447808176279068,0.9169800877571106,0.0
99,,,,,,,,,,,,,,,,,-5.068140506744385,3.9018443203531206e-05,-0.02573704533278942,1.4083548784255981,,,,,,,,,,,,,,0.8424420356750488,0.020878076553344727,444.0,0.2032560110092163,144.6300048828125,14.244199752807617,-0.2770821154117584,-2.3735701688565314e-05,0.7485611438751221,0.8461761474609375,0.7955623269081116,0.9342495799064636,0.2960507869720459,0.42044976353645325,0.9215373992919922,0.0
100,,,,,,,,,,,,,,,,,-5.0599236488342285,1.7341530110570602e-05,-0.040380656719207764,2.300666093826294,,,,,,,,,,,,,,0.8899641036987305,0.02102494239807129,421.0,0.20330354571342468,144.25,14.183917045593262,-0.26732325553894043,-9.026824955071788e-06,0.7792463302612305,0.8627533912658691,0.8043460249900818,0.9336677193641663,0.342395544052124,0.42633137106895447,0.9367219805717468,0.0
101,,,,,,,,,,,,,,,,,-5.054189682006836,2.60122942563612e-05,-0.03419910743832588,0.07802744954824448,,,,,,,,,,,,,,0.9171199798583984,0.02056884765625,409.0,0.20334896445274353,144.25,14.17818546295166,-0.27273887395858765,-1.6889711332623847e-05,0.7855849266052246,0.9098665118217468,0.8904898166656494,0.9738255143165588,0.3611844480037689,0.46351590752601624,0.9366448521614075,0.0
102,,,,,,,,,,,,,,,,,-5.046972751617432,2.60122942563612e-05,-0.041844442486763,0.04427781701087952,,,,,,,,,,,,,,0.9963419437408447,0.021551132202148438,377.0,0.20339983701705933,144.27000427246094,14.19447135925293,-0.27563396096229553,-8.1337770097889e-05,0.7705023884773254,0.9046384692192078,0.8712871670722961,0.9728107452392578,0.3455010950565338,0.47014692425727844,0.9336008429527283,0.0
103,-0.2502092123031616,-3.380244743311778e-05,0.667127251625061,0.7905467748641968,0.7492796182632446,0.8655312061309814,0.2646335959434509,0.4121484160423279,0.8439788818359375,0.0,0.0,0.0,0.0,0.5,0.0,0.5,-5.041998863220215,2.60122942563612e-05,-0.029058609157800674,0.8099206686019897,1.536137580871582,1.1145716905593872,0.3728553056716919,1.0329005718231201,2.2856500148773193,0.9315864443778992,0.18279853463172913,0.5262337327003479,0.45505261421203613,6.5764899253845215,0.0,0.0,0.0,0.8841989040374756,0.029792070388793945,420.0,0.20342446863651276,144.1199951171875,14.17580509185791,-0.26920780539512634,-6.30926588200964e-05,0.7192139625549316,0.8694924712181091,0.8659985065460205,0.9684858918190002,0.29164230823516846,0.4660545885562897,0.9230635166168213,0.0
104,,,,,,,,,,,,,,,,,-5.038759231567383,2.60122942563612e-05,-0.04225192591547966,0.07197048515081406,,,,,,,,,,,,,,0.8752040863037109,0.02446889877319336,426.0,0.20345288515090942,144.17999267578125,14.192666053771973,-0.272209107875824,-8.759028423810378e-05,0.7477226257324219,0.8720309138298035,0.8438498377799988,0.9612277150154114,0.3107662796974182,0.46388694643974304,0.9282453060150146,0.0
105,,,,,,,,,,,,,,,,,-5.032680511474609,3.9018443203531206e-05,-0.029889699071645737,1.243012547492981,,,,,,,,,,,,,,0.8770847320556641,0.019835233688354492,428.0,0.2035234421491623,144.02999877929688,14.162613868713379,-0.2682028114795685,-8.119790436467156e-05,0.7437455058097839,0.8745903968811035,0.8266124129295349,0.9500095844268799,0.32421883940696716,0.45314455032348633,0.9351250529289246,0.0
106,,,,,,,,,,,,,,,,,-5.025064468383789,1.7341530110570602e-05,-0.028213826939463615,0.7180821895599365,,,,,,,,,,,,,,0.8822541236877441,0.020028352737426758,425.0,0.20353913307189941,144.00999450683594,14.158829689025879,-0.26952746510505676,-1.3007083907723427e-05,0.7862328886985779,0.8937260508537292,0.8351572155952454,0.9510453343391418,0.33387115597724915,0.44920554757118225,0.9441961646080017,0.0
107,-0.25956714153289795,-7.025458035059273e-05,0.6880747675895691,0.8168528079986572,0.7854254841804504,0.896228015422821,0.2856433391571045,0.4245571196079254,0.8801011443138123,0.0,0.0,0.0,0.0,0.6666666865348816,0.0,0.6666666865348816,-5.022724151611328,3.9018443203531206e-05,-0.028358595445752144,1.0879335403442383,1.553514838218689,1.134886622428894,0.38303279876708984,0.8850371241569519,2.1585047245025635,0.9415598511695862,0.1786106675863266,0.5045749545097351,0.3327270448207855,6.581131458282471,0.0,0.0,0.0,0.8980720043182373,0.020260095596313477,418.0,0.20358233153820038,143.72999572753906,14.097798347473145,-0.27466297149658203,-4.750430161948316e-05,0.7832409739494324,0.8967469334602356,0.8604914546012878,0.9591363072395325,0.37786221504211426,0.45629119873046875,0.9464136958122253,0.0
108,,,,,,,,,,,,,,,,,-5.015478134155273,2.60122942563612e-05,-0.04615779221057892,0.06308753788471222,,,,,,,,,,,,,,0.9046919345855713,0.01985311508178711,415.0,0.2036176472902298,143.72999572753906,14.097798347473145,-0.27412286400794983,-5.409242294263095e-05,0.7683930993080139,0.9019562602043152,0.8729469180107117,0.9698992371559143,0.3352178633213043,0.4669318199157715,0.9402739405632019,0.0
109,,,,,,,,,,,,,,,,,-5.012493133544922,3.9018443203531206e-05,-0.027300437912344933,1.4742511510849,,,,,,,,,,,,,,0.8639662265777588,0.020572900772094727,434.0,0.20365260541439056,143.47999572753906,14.063142776489258,-0.2802930772304535,-7.837665907572955e-05,0.7140612602233887,0.8399052619934082,0.79942387342453,0.9438838958740234,0.28517162799835205,0.43728259205818176,0.9210627675056458,0.0
110,-0.23742829263210297,-6.538517482113093e-05,0.6541032791137695,0.7637576460838318,0.7285111546516418,0.8302204012870789,0.2896621823310852,0.39114952087402344,0.8186091780662537,0.0,0.0,0.0,0.0,0.75,0.0,0.25,-5.004848480224609,2.60122942563612e-05,-0.03800489008426666,1.2818081378936768,1.1282578706741333,1.2201015949249268,0.3991926312446594,0.8488622903823853,1.9544086456298828,0.9813655614852905,0.18760426342487335,0.5355468988418579,0.3248732089996338,5.704405784606934,0.0,0.0,0.0,0.8788070678710938,0.021465778350830078,426.0,0.2037089616060257,143.1300048828125,14.029050827026367,-0.2767006754875183,-5.53212157683447e-05,0.728864848613739,0.8386597633361816,0.8009262084960938,0.9400954246520996,0.3022584915161133,0.4354049265384674,0.9328584671020508,0.0
111,,,,,,,,,,,,,,,,,-4.998782157897949,3.9018443203531206e-05,-0.02776630036532879,0.7502890825271606,,,,,,,,,,,,,,0.8848400115966797,0.020500898361206055,424.0,0.20374394953250885,142.85000610351562,13.9905366897583,-0.2636101543903351,-4.2124305764446035e-05,0.7888898849487305,0.9061264991760254,0.8769206404685974,0.9671361446380615,0.39227840304374695,0.46556487679481506,0.9491243958473206,0.0
112,,,,,,,,,,,,,,,,,-4.994834899902344,2.60122942563612e-05,-0.033727873116731644,0.5069552659988403,,,,,,,,,,,,,,0.8747079372406006,0.021074295043945312,428.0,0.20375797152519226,143.0500030517578,14.012245178222656,-0.2770499289035797,-2.2542901206179522e-05,0.768124520778656,0.8901336789131165,0.8242173194885254,0.952416718006134,0.3481057584285736,0.44796404242515564,0.9415426850318909,0.0
113,,,,,,,,,,,,,,,,,-4.992569923400879,2.60122942563612e-05,-0.03408070281147957,0.11907071620225906,,,,,,,,,,,,,,0.9106729030609131,0.02019190788269043,412.0,0.20378893613815308,143.6300048828125,14.101887702941895,-0.2755531966686249,-5.5520667956443503e-05,0.7773758769035339,0.9106281399726868,0.8962569832801819,0.9782607555389404,0.3693748414516449,0.4684891700744629,0.9419535994529724,0.0
114,,,,,,,,,,,,,,,,,-4.982705593109131,3.9018443203531206e-05,-0.04231565073132515,0.119850754737854,,,,,,,,,,,,,,0.9084298610687256,0.02172684669494629,412.0,0.20391491055488586,143.6300048828125,14.101887702941895,-0.2806030213832855,-7.938995258882642e-05,0.7682976722717285,0.9010922908782959,0.8693837523460388,0.968205451965332,0.3423762619495392,0.4615030288696289,0.9425392150878906,0.0
115,,,,,,,,,,,,,,,,,-4.961253643035889,2.60122942563612e-05,-0.03395998105406761,0.687332034111023,,,,,,,,,,,,,,0.8991777896881104,0.019543170928955078,417.0,0.20407068729400635,143.55999755859375,14.088591575622559,-0.2881515324115753,-3.737108636414632e-05,0.7279699444770813,0.8729180693626404,0.8340270519256592,0.9545936584472656,0.3223515748977661,0.4476301670074463,0.9302642941474915,0.0
116,,,,,,,,,,,,,,,,,-4.940734386444092,3.9018443203531206e-05,-0.02778034098446369,0.54608154296875,,,,,,,,,,,,,,0.9075803756713867,0.02130889892578125,413.0,0.20422394573688507,143.55999755859375,14.101414680480957,-0.27155566215515137,-5.569822315010242e-05,0.7742772102355957,0.903618574142456,0.8876045346260071,0.9750942587852478,0.3201681673526764,0.4617597758769989,0.940634548664093,0.0
117,,,,,,,,,,,,,,,,,-4.9204607009887695,2.60122942563612e-05,-0.03972597420215607,0.1598389893770218,,,,,,,,,,,,,,0.8978939056396484,0.020956039428710938,417.0,0.20431987941265106,143.58999633789062,14.11709976196289,-0.2723093330860138,-4.3135409214301035e-05,0.7848626971244812,0.9179093837738037,0.889609158039093,0.9752926826477051,0.38071274757385254,0.46235236525535583,0.945732593536377,0.0
118,,,,,,,,,,,,,,,,,-4.912459850311279,2.60122942563612e-05,-0.025866569951176643,1.0326814651489258,,,,,,,,,,,,,,0.8817899227142334,0.021216154098510742,425.0,0.20434533059597015,143.49000549316406,14.104857444763184,-0.27857911586761475,-5.390564911067486e-05,0.7778580188751221,0.9073033332824707,0.8510057330131531,0.9635207056999207,0.3402373790740967,0.4619004726409912,0.9382705688476562,0.0
119,,,,,,,,,,,,,,,,,-4.907405853271484,2.60122942563612e-05,-0.03796617314219475,0.1580483615398407,,,,,,,,,,,,,,0.9043130874633789,0.02002406120300293,415.0,0.20439106225967407,143.52000427246094,14.129986763000488,-0.2787463963031769,-5.141366273164749e-05,0.7891899943351746,0.911473274230957,0.8862943649291992,0.9757809042930603,0.3702527582645416,0.4646386206150055,0.9365256428718567,0.0
120,,,,,,,,,,,,,,,,,-4.902719020843506,1.7341530110570602e-05,-0.037655308842659,0.06257672607898712,,,,,,,,,,,,,,0.8977429866790771,0.02058696746826172,418.0,0.20439651608467102,143.52000427246094,14.133566856384277,-0.2723851501941681,-7.459281187038869e-05,0.7992310523986816,0.9201364517211914,0.8662316203117371,0.9728065133094788,0.33345040678977966,0.456266313791275,0.9403011202812195,0.0
121,,,,,,,,,,,,,,,,,-4.9020094871521,3.9018443203531206e-05,-0.026633668690919876,1.5483107566833496,,,,,,,,,,,,,,0.8544349670410156,0.020177841186523438,439.0,0.20441094040870667,142.47000122070312,14.031317710876465,-0.26976171135902405,-2.93265184154734e-05,0.756572425365448,0.8600338101387024,0.7997415661811829,0.9393717646598816,0.32864412665367126,0.41710779070854187,0.938670814037323,0.0
122,,,,,,,,,,,,,,,,,-4.898218631744385,2.60122942563612e-05,-0.026046674698591232,1.2475059032440186,,,,,,,,,,,,,,1.082413911819458,0.02492809295654297,346.0,0.20444278419017792,142.0399932861328,13.95511531829834,-0.2732897698879242,-9.714765474200249e-05,0.7714442610740662,0.8852410316467285,0.8525388240814209,0.9591754078865051,0.32364723086357117,0.45728984475135803,0.9376296997070312,0.0
123,,,,,,,,,,,,,,,,,-4.897066116333008,2.60122942563612e-05,-0.037317223846912384,0.08652964979410172,,,,,,,,,,,,,,0.9922428131103516,0.020212173461914062,379.0,0.20442156493663788,142.25,13.976846694946289,-0.27413275837898254,-5.701008558389731e-05,0.7792389988899231,0.9118419289588928,0.8952621817588806,0.977165162563324,0.36792853474617004,0.47547686100006104,0.9440222382545471,0.0
124,,,,,,,,,,,,,,,,,-4.8970513343811035,2.60122942563612e-05,-0.025028947740793228,1.376962423324585,,,,,,,,,,,,,,0.8834128379821777,0.02120208740234375,424.0,0.2044617235660553,141.35000610351562,13.902680397033691,-0.27779585123062134,-5.579794742516242e-05,0.7615771889686584,0.9044312834739685,0.8506928086280823,0.9685764312744141,0.3207758963108063,0.45748937129974365,0.9380125999450684,0.0
125,,,,,,,,,,,,,,,,,-4.892215728759766,2.60122942563612e-05,-0.04106781259179115,0.11242906004190445,,,,,,,,,,,,,,0.8766229152679443,0.020753145217895508,427.0,0.20448628067970276,141.75,13.973252296447754,-0.27062955498695374,-3.2670173823134974e-05,0.7689576148986816,0.9012386798858643,0.850299596786499,0.9627802968025208,0.32804766297340393,0.4288833439350128,0.9448075294494629,0.0
126,,,,,,,,,,,,,,,,,-4.888028144836426,3.9018443203531206e-05,-0.028287090361118317,2.3331212997436523,,,,,,,,,,,,,,0.8792440891265869,0.021430015563964844,426.0,0.20452266931533813,141.7100067138672,13.96671199798584,-0.26957955956459045,-3.595732050598599e-05,0.7861377596855164,0.8583062291145325,0.7902314066886902,0.9326062202453613,0.3311932384967804,0.39705052971839905,0.9392734169960022,0.0
127,,,,,,,,,,,,,,,,,-4.879251003265381,2.60122942563612e-05,-0.03582579270005226,2.7717297077178955,,,,,,,,,,,,,,0.8959169387817383,0.02048182487487793,419.0,0.20462733507156372,141.10000610351562,13.868656158447266,-0.2822245657444,-4.2122668673982844e-05,0.7679845690727234,0.864672839641571,0.8255584239959717,0.9394733309745789,0.3458070456981659,0.43057337403297424,0.9422165751457214,0.0
128,,,,,,,,,,,,,,,,,-4.860071182250977,2.60122942563612e-05,-0.04217572882771492,0.1027742475271225,,,,,,,,,,,,,,0.8949062824249268,0.020476818084716797,419.0,0.20478570461273193,141.44000244140625,13.929335594177246,-0.279936820268631,-9.904851322062314e-05,0.7684634327888489,0.8997141718864441,0.8780118823051453,0.9715588688850403,0.3241797685623169,0.45530617237091064,0.9364640712738037,0.0
129,,,,,,,,,,,,,,,,,-4.840295314788818,3.9018443203531206e-05,-0.02499552071094513,0.4292038679122925,,,,,,,,,,,,,,0.8748741149902344,0.020868778228759766,428.0,0.20492005348205566,141.07000732421875,13.886980056762695,-0.2756810486316681,-4.7575769713148475e-05,0.7633009552955627,0.8756349682807922,0.8418180346488953,0.9601050019264221,0.2878091037273407,0.4356234073638916,0.9263724684715271,0.0
130,,,,,,,,,,,,,,,,,-4.8199639320373535,2.60122942563612e-05,-0.027806254103779793,1.7930713891983032,,,,,,,,,,,,,,0.874704122543335,0.020612001419067383,428.0,0.20504194498062134,140.60000610351562,13.810674667358398,-0.2749083936214447,-6.941708124941215e-05,0.741365909576416,0.8674575686454773,0.8341097831726074,0.9559749960899353,0.26510700583457947,0.4358280599117279,0.9295348525047302,0.0
131,,,,,,,,,,,,,,,,,-4.812375545501709,2.60122942563612e-05,-0.02744678221642971,1.0084612369537354,,,,,,,,,,,,,,0.8694701194763184,0.021604061126708984,430.0,0.20503105223178864,141.32000732421875,13.878561019897461,-0.2802934944629669,-8.804316894384101e-05,0.769672155380249,0.8898022770881653,0.8327209949493408,0.9559755325317383,0.2838098704814911,0.43265020847320557,0.9311079978942871,0.0
132,-0.2622820734977722,-3.832768197753467e-05,0.727435290813446,0.8383294939994812,0.794358491897583,0.9033968448638916,0.2561803162097931,0.4308507442474365,0.8748906254768372,0.0,0.0,0.0,0.0,0.0,0.3333333432674408,0.6666666865348816,-4.812831401824951,3.9018443203531206e-05,-0.02576308883726597,1.14463210105896,1.2287060022354126,0.839052140712738,0.2857496440410614,0.5192113518714905,2.044726610183716,0.7269248366355896,0.13428302109241486,0.41397252678871155,0.35809144377708435,5.691459655761719,0.0,0.0,0.0,0.8606951236724854,0.020219802856445312,435.0,0.20503784716129303,141.0399932861328,13.84267520904541,-0.2774973213672638,-1.2875473657913972e-05,0.7730090022087097,0.8612709045410156,0.7892348170280457,0.9432846903800964,0.2857956886291504,0.3926372230052948,0.9280095100402832,0.0
133,-0.2558898627758026,-5.238708035903983e-05,0.7023379802703857,0.8087599873542786,0.7786945104598999,0.8804877400398254,0.2811342179775238,0.3860906660556793,0.8540470004081726,0.0,0.0,0.4000000059604645,0.0,0.0,0.20000000298023224,0.6000000238418579,-4.809708118438721,5.852766480529681e-05,-0.028548328205943108,1.313726544380188,1.5849403142929077,0.9738072156906128,0.38587677478790283,0.5400173664093018,2.033057451248169,0.8242740631103516,0.15000352263450623,0.4484047293663025,0.35226374864578247,4.508168697357178,0.0,0.0,0.0,0.9361660480499268,0.02083301544189453,401.0,0.20508399605751038,140.47999572753906,13.776124000549316,-0.2705487310886383,-4.92316139570903e-05,0.7890198230743408,0.8915367126464844,0.8650469183921814,0.9586246609687805,0.37033307552337646,0.4452870786190033,0.9483283162117004,0.0
134,-0.12077859789133072,-1.8993652702192776e-05,0.364059180021286,0.41061559319496155,0.3936252295970917,0.44118618965148926,0.15677893161773682,0.20566332340240479,0.4403458535671234,0.0,0.0,0.3333333432674408,0.0,0.0,0.6666666865348816,0.0,-4.800745010375977,1.7341530110570602e-05,-0.02886507287621498,1.4515293836593628,1.9440908432006836,0.6909687519073486,0.23424702882766724,0.5392133593559265,1.6985503435134888,0.6399385929107666,0.1162542998790741,0.33576810359954834,0.2745942771434784,4.439294338226318,0.0,0.0,0.0,0.9364099502563477,0.021166086196899414,401.0,0.2051573544740677,138.05999755859375,13.534293174743652,-0.27940699458122253,-2.4282528102048673e-05,0.8040487170219421,0.923898458480835,0.9078400731086731,0.9770307540893555,0.3991641104221344,0.4673679769039154,0.9512653350830078,0.0
135,,,,,,,,,,,,,,,,,-4.792220115661621,2.60122942563612e-05,-0.03556448593735695,0.137571781873703,,,,,,,,,,,,,,0.9244279861450195,0.020111083984375,406.0,0.20520876348018646,138.3300018310547,13.591119766235352,-0.2867307662963867,-5.8930672821588814e-05,0.774265706539154,0.9247027039527893,0.8888449668884277,0.9816977381706238,0.3398894965648651,0.4728599488735199,0.9373579621315002,0.0
136,,,,,,,,,,,,,,,,,-4.7865190505981445,2.60122942563612e-05,-0.039071690291166306,0.10770291835069656,,,,,,,,,,,,,,0.8829851150512695,0.020509004592895508,425.0,0.20523154735565186,138.52999877929688,13.620080947875977,-0.2737497389316559,-0.00018877100956160575,0.7494010925292969,0.8922092914581299,0.8840078711509705,0.9796628952026367,0.2638224959373474,0.4574867784976959,0.9179651141166687,0.0
137,,,,,,,,,,,,,,,,,-4.7841715812683105,2.60122942563612e-05,-0.042201749980449677,0.13631099462509155,,,,,,,,,,,,,,0.8500001430511475,0.020303726196289062,441.0,0.20525100827217102,138.58999633789062,13.641536712646484,-0.27918189764022827,-3.0548293580068275e-05,0.762470006942749,0.8965172171592712,0.8540262579917908,0.969793975353241,0.29052338004112244,0.4403831958770752,0.9293370246887207,0.0
138,,,,,,,,,,,,,,,,,-4.778409481048584,2.60122942563612e-05,-0.025433644652366638,0.6672487854957581,,,,,,,,,,,,,,0.8972768783569336,0.022402048110961914,417.0,0.20532672107219696,138.41000366210938,13.621716499328613,-0.28371933102607727,-4.6982280764495954e-05,0.7711250185966492,0.8993368744850159,0.8410348892211914,0.9616044163703918,0.29270532727241516,0.4249679148197174,0.933169424533844,0.0
139,,,,,,,,,,,,,,,,,-4.765471458435059,1.7341530110570602e-05,-0.023163175210356712,1.282135248184204,,,,,,,,,,,,,,0.8882038593292236,0.021275043487548828,422.0,0.20542070269584656,138.5500030517578,13.63649845123291,-0.2750333547592163,-2.8258362362976186e-05,0.793332576751709,0.8990685343742371,0.8354582786560059,0.9588819146156311,0.3084143400192261,0.42771556973457336,0.9443190097808838,0.0
140,,,,,,,,,,,,,,,,,-4.754073619842529,5.852766480529681e-05,-0.03219343349337578,1.6453572511672974,,,,,,,,,,,,,,0.9231710433959961,0.020370006561279297,406.0,0.20553036034107208,137.99000549316406,13.564499855041504,-0.29554498195648193,-2.1365667635109276e-05,0.7569167017936707,0.8731884360313416,0.8118643760681152,0.938291072845459,0.33542874455451965,0.43884649872779846,0.9473317265510559,0.0
141,,,,,,,,,,,,,,,,,-4.733640193939209,1.7341530110570602e-05,-0.03830258920788765,1.6815217733383179,,,,,,,,,,,,,,0.9143671989440918,0.02090764045715332,410.0,0.20564809441566467,137.3800048828125,13.47830581665039,-0.2722342312335968,-1.909481579787098e-05,0.7713214755058289,0.8848558068275452,0.8533201813697815,0.9601513743400574,0.32372933626174927,0.4500846862792969,0.9346833825111389,0.0
142,,,,,,,,,,,,,,,,,-4.725290775299072,2.60122942563612e-05,-0.0319853313267231,0.11965020000934601,,,,,,,,,,,,,,0.8555788993835449,0.02006816864013672,438.0,0.2056668996810913,137.3800048828125,13.47830581665039,-0.2795323133468628,-0.0001477481855545193,0.7265377640724182,0.8572922348976135,0.8195117115974426,0.9576826691627502,0.2321120649576187,0.4274088144302368,0.9100771546363831,0.0
143,,,,,,,,,,,,,,,,,-4.719879627227783,2.60122942563612e-05,-0.03299185633659363,0.678026556968689,,,,,,,,,,,,,,0.8510053157806396,0.020767927169799805,440.0,0.2057294249534607,136.80999755859375,13.409379959106445,-0.27789434790611267,-4.4319651351543143e-05,0.7066552042961121,0.8175299763679504,0.7727751135826111,0.9298462867736816,0.24872827529907227,0.40393027663230896,0.9186393618583679,0.0
144,-0.22851808369159698,-5.8476671256357804e-05,0.5801268815994263,0.6524606943130493,0.6044193506240845,0.7401821613311768,0.20680011808872223,0.31111016869544983,0.7439008355140686,0.0,0.0,1.0,0.0,0.0,0.0,0.0,-4.713781833648682,3.9018443203531206e-05,-0.033481769263744354,1.9337449073791504,2.810239315032959,1.9764033555984497,0.6604375839233398,0.9408636689186096,3.2799534797668457,1.6402946710586548,0.3144450783729553,0.891627311706543,0.41356512904167175,5.085941314697266,0.0,0.0,0.0,0.8283278942108154,0.021203994750976562,452.0,0.2057485431432724,136.0,13.296614646911621,-0.28907695412635803,-5.191356103750877e-05,0.7393185496330261,0.8265159130096436,0.7633309960365295,0.9233641028404236,0.25839850306510925,0.4058189392089844,0.9223518371582031,0.0
145,,,,,,,,,,,,,,,,,-4.7092790603637695,2.60122942563612e-05,-0.026697706431150436,0.5282313823699951,,,,,,,,,,,,,,0.879990816116333,0.02127814292907715,426.0,0.20580919086933136,136.8800048828125,13.405323028564453,-0.28469178080558777,-2.7213935027248226e-05,0.7997716069221497,0.8932561278343201,0.8414325714111328,0.9604411721229553,0.3189387321472168,0.43612101674079895,0.936418354511261,0.0
146,,,,,,,,,,,,,,,,,-4.700772285461426,2.60122942563612e-05,-0.026997534558176994,0.40421321988105774,,,,,,,,,,,,,,0.9210951328277588,0.020099878311157227,407.0,0.20585930347442627,136.9199981689453,13.408082008361816,-0.27468785643577576,-9.76366936811246e-05,0.7983720898628235,0.9260616898536682,0.903279721736908,0.9804501533508301,0.3188447654247284,0.460176557302475,0.941835880279541,0.0
147,,,,,,,,,,,,,,,,,-4.69864559173584,2.60122942563612e-05,-0.023445816710591316,0.8078532218933105,,,,,,,,,,,,,,0.9084169864654541,0.021070241928100586,413.0,0.20584027469158173,137.1199951171875,13.432466506958008,-0.283464640378952,-9.80495460680686e-05,0.7726300358772278,0.9109901785850525,0.8917068839073181,0.9804380536079407,0.3148030936717987,0.4647546708583832,0.9317954182624817,0.0
148,,,,,,,,,,,,,,,,,-4.699652671813965,2.60122942563612e-05,-0.042450837790966034,0.14555484056472778,,,,,,,,,,,,,,0.8515677452087402,0.020174264907836914,440.0,0.20585128664970398,137.1199951171875,13.439589500427246,-0.28607261180877686,-0.00011922592966584489,0.7433977127075195,0.8940930366516113,0.8589776158332825,0.9742627143859863,0.2635651230812073,0.451676607131958,0.9195424914360046,0.0
149,,,,,,,,,,,,,,,,,-4.700511932373047,3.9018443203531206e-05,-0.04193863272666931,0.11667414754629135,,,,,,,,,,,,,,0.8099031448364258,0.019943952560424805,462.0,0.2058265507221222,137.1199951171875,13.432682991027832,-0.2813412845134735,-0.00014375375758390874,0.7311636805534363,0.8827982544898987,0.8207109570503235,0.9605746269226074,0.25917354226112366,0.41769710183143616,0.9238040447235107,0.0
150,,,,,,,,,,,,,,,,,-4.700809955596924,2.60122942563612e-05,-0.03575294092297554,1.8083829879760742,,,,,,,,,,,,,,0.834446907043457,0.021468162536621094,448.0,0.2058677226305008,136.92999267578125,13.37833309173584,-0.2825629711151123,-5.766040339949541e-05,0.7474408149719238,0.8044874668121338,0.7142893671989441,0.9100602269172668,0.27138057351112366,0.36280128359794617,0.9173629283905029,0.0
151,,,,,,,,,,,,,,,,,-4.6941728591918945,1.7341530110570602e-05,-0.033171676099300385,2.342819929122925,,,,,,,,,,,,,,0.9097468852996826,0.01990032196044922,413.0,0.20590411126613617,136.39999389648438,13.281492233276367,-0.27761802077293396,-2.6836152756004594e-05,0.784598171710968,0.8708932995796204,0.8467156291007996,0.9452776312828064,0.38277485966682434,0.4342277944087982,0.9420503973960876,0.0
152,,,,,,,,,,,,,,,,,-4.689871311187744,3.9018443203531206e-05,-0.03282641991972923,0.16046302020549774,,,,,,,,,,,,,,0.9082992076873779,0.02083301544189453,413.0,0.20593450963497162,136.39999389648438,13.28276538848877,-0.2796638309955597,-6.319719977909699e-05,0.797907292842865,0.9157640337944031,0.8835565447807312,0.9679405689239502,0.37079933285713196,0.4590202271938324,0.9432708621025085,0.0
153,-0.26187121868133545,-8.477984374621883e-05,0.7090597748756409,0.8192267417907715,0.7951341271400452,0.8886539936065674,0.3297450542449951,0.40280020236968994,0.8641005158424377,0.0,0.0,0.3333333432674408,0.0,0.0,0.0,0.6666666865348816,-4.6832075119018555,2.60122942563612e-05,-0.03810590133070946,0.1672888845205307,1.4921795129776,0.7348980903625488,0.3009178638458252,0.36746129393577576,1.81400728225708,0.6877869963645935,0.12338748574256897,0.3521900475025177,0.25516608357429504,6.186830043792725,0.0,0.0,0.0,0.9227800369262695,0.02108597755432129,406.0,0.20600399374961853,136.17999267578125,13.254608154296875,-0.27819034457206726,-0.00010140093945665285,0.769028902053833,0.9130709767341614,0.9014293551445007,0.9827572703361511,0.3313336670398712,0.4723183810710907,0.9307422041893005,0.0
154,,,,,,,,,,,,,,,,,-4.675557613372803,2.60122942563612e-05,-0.043319329619407654,0.0903778076171875,,,,,,,,,,,,,,0.8597500324249268,0.020573139190673828,436.0,0.20602253079414368,136.17999267578125,13.254608154296875,-0.2821541130542755,-0.000198389810975641,0.7421995997428894,0.8786988258361816,0.8509586453437805,0.9692721366882324,0.2378445714712143,0.45838937163352966,0.9131651520729065,0.0
155,,,,,,,,,,,,,,,,,-4.675785541534424,2.60122942563612e-05,-0.029074378311634064,2.170585870742798,,,,,,,,,,,,,,0.8355908393859863,0.02058696746826172,448.0,0.20601606369018555,135.8699951171875,13.21101188659668,-0.2874618172645569,-5.654877531924285e-05,0.7401275634765625,0.832064688205719,0.7864618301391602,0.9390754699707031,0.3258124589920044,0.4232194125652313,0.9150247573852539,0.0
156,,,,,,,,,,,,,,,,,-4.672328472137451,2.60122942563612e-05,-0.028334449976682663,1.0128958225250244,,,,,,,,,,,,,,0.8715898990631104,0.020395994186401367,430.0,0.2060747742652893,136.4199981689453,13.233050346374512,-0.28821760416030884,-0.00017168698832392693,0.7624509334564209,0.8888135552406311,0.8201441764831543,0.9560124278068542,0.28852927684783936,0.4517596662044525,0.9262140393257141,0.0
157,-0.27881157398223877,-0.00011416024062782526,0.7853119373321533,0.912683367729187,0.8678504228591919,0.9730351567268372,0.29666295647621155,0.4677542746067047,0.9308146834373474,0.0,0.0,0.0,0.0,0.0,0.0,1.5,-4.6573991775512695,3.9018443203531206e-05,-0.030243901535868645,0.10249500721693039,0.6817491054534912,0.4999580383300781,0.18601375818252563,0.45357298851013184,1.1356643438339233,0.4370405673980713,0.09035202860832214,0.2708742320537567,0.351001501083374,4.6905364990234375,0.0,0.0,0.0,0.8801770210266113,0.020264863967895508,426.0,0.20625858008861542,136.97000122070312,13.315049171447754,-0.2693675458431244,-5.095967571833171e-05,0.8171694874763489,0.906646728515625,0.854656457901001,0.9634943604469299,0.3711639940738678,0.45521244406700134,0.9389365315437317,0.0
158,,,,,,,,,,,,,,,,,-4.636960983276367,1.7341530110570602e-05,-0.030609874054789543,1.2616591453552246,,,,,,,,,,,,,,0.8762989044189453,0.020344257354736328,428.0,0.20631523430347443,136.89999389648438,13.301026344299316,-0.2826533317565918,-6.623639637837186e-05,0.7841585278511047,0.8868722915649414,0.8240655064582825,0.9497919082641602,0.33634302020072937,0.44137701392173767,0.9284164309501648,0.0
159,,,,,,,,,,,,,,,,,-4.638927936553955,3.9018443203531206e-05,-0.024821080267429352,0.8964205384254456,,,,,,,,,,,,,,0.905433177947998,0.02018880844116211,414.0,0.20621179044246674,137.75,13.364530563354492,-0.29167094826698303,-0.00010505507816560566,0.7512981295585632,0.878394603729248,0.8577194809913635,0.9635118842124939,0.3086806833744049,0.4399488866329193,0.9267579913139343,0.0
160,,,,,,,,,,,,,,,,,-4.6558942794799805,2.60122942563612e-05,-0.04964509606361389,0.13916254043579102,,,,,,,,,,,,,,0.8623759746551514,0.02170586585998535,434.0,0.2061179131269455,137.75,13.364530563354492,-0.2833951711654663,-0.00012293872714508325,0.7230970859527588,0.8656823039054871,0.8277518153190613,0.9644191861152649,0.26112326979637146,0.4337507486343384,0.9091495871543884,0.0
161,,,,,,,,,,,,,,,,,-4.66184139251709,2.60122942563612e-05,-0.03235979750752449,0.972101628780365,,,,,,,,,,,,,,0.8269178867340088,0.020824193954467773,452.0,0.20613475143909454,137.3699951171875,13.309309005737305,-0.28663623332977295,-0.00011489887401694432,0.7424206137657166,0.8100640177726746,0.740898609161377,0.9244648814201355,0.25374552607536316,0.38199302554130554,0.9060172438621521,0.0
162,,,,,,,,,,,,,,,,,-4.656924724578857,2.60122942563612e-05,-0.0370955653488636,1.9729492664337158,,,,,,,,,,,,,,0.8517618179321289,0.020099163055419922,440.0,0.20618323981761932,136.75,13.215617179870605,-0.28417113423347473,-0.00016481755301356316,0.7478041648864746,0.8242924809455872,0.7665873169898987,0.9237573742866516,0.2874942123889923,0.40168818831443787,0.9140081405639648,0.0
163,,,,,,,,,,,,,,,,,-4.650802135467529,2.60122942563612e-05,-0.025265630334615707,0.9445950984954834,,,,,,,,,,,,,,0.8855581283569336,0.020772933959960938,423.0,0.2062242031097412,137.22000122070312,13.268509864807129,-0.2824864387512207,-0.00017072782793547958,0.8089353442192078,0.8926927447319031,0.828333854675293,0.9520334601402283,0.3613106310367584,0.43467745184898376,0.9327092170715332,0.0
164,,,,,,,,,,,,,,,,,-4.644208908081055,2.60122942563612e-05,-0.029471561312675476,0.3281499147415161,,,,,,,,,,,,,,0.9172542095184326,0.01969313621520996,409.0,0.20628269016742706,136.8800048828125,13.216360092163086,-0.2807367146015167,-0.00019025930669158697,0.7852773666381836,0.9102683067321777,0.8723811507225037,0.9694945812225342,0.3531867265701294,0.4672833979129791,0.9309664368629456,0.0
165,,,,,,,,,,,,,,,,,-4.636378765106201,3.9018443203531206e-05,-0.02672155201435089,1.3368356227874756,,,,,,,,,,,,,,0.8707020282745361,0.019610881805419922,431.0,0.20633447170257568,137.1999969482422,13.255993843078613,-0.275978684425354,-0.00016168416186701506,0.7330963611602783,0.8646423816680908,0.8300359845161438,0.9601981043815613,0.2593632936477661,0.43133747577667236,0.912794828414917,0.0
166,,,,,,,,,,,,,,,,,-4.629775524139404,2.60122942563612e-05,-0.042887959629297256,0.5243472456932068,,,,,,,,,,,,,,0.8223192691802979,0.020634889602661133,455.0,0.20637071132659912,137.0500030517578,13.237628936767578,-0.2960178852081299,-0.0001476892939535901,0.6861279010772705,0.8133522868156433,0.7633211016654968,0.9356363415718079,0.2056356519460678,0.38655999302864075,0.9012777209281921,0.0
167,,,,,,,,,,,,,,,,,-4.624549865722656,2.60122942563612e-05,-0.03233297914266586,1.8618594408035278,,,,,,,,,,,,,,0.8271417617797852,0.019985198974609375,453.0,0.20641984045505524,136.05999755859375,13.091678619384766,-0.2829988896846771,-0.00023348927788902074,0.7218597531318665,0.7919442057609558,0.7169649004936218,0.9065443873405457,0.2260260134935379,0.37827226519584656,0.9048479199409485,0.0
168,,,,,,,,,,,,,,,,,-4.617457389831543,2.60122942563612e-05,-0.02894597500562668,0.8736953735351562,,,,,,,,,,,,,,0.8880281448364258,0.021615982055664062,422.0,0.20645777881145477,136.3699951171875,13.122353553771973,-0.2867288887500763,-0.00014806397666689008,0.7842507362365723,0.8916594982147217,0.8190768361091614,0.9500420689582825,0.344858318567276,0.43861135840415955,0.9332844614982605,0.0
169,,,,,,,,,,,,,,,,,-4.616772651672363,3.9018443203531206e-05,-0.02862049825489521,1.1068649291992188,,,,,,,,,,,,,,0.9109089374542236,0.020289182662963867,412.0,0.2064170390367508,135.91000366210938,13.0651216506958,-0.2817952334880829,-0.00012519861047621816,0.802135705947876,0.9054250717163086,0.8399274349212646,0.9539920687675476,0.3458137512207031,0.44736921787261963,0.9319276213645935,0.0
170,,,,,,,,,,,,,,,,,-4.620712757110596,2.60122942563612e-05,-0.04128638282418251,0.11444251984357834,,,,,,,,,,,,,,0.908801794052124,0.021136999130249023,412.0,0.20642410218715668,138.3300018310547,13.304195404052734,-0.2943956255912781,-0.00012693744793068618,0.7646868824958801,0.9121735692024231,0.8809054493904114,0.9764766693115234,0.31081292033195496,0.4537428319454193,0.9253687858581543,0.0
171,,,,,,,,,,,,,,,,,-4.617598533630371,2.60122942563612e-05,-0.041943974792957306,0.13323388993740082,,,,,,,,,,,,,,0.8653280735015869,0.02075815200805664,433.0,0.2064627707004547,138.3300018310547,13.304195404052734,-0.28615817427635193,-0.0001769049122231081,0.7224278450012207,0.8205450177192688,0.7799520492553711,0.9363868832588196,0.22291792929172516,0.40020474791526794,0.9017925262451172,0.0
172,-0.23807288706302643,-9.818581747822464e-05,0.6012672185897827,0.6779196858406067,0.6277716159820557,0.7587295174598694,0.19175077974796295,0.3213443458080292,0.7486783266067505,0.0,0.0,0.75,0.0,0.25,0.25,0.0,-4.610239505767822,2.60122942563612e-05,-0.028551466763019562,1.1451870203018188,2.1492919921875,1.6884098052978516,0.5813775658607483,0.8262100219726562,2.6179800033569336,1.360140323638916,0.2747670114040375,0.7770746946334839,0.4418889880180359,5.076907157897949,0.0,0.0,0.0,0.8271822929382324,0.021229028701782227,452.0,0.20653319358825684,137.25,13.130369186401367,-0.2876928448677063,-0.00017194240354001522,0.7300646305084229,0.8370272517204285,0.7709361910820007,0.9394170641899109,0.24285562336444855,0.40386879444122314,0.9013980031013489,0.0
173,,,,,,,,,,,,,,,,,-4.603659152984619,2.60122942563612e-05,-0.03402787446975708,1.4235270023345947,,,,,,,,,,,,,,0.8465321063995361,0.01969289779663086,443.0,0.20653651654720306,136.8300018310547,13.057249069213867,-0.29360106587409973,-0.00013424281496554613,0.7298159003257751,0.773000955581665,0.7050530910491943,0.9052932858467102,0.2576635777950287,0.36738526821136475,0.896482527256012,0.0
174,,,,,,,,,,,,,,,,,-4.603540420532227,2.60122942563612e-05,-0.03226456791162491,0.6033570170402527,,,,,,,,,,,,,,0.8982751369476318,0.020720720291137695,417.0,0.20655791461467743,135.94000244140625,12.936481475830078,-0.2883186340332031,-0.00014544237637892365,0.771013081073761,0.8754270672798157,0.8290548920631409,0.9494726061820984,0.3408031463623047,0.44642868638038635,0.9288351535797119,0.0
175,,,,,,,,,,,,,,,,,-4.59510612487793,2.60122942563612e-05,-0.028034226968884468,1.0103189945220947,,,,,,,,,,,,,,0.9099969863891602,0.02093195915222168,412.0,0.2066594660282135,135.86000061035156,12.915827751159668,-0.2878776490688324,-0.00019671872723847628,0.7790985703468323,0.8928656578063965,0.8547360897064209,0.966457188129425,0.3255198895931244,0.44360068440437317,0.9192262291908264,0.0
176,,,,,,,,,,,,,,,,,-4.587533950805664,2.60122942563612e-05,-0.03942989185452461,0.23315301537513733,,,,,,,,,,,,,,0.9063799381256104,0.02189493179321289,413.0,0.2066406011581421,136.38999938964844,12.984134674072266,-0.2968335747718811,-0.0001820793404476717,0.7189197540283203,0.8789942860603333,0.836696445941925,0.9643123745918274,0.2891410291194916,0.44262826442718506,0.9128720164299011,0.0
177,,,,,,,,,,,,,,,,,-4.591131687164307,2.60122942563612e-05,-0.0430549792945385,0.20364782214164734,,,,,,,,,,,,,,0.8850398063659668,0.020502090454101562,424.0,0.20662647485733032,136.0500030517578,12.937139511108398,-0.2877846658229828,-0.00014666395145468414,0.7617623209953308,0.8800637722015381,0.8357146382331848,0.9580540657043457,0.2315409928560257,0.4148855209350586,0.9169752597808838,0.0
178,,,,,,,,,,,,,,,,,-4.59055757522583,2.60122942563612e-05,-0.0397055447101593,0.22462429106235504,,,,,,,,,,,,,,0.8360707759857178,0.02037525177001953,448.0,0.20664601027965546,136.47000122070312,12.98530387878418,-0.2932959496974945,-0.00020764469809364527,0.7402722239494324,0.8362101912498474,0.7643316388130188,0.942064106464386,0.2404143214225769,0.38793274760246277,0.8999357223510742,0.0
179,,,,,,,,,,,,,,,,,-4.588104248046875,2.60122942563612e-05,-0.028778541833162308,1.6238629817962646,,,,,,,,,,,,,,0.8464548587799072,0.021476030349731445,442.0,0.20665857195854187,138.0,13.167380332946777,-0.287206768989563,-0.00021512655075639486,0.7382858395576477,0.8235990405082703,0.7838997840881348,0.9284937977790833,0.25665804743766785,0.38986286520957947,0.9108845591545105,0.0
180,,,,,,,,,,,,,,,,,-4.583290100097656,2.60122942563612e-05,-0.03550475463271141,0.6977088451385498,,,,,,,,,,,,,,0.8762049674987793,0.020502805709838867,428.0,0.20671817660331726,137.47999572753906,13.0770263671875,-0.2912067174911499,-0.00011833664029836655,0.7812867760658264,0.844277560710907,0.7914239764213562,0.9332761764526367,0.3043331205844879,0.40203964710235596,0.9162001609802246,0.0
181,,,,,,,,,,,,,,,,,-4.5768280029296875,3.9018443203531206e-05,-0.03229384496808052,0.5219203233718872,,,,,,,,,,,,,,0.9126331806182861,0.020386934280395508,411.0,0.206747904419899,137.38999938964844,13.058319091796875,-0.28270164132118225,-0.0001337159628747031,0.7889780402183533,0.8748912811279297,0.8410210609436035,0.9545560479164124,0.32266393303871155,0.4396044909954071,0.9203028678894043,0.0
182,-0.29383397102355957,-0.00016090825374703854,0.7517152428627014,0.8456518650054932,0.7820315361022949,0.9370991587638855,0.21923737227916718,0.40365293622016907,0.9072343707084656,0.0,0.0,0.0,0.0,0.0,0.0,1.0,-4.573514461517334,2.60122942563612e-05,-0.044524360448122025,0.11961618065834045,2.435934543609619,1.8816102743148804,0.5847343802452087,0.8486733436584473,2.672348737716675,1.4774101972579956,0.2744613587856293,0.7430223822593689,0.5014645457267761,3.5485973358154297,0.0,0.0,0.0,0.8584780693054199,0.020193815231323242,437.0,0.2067636102437973,137.6300048828125,13.075786590576172,-0.3008231520652771,-0.00022165982227306813,0.7002653479576111,0.8771333694458008,0.8235621452331543,0.9627914428710938,0.24133916199207306,0.43863722681999207,0.9059063792228699,0.0
183,,,,,,,,,,,,,,,,,-4.574092388153076,3.9018443203531206e-05,-0.03637034446001053,1.0602238178253174,,,,,,,,,,,,,,0.8245460987091064,0.02072882652282715,454.0,0.20671647787094116,137.0399932861328,12.999553680419922,-0.30128562450408936,-8.76951016834937e-05,0.6992509961128235,0.8258948922157288,0.7658827900886536,0.9310764670372009,0.2033815234899521,0.38585081696510315,0.9080082774162292,0.0
184,,,,,,,,,,,,,,,,,-4.584308624267578,1.7341530110570602e-05,-0.03413506969809532,1.3441773653030396,,,,,,,,,,,,,,0.8439249992370605,0.02013993263244629,444.0,0.20664618909358978,136.47000122070312,12.909490585327148,-0.2952844202518463,-0.00021919574646744877,0.7444183230400085,0.8497770428657532,0.7902908325195312,0.9404321312904358,0.23414142429828644,0.38357606530189514,0.9167445302009583,0.0
185,,,,,,,,,,,,,,,,,-4.590596675872803,2.60122942563612e-05,-0.026395322754979134,0.6661390662193298,,,,,,,,,,,,,,0.8532350063323975,0.020355701446533203,439.0,0.20662596821784973,136.4199981689453,12.901457786560059,-0.292146772146225,-0.0001491088914917782,0.7794752717018127,0.8603770732879639,0.7882914543151855,0.9367710947990417,0.27415743470191956,0.36952200531959534,0.9155446887016296,0.0
186,,,,,,,,,,,,,,,,,-4.5924787521362305,2.60122942563612e-05,-0.035127654671669006,0.22025245428085327,,,,,,,,,,,,,,0.8825907707214355,0.020839214324951172,425.0,0.20661605894565582,136.80999755859375,12.943319320678711,-0.2950434684753418,-0.00011439009540481493,0.7457513213157654,0.8446372151374817,0.7833874821662903,0.9364228844642639,0.2918555736541748,0.3879348039627075,0.9113768935203552,0.0
187,,,,,,,,,,,,,,,,,-4.592808723449707,3.9018443203531206e-05,-0.03631119057536125,0.7304043769836426,,,,,,,,,,,,,,0.8871722221374512,0.021013975143432617,422.0,0.20662923157215118,136.44000244140625,12.887397766113281,-0.29479166865348816,-0.00014952653145883232,0.7444584369659424,0.8533663153648376,0.8010227680206299,0.9330206513404846,0.272257000207901,0.39437833428382874,0.9202014803886414,0.0
188,,,,,,,,,,,,,,,,,-4.585428714752197,2.60122942563612e-05,-0.0450943224132061,0.19166024029254913,,,,,,,,,,,,,,0.9755239486694336,0.044866085052490234,376.0,0.20671901106834412,136.3800048828125,12.868582725524902,-0.28779104351997375,-0.0001992261823033914,0.7217993140220642,0.8499582409858704,0.7900981307029724,0.9396732449531555,0.25119149684906006,0.3989720344543457,0.9140059947967529,0.0
189,,,,,,,,,,,,,,,,,-4.576328277587891,1.7341530110570602e-05,-0.03669959306716919,0.6170220971107483,,,,,,,,,,,,,,0.9200081825256348,0.020830154418945312,408.0,0.20674467086791992,135.02999877929688,12.693331718444824,-0.2857198715209961,-0.00018115575949195772,0.7260821461677551,0.8531983494758606,0.8044748306274414,0.9376220703125,0.22963309288024902,0.3908018171787262,0.9139611124992371,0.0
190,-0.25893622636795044,-0.00016751053044572473,0.6496662497520447,0.7564448118209839,0.7167706489562988,0.8256876468658447,0.2410600632429123,0.35733550786972046,0.8057123422622681,0.0,0.0,0.5,0.0,0.0,0.0,0.5,-4.5755391120910645,3.9018443203531206e-05,-0.03367903083562851,0.5440464019775391,1.880908489227295,1.0867023468017578,0.40104353427886963,0.6280079483985901,2.1113195419311523,0.9045641422271729,0.17675483226776123,0.5101189017295837,0.32179152965545654,4.573051452636719,0.0,0.0,0.0,0.844268798828125,0.020353078842163086,444.0,0.20673900842666626,134.92999267578125,12.68079948425293,-0.2983200252056122,-0.00015826178423594683,0.7233654856681824,0.8091795444488525,0.7279240489006042,0.9138296246528625,0.2261853814125061,0.35192692279815674,0.9029330611228943,0.0
191,,,,,,,,,,,,,,,,,-4.5751566886901855,2.60122942563612e-05,-0.041690435260534286,0.7604579925537109,,,,,,,,,,,,,,0.874751091003418,0.019731998443603516,429.0,0.20676255226135254,134.30999755859375,12.563468933105469,-0.28924548625946045,-0.000152921027620323,0.7453630566596985,0.8193357586860657,0.7587080597877502,0.9144026637077332,0.2840062081813812,0.36471953988075256,0.9150912761688232,0.0
192,-0.22247116267681122,-7.591134635731578e-05,0.5531007051467896,0.6199531555175781,0.5702968835830688,0.7080535888671875,0.15637874603271484,0.27810436487197876,0.7002784013748169,0.0,0.0,1.0,0.0,0.0,0.0,0.0,-4.570006370544434,2.60122942563612e-05,-0.03713370859622955,0.31193840503692627,3.489872932434082,1.841612458229065,0.6651047468185425,0.8670212626457214,3.28570556640625,1.55930495262146,0.30611032247543335,0.8922926783561707,0.4506087899208069,4.320910930633545,0.0,0.0,0.0,0.8644411563873291,0.019968032836914062,434.0,0.20680548250675201,133.63999938964844,12.474807739257812,-0.2883775532245636,-0.00019374664407223463,0.7340540885925293,0.8510233759880066,0.7816895842552185,0.9329936504364014,0.2970181703567505,0.3906066417694092,0.9166887402534485,0.0
193,,,,,,,,,,,,,,,,,-4.566183567047119,2.60122942563612e-05,-0.039260029792785645,0.4426255524158478,,,,,,,,,,,,,,0.8901071548461914,0.020270109176635742,421.0,0.2068285048007965,132.0500030517578,12.284936904907227,-0.2933433949947357,-0.000220280431676656,0.7368181347846985,0.8325657248497009,0.7891083359718323,0.9236647486686707,0.29309511184692383,0.39097246527671814,0.9181747436523438,0.0
194,,,,,,,,,,,,,,,,,-4.557474136352539,2.60122942563612e-05,-0.03782643750309944,0.29457318782806396,,,,,,,,,,,,,,0.8779549598693848,0.02387404441833496,425.0,0.2069491297006607,132.08999633789062,12.285049438476562,-0.2978387773036957,-0.00023593202058691531,0.716050922870636,0.8614950180053711,0.8261060118675232,0.9538019299507141,0.2564341425895691,0.42597272992134094,0.9067433476448059,0.0
195,,,,,,,,,,,,,,,,,-4.542013168334961,2.60122942563612e-05,-0.04128747060894966,0.4492105543613434,,,,,,,,,,,,,,0.8476908206939697,0.0205690860748291,442.0,0.2070295810699463,132.08999633789062,12.285049438476562,-0.28620120882987976,-0.00016491767019033432,0.7221444249153137,0.8595477938652039,0.8081774711608887,0.9496771693229675,0.2282569855451584,0.41443896293640137,0.9065897464752197,0.0
196,-0.25394606590270996,-0.00013077615585643798,0.6202214956283569,0.6924808025360107,0.6411250233650208,0.7869629859924316,0.2153199315071106,0.3261127471923828,0.7798793315887451,0.0,0.0,1.0,0.0,0.0,0.0,0.0,-4.530420780181885,2.60122942563612e-05,-0.03530706465244293,0.6101379990577698,2.222651958465576,2.1097943782806396,0.6609838008880615,0.9160919189453125,2.763607978820801,1.678098440170288,0.32391291856765747,0.888129472732544,0.44085973501205444,5.051444053649902,0.0,0.0,0.0,0.837317943572998,0.02004218101501465,447.0,0.20711927115917206,132.05999755859375,12.273788452148438,-0.29806283116340637,-0.00020889518782496452,0.694821298122406,0.8089645504951477,0.7459216117858887,0.9212255477905273,0.1687801629304886,0.3951362669467926,0.8876580595970154,0.0
197,-0.27532273530960083,-0.0001737425773171708,0.7051938772201538,0.815273106098175,0.7614971399307251,0.8979696035385132,0.2590176463127136,0.4030570089817047,0.8599116802215576,0.0,0.0,0.5,0.0,0.0,0.25,0.5,-4.518522262573242,2.60122942563612e-05,-0.03067534789443016,0.38002562522888184,2.241382122039795,1.3261767625808716,0.43289706110954285,0.8673113584518433,2.373806953430176,1.1376336812973022,0.22451981902122498,0.6061204671859741,0.46862637996673584,4.0969438552856445,0.0,0.0,0.0,0.8631560802459717,0.02127981185913086,434.0,0.2071961611509323,132.0399932861328,12.2536039352417,-0.29190734028816223,-0.00023976352531462908,0.7476315498352051,0.875445544719696,0.7987988591194153,0.947601318359375,0.20670156180858612,0.4295382499694824,0.9085219502449036,0.0
198,,,,,,,,,,,,,,,,,-4.509905815124512,2.60122942563612e-05,-0.02343876101076603,1.22011399269104,,,,,,,,,,,,,,0.865973949432373,0.021075963973999023,432.0,0.20723548531532288,132.4499969482422,12.270369529724121,-0.2912834882736206,-0.0002013694029301405,0.7697820663452148,0.8685560822486877,0.7922618389129639,0.9413597583770752,0.2581087052822113,0.4216883182525635,0.9118695259094238,0.0
199,,,,,,,,,,,,,,,,,-4.5042548179626465,2.60122942563612e-05,-0.02783082239329815,1.0975247621536255,,,,,,,,,,,,,,0.8504698276519775,0.020380020141601562,440.0,0.20729117095470428,132.4499969482422,12.2613525390625,-0.300427109003067,-0.00024523804313503206,0.7182852625846863,0.851612389087677,0.7614253163337708,0.9347290992736816,0.24010320007801056,0.4118911921977997,0.9008081555366516,0.0
200,,,,,,,,,,,,,,,,,-4.496748924255371,2.60122942563612e-05,-0.03173235058784485,1.1928300857543945,,,,,,,,,,,,,,0.8766160011291504,0.019957304000854492,428.0,0.20733173191547394,133.02000427246094,12.315587997436523,-0.28850987553596497,-0.00020918164227623492,0.7329638600349426,0.8330269455909729,0.7793776988983154,0.9327227473258972,0.23039144277572632,0.39677417278289795,0.8893368244171143,0.0
201,,,,,,,,,,,,,,,,,-4.49268913269043,2.60122942563612e-05,-0.03729921206831932,0.2586921453475952,,,,,,,,,,,,,,0.8396511077880859,0.021372318267822266,445.0,0.20735448598861694,132.72999572753906,12.284310340881348,-0.2957718074321747,-0.00018595460278447717,0.7140340209007263,0.8209702372550964,0.7460957169532776,0.9246147274971008,0.20270995795726776,0.38971638679504395,0.8860451579093933,0.0
202,,,,,,,,,,,,,,,,,-4.493631362915039,2.60122942563612e-05,-0.03580700233578682,1.236969232559204,,,,,,,,,,,,,,0.8426413536071777,0.021516799926757812,444.0,0.2073138952255249,132.10000610351562,12.203512191772461,-0.2907421290874481,-0.00013301374565344304,0.7116276621818542,0.8323244452476501,0.7514517307281494,0.9263458251953125,0.20702435076236725,0.3866349160671234,0.9001995921134949,0.0
203,-0.22148571908473969,-0.0001475276076234877,0.5296408534049988,0.6189086437225342,0.5613712668418884,0.6911821365356445,0.16950084269046783,0.2972429692745209,0.6787278056144714,0.0,0.0,0.6666666865348816,0.0,0.3333333432674408,0.3333333432674408,0.0,-4.496833801269531,3.9018443203531206e-05,-0.035207998007535934,0.7087256908416748,2.4638683795928955,1.3624688386917114,0.5005112290382385,0.8387527465820312,2.7117435932159424,1.1976512670516968,0.24766498804092407,0.713653564453125,0.35691070556640625,6.085774898529053,0.0,0.0,0.0,0.8594989776611328,0.022790908813476562,435.0,0.20733028650283813,131.4199981689453,12.107563972473145,-0.2868461310863495,-0.00027889004559256136,0.7161906361579895,0.8169316649436951,0.7450867295265198,0.9214074015617371,0.21043868362903595,0.37051406502723694,0.9001756310462952,0.0
204,,,,,,,,,,,,,,,,,-4.493448257446289,2.60122942563612e-05,-0.04210200905799866,0.48913460969924927,,,,,,,,,,,,,,0.8708689212799072,0.022300004959106445,429.0,0.20734265446662903,130.5500030517578,11.973810195922852,-0.2971489131450653,-0.00015451527724508196,0.7036290764808655,0.8007655143737793,0.7259080410003662,0.9123916625976562,0.2501698434352875,0.3692845404148102,0.8993518948554993,0.0
205,,,,,,,,,,,,,,,,,-4.492032527923584,2.60122942563612e-05,-0.03773409128189087,0.2669864296913147,,,,,,,,,,,,,,0.8689930438995361,0.021502017974853516,431.0,0.20735983550548553,130.2899932861328,11.950748443603516,-0.293166846036911,-0.0001478142075939104,0.7267023921012878,0.847492516040802,0.7955355644226074,0.9376305937767029,0.25080397725105286,0.4058555066585541,0.9058095812797546,0.0
206,,,,,,,,,,,,,,,,,-4.491365432739258,2.60122942563612e-05,-0.034846823662519455,0.28885310888290405,,,,,,,,,,,,,,0.8837599754333496,0.022497177124023438,423.0,0.2073395550251007,130.00999450683594,11.920333862304688,-0.2981589138507843,-0.00017103900609072298,0.743502676486969,0.8846171498298645,0.8316510319709778,0.9574759006500244,0.26101216673851013,0.4090338945388794,0.9085099101066589,0.0
207,,,,,,,,,,,,,,,,,-4.498502254486084,2.60122942563612e-05,-0.04154052212834358,0.4549279808998108,,,,,,,,,,,,,,0.839439868927002,0.020629405975341797,446.0,0.20724882185459137,129.5,11.853527069091797,-0.28784599900245667,-0.00019420863827690482,0.6854417324066162,0.7730666995048523,0.6844863891601562,0.8916217684745789,0.19075298309326172,0.33441638946533203,0.8920424580574036,0.0
208,-0.2526254653930664,-0.00012447970220819116,0.6490107774734497,0.7357354760169983,0.6863383054733276,0.8165253400802612,0.1865893304347992,0.3452068865299225,0.7871034145355225,0.0,0.0,0.75,0.0,0.0,0.0,0.25,-4.513707637786865,2.60122942563612e-05,-0.03607136756181717,0.4064474403858185,2.6866865158081055,1.4693236351013184,0.5110625624656677,0.731717586517334,2.6420135498046875,1.2858542203903198,0.24134889245033264,0.6653623580932617,0.42662864923477173,4.769390106201172,0.0,0.0,0.0,0.8544518947601318,0.019716262817382812,439.0,0.20713327825069427,129.66000366210938,11.865294456481934,-0.28794771432876587,-0.0001513173629064113,0.6921864151954651,0.7771982550621033,0.7169354557991028,0.9056962132453918,0.20029479265213013,0.34194624423980713,0.8989942669868469,0.0
209,,,,,,,,,,,,,,,,,-4.5266547203063965,2.60122942563612e-05,-0.03768732398748398,0.31990382075309753,,,,,,,,,,,,,,0.8873012065887451,0.02020883560180664,423.0,0.20707572996616364,128.11000061035156,11.663458824157715,-0.2974884510040283,-0.00011230288509977981,0.7240977883338928,0.8031177520751953,0.7306473255157471,0.9023898243904114,0.2428719401359558,0.3614187240600586,0.9073762893676758,0.0
210,,,,,,,,,,,,,,,,,-4.531138896942139,2.60122942563612e-05,-0.035776376724243164,0.20000949501991272,,,,,,,,,,,,,,0.8648500442504883,0.020040035247802734,433.0,0.2070770263671875,127.6500015258789,11.609533309936523,-0.28655773401260376,-0.00014294397260528058,0.7441794872283936,0.8578478693962097,0.7713541388511658,0.9365127682685852,0.24982993304729462,0.38402917981147766,0.9031052589416504,0.0
211,-0.21817700564861298,-0.00013253661745693535,0.5299874544143677,0.60841304063797,0.5575429797172546,0.6829508543014526,0.17162197828292847,0.2626184821128845,0.6692748069763184,0.0,0.0,0.800000011920929,0.0,0.0,0.0,0.20000000298023224,-4.530330657958984,2.60122942563612e-05,-0.041073206812143326,0.3003188967704773,2.514946460723877,1.4954794645309448,0.5989022254943848,0.9921232461929321,2.538513660430908,1.3432624340057373,0.25905123353004456,0.7235156893730164,0.4526285231113434,3.8038840293884277,0.0,0.0,0.0,0.8492112159729004,0.02016592025756836,441.0,0.20708829164505005,126.43000030517578,11.474722862243652,-0.287087082862854,-0.00017957475211005658,0.6853631138801575,0.7881441712379456,0.7323811650276184,0.9083211421966553,0.21799452602863312,0.356873482465744,0.895341694355011,0.0
212,,,,,,,,,,,,,,,,,-4.5307159423828125,2.60122942563612e-05,-0.032678261399269104,0.417594313621521,,,,,,,,,,,,,,0.8423972129821777,0.019852876663208008,445.0,0.20707948505878448,125.43000030517578,11.350056648254395,-0.2903556525707245,-0.00015013512165751308,0.6917287707328796,0.8081818222999573,0.743241548538208,0.9198427200317383,0.2241101711988449,0.35881999135017395,0.8917068839073181,0.0
213,,,,,,,,,,,,,,,,,-4.53342866897583,2.60122942563612e-05,-0.04113370180130005,0.3646918833255768,,,,,,,,,,,,,,0.8300650119781494,0.02087688446044922,451.0,0.20704050362110138,123.76000213623047,11.161827087402344,-0.2922525703907013,-0.0001559959346195683,0.6962024569511414,0.7664811015129089,0.6780031323432922,0.8784275054931641,0.2310781478881836,0.31558677554130554,0.89506596326828,0.0
214,,,,,,,,,,,,,,,,,-4.5359787940979,2.60122942563612e-05,-0.038925159722566605,0.28145360946655273,,,,,,,,,,,,,,0.8702306747436523,0.020811080932617188,430.0,0.20706427097320557,123.38999938964844,11.105901718139648,-0.2898169457912445,-0.00013646359730046242,0.7068946361541748,0.7904603481292725,0.701758086681366,0.8965204358100891,0.24724960327148438,0.33972468972206116,0.8914346694946289,0.0
215,,,,,,,,,,,,,,,,,-4.53061056137085,2.60122942563612e-05,-0.04082944616675377,0.2610355317592621,,,,,,,,,,,,,,0.8488888740539551,0.020042896270751953,441.0,0.20711250603199005,122.66999816894531,11.022473335266113,-0.2900744378566742,-0.00012613377475645393,0.6991146206855774,0.8041601181030273,0.7191305756568909,0.9026238322257996,0.2533127963542938,0.3591695725917816,0.9013300538063049,0.0
216,-0.18028071522712708,-6.328799645416439e-05,0.42667055130004883,0.48533135652542114,0.43419772386550903,0.5535293817520142,0.1652648001909256,0.2140475958585739,0.5613763332366943,0.0,0.0,1.0,0.0,0.0,0.0,0.0,-4.523897647857666,2.60122942563612e-05,-0.04489945247769356,0.4877716898918152,3.261962413787842,1.761641025543213,0.658576488494873,1.2108559608459473,3.4543638229370117,1.6165432929992676,0.31167805194854736,0.8628914952278137,0.407031774520874,5.477854251861572,0.0,0.0,0.0,0.8411009311676025,0.020746231079101562,445.0,0.20717252790927887,120.91999816894531,10.834169387817383,-0.2931966483592987,-0.00010174998169532046,0.6753818988800049,0.7922739386558533,0.7079362869262695,0.8908620476722717,0.2602204382419586,0.3460789918899536,0.9033668637275696,0.0
217,-0.21370096504688263,-0.00012862871517427266,0.5075012445449829,0.5945480465888977,0.5317966341972351,0.6630440950393677,0.17496997117996216,0.2392924427986145,0.6661803126335144,0.0,0.0,1.5,0.0,0.0,0.0,0.0,-4.512782573699951,2.60122942563612e-05,-0.039497409015893936,0.3481813967227936,2.912734031677246,1.7995820045471191,0.6550018191337585,1.2217319011688232,3.3224267959594727,1.5756425857543945,0.2936546802520752,0.830939531326294,0.4431532919406891,4.080905914306641,0.0,0.0,0.0,0.8552749156951904,0.019929170608520508,438.0,0.20726968348026276,119.56999969482422,10.679108619689941,-0.2914440929889679,-0.00021096348064020276,0.6711752414703369,0.810313880443573,0.7288113236427307,0.9159486889839172,0.24952416121959686,0.35968002676963806,0.89933180809021,0.0
218,,,,,,,,,,,,,,,,,-4.500446796417236,2.60122942563612e-05,-0.03540334105491638,0.20266249775886536,,,,,,,,,,,,,,0.8396151065826416,0.020600080490112305,446.0,0.20734308660030365,118.12000274658203,10.521596908569336,-0.2895470857620239,-0.00023000345390755683,0.6697879433631897,0.7607071995735168,0.680438220500946,0.8897464871406555,0.19920802116394043,0.33176150918006897,0.8924848437309265,0.0
219,,,,,,,,,,,,,,,,,-4.491971492767334,2.60122942563612e-05,-0.037372421473264694,0.3501463532447815,,,,,,,,,,,,,,0.8520221710205078,0.021565914154052734,439.0,0.20738711953163147,117.48999786376953,10.439038276672363,-0.29023173451423645,-0.00012227271508891135,0.6665810942649841,0.7670869827270508,0.6957648396492004,0.8900963664054871,0.20088668167591095,0.3405679762363434,0.8930110335350037,0.0
220,-0.20774587988853455,-0.00017951137851923704,0.500886082649231,0.5793945789337158,0.5267142057418823,0.6656899452209473,0.15150834619998932,0.2557275891304016,0.6614205837249756,0.0,0.0,1.25,0.0,0.0,0.0,0.0,-4.4874396324157715,2.60122942563612e-05,-0.03740711137652397,0.2704772353172302,2.9593935012817383,1.8595387935638428,0.6467392444610596,0.9743773937225342,2.9404282569885254,1.5935008525848389,0.30832168459892273,0.8781185746192932,0.41790974140167236,5.119267463684082,0.0,0.0,0.0,0.8120830059051514,0.02087998390197754,461.0,0.20741206407546997,116.79000091552734,10.34840202331543,-0.29852616786956787,-0.0001969439908862114,0.6768422722816467,0.7471806406974792,0.647417426109314,0.875843346118927,0.20698483288288116,0.31917938590049744,0.8926579356193542,0.0
221,,,,,,,,,,,,,,,,,-4.4822492599487305,2.60122942563612e-05,-0.042073316872119904,0.3281245827674866,,,,,,,,,,,,,,0.8437178134918213,0.019868135452270508,444.0,0.20747318863868713,114.05999755859375,10.054852485656738,-0.30128705501556396,-0.00017456489149481058,0.6546465754508972,0.7490035891532898,0.6595668792724609,0.8684208989143372,0.20466084778308868,0.33540666103363037,0.8920193314552307,0.0
222,,,,,,,,,,,,,,,,,-4.476462364196777,2.60122942563612e-05,-0.03626539930701256,0.3388075828552246,,,,,,,,,,,,,,0.844613790512085,0.020634174346923828,443.0,0.20748640596866608,114.05999755859375,10.049652099609375,-0.28363466262817383,-0.00014589888451155275,0.6696694493293762,0.7727590203285217,0.6777457594871521,0.8970046043395996,0.22355453670024872,0.3631065785884857,0.8830223083496094,0.0
223,,,,,,,,,,,,,,,,,-4.474770545959473,2.60122942563612e-05,-0.04117352515459061,0.2602648138999939,,,,,,,,,,,,,,0.8856570720672607,0.02219080924987793,422.0,0.20750366151332855,112.62000274658203,9.891590118408203,-0.29519495368003845,-0.0001251108624273911,0.6677194237709045,0.8075461387634277,0.7302986979484558,0.9073821902275085,0.2743804156780243,0.37736764550209045,0.8912348747253418,0.0
224,,,,,,,,,,,,,,,,,-4.4750213623046875,1.7341530110570602e-05,-0.04191559553146362,0.15262466669082642,,,,,,,,,,,,,,0.8352761268615723,0.01998114585876465,448.0,0.207480326294899,110.36000061035156,9.656314849853516,-0.29420727491378784,-0.00013108337589073926,0.6224791407585144,0.7396464347839355,0.6444990038871765,0.8750428557395935,0.23014605045318604,0.3223782777786255,0.8785503506660461,0.0
225,,,,,,,,,,,,,,,,,-4.477110862731934,2.60122942563612e-05,-0.030487539246678352,0.16668444871902466,,,,,,,,,,,,,,0.854093074798584,0.020817279815673828,438.0,0.20747655630111694,107.18000030517578,9.307893753051758,-0.2856598198413849,-0.00011419454676797614,0.6620473861694336,0.754852831363678,0.6692195534706116,0.8749082684516907,0.2570781707763672,0.3429102599620819,0.8845467567443848,0.0
226,,,,,,,,,,,,,,,,,-4.478509426116943,2.60122942563612e-05,-0.033979058265686035,0.20663699507713318,,,,,,,,,,,,,,0.854158878326416,0.02049088478088379,439.0,0.20745240151882172,104.19999694824219,8.992887496948242,-0.29412075877189636,-0.00013899285113438964,0.6617083549499512,0.7479260563850403,0.6466336846351624,0.8694698214530945,0.21671025454998016,0.3361783027648926,0.8763155341148376,0.0
227,,,,,,,,,,,,,,,,,-4.483315467834473,1.7341530110570602e-05,-0.034968845546245575,0.5630950331687927,,,,,,,,,,,,,,0.8547990322113037,0.020186901092529297,438.0,0.2074129432439804,102.6500015258789,8.857043266296387,-0.2957533597946167,-0.00021221172937657684,0.6893797516822815,0.8037322163581848,0.6983757019042969,0.8977170586585999,0.24835269153118134,0.36309918761253357,0.884924590587616,0.0
228,-0.13793118298053741,-4.876806997344829e-05,0.30615895986557007,0.3595495820045471,0.316505491733551,0.4135698676109314,0.11077994108200073,0.16491980850696564,0.41160598397254944,0.0,0.0,1.0,0.0,0.0,0.20000000298023224,0.0,-4.487486362457275,2.60122942563612e-05,-0.03259915113449097,0.20912526547908783,2.7483527660369873,1.4806963205337524,0.5188700556755066,1.3011490106582642,3.0764825344085693,1.331700325012207,0.24631519615650177,0.6823423504829407,0.5172214508056641,4.491177558898926,0.0,0.0,0.0,0.8455002307891846,0.01994800567626953,443.0,0.2073908895254135,99.41999816894531,8.531668663024902,-0.28759488463401794,-0.00018650840502232313,0.6466659307479858,0.7393638491630554,0.6293105483055115,0.8673091530799866,0.22971971333026886,0.33012714982032776,0.8815105557441711,0.0
229,,,,,,,,,,,,,,,,,-4.487425327301025,1.7341530110570602e-05,-0.03426159545779228,0.5359513759613037,,,,,,,,,,,,,,0.873028039932251,0.020092010498046875,429.0,0.20742082595825195,96.66999816894531,8.280709266662598,-0.2908917963504791,-0.0001228793553309515,0.6683431267738342,0.7860681414604187,0.7182149887084961,0.8950554728507996,0.27565237879753113,0.3735385239124298,0.8887659907341003,0.0
230,,,,,,,,,,,,,,,,,-4.482542991638184,2.60122942563612e-05,-0.03571010008454323,0.17552736401557922,,,,,,,,,,,,,,0.8429677486419678,0.02072906494140625,444.0,0.20746436715126038,96.2699966430664,8.22912311553955,-0.28794965147972107,-0.0002030844334512949,0.6924343109130859,0.8068060874938965,0.7084784507751465,0.9029614329338074,0.2737361788749695,0.3488862216472626,0.8877784609794617,0.0
231,,,,,,,,,,,,,,,,,-4.474588394165039,2.60122942563612e-05,-0.030051274225115776,0.4940744936466217,,,,,,,,,,,,,,0.8120841979980469,0.020036935806274414,461.0,0.20752224326133728,92.5,7.851721286773682,-0.2859814465045929,-0.00011182165326317772,0.6138524413108826,0.7216755747795105,0.6308439373970032,0.8548383116722107,0.2363075464963913,0.3092600703239441,0.8776769638061523,0.0
232,-0.13609087467193604,-0.00011492232442833483,0.32075923681259155,0.36992862820625305,0.32704663276672363,0.4202503561973572,0.12519629299640656,0.16958725452423096,0.4156208038330078,0.0,0.0,0.75,0.0,0.0,0.25,0.0,-4.468366622924805,1.7341530110570602e-05,-0.024089012295007706,0.2555193603038788,2.4661126136779785,1.2965762615203857,0.4958115220069885,1.0126911401748657,2.720059394836426,1.1939845085144043,0.23806747794151306,0.6517983675003052,0.4869760274887085,4.688701152801514,0.0,0.0,0.0,0.8529009819030762,0.02068305015563965,439.0,0.2075558304786682,90.94000244140625,7.71402645111084,-0.2874704897403717,-0.00020595647220034152,0.6698501706123352,0.7846367955207825,0.6772026419639587,0.895571231842041,0.23862333595752716,0.35518476366996765,0.8731846213340759,0.0
233,,,,,,,,,,,,,,,,,-4.464426040649414,2.60122942563612e-05,-0.028986461460590363,0.10144398361444473,,,,,,,,,,,,,,0.8736026287078857,0.020582199096679688,429.0,0.20757971704006195,89.30000305175781,7.546639442443848,-0.290615051984787,-5.666341166943312e-05,0.7250223159790039,0.8345720171928406,0.7514491081237793,0.9119587540626526,0.2882518470287323,0.3813924789428711,0.8942280411720276,0.0
234,,,,,,,,,,,,,,,,,-4.463497638702393,2.60122942563612e-05,-0.028562739491462708,0.3424958884716034,,,,,,,,,,,,,,0.8330838680267334,0.02318120002746582,448.0,0.2075706571340561,87.52999877929688,7.392867565155029,-0.2963409721851349,-0.00019746464386116713,0.6267412304878235,0.7849774360656738,0.6637080907821655,0.8882151246070862,0.22204142808914185,0.3253377676010132,0.8657057285308838,0.0
235,,,,,,,,,,,,,,,,,-4.462546348571777,2.60122942563612e-05,-0.03926239535212517,0.13517659902572632,,,,,,,,,,,,,,0.8303358554840088,0.02082681655883789,451.0,0.20759382843971252,86.81999969482422,7.325400352478027,-0.29796069860458374,-0.00015735477791167796,0.6448802351951599,0.7084691524505615,0.5963581204414368,0.8417602181434631,0.19273357093334198,0.2920348346233368,0.8775181174278259,0.0
236,-0.11194334924221039,-9.24288688111119e-05,0.26497143507003784,0.304287850856781,0.2654619514942169,0.3467053771018982,0.09069734811782837,0.13914000988006592,0.3425574004650116,0.0,0.0,1.0,0.0,0.0,0.4000000059604645,0.0,-4.45884370803833,2.60122942563612e-05,-0.02567431516945362,0.6913684606552124,1.9689290523529053,1.1981728076934814,0.4160126745700836,1.0554234981536865,2.731374740600586,1.078650712966919,0.2043452262878418,0.5769790410995483,0.5085617899894714,4.801285743713379,0.0,0.0,0.0,0.8590178489685059,0.020051956176757812,436.0,0.2076369971036911,83.37000274658203,7.001640796661377,-0.29479795694351196,-0.0002582632005214691,0.675790011882782,0.7805635929107666,0.6957964301109314,0.8956997990608215,0.25975802540779114,0.3606562614440918,0.8850728869438171,0.0
237,,,,,,,,,,,,,,,,,-4.451291561126709,1.7341530110570602e-05,-0.02735532447695732,0.2573792636394501,,,,,,,,,,,,,,0.9812901020050049,0.020566940307617188,383.0,0.2076842188835144,82.44999694824219,6.917875289916992,-0.3033459484577179,-0.0001942194066941738,0.7180740237236023,0.8342518210411072,0.7440218329429626,0.9171424508094788,0.28572311997413635,0.38194355368614197,0.8829658031463623,0.0
238,,,,,,,,,,,,,,,,,-4.444567680358887,2.60122942563612e-05,-0.03913091868162155,0.21555814146995544,,,,,,,,,,,,,,0.8411619663238525,0.022140979766845703,444.0,0.20774459838867188,81.58000183105469,6.833523273468018,-0.3083063066005707,-0.0001607438753126189,0.6387082934379578,0.7622900009155273,0.6563252806663513,0.8694027066230774,0.20791570842266083,0.3192039430141449,0.8807763457298279,0.0
239,,,,,,,,,,,,,,,,,-4.435664176940918,2.60122942563612e-05,-0.03801031783223152,0.13883434236049652,,,,,,,,,,,,,,0.8841941356658936,0.019989013671875,424.0,0.20778721570968628,80.81999969482422,6.7584075927734375,-0.2888122797012329,-0.00020710118405986577,0.6433106064796448,0.7766314148902893,0.6941900253295898,0.8908441662788391,0.22633898258209229,0.3459823429584503,0.8741124272346497,0.0
240,,,,,,,,,,,,,,,,,-4.432553768157959,2.60122942563612e-05,-0.04087180271744728,0.16617515683174133,,,,,,,,,,,,,,0.8847100734710693,0.020021915435791016,424.0,0.20779664814472198,80.55000305175781,6.731354713439941,-0.2998153269290924,-0.0001413840363966301,0.6897709965705872,0.8117790818214417,0.7114262580871582,0.9036255478858948,0.20099718868732452,0.34375712275505066,0.8784637451171875,0.0
241,-0.19413231313228607,-9.359480463899672e-05,0.41950953006744385,0.4983319044113159,0.43670031428337097,0.5722298622131348,0.1359308362007141,0.20969246327877045,0.5686083436012268,0.0,0.0,1.0,0.0,0.0,0.0,0.0,-4.4308624267578125,1.7341530110570602e-05,-0.03779275715351105,0.1948912888765335,2.9181454181671143,1.6206780672073364,0.6998084187507629,1.2144598960876465,3.0556132793426514,1.5299569368362427,0.31192222237586975,0.8516664505004883,0.34620189666748047,5.011063098907471,0.0,0.0,0.0,0.8657660484313965,0.019864797592163086,433.0,0.20780234038829803,80.4800033569336,6.718924045562744,-0.2981131076812744,-0.0002141223958460614,0.6758528351783752,0.8250048756599426,0.7318474650382996,0.9201192855834961,0.20276613533496857,0.3493056297302246,0.8824787139892578,0.0
242,,,,,,,,,,,,,,,,,-4.431870937347412,3.9018443203531206e-05,-0.03657187893986702,0.1925242841243744,,,,,,,,,,,,,,0.8360109329223633,0.020884990692138672,448.0,0.20778335630893707,80.94000244140625,6.764606952667236,-0.2961267828941345,-0.00015399923722725362,0.6609013080596924,0.7636387348175049,0.6668321490287781,0.875978946685791,0.1891382485628128,0.3154427707195282,0.8818199038505554,0.0
243,,,,,,,,,,,,,,,,,-4.436342239379883,1.7341530110570602e-05,-0.044006168842315674,0.16608689725399017,,,,,,,,,,,,,,0.8503718376159668,0.020001888275146484,441.0,0.20774972438812256,81.25,6.791702747344971,-0.3016045391559601,-0.00011933531641261652,0.6858952641487122,0.8167241215705872,0.7182621955871582,0.9048199653625488,0.2199697494506836,0.3568545877933502,0.8856067657470703,0.0
244,,,,,,,,,,,,,,,,,-4.4354143142700195,3.9018443203531206e-05,-0.034829288721084595,0.1560671627521515,,,,,,,,,,,,,,0.8566091060638428,0.021542072296142578,437.0,0.2078135460615158,81.43000030517578,6.803529262542725,-0.28672176599502563,-0.00013231321645434946,0.7038357853889465,0.8170874714851379,0.7129449844360352,0.9090867638587952,0.2178070992231369,0.3525351285934448,0.8788151144981384,0.0
245,,,,,,,,,,,,,,,,,-4.426578998565674,1.7341530110570602e-05,-0.037457481026649475,0.20744571089744568,,,,,,,,,,,,,,0.8737542629241943,0.020686626434326172,429.0,0.20783939957618713,81.93000030517578,6.847777843475342,-0.3034690320491791,-0.0002233154373243451,0.6720373630523682,0.8344268202781677,0.7576356530189514,0.9265115261077881,0.18158166110515594,0.36570703983306885,0.8714570999145508,0.0
246,,,,,,,,,,,,,,,,,-4.428043365478516,3.9018443203531206e-05,-0.0349603146314621,0.3885330259799957,,,,,,,,,,,,,,0.8347601890563965,0.019806861877441406,449.0,0.20780032873153687,83.04000091552734,6.95975923538208,-0.2898595631122589,-0.00020085849973838776,0.6964411735534668,0.8096342086791992,0.7355263829231262,0.916283369064331,0.18473203480243683,0.34308627247810364,0.8838796615600586,0.0
247,,,,,,,,,,,,,,,,,-4.429405689239502,2.60122942563612e-05,-0.0464508980512619,0.2542378306388855,,,,,,,,,,,,,,0.8222861289978027,0.01977705955505371,456.0,0.20783895254135132,83.43000030517578,6.992255687713623,-0.29727673530578613,-0.0001739219151204452,0.7073925137519836,0.8007144927978516,0.7097740769386292,0.9088243842124939,0.22937746345996857,0.3361254036426544,0.8724882006645203,0.0
248,-0.24206233024597168,-0.00013833955745212734,0.5954149961471558,0.6730759739875793,0.6222807168960571,0.7606039047241211,0.18357355892658234,0.27934402227401733,0.7171844840049744,0.0,0.0,1.0,0.0,0.5,0.0,0.0,-4.422807216644287,2.60122942563612e-05,-0.03246438130736351,1.8204461336135864,2.910574197769165,1.9846928119659424,0.7139176726341248,0.8540300130844116,3.1709420680999756,1.5879530906677246,0.30296093225479126,0.7530538439750671,0.5686280727386475,5.046663761138916,0.0,0.0,0.0,0.8345000743865967,0.020741939544677734,448.0,0.20789052546024323,84.7300033569336,7.112705230712891,-0.29946768283843994,-0.00022596675262320787,0.697361171245575,0.7758674025535583,0.6874362826347351,0.8869259357452393,0.22833764553070068,0.3307366669178009,0.8718917965888977,0.0
249,,,,,,,,,,,,,,,,,-4.417160987854004,2.60122942563612e-05,-0.039578452706336975,0.2094319462776184,,,,,,,,,,,,,,0.8522160053253174,0.020843982696533203,439.0,0.2079140692949295,85.73999786376953,7.210700035095215,-0.3020385205745697,-0.00020809221314266324,0.7099927067756653,0.8344165682792664,0.7613493800163269,0.9209397435188293,0.2603459656238556,0.36662757396698,0.8838173747062683,0.0
250,,,,,,,,,,,,,,,,,-4.414559364318848,3.9018443203531206e-05,-0.030519656836986542,0.6747446656227112,,,,,,,,,,,,,,0.8571250438690186,0.021123886108398438,437.0,0.20794068276882172,86.7699966430664,7.313296794891357,-0.29261118173599243,-0.0001457527105230838,0.7164044380187988,0.812648594379425,0.711645781993866,0.8966522216796875,0.2360660433769226,0.3372099697589874,0.8805258870124817,0.0
251,-0.16863813996315002,-0.0001319198781857267,0.39157339930534363,0.45209240913391113,0.4006555676460266,0.5086426734924316,0.12707489728927612,0.19446544349193573,0.4999155104160309,0.0,0.0,0.800000011920929,0.0,0.20000000298023224,0.20000000298023224,0.0,-4.409762382507324,1.7341530110570602e-05,-0.034641433507204056,0.33881875872612,2.7763967514038086,1.4878917932510376,0.5525999665260315,1.093751311302185,3.079219341278076,1.361653208732605,0.2666928470134735,0.7344308495521545,0.44439077377319336,5.4697675704956055,0.0,0.0,0.0,0.8530550003051758,0.02048325538635254,439.0,0.20797957479953766,88.1500015258789,7.429876327514648,-0.29853054881095886,-0.0001847777602961287,0.6601715087890625,0.7959983348846436,0.7155681252479553,0.8979714512825012,0.22803598642349243,0.33911868929862976,0.8786562085151672,0.0
252,,,,,,,,,,,,,,,,,-4.407461166381836,3.9018443203531206e-05,-0.03620566800236702,0.2611263394355774,,,,,,,,,,,,,,0.8656837940216064,0.020570993423461914,433.0,0.20797404646873474,88.58999633789062,7.469496250152588,-0.30559006333351135,-0.0002285520313307643,0.7067855000495911,0.839270293712616,0.7760856747627258,0.9271929264068604,0.19711987674236298,0.35401177406311035,0.8790764808654785,0.0
253,,,,,,,,,,,,,,,,,-4.409329891204834,2.60122942563612e-05,-0.04066821187734604,0.22362709045410156,,,,,,,,,,,,,,0.8064260482788086,0.019918203353881836,464.0,0.2079687863588333,88.47000122070312,7.460877418518066,-0.3123915493488312,-0.00012382067507132888,0.6826412677764893,0.8458040356636047,0.7547478079795837,0.9283766746520996,0.20710165798664093,0.3199661374092102,0.8888060450553894,0.0
254,,,,,,,,,,,,,,,,,-4.408070087432861,2.60122942563612e-05,-0.041474923491477966,0.31913164258003235,,,,,,,,,,,,,,0.7971382141113281,0.020579814910888672,469.0,0.20799115300178528,90.9800033569336,7.680142879486084,-0.29504284262657166,-0.00018388743046671152,0.6462497115135193,0.7018950581550598,0.5935230851173401,0.8430690765380859,0.17807509005069733,0.2476787120103836,0.869452178478241,0.0
255,,,,,,,,,,,,,,,,,-4.410783290863037,2.60122942563612e-05,-0.037279192358255386,0.16071520745754242,,,,,,,,,,,,,,0.8852097988128662,0.02049994468688965,423.0,0.2079148143529892,93.55000305175781,7.909948825836182,-0.2865009605884552,-0.00023578359105158597,0.6991798281669617,0.7708646655082703,0.6972448229789734,0.8858838081359863,0.25459983944892883,0.3573177754878998,0.8861971497535706,0.0
256,,,,,,,,,,,,,,,,,-4.419893264770508,2.60122942563612e-05,-0.035249579697847366,0.08302351087331772,,,,,,,,,,,,,,0.9938337802886963,0.03764033317565918,372.0,0.20788384974002838,93.55000305175781,7.907307147979736,-0.30542755126953125,-0.00018430732598062605,0.7680409550666809,0.8959586024284363,0.8128566741943359,0.9481696486473083,0.2987788915634155,0.40428996086120605,0.8840848803520203,0.0
257,,,,,,,,,,,,,,,,,-4.422461986541748,2.60122942563612e-05,-0.04031781479716301,0.1411096155643463,,,,,,,,,,,,,,0.9022538661956787,0.0215151309967041,415.0,0.20785857737064362,94.5,7.981780052185059,-0.306474894285202,-0.0002586512127891183,0.6667515635490417,0.8357704281806946,0.7384338974952698,0.9198698997497559,0.21162354946136475,0.32750919461250305,0.8717893958091736,0.0
258,,,,,,,,,,,,,,,,,-4.426802158355713,1.7341530110570602e-05,-0.04240020364522934,0.36017361283302307,,,,,,,,,,,,,,0.7866611480712891,0.022623062133789062,474.0,0.2078382968902588,94.58999633789062,7.986494541168213,-0.29581913352012634,-0.00025186705170199275,0.5701913833618164,0.6717085838317871,0.5597231388092041,0.8360221982002258,0.11835489422082901,0.22092850506305695,0.8700335025787354,0.0
259,,,,,,,,,,,,,,,,,-4.4281182289123535,2.60122942563612e-05,-0.0278998501598835,0.7438852787017822,,,,,,,,,,,,,,0.8764519691467285,0.021346092224121094,427.0,0.2078360617160797,96.41999816894531,8.138570785522461,-0.30255126953125,-0.00016996462363749743,0.6986825466156006,0.7640297412872314,0.693952739238739,0.8811573386192322,0.2585180997848511,0.34171685576438904,0.8974039554595947,0.0
260,,,,,,,,,,,,,,,,,-4.4259748458862305,2.60122942563612e-05,-0.027619853615760803,0.4655319154262543,,,,,,,,,,,,,,0.8554291725158691,0.02072882652282715,438.0,0.20787224173545837,97.58999633789062,8.251980781555176,-0.30133873224258423,-0.0001828084496082738,0.7514172196388245,0.825796902179718,0.7246594429016113,0.9099233746528625,0.2631567418575287,0.3634549677371979,0.8786084651947021,0.0
261,,,,,,,,,,,,,,,,,-4.420804977416992,2.60122942563612e-05,-0.03742600604891777,0.09635977447032928,,,,,,,,,,,,,,0.8442418575286865,0.021409988403320312,443.0,0.20791301131248474,97.13999938964844,8.212869644165039,-0.3117336928844452,-0.00017428053251933306,0.7026579976081848,0.8398386836051941,0.7340770363807678,0.9120276570320129,0.26302334666252136,0.3491348326206207,0.8761162161827087,0.0
262,,,,,,,,,,,,,,,,,-4.415333271026611,1.7341530110570602e-05,-0.029408486559987068,0.48350661993026733,,,,,,,,,,,,,,0.8268160820007324,0.022444963455200195,452.0,0.20794962346553802,98.16999816894531,8.296087265014648,-0.30217885971069336,-0.00026504319976083934,0.627056896686554,0.7582057118415833,0.6495033502578735,0.8740151524543762,0.18486060202121735,0.295852929353714,0.8560991287231445,0.0
263,,,,,,,,,,,,,,,,,-4.411319732666016,2.60122942563612e-05,-0.027732765302062035,0.6462839841842651,,,,,,,,,,,,,,0.8637428283691406,0.02200603485107422,433.0,0.207972913980484,98.38999938964844,8.316171646118164,-0.29876062273979187,-0.00022722007997799665,0.7204529643058777,0.8253679871559143,0.7646275162696838,0.9147947430610657,0.29534676671028137,0.3689173460006714,0.8930315971374512,0.0
264,,,,,,,,,,,,,,,,,-4.407036781311035,3.9018443203531206e-05,-0.034209851175546646,0.20073871314525604,,,,,,,,,,,,,,0.8326189517974854,0.02013874053955078,450.0,0.208025261759758,98.5199966430664,8.328106880187988,-0.2967127561569214,-0.0002373636089032516,0.7385897636413574,0.8546895980834961,0.7632306218147278,0.9259940981864929,0.2901289165019989,0.3487241268157959,0.8795831799507141,0.0
265,,,,,,,,,,,,,,,,,-4.400039196014404,1.7341530110570602e-05,-0.03424334153532982,0.7486488223075867,,,,,,,,,,,,,,0.8338072299957275,0.02017068862915039,449.0,0.2080588936805725,100.51000213623047,8.522099494934082,-0.3065510094165802,-0.00023104828142095357,0.6846042275428772,0.7981452345848083,0.7052348256111145,0.8988246321678162,0.24004633724689484,0.2955717146396637,0.8761687874794006,0.0
266,,,,,,,,,,,,,,,,,-4.394435405731201,2.60122942563612e-05,-0.031211044639348984,0.7151300311088562,,,,,,,,,,,,,,0.8452022075653076,0.02147197723388672,443.0,0.20811116695404053,100.4000015258789,8.524497032165527,-0.3000583350658417,-0.00023396893811877817,0.6707432270050049,0.7602956891059875,0.6695348620414734,0.8758376240730286,0.19554448127746582,0.3007369935512543,0.8762607574462891,0.0
267,,,,,,,,,,,,,,,,,-4.38611364364624,2.60122942563612e-05,-0.034701086580753326,0.20140476524829865,,,,,,,,,,,,,,0.8579869270324707,0.020295143127441406,437.0,0.20817774534225464,100.7699966430664,8.559603691101074,-0.3093893527984619,-0.00023548844910692424,0.7293861508369446,0.7927932739257812,0.7127644419670105,0.8941720128059387,0.2501849830150604,0.34673622250556946,0.892646312713623,0.0
268,,,,,,,,,,,,,,,,,-4.377164363861084,2.60122942563612e-05,-0.032516926527023315,0.23735278844833374,,,,,,,,,,,,,,0.8450949192047119,0.02010488510131836,443.0,0.20823892951011658,100.94999694824219,8.576062202453613,-0.3073512017726898,-0.00017353834118694067,0.7336785197257996,0.8733089566230774,0.7866271138191223,0.9379885196685791,0.2942202389240265,0.3743293583393097,0.8818146586418152,0.0
269,,,,,,,,,,,,,,,,,-4.370800018310547,2.60122942563612e-05,-0.03183203190565109,0.49289247393608093,,,,,,,,,,,,,,0.804980993270874,0.020076751708984375,465.0,0.2082742303609848,100.7300033569336,8.560376167297363,-0.3090619742870331,-0.00026634763344191015,0.688223123550415,0.8323320746421814,0.7586672902107239,0.9203707575798035,0.23922069370746613,0.3295234143733978,0.8670825362205505,0.0
270,,,,,,,,,,,,,,,,,-4.365106105804443,2.60122942563612e-05,-0.036340828984975815,0.778248131275177,,,,,,,,,,,,,,0.7839040756225586,0.022133827209472656,476.0,0.2083190381526947,101.55000305175781,8.635619163513184,-0.29020169377326965,-0.0002243797789560631,0.660851240158081,0.7473629117012024,0.652226984500885,0.8753235936164856,0.18798910081386566,0.27579957246780396,0.8722066283226013,0.0
271,,,,,,,,,,,,,,,,,-4.360118389129639,2.60122942563612e-05,-0.036934975534677505,0.7891980409622192,,,,,,,,,,,,,,0.8386611938476562,0.019913911819458008,447.0,0.2083369791507721,101.4000015258789,8.625194549560547,-0.29915347695350647,-0.00016983113891910762,0.7079281806945801,0.7162418365478516,0.6294689178466797,0.8522038459777832,0.22315169870853424,0.28630489110946655,0.8749158382415771,0.0
272,,,,,,,,,,,,,,,,,-4.356845378875732,2.60122942563612e-05,-0.03782607242465019,0.24612419307231903,,,,,,,,,,,,,,0.8782460689544678,0.0205838680267334,427.0,0.20836661756038666,101.66999816894531,8.656002044677734,-0.29826417565345764,-0.00021258498600218445,0.7240631580352783,0.8161768913269043,0.7305192351341248,0.9137738347053528,0.2603292167186737,0.3667299747467041,0.8776590824127197,0.0
273,,,,,,,,,,,,,,,,,-4.350828647613525,2.60122942563612e-05,-0.03929957374930382,0.43211793899536133,,,,,,,,,,,,,,0.8461477756500244,0.02119612693786621,442.0,0.20842348039150238,101.7699966430664,8.66738510131836,-0.3109980821609497,-0.00015440992137882859,0.694034993648529,0.8357282280921936,0.7560003399848938,0.9207149147987366,0.256443589925766,0.3587990701198578,0.8757352232933044,0.0
274,,,,,,,,,,,,,,,,,-4.3434343338012695,2.60122942563612e-05,-0.038624607026576996,0.2434675693511963,,,,,,,,,,,,,,0.802656888961792,0.02011394500732422,466.0,0.20846986770629883,100.26000213623047,8.516446113586426,-0.2989403009414673,-0.00034225801937282085,0.6328610777854919,0.7859565615653992,0.6894309520721436,0.8946352601051331,0.20100800693035126,0.3130510747432709,0.8652735352516174,0.0
275,,,,,,,,,,,,,,,,,-4.334888458251953,2.60122942563612e-05,-0.03502151370048523,1.0437465906143188,,,,,,,,,,,,,,0.8080880641937256,0.020892858505249023,463.0,0.20855410397052765,98.91000366210938,8.3836030960083,-0.30516037344932556,-0.00016576652706135064,0.6790387034416199,0.7538027167320251,0.6633999943733215,0.8752884268760681,0.2136409729719162,0.2929263114929199,0.8744005560874939,0.0
276,,,,,,,,,,,,,,,,,-4.328995227813721,2.60122942563612e-05,-0.03333538770675659,0.45837166905403137,,,,,,,,,,,,,,0.8509218692779541,0.019804954528808594,441.0,0.20854432880878448,99.18000030517578,8.407341003417969,-0.29194605350494385,-0.00017706933431327343,0.7200494408607483,0.8178742527961731,0.7362406849861145,0.913503885269165,0.25121790170669556,0.35649415850639343,0.8863090872764587,0.0
277,,,,,,,,,,,,,,,,,-4.331222057342529,2.60122942563612e-05,-0.03862955421209335,0.23539197444915771,,,,,,,,,,,,,,0.827564001083374,0.019823789596557617,453.0,0.20853397250175476,99.83999633789062,8.458795547485352,-0.2986557185649872,-0.00013757612032350153,0.7238833904266357,0.8436546325683594,0.7445087432861328,0.915419340133667,0.25046584010124207,0.35034871101379395,0.8804076313972473,0.0
278,,,,,,,,,,,,,,,,,-4.331389427185059,2.60122942563612e-05,-0.03610963001847267,0.18156377971172333,,,,,,,,,,,,,,0.8088428974151611,0.020554065704345703,462.0,0.20853354036808014,100.69000244140625,8.537714004516602,-0.3054189085960388,-0.00024250878777820617,0.6839367747306824,0.798559844493866,0.7049371600151062,0.8949835896492004,0.2133280485868454,0.3170046806335449,0.8586516976356506,0.0
279,-0.211404949426651,-0.00015281938249245286,0.5010460019111633,0.5593553781509399,0.4926633834838867,0.6261877417564392,0.20624130964279175,0.22866813838481903,0.6053037643432617,0.0,0.0,1.5,0.0,1.0,0.0,0.0,-4.334295749664307,2.60122942563612e-05,-0.035510387271642685,0.39528846740722656,3.7975189685821533,1.923189640045166,0.7696340084075928,0.8809981346130371,3.596778631210327,1.737955093383789,0.3331873416900635,0.8517158031463623,0.5857505798339844,6.428558349609375,0.0,0.0,0.0,0.8163819313049316,0.020086050033569336,459.0,0.20848697423934937,100.62999725341797,8.526500701904297,-0.30236509442329407,-0.00022207398433238268,0.6935521960258484,0.7946343421936035,0.7162942886352539,0.9054022431373596,0.20500265061855316,0.3268333375453949,0.8726504445075989,0.0
280,,,,,,,,,,,,,,,,,-4.341270446777344,2.60122942563612e-05,-0.03364638611674309,0.6354091167449951,,,,,,,,,,,,,,0.8222692012786865,0.020785808563232422,455.0,0.2084323912858963,101.05999755859375,8.573042869567871,-0.3121105432510376,-0.00016678108659107238,0.7158291935920715,0.8020805716514587,0.7345290780067444,0.9073076248168945,0.2353343963623047,0.33420002460479736,0.8734516501426697,0.0
281,,,,,,,,,,,,,,,,,-4.340573310852051,2.60122942563612e-05,-0.026524096727371216,0.5262200236320496,,,,,,,,,,,,,,0.8307788372039795,0.020344018936157227,451.0,0.2085239440202713,99.66000366210938,8.450504302978516,-0.288512259721756,-0.00022983529197517782,0.7276358604431152,0.8209822177886963,0.7297382354736328,0.9148942828178406,0.22315628826618195,0.33799266815185547,0.8688189387321472,0.0
282,-0.2347140610218048,-0.0001791470858734101,0.5590226054191589,0.6398126482963562,0.5796582102775574,0.7190152406692505,0.15410058200359344,0.26477667689323425,0.6850923299789429,0.0,0.0,0.4000000059604645,0.0,0.6000000238418579,0.0,0.0,-4.326007843017578,2.60122942563612e-05,-0.03359289839863777,0.6717729568481445,2.0577356815338135,1.5806649923324585,0.6090529561042786,0.6852606534957886,2.337613582611084,1.3395402431488037,0.24997122585773468,0.6637474894523621,0.5449457168579102,4.445991516113281,0.0,0.0,0.0,0.8443942070007324,0.019926786422729492,444.0,0.2086222916841507,100.26000213623047,8.507678985595703,-0.2965447008609772,-0.00010474018199602142,0.7227174639701843,0.8065435290336609,0.7384143471717834,0.9110150337219238,0.2500517666339874,0.34233126044273376,0.8782610893249512,0.0
283,-0.24351724982261658,-8.976405661087483e-05,0.5712761878967285,0.6460847854614258,0.577692985534668,0.7249547243118286,0.23289021849632263,0.27321434020996094,0.6957904100418091,0.0,0.0,0.5,0.0,0.5,0.0,0.0,-4.3141374588012695,2.60122942563612e-05,-0.03965792804956436,0.224335715174675,2.526458740234375,1.8637475967407227,0.6043840646743774,0.6941737532615662,2.793276309967041,1.46742582321167,0.27705487608909607,0.7184238433837891,0.5294105410575867,4.595877170562744,0.0,0.0,0.0,0.8597640991210938,0.020740032196044922,436.0,0.2086876630783081,100.80000305175781,8.56392765045166,-0.2993176579475403,-0.00015490615624003112,0.7149937152862549,0.8540312647819519,0.7756304740905762,0.935533344745636,0.2861935496330261,0.3746007978916168,0.8767499923706055,0.0
284,,,,,,,,,,,,,,,,,-4.308150291442871,3.9018443203531206e-05,-0.03556004911661148,0.29759687185287476,,,,,,,,,,,,,,0.803196907043457,0.020750045776367188,466.0,0.20870845019817352,100.94000244140625,8.577362060546875,-0.30642983317375183,-0.00012528493243735284,0.725243866443634,0.840874969959259,0.7676287293434143,0.929267406463623,0.2631763815879822,0.33520427346229553,0.8722463250160217,0.0
285,,,,,,,,,,,,,,,,,-4.297625541687012,2.60122942563612e-05,-0.04068939760327339,0.7520879507064819,,,,,,,,,,,,,,0.7973167896270752,0.020903348922729492,469.0,0.20885124802589417,102.37000274658203,8.729658126831055,-0.29138654470443726,-0.0001393770071445033,0.6787750124931335,0.7511990666389465,0.6513468623161316,0.872258722782135,0.2281087189912796,0.28827965259552,0.8588576316833496,0.0
286,,,,,,,,,,,,,,,,,-4.282026290893555,3.9018443203531206e-05,-0.036335598677396774,0.32601168751716614,,,,,,,,,,,,,,0.8171298503875732,0.020902156829833984,458.0,0.20890510082244873,103.18000030517578,8.807083129882812,-0.30084940791130066,-0.00015619606710970402,0.7143099904060364,0.7907285094261169,0.7113409042358398,0.9009923934936523,0.2626935541629791,0.3288436532020569,0.8754237294197083,0.0
287,,,,,,,,,,,,,,,,,-4.277517318725586,2.60122942563612e-05,-0.037694141268730164,0.7266538143157959,,,,,,,,,,,,,,0.8212969303131104,0.018750905990600586,457.0,0.20894210040569305,104.19999694824219,8.893935203552246,-0.302057147026062,-0.00010410199320176616,0.7330121994018555,0.8157884478569031,0.7233431935310364,0.90362548828125,0.29579704999923706,0.35218262672424316,0.8716687560081482,0.0
288,,,,,,,,,,,,,,,,,-4.267247676849365,1.7341530110570602e-05,-0.034624259918928146,0.9341422319412231,,,,,,,,,,,,,,0.832996129989624,0.020071983337402344,450.0,0.20904821157455444,102.81999969482422,8.788841247558594,-0.31136348843574524,-0.00016864911594893783,0.7014539241790771,0.8225054144859314,0.7422614097595215,0.916334867477417,0.2871842682361603,0.35298219323158264,0.8572600483894348,0.0
289,,,,,,,,,,,,,,,,,-4.254646301269531,2.60122942563612e-05,-0.0312710776925087,0.3134976327419281,,,,,,,,,,,,,,0.8062248229980469,0.020013093948364258,464.0,0.20911355316638947,103.55999755859375,8.857314109802246,-0.3023233115673065,-0.0002279741456732154,0.6958371996879578,0.8143876194953918,0.7282171845436096,0.9152714610099792,0.2562410533428192,0.33765706419944763,0.8619935512542725,0.0
290,,,,,,,,,,,,,,,,,-4.248210430145264,2.60122942563612e-05,-0.032352015376091,1.0555464029312134,,,,,,,,,,,,,,0.8081028461456299,0.0212709903717041,462.0,0.2091437131166458,103.4000015258789,8.861076354980469,-0.3011038601398468,-0.0001478051854064688,0.7048993110656738,0.8112742304801941,0.7225863337516785,0.9076614379882812,0.2561374008655548,0.3278466463088989,0.8640584945678711,0.0
291,,,,,,,,,,,,,,,,,-4.245434761047363,1.7341530110570602e-05,-0.0379972942173481,0.7800354957580566,,,,,,,,,,,,,,0.8255879878997803,0.020915985107421875,453.0,0.20915725827217102,102.5,8.771451950073242,-0.3007206618785858,-0.000232087608310394,0.6857924461364746,0.7426924705505371,0.6485989093780518,0.8726179599761963,0.21861232817173004,0.2852683365345001,0.8551085591316223,0.0
292,,,,,,,,,,,,,,,,,-4.241574287414551,3.9018443203531206e-05,-0.03251126781105995,0.37977874279022217,,,,,,,,,,,,,,0.8522770404815674,0.02115488052368164,439.0,0.20920833945274353,103.4000015258789,8.84333324432373,-0.29800793528556824,-0.00026377267204225063,0.7232746481895447,0.810755729675293,0.7257940769195557,0.9080138206481934,0.2551420032978058,0.3517976701259613,0.8765113949775696,0.0
293,,,,,,,,,,,,,,,,,-4.233697891235352,1.7341530110570602e-05,-0.037984855473041534,0.14545965194702148,,,,,,,,,,,,,,0.8285789489746094,0.01987290382385254,452.0,0.20925618708133698,103.62000274658203,8.86410140991211,-0.314986914396286,-0.0001514819887233898,0.7179127335548401,0.8580479025840759,0.7780470252037048,0.9339998364448547,0.25585415959358215,0.37035003304481506,0.8717803955078125,0.0
294,,,,,,,,,,,,,,,,,-4.2299604415893555,2.60122942563612e-05,-0.037092551589012146,0.47250452637672424,,,,,,,,,,,,,,0.7970118522644043,0.021067142486572266,469.0,0.20925982296466827,103.41999816894531,8.840240478515625,-0.3015969693660736,-0.0002203567564720288,0.6905220150947571,0.8156701922416687,0.723501980304718,0.9122684597969055,0.20437200367450714,0.31756293773651123,0.8465427756309509,0.0
295,,,,,,,,,,,,,,,,,-4.225344657897949,2.60122942563612e-05,-0.034634776413440704,0.4361936151981354,,,,,,,,,,,,,,0.8583290576934814,0.02072906494140625,436.0,0.20934444665908813,103.30000305175781,8.837220191955566,-0.29025810956954956,-0.00025647282018326223,0.6941975951194763,0.7884957194328308,0.7274001240730286,0.9116174578666687,0.1799318790435791,0.3239387571811676,0.8610720634460449,0.0
296,-0.21560461819171906,-0.0001275960821658373,0.500088632106781,0.5651679635047913,0.509894609451294,0.6407778263092041,0.1544782966375351,0.22500640153884888,0.6107686161994934,0.0,0.0,0.3333333432674408,0.0,0.6666666865348816,0.0,0.0,-4.210273742675781,2.60122942563612e-05,-0.037226442247629166,0.35682564973831177,2.8288354873657227,1.6610368490219116,0.6652700901031494,0.7092311978340149,3.2904109954833984,1.5097951889038086,0.27666929364204407,0.694560706615448,0.5402277112007141,5.694661617279053,0.0,0.0,0.0,0.8331902027130127,0.02017378807067871,449.0,0.20947209000587463,103.52999877929688,8.857680320739746,-0.29071855545043945,-9.060480078915134e-05,0.7357297539710999,0.8258638978004456,0.7196264863014221,0.9180839657783508,0.20403186976909637,0.3434031009674072,0.8638405799865723,0.0
297,,,,,,,,,,,,,,,,,-4.199616432189941,1.7341530110570602e-05,-0.02944883331656456,1.064196228981018,,,,,,,,,,,,,,0.8621487617492676,0.019819021224975586,435.0,0.2094872146844864,103.13999938964844,8.838091850280762,-0.2951667606830597,-0.00012111308024032041,0.7396381497383118,0.8137070536613464,0.7266349792480469,0.9078437685966492,0.24143509566783905,0.3478541076183319,0.8645723462104797,0.0
298,,,,,,,,,,,,,,,,,-4.198103904724121,2.60122942563612e-05,-0.032655369490385056,0.1716093122959137,,,,,,,,,,,,,,0.8340489864349365,0.019900798797607422,449.0,0.20950432121753693,103.12000274658203,8.840131759643555,-0.2948296368122101,-0.0002064115833491087,0.7228639721870422,0.8601599335670471,0.7763565182685852,0.9465761184692383,0.22879023849964142,0.37751126289367676,0.8566277623176575,0.0
299,,,,,,,,,,,,,,,,,-4.192563533782959,1.7341530110570602e-05,-0.03700021281838417,0.4336920380592346,,,,,,,,,,,,,,0.8123657703399658,0.01970815658569336,461.0,0.20957030355930328,102.62999725341797,8.807150840759277,-0.30882149934768677,-0.0001292540255235508,0.7177314758300781,0.8414528965950012,0.7709075808525085,0.9289644360542297,0.27567028999328613,0.3489891290664673,0.8686490654945374,0.0
300,,,,,,,,,,,,,,,,,-4.185878276824951,2.60122942563612e-05,-0.03405040502548218,0.23898667097091675,,,,,,,,,,,,,,0.7668731212615967,0.01979970932006836,488.0,0.20959709584712982,102.62999725341797,8.807150840759277,-0.3052660822868347,-0.00027210116968490183,0.689149796962738,0.8078243136405945,0.6927779316902161,0.9106059074401855,0.21751491725444794,0.29783496260643005,0.8386241793632507,0.0
301,,,,,,,,,,,,,,,,,-4.185460567474365,1.7341530110570602e-05,-0.038412850350141525,0.6257961392402649,,,,,,,,,,,,,,0.8109128475189209,0.02216625213623047,460.0,0.20958127081394196,104.61000061035156,9.014665603637695,-0.306778222322464,-0.00016369867080356926,0.7009257674217224,0.7188817858695984,0.6526193022727966,0.8646804690361023,0.25030097365379333,0.2917804419994354,0.8625721335411072,0.0
302,-0.1191292554140091,-8.831313607515767e-05,0.2713787257671356,0.30483829975128174,0.2771124541759491,0.34965211153030396,0.1028725802898407,0.13024313747882843,0.3331311345100403,0.0,0.0,0.25,0.0,0.5,0.5,0.0,-4.183885097503662,2.60122942563612e-05,-0.02725095860660076,0.6133005023002625,1.8114345073699951,1.0543158054351807,0.41558611392974854,0.5603611469268799,1.9315595626831055,0.9644051790237427,0.18545103073120117,0.4769960641860962,0.4989052712917328,5.624335289001465,0.0,0.0,0.0,0.8479878902435303,0.020495176315307617,442.0,0.20963384211063385,102.81999969482422,8.867101669311523,-0.30515262484550476,-0.000261331326328218,0.714805543422699,0.8075404167175293,0.7150282859802246,0.9084253907203674,0.2709747850894928,0.36141398549079895,0.8616814613342285,0.0
303,,,,,,,,,,,,,,,,,-4.173305034637451,2.60122942563612e-05,-0.03500070050358772,0.35528823733329773,,,,,,,,,,,,,,0.8273298740386963,0.02074289321899414,452.0,0.2097322791814804,101.70999908447266,8.761514663696289,-0.30638477206230164,-0.00019799282017629594,0.750876247882843,0.8551926612854004,0.7606215476989746,0.9234973788261414,0.3176684081554413,0.36814650893211365,0.8647525310516357,0.0
304,,,,,,,,,,,,,,,,,-4.162418842315674,1.7341530110570602e-05,-0.03494682163000107,0.4406236708164215,,,,,,,,,,,,,,0.7730321884155273,0.020910978317260742,483.0,0.2097911685705185,100.7300033569336,8.669303894042969,-0.3076136112213135,-0.0003139360633213073,0.6697468757629395,0.7837658524513245,0.6880599856376648,0.8917303681373596,0.2538560628890991,0.3042615056037903,0.8320311903953552,0.0
305,,,,,,,,,,,,,,,,,-4.154397010803223,2.60122942563612e-05,-0.03070739470422268,0.5518019199371338,,,,,,,,,,,,,,0.7795529365539551,0.02003192901611328,480.0,0.20985983312129974,99.30999755859375,8.548468589782715,-0.28772664070129395,-0.00027238280745223165,0.6929049491882324,0.7205619812011719,0.6318216919898987,0.871222198009491,0.2358071357011795,0.2689131796360016,0.8373847007751465,0.0
306,-0.19704967737197876,-0.00015761643589939922,0.47357413172721863,0.5257813334465027,0.46837711334228516,0.5958187580108643,0.16743037104606628,0.2154545783996582,0.5643552541732788,0.0,0.0,0.25,0.0,1.0,0.0,0.0,-4.146399974822998,2.60122942563612e-05,-0.031809307634830475,0.16696232557296753,3.0271310806274414,1.6820348501205444,0.6726635694503784,0.6975962519645691,3.086894989013672,1.5262867212295532,0.28110411763191223,0.6947335004806519,0.5800492763519287,5.243241310119629,0.0,0.0,0.0,0.8481090068817139,0.02034282684326172,442.0,0.20990031957626343,98.7699966430664,8.4962158203125,-0.30205032229423523,-0.00014860117516946048,0.7268235087394714,0.7514467835426331,0.6632320880889893,0.8684184551239014,0.28028830885887146,0.33034905791282654,0.865746021270752,0.0
307,-0.10356074571609497,-6.672646122751758e-05,0.24419356882572174,0.2724030911922455,0.24071554839611053,0.30564063787460327,0.1038019135594368,0.1171635314822197,0.29285696148872375,0.0,0.0,0.1666666716337204,0.0,0.3333333432674408,0.5,0.0,-4.142000675201416,2.60122942563612e-05,-0.02814106084406376,1.019593596458435,1.883894443511963,1.0535856485366821,0.407659649848938,0.6562691330909729,1.91709566116333,0.9318452477455139,0.1839669793844223,0.5063101649284363,0.5124061703681946,3.810124635696411,0.0,0.0,0.0,0.8543729782104492,0.019949913024902344,439.0,0.20993447303771973,94.97000122070312,8.164626121520996,-0.3014618158340454,-0.0001556060160510242,0.7578337788581848,0.8670437335968018,0.7744134068489075,0.9340917468070984,0.34011712670326233,0.3937840163707733,0.8751724362373352,0.0
308,,,,,,,,,,,,,,,,,-4.134642124176025,1.7341530110570602e-05,-0.03235757350921631,0.14558160305023193,,,,,,,,,,,,,,0.7969141006469727,0.023169994354248047,468.0,0.21000392735004425,94.2300033569336,8.094308853149414,-0.30823633074760437,-0.00013048408436588943,0.7079002857208252,0.8367202281951904,0.7336046695709229,0.9149305820465088,0.3059587776660919,0.3406656086444855,0.8584958910942078,0.0
309,,,,,,,,,,,,,,,,,-4.127803802490234,2.60122942563612e-05,-0.030084732919931412,0.23330941796302795,,,,,,,,,,,,,,0.8116888999938965,0.021877050399780273,460.0,0.21002845466136932,92.7699966430664,7.9593939781188965,-0.2972661554813385,-0.00023263915500137955,0.6827275156974792,0.7649514675140381,0.6810266375541687,0.8807613253593445,0.24516625702381134,0.2973915934562683,0.851151704788208,0.0
310,,,,,,,,,,,,,,,,,-4.1256561279296875,2.60122942563612e-05,-0.04366210103034973,0.11857308447360992,,,,,,,,,,,,,,0.8623518943786621,0.021075963973999023,434.0,0.2100365310907364,92.7699966430664,7.959561347961426,-0.30621567368507385,-0.00023698987206444144,0.73143070936203,0.8219676613807678,0.7410724759101868,0.9193522930145264,0.26087653636932373,0.34276390075683594,0.8623368740081787,0.0
311,,,,,,,,,,,,,,,,,-4.123661994934082,2.60122942563612e-05,-0.04121735692024231,0.14761751890182495,,,,,,,,,,,,,,0.8332741260528564,0.027137041091918945,446.0,0.21006108820438385,92.2300033569336,7.919531345367432,-0.3097558915615082,-0.00014461281534750015,0.739315927028656,0.8038961291313171,0.7354852557182312,0.915978729724884,0.2626033127307892,0.3226166367530823,0.868617832660675,0.0
312,,,,,,,,,,,,,,,,,-4.122483730316162,2.60122942563612e-05,-0.0377044640481472,0.16106542944908142,,,,,,,,,,,,,,0.8935270309448242,0.021770000457763672,419.0,0.21003815531730652,94.55000305175781,8.113344192504883,-0.3028070330619812,-0.0002001700922846794,0.6885027885437012,0.7720169425010681,0.6818763613700867,0.8934259414672852,0.2614916265010834,0.3033604621887207,0.8535022735595703,0.0
313,,,,,,,,,,,,,,,,,-4.127819538116455,2.60122942563612e-05,-0.037502024322748184,0.1780523806810379,,,,,,,,,,,,,,0.8649179935455322,0.022807836532592773,432.0,0.21000055968761444,94.37000274658203,8.090986251831055,-0.3010657727718353,-0.00013674859656021,0.7128799557685852,0.7815960049629211,0.7082712650299072,0.8979077935218811,0.2524136006832123,0.3161402642726898,0.8704268336296082,0.0
314,,,,,,,,,,,,,,,,,-4.126742839813232,2.60122942563612e-05,-0.03855466842651367,0.11955508589744568,,,,,,,,,,,,,,0.8625261783599854,0.02090597152709961,434.0,0.21005979180335999,93.81999969482422,8.03248405456543,-0.29907456040382385,-0.0001401009358232841,0.7307549118995667,0.805220901966095,0.7377011179924011,0.9094769358634949,0.25252199172973633,0.3444535732269287,0.8660786747932434,0.0
315,,,,,,,,,,,,,,,,,-4.122281074523926,2.60122942563612e-05,-0.0411352701485157,0.09611057490110397,,,,,,,,,,,,,,0.8256840705871582,0.022715091705322266,452.0,0.21004371345043182,95.5999984741211,8.18008041381836,-0.30293887853622437,-0.00018489315698388964,0.709613025188446,0.8418348431587219,0.7549824118614197,0.923868715763092,0.2567150294780731,0.34785595536231995,0.8669013977050781,0.0
316,,,,,,,,,,,,,,,,,-4.122607231140137,2.60122942563612e-05,-0.034553635865449905,0.7247458100318909,,,,,,,,,,,,,,0.952977180480957,0.03877401351928711,387.0,0.21007804572582245,94.29000091552734,8.07243537902832,-0.29557982087135315,-0.00021073916286695749,0.7010798454284668,0.7626021504402161,0.6657633185386658,0.8862093091011047,0.2165653109550476,0.2721564471721649,0.8491746783256531,0.0
317,,,,,,,,,,,,,,,,,-4.116663455963135,2.60122942563612e-05,-0.03336252644658089,0.23839280009269714,,,,,,,,,,,,,,0.8890459537506104,0.02351093292236328,420.0,0.2101174294948578,93.93000030517578,8.05366039276123,-0.2877698540687561,-0.00011086460290243849,0.7048894762992859,0.750023365020752,0.6825363039970398,0.8788466453552246,0.2572084963321686,0.3325512409210205,0.8620734810829163,0.0
318,-0.10446619987487793,-5.687541124643758e-05,0.2569988965988159,0.29848501086235046,0.26261627674102783,0.3299179971218109,0.09366770088672638,0.12867586314678192,0.3134974241256714,0.0,0.0,0.25,0.0,0.25,0.5,0.0,-4.112083435058594,2.60122942563612e-05,-0.028124259784817696,0.4590679407119751,1.6318612098693848,0.8185444474220276,0.3501608669757843,0.6734361052513123,1.7359496355056763,0.7341419458389282,0.15194983780384064,0.4323619604110718,0.45793062448501587,3.5413103103637695,0.0,0.0,0.0,0.9316411018371582,0.022047042846679688,402.0,0.2101462334394455,92.02999877929688,7.898899555206299,-0.2957797348499298,-0.00012002190487692133,0.7786877155303955,0.8805235028266907,0.7903196215629578,0.9453099370002747,0.31554099917411804,0.39555397629737854,0.8795290589332581,0.0
319,,,,,,,,,,,,,,,,,-4.1088714599609375,2.60122942563612e-05,-0.04324086755514145,0.1856435239315033,,,,,,,,,,,,,,0.8570330142974854,0.0209200382232666,437.0,0.21016882359981537,91.41000366210938,7.850139617919922,-0.31025055050849915,-0.00017931639740709215,0.7046586871147156,0.7946916222572327,0.7029104232788086,0.8998651504516602,0.29075300693511963,0.3251083791255951,0.8443098664283752,0.0
320,,,,,,,,,,,,,,,,,-4.1090474128723145,1.7341530110570602e-05,-0.033382635563611984,0.07373181730508804,,,,,,,,,,,,,,0.8610780239105225,0.021907806396484375,434.0,0.21012483537197113,91.11000061035156,7.819178581237793,-0.30675968527793884,-0.0001881885837065056,0.7275174260139465,0.8285865783691406,0.7390411496162415,0.9240555763244629,0.23950035870075226,0.32444775104522705,0.8447227478027344,0.0
321,-0.16901633143424988,-9.574675641488284e-05,0.41563570499420166,0.46229448914527893,0.41652223467826843,0.5180683135986328,0.1450297236442566,0.19251787662506104,0.4812960624694824,0.0,0.0,0.0,0.0,1.0,0.125,0.0,-4.118192195892334,2.60122942563612e-05,-0.022451868280768394,0.5888628959655762,1.9672149419784546,1.2848961353302002,0.5166482329368591,0.6783022880554199,2.258197784423828,1.1589100360870361,0.2085302472114563,0.5240705013275146,0.5807719826698303,4.804012298583984,0.0,0.0,0.0,0.8695719242095947,0.021302223205566406,431.0,0.21004608273506165,89.08999633789062,7.6453351974487305,-0.30124691128730774,-0.00012253662862349302,0.7448228001594543,0.7701137065887451,0.699417769908905,0.8962609171867371,0.2703965902328491,0.3089328706264496,0.8563449382781982,0.0
322,-0.1448850780725479,-6.613248842768371e-05,0.3572264611721039,0.38855236768722534,0.3475719094276428,0.4381505250930786,0.14814114570617676,0.15983106195926666,0.4138326942920685,0.0,0.0,0.25,0.0,0.5,0.25,0.0,-4.1258111000061035,1.7341530110570602e-05,-0.030826741829514503,0.1130511462688446,2.2884087562561035,1.3698205947875977,0.5321157574653625,0.5412477254867554,2.5343666076660156,1.2252874374389648,0.22498935461044312,0.5662795901298523,0.5832359790802002,6.6865973472595215,0.0,0.0,0.0,0.8908059597015381,0.021112918853759766,421.0,0.21003451943397522,88.30000305175781,7.577394008636475,-0.30991753935813904,-0.00010687502071959898,0.7307712435722351,0.8359417915344238,0.7538032531738281,0.926948070526123,0.29852163791656494,0.36827942728996277,0.866364061832428,0.0
323,,,,,,,,,,,,,,,,,-4.127568244934082,2.60122942563612e-05,-0.033824533224105835,0.08470670133829117,,,,,,,,,,,,,,0.8802011013031006,0.024119853973388672,424.0,0.2100147008895874,87.0199966430664,7.458118915557861,-0.3123929500579834,-9.934050467563793e-05,0.7382878661155701,0.8112629055976868,0.7311735153198242,0.9131619334220886,0.27459800243377686,0.3311409056186676,0.8569204211235046,0.0
324,-0.17262540757656097,-9.277927892981097e-05,0.4128742218017578,0.45912614464759827,0.40830281376838684,0.515451192855835,0.16364510357379913,0.18771642446517944,0.4818080961704254,0.0,0.0,0.3333333432674408,0.0,0.6666666865348816,0.0,0.0,-4.130946159362793,2.60122942563612e-05,-0.03305233642458916,0.09988422691822052,2.4372403621673584,1.4445348978042603,0.618736743927002,0.7485620975494385,2.6282222270965576,1.3343720436096191,0.2454225867986679,0.6139866709709167,0.6254071593284607,6.519842147827148,0.0,0.0,0.0,0.8429319858551025,0.022797107696533203,443.0,0.20999421179294586,86.80000305175781,7.4440202713012695,-0.3049631118774414,-0.00016176486678887159,0.7237091064453125,0.8207699656486511,0.7220532298088074,0.9182862639427185,0.2681654393672943,0.32171449065208435,0.8423014283180237,0.0
325,,,,,,,,,,,,,,,,,-4.131895542144775,2.60122942563612e-05,-0.038842398673295975,0.10706846415996552,,,,,,,,,,,,,,0.8723368644714355,0.03630208969116211,422.0,0.20999610424041748,87.80999755859375,7.545525550842285,-0.3011317253112793,-0.00014644987822975963,0.7210648655891418,0.7484571933746338,0.6856224536895752,0.8861483931541443,0.2599451243877411,0.3178918957710266,0.8536568284034729,0.0
326,,,,,,,,,,,,,,,,,-4.132065296173096,2.60122942563612e-05,-0.03846445307135582,0.07436894625425339,,,,,,,,,,,,,,1.1274380683898926,0.021912097930908203,334.0,0.20999251306056976,87.70999908447266,7.5467915534973145,-0.3072088956832886,-0.00012352295743767172,0.7408068776130676,0.8405264019966125,0.7508792877197266,0.9296311736106873,0.2762203514575958,0.3645537793636322,0.8621750473976135,0.0
327,,,,,,,,,,,,,,,,,-4.127891540527344,2.60122942563612e-05,-0.03728349134325981,0.09303205460309982,,,,,,,,,,,,,,0.9017002582550049,0.022458791732788086,415.0,0.21006976068019867,88.44999694824219,7.61051082611084,-0.30588939785957336,-7.09314554114826e-05,0.7358554005622864,0.8393187522888184,0.7477788329124451,0.9245430827140808,0.2874537706375122,0.34727001190185547,0.8608849048614502,0.0
328,,,,,,,,,,,,,,,,,-4.115919589996338,1.7341530110570602e-05,-0.04279863089323044,0.1358174830675125,,,,,,,,,,,,,,0.8233349323272705,0.020064115524291992,455.0,0.2101466804742813,88.12999725341797,7.582484245300293,-0.3102000057697296,-0.000224083021748811,0.6806161999702454,0.7562019228935242,0.6884238719940186,0.8940114378929138,0.2296825647354126,0.30399343371391296,0.8391929268836975,0.0
329,,,,,,,,,,,,,,,,,-4.107693195343018,2.60122942563612e-05,-0.03446183726191521,0.110236756503582,,,,,,,,,,,,,,0.8334589004516602,0.020154237747192383,449.0,0.21019288897514343,87.6500015258789,7.545592784881592,-0.2963721454143524,-0.00010746754560386762,0.7327628135681152,0.8117424845695496,0.7126331329345703,0.9089446067810059,0.25211969017982483,0.36612269282341003,0.8711972236633301,0.0
330,,,,,,,,,,,,,,,,,-4.100600719451904,2.60122942563612e-05,-0.03507959842681885,0.15385234355926514,,,,,,,,,,,,,,0.8659071922302246,0.020545005798339844,433.0,0.2102540135383606,88.01000213623047,7.587796688079834,-0.3025381863117218,-6.928474613232538e-05,0.7507355809211731,0.8625249266624451,0.7812879681587219,0.935829222202301,0.2632298767566681,0.3962364196777344,0.8865423798561096,0.0
331,,,,,,,,,,,,,,,,,-4.096543312072754,2.60122942563612e-05,-0.04239507019519806,0.18372410535812378,,,,,,,,,,,,,,0.8624470233917236,0.020013093948364258,435.0,0.21023216843605042,89.68000030517578,7.722208499908447,-0.3067331612110138,-0.00010648885654518381,0.7087752223014832,0.8548972606658936,0.7740312218666077,0.9324157238006592,0.2324160486459732,0.3837192952632904,0.8675318360328674,0.0
332,,,,,,,,,,,,,,,,,-4.102910041809082,2.60122942563612e-05,-0.03869669884443283,0.41092604398727417,,,,,,,,,,,,,,0.7819437980651855,0.01975417137145996,478.0,0.21016943454742432,91.56999969482422,7.910246849060059,-0.29111143946647644,-0.00017709513485897332,0.7044745087623596,0.7978394031524658,0.7155433297157288,0.9120597243309021,0.18434584140777588,0.3176482617855072,0.8533539772033691,0.0
333,,,,,,,,,,,,,,,,,-4.114224910736084,2.60122942563612e-05,-0.03861219063401222,0.0893026664853096,,,,,,,,,,,,,,0.8313519954681396,0.019922971725463867,451.0,0.21007975935935974,92.23999786376953,7.9752373695373535,-0.30594971776008606,-0.0001912214356707409,0.727400541305542,0.7490903735160828,0.6812739968299866,0.8916557431221008,0.22753047943115234,0.31010571122169495,0.8616023659706116,0.0
334,,,,,,,,,,,,,,,,,-4.119403839111328,2.60122942563612e-05,-0.036603521555662155,0.09868462383747101,,,,,,,,,,,,,,0.8577969074249268,0.020969152450561523,436.0,0.21010585129261017,91.41000366210938,7.912919044494629,-0.31065690517425537,-9.811555355554447e-05,0.7562568783760071,0.865479052066803,0.7870650291442871,0.9364737868309021,0.31302252411842346,0.4026776850223541,0.8862358927726746,0.0
335,,,,,,,,,,,,,,,,,-4.118274211883545,2.60122942563612e-05,-0.039708904922008514,0.08180217444896698,,,,,,,,,,,,,,0.810736894607544,0.020766019821166992,461.0,0.21008318662643433,91.08000183105469,7.888186931610107,-0.3134937584400177,-0.00017653930990491062,0.7350967526435852,0.8832097053527832,0.7932782173156738,0.9491963982582092,0.2928847372531891,0.3798532783985138,0.8706612586975098,0.0
336,,,,,,,,,,,,,,,,,-4.123447418212891,2.60122942563612e-05,-0.03857138752937317,0.1004021167755127,,,,,,,,,,,,,,0.7913048267364502,0.02056717872619629,472.0,0.21004900336265564,90.08000183105469,7.806550025939941,-0.3090223968029022,-0.00015636009629815817,0.7038319706916809,0.790795624256134,0.7110522389411926,0.9084681868553162,0.25469550490379333,0.3242739737033844,0.8487870097160339,0.0
337,,,,,,,,,,,,,,,,,-4.127479076385498,2.60122942563612e-05,-0.03827526420354843,0.19397425651550293,,,,,,,,,,,,,,0.8196232318878174,0.021120071411132812,456.0,0.21001382172107697,89.62000274658203,7.785749912261963,-0.30340757966041565,-0.00021136492432560772,0.721350908279419,0.7954472899436951,0.7125639915466309,0.9067780375480652,0.2474995255470276,0.34851622581481934,0.8645443320274353,0.0
338,,,,,,,,,,,,,,,,,-4.133083820343018,2.60122942563612e-05,-0.029767367988824844,0.680869460105896,,,,,,,,,,,,,,0.8436160087585449,0.020570993423461914,444.0,0.2099803239107132,89.91000366210938,7.824670791625977,-0.3038400709629059,-0.000102572375908494,0.7381218075752258,0.846858561038971,0.75935959815979,0.926520586013794,0.3172430098056793,0.3939789831638336,0.8938464522361755,0.0
339,,,,,,,,,,,,,,,,,-4.135118007659912,2.60122942563612e-05,-0.025854572653770447,0.4745878577232361,,,,,,,,,,,,,,0.8432309627532959,0.02095484733581543,444.0,0.2099851369857788,89.31999969482422,7.787561893463135,-0.304572731256485,-0.00013377641153056175,0.7297412753105164,0.8616737723350525,0.7724814414978027,0.9421547055244446,0.26002243161201477,0.3807344138622284,0.8748323321342468,0.0
340,,,,,,,,,,,,,,,,,-4.131379127502441,2.60122942563612e-05,-0.04191000387072563,0.0810309648513794,,,,,,,,,,,,,,0.8250482082366943,0.021486997604370117,453.0,0.2100314497947693,88.38999938964844,7.7158284187316895,-0.29995641112327576,-0.0002039973041974008,0.7286692261695862,0.8401265144348145,0.7549648880958557,0.9254984855651855,0.23725144565105438,0.3631843328475952,0.866156816482544,0.0
341,,,,,,,,,,,,,,,,,-4.124473571777344,2.60122942563612e-05,-0.03664867952466011,0.07561230659484863,,,,,,,,,,,,,,0.8123929500579834,0.02105879783630371,460.0,0.21008199453353882,90.01000213623047,7.866734981536865,-0.3008459210395813,-0.0001354225678369403,0.7214174866676331,0.8127678036689758,0.7195463180541992,0.9173362255096436,0.2394927740097046,0.34194040298461914,0.8584604263305664,0.0
342,,,,,,,,,,,,,,,,,-4.119217872619629,1.7341530110570602e-05,-0.029688948765397072,0.47263288497924805,,,,,,,,,,,,,,0.8467559814453125,0.019945859909057617,443.0,0.21010181307792664,89.20999908447266,7.802918434143066,-0.3018852174282074,-0.00016657325613778085,0.7354831695556641,0.8221960663795471,0.7248428463935852,0.9145229458808899,0.2675290107727051,0.3724789619445801,0.8751866221427917,0.0
343,-0.17417846620082855,-0.00012348440941423178,0.40563318133354187,0.46035632491111755,0.40535101294517517,0.5174826979637146,0.16130560636520386,0.1999775618314743,0.4879712164402008,0.0,0.0,0.0,0.0,1.0,0.0,0.0,-4.117303371429443,2.60122942563612e-05,-0.03445595130324364,0.0877261608839035,2.130449056625366,1.4133740663528442,0.6053683161735535,0.7753603458404541,2.453728437423706,1.380307674407959,0.23007464408874512,0.579065203666687,0.5821561813354492,4.500268459320068,0.0,0.0,0.0,0.8471651077270508,0.020030975341796875,442.0,0.2101197987794876,89.06999969482422,7.792201995849609,-0.3035643994808197,-0.00024365865101572126,0.7446951270103455,0.8577048182487488,0.7718392014503479,0.9395756721496582,0.23107223212718964,0.3849601447582245,0.8676554560661316,0.0
344,-0.1547367423772812,-0.00010298247798345983,0.37070268392562866,0.42342299222946167,0.3802398443222046,0.47102224826812744,0.13935136795043945,0.18915943801403046,0.4431378245353699,0.0,0.0,0.0,0.0,0.75,0.25,0.0,-4.112159252166748,1.7341530110570602e-05,-0.036536432802677155,0.17824974656105042,1.9298044443130493,0.9559230804443359,0.3949279487133026,0.505443274974823,1.9514493942260742,0.9324765801429749,0.17479312419891357,0.45895254611968994,0.538337230682373,4.425024509429932,0.0,0.0,0.0,0.8193330764770508,0.020406007766723633,457.0,0.21017931401729584,88.55999755859375,7.751774311065674,-0.30948325991630554,-0.00016182636318262666,0.7201560139656067,0.8366570472717285,0.753492534160614,0.9263821244239807,0.24095861613750458,0.365640789270401,0.8669173121452332,0.0
345,-0.18939881026744843,-0.00015931656525935978,0.4537130296230316,0.5177348256111145,0.46354684233665466,0.5806803703308105,0.1394069939851761,0.22741158306598663,0.5466110110282898,0.0,0.0,0.0,0.0,1.0,0.0,0.0,-4.101287841796875,2.60122942563612e-05,-0.0330025851726532,0.12284444272518158,2.4486827850341797,1.4306035041809082,0.557016909122467,0.7773476243019104,2.61000919342041,1.3418866395950317,0.2351958304643631,0.5949113965034485,0.6246671080589294,4.985342502593994,0.0,0.0,0.0,0.803046703338623,0.020608186721801758,466.0,0.2102857530117035,89.41999816894531,7.8248372077941895,-0.3014346659183502,-0.00030715236789546907,0.7029910087585449,0.8130313754081726,0.7202763557434082,0.9212362766265869,0.22056563198566437,0.34620675444602966,0.8514394760131836,0.0
346,,,,,,,,,,,,,,,,,-4.087385654449463,2.60122942563612e-05,-0.03743325546383858,0.10245783627033234,,,,,,,,,,,,,,0.8341829776763916,0.02032184600830078,449.0,0.2103646844625473,90.44999694824219,7.919222354888916,-0.3095416724681854,-0.0001948127755895257,0.7182333469390869,0.788676917552948,0.7040162682533264,0.8974895477294922,0.2481214851140976,0.3475229740142822,0.8705558776855469,0.0
347,,,,,,,,,,,,,,,,,-4.075849533081055,2.60122942563612e-05,-0.039196912199258804,0.06507177650928497,,,,,,,,,,,,,,0.8514597415924072,0.019870996475219727,440.0,0.21046438813209534,90.27999877929688,7.898622512817383,-0.3103412091732025,-0.0001507691922597587,0.7249111533164978,0.8355246186256409,0.74758380651474,0.9253478646278381,0.2289080172777176,0.3779020309448242,0.8715346455574036,0.0
348,,,,,,,,,,,,,,,,,-4.065774917602539,2.60122942563612e-05,-0.035574790090322495,0.05887730047106743,,,,,,,,,,,,,,0.8317468166351318,0.02064990997314453,450.0,0.21049778163433075,90.2300033569336,7.903809070587158,-0.31916889548301697,-0.00017623441817704588,0.7445581555366516,0.8753507137298584,0.7796971797943115,0.9435598254203796,0.22158604860305786,0.3962230980396271,0.8712382316589355,0.0
349,,,,,,,,,,,,,,,,,-4.064875602722168,1.7341530110570602e-05,-0.04023076593875885,0.08733322471380234,,,,,,,,,,,,,,0.8066492080688477,0.021199703216552734,463.0,0.21047788858413696,90.25,7.913803577423096,-0.3185581862926483,-0.00027740842779166996,0.6877031922340393,0.8054144382476807,0.7342467904090881,0.9244353175163269,0.15526151657104492,0.3394555151462555,0.8399636149406433,0.0
350,,,,,,,,,,,,,,,,,-4.067995071411133,2.60122942563612e-05,-0.03324716538190842,0.07344043999910355,,,,,,,,,,,,,,0.8597910404205322,0.021273136138916016,435.0,0.21045935153961182,90.5,7.941877365112305,-0.31048741936683655,-0.00026773297577165067,0.7077496647834778,0.8288142085075378,0.7530199885368347,0.9281859993934631,0.21105588972568512,0.37286821007728577,0.8690309524536133,0.0
351,,,,,,,,,,,,,,,,,-4.069640159606934,2.60122942563612e-05,-0.037137068808078766,0.05557754635810852,,,,,,,,,,,,,,0.8626370429992676,0.021881818771362305,434.0,0.210457906126976,90.37000274658203,7.931469917297363,-0.3186608850955963,-0.00015754136256873608,0.7387263178825378,0.8582887649536133,0.7864040732383728,0.9409236907958984,0.22416888177394867,0.39018166065216064,0.8736283183097839,0.0
352,,,,,,,,,,,,,,,,,-4.066347599029541,2.60122942563612e-05,-0.03178228437900543,0.10181254893541336,,,,,,,,,,,,,,0.8263561725616455,0.02079606056213379,453.0,0.21051420271396637,90.3499984741211,7.936646461486816,-0.33017268776893616,-0.00016313309606630355,0.715836763381958,0.8559193015098572,0.7544862627983093,0.9358869194984436,0.1822320818901062,0.36903586983680725,0.8584147095680237,0.0
353,,,,,,,,,,,,,,,,,-4.058279037475586,2.60122942563612e-05,-0.02725398540496826,0.4963207542896271,,,,,,,,,,,,,,0.8313291072845459,0.02117609977722168,450.0,0.21058431267738342,88.83999633789062,7.809730529785156,-0.304852694272995,-0.00025846355129033327,0.7091941833496094,0.7922337651252747,0.7197648882865906,0.9090466499328613,0.17167918384075165,0.34569892287254333,0.8445031046867371,0.0
354,-0.19349947571754456,-0.00011901493417099118,0.4404469132423401,0.5218590497970581,0.47175177931785583,0.5769534707069397,0.10199425369501114,0.2366008311510086,0.5302179455757141,0.0,0.0,0.0,0.0,1.0,0.0,0.0,-4.051641941070557,1.7341530110570602e-05,-0.03987332060933113,0.08547751605510712,2.2205734252929688,0.9469269514083862,0.4099120497703552,0.899976372718811,2.235785961151123,0.9978979229927063,0.18796995282173157,0.5076013207435608,0.5325741171836853,4.758174896240234,0.0,0.0,0.0,0.8664648532867432,0.02167510986328125,432.0,0.2105908840894699,88.02999877929688,7.73042106628418,-0.3100592792034149,-0.00019354808318894356,0.7097277045249939,0.8186774253845215,0.7466591000556946,0.9251317381858826,0.21415571868419647,0.37051939964294434,0.8663894534111023,0.0
355,-0.1450638622045517,-8.146958862198517e-05,0.32443898916244507,0.37244489789009094,0.3352283835411072,0.41931283473968506,0.10355360805988312,0.16664832830429077,0.3932488262653351,0.0,0.0,0.0,0.0,0.75,0.25,0.0,-4.050961494445801,2.60122942563612e-05,-0.025892917066812515,0.4264686107635498,1.9533257484436035,1.0603402853012085,0.4503360390663147,0.8618341684341431,2.2525546550750732,1.127823829650879,0.18912601470947266,0.5022907257080078,0.5626122355461121,5.1690144538879395,0.0,0.0,0.0,0.8561861515045166,0.020966768264770508,437.0,0.21060431003570557,86.66999816894531,7.605344772338867,-0.3075183629989624,-0.0001577803195687011,0.7450769543647766,0.8798182606697083,0.7988558411598206,0.947796642780304,0.2508971095085144,0.4130561053752899,0.883850634098053,0.0
356,,,,,,,,,,,,,,,,,-4.046932220458984,1.7341530110570602e-05,-0.027522873133420944,0.3368695378303528,,,,,,,,,,,,,,0.8154969215393066,0.020433902740478516,459.0,0.21064622700214386,85.4000015258789,7.503450870513916,-0.31480979919433594,-0.00025552199804224074,0.6911144256591797,0.8287415504455566,0.7485814094543457,0.9311466217041016,0.21442823112010956,0.3693270683288574,0.8563985228538513,0.0
357,,,,,,,,,,,,,,,,,-4.038900375366211,3.9018443203531206e-05,-0.03510656580328941,0.10649749636650085,,,,,,,,,,,,,,0.8208017349243164,0.02123427391052246,456.0,0.210738867521286,85.19000244140625,7.477719306945801,-0.3019666373729706,-0.00024386051518376917,0.7094565033912659,0.7998039722442627,0.7243644595146179,0.9121255874633789,0.23778243362903595,0.35700488090515137,0.8623495697975159,0.0
358,,,,,,,,,,,,,,,,,-4.025794982910156,2.60122942563612e-05,-0.03869788348674774,0.07923293113708496,,,,,,,,,,,,,,0.8234758377075195,0.02017998695373535,455.0,0.21080859005451202,85.0999984741211,7.46969747543335,-0.3179489076137543,-9.35220523388125e-05,0.739768922328949,0.8488855361938477,0.7656998038291931,0.931257963180542,0.23854960501194,0.37967362999916077,0.8794503211975098,0.0
359,,,,,,,,,,,,,,,,,-4.0188798904418945,1.7341530110570602e-05,-0.03916969150304794,0.06401849538087845,,,,,,,,,,,,,,0.8220260143280029,0.020772695541381836,455.0,0.21084576845169067,84.95999908447266,7.4552693367004395,-0.31655988097190857,-0.00012214733578730375,0.7004337310791016,0.8434473872184753,0.7555899620056152,0.9274408221244812,0.21741355955600739,0.3648037612438202,0.8694435954093933,0.0
360,,,,,,,,,,,,,,,,,-4.015381813049316,2.60122942563612e-05,-0.030394941568374634,0.07792066037654877,,,,,,,,,,,,,,0.7900259494781494,0.020468950271606445,473.0,0.21084822714328766,83.95999908447266,7.3590216636657715,-0.3025825023651123,-0.0001739934814395383,0.6755754947662354,0.7651992440223694,0.689812183380127,0.900780200958252,0.19001734256744385,0.3189265727996826,0.8515612483024597,0.0
361,-0.17982545495033264,-7.475653546862304e-05,0.38331612944602966,0.4545513987541199,0.40978679060935974,0.5132870078086853,0.11353062093257904,0.1968790888786316,0.48402348160743713,0.0,0.0,0.0,0.0,1.0,0.0,0.0,-4.016625881195068,2.60122942563612e-05,-0.034960564225912094,0.08052808046340942,2.5248565673828125,1.2742836475372314,0.591672956943512,1.1538782119750977,2.482306957244873,1.3459923267364502,0.22462895512580872,0.5667656660079956,0.6254987716674805,5.48746395111084,0.0,0.0,0.0,0.8695271015167236,0.022639036178588867,430.0,0.21084953844547272,85.06999969482422,7.432788372039795,-0.30943021178245544,-0.00013684607984032482,0.7390477061271667,0.8607842922210693,0.77554851770401,0.93630051612854,0.26389244198799133,0.40194809436798096,0.8846399784088135,0.0
362,,,,,,,,,,,,,,,,,-4.014761447906494,2.60122942563612e-05,-0.03742390498518944,0.07755439728498459,,,,,,,,,,,,,,0.8340778350830078,0.020040273666381836,449.0,0.21086032688617706,85.16000366210938,7.4415411949157715,-0.3168855905532837,-0.00023884310212451965,0.7307865023612976,0.8604092597961426,0.7556226849555969,0.9309547543525696,0.19930534064769745,0.38301587104797363,0.8732964396476746,0.0
363,,,,,,,,,,,,,,,,,-4.0144877433776855,3.9018443203531206e-05,-0.03621576726436615,0.07499492913484573,,,,,,,,,,,,,,0.8183963298797607,0.020033597946166992,457.0,0.21086040139198303,84.94000244140625,7.419505596160889,-0.3159753978252411,-0.00018969895609188825,0.676877498626709,0.8212754726409912,0.7125537991523743,0.9186132550239563,0.16667549312114716,0.35296615958213806,0.8540692329406738,0.0
364,-0.17972436547279358,-0.00011602418089751154,0.4052547514438629,0.47474023699760437,0.4198543429374695,0.524857223033905,0.11774040758609772,0.20852379500865936,0.49312737584114075,0.0,0.0,0.0,0.0,1.2857142686843872,0.0,0.0,-4.010222911834717,2.60122942563612e-05,-0.039778705686330795,0.07565067708492279,2.164224147796631,1.0048829317092896,0.4958975613117218,0.9562525153160095,2.3236632347106934,1.169586181640625,0.20282594859600067,0.5424904227256775,0.612217366695404,4.8201422691345215,0.0,0.0,0.0,0.836014986038208,0.01995992660522461,448.0,0.2109331637620926,85.38999938964844,7.451179027557373,-0.31450262665748596,-0.0002067127061309293,0.7183426022529602,0.8132660984992981,0.7375313639640808,0.9146501421928406,0.22186695039272308,0.3687148988246918,0.8763770461082458,0.0
365,,,,,,,,,,,,,,,,,-4.000272274017334,2.60122942563612e-05,-0.036457233130931854,0.058939460664987564,,,,,,,,,,,,,,0.8395740985870361,0.021708965301513672,445.0,0.21100620925426483,85.30000305175781,7.438661575317383,-0.30666592717170715,-0.0001756836863933131,0.7509730458259583,0.894885778427124,0.7836334705352783,0.9477342963218689,0.232246533036232,0.4160272777080536,0.8842032551765442,0.0
366,,,,,,,,,,,,,,,,,-3.992175817489624,1.7341530110570602e-05,-0.03838441148400307,0.05638383328914642,,,,,,,,,,,,,,0.7992098331451416,0.021211862564086914,468.0,0.21104881167411804,85.79000091552734,7.483626842498779,-0.3184024393558502,-0.0001933436724357307,0.7280017733573914,0.8596057891845703,0.7629486918449402,0.9337506294250488,0.22345633804798126,0.38623949885368347,0.8681545853614807,0.0
367,,,,,,,,,,,,,,,,,-3.985501766204834,2.60122942563612e-05,-0.032804276794195175,0.07944315671920776,,,,,,,,,,,,,,0.8107819557189941,0.021296024322509766,461.0,0.21110530197620392,85.62000274658203,7.481936931610107,-0.30091360211372375,-0.00024078991555143148,0.6877697110176086,0.7848660349845886,0.6942111849784851,0.9038687348365784,0.210091695189476,0.34280991554260254,0.8468410968780518,0.0
368,-0.17412394285202026,-8.52539305924438e-05,0.4135214388370514,0.4816761910915375,0.4221425950527191,0.5261196494102478,0.14063075184822083,0.21889105439186096,0.4957132339477539,0.0,0.0,0.0,0.0,1.2000000476837158,0.0,0.0,-3.9754741191864014,3.9018443203531206e-05,-0.030449053272604942,0.04697154462337494,1.6772301197052002,1.0869872570037842,0.4769226908683777,0.8367121815681458,1.8988399505615234,1.1287025213241577,0.20129576325416565,0.5393640398979187,0.6016952395439148,4.280417442321777,0.0,0.0,0.0,0.8643321990966797,0.0212399959564209,433.0,0.21120145916938782,84.6500015258789,7.400652885437012,-0.30345413088798523,-0.00012378419341985136,0.7753710746765137,0.8922812938690186,0.783404529094696,0.9446995854377747,0.2937805950641632,0.43043360114097595,0.9009861946105957,0.0
369,,,,,,,,,,,,,,,,,-3.9653878211975098,2.60122942563612e-05,-0.042983781546354294,0.049634382128715515,,,,,,,,,,,,,,0.844642162322998,0.020027875900268555,444.0,0.21122875809669495,84.75,7.421981334686279,-0.3061833679676056,-9.284266707254574e-05,0.7362895607948303,0.8855781555175781,0.786351203918457,0.9455263614654541,0.21099282801151276,0.41016826033592224,0.8778839707374573,0.0
370,,,,,,,,,,,,,,,,,-3.9625961780548096,1.7341530110570602e-05,-0.03703529015183449,0.07278232276439667,,,,,,,,,,,,,,0.8273868560791016,0.019927978515625,453.0,0.21125678718090057,84.94000244140625,7.4420166015625,-0.31173598766326904,-0.00018305271805729717,0.7062591910362244,0.8462273478507996,0.7339010834693909,0.9260396361351013,0.15980370342731476,0.3836449682712555,0.8587405681610107,0.0
371,,,,,,,,,,,,,,,,,-3.9576313495635986,2.60122942563612e-05,-0.03133423998951912,0.06446468830108643,,,,,,,,,,,,,,0.8256261348724365,0.02120184898376465,453.0,0.21130459010601044,85.19000244140625,7.465487957000732,-0.30636170506477356,-0.00018839248514268547,0.7218749523162842,0.7916836738586426,0.7000223994255066,0.9037930369377136,0.18512208759784698,0.3561820983886719,0.8612964749336243,0.0
372,-0.18660609424114227,-8.577379048801959e-05,0.4287808835506439,0.5048077702522278,0.4400928318500519,0.5501026511192322,0.1232561394572258,0.23146484792232513,0.5197591781616211,0.0,0.0,0.0,0.0,1.0,0.0,0.0,-3.9515440464019775,2.60122942563612e-05,-0.03803429380059242,0.046714089810848236,1.8717316389083862,0.9030836224555969,0.42887964844703674,0.8664488792419434,2.0328762531280518,1.0198200941085815,0.18926876783370972,0.5120623707771301,0.5827613472938538,4.826388835906982,0.0,0.0,0.0,0.894428014755249,0.02055811882019043,419.0,0.21134357154369354,85.12999725341797,7.461141586303711,-0.31554242968559265,-8.750198321649805e-05,0.766758918762207,0.9054557681083679,0.8149909973144531,0.9574220180511475,0.2615751326084137,0.4417269229888916,0.9017273783683777,0.0
373,,,,,,,,,,,,,,,,,-3.944236993789673,2.60122942563612e-05,-0.03459681198000908,0.06876490265130997,,,,,,,,,,,,,,0.8308179378509521,0.021066904067993164,450.0,0.21140921115875244,85.4000015258789,7.492427349090576,-0.3213447630405426,-0.0001454486045986414,0.7370883822441101,0.8734167218208313,0.7488617897033691,0.9318596720695496,0.18617868423461914,0.3939097225666046,0.8801312446594238,0.0
374,,,,,,,,,,,,,,,,,-3.936112642288208,1.7341530110570602e-05,-0.038207851350307465,0.05969693139195442,,,,,,,,,,,,,,0.8149101734161377,0.02096080780029297,459.0,0.21145989000797272,85.44000244140625,7.499945640563965,-0.322998046875,-0.00023914052871987224,0.6783668398857117,0.8265158534049988,0.7242634296417236,0.9200458526611328,0.16391435265541077,0.363370805978775,0.8548240065574646,0.0
375,,,,,,,,,,,,,,,,,-3.9314393997192383,2.60122942563612e-05,-0.03245523199439049,0.10392464697360992,,,,,,,,,,,,,,0.8455848693847656,0.021120071411132812,443.0,0.2114625722169876,86.33000183105469,7.58323860168457,-0.30186888575553894,-0.0001384238712489605,0.7308499217033386,0.829929530620575,0.73044353723526,0.9147012829780579,0.21547114849090576,0.38509488105773926,0.8820146918296814,0.0
376,,,,,,,,,,,,,,,,,-3.937671422958374,2.60122942563612e-05,-0.030802272260189056,0.13342292606830597,,,,,,,,,,,,,,0.8539009094238281,0.023300886154174805,437.0,0.21136517822742462,86.33000183105469,7.58323860168457,-0.3129713833332062,-7.696988177485764e-05,0.7458548545837402,0.8997275233268738,0.7769449353218079,0.9467461705207825,0.21231330931186676,0.42258110642433167,0.8857057094573975,0.0
377,-0.1884007304906845,-9.076938295038417e-05,0.43405681848526,0.5125388503074646,0.44943132996559143,0.5608711838722229,0.1181165799498558,0.23463106155395508,0.5286192893981934,0.0,0.0,0.0,0.0,1.0,0.0,0.0,-3.949167013168335,2.60122942563612e-05,-0.0348140224814415,0.1190459281206131,2.1431002616882324,1.2599526643753052,0.4679538309574127,0.8437492251396179,2.867597818374634,1.1293973922729492,0.20665672421455383,0.5485051274299622,0.537432074546814,6.485518455505371,0.0,0.0,0.0,0.846121072769165,0.020173072814941406,443.0,0.21131651103496552,86.25,7.5777740478515625,-0.3251612186431885,-0.00015020360297057778,0.6898130774497986,0.8483907580375671,0.7353771328926086,0.9231299757957458,0.15920905768871307,0.3821500837802887,0.8621559143066406,0.0
378,,,,,,,,,,,,,,,,,-3.951632499694824,1.7341530110570602e-05,-0.03817127272486687,0.07862218469381332,,,,,,,,,,,,,,0.832711935043335,0.020091772079467773,450.0,0.211325541138649,87.02999877929688,7.644425392150879,-0.30835938453674316,-0.00020771783601958305,0.6894195079803467,0.8071637749671936,0.7202420830726624,0.915075957775116,0.1878303438425064,0.3676011562347412,0.8554720878601074,0.0
379,,,,,,,,,,,,,,,,,-3.9487385749816895,3.9018443203531206e-05,-0.03672067075967789,0.0647195503115654,,,,,,,,,,,,,,0.8763899803161621,0.020728111267089844,428.0,0.21137921512126923,87.9800033569336,7.729742527008057,-0.30869153141975403,-6.615458551095799e-05,0.7486717104911804,0.8732109665870667,0.7606412768363953,0.9326507449150085,0.2706972062587738,0.42531824111938477,0.9024749398231506,0.0
380,,,,,,,,,,,,,,,,,-3.939688205718994,2.60122942563612e-05,-0.0422271303832531,0.047344330698251724,,,,,,,,,,,,,,0.8712151050567627,0.022073745727539062,429.0,0.21143560111522675,88.04000091552734,7.736690998077393,-0.3121778666973114,-0.00012095033889636397,0.7508463859558105,0.9104876518249512,0.8005717396736145,0.9551767706871033,0.20145851373672485,0.42663314938545227,0.8786910176277161,0.0
381,,,,,,,,,,,,,,,,,-3.9340827465057373,1.7341530110570602e-05,-0.04261670261621475,0.20092086493968964,,,,,,,,,,,,,,0.7995259761810303,0.019738197326660156,468.0,0.21147273480892181,88.4000015258789,7.768196105957031,-0.3262033760547638,-0.00018553771951701492,0.6577372550964355,0.8179733753204346,0.6953943371772766,0.9099282622337341,0.145268052816391,0.36289501190185547,0.85350102186203,0.0
382,,,,,,,,,,,,,,,,,-3.931159734725952,2.60122942563612e-05,-0.028997283428907394,0.1622173935174942,,,,,,,,,,,,,,0.833184003829956,0.02010488510131836,450.0,0.2114735245704651,88.93000030517578,7.8215556144714355,-0.31861796975135803,-0.00020646753546316177,0.6722014546394348,0.7776798605918884,0.6802167296409607,0.8921568989753723,0.18847374618053436,0.3460599482059479,0.8573977947235107,0.0
383,,,,,,,,,,,,,,,,,-3.9319519996643066,2.60122942563612e-05,-0.0389464907348156,0.04790649935603142,,,,,,,,,,,,,,0.8940751552581787,0.021071195602416992,419.0,0.2114611715078354,89.12999725341797,7.84596586227417,-0.3056073486804962,-6.410968489944935e-05,0.7728805541992188,0.9029232859611511,0.8023934960365295,0.9513826966285706,0.26515066623687744,0.4386708736419678,0.9069502949714661,0.0
384,,,,,,,,,,,,,,,,,-3.9360511302948,1.7341530110570602e-05,-0.039793968200683594,0.047633908689022064,,,,,,,,,,,,,,0.8378570079803467,0.02057814598083496,447.0,0.21141016483306885,89.12000274658203,7.84353494644165,-0.32013681530952454,-0.0001507315319031477,0.7102219462394714,0.8976169228553772,0.7696712613105774,0.9448959231376648,0.17853932082653046,0.41017308831214905,0.8780062794685364,0.0
385,,,,,,,,,,,,,,,,,-3.9402847290039062,2.60122942563612e-05,-0.02910207398235798,0.09967896342277527,,,,,,,,,,,,,,0.8217449188232422,0.020184040069580078,456.0,0.21141397953033447,89.20999908447266,7.854109764099121,-0.3165293037891388,-0.00029248694772832096,0.666290819644928,0.8130862712860107,0.7107136249542236,0.9138403534889221,0.1593247652053833,0.35668250918388367,0.8418260216712952,0.0
386,-0.19407498836517334,-8.816971239866689e-05,0.4536546468734741,0.5392582416534424,0.4708864688873291,0.582676887512207,0.12604446709156036,0.24910150468349457,0.547978937625885,0.0,0.0,0.0,0.0,1.0,0.0,0.0,-3.9389281272888184,2.60122942563612e-05,-0.03449901193380356,0.0661240890622139,2.2359778881073,1.0388165712356567,0.38303256034851074,0.7271780967712402,2.579340934753418,0.9407179355621338,0.18556402623653412,0.5133475661277771,0.5244099497795105,5.348331928253174,0.0,0.0,0.0,0.8684003353118896,0.021092653274536133,431.0,0.21142025291919708,89.45999908447266,7.875090599060059,-0.29818978905677795,-0.00013094765017740428,0.7296032905578613,0.8098835349082947,0.6907641291618347,0.9039139151573181,0.19916699826717377,0.37404775619506836,0.8681247234344482,0.0
387,-0.1905999481678009,-0.00010332363308407366,0.4583730399608612,0.537030041217804,0.46947401762008667,0.5788224339485168,0.130162313580513,0.25216978788375854,0.5409091711044312,0.0,0.0,0.0,0.0,1.25,0.0,0.0,-3.9358248710632324,2.60122942563612e-05,-0.031261373311281204,0.059278704226017,2.1053786277770996,1.046374797821045,0.3639349043369293,0.6450188755989075,2.711947202682495,0.9294989705085754,0.18179592490196228,0.4972267150878906,0.5106295347213745,6.129794120788574,0.0,0.0,0.0,0.905850887298584,0.021522998809814453,414.0,0.21147629618644714,89.8499984741211,7.921849250793457,-0.32186806201934814,-8.355695172213018e-05,0.7814608216285706,0.926461935043335,0.8159599900245667,0.9601226449012756,0.26614391803741455,0.45917007327079773,0.9062570929527283,0.0
388,,,,,,,,,,,,,,,,,-3.9281020164489746,1.7341530110570602e-05,-0.03817830607295036,0.0726226419210434,,,,,,,,,,,,,,0.8589179515838623,0.019999980926513672,436.0,0.21152231097221375,90.01000213623047,7.937975883483887,-0.3069915473461151,-0.000206912009161897,0.7379112839698792,0.8886412978172302,0.7526662945747375,0.9402427077293396,0.15201593935489655,0.42529216408729553,0.8697121739387512,0.0
389,-0.19061951339244843,-9.510246309218928e-05,0.4584834575653076,0.5324582457542419,0.4632200002670288,0.5720105767250061,0.11770844459533691,0.25380468368530273,0.532482922077179,0.0,0.0,0.0,0.0,1.0,0.0,0.0,-3.9239325523376465,2.60122942563612e-05,-0.03996753692626953,0.05245456099510193,2.198411226272583,0.9306849837303162,0.3250288665294647,0.7782540917396545,2.015949249267578,0.8591067790985107,0.17375868558883667,0.4762578308582306,0.4770381450653076,4.838215351104736,0.0,0.0,0.0,0.8294470310211182,0.020626068115234375,451.0,0.21153320372104645,90.33000183105469,7.9769816398620605,-0.3108322322368622,-0.00017874827608466148,0.6961231231689453,0.8176950812339783,0.7052531838417053,0.9147078394889832,0.143657848238945,0.379835844039917,0.8453946709632874,0.0
390,-0.18096505105495453,-7.575009658467025e-05,0.4174397885799408,0.49616917967796326,0.43148288130760193,0.5389310121536255,0.1090642437338829,0.2371291220188141,0.50232994556427,0.0,0.0,0.0,0.0,1.0,0.0,0.0,-3.924290418624878,2.60122942563612e-05,-0.03012021631002426,0.0715666264295578,1.4464504718780518,0.8592824935913086,0.36473342776298523,0.9776734113693237,2.0458037853240967,0.8840538859367371,0.17243841290473938,0.4611275792121887,0.5525040030479431,5.226567268371582,0.0,0.0,0.0,0.8754439353942871,0.020213842391967773,428.0,0.21151421964168549,90.33000183105469,7.975488662719727,-0.30085673928260803,-0.00011082866694778204,0.7681312561035156,0.8591482639312744,0.7484405636787415,0.9310826659202576,0.2273830771446228,0.41619157791137695,0.8847179412841797,0.0
391,,,,,,,,,,,,,,,,,-3.9277968406677246,2.60122942563612e-05,-0.03134196996688843,0.03893377259373665,,,,,,,,,,,,,,0.9099602699279785,0.02069401741027832,412.0,0.2114725410938263,90.7699966430664,8.01683235168457,-0.30042895674705505,-0.0001184946158900857,0.7652559280395508,0.9106779098510742,0.7901358604431152,0.9511974453926086,0.22033409774303436,0.4483957290649414,0.9059664607048035,0.0
392,,,,,,,,,,,,,,,,,-3.93312406539917,1.7341530110570602e-05,-0.039315056055784225,0.03890666365623474,,,,,,,,,,,,,,0.8535079956054688,0.02059197425842285,439.0,0.21144647896289825,90.83000183105469,8.024374961853027,-0.3144056797027588,-0.0002363927778787911,0.7301230430603027,0.8945803046226501,0.7535006403923035,0.9440200924873352,0.138877734541893,0.4238687753677368,0.8691926598548889,0.0
393,,,,,,,,,,,,,,,,,-3.9355297088623047,2.60122942563612e-05,-0.03744394704699516,0.07564504444599152,,,,,,,,,,,,,,0.8225932121276855,0.022099018096923828,454.0,0.2114342600107193,91.41999816894531,8.069552421569824,-0.31122294068336487,-0.00025514376466162503,0.677752673625946,0.7873346209526062,0.6535370349884033,0.892201840877533,0.15352313220500946,0.36460986733436584,0.8535294532775879,0.0
394,-0.19449283182621002,-0.00014093561912886798,0.46353769302368164,0.5510461330413818,0.46619266271591187,0.5926101803779602,0.11127309501171112,0.26695045828819275,0.5618172883987427,0.0,0.0,0.0,0.0,1.2000000476837158,0.0,0.0,-3.934720993041992,2.60122942563612e-05,-0.0390305258333683,0.06529778242111206,2.20246958732605,1.1188392639160156,0.3749532699584961,0.849017322063446,2.535975933074951,0.9531314969062805,0.18411652743816376,0.5086541771888733,0.45433664321899414,4.976203441619873,0.0,0.0,0.0,0.8772242069244385,0.023309946060180664,426.0,0.2114686667919159,91.5999984741211,8.082947731018066,-0.29856598377227783,-8.331363642355427e-05,0.7394723892211914,0.8728130459785461,0.761991560459137,0.936683177947998,0.2298363596200943,0.4300464391708374,0.894794762134552,0.0
395,,,,,,,,,,,,,,,,,-3.930840253829956,3.9018443203531206e-05,-0.03816395252943039,0.07234552502632141,,,,,,,,,,,,,,1.0092883110046387,0.020799875259399414,372.0,0.21147510409355164,91.88999938964844,8.107117652893066,-0.3187548518180847,-5.463774505187757e-05,0.75584477186203,0.8980876803398132,0.7605590224266052,0.9391210675239563,0.19057577848434448,0.43007490038871765,0.8957934379577637,0.0
396,-0.18447142839431763,-0.0001259522687178105,0.46844831109046936,0.5357233285903931,0.4613446295261383,0.5760394334793091,0.13759341835975647,0.2542644441127777,0.5392128825187683,0.0,0.0,0.0,0.0,1.0,0.0,0.0,-3.9341790676116943,1.7341530110570602e-05,-0.03777938708662987,0.03351954370737076,2.678128957748413,1.0356181859970093,0.38947105407714844,0.7641701698303223,2.244457244873047,0.9931141138076782,0.18262340128421783,0.4948526918888092,0.43614280223846436,4.865045547485352,0.0,0.0,0.0,0.8572678565979004,0.020766019821166992,437.0,0.21144336462020874,91.9000015258789,8.108992576599121,-0.3090156614780426,-0.00023426052939612418,0.6829156875610352,0.8606719970703125,0.7453572154045105,0.9364559054374695,0.13393934071063995,0.3955341875553131,0.851128339767456,0.0
397,,,,,,,,,,,,,,,,,-3.935072898864746,2.60122942563612e-05,-0.031029976904392242,0.08060481399297714,,,,,,,,,,,,,,0.8821280002593994,0.02260589599609375,424.0,0.21147282421588898,91.87999725341797,8.10335636138916,-0.2990551292896271,-0.0001530203444417566,0.703716516494751,0.7902128100395203,0.656057596206665,0.8882114291191101,0.15903569757938385,0.3602476119995117,0.8576359152793884,0.0
398,-0.19115638732910156,-9.186144598061219e-05,0.4518422484397888,0.5321437120437622,0.45175495743751526,0.5704809427261353,0.11245430260896683,0.2544131278991699,0.5384350419044495,0.0,0.0,0.0,0.0,1.0,0.0,0.0,-3.9280829429626465,3.9018443203531206e-05,-0.037750259041786194,0.04740528389811516,1.8798182010650635,0.9225878119468689,0.3594203591346741,0.7966399788856506,2.0081496238708496,0.9059033989906311,0.183278888463974,0.5136406421661377,0.48936182260513306,4.953864097595215,0.0,0.0,0.0,0.9698371887207031,0.02063894271850586,387.0,0.2115495651960373,92.04000091552734,8.117963790893555,-0.3137192726135254,-0.00010668944014469162,0.7331439852714539,0.8830448985099792,0.7768638730049133,0.9433016180992126,0.24048231542110443,0.42878398299217224,0.8959028720855713,0.0
399,,,,,,,,,,,,,,,,,-3.9231009483337402,2.60122942563612e-05,-0.0383434034883976,0.057950712740421295,,,,,,,,,,,,,,0.891495943069458,0.020566940307617188,421.0,0.21152496337890625,91.87999725341797,8.099688529968262,-0.3098732531070709,-6.081365791033022e-05,0.7606210708618164,0.9168222546577454,0.7859477400779724,0.951860249042511,0.21031250059604645,0.445993572473526,0.8939216136932373,0.0
400,,,,,,,,,,,,,,,,,-3.9307589530944824,1.7341530110570602e-05,-0.04271325096487999,0.05758083239197731,,,,,,,,,,,,,,0.8495810031890869,0.0207521915435791,441.0,0.21146070957183838,91.75,8.085624694824219,-0.3110159635543823,-0.0003149864496663213,0.6670944690704346,0.8424516320228577,0.7278419137001038,0.9288797378540039,0.12769384682178497,0.39538121223449707,0.8381782174110413,0.0
401,,,,,,,,,,,,,,,,,-3.9364168643951416,2.60122942563612e-05,-0.03088420443236828,0.061486583203077316,,,,,,,,,,,,,,0.8380467891693115,0.02097320556640625,447.0,0.21145221590995789,91.94000244140625,8.111542701721191,-0.30348920822143555,-0.00017650891095399857,0.706183910369873,0.8088035583496094,0.6964948773384094,0.9068827629089355,0.17265158891677856,0.3905222415924072,0.8598592281341553,0.0
402,,,,,,,,,,,,,,,,,-3.940192222595215,3.9018443203531206e-05,-0.03413557633757591,0.042033951729536057,,,,,,,,,,,,,,0.8655729293823242,0.018940210342407227,434.0,0.2113925963640213,92.06999969482422,8.126486778259277,-0.30686190724372864,-8.456777868559584e-05,0.7591540813446045,0.8803110718727112,0.7460336089134216,0.9362432360649109,0.21555183827877045,0.4303450584411621,0.8906785845756531,0.0
403,-0.1886604279279709,-8.111629722407088e-05,0.4629811942577362,0.5487058162689209,0.4646608531475067,0.5885033011436462,0.12396734952926636,0.2667140066623688,0.55666583776474,0.0,0.0,0.0,0.0,1.0,0.0,0.0,-3.9502079486846924,2.60122942563612e-05,-0.04128366708755493,0.04742304980754852,2.3730154037475586,1.1243950128555298,0.35471072793006897,0.7227123379707336,2.7430572509765625,0.9461497664451599,0.1804562360048294,0.49515828490257263,0.3821995258331299,5.863558292388916,0.0,0.0,0.0,0.8550710678100586,0.021591663360595703,438.0,0.21133729815483093,92.37000274658203,8.158065795898438,-0.3105410039424896,-0.0001673444639891386,0.7156727313995361,0.8888216018676758,0.7226977348327637,0.9315702319145203,0.17315001785755157,0.41956019401550293,0.8842207789421082,0.0
404,,,,,,,,,,,,,,,,,-3.9559261798858643,1.7341530110570602e-05,-0.04211122542619705,0.07970132678747177,,,,,,,,,,,,,,0.8648431301116943,0.02028799057006836,433.0,0.2113182693719864,91.7300033569336,8.089524269104004,-0.31992873549461365,-0.00019960077770520002,0.6836101412773132,0.8464366793632507,0.7322666049003601,0.9282100200653076,0.17397160828113556,0.4025896489620209,0.8640632033348083,0.0
405,,,,,,,,,,,,,,,,,-3.957143783569336,2.60122942563612e-05,-0.03326611593365669,0.07921812683343887,,,,,,,,,,,,,,0.8576641082763672,0.022555828094482422,436.0,0.2113175243139267,91.2699966430664,8.044988632202148,-0.30918222665786743,-0.00015470846847165376,0.7291728854179382,0.8419325947761536,0.6831398606300354,0.9114001393318176,0.18206512928009033,0.411113977432251,0.8755971789360046,0.0
406,-0.1995076686143875,-7.511533476645127e-05,0.45686623454093933,0.5432065725326538,0.4552065432071686,0.5848814845085144,0.112790048122406,0.26638296246528625,0.5549259185791016,0.0,0.0,0.0,0.0,1.3333333730697632,0.0,0.0,-3.958327054977417,2.60122942563612e-05,-0.032266419380903244,0.052121687680482864,2.1515440940856934,1.1568104028701782,0.37084341049194336,0.7292769551277161,2.777409791946411,0.9832220077514648,0.1820327192544937,0.5092623829841614,0.44121456146240234,5.295966625213623,0.0,0.0,0.0,0.8584010601043701,0.02220010757446289,436.0,0.21129454672336578,91.4000015258789,8.058357238769531,-0.30480968952178955,-9.806777961784974e-05,0.7510542273521423,0.8966853022575378,0.760368824005127,0.9438653588294983,0.2216191440820694,0.44143009185791016,0.8924741148948669,0.0
407,,,,,,,,,,,,,,,,,-3.9613895416259766,2.60122942563612e-05,-0.03595270588994026,0.08384715765714645,,,,,,,,,,,,,,0.853466272354126,0.02238297462463379,438.0,0.21128016710281372,91.6500015258789,8.088164329528809,-0.31019529700279236,-0.00012646765389945358,0.715395987033844,0.8513786196708679,0.7020924687385559,0.9179031848907471,0.16329210996627808,0.4033700227737427,0.8700588345527649,0.0
408,-0.18572062253952026,-7.495761383324862e-05,0.4437900483608246,0.5267046093940735,0.446355938911438,0.5665943026542664,0.12319514155387878,0.25651729106903076,0.5336058139801025,0.0,0.0,0.0,0.0,1.25,0.0,0.0,-3.961773157119751,1.7341530110570602e-05,-0.03193004056811333,0.04789629206061363,2.066333770751953,0.9412648677825928,0.3616911470890045,0.8433513045310974,2.5103366374969482,0.9014230370521545,0.1742904782295227,0.48245686292648315,0.46272164583206177,5.923312187194824,0.0,0.0,0.0,0.8677871227264404,0.02169489860534668,431.0,0.21128538250923157,91.86000061035156,8.118552207946777,-0.3016869127750397,-0.00013304203457664698,0.6922683715820312,0.8527209162712097,0.7256543040275574,0.9271891713142395,0.1674642115831375,0.40803369879722595,0.8634534478187561,0.0
409,,,,,,,,,,,,,,,,,-3.960922956466675,2.60122942563612e-05,-0.02478303574025631,0.05137450993061066,,,,,,,,,,,,,,0.8876791000366211,0.019643783569335938,423.0,0.21129296720027924,91.7300033569336,8.103596687316895,-0.3077299892902374,-0.00016976315237116069,0.7449564933776855,0.861157238483429,0.7301411628723145,0.9264418482780457,0.18701179325580597,0.41604486107826233,0.8736082911491394,0.0
410,,,,,,,,,,,,,,,,,-3.9598758220672607,1.7341530110570602e-05,-0.038236577063798904,0.05325065925717354,,,,,,,,,,,,,,0.9008200168609619,0.022834300994873047,415.0,0.21131107211112976,91.70999908447266,8.098489761352539,-0.3096689283847809,-0.00019201532995793968,0.6892139315605164,0.8658430576324463,0.7055237889289856,0.9272540211677551,0.15624965727329254,0.41295814514160156,0.8703794479370117,0.0
411,,,,,,,,,,,,,,,,,-3.95526123046875,3.9018443203531206e-05,-0.033606160432100296,0.04202086478471756,,,,,,,,,,,,,,0.8783600330352783,0.020740270614624023,427.0,0.21136833727359772,91.4800033569336,8.064876556396484,-0.30370190739631653,-0.000110580054752063,0.7280879020690918,0.8475857377052307,0.7191599011421204,0.9188299179077148,0.16034050285816193,0.3958962857723236,0.8641681671142578,0.0
412,,,,,,,,,,,,,,,,,-3.948261260986328,2.60122942563612e-05,-0.03591175377368927,0.030966991558670998,,,,,,,,,,,,,,0.8673639297485352,0.020025968551635742,432.0,0.21138648688793182,91.12999725341797,8.022896766662598,-0.3061198592185974,-0.00021651382849086076,0.7147855758666992,0.848451554775238,0.7341931462287903,0.9255132079124451,0.18590612709522247,0.4055399000644684,0.86357182264328,0.0
413,,,,,,,,,,,,,,,,,-3.9449915885925293,2.60122942563612e-05,-0.039625950157642365,0.041867561638355255,,,,,,,,,,,,,,0.8624119758605957,0.01963520050048828,435.0,0.21142731606960297,91.08999633789062,8.013516426086426,-0.30067548155784607,-0.00013562680396717042,0.7540135383605957,0.8830089569091797,0.7100558280944824,0.9293666481971741,0.18490110337734222,0.4316007196903229,0.8759240508079529,0.0
414,,,,,,,,,,,,,,,,,-3.943274974822998,2.60122942563612e-05,-0.03942112624645233,0.04516616091132164,,,,,,,,,,,,,,0.8382160663604736,0.02073192596435547,447.0,0.21138355135917664,91.02999877929688,7.999539375305176,-0.3058246970176697,-0.0001651776401558891,0.7091054916381836,0.8353894352912903,0.684514045715332,0.9099104404449463,0.16849343478679657,0.395808607339859,0.8676578402519226,0.0
415,,,,,,,,,,,,,,,,,-3.9516079425811768,2.60122942563612e-05,-0.037423159927129745,0.035784319043159485,,,,,,,,,,,,,,0.8680980205535889,0.020871877670288086,431.0,0.21131642162799835,90.30999755859375,7.931888103485107,-0.3176407217979431,-0.00019108680135104805,0.7286996841430664,0.8695639967918396,0.7481207847595215,0.9348812699317932,0.20545272529125214,0.4188215732574463,0.8748102188110352,0.0
416,,,,,,,,,,,,,,,,,-3.9595799446105957,1.7341530110570602e-05,-0.0337478332221508,0.03943391144275665,,,,,,,,,,,,,,0.8531661033630371,0.021381855010986328,439.0,0.21126297116279602,90.22000122070312,7.921507835388184,-0.3061542809009552,-0.00015582848573103547,0.7695614695549011,0.87678462266922,0.713873565196991,0.9274107813835144,0.20142151415348053,0.42274418473243713,0.8771751523017883,0.0
417,,,,,,,,,,,,,,,,,-3.9679388999938965,2.60122942563612e-05,-0.03321532905101776,0.0506795272231102,,,,,,,,,,,,,,0.8397853374481201,0.020596981048583984,446.0,0.21118396520614624,89.94000244140625,7.899049282073975,-0.31437793374061584,-0.00019248941680416465,0.6944224238395691,0.8431723713874817,0.6733519434928894,0.91124027967453,0.1883450150489807,0.3949987590312958,0.8656280636787415,0.0
418,-0.17307978868484497,-0.00010234244109597057,0.40800920128822327,0.48254862427711487,0.3897024989128113,0.5154381990432739,0.11355648934841156,0.22764065861701965,0.4909820556640625,0.0,0.0,0.0,0.0,1.0,0.0,0.0,-3.9789347648620605,2.60122942563612e-05,-0.036863233894109726,0.026203040033578873,2.069965362548828,0.9637129902839661,0.40568122267723083,0.9906835556030273,2.4160499572753906,0.9983745813369751,0.18279285728931427,0.49227452278137207,0.5324016213417053,5.727507591247559,0.0,0.0,0.0,0.8403332233428955,0.01905369758605957,446.0,0.21111762523651123,89.06999969482422,7.819921016693115,-0.31381165981292725,-0.0001874855370260775,0.7296752333641052,0.8695448040962219,0.7238712906837463,0.9271582961082458,0.22004581987857819,0.41599664092063904,0.8800451159477234,0.0
419,,,,,,,,,,,,,,,,,-3.985492706298828,1.7341530110570602e-05,-0.03615947067737579,0.035712338984012604,,,,,,,,,,,,,,0.874823808670044,0.01994919776916504,429.0,0.21109052002429962,88.68000030517578,7.789585113525391,-0.3170603811740875,-0.0001307498023379594,0.7153446078300476,0.8613944053649902,0.7157707214355469,0.9247739315032959,0.18096618354320526,0.4079854488372803,0.8737491965293884,0.0
420,,,,,,,,,,,,,,,,,-3.98763108253479,2.60122942563612e-05,-0.03626497462391853,0.0375371016561985,,,,,,,,,,,,,,0.8624110221862793,0.020197153091430664,435.0,0.2110949158668518,88.62000274658203,7.783441543579102,-0.3088347017765045,-0.00016596284694969654,0.711631715297699,0.8709618449211121,0.711609423160553,0.9281533360481262,0.1669102907180786,0.4126368463039398,0.8615280985832214,0.0
421,,,,,,,,,,,,,,,,,-3.988471746444702,1.7341530110570602e-05,-0.04433460161089897,0.03590377792716026,,,,,,,,,,,,,,0.860875129699707,0.020853042602539062,435.0,0.21108855307102203,88.23999786376953,7.735445022583008,-0.3094201683998108,-0.00011004257248714566,0.7089953422546387,0.8234081268310547,0.6995223164558411,0.910875141620636,0.18777966499328613,0.38811981678009033,0.8609790802001953,0.0
422,,,,,,,,,,,,,,,,,-3.988133192062378,3.9018443203531206e-05,-0.03444065526127815,0.041819870471954346,,,,,,,,,,,,,,0.8798871040344238,0.020588159561157227,426.0,0.21110661327838898,88.23999786376953,7.735322952270508,-0.3089822828769684,-9.760671673575416e-05,0.7248299717903137,0.8867230415344238,0.7606989741325378,0.9456509947776794,0.22038070857524872,0.43500450253486633,0.8795290589332581,0.0
423,,,,,,,,,,,,,,,,,-3.9838132858276367,1.7341530110570602e-05,-0.040313128381967545,0.06262622028589249,,,,,,,,,,,,,,0.9136788845062256,0.024121999740600586,409.0,0.2111472636461258,88.25,7.741135597229004,-0.306673139333725,-0.00012674671597778797,0.7475643754005432,0.8761222958564758,0.7346100807189941,0.9305017590522766,0.1744462251663208,0.4200246036052704,0.8717696666717529,0.0
424,,,,,,,,,,,,,,,,,-3.9791200160980225,2.60122942563612e-05,-0.03584801033139229,0.06464996933937073,,,,,,,,,,,,,,0.8539669513702393,0.020899057388305664,438.0,0.21118716895580292,88.05000305175781,7.729729175567627,-0.3084399402141571,-0.0002524649607948959,0.6833841800689697,0.8268260359764099,0.6577616333961487,0.9057857394218445,0.1390591859817505,0.3848923146724701,0.8518015742301941,0.0
425,,,,,,,,,,,,,,,,,-3.975649356842041,1.7341530110570602e-05,-0.03585468977689743,0.044679902493953705,,,,,,,,,,,,,,0.8763530254364014,0.020306825637817383,428.0,0.2111886590719223,87.62000274658203,7.681397914886475,-0.30309605598449707,-0.00010342905443394557,0.7576651573181152,0.8653696179389954,0.734797477722168,0.928835391998291,0.2227124720811844,0.41600868105888367,0.8818197250366211,0.0
426,,,,,,,,,,,,,,,,,-3.9776899814605713,3.9018443203531206e-05,-0.03122825361788273,0.0581098347902298,,,,,,,,,,,,,,0.8731777667999268,0.021173954010009766,429.0,0.21115507185459137,87.48999786376953,7.669027328491211,-0.3162946403026581,-0.00010706774628488347,0.7336514592170715,0.8723239898681641,0.7106752395629883,0.9273608326911926,0.2091960906982422,0.42133083939552307,0.8807724118232727,0.0
427,,,,,,,,,,,,,,,,,-3.980855703353882,2.60122942563612e-05,-0.038936298340559006,0.027927013114094734,,,,,,,,,,,,,,0.8444368839263916,0.0210111141204834,443.0,0.21115702390670776,87.66999816894531,7.6863274574279785,-0.3111083507537842,-0.0001251424109796062,0.6963871121406555,0.8594560623168945,0.6984428763389587,0.9249112010002136,0.17672069370746613,0.40994611382484436,0.870852530002594,0.0
428,,,,,,,,,,,,,,,,,-3.980928897857666,2.60122942563612e-05,-0.039818402379751205,0.023769794031977654,,,,,,,,,,,,,,0.8712451457977295,0.020816802978515625,430.0,0.21115155518054962,87.05000305175781,7.629307746887207,-0.29809728264808655,-0.00017707044025883079,0.7147192358970642,0.8228926658630371,0.711031436920166,0.9158854484558105,0.2000378966331482,0.3970125615596771,0.8624717593193054,0.0
429,-0.17688342928886414,-6.757579103577882e-05,0.41821208596229553,0.49617910385131836,0.41507941484451294,0.536759078502655,0.11953065544366837,0.24021939933300018,0.5070780515670776,0.0,0.0,0.0,0.0,1.0,0.0,0.0,-3.9838712215423584,2.60122942563612e-05,-0.0389985628426075,0.03855728730559349,1.989402413368225,0.985948920249939,0.3877927362918854,1.1042442321777344,2.3502562046051025,0.9849994778633118,0.17910005152225494,0.4760625958442688,0.531504213809967,5.642724514007568,0.0,0.0,0.0,0.8837060928344727,0.02073192596435547,424.0,0.211128368973732,86.61000061035156,7.587011337280273,-0.3071477711200714,-0.00011374493624316528,0.7440565228462219,0.8786513805389404,0.7328324913978577,0.9360079765319824,0.2140858918428421,0.4375079572200775,0.8836994767189026,0.0
430,,,,,,,,,,,,,,,,,-3.986131429672241,2.60122942563612e-05,-0.0333247072994709,0.04735313728451729,,,,,,,,,,,,,,0.8741729259490967,0.020759105682373047,429.0,0.2111210823059082,86.5999984741211,7.588925361633301,-0.3165048360824585,-8.845747652230784e-05,0.7318504452705383,0.8757419586181641,0.6921606659889221,0.9245396256446838,0.17059814929962158,0.4273625314235687,0.877098560333252,0.0
431,,,,,,,,,,,,,,,,,-3.984555721282959,2.60122942563612e-05,-0.03439604490995407,0.03320101276040077,,,,,,,,,,,,,,0.8414478302001953,0.020965099334716797,445.0,0.2111596018075943,86.5,7.5802001953125,-0.31344595551490784,-0.00022123887902125716,0.6883463859558105,0.8165954947471619,0.6674731373786926,0.9056146740913391,0.1616794466972351,0.386831134557724,0.8541378378868103,0.0
432,,,,,,,,,,,,,,,,,-3.9795053005218506,2.60122942563612e-05,-0.03559407219290733,0.029059704393148422,,,,,,,,,,,,,,0.8901000022888184,0.020167112350463867,421.0,0.21119870245456696,86.13999938964844,7.5396575927734375,-0.29676416516304016,-0.0001271108485525474,0.7527238726615906,0.8583267331123352,0.7302262187004089,0.9300305843353271,0.2382139414548874,0.42427220940589905,0.8795041441917419,0.0
433,,,,,,,,,,,,,,,,,-3.974167823791504,2.60122942563612e-05,-0.032353080809116364,0.026974275708198547,,,,,,,,,,,,,,0.8798558712005615,0.020682811737060547,426.0,0.21122956275939941,86.01000213623047,7.534021377563477,-0.30037617683410645,-0.00013160442176740617,0.743219792842865,0.8672758936882019,0.7037913203239441,0.9262793064117432,0.193816140294075,0.4194490611553192,0.8742515444755554,0.0
434,,,,,,,,,,,,,,,,,-3.972449541091919,2.60122942563612e-05,-0.03548169136047363,0.03808915987610817,,,,,,,,,,,,,,0.8512530326843262,0.02097177505493164,440.0,0.21122583746910095,85.80999755859375,7.519088268280029,-0.3155914545059204,-0.0001071286023943685,0.6918113827705383,0.8439480662345886,0.6782564520835876,0.9137344360351562,0.16904330253601074,0.39070186018943787,0.8660845756530762,0.0
435,,,,,,,,,,,,,,,,,-3.977118492126465,2.60122942563612e-05,-0.0360327810049057,0.06580215692520142,,,,,,,,,,,,,,0.8584258556365967,0.019947052001953125,437.0,0.211158886551857,85.5,7.488125324249268,-0.3103172183036804,-0.00010567701974650845,0.686424195766449,0.8161457180976868,0.670255184173584,0.9038984775543213,0.2094295620918274,0.38782259821891785,0.8712859153747559,0.0
436,,,,,,,,,,,,,,,,,-3.9824581146240234,1.7341530110570602e-05,-0.035001106560230255,0.0322713628411293,,,,,,,,,,,,,,0.8784129619598389,0.02123093605041504,426.0,0.2111588418483734,85.26000213623047,7.464491367340088,-0.3179638087749481,-8.638430153951049e-05,0.7254796028137207,0.8699496388435364,0.6998174786567688,0.9235401153564453,0.2096216082572937,0.4167954623699188,0.8836942315101624,0.0
437,-0.15835079550743103,-3.7646354030584916e-05,0.35480427742004395,0.4297701120376587,0.338202565908432,0.4623294472694397,0.10410649329423904,0.2015940248966217,0.44824373722076416,0.0,0.0,0.0,0.0,1.0,0.0,0.0,-3.9823124408721924,2.60122942563612e-05,-0.036514174193143845,0.028939679265022278,2.5727548599243164,1.1945878267288208,0.4654991626739502,1.1805933713912964,3.1678595542907715,1.1256240606307983,0.18953698873519897,0.509748637676239,0.5500695705413818,4.55720853805542,0.0,0.0,0.0,0.8605420589447021,0.020419836044311523,435.0,0.211160808801651,84.94000244140625,7.429140567779541,-0.3143009841442108,-9.829684859141707e-05,0.7307088971138,0.8704805374145508,0.6880688667297363,0.9223461151123047,0.19178615510463715,0.41566601395606995,0.8772640228271484,0.0
438,,,,,,,,,,,,,,,,,-3.9793529510498047,2.60122942563612e-05,-0.036017730832099915,0.033231813460588455,,,,,,,,,,,,,,0.8537449836730957,0.020655155181884766,439.0,0.21121615171432495,84.58000183105469,7.387763023376465,-0.3131959140300751,-0.00021081512386444956,0.685663640499115,0.8185721039772034,0.649404764175415,0.9027230143547058,0.1898369938135147,0.3922642171382904,0.8628780245780945,0.0
439,,,,,,,,,,,,,,,,,-3.972229242324829,2.60122942563612e-05,-0.037338074296712875,0.03378404676914215,,,,,,,,,,,,,,0.8722102642059326,0.02075505256652832,430.0,0.21124929189682007,84.63999938964844,7.398606777191162,-0.3080805242061615,-0.00015492986130993813,0.7194915413856506,0.8603128790855408,0.7065783143043518,0.9241334795951843,0.2476046085357666,0.4242328405380249,0.8871729969978333,0.0
440,,,,,,,,,,,,,,,,,-3.9702632427215576,1.7341530110570602e-05,-0.03317936137318611,0.0283812265843153,,,,,,,,,,,,,,0.8668537139892578,0.02057814598083496,432.0,0.21125462651252747,84.4800033569336,7.37968635559082,-0.32026198506355286,-0.00014852006279397756,0.7386044859886169,0.8745110034942627,0.6890888810157776,0.9262712597846985,0.2072511911392212,0.4292420446872711,0.8862212300300598,0.0
441,,,,,,,,,,,,,,,,,-3.9698002338409424,2.60122942563612e-05,-0.0353425033390522,0.024339258670806885,,,,,,,,,,,,,,0.8554177284240723,0.020095109939575195,438.0,0.21127262711524963,84.29000091552734,7.36228084564209,-0.307148814201355,-0.00018013338558375835,0.7131089568138123,0.8582395911216736,0.6752660274505615,0.9180519580841064,0.19895313680171967,0.41270574927330017,0.875403642654419,0.0
442,,,,,,,,,,,,,,,,,-3.966064453125,1.7341530110570602e-05,-0.04704442247748375,0.027045058086514473,,,,,,,,,,,,,,0.851848840713501,0.02077007293701172,440.0,0.21131260693073273,84.1500015258789,7.346831321716309,-0.31376728415489197,-0.0001414817525073886,0.7177431583404541,0.8295734524726868,0.672097384929657,0.9109650254249573,0.21749000251293182,0.40218523144721985,0.8743880391120911,0.0
443,,,,,,,,,,,,,,,,,-3.9619433879852295,2.60122942563612e-05,-0.030400078743696213,0.03100292570888996,,,,,,,,,,,,,,0.8645100593566895,0.02095794677734375,433.0,0.21133896708488464,84.16999816894531,7.356933116912842,-0.30608662962913513,-0.00013766340271104127,0.744455873966217,0.8664023876190186,0.6865887641906738,0.9213774800300598,0.21950913965702057,0.42065122723579407,0.8904768824577332,0.0
444,-0.1660025268793106,-7.388929225271568e-05,0.38725072145462036,0.4534439742565155,0.35687288641929626,0.48254117369651794,0.11243724077939987,0.21848183870315552,0.46674418449401855,0.0,0.0,0.0,0.0,1.0,0.0,0.0,-3.958179473876953,2.60122942563612e-05,-0.03407249599695206,0.027446437627077103,2.1099469661712646,1.0018634796142578,0.38911592960357666,1.0137279033660889,2.470801830291748,1.0160681009292603,0.18375243246555328,0.5271357893943787,0.4690689742565155,5.017793655395508,0.0,0.0,0.0,0.8503239154815674,0.020592212677001953,440.0,0.21136437356472015,83.97000122070312,7.339330196380615,-0.3109996020793915,-0.00010201287659583613,0.7385284304618835,0.8660986423492432,0.6681067943572998,0.9157055020332336,0.20469939708709717,0.4198465049266815,0.8855293393135071,0.0
445,,,,,,,,,,,,,,,,,-3.9565274715423584,2.60122942563612e-05,-0.03603444620966911,0.03742321953177452,,,,,,,,,,,,,,0.8506650924682617,0.020563840866088867,440.0,0.2113570123910904,83.2699966430664,7.266774654388428,-0.3095175325870514,-0.00010716047108871862,0.7106078267097473,0.8249513506889343,0.6208392381668091,0.8969183564186096,0.19170761108398438,0.39680495858192444,0.870650053024292,0.0
446,-0.15598949790000916,-4.249525591148995e-05,0.36310067772865295,0.42052632570266724,0.32548123598098755,0.447632372379303,0.10616286844015121,0.2068416029214859,0.4327731728553772,0.0,0.0,0.0,0.0,1.0,0.0,0.0,-3.957702159881592,1.7341530110570602e-05,-0.03166083246469498,0.10557937622070312,1.785778284072876,0.9663998484611511,0.3687840402126312,0.9152683615684509,2.128131151199341,0.9339850544929504,0.17679472267627716,0.5007444620132446,0.4998202919960022,4.697383403778076,0.0,0.0,0.0,0.8582000732421875,0.020061969757080078,437.0,0.21136474609375,82.44999694824219,7.198475360870361,-0.3126441538333893,-9.983542986446992e-05,0.7378376126289368,0.8560119271278381,0.6953890323638916,0.9212200045585632,0.25045669078826904,0.4207664430141449,0.8923230171203613,0.0
447,,,,,,,,,,,,,,,,,-3.9555132389068604,1.7341530110570602e-05,-0.028877418488264084,0.030666634440422058,,,,,,,,,,,,,,0.8583118915557861,0.021055936813354492,436.0,0.211372509598732,82.29000091552734,7.1855950355529785,-0.3275392949581146,-6.936938007129356e-05,0.7357669472694397,0.8853840231895447,0.6775543093681335,0.9241900444030762,0.20776696503162384,0.4307498037815094,0.8880637288093567,0.0
448,,,,,,,,,,,,,,,,,-3.9557595252990723,2.60122942563612e-05,-0.029255665838718414,0.029007073491811752,,,,,,,,,,,,,,0.832705020904541,0.022650718688964844,448.0,0.21137285232543945,81.9000015258789,7.1453142166137695,-0.3145509958267212,-0.0001911518775159493,0.6713719964027405,0.801048994064331,0.5800469517707825,0.878659725189209,0.15657934546470642,0.3678458034992218,0.8686046600341797,0.0
449,,,,,,,,,,,,,,,,,-3.9528143405914307,2.60122942563612e-05,-0.03552714362740517,0.025945495814085007,,,,,,,,,,,,,,0.8682780265808105,0.021756887435913086,431.0,0.21143358945846558,81.12000274658203,7.06167459487915,-0.3150693476200104,-0.00012856301327701658,0.689227283000946,0.8265151977539062,0.6848602294921875,0.9099475741386414,0.23595678806304932,0.40204885601997375,0.8902876973152161,0.0
450,,,,,,,,,,,,,,,,,-3.9444737434387207,1.7341530110570602e-05,-0.03894434869289398,0.029676983132958412,,,,,,,,,,,,,,0.8885498046875,0.021320819854736328,422.0,0.21148550510406494,81.0199966430664,7.048368453979492,-0.3131798207759857,-0.0001475258613936603,0.7617143988609314,0.8910272717475891,0.7034171223640442,0.931743323802948,0.2387818843126297,0.44024714827537537,0.8917887210845947,0.0
451,,,,,,,,,,,,,,,,,-3.9393715858459473,2.60122942563612e-05,-0.031213078647851944,0.04280534386634827,,,,,,,,,,,,,,0.8086628913879395,0.020050048828125,463.0,0.2115214616060257,80.5,6.9885969161987305,-0.3219262659549713,-0.00013038200268056244,0.6765797734260559,0.8061220049858093,0.5723562240600586,0.8789408802986145,0.1737358719110489,0.3782216012477875,0.8748603463172913,0.0
452,,,,,,,,,,,,,,,,,-3.932812213897705,2.60122942563612e-05,-0.029863709583878517,0.03761466592550278,,,,,,,,,,,,,,0.8593499660491943,0.020481109619140625,436.0,0.211588516831398,79.75,6.922046184539795,-0.30774471163749695,-0.0001788623194443062,0.6908884048461914,0.8085828423500061,0.6631956100463867,0.9015967845916748,0.2420668601989746,0.39488670229911804,0.8881317973136902,0.0
453,,,,,,,,,,,,,,,,,-3.926544666290283,1.7341530110570602e-05,-0.0338858962059021,0.029317036271095276,,,,,,,,,,,,,,0.8809337615966797,0.02139115333557129,425.0,0.2116106003522873,79.37999725341797,6.885435581207275,-0.3170987665653229,-4.070383511134423e-05,0.770696222782135,0.8951525688171387,0.713280200958252,0.9333515167236328,0.26032841205596924,0.444732666015625,0.9027225375175476,0.0
454,,,,,,,,,,,,,,,,,-3.923947334289551,2.60122942563612e-05,-0.026098040863871574,0.05458666384220123,,,,,,,,,,,,,,0.8150508403778076,0.020072221755981445,459.0,0.2116410732269287,78.83000183105469,6.834989547729492,-0.31375324726104736,-9.851949289441109e-05,0.6952008605003357,0.816042423248291,0.5654489994049072,0.8794395327568054,0.16421319544315338,0.3761014938354492,0.8796868324279785,0.0
455,,,,,,,,,,,,,,,,,-3.9174644947052,1.7341530110570602e-05,-0.030831366777420044,0.03147697448730469,,,,,,,,,,,,,,0.8720951080322266,0.020139694213867188,430.0,0.2117011845111847,78.05000305175781,6.771664619445801,-0.3259933292865753,-0.00010513187589822337,0.7109668254852295,0.8418028950691223,0.7038574814796448,0.9150641560554504,0.2774484157562256,0.40803465247154236,0.9067718386650085,0.0
456,,,,,,,,,,,,,,,,,-3.910459280014038,1.7341530110570602e-05,-0.026214713230729103,0.028416059911251068,,,,,,,,,,,,,,0.8721001148223877,0.020708084106445312,430.0,0.21174165606498718,77.7699966430664,6.745019912719727,-0.31636837124824524,-7.247258326970041e-05,0.7653804421424866,0.8889417052268982,0.7010435461997986,0.9284401535987854,0.2632829248905182,0.4379309415817261,0.905937135219574,0.0
457,,,,,,,,,,,,,,,,,-3.9053423404693604,2.60122942563612e-05,-0.029158787801861763,0.030927039682865143,,,,,,,,,,,,,,0.8180301189422607,0.019931793212890625,458.0,0.21178361773490906,77.44999694824219,6.725038528442383,-0.3176417052745819,-6.779024988645688e-05,0.69500732421875,0.8134335875511169,0.5569995045661926,0.872210681438446,0.17838287353515625,0.3705395758152008,0.8870577812194824,0.0
458,,,,,,,,,,,,,,,,,-3.9021971225738525,2.60122942563612e-05,-0.032206274569034576,0.026121294125914574,,,,,,,,,,,,,,0.8652331829071045,0.020727872848510742,433.0,0.21178098022937775,76.5,6.636456489562988,-0.3128983974456787,-0.00010936296894215047,0.7006804347038269,0.8184054493904114,0.6618362665176392,0.9003044962882996,0.265024334192276,0.3972538709640503,0.8987092971801758,0.0
459,,,,,,,,,,,,,,,,,-3.9065723419189453,2.60122942563612e-05,-0.027789315208792686,0.020199881866574287,,,,,,,,,,,,,,0.9178619384765625,0.021754741668701172,408.0,0.21171411871910095,76.45999908447266,6.631253719329834,-0.3046289384365082,-4.046565663884394e-05,0.7773931622505188,0.8856940269470215,0.6827958226203918,0.9244551062583923,0.2636769711971283,0.43278178572654724,0.8994124531745911,0.0
460,,,,,,,,,,,,,,,,,-3.9166641235351562,1.7341530110570602e-05,-0.03653066232800484,0.040302395820617676,,,,,,,,,,,,,,0.8785109519958496,0.020719051361083984,427.0,0.2116420418024063,75.7300033569336,6.567466735839844,-0.30913645029067993,-7.035623275442049e-05,0.72412109375,0.8256348967552185,0.5683618783950806,0.875644862651825,0.2055182009935379,0.38045206665992737,0.8877865672111511,0.0
461,,,,,,,,,,,,,,,,,-3.9224965572357178,2.60122942563612e-05,-0.03317749872803688,0.027474824339151382,,,,,,,,,,,,,,0.8543429374694824,0.020992040634155273,438.0,0.2116447389125824,74.91000366210938,6.493308067321777,-0.3084947466850281,-0.0001734231918817386,0.7213411331176758,0.8141724467277527,0.6273205876350403,0.8878303170204163,0.24646268784999847,0.38586822152137756,0.8938665390014648,0.0
462,,,,,,,,,,,,,,,,,-3.9196557998657227,1.1561020073713735e-05,-0.03580598905682564,0.01661384291946888,,,,,,,,,,,,,,1.1036450862884521,0.02141714096069336,341.0,0.2116718888282776,74.58000183105469,6.461854934692383,-0.31281188130378723,-0.00010187000589212403,0.7885968685150146,0.8994266986846924,0.686637818813324,0.9273781180381775,0.2683787941932678,0.44368311762809753,0.902310848236084,0.0
463,,,,,,,,,,,,,,,,,-3.9171640872955322,3.9018443203531206e-05,-0.024268826469779015,0.05090489983558655,,,,,,,,,,,,,,0.8155629634857178,0.021256208419799805,458.0,0.21168163418769836,73.87999725341797,6.397549629211426,-0.3165068030357361,-0.00017190312792081386,0.7214193344116211,0.8076452612876892,0.5546024441719055,0.8676795959472656,0.202013298869133,0.3700712025165558,0.88089519739151,0.0
464,,,,,,,,,,,,,,,,,-3.9175801277160645,1.7341530110570602e-05,-0.03657585754990578,0.022446945309638977,,,,,,,,,,,,,,0.891686201095581,0.02072596549987793,420.0,0.211682990193367,73.2300033569336,6.335910797119141,-0.3130008280277252,-8.692708070157096e-05,0.7439668774604797,0.8418038487434387,0.6680254936218262,0.9057409167289734,0.272756963968277,0.4063164293766022,0.9027907848358154,0.0
465,,,,,,,,,,,,,,,,,-3.9136641025543213,2.60122942563612e-05,-0.0185377299785614,0.030231591314077377,,,,,,,,,,,,,,0.8656997680664062,0.020961999893188477,433.0,0.2117573767900467,73.16000366210938,6.334700584411621,-0.29835817217826843,-2.0232911992934532e-05,0.7947697043418884,0.8924794793128967,0.6779351234436035,0.9238472580909729,0.27615591883659363,0.4400614798069,0.9056249260902405,0.0
466,,,,,,,,,,,,,,,,,-3.9010980129241943,2.60122942563612e-05,-0.03371682018041611,0.029417673125863075,,,,,,,,,,,,,,0.8515369892120361,0.021305084228515625,439.0,0.21185554563999176,72.54000091552734,6.28708028793335,-0.315228134393692,-0.00018543482292443514,0.7257720828056335,0.8389005661010742,0.6069590449333191,0.8918320536613464,0.22458629310131073,0.4014754295349121,0.8972112536430359,0.0
467,-0.14578106999397278,-6.605345697607845e-05,0.3534605801105499,0.40248122811317444,0.3053264915943146,0.4284902513027191,0.11935527622699738,0.19708693027496338,0.4251391589641571,0.0,0.0,0.0,0.0,1.0,0.0,0.0,-3.8911123275756836,1.7341530110570602e-05,-0.036963388323783875,0.03643980249762535,2.6094319820404053,1.1279840469360352,0.40141168236732483,0.8453841805458069,3.0117621421813965,1.0374714136123657,0.18196113407611847,0.5501527190208435,0.4751136004924774,6.0301642417907715,0.0,0.0,0.0,0.8676650524139404,0.020229101181030273,432.0,0.21189658343791962,72.06999969482422,6.2632060050964355,-0.3051324188709259,-0.00014389993157237768,0.7315743565559387,0.8283478617668152,0.644957423210144,0.9000992178916931,0.24463064968585968,0.4028901159763336,0.8973638415336609,0.0
468,-0.15112288296222687,-5.172383680474013e-05,0.35777345299720764,0.41595470905303955,0.31809866428375244,0.44793370366096497,0.10586480051279068,0.20395587384700775,0.44517698884010315,0.0,0.0,0.0,0.0,1.0,0.0,0.0,-3.8870649337768555,2.60122942563612e-05,-0.030340252444148064,0.023298345506191254,3.3186614513397217,1.221296787261963,0.43554559350013733,1.0446926355361938,3.778759002685547,1.1328314542770386,0.19061338901519775,0.5661154389381409,0.511360764503479,6.564900875091553,0.0,0.0,0.0,0.8595550060272217,0.020900964736938477,436.0,0.21191665530204773,72.12999725341797,6.274658203125,-0.3168056309223175,-6.366645538946614e-05,0.7774190902709961,0.8836119174957275,0.6964256167411804,0.9257693290710449,0.2735072672367096,0.4335498511791229,0.9077995419502258,0.0
469,,,,,,,,,,,,,,,,,-3.884859800338745,1.7341530110570602e-05,-0.04089856892824173,0.03317690268158913,,,,,,,,,,,,,,0.8343749046325684,0.0202329158782959,449.0,0.21191997826099396,71.63999938964844,6.237866401672363,-0.3182131350040436,-0.00011282567720627412,0.7093821167945862,0.8070295453071594,0.592269241809845,0.8785395622253418,0.22978262603282928,0.3788129985332489,0.8918405175209045,0.0
470,,,,,,,,,,,,,,,,,-3.8845667839050293,2.60122942563612e-05,-0.028703581541776657,0.038718581199645996,,,,,,,,,,,,,,0.8784260749816895,0.0207059383392334,427.0,0.21193191409111023,71.13999938964844,6.211902141571045,-0.323667973279953,-6.961890903767198e-05,0.7476439476013184,0.8575224876403809,0.6956954002380371,0.917611837387085,0.29419681429862976,0.42234835028648376,0.9074554443359375,0.0
471,,,,,,,,,,,,,,,,,-3.8839895725250244,1.7341530110570602e-05,-0.028827214613556862,0.022881045937538147,,,,,,,,,,,,,,0.9070000648498535,0.0225679874420166,413.0,0.21191681921482086,70.87999725341797,6.196921348571777,-0.31255877017974854,-2.653150113474112e-05,0.7853150367736816,0.8759681582450867,0.6531729698181152,0.9132282137870789,0.264199823141098,0.42567873001098633,0.9006657004356384,0.0
472,-0.1443500518798828,-1.659036206547171e-05,0.33092233538627625,0.37330618500709534,0.2862207591533661,0.39773067831993103,0.11939172446727753,0.17772944271564484,0.399080365896225,0.0,0.0,0.0,0.0,1.1428571939468384,0.0,0.0,-3.8871216773986816,2.60122942563612e-05,-0.028227023780345917,0.031241657212376595,2.1962339878082275,1.21100914478302,0.4270646572113037,0.6924600601196289,2.5585153102874756,1.0149461030960083,0.1855635792016983,0.5595241785049438,0.4815841019153595,5.560757160186768,0.0,0.0,0.0,0.8777518272399902,0.03911304473876953,418.0,0.21190550923347473,70.11000061035156,6.1285247802734375,-0.3200766146183014,-4.277138214092702e-05,0.7257482409477234,0.8148887157440186,0.5999245047569275,0.8792700171470642,0.23724974691867828,0.3780221939086914,0.897683322429657,0.0
473,,,,,,,,,,,,,,,,,-3.8894317150115967,2.60122942563612e-05,-0.03296629711985588,0.028028540313243866,,,,,,,,,,,,,,0.9595708847045898,0.022505998611450195,391.0,0.21187648177146912,70.12999725341797,6.13140869140625,-0.32280850410461426,-7.779450970701873e-05,0.7399411797523499,0.857042133808136,0.6881403923034668,0.9174456596374512,0.2799496650695801,0.42478621006011963,0.9058164954185486,0.0
474,,,,,,,,,,,,,,,,,-3.893495559692383,2.60122942563612e-05,-0.02932599186897278,0.04471009597182274,,,,,,,,,,,,,,0.8986830711364746,0.023669004440307617,416.0,0.21187341213226318,69.87999725341797,6.111480712890625,-0.3095371723175049,-4.207971505820751e-05,0.738396942615509,0.8367611765861511,0.6404566168785095,0.9002272486686707,0.2474241703748703,0.40704604983329773,0.8959487080574036,0.0
475,,,,,,,,,,,,,,,,,-3.8929333686828613,1.7341530110570602e-05,-0.032476119697093964,0.058255523443222046,,,,,,,,,,,,,,0.8847939968109131,0.02092289924621582,423.0,0.21187856793403625,69.5999984741211,6.092125415802002,-0.3160441219806671,-0.00011508991156006232,0.7221617698669434,0.8156583905220032,0.6255081295967102,0.8925326466560364,0.25123775005340576,0.39080071449279785,0.893155574798584,0.0
476,-0.14497800171375275,-3.904569894075394e-05,0.34453752636909485,0.3883788287639618,0.3018471896648407,0.4175337553024292,0.12630951404571533,0.1896917223930359,0.41279125213623047,0.0,0.0,0.0,0.0,1.0,0.0,0.0,-3.89320969581604,1.7341530110570602e-05,-0.028049638494849205,0.0373377688229084,2.636086940765381,1.1603456735610962,0.41856464743614197,0.7971271276473999,3.0077431201934814,1.0681790113449097,0.1901165395975113,0.566195011138916,0.5334513783454895,6.321255683898926,0.0,0.0,0.0,0.8772411346435547,0.019282817840576172,428.0,0.21186447143554688,69.44999694824219,6.084727764129639,-0.3235887289047241,-3.9931928768055514e-05,0.767646074295044,0.8730697631835938,0.6898243427276611,0.9219448566436768,0.29301539063453674,0.43224623799324036,0.9041206240653992,0.0
477,,,,,,,,,,,,,,,,,-3.8916492462158203,2.60122942563612e-05,-0.03237827494740486,0.04097319394350052,,,,,,,,,,,,,,0.8360409736633301,0.021115779876708984,447.0,0.2119133621454239,69.2300033569336,6.070963382720947,-0.3197392523288727,-5.907398372073658e-05,0.732691764831543,0.8196598887443542,0.6165267825126648,0.8903843760490417,0.24131929874420166,0.3916548490524292,0.8946996331214905,0.0
478,,,,,,,,,,,,,,,,,-3.8852601051330566,2.60122942563612e-05,-0.034028150141239166,0.030922256410121918,,,,,,,,,,,,,,0.8696329593658447,0.021175146102905273,431.0,0.21193046867847443,68.70999908447266,6.038231372833252,-0.31644171476364136,-4.908998016617261e-05,0.7674031257629395,0.8528349995613098,0.6963117122650146,0.9158437848091125,0.3012673854827881,0.417287677526474,0.9039959907531738,0.0
479,,,,,,,,,,,,,,,,,-3.8872931003570557,3.9018443203531206e-05,-0.030736472457647324,0.019234683364629745,,,,,,,,,,,,,,0.8584208488464355,0.02005600929260254,437.0,0.2118811309337616,68.58000183105469,6.0356645584106445,-0.3051219880580902,-3.417682819417678e-05,0.7906432151794434,0.8833772540092468,0.6812964081764221,0.9224392771720886,0.2958768308162689,0.4345484673976898,0.9073813557624817,0.0
480,-0.13532936573028564,-1.5045567124616355e-05,0.32819920778274536,0.3670535087585449,0.28383857011795044,0.3895864486694336,0.12173023074865341,0.17805518209934235,0.3873732089996338,0.0,0.0,0.0,0.0,1.3333333730697632,0.0,0.0,-3.8959805965423584,1.7341530110570602e-05,-0.03452746570110321,0.04286836460232735,2.0042874813079834,1.036096453666687,0.369415283203125,0.6825457215309143,2.3987929821014404,0.902189314365387,0.17261575162410736,0.5253724455833435,0.46213164925575256,4.653067111968994,0.0,0.0,0.0,0.821901798248291,0.019419193267822266,456.0,0.21182246506214142,68.0199966430664,6.001718997955322,-0.30681732296943665,-4.699335840996355e-05,0.7524194717407227,0.8365015387535095,0.6096938252449036,0.8911725878715515,0.2501581013202667,0.39462438225746155,0.9014117121696472,0.0
481,,,,,,,,,,,,,,,,,-3.899718999862671,2.60122942563612e-05,-0.027992691844701767,0.025474170222878456,,,,,,,,,,,,,,0.8589098453521729,0.02001214027404785,436.0,0.21183045208454132,68.19999694824219,6.02038049697876,-0.31649062037467957,-2.9999682737980038e-05,0.7638518810272217,0.8531515002250671,0.6863539814949036,0.9138771891593933,0.3017091751098633,0.4179092347621918,0.9070398211479187,0.0
482,,,,,,,,,,,,,,,,,-3.9009995460510254,1.7341530110570602e-05,-0.03222639858722687,0.0279738400131464,,,,,,,,,,,,,,0.8476097583770752,0.020021915435791016,442.0,0.21179962158203125,67.87000274658203,5.998762607574463,-0.3157993257045746,-3.7627542042173445e-05,0.7819880843162537,0.866412341594696,0.6649383902549744,0.9158167243003845,0.27894628047943115,0.42092546820640564,0.9037332534790039,0.0
483,-0.13917815685272217,-1.6709480405552313e-05,0.333877831697464,0.3689252734184265,0.2882883548736572,0.39490145444869995,0.12398797273635864,0.17733314633369446,0.3947486877441406,0.0,0.0,0.0,0.0,0.875,0.125,0.0,-3.9035346508026123,1.7341530110570602e-05,-0.03093709796667099,0.035378195345401764,2.882413625717163,1.1912856101989746,0.4150061011314392,0.6829448342323303,3.2938876152038574,1.0074790716171265,0.177769735455513,0.5470907688140869,0.45433467626571655,6.559904098510742,0.0,0.0,0.0,0.820763111114502,0.020154953002929688,456.0,0.21180763840675354,67.72000122070312,5.9871368408203125,-0.309156596660614,-4.5856842916691676e-05,0.7418774962425232,0.827220618724823,0.616396427154541,0.8904101252555847,0.2609565258026123,0.3931907117366791,0.9012987017631531,0.0
484,,,,,,,,,,,,,,,,,-3.903641700744629,2.60122942563612e-05,-0.029070137068629265,0.01876842975616455,,,,,,,,,,,,,,0.867854118347168,0.020514965057373047,432.0,0.2117786556482315,67.30999755859375,5.952485084533691,-0.31439709663391113,-1.2979618077224586e-05,0.765487015247345,0.8540859222412109,0.6871852874755859,0.912675678730011,0.3028380274772644,0.41796624660491943,0.9089571833610535,0.0
485,,,,,,,,,,,,,,,,,-3.9099202156066895,2.60122942563612e-05,-0.023195834830403328,0.03145567700266838,,,,,,,,,,,,,,0.8763151168823242,0.021373987197875977,427.0,0.21173445880413055,66.6500015258789,5.913455963134766,-0.313833624124527,-2.6448420612723567e-05,0.8012182116508484,0.8889384269714355,0.6949431300163269,0.9268402457237244,0.30042722821235657,0.4359661638736725,0.9069509506225586,0.0
486,,,,,,,,,,,,,,,,,-3.9154489040374756,2.60122942563612e-05,-0.03085220977663994,0.04112875461578369,,,,,,,,,,,,,,0.8701827526092529,0.022248029708862305,430.0,0.21169626712799072,65.55999755859375,5.838193893432617,-0.3234753906726837,-5.891597174922936e-05,0.763189971446991,0.8503723740577698,0.665898323059082,0.908129870891571,0.2940172255039215,0.40831485390663147,0.9028422236442566,0.0
487,,,,,,,,,,,,,,,,,-3.920619010925293,1.7341530110570602e-05,-0.027996037155389786,0.01364918053150177,,,,,,,,,,,,,,0.8875579833984375,0.019877910614013672,423.0,0.21167154610157013,65.1500015258789,5.811760425567627,-0.3167339265346527,-9.015971613735019e-07,0.8126049041748047,0.9042415618896484,0.7452020645141602,0.9426708221435547,0.33628904819488525,0.4531668722629547,0.9121808409690857,0.0
488,,,,,,,,,,,,,,,,,-3.9213552474975586,2.60122942563612e-05,-0.02672850340604782,0.05526203662157059,,,,,,,,,,,,,,0.8421919345855713,0.020811080932617188,444.0,0.2116919308900833,64.9800033569336,5.799488067626953,-0.31412455439567566,-1.9392251488170587e-05,0.7850330471992493,0.8685093522071838,0.6378805041313171,0.9096889495849609,0.2679847180843353,0.4183594286441803,0.8992778658866882,0.0
489,,,,,,,,,,,,,,,,,-3.9172842502593994,2.60122942563612e-05,-0.030118269845843315,0.05747658386826515,,,,,,,,,,,,,,0.8240218162536621,0.01980304718017578,455.0,0.2117127776145935,65.11000061035156,5.8136677742004395,-0.3094182014465332,-5.409243385656737e-05,0.7074239253997803,0.7920918464660645,0.5893814563751221,0.8744640350341797,0.24534521996974945,0.37020981311798096,0.8936782479286194,0.0
490,,,,,,,,,,,,,,,,,-3.9168272018432617,2.60122942563612e-05,-0.033289797604084015,0.028063131496310234,,,,,,,,,,,,,,0.8736751079559326,0.020004987716674805,429.0,0.21171501278877258,64.7300033569336,5.789607524871826,-0.31227076053619385,-3.037504393432755e-05,0.7867664694786072,0.8697619438171387,0.7011451125144958,0.9214292168617249,0.30892065167427063,0.42931005358695984,0.9050660133361816,0.0
491,,,,,,,,,,,,,,,,,-3.9151010513305664,1.7341530110570602e-05,-0.03152601793408394,0.04243859648704529,,,,,,,,,,,,,,0.8413600921630859,0.020396947860717773,445.0,0.21173574030399323,64.43000030517578,5.7745771408081055,-0.3184482157230377,-4.3590775021584705e-05,0.7854288220405579,0.8729742169380188,0.6562574505805969,0.9149425029754639,0.28029513359069824,0.4230726659297943,0.8938048481941223,0.0
492,,,,,,,,,,,,,,,,,-3.9119770526885986,1.7341530110570602e-05,-0.029944004490971565,0.02403218299150467,,,,,,,,,,,,,,0.851823091506958,0.019733905792236328,440.0,0.21176612377166748,64.08999633789062,5.755540370941162,-0.3137756288051605,-3.980549445259385e-05,0.7622674107551575,0.8555168509483337,0.6689137816429138,0.9099629521369934,0.29775887727737427,0.414905309677124,0.9052081108093262,0.0
493,,,,,,,,,,,,,,,,,-3.9074745178222656,1.7341530110570602e-05,-0.029530560597777367,0.022202713415026665,,,,,,,,,,,,,,0.8717119693756104,0.020694971084594727,430.0,0.21179096400737762,63.9900016784668,5.7432122230529785,-0.3080635666847229,-2.7725056497729383e-05,0.795293390750885,0.8717381954193115,0.6798573136329651,0.9173758625984192,0.30123430490493774,0.4245765507221222,0.899660050868988,0.0
494,-0.13229084014892578,-1.6538377167307772e-05,0.33337223529815674,0.37064680457115173,0.28280529379844666,0.3903646767139435,0.12705548107624054,0.1786729395389557,0.38782012462615967,0.0,0.0,0.0,0.0,1.0,0.0,0.0,-3.9031341075897217,2.60122942563612e-05,-0.026318270713090897,0.06144474074244499,1.9686033725738525,1.042538046836853,0.37322568893432617,0.6270654201507568,2.1463420391082764,0.8993520736694336,0.17844192683696747,0.5308026075363159,0.47379836440086365,4.755268096923828,0.0,0.0,0.0,0.8267998695373535,0.020322084426879883,453.0,0.21183829009532928,63.79999923706055,5.734097003936768,-0.3237776756286621,-3.904905679519288e-05,0.7552588582038879,0.8421964645385742,0.6092827916145325,0.896017849445343,0.26150867342948914,0.3982299268245697,0.8902930617332458,0.0
495,,,,,,,,,,,,,,,,,-3.897322177886963,1.7341530110570602e-05,-0.03498443216085434,0.03346303105354309,,,,,,,,,,,,,,0.8497011661529541,0.019850969314575195,441.0,0.2118546962738037,64.22000122070312,5.762426853179932,-0.3173277676105499,-5.8149598771706223e-05,0.7250707149505615,0.8109108805656433,0.6389395594596863,0.8917190432548523,0.2779240310192108,0.38854995369911194,0.8952723145484924,0.0
496,,,,,,,,,,,,,,,,,-3.897071599960327,2.60122942563612e-05,-0.029208268970251083,0.02352525107562542,,,,,,,,,,,,,,0.8650789260864258,0.020596981048583984,433.0,0.21186000108718872,64.44999694824219,5.772879600524902,-0.3020833432674408,-3.108776218141429e-05,0.7682275772094727,0.8629248142242432,0.6812036633491516,0.9168131947517395,0.301148921251297,0.42299771308898926,0.8988097310066223,0.0
497,,,,,,,,,,,,,,,,,-3.8946688175201416,2.60122942563612e-05,-0.024234037846326828,0.033769480884075165,,,,,,,,,,,,,,0.8410930633544922,0.019885778427124023,446.0,0.21188946068286896,63.9900016784668,5.7422194480896,-0.3127376437187195,-3.213300078641623e-05,0.7867770195007324,0.8645110726356506,0.6374769806861877,0.9090149402618408,0.278188556432724,0.41698920726776123,0.891810417175293,0.0
498,-0.1269155591726303,-2.0998202671762556e-05,0.32266828417778015,0.3588942587375641,0.2746431827545166,0.38023197650909424,0.11974158138036728,0.17527985572814941,0.37298083305358887,0.0,0.0,0.0,0.0,0.8333333134651184,0.3333333432674408,0.0,-3.8900742530822754,1.7341530110570602e-05,-0.03185657784342766,0.02439332939684391,1.6561039686203003,0.9734662175178528,0.33964014053344727,0.6477680206298828,2.092785120010376,0.835002601146698,0.1633327603340149,0.5013223886489868,0.46193018555641174,5.227949619293213,0.0,0.0,0.0,0.8385698795318604,0.021410226821899414,446.0,0.21193033456802368,63.790000915527344,5.724603652954102,-0.32073304057121277,-2.810169644362759e-05,0.7625089287757874,0.8558495044708252,0.6610539555549622,0.9122390747070312,0.29352623224258423,0.41783151030540466,0.8968141674995422,0.0
499,-0.13430964946746826,-9.382390999235213e-06,0.32179906964302063,0.36180251836776733,0.2776855528354645,0.3817048966884613,0.12410519272089005,0.17594556510448456,0.3751053214073181,0.0,0.0,0.0,0.0,0.800000011920929,0.20000000298023224,0.0,-3.8872172832489014,1.7341530110570602e-05,-0.028026772662997246,0.0288225244730711,1.752754807472229,0.9863910675048828,0.3450774550437927,0.574811577796936,2.177607536315918,0.8317254185676575,0.16528841853141785,0.5174204111099243,0.4205970764160156,5.115395545959473,0.0,0.0,0.0,0.8404550552368164,0.019999027252197266,446.0,0.2119256854057312,63.709999084472656,5.719048500061035,-0.3138485848903656,-4.36118571087718e-05,0.7783093452453613,0.859835147857666,0.6554980874061584,0.9118061065673828,0.29156187176704407,0.417423278093338,0.8956157565116882,0.0
500,,,,,,,,,,,,,,,,,-3.8901000022888184,2.60122942563612e-05,-0.023764416575431824,0.025836968794465065,,,,,,,,,,,,,,0.8519811630249023,0.02045893669128418,440.0,0.211886927485466,63.27000045776367,5.688990116119385,-0.3110041618347168,-1.2654515558097046e-05,0.7863752841949463,0.8632330894470215,0.6805186867713928,0.9187507033348083,0.3089803159236908,0.41764459013938904,0.8973338603973389,0.0
501,,,,,,,,,,,,,,,,,-3.89679217338562,1.7341530110570602e-05,-0.03269883990287781,0.026326825842261314,,,,,,,,,,,,,,0.8458709716796875,0.020524024963378906,443.0,0.21183329820632935,63.41999816894531,5.701065540313721,-0.3290439546108246,-5.8391120546730235e-05,0.776692807674408,0.8527092337608337,0.6473068594932556,0.9071817398071289,0.28534841537475586,0.40966591238975525,0.8929944038391113,0.0
502,,,,,,,,,,,,,,,,,-3.9041569232940674,2.60122942563612e-05,-0.021156562492251396,0.017310118302702904,,,,,,,,,,,,,,0.8547477722167969,0.020728111267089844,438.0,0.21177659928798676,63.43000030517578,5.696578025817871,-0.31347689032554626,-1.1429074220359325e-05,0.7955043911933899,0.8789697289466858,0.6901090741157532,0.9239912033081055,0.3119853734970093,0.4299715459346771,0.9008072018623352,0.0
503,-0.14376646280288696,-1.224929110321682e-05,0.3428422212600708,0.376188188791275,0.28650838136672974,0.4038727879524231,0.12587200105190277,0.1793416291475296,0.40343016386032104,0.0,0.0,0.0,0.0,1.0,0.0,0.0,-3.9090735912323,1.7341530110570602e-05,-0.03212164342403412,0.051285404711961746,2.619105815887451,1.2625458240509033,0.4442738890647888,0.6547342538833618,2.8621973991394043,1.0859527587890625,0.19364379346370697,0.5815435647964478,0.508857250213623,5.659627914428711,0.0,0.0,0.0,0.8439218997955322,0.019680023193359375,444.0,0.2117777019739151,63.720001220703125,5.714537620544434,-0.3285978138446808,-1.991434874071274e-05,0.7534832954406738,0.8410301208496094,0.6347460746765137,0.901645839214325,0.2829121947288513,0.4040611982345581,0.8914059996604919,0.0
504,,,,,,,,,,,,,,,,,-3.9073405265808105,2.60122942563612e-05,-0.030010564252734184,0.0461731031537056,,,,,,,,,,,,,,0.8683757781982422,0.02119588851928711,431.0,0.21179988980293274,64.20999908447266,5.741548538208008,-0.33493319153785706,-5.5735232308506966e-05,0.7611875534057617,0.836750328540802,0.644819974899292,0.9008863568305969,0.29209139943122864,0.397867351770401,0.893669068813324,0.0
505,,,,,,,,,,,,,,,,,-3.902413845062256,1.7341530110570602e-05,-0.032665520906448364,0.01973942667245865,,,,,,,,,,,,,,0.8744440078735352,0.02106189727783203,428.0,0.21184860169887543,64.02999877929688,5.728832244873047,-0.31658709049224854,-2.9464790713973343e-05,0.7810909152030945,0.8704648017883301,0.7153029441833496,0.9281536936759949,0.3243328332901001,0.43092337250709534,0.8957924842834473,0.0
506,,,,,,,,,,,,,,,,,-3.8949787616729736,2.60122942563612e-05,-0.02862923964858055,0.04015170410275459,,,,,,,,,,,,,,0.8155782222747803,0.021362781524658203,458.0,0.21191741526126862,63.560001373291016,5.701849460601807,-0.31464171409606934,-1.5918654753477313e-05,0.7585538029670715,0.834251880645752,0.613879382610321,0.8956286311149597,0.27619102597236633,0.3920544683933258,0.8877618312835693,0.0
507,-0.13308067619800568,-1.707362025626935e-05,0.31563326716423035,0.3480105698108673,0.2712481915950775,0.3736574947834015,0.12428370863199234,0.1671927571296692,0.36790430545806885,0.0,0.0,0.0,0.0,1.399999976158142,0.20000000298023224,0.0,-3.8913865089416504,2.60122942563612e-05,-0.02835601009428501,0.02946455031633377,1.7840290069580078,1.0614005327224731,0.39111071825027466,0.5862072110176086,2.396934986114502,0.9659804105758667,0.18135547637939453,0.5484328269958496,0.4720686078071594,5.516762733459473,0.0,0.0,0.0,0.8503930568695068,0.02059483528137207,440.0,0.21187865734100342,63.52000045776367,5.697240829467773,-0.31856870651245117,-2.598697210487444e-05,0.7733573913574219,0.851057231426239,0.6932870745658875,0.914000928401947,0.3206840455532074,0.41101500391960144,0.8987603783607483,0.0
508,,,,,,,,,,,,,,,,,-3.897362232208252,1.7341530110570602e-05,-0.030609318986535072,0.018023325130343437,,,,,,,,,,,,,,0.846686840057373,0.020592927932739258,442.0,0.21185196936130524,63.7599983215332,5.708302974700928,-0.31266847252845764,-5.914103439863538e-06,0.7813900113105774,0.8580946326255798,0.6785246729850769,0.9159825444221497,0.3091402053833008,0.41897115111351013,0.8908541798591614,0.0
509,-0.12060646712779999,-3.603130835472257e-06,0.30260202288627625,0.33510759472846985,0.2697567641735077,0.354995459318161,0.12443248182535172,0.16438508033752441,0.34449031949043274,0.0,0.0,0.0,0.0,0.375,0.75,0.0,-3.8974735736846924,2.60122942563612e-05,-0.022953741252422333,0.04647040367126465,1.4429783821105957,0.8068035840988159,0.30646151304244995,0.5052118301391602,1.9524657726287842,0.7408114075660706,0.14797134697437286,0.46868008375167847,0.449706107378006,5.236062049865723,0.0,0.0,0.0,0.8449599742889404,0.021289348602294922,443.0,0.21187902987003326,63.279998779296875,5.677248001098633,-0.32517263293266296,-2.5718834876897745e-05,0.7598617672920227,0.8479366302490234,0.675107479095459,0.9123439788818359,0.316299170255661,0.40864336490631104,0.8936098217964172,0.0
510,,,,,,,,,,,,,,,,,-3.892219305038452,1.1561020073713735e-05,-0.026790782809257507,0.02166081592440605,,,,,,,,,,,,,,0.8748617172241211,0.020611047744750977,428.0,0.21192485094070435,62.650001525878906,5.636785507202148,-0.3195212185382843,-1.376222280669026e-05,0.8064801692962646,0.8981037139892578,0.7640438079833984,0.947453498840332,0.35598722100257874,0.44908973574638367,0.9060772061347961,0.0
511,,,,,,,,,,,,,,,,,-3.8872573375701904,2.60122942563612e-05,-0.021091261878609657,0.031468890607357025,,,,,,,,,,,,,,0.8347928524017334,0.019872188568115234,449.0,0.2119574248790741,61.849998474121094,5.586277008056641,-0.32096222043037415,-8.495230758853722e-06,0.8011815547943115,0.8760496973991394,0.6858542561531067,0.9232991337776184,0.3174593150615692,0.4215894639492035,0.8939031958580017,0.0
