iteration,Episode_Reward/action_rate,Episode_Reward/batting,Episode_Reward/failure,Episode_Reward/upright,Episode_Termination/fallen,Episode_Termination/invalid_contact,Episode_Termination/time_out,Loss/entropy,Loss/learning_rate,Loss/surrogate,Loss/value,Perf/collection_time,Perf/learning_time,Perf/total_fps,Policy/mean_std,Train/mean_episode_length,Train/mean_reward,reward/action_rate,reward/batting,reward/failure,reward/upright
0,,,,,,,,-1.346362829208374,2.9629629352712072e-05,-0.03262098878622055,6.925227642059326,0.1028289794921875,0.026257991790771484,743.0,0.19934041798114777,14.0,-4.6896491050720215,-0.0055766236037015915,-2.7679455280303955,-7.8125,0.9999095797538757
1,,,,,,,,-1.3599790334701538,0.0003375000087544322,-0.009180833585560322,4.987827301025391,0.08737683296203613,0.013744115829467773,949.0,0.19909872114658356,14.285714149475098,-4.690366744995117,-0.005591399967670441,0.1559026837348938,-10.416666984558105,0.99971604347229
2,,,,,,,,-1.3585056066513062,4.444444493856281e-05,-0.03624335303902626,3.814667224884033,0.08882784843444824,0.0106658935546875,964.0,0.1994236558675766,18.700000762939453,-4.562500953674316,-0.005063144955784082,0.1917291283607483,-7.8125,0.999823808670044
3,,,,,,,,-1.3508415222167969,9.999999747378752e-05,-0.019780483096837997,1.6894986629486084,0.08659505844116211,0.010293006896972656,990.0,0.19963394105434418,23.08333396911621,-4.936715126037598,-0.005296444986015558,0.3504906892776489,-5.208333492279053,0.9997360110282898
4,,,,,,,,-1.3489720821380615,0.00022499999613501132,-0.014617538079619408,0.06310222297906876,0.07600188255310059,0.009910106658935547,1117.0,0.19944928586483002,23.08333396911621,-4.936715126037598,-0.006284416187554598,0.031028257682919502,0.0,0.9995756149291992
5,,,,,,,,-1.3440319299697876,6.666666740784422e-05,-0.013414431363344193,0.025269081816077232,0.0762166976928711,0.009777307510375977,1116.0,0.20001018047332764,23.08333396911621,-4.936715126037598,-0.005793588235974312,1.7222284709461633e-10,0.0,0.9997649788856506
6,,,,,,,,-1.3306211233139038,9.999999747378752e-05,-0.01690414920449257,1.5281132459640503,0.08517289161682129,0.010181903839111328,1006.0,0.20018264651298523,37.13333511352539,-3.8696329593658447,-0.005968629848212004,0.0011390353320166469,-2.6041667461395264,0.9998142719268799
7,,,,,,,,-1.3272311687469482,9.999999747378752e-05,-0.014629165641963482,2.0690014362335205,0.0929567813873291,0.009602069854736328,936.0,0.20026075839996338,38.38888931274414,-3.60477352142334,-0.005344404373317957,0.3880026638507843,-5.208333492279053,0.9997849464416504
8,,,,,,,,-1.3226675987243652,6.666666740784422e-05,-0.020810486748814583,0.0984417274594307,0.07802796363830566,0.010010242462158203,1090.0,0.200448676943779,38.38888931274414,-3.60477352142334,-0.005579355638474226,0.21018296480178833,0.0,0.9995805621147156
9,,,,,,,,-1.3145573139190674,0.00022499999613501132,-0.0106967119500041,0.04039016366004944,0.07567095756530762,0.06789088249206543,668.0,0.20079118013381958,38.38888931274414,-3.60477352142334,-0.005849376320838928,9.188810508931056e-05,0.0,0.9996827244758606
10,,,,,,,,-1.3096611499786377,6.666666740784422e-05,-0.030037861317396164,0.02021375298500061,0.07954788208007812,0.009717941284179688,1075.0,0.20064567029476166,41.6315803527832,-3.299398899078369,-0.005676874425262213,3.6620367609430104e-06,0.0,0.9997943043708801
11,,,,,,,,-1.317692518234253,6.666666740784422e-05,-0.028731543570756912,1.545062780380249,0.08571290969848633,0.009660720825195312,1006.0,0.20037437975406647,48.130435943603516,-2.639427661895752,-0.00668773939833045,0.1323375254869461,-2.6041667461395264,0.9997544884681702
12,,,,,,,,-1.3235548734664917,0.0001500000071246177,-0.01795263960957527,3.511864185333252,0.08127808570861816,0.010518074035644531,1045.0,0.20039957761764526,48.130435943603516,-2.639427661895752,-0.005255530122667551,-3.2320878505706787,0.0,0.999704897403717
13,,,,,,,,-1.3234601020812988,0.0001500000071246177,-0.015465768054127693,0.052784815430641174,0.07572078704833984,0.009696006774902344,1123.0,0.20033827424049377,48.130435943603516,-2.639427661895752,-0.00571981118991971,0.002324488712474704,0.0,0.9996115565299988
14,,,,,,,,-1.3250887393951416,9.999999747378752e-05,-0.02033587172627449,1.5225292444229126,0.08237624168395996,0.010392904281616211,1034.0,0.20040707290172577,50.720001220703125,-2.757202625274658,-0.0057356334291398525,0.00012199980119476095,-2.6041667461395264,0.9998242855072021
15,,,,,,,,-1.3194122314453125,9.999999747378752e-05,-0.03431331366300583,0.1267898976802826,0.08116722106933594,0.010413885116577148,1048.0,0.20076239109039307,52.61538314819336,-2.5673155784606934,-0.005844166036695242,0.2743408977985382,0.0,0.9997386932373047
16,,,,,,,,-1.3146384954452515,0.0001500000071246177,-0.016724152490496635,0.07391166687011719,0.07953476905822754,0.009732246398925781,1075.0,0.2004718780517578,54.37036895751953,-2.3898448944091797,-0.00546670937910676,0.227642223238945,0.0,0.9997120499610901
17,,,,,,,,-1.3255177736282349,6.666666740784422e-05,-0.030083533376455307,0.023566612973809242,0.07503199577331543,0.010156869888305664,1126.0,0.2004055231809616,54.37036895751953,-2.3898448944091797,-0.0061517744325101376,0.010592516511678696,0.0,0.9997170567512512
18,,,,,,,,-1.3234460353851318,9.999999747378752e-05,-0.021021541208028793,0.01950446330010891,0.08189797401428223,0.00973200798034668,1047.0,0.20051801204681396,57.517242431640625,-2.0697712898254395,-0.0056600808165967464,1.577925985429829e-07,0.0,0.9998164176940918
19,,,,,,,,-1.3212621212005615,0.0001500000071246177,-0.01960594579577446,5.970335960388184,0.08424997329711914,0.00991511344909668,1019.0,0.20053382217884064,58.93333435058594,-1.9264038801193237,-0.005615303758531809,-6.641658782958984,0.0,0.9997243285179138
20,,,,,,,,-1.3248838186264038,6.666666740784422e-05,-0.02211918868124485,0.08148087561130524,0.08330631256103516,0.009736061096191406,1031.0,0.2003021538257599,60.25806427001953,-1.7932122945785522,-0.005724533926695585,0.1952398270368576,0.0,0.9996406435966492
21,,,,,,,,-1.3313237428665161,9.999999747378752e-05,-0.025134975090622902,0.03397306427359581,0.07568693161010742,0.009933948516845703,1121.0,0.20021112263202667,60.25806427001953,-1.7932122945785522,-0.005438921973109245,0.0703842043876648,0.0,0.9996944069862366
22,,,,,,,,-1.3248603343963623,0.0005062500131316483,-0.014517080038785934,0.01634773053228855,0.07641816139221191,0.009811878204345703,1113.0,0.20084960758686066,61.5,-1.8781667947769165,-0.005370760802179575,2.6830679344946873e-10,0.0,0.9997984766960144
23,,,,,,,,-1.291204571723938,6.666666740784422e-05,-0.007876246236264706,0.056943830102682114,0.08362126350402832,0.009702920913696289,1028.0,0.20171096920967102,62.66666793823242,-1.9504331350326538,-0.00519556226208806,0.22527100145816803,0.0,0.9997978210449219
24,-0.005554916337132454,0.127499520778656,0.0,0.9997423887252808,0.0,0.0,1.0,-1.2781330347061157,0.0001500000071246177,-0.017072932794690132,0.05086808651685715,0.08532571792602539,0.009897232055664062,1008.0,0.20167659223079681,64.80000305175781,-1.710787057876587,-0.006104357540607452,0.12594011425971985,0.0,0.9997096061706543
25,,,,,,,,-1.2900729179382324,0.0005062500131316483,-0.028021318838000298,1.9033464193344116,0.07605195045471191,0.00975489616394043,1118.0,0.20102541148662567,64.80000305175781,-1.710787057876587,-0.005663074087351561,-2.884469747543335,0.0,0.9996297955513
26,,,,,,,,-1.305614948272705,4.444444493856281e-05,-0.022881969809532166,0.01758425310254097,0.07603001594543457,0.009752035140991211,1119.0,0.20089876651763916,64.80000305175781,-1.710787057876587,-0.005440944340080023,1.8906038193322594e-11,0.0,0.9997744560241699
27,-0.005734975449740887,0.11238283663988113,0.0,0.999754786491394,0.0,0.0,1.0,-1.3065390586853027,0.0003375000087544322,-0.017260383814573288,0.061648063361644745,0.0834500789642334,0.009886026382446289,1028.0,0.20089194178581238,66.70270538330078,-1.4987009763717651,-0.005685857962816954,0.22626523673534393,0.0,0.9998348355293274
28,,,,,,,,-1.304069995880127,6.666666740784422e-05,-0.019765326753258705,0.03001350909471512,0.08730792999267578,0.009543180465698242,991.0,0.2010190635919571,68.4102554321289,-1.4561190605163574,-0.00500748073682189,0.23726461827754974,0.0,0.9996938109397888
29,,,,,,,,-1.3022875785827637,6.666666740784422e-05,-0.029570110142230988,4.936598777770996,0.07591104507446289,0.01047205924987793,1111.0,0.2009221464395523,68.4102554321289,-1.4561190605163574,-0.004825760144740343,-7.227827548980713,0.0,0.9995965957641602
30,,,,,,,,-1.307122826576233,9.999999747378752e-05,-0.01331755518913269,0.014353095553815365,0.0756230354309082,0.01013803482055664,1119.0,0.2008109837770462,68.4102554321289,-1.4561190605163574,-0.006172800902277231,1.256614251699824e-34,0.0,0.9997782707214355
31,,,,,,,,-1.3147929906845093,9.999999747378752e-05,-0.026479359716176987,0.017869483679533005,0.0830528736114502,0.009884119033813477,1032.0,0.2003387063741684,69.95121765136719,-1.2742608785629272,-0.00525458762422204,0.1085125282406807,0.0,0.9998817443847656
32,,,,,,,,-1.3310856819152832,0.0001500000071246177,-0.018160441890358925,0.030604571104049683,0.0840308666229248,0.010929107666015625,1010.0,0.20007570087909698,71.34883880615234,-1.4376881122589111,-0.005624381359666586,0.17477627098560333,0.0,0.9997155070304871
33,,,,,,,,-1.3377832174301147,6.666666740784422e-05,-0.03738515079021454,5.051973342895508,0.07724905014038086,0.01023101806640625,1097.0,0.1998998522758484,71.34883880615234,-1.4376881122589111,-0.005521799903362989,-6.403312683105469,0.0,0.9996106624603271
34,,,,,,,,-1.3429594039916992,0.0001500000071246177,-0.018328048288822174,0.010507222265005112,0.07545804977416992,0.009769916534423828,1126.0,0.19981062412261963,71.34883880615234,-1.4376881122589111,-0.005606563296169043,6.273644815045542e-17,0.0,0.9997627139091492
35,,,,,,,,-1.3462119102478027,6.666666740784422e-05,-0.03861638158559799,0.008698034100234509,0.08435511589050293,0.009824037551879883,1019.0,0.1997116357088089,72.62222290039062,-1.2746052742004395,-0.005286784376949072,0.018306231126189232,0.0,0.9998908042907715
36,,,,,,,,-1.3482292890548706,0.0001500000071246177,-0.018641702830791473,2.3531007766723633,0.08189988136291504,0.009994029998779297,1044.0,0.1996702253818512,73.7872314453125,-1.3961272239685059,-0.005844543222337961,-3.413766622543335,0.0,0.9997100830078125
37,,,,,,,,-1.3483422994613647,6.666666740784422e-05,-0.0228741317987442,6.976010799407959,0.0784614086151123,0.010133743286132812,1083.0,0.19978128373622894,73.7872314453125,-1.3961272239685059,-0.005927587393671274,-7.397042751312256,0.0,0.9996760487556458
38,,,,,,,,-1.3466863632202148,0.0001500000071246177,-0.021131200715899467,0.00822383351624012,0.07476592063903809,0.009786128997802734,1135.0,0.1996905505657196,73.7872314453125,-1.3961272239685059,-0.005835802759975195,1.8877323546017712e-14,0.0,0.9997274279594421
39,,,,,,,,-1.3559114933013916,6.666666740784422e-05,-0.032311975955963135,0.00472914008423686,0.08479499816894531,0.009742975234985352,1015.0,0.19934090971946716,74.85713958740234,-1.3910324573516846,-0.005341280717402697,9.574514115229249e-05,0.0,0.9998905658721924
40,,,,,,,,-1.366117000579834,0.0001500000071246177,-0.031793393194675446,0.10536148399114609,0.07928776741027832,0.010221004486083984,1072.0,0.19901393353939056,75.36000061035156,-1.4692912101745605,-0.005438367370516062,0.25564613938331604,0.0,0.9997730255126953
41,,,,,,,,-1.3787280321121216,9.999999747378752e-05,-0.03097207099199295,10.971731185913086,0.08091187477111816,0.009675979614257812,1059.0,0.19877152144908905,75.8431396484375,-1.5370104312896729,-0.005705658346414566,-8.686615943908691,0.0,0.9996857643127441
42,,,,,,,,-1.377719521522522,0.0001500000071246177,-0.01938159391283989,0.014459148049354553,0.07634806632995605,0.00990605354309082,1112.0,0.19912779331207275,75.8431396484375,-1.5370104312896729,-0.004911837633699179,0.005344092845916748,0.0,0.9996941685676575
43,,,,,,,,-1.367957592010498,6.666666740784422e-05,-0.01959569752216339,0.00615641288459301,0.07935380935668945,0.009685993194580078,1078.0,0.19915993511676788,76.75471496582031,-1.394698977470398,-0.005752816796302795,1.6071578556875465e-07,0.0,0.9998396039009094
44,,,,,,,,-1.3734079599380493,9.999999747378752e-05,-0.01878439635038376,0.11818709224462509,0.08142685890197754,0.01055002212524414,1043.0,0.19879858195781708,77.18518829345703,-1.461769938468933,-0.005093131680041552,0.27158889174461365,0.0,0.9997775554656982
45,,,,,,,,-1.3811637163162231,9.999999747378752e-05,-0.016032347455620766,0.05818629637360573,0.08313798904418945,0.010394096374511719,1026.0,0.19890953600406647,77.5999984741211,-1.5747243165969849,-0.006312608253210783,0.1943296641111374,0.0,0.9996921420097351
46,,,,,,,,-1.3801523447036743,9.999999747378752e-05,-0.024584511294960976,0.015480101108551025,0.07481503486633301,0.009624004364013672,1136.0,0.1986556053161621,77.5999984741211,-1.5747243165969849,-0.004902406129986048,0.05546721816062927,0.0,0.9996729493141174
47,,,,,,,,-1.4007083177566528,0.0001500000071246177,-0.02766701579093933,0.0028288690373301506,0.07590413093566895,0.009668111801147461,1121.0,0.1975967139005661,78.0,-1.505934238433838,-0.005125600378960371,2.622407846430974e-10,0.0,0.9997913241386414
48,,,,,,,,-1.4404994249343872,6.666666740784422e-05,-0.03154127672314644,3.629448413848877,0.0833590030670166,0.00970005989074707,1031.0,0.19681891798973083,78.3859634399414,-1.440480351448059,-0.005628103390336037,-3.359846830368042,0.0,0.9997813105583191
49,-0.005450134165585041,0.11933375895023346,0.0,0.9997140169143677,0.0,0.0,1.0,-1.4541428089141846,6.666666740784422e-05,-0.016483770683407784,0.6070308089256287,0.0859229564666748,0.010788202285766602,992.0,0.19676139950752258,79.11864471435547,-1.3161523342132568,-0.005338008049875498,-3.7306134700775146,0.0,0.9996729493141174
50,,,,,,,,-1.4613943099975586,0.00022499999613501132,-0.02134467475116253,2.484222173690796,0.07710504531860352,0.009873151779174805,1103.0,0.19620513916015625,79.11864471435547,-1.3161523342132568,-0.0054894802160561085,-3.271043539047241,0.0,0.9996815323829651
51,,,,,,,,-1.4784986972808838,4.444444493856281e-05,-0.04564358666539192,0.010806122794747353,0.07691287994384766,0.011237144470214844,1089.0,0.19606758654117584,79.11864471435547,-1.3161523342132568,-0.0049019125290215015,8.28564876147078e-16,0.0,0.9998558163642883
52,-0.005276016891002655,-3.4718170166015625,0.0,0.9997892379760742,0.0,0.0,1.0,-1.476866364479065,0.0001500000071246177,-0.018014343455433846,4.418999671936035,0.08652472496032715,0.010392189025878906,990.0,0.1962157040834427,79.80327606201172,-1.4354459047317505,-0.005571628455072641,-3.651806592941284,0.0,0.999868631362915
53,,,,,,,,-1.478600025177002,9.999999747378752e-05,-0.025898300111293793,0.048260487616062164,0.08572077751159668,0.010218143463134766,1000.0,0.1957947015762329,80.44444274902344,-1.4221014976501465,-0.005918489303439856,0.21924729645252228,0.0,0.9996940493583679
54,,,,,,,,-1.4988993406295776,9.999999747378752e-05,-0.009274174459278584,1.158976674079895,0.07609891891479492,0.009788036346435547,1117.0,0.1951664686203003,80.44444274902344,-1.4221014976501465,-0.005665050819516182,-2.999159097671509,0.0,0.9996690154075623
55,,,,,,,,-1.5069860219955444,9.999999747378752e-05,-0.023993315175175667,0.005080987699329853,0.07551097869873047,0.009766101837158203,1125.0,0.19546057283878326,80.44444274902344,-1.4221014976501465,-0.005223611835390329,3.0925896226108307e-06,0.0,0.9998483657836914
56,,,,,,,,-1.501259207725525,0.00022499999613501132,-0.01698160544037819,0.009911554865539074,0.08289408683776855,0.010835886001586914,1024.0,0.19511617720127106,81.04615020751953,-1.4229801893234253,-0.006199382711201906,0.16086895763874054,0.0,0.9999158978462219
57,,,,,,,,-1.5247344970703125,9.999999747378752e-05,-0.014872291125357151,1.3816167116165161,0.0849001407623291,0.010144948959350586,1010.0,0.1944110095500946,81.6119384765625,-1.4028050899505615,-0.005246944725513458,-3.643730878829956,0.0,0.9997086524963379
58,,,,,,,,-1.5411440134048462,6.666666740784422e-05,-0.029000092297792435,5.9408159255981445,0.07803010940551758,0.010167837142944336,1088.0,0.19416886568069458,81.6119384765625,-1.4028050899505615,-0.005290145520120859,-7.181068420410156,0.0,0.9996736645698547
59,,,,,,,,-1.5452015399932861,6.666666740784422e-05,-0.015463331714272499,0.009962806478142738,0.07501697540283203,0.009688138961791992,1133.0,0.19417399168014526,81.6119384765625,-1.4028050899505615,-0.006054973695427179,1.0610628417291167e-14,0.0,0.9998293519020081
60,,,,,,,,-1.5454648733139038,9.999999747378752e-05,-0.023036129772663116,0.005356963723897934,0.08379697799682617,0.00960087776184082,1027.0,0.194107323884964,82.14492797851562,-1.402237892150879,-0.005557889584451914,0.02161577343940735,0.0,0.9999538064002991
61,,,,,,,,-1.5520185232162476,0.0001500000071246177,-0.02383727952837944,3.169849395751953,0.08068203926086426,0.009607076644897461,1063.0,0.1936561018228531,82.64788818359375,-1.5001296997070312,-0.005512503907084465,-3.4725825786590576,0.0,0.9997568726539612
62,,,,,,,,-1.5639315843582153,2.9629629352712072e-05,-0.021260157227516174,0.16676144301891327,0.07956385612487793,0.009926319122314453,1072.0,0.19363771378993988,82.64788818359375,-1.5001296997070312,-0.004716118331998587,0.26287099719047546,0.0,0.9997414946556091
63,,,,,,,,-1.5603113174438477,0.00022499999613501132,-0.014585353434085846,0.004238194786012173,0.07525181770324707,0.010064840316772461,1125.0,0.19380417466163635,82.64788818359375,-1.5001296997070312,-0.005459409207105637,0.002326342975720763,0.0,0.9998415112495422
64,,,,,,,,-1.5520917177200317,9.999999747378752e-05,-0.01948677748441696,0.006959614343941212,0.08403301239013672,0.010627985000610352,1014.0,0.19399702548980713,83.123291015625,-1.4953068494796753,-0.004828926641494036,0.0001522015518276021,0.0,0.9999445080757141
65,,,,,,,,-1.5448209047317505,9.999999747378752e-05,-0.018992580473423004,2.920729160308838,0.08150792121887207,0.009829044342041016,1051.0,0.19432054460048676,83.35134887695312,-1.4445445537567139,-0.005092795472592115,-3.4308013916015625,0.0,0.9997795224189758
66,,,,,,,,-1.539088487625122,4.444444493856281e-05,-0.021583015099167824,3.760754108428955,0.0812530517578125,0.009858131408691406,1053.0,0.19421790540218353,83.57333374023438,-1.3955769538879395,-0.005101418122649193,-3.787998914718628,0.0,0.9997417330741882
67,,,,,,,,-1.542633056640625,9.999999747378752e-05,-0.016847971826791763,0.014793483540415764,0.07577800750732422,0.010177135467529297,1116.0,0.19418638944625854,83.57333374023438,-1.3955769538879395,-0.004914246033877134,0.007235670927911997,0.0,0.9998164176940918
68,,,,,,,,-1.5436747074127197,9.999999747378752e-05,-0.019906889647245407,0.005133137106895447,0.0800318717956543,0.009570121765136719,1071.0,0.19408953189849854,84.0,-1.3932068347930908,-0.005419902969151735,2.4954502464424877e-07,0.0,0.999959409236908
69,,,,,,,,-1.5521787405014038,9.999999747378752e-05,-0.01926269754767418,2.8941309452056885,0.08223986625671387,0.010223865509033203,1038.0,0.19373571872711182,84.20513153076172,-1.4459327459335327,-0.0052762702107429504,-3.278329610824585,0.0,0.9998313784599304
70,,,,,,,,-1.5640722513198853,6.666666740784422e-05,-0.02036154642701149,0.15212790668010712,0.0842139720916748,0.009947776794433594,1019.0,0.1934528350830078,84.40505981445312,-1.3994489908218384,-0.005006516817957163,0.24005591869354248,0.0,0.9997506141662598
71,,,,,,,,-1.5702165365219116,9.999999747378752e-05,-0.0204280037432909,2.12274169921875,0.0756068229675293,0.01034998893737793,1116.0,0.19345161318778992,84.40505981445312,-1.3994489908218384,-0.004954975564032793,-3.769709587097168,0.0,0.9997444152832031
72,,,,,,,,-1.5682026147842407,4.444444493856281e-05,-0.015863988548517227,0.011802352033555508,0.07591795921325684,0.009674072265625,1121.0,0.19357143342494965,84.5999984741211,-1.4390629529953003,-0.00485130213201046,7.102782251244832e-11,0.0,0.9999491572380066
73,,,,,,,,-1.56810462474823,0.0001500000071246177,-0.01403701864182949,0.15971612930297852,0.08328795433044434,0.009946107864379883,1029.0,0.19332587718963623,84.79012298583984,-1.3934452533721924,-0.004624384921044111,0.29682672023773193,0.0,0.9998852610588074
74,-0.0047579193487763405,-1.69523024559021,0.0,0.9998284578323364,0.0,0.0,1.0,-1.5836769342422485,6.666666740784422e-05,-0.02001607045531273,0.6087289452552795,0.08583307266235352,0.01026606559753418,998.0,0.19283680617809296,85.15662384033203,-1.393610954284668,-0.005236810073256493,-3.616987466812134,0.0,0.9997456669807434
75,,,,,,,,-1.5933585166931152,4.444444493856281e-05,-0.0320516936480999,0.1071762889623642,0.07766127586364746,0.010123014450073242,1093.0,0.19280055165290833,85.15662384033203,-1.393610954284668,-0.00491155544295907,0.14541111886501312,0.0,0.9997767806053162
76,,,,,,,,-1.5921236276626587,6.666666740784422e-05,-0.017187973484396935,0.0037149128038436174,0.07568788528442383,0.010245084762573242,1117.0,0.19292020797729492,85.15662384033203,-1.393610954284668,-0.004847411531955004,2.138366568260608e-07,0.0,0.9999167323112488
77,-0.004784214310348034,-1.664968490600586,0.0,0.9998375177383423,0.0,0.0,1.0,-1.5862795114517212,0.00022499999613501132,-0.01669592224061489,0.10321115702390671,0.08337807655334473,0.009849071502685547,1029.0,0.1931348294019699,85.5058822631836,-1.3923454284667969,-0.004759668372571468,0.22664131224155426,0.0,0.9999112486839294
78,,,,,,,,-1.5881978273391724,6.666666740784422e-05,-0.028257692232728004,0.03845429793000221,0.08487391471862793,0.009821891784667969,1013.0,0.19278018176555634,85.83908081054688,-1.3081058263778687,-0.00518691586330533,0.20507507026195526,0.0,0.999736487865448
79,,,,,,,,-1.6010334491729736,0.0003375000087544322,-0.01729310303926468,4.850303649902344,0.07608485221862793,0.009937286376953125,1115.0,0.19228704273700714,85.83908081054688,-1.3081058263778687,-0.0050881714560091496,-4.949998378753662,0.0,0.9997132420539856
80,,,,,,,,-1.6235495805740356,0.0001500000071246177,-0.016377417370676994,0.007977630011737347,0.07639217376708984,0.009741783142089844,1114.0,0.19176176190376282,85.83908081054688,-1.3081058263778687,-0.005049485247582197,5.140593202668242e-05,0.0,0.9998784065246582
81,,,,,,,,-1.6344470977783203,6.666666740784422e-05,-0.031420931220054626,0.012342642992734909,0.08421087265014648,0.009863853454589844,1020.0,0.19166092574596405,86.15730285644531,-1.2277168035507202,-0.005145010072737932,0.14026442170143127,0.0,0.9999375343322754
82,,,,,,,,-1.6327714920043945,0.00022499999613501132,-0.01820983737707138,0.1269075572490692,0.08224010467529297,0.009813070297241211,1042.0,0.19176141917705536,86.46154022216797,-1.2584865093231201,-0.005122645758092403,0.19614827632904053,0.0,0.9997542500495911
83,,,,,,,,-1.6376310586929321,4.444444493856281e-05,-0.01887451484799385,7.467949390411377,0.0771951675415039,0.00969696044921875,1104.0,0.19143040478229523,86.46154022216797,-1.2584865093231201,-0.005317035596817732,-8.348993301391602,0.0,0.9996826648712158
84,,,,,,,,-1.6451416015625,4.444444493856281e-05,-0.025295866653323174,0.00651405518874526,0.0761418342590332,0.010535001754760742,1107.0,0.19130738079547882,86.46154022216797,-1.2584865093231201,-0.004668566398322582,0.0016816029092296958,0.0,0.9998666644096375
85,,,,,,,,-1.649916172027588,0.0001500000071246177,-0.009362457320094109,0.0027888468466699123,0.08318686485290527,0.010434865951538086,1025.0,0.1911475509405136,86.752685546875,-1.182522177696228,-0.004764355719089508,0.02673432044684887,0.0,0.9999725818634033
86,,,,,,,,-1.659041166305542,6.666666740784422e-05,-0.008966280147433281,2.282606601715088,0.08027386665344238,0.009515047073364258,1069.0,0.1909063458442688,87.03157806396484,-1.2836346626281738,-0.004604355897754431,-4.8839111328125,0.0,0.9997813105583191
87,,,,,,,,-1.6559035778045654,0.0005062500131316483,-0.01182195357978344,3.0216755867004395,0.07990288734436035,0.009674072265625,1071.0,0.1915692836046219,87.03157806396484,-1.2836346626281738,-0.004798829089850187,-3.507387161254883,0.0,0.9997085928916931
88,,,,,,,,-1.618647575378418,4.444444493856281e-05,-0.01680249720811844,0.004708064254373312,0.07450699806213379,0.00989079475402832,1137.0,0.19234679639339447,87.03157806396484,-1.2836346626281738,-0.005186907481402159,0.0014941879780963063,0.0,0.999838650226593
89,,,,,,,,-1.6054357290267944,0.0001500000071246177,-0.01989002339541912,0.00585533119738102,0.08387613296508789,0.010424137115478516,1018.0,0.19253748655319214,87.29896545410156,-1.312278389930725,-0.005499179009348154,0.00020380843488965183,0.0,0.9999644160270691
90,,,,,,,,-1.5976489782333374,9.999999747378752e-05,-0.014012407511472702,2.867997407913208,0.07948589324951172,0.00964212417602539,1077.0,0.19276097416877747,87.42857360839844,-1.3501230478286743,-0.0048884074203670025,-3.568133592605591,0.0,0.9998013377189636
91,,,,,,,,-1.5850026607513428,9.999999747378752e-05,-0.013490872457623482,4.6082282066345215,0.08033037185668945,0.010317802429199219,1059.0,0.19331727921962738,87.55555725097656,-1.3135709762573242,-0.00539054861292243,-4.751387119293213,0.0,0.9997906684875488
92,,,,,,,,-1.5698373317718506,4.444444493856281e-05,-0.03052298165857792,0.05228301137685776,0.07435131072998047,0.01026773452758789,1134.0,0.19348885118961334,87.55555725097656,-1.3135709762573242,-0.0051089562475681305,0.007053883280605078,0.0,0.9998460412025452
93,,,,,,,,-1.565698266029358,6.666666740784422e-05,-0.023801444098353386,0.00776993902400136,0.07959198951721191,0.009902000427246094,1072.0,0.1935787945985794,88.55000305175781,-1.2817425727844238,-0.004521674010902643,1.939857838806347e-07,0.0,0.9999803900718689
94,,,,,,,,-1.561637043952942,6.666666740784422e-05,-0.012339060194790363,4.593372821807861,0.07998991012573242,0.00963592529296875,1071.0,0.19374144077301025,89.41999816894531,-1.3086532354354858,-0.005244991276413202,-4.73181676864624,0.0,0.9998695254325867
95,,,,,,,,-1.552656650543213,9.999999747378752e-05,-0.019034884870052338,3.211913824081421,0.08408713340759277,0.010067939758300781,1019.0,0.19412176311016083,90.26000213623047,-1.2397531270980835,-0.005238382611423731,-3.7694008350372314,0.0,0.9997994303703308
96,,,,,,,,-1.5353394746780396,9.999999747378752e-05,-0.019779104739427567,1.5598119497299194,0.07608699798583984,0.011141061782836914,1100.0,0.19461515545845032,90.26000213623047,-1.2397531270980835,-0.005232989322394133,-3.825082778930664,0.0,0.9998031258583069
97,,,,,,,,-1.524274230003357,2.9629629352712072e-05,-0.028744665905833244,0.005663220304995775,0.07739377021789551,0.010082244873046875,1097.0,0.19467803835868835,91.0999984741211,-1.2670320272445679,-0.005440283566713333,6.267524693681636e-11,0.0,0.9999775290489197
98,,,,,,,,-1.5228413343429565,6.666666740784422e-05,-0.016308823600411415,2.7909789085388184,0.08336687088012695,0.010097980499267578,1027.0,0.1947210431098938,91.95999908447266,-1.1973252296447754,-0.005373653490096331,-3.6648948192596436,0.0,0.9998934268951416
99,-0.005439633037894964,-3.646740674972534,0.0,0.9998588562011719,0.0,0.0,1.0,-1.5221625566482544,4.444444493856281e-05,-0.017255477607250214,4.244316101074219,0.08420014381408691,0.010444879531860352,1014.0,0.19471319019794464,93.68000030517578,-1.2092128992080688,-0.0047664036974310875,-7.644276142120361,0.0,0.9997618794441223
100,,,,,,,,-1.5191869735717773,0.0001500000071246177,-0.02621818147599697,0.6135167479515076,0.0755929946899414,0.010416984558105469,1116.0,0.19491589069366455,93.68000030517578,-1.2092128992080688,-0.005804995074868202,0.12460196763277054,0.0,0.9998043179512024
101,,,,,,,,-1.511732816696167,6.666666740784422e-05,-0.015085853636264801,0.015487107448279858,0.07612109184265137,0.009493112564086914,1121.0,0.19510707259178162,93.68000030517578,-1.2092128992080688,-0.0051698884926736355,1.4440619224842521e-06,0.0,0.9999551177024841
102,-0.004903588909655809,-3.6308679580688477,0.0,0.9998531937599182,0.0,0.0,1.0,-1.5088812112808228,6.666666740784422e-05,-0.025311479344964027,0.6167281866073608,0.08413100242614746,0.009860992431640625,1021.0,0.19503529369831085,95.36000061035156,-1.2236181497573853,-0.00431362958624959,0.18068243563175201,0.0,0.9999349117279053
103,,,,,,,,-1.510846495628357,9.999999747378752e-05,-0.02217869833111763,0.28514358401298523,0.08374881744384766,0.009727001190185547,1027.0,0.19501617550849915,96.68000030517578,-1.1690990924835205,-0.004976203199476004,0.1849004477262497,0.0,0.9998261332511902
104,,,,,,,,-1.5182725191116333,0.0001500000071246177,-0.00917515717446804,0.5063414573669434,0.07569217681884766,0.009713888168334961,1124.0,0.1944960653781891,96.68000030517578,-1.1690990924835205,-0.0056247166357934475,0.13981546461582184,0.0,0.9998272061347961
105,,,,,,,,-1.537604808807373,9.999999747378752e-05,-0.011545534245669842,0.007205796893686056,0.07662391662597656,0.010105133056640625,1106.0,0.19411087036132812,96.68000030517578,-1.1690990924835205,-0.0053568813018500805,6.376286182785407e-05,0.0,0.9999520182609558
106,,,,,,,,-1.5478837490081787,6.666666740784422e-05,-0.020272454246878624,0.043829143047332764,0.08527302742004395,0.012480020523071289,982.0,0.19389799237251282,96.91000366210938,-1.0573947429656982,-0.004903536755591631,0.14071805775165558,0.0,0.9999688267707825
107,,,,,,,,-1.5532211065292358,6.666666740784422e-05,-0.0212347824126482,7.882741451263428,0.08723306655883789,0.01155996322631836,971.0,0.193862646818161,97.08000183105469,-1.053575038909912,-0.004934428259730339,-7.973134994506836,-2.6041667461395264,0.9997830390930176
108,,,,,,,,-1.5480948686599731,0.0001500000071246177,-0.00936594046652317,3.4140851497650146,0.07868313789367676,0.01188802719116211,1059.0,0.19426295161247253,97.08000183105469,-1.053575038909912,-0.004824559669941664,-3.9573049545288086,0.0,0.9997981190681458
109,,,,,,,,-1.5268580913543701,9.999999747378752e-05,-0.015196962282061577,0.006418956443667412,0.08007287979125977,0.011818170547485352,1044.0,0.19486358761787415,97.08000183105469,-1.053575038909912,-0.0047988491132855415,9.442883879273722e-07,0.0,0.9999091625213623
110,,,,,,,,-1.5157781839370728,6.666666740784422e-05,-0.03347645699977875,0.008232850581407547,0.10135507583618164,0.01388692855834961,833.0,0.19487276673316956,97.93000030517578,-1.1396076679229736,-0.0048128049820661545,0.012405329383909702,0.0,0.9999414086341858
111,,,,,,,,-1.5172020196914673,9.999999747378752e-05,-0.023437179625034332,0.557346761226654,0.10044217109680176,0.014235973358154297,837.0,0.1948259472846985,98.73999786376953,-1.1538926362991333,-0.005198691040277481,0.2161744236946106,0.0,0.9998173713684082
112,,,,,,,,-1.5158674716949463,9.999999747378752e-05,-0.014199876226484776,3.0192103385925293,0.08609175682067871,0.013142108917236328,967.0,0.19497936964035034,98.73999786376953,-1.1538926362991333,-0.0058081974275410175,-3.780132293701172,0.0,0.9998040199279785
113,,,,,,,,-1.50824773311615,4.444444493856281e-05,-0.02015734650194645,0.011408282443881035,0.08273887634277344,0.011538267135620117,1018.0,0.19516722857952118,98.73999786376953,-1.1538926362991333,-0.004997772630304098,0.0013697544345632195,0.0,0.9999122619628906
114,,,,,,,,-1.503570795059204,9.999999747378752e-05,-0.01879970356822014,0.006841883063316345,0.08626508712768555,0.010783672332763672,989.0,0.1952897012233734,98.73999786376953,-1.1540513038635254,-0.005082061048597097,8.07373653515242e-05,0.0,0.9999619126319885
115,,,,,,,,-1.5016237497329712,4.444444493856281e-05,-0.01614825427532196,3.7879457473754883,0.08751702308654785,0.01113581657409668,973.0,0.1952335685491562,99.58000183105469,-1.162305235862732,-0.005946825724095106,-4.935836315155029,0.0,0.999832808971405
116,,,,,,,,-1.5052931308746338,0.0003375000087544322,-0.012777376919984818,8.186376571655273,0.08852291107177734,0.012709856033325195,948.0,0.19494111835956573,99.58000183105469,-1.162305235862732,-0.00518332002684474,-9.030924797058105,0.0,0.9998083710670471
117,,,,,,,,-1.5246869325637817,4.444444493856281e-05,-0.030070573091506958,0.048416633158922195,0.08507108688354492,0.013252019882202148,976.0,0.19437572360038757,99.58000183105469,-1.162305235862732,-0.005676707718521357,0.00017798056069295853,0.0,0.9998810291290283
118,,,,,,,,-1.53790283203125,9.999999747378752e-05,-0.01627945527434349,0.0084986025467515,0.09310793876647949,0.012234926223754883,911.0,0.1940780133008957,99.97000122070312,-1.1350512504577637,-0.005196342710405588,1.958412809699439e-07,0.0,0.9999520778656006
119,,,,,,,,-1.5483322143554688,6.666666740784422e-05,-0.024958301335573196,5.873849868774414,0.08836102485656738,0.011510848999023438,961.0,0.19383716583251953,99.97000122070312,-1.2340352535247803,-0.004995686933398247,-8.586474418640137,0.0,0.99982088804245
120,,,,,,,,-1.5583089590072632,6.666666740784422e-05,-0.032484617084264755,3.901636838912964,0.08735513687133789,0.011284112930297852,973.0,0.19349166750907898,99.97000122070312,-1.3127189874649048,-0.004895602818578482,-4.872006893157959,0.0,0.9998182654380798
121,,,,,,,,-1.567430019378662,4.444444493856281e-05,-0.024269072338938713,0.9623012542724609,0.07828688621520996,0.010874032974243164,1076.0,0.19338580965995789,99.97000122070312,-1.3127189874649048,-0.004728874657303095,-4.405753135681152,0.0,0.999792754650116
122,,,,,,,,-1.572683572769165,9.999999747378752e-05,-0.017377013340592384,0.0074477605521678925,0.07655692100524902,0.010400772094726562,1103.0,0.193098247051239,99.97000122070312,-1.3967564105987549,-0.005450862925499678,5.948095488372829e-11,0.0,0.9998754858970642
123,,,,,,,,-1.5858055353164673,9.999999747378752e-05,-0.016666419804096222,1.1388213634490967,0.08445596694946289,0.01023101806640625,1013.0,0.19272449612617493,99.97000122070312,-1.4828191995620728,-0.005352658685296774,0.2157246470451355,0.0,0.9998490214347839
124,-0.004999467637389898,-4.453325271606445,0.0,0.9998391270637512,0.0,0.0,1.0,-1.597652554512024,9.999999747378752e-05,-0.023237772285938263,3.95106840133667,0.08670496940612793,0.010230064392089844,990.0,0.1925199180841446,99.97000122070312,-1.6654964685440063,-0.00496607506647706,-4.975557804107666,0.0,0.9998373985290527
125,,,,,,,,-1.5986840724945068,0.0001500000071246177,-0.011667391285300255,1.765735387802124,0.07687592506408691,0.011233091354370117,1089.0,0.19263362884521484,99.97000122070312,-1.6654964685440063,-0.005404938478022814,-4.18540620803833,0.0,0.9998278617858887
126,,,,,,,,-1.5961869955062866,2.9629629352712072e-05,-0.018090952187776566,0.010722928680479527,0.07731127738952637,0.0116119384765625,1079.0,0.19266436994075775,99.97000122070312,-1.6654964685440063,-0.005090171471238136,4.597084934943041e-10,0.0,0.9999399185180664
127,-0.005136236548423767,0.11377725005149841,0.0,0.9998899698257446,0.0,0.0,1.0,-1.5947643518447876,0.0003375000087544322,-0.014730583876371384,1.1987663507461548,0.08544802665710449,0.011429071426391602,990.0,0.1928481161594391,99.97000122070312,-1.5334081649780273,-0.004661713261157274,0.14718756079673767,0.0,0.9998676776885986
128,,,,,,,,-1.582939624786377,4.444444493856281e-05,-0.012414836324751377,0.4633646011352539,0.08546900749206543,0.01108694076538086,994.0,0.1931629180908203,99.97000122070312,-1.7147798538208008,-0.00473798019811511,0.1667460948228836,0.0,0.9998286366462708
129,,,,,,,,-1.5740035772323608,4.444444493856281e-05,-0.024630067870020866,2.111151695251465,0.07699799537658691,0.009968996047973633,1103.0,0.19345985352993011,99.97000122070312,-1.7147798538208008,-0.005485976580530405,-4.029600620269775,0.0,0.9998286366462708
130,,,,,,,,-1.5660336017608643,4.444444493856281e-05,-0.0164804644882679,0.004873254336416721,0.07693886756896973,0.010458230972290039,1098.0,0.1935214102268219,99.97000122070312,-1.7147798538208008,-0.005035919602960348,4.609876214090036e-07,0.0,0.999931812286377
131,,,,,,,,-1.5644961595535278,0.0001500000071246177,-0.02339647337794304,0.026087703183293343,0.08396005630493164,0.010102033615112305,1020.0,0.1936514675617218,99.97000122070312,-1.7146271467208862,-0.005287379026412964,0.0711652934551239,0.0,0.9998705983161926
132,,,,,,,,-1.5504292249679565,4.444444493856281e-05,-0.019502097740769386,2.2970082759857178,0.08404779434204102,0.010421991348266602,1016.0,0.19423219561576843,99.97000122070312,-1.737432599067688,-0.005288193468004465,-4.312028884887695,0.0,0.9997849464416504
133,,,,,,,,-1.5318739414215088,0.0001500000071246177,-0.015776721760630608,1.7215540409088135,0.07724523544311523,0.010038614273071289,1099.0,0.19483716785907745,99.97000122070312,-1.737432599067688,-0.005485936999320984,0.22256706655025482,0.0,0.9998264312744141
134,,,,,,,,-1.5106030702590942,2.9629629352712072e-05,-0.0155137674883008,0.011423966847360134,0.07529497146606445,0.010137319564819336,1123.0,0.19516068696975708,99.97000122070312,-1.737432599067688,-0.005393082741647959,0.0007250661146827042,0.0,0.9998582005500793
135,,,,,,,,-1.5044760704040527,6.666666740784422e-05,-0.017093384638428688,0.011452212929725647,0.0867009162902832,0.009852170944213867,994.0,0.1952909231185913,99.97000122070312,-1.8246952295303345,-0.005790355149656534,0.01225979533046484,0.0,0.9998961091041565
136,,,,,,,,-1.4990622997283936,4.444444493856281e-05,-0.022616812959313393,2.8449032306671143,0.08203125,0.0103607177734375,1039.0,0.19542308151721954,99.97000122070312,-1.6846994161605835,-0.005095926579087973,-4.1892991065979,0.0,0.9998028874397278
137,,,,,,,,-1.4914600849151611,0.00022499999613501132,-0.007059208117425442,1.8279087543487549,0.07658195495605469,0.010228872299194336,1105.0,0.19591999053955078,99.97000122070312,-1.6846994161605835,-0.005107429344207048,0.23464281857013702,0.0,0.9998359680175781
138,,,,,,,,-1.4695322513580322,1.975308623514138e-05,-0.029412608593702316,0.016387253999710083,0.0739290714263916,0.010110855102539062,1142.0,0.19631525874137878,99.97000122070312,-1.6846994161605835,-0.005729599390178919,0.0013850523391738534,0.0,0.9998483657836914
139,,,,,,,,-1.4636578559875488,6.666666740784422e-05,-0.026818113401532173,0.008647776208817959,0.084381103515625,0.01116800308227539,1004.0,0.1964009553194046,99.97000122070312,-1.7697398662567139,-0.005246248561888933,7.720020221313462e-05,0.0,0.9999113082885742
140,,,,,,,,-1.460816502571106,6.666666740784422e-05,-0.019187122583389282,9.13918399810791,0.08553004264831543,0.010206222534179688,1002.0,0.19649028778076172,99.8499984741211,-1.695217490196228,-0.00532945990562439,-4.144899845123291,-2.6041667461395264,0.9998190999031067
141,,,,,,,,-1.4579408168792725,9.999999747378752e-05,-0.014279293827712536,3.2868406772613525,0.07627487182617188,0.010267972946166992,1109.0,0.19654014706611633,99.8499984741211,-1.695217490196228,-0.004869855474680662,-4.11121940612793,0.0,0.9998143315315247
142,,,,,,,,-1.4603533744812012,1.975308623514138e-05,-0.01906953752040863,0.0049965521320700645,0.07543087005615234,0.009776830673217773,1126.0,0.1963919699192047,99.8499984741211,-1.695217490196228,-0.005392272025346756,3.9968817873159423e-05,0.0,0.9998694062232971
143,,,,,,,,-1.4653701782226562,0.0001500000071246177,-0.011306321248412132,0.00701477425172925,0.07979989051818848,0.010213136672973633,1066.0,0.1961575448513031,99.8499984741211,-1.7095487117767334,-0.0059438138268888,5.021748350486632e-08,0.0,0.9998241066932678
144,,,,,,,,-1.4743927717208862,4.444444493856281e-05,-0.03176837041974068,1.5042097568511963,0.08521699905395508,0.00987696647644043,1009.0,0.19602501392364502,99.8499984741211,-1.646478295326233,-0.00546369468793273,0.23148113489151,0.0,0.9998095035552979
145,,,,,,,,-1.472783088684082,9.999999747378752e-05,-0.009155886247754097,3.349717378616333,0.0816800594329834,0.010689973831176758,1039.0,0.19636674225330353,99.8499984741211,-1.646478295326233,-0.005942849908024073,-3.863753318786621,0.0,0.999808132648468
146,,,,,,,,-1.457868218421936,1.975308623514138e-05,-0.035737261176109314,0.009801258333027363,0.07752323150634766,0.00986790657043457,1098.0,0.19664373993873596,99.8499984741211,-1.646478295326233,-0.005169770214706659,0.0006377801182679832,0.0,0.9998917579650879
147,,,,,,,,-1.4545501470565796,9.999999747378752e-05,-0.011976111680269241,0.005511800292879343,0.07688713073730469,0.010010004043579102,1104.0,0.19659264385700226,99.8499984741211,-1.6464734077453613,-0.005537077784538269,7.692125159053376e-09,0.0,0.999811589717865
148,,,,,,,,-1.4559838771820068,0.0001500000071246177,-0.007582772057503462,3.0005850791931152,0.08694076538085938,0.010232210159301758,987.0,0.19662775099277496,99.8499984741211,-1.5744426250457764,-0.005499070975929499,-4.063063144683838,0.0,0.9997460246086121
149,-0.005391924642026424,-3.8315539360046387,0.0,0.9997272491455078,0.0,0.0,1.0,-1.4580618143081665,6.666666740784422e-05,-0.019773636013269424,1.4639734029769897,0.08197903633117676,0.010049819946289062,1043.0,0.19638533890247345,99.8499984741211,-1.5544443130493164,-0.005575283896178007,0.2338544726371765,0.0,0.9997982382774353
150,,,,,,,,-1.4648311138153076,2.9629629352712072e-05,-0.016825510188937187,0.01773948408663273,0.07602906227111816,0.009731769561767578,1119.0,0.19634650647640228,99.8499984741211,-1.5544443130493164,-0.005247943103313446,0.02599264495074749,0.0,0.9998502135276794
151,,,,,,,,-1.464416742324829,6.666666740784422e-05,-0.015064825303852558,0.0031117291655391455,0.07599377632141113,0.009602069854736328,1121.0,0.19641248881816864,99.8499984741211,-1.5544443130493164,-0.005177052225917578,2.133827592842863e-06,0.0,0.9997882843017578
152,-0.0053041838109493256,-1.2511411905288696,0.0,0.999800443649292,0.0,0.0,1.0,-1.4622052907943726,6.666666740784422e-05,-0.01165500096976757,0.6589102149009705,0.08570432662963867,0.009763717651367188,1005.0,0.19646036624908447,99.8499984741211,-1.6369853019714355,-0.0057968213222920895,0.13697831332683563,0.0,0.999795138835907
153,,,,,,,,-1.4624590873718262,9.999999747378752e-05,-0.017354227602481842,2.5167415142059326,0.08344483375549316,0.010313034057617188,1023.0,0.1964343786239624,99.8499984741211,-1.6374815702438354,-0.0059906779788434505,-4.212367057800293,0.0,0.999810516834259
154,,,,,,,,-1.4646905660629272,1.975308623514138e-05,-0.014460952021181583,0.1255587339401245,0.07710790634155273,0.010305166244506836,1098.0,0.1963350623846054,99.8499984741211,-1.6374815702438354,-0.0053016128949820995,0.049909863620996475,0.0,0.9998337626457214
155,,,,,,,,-1.4664044380187988,2.9629629352712072e-05,-0.018193477764725685,6.3693156242370605,0.0772700309753418,0.009874820709228516,1101.0,0.19631576538085938,99.80000305175781,-1.6182479858398438,-0.00596723472699523,3.5793591450783424e-06,-2.6041667461395264,0.9997933506965637
156,,,,,,,,-1.4658477306365967,2.9629629352712072e-05,-0.02285369113087654,3.716900110244751,0.08336114883422852,0.009891033172607422,1029.0,0.1964011937379837,99.80000305175781,-1.6312988996505737,-0.005591908004134893,-4.209404945373535,0.0,0.9997915625572205
157,,,,,,,,-1.4605599641799927,9.999999747378752e-05,-0.013637194409966469,2.727931022644043,0.0834360122680664,0.009772062301635742,1029.0,0.19668570160865784,99.80000305175781,-1.5668405294418335,-0.005575927440077066,-4.370790481567383,0.0,0.9997957348823547
158,,,,,,,,-1.4506149291992188,9.999999747378752e-05,-0.00756211718544364,0.4010293185710907,0.07861995697021484,0.010451078414916992,1077.0,0.19684825837612152,99.80000305175781,-1.5668405294418335,-0.005763617809861898,0.12857599556446075,0.0,0.9997945427894592
159,,,,,,,,-1.4489643573760986,2.9629629352712072e-05,-0.02678810805082321,0.002814261009916663,0.07602095603942871,0.00998997688293457,1116.0,0.19682280719280243,99.80000305175781,-1.5668405294418335,-0.004724263679236174,1.388877717545256e-05,0.0,0.9997697472572327
160,,,,,,,,-1.4485747814178467,6.666666740784422e-05,-0.01544181164354086,0.04365646466612816,0.08428812026977539,0.010035991668701172,1017.0,0.1969131976366043,99.80000305175781,-1.664289951324463,-0.005481487140059471,0.13587969541549683,0.0,0.9997798800468445
161,,,,,,,,-1.4459071159362793,4.444444493856281e-05,-0.013253779150545597,7.362025260925293,0.09025311470031738,0.010848045349121094,949.0,0.19692207872867584,99.02999877929688,-1.6851744651794434,-0.0052038077265024185,-8.683505058288574,-2.6041667461395264,0.9998237490653992
162,,,,,,,,-1.450745701789856,9.999999747378752e-05,-0.010457208380103111,3.258744716644287,0.07677388191223145,0.010576009750366211,1099.0,0.1966005563735962,99.02999877929688,-1.6851744651794434,-0.005436964798718691,-4.188093185424805,0.0,0.9997428059577942
163,,,,,,,,-1.4628486633300781,6.666666740784422e-05,-0.009121815674006939,0.0029523945413529873,0.07708096504211426,0.01049494743347168,1096.0,0.19636136293411255,99.02999877929688,-1.6851744651794434,-0.005406396929174662,7.455884315277217e-06,0.0,0.9998701214790344
164,,,,,,,,-1.467220664024353,4.444444493856281e-05,-0.01618301309645176,0.001382220652885735,0.0781400203704834,0.009963035583496094,1089.0,0.19638672471046448,99.02999877929688,-1.769630789756775,-0.0050161718390882015,1.5988826929103084e-09,0.0,0.9997446537017822
165,,,,,,,,-1.4647438526153564,6.666666740784422e-05,-0.02470366470515728,1.4783214330673218,0.08909201622009277,0.010064840316772461,968.0,0.19647571444511414,98.19999694824219,-1.7104312181472778,-0.00538627989590168,0.0610203742980957,-2.6041667461395264,0.9998798966407776
166,,,,,,,,-1.4606684446334839,4.444444493856281e-05,-0.01426538173109293,3.9150543212890625,0.0774679183959961,0.011604785919189453,1077.0,0.1965816617012024,98.19999694824219,-1.7104312181472778,-0.005302755627781153,-3.9122416973114014,0.0,0.9996798634529114
167,,,,,,,,-1.4567396640777588,6.666666740784422e-05,-0.013667302206158638,0.00803348422050476,0.08265495300292969,0.011112213134765625,1023.0,0.19674569368362427,98.19999694824219,-1.7104312181472778,-0.005186933092772961,0.0014758724719285965,0.0,0.999917209148407
168,,,,,,,,-1.451535701751709,2.9629629352712072e-05,-0.02765599824488163,3.1494951248168945,0.08384585380554199,0.011075973510742188,1011.0,0.19683682918548584,97.87000274658203,-1.767525553703308,-0.00490931048989296,0.05177067592740059,-2.6041667461395264,0.9998210072517395
169,,,,,,,,-1.4497655630111694,4.444444493856281e-05,-0.017703011631965637,2.14208984375,0.08574628829956055,0.010118961334228516,1001.0,0.19688910245895386,97.87000274658203,-1.7806366682052612,-0.005289094522595406,-4.549890995025635,0.0,0.9997900128364563
170,,,,,,,,-1.4458523988723755,6.666666740784422e-05,-0.013984236866235733,20.71890640258789,0.08874201774597168,0.010149002075195312,970.0,0.19712620973587036,96.33999633789062,-2.0041444301605225,-0.004603629466146231,-8.541566848754883,-5.208333492279053,0.999860942363739
171,,,,,,,,-1.4367629289627075,9.999999747378752e-05,-0.01528199017047882,0.9586012959480286,0.07564091682434082,0.010316133499145508,1116.0,0.19728274643421173,96.33999633789062,-2.0041444301605225,-0.005545948166400194,0.20235562324523926,0.0,0.9997314810752869
172,,,,,,,,-1.4371119737625122,2.9629629352712072e-05,-0.014825396239757538,0.017254739999771118,0.08239293098449707,0.01023101806640625,1036.0,0.19712193310260773,96.33999633789062,-2.0249545574188232,-0.005301550030708313,0.002394425915554166,0.0,0.9998946189880371
173,,,,,,,,-1.4406993389129639,4.444444493856281e-05,-0.018245147541165352,8.90630054473877,0.08046793937683105,0.00957798957824707,1066.0,0.19710849225521088,95.58999633789062,-2.1752166748046875,-0.005650994833558798,-4.306943416595459,-2.6041667461395264,0.9997642636299133
174,-0.005369237158447504,0.0930590033531189,0.0,0.9998059272766113,0.0,0.0,1.0,-1.4391769170761108,9.999999747378752e-05,-0.018913282081484795,3.514693260192871,0.0854339599609375,0.009758949279785156,1008.0,0.19720104336738586,95.58999633789062,-2.104525089263916,-0.005198403261601925,-4.382649898529053,0.0,0.9997492432594299
175,,,,,,,,-1.433273434638977,6.666666740784422e-05,-0.01486579142510891,1.1041289567947388,0.07894611358642578,0.009974002838134766,1079.0,0.19743426144123077,95.58999633789062,-2.104525089263916,-0.005094960797578096,0.23967133462429047,0.0,0.9997947216033936
176,,,,,,,,-1.4289789199829102,4.444444493856281e-05,-0.014628182165324688,0.016092536970973015,0.07597804069519043,0.009957075119018555,1117.0,0.19746607542037964,95.58999633789062,-2.104525089263916,-0.005163177847862244,0.004605494439601898,0.0,0.9998231530189514
177,,,,,,,,-1.4276511669158936,6.666666740784422e-05,-0.022779736667871475,0.006968727335333824,0.08290982246398926,0.010681867599487305,1025.0,0.19755518436431885,95.58999633789062,-2.121044397354126,-0.005581183359026909,5.723841809412988e-07,0.0,0.9997572898864746
178,,,,,,,,-1.425986886024475,9.999999747378752e-05,-0.01890612207353115,0.5895458459854126,0.09074807167053223,0.010970830917358398,943.0,0.1975044459104538,95.58999633789062,-2.123197555541992,-0.005535033997148275,0.27152082324028015,0.0,0.9997454285621643
179,,,,,,,,-1.432027816772461,6.666666740784422e-05,-0.0152389882132411,4.481194972991943,0.08519697189331055,0.010392904281616211,1004.0,0.19726921617984772,94.83000183105469,-2.274120330810547,-0.0050806826911866665,-4.210197448730469,-2.6041667461395264,0.9998380541801453
180,,,,,,,,-1.4417306184768677,0.0001500000071246177,-0.014761215075850487,0.11914190649986267,0.07762980461120605,0.012996196746826172,1059.0,0.19687211513519287,94.83000183105469,-2.274120330810547,-0.0055210343562066555,0.05543230101466179,0.0,0.9998021721839905
181,,,,,,,,-1.451416015625,2.9629629352712072e-05,-0.0317528136074543,0.0014302943600341678,0.08113718032836914,0.010272979736328125,1050.0,0.19682875275611877,94.83000183105469,-2.2747085094451904,-0.005087131168693304,1.1012896720785648e-05,0.0,0.999804675579071
182,,,,,,,,-1.452510118484497,9.999999747378752e-05,-0.0233196672052145,2.20761775970459,0.07961297035217285,0.010108232498168945,1069.0,0.19682493805885315,94.05999755859375,-2.244305372238159,-0.005252667237073183,0.072432741522789,-2.6041667461395264,0.9996681213378906
183,,,,,,,,-1.4507591724395752,4.444444493856281e-05,-0.03507084771990776,0.8589725494384766,0.08727502822875977,0.01025700569152832,984.0,0.19690850377082825,94.05999755859375,-2.1697022914886475,-0.005280597135424614,0.295264333486557,0.0,0.9998073577880859
184,,,,,,,,-1.4491915702819824,6.666666740784422e-05,-0.021363886073231697,0.323320209980011,0.07706809043884277,0.010591983795166016,1095.0,0.19693514704704285,94.05999755859375,-2.1697022914886475,-0.005978856701403856,0.17841531336307526,0.0,0.9998125433921814
185,,,,,,,,-1.4481685161590576,4.444444493856281e-05,-0.0028744079172611237,0.0016351864906027913,0.07570791244506836,0.01028132438659668,1116.0,0.19693605601787567,94.05999755859375,-2.1697022914886475,-0.004872085060924292,2.9998669560882263e-05,0.0,0.9998212456703186
186,,,,,,,,-1.448394536972046,2.9629629352712072e-05,-0.022286171093583107,0.001437092898413539,0.07265901565551758,0.01026606559753418,1157.0,0.19690904021263123,94.05999755859375,-2.0811400413513184,-0.005295822862535715,1.0075314063953678e-12,0.0,0.9995008111000061
187,,,,,,,,-1.4477332830429077,6.666666740784422e-05,-0.019759295508265495,2.785306930541992,0.09071993827819824,0.010092020034790039,952.0,0.19699160754680634,93.30000305175781,-1.9770169258117676,-0.0056228297762572765,0.17719727754592896,-2.6041667461395264,0.9998085498809814
188,,,,,,,,-1.4428187608718872,6.666666740784422e-05,-0.019118208438158035,0.8370204567909241,0.07913422584533691,0.010103940963745117,1075.0,0.19721177220344543,93.30000305175781,-1.9770169258117676,-0.005146735813468695,0.29051217436790466,0.0,0.9997912049293518
189,,,,,,,,-1.4370481967926025,2.9629629352712072e-05,-0.021184487268328667,0.013630703091621399,0.07572412490844727,0.010119199752807617,1118.0,0.19732248783111572,93.30000305175781,-1.9770169258117676,-0.00512761389836669,0.022890456020832062,0.0,0.9998889565467834
190,,,,,,,,-1.434189796447754,9.999999747378752e-05,-0.005568312015384436,0.0006390452617779374,0.07207489013671875,0.010419130325317383,1163.0,0.19742242991924286,93.30000305175781,-1.9770169258117676,-0.005517404992133379,4.9335767471347935e-08,0.0,0.9995439648628235
191,,,,,,,,-1.4337658882141113,6.666666740784422e-05,-0.012838371098041534,0.010734021663665771,0.08710193634033203,0.009974956512451172,988.0,0.19728165864944458,93.30000305175781,-1.8088092803955078,-0.0054398165084421635,0.08045578002929688,0.0,0.9996102452278137
192,,,,,,,,-1.4388667345046997,9.999999747378752e-05,-0.011808446608483791,5.707015037536621,0.08135700225830078,0.010492086410522461,1045.0,0.1971883475780487,93.30000305175781,-1.809971809387207,-0.005785059649497271,-8.679760932922363,0.0,0.9997336268424988
193,,,,,,,,-1.441752552986145,4.444444493856281e-05,-0.032880835235118866,0.025983158499002457,0.07537269592285156,0.009729146957397461,1128.0,0.19713228940963745,93.30000305175781,-1.809971809387207,-0.005238646641373634,0.033965885639190674,0.0,0.9998636245727539
194,,,,,,,,-1.4426275491714478,4.444444493856281e-05,-0.008864779956638813,0.0007856838637962937,0.07074499130249023,0.00972294807434082,1193.0,0.19722191989421844,93.30000305175781,-1.809971809387207,-0.005195464938879013,1.3480352208716795e-05,0.0,0.9995301365852356
195,,,,,,,,-1.4402916431427002,4.444444493856281e-05,-0.02187182381749153,0.00571522768586874,0.07965683937072754,0.009796142578125,1073.0,0.19722487032413483,93.30000305175781,-1.8115289211273193,-0.005406124982982874,0.0020764372311532497,0.0,0.9995172619819641
196,,,,,,,,-1.44315505027771,4.444444493856281e-05,-0.017503662034869194,1.6964008808135986,0.08473396301269531,0.010438919067382812,1008.0,0.19707410037517548,92.48999786376953,-1.729325532913208,-0.0052571725100278854,0.3827897012233734,-2.6041667461395264,0.9998123645782471
197,,,,,,,,-1.4462661743164062,1.975308623514138e-05,-0.018943827599287033,2.340045690536499,0.07429075241088867,0.009635210037231445,1143.0,0.1970478892326355,92.48999786376953,-1.729325532913208,-0.0057633486576378345,-4.369780540466309,0.0,0.9998123049736023
198,,,,,,,,-1.4472136497497559,9.999999747378752e-05,-0.015274576842784882,0.0010858234018087387,0.07487893104553223,0.010370969772338867,1126.0,0.1969679892063141,92.48999786376953,-1.729325532913208,-0.005185369867831469,2.7117041554447496e-06,0.0,0.9997555613517761
199,,,,,,,,-1.4512240886688232,1.975308623514138e-05,-0.024195009842514992,0.0013186493888497353,0.07405209541320801,0.00994110107421875,1142.0,0.19688311219215393,92.48999786376953,-1.6552435159683228,-0.0052079916931688786,3.973400775070246e-10,0.0,0.9993787407875061
200,-0.005521863698959351,-1.3324699401855469,0.0,0.9996733665466309,0.0,0.0,1.0,-1.454675555229187,0.0001500000071246177,-0.014449085108935833,0.6511448621749878,0.0873878002166748,0.009752035140991211,988.0,0.1966509073972702,92.48999786376953,-1.668136477470398,-0.005147529300302267,0.21086812019348145,0.0,0.9997641444206238
201,,,,,,,,-1.4662659168243408,2.9629629352712072e-05,-0.022496670484542847,8.839568138122559,0.08005118370056152,0.010325908660888672,1062.0,0.1964322030544281,91.72000122070312,-1.8205208778381348,-0.005284480284899473,-4.240509033203125,-2.6041667461395264,0.999824047088623
202,,,,,,,,-1.469171404838562,0.0001500000071246177,-0.012419457547366619,0.195191890001297,0.07608318328857422,0.009990930557250977,1115.0,0.19641880691051483,91.72000122070312,-1.8205208778381348,-0.004810447338968515,0.09002424031496048,0.0,0.9997766017913818
203,,,,,,,,-1.4726802110671997,4.444444493856281e-05,-0.013136563822627068,0.003827159060165286,0.07385993003845215,0.010185003280639648,1142.0,0.19626981019973755,91.72000122070312,-1.8205103874206543,-0.004978552460670471,8.519474795321003e-05,0.0,0.9995046257972717
204,,,,,,,,-1.4765949249267578,4.444444493856281e-05,-0.026114052161574364,0.2556009888648987,0.08490920066833496,0.00970315933227539,1014.0,0.19619342684745789,91.75,-1.6909176111221313,-0.005413614213466644,0.1907443255186081,0.0,0.9996480345726013
205,,,,,,,,-1.4808497428894043,6.666666740784422e-05,-0.016381878405809402,6.090134143829346,0.07735872268676758,0.009649276733398438,1103.0,0.19598619639873505,91.75,-1.6151520013809204,-0.00585675984621048,-9.24041748046875,0.0,0.9997236728668213
206,,,,,,,,-1.4903998374938965,2.9629629352712072e-05,-0.02082565426826477,0.24063202738761902,0.07513284683227539,0.009899139404296875,1128.0,0.1957094520330429,91.75,-1.6151520013809204,-0.005613821092993021,0.11709395796060562,0.0,0.9997856020927429
207,,,,,,,,-1.499917984008789,6.666666740784422e-05,-0.011911335401237011,0.0015090787783265114,0.0718240737915039,0.009758949279785156,1176.0,0.195383682847023,91.75,-1.6151520013809204,-0.005449277814477682,0.0004175597568973899,0.0,0.9994287490844727
208,,,,,,,,-1.5152231454849243,9.999999747378752e-05,-0.022913051769137383,0.004067627713084221,0.08429980278015137,0.01011204719543457,1016.0,0.19481442868709564,91.75,-1.7155539989471436,-0.005284987390041351,0.1622704267501831,0.0,0.9995510578155518
209,,,,,,,,-1.5348937511444092,9.999999747378752e-05,-0.016325563192367554,1.6528798341751099,0.0804758071899414,0.009870052337646484,1062.0,0.19435718655586243,91.75,-1.715390920639038,-0.005273790564388037,-4.548001766204834,0.0,0.9996817708015442
210,,,,,,,,-1.545461893081665,1.975308623514138e-05,-0.021738803014159203,0.21103700995445251,0.07445192337036133,0.01019597053527832,1134.0,0.1942611187696457,91.75,-1.715390920639038,-0.005177502986043692,0.11846790462732315,0.0,0.9998317360877991
211,,,,,,,,-1.5477944612503052,2.9629629352712072e-05,-0.02836294285953045,0.01492009125649929,0.07251691818237305,0.009572982788085938,1169.0,0.19421109557151794,91.75,-1.715390920639038,-0.005250805523246527,0.003942885436117649,0.0,0.9995110034942627
212,,,,,,,,-1.5527344942092896,0.0001500000071246177,-0.006344315595924854,0.002605288289487362,0.08180022239685059,0.010495901107788086,1040.0,0.19386014342308044,91.75,-1.6296463012695312,-0.005109927151352167,0.021452702581882477,0.0,0.999492347240448
213,,,,,,,,-1.56887686252594,2.9629629352712072e-05,-0.02766266278922558,4.3934006690979,0.07988524436950684,0.009849786758422852,1069.0,0.19353525340557098,91.75,-1.6299422979354858,-0.005243172403424978,-4.121767520904541,0.0,0.9996286034584045
214,,,,,,,,-1.5747917890548706,9.999999747378752e-05,-0.016073601320385933,0.19314664602279663,0.07872223854064941,0.011009693145751953,1069.0,0.1933823972940445,91.75,-1.6299422979354858,-0.005483241286128759,0.12059587985277176,0.0,0.9998685717582703
215,,,,,,,,-1.5803745985031128,4.444444493856281e-05,-0.005326303653419018,0.003659844631329179,0.07291293144226074,0.010005950927734375,1157.0,0.19327735900878906,91.75,-1.6299422979354858,-0.004782532341778278,0.015467274934053421,0.0,0.9995573163032532
216,,,,,,,,-1.5816482305526733,4.444444493856281e-05,-0.018589861690998077,0.002964622341096401,0.08200716972351074,0.01051783561706543,1037.0,0.19333648681640625,91.75,-1.5374133586883545,-0.0049676778726279736,0.00019223666458856314,0.0,0.9994303584098816
217,,,,,,,,-1.5795915126800537,4.444444493856281e-05,-0.016739247366786003,11.821538925170898,0.08120584487915039,0.010141134262084961,1050.0,0.1933538317680359,91.75,-1.3677886724472046,-0.005161902401596308,-9.415104866027832,0.0,0.9996230006217957
218,,,,,,,,-1.580256462097168,2.9629629352712072e-05,-0.0162757970392704,0.19842132925987244,0.08088088035583496,0.010462045669555664,1050.0,0.19332726299762726,91.75,-1.3677886724472046,-0.004990096669644117,0.0783374011516571,0.0,0.9998455047607422
219,,,,,,,,-1.5811055898666382,2.9629629352712072e-05,-0.022333534434437752,0.01417337916791439,0.07436299324035645,0.009885787963867188,1139.0,0.1933002769947052,91.75,-1.3677886724472046,-0.004579576198011637,0.028881020843982697,0.0,0.9995309710502625
220,,,,,,,,-1.5834490060806274,0.00022499999613501132,-0.0035704884212464094,0.0013085248647257686,0.07474303245544434,0.010387897491455078,1127.0,0.19307629764080048,91.75,-1.2813169956207275,-0.005858185235410929,1.0712044058891479e-05,0.0,0.9992882609367371
221,,,,,,,,-1.5975546836853027,6.666666740784422e-05,-0.026296889409422874,2.626100778579712,0.08609700202941895,0.009760856628417969,1001.0,0.19265629351139069,90.95999908447266,-1.4395811557769775,-0.005123474169522524,0.14492781460285187,-2.6041667461395264,0.9996477961540222
222,,,,,,,,-1.6044490337371826,6.666666740784422e-05,-0.0262177474796772,4.83518648147583,0.07889795303344727,0.010395050048828125,1075.0,0.1926279515028,90.95999908447266,-1.3411307334899902,-0.005149534437805414,-4.827575206756592,0.0,0.9998143315315247
223,,,,,,,,-1.604106068611145,9.999999747378752e-05,-0.01179353054612875,0.04243556410074234,0.07578086853027344,0.010227203369140625,1116.0,0.19262322783470154,90.95999908447266,-1.3411307334899902,-0.0047530014999210835,0.147664412856102,0.0,0.9997578263282776
224,,,,,,,,-1.6073458194732666,2.9629629352712072e-05,-0.008372582495212555,0.005143288057297468,0.07084798812866211,0.01027822494506836,1183.0,0.19245187938213348,90.95999908447266,-1.3411307334899902,-0.004155156668275595,0.14864502847194672,0.0,0.9993233680725098
225,-0.004821699112653732,-1.4354971647262573,0.0,0.9995982050895691,0.0,0.0,1.0,-1.6118807792663574,0.0001500000071246177,-0.015833623707294464,0.17178548872470856,0.0875539779663086,0.010596990585327148,978.0,0.1923808604478836,90.95999908447266,-1.3521960973739624,-0.0052165198139846325,0.12988731265068054,0.0,0.999492883682251
226,,,,,,,,-1.612993597984314,2.9629629352712072e-05,-0.017598427832126617,0.27969634532928467,0.07936882972717285,0.010190248489379883,1071.0,0.19238372147083282,90.95999908447266,-1.352442979812622,-0.005316437687724829,0.24631929397583008,0.0,0.9997609257698059
227,,,,,,,,-1.6136120557785034,0.0001500000071246177,-0.008385201916098595,0.09312815219163895,0.07614493370056152,0.012469053268432617,1083.0,0.1923627108335495,90.95999908447266,-1.352442979812622,-0.004715519491583109,0.10410643368959427,0.0,0.9998200535774231
228,,,,,,,,-1.6161025762557983,2.9629629352712072e-05,-0.025554830208420753,0.001910844468511641,0.07315397262573242,0.009863853454589844,1156.0,0.1922614872455597,90.95999908447266,-1.352442979812622,-0.005311673041433096,4.6139946789480746e-05,0.0,0.9994674324989319
229,,,,,,,,-1.6216310262680054,6.666666740784422e-05,-0.013511676341295242,0.008777099661529064,0.08241009712219238,0.010853767395019531,1029.0,0.1919897198677063,90.95999908447266,-1.1864738464355469,-0.004637652076780796,0.05929496884346008,0.0,0.9994487762451172
230,,,,,,,,-1.6352366209030151,0.0001500000071246177,-0.014980694279074669,13.370779037475586,0.08423018455505371,0.00994110107421875,1019.0,0.19157405197620392,90.95999908447266,-1.186665415763855,-0.0055371359921991825,-14.811030387878418,0.0,0.9997458457946777
231,,,,,,,,-1.6390184164047241,4.444444493856281e-05,-0.022111106663942337,4.558269500732422,0.07548689842224121,0.010178089141845703,1120.0,0.19180938601493835,90.95999908447266,-1.186665415763855,-0.005299921613186598,-4.690706253051758,0.0,0.9998116493225098
232,,,,,,,,-1.629889965057373,2.9629629352712072e-05,-0.017432289198040962,0.002719966461881995,0.07119894027709961,0.010277271270751953,1178.0,0.1920478492975235,90.95999908447266,-1.186665415763855,-0.004214045125991106,0.1232619658112526,0.0,0.9994603991508484
233,,,,,,,,-1.6239678859710693,6.666666740784422e-05,-0.009442470967769623,0.004304148722440004,0.07819604873657227,0.010169029235839844,1086.0,0.1920781433582306,90.95999908447266,-1.2933056354522705,-0.005257839802652597,0.02811715193092823,0.0,0.999325692653656
234,-0.005404068622738123,-4.590082168579102,0.0,0.9995808601379395,0.0,0.0,1.0,-1.6164093017578125,6.666666740784422e-05,-0.01709355227649212,9.284042358398438,0.08224010467529297,0.00972890853881836,1043.0,0.1925501525402069,91.08000183105469,-1.4291741847991943,-0.004862762987613678,-9.549149513244629,0.0,0.9996905326843262
235,,,,,,,,-1.600685477256775,2.9629629352712072e-05,-0.016863087192177773,0.19670158624649048,0.07393097877502441,0.0097198486328125,1147.0,0.1927991658449173,91.08000183105469,-1.4291741847991943,-0.0049561853520572186,0.14233513176441193,0.0,0.9998324513435364
236,,,,,,,,-1.596548080444336,1.975308623514138e-05,-0.009452338330447674,0.010057098232209682,0.07283782958984375,0.010135173797607422,1157.0,0.19280001521110535,91.08000183105469,-1.4291741847991943,-0.005004566162824631,0.004717228002846241,0.0,0.9995344281196594
237,,,,,,,,-1.5989185571670532,9.999999747378752e-05,-0.013226629234850407,0.002356593729928136,0.07661700248718262,0.010315895080566406,1104.0,0.192601278424263,91.08000183105469,-1.534056305885315,-0.005582606885582209,2.4926797777879983e-05,0.0,0.999290943145752
238,,,,,,,,-1.6077876091003418,2.9629629352712072e-05,-0.012078098952770233,6.462462902069092,0.08198213577270508,0.01031804084777832,1040.0,0.1924312263727188,91.08000183105469,-1.5343011617660522,-0.005125412251800299,-4.747464656829834,0.0,0.9996791481971741
239,,,,,,,,-1.6104795932769775,1.975308623514138e-05,-0.01212601363658905,1.701891541481018,0.0780479907989502,0.010474920272827148,1084.0,0.19242140650749207,91.08000183105469,-1.5343011617660522,-0.004884706810116768,-4.9125189781188965,0.0,0.999842643737793
240,,,,,,,,-1.6109576225280762,4.444444493856281e-05,-0.007986017502844334,0.011918650940060616,0.0729217529296875,0.009806156158447266,1160.0,0.19237545132637024,91.08000183105469,-1.5343011617660522,-0.004970304202288389,0.16766716539859772,0.0,0.999620258808136
241,,,,,,,,-1.6131623983383179,2.9629629352712072e-05,-0.019954359158873558,0.003913876600563526,0.07549095153808594,0.010323762893676758,1118.0,0.1923188418149948,91.08000183105469,-1.4512193202972412,-0.005274815950542688,0.14394055306911469,0.0,0.9992742538452148
242,,,,,,,,-1.6114211082458496,9.999999747378752e-05,-0.011933477595448494,0.24877817928791046,0.08350181579589844,0.010554313659667969,1020.0,0.1925877332687378,91.08000183105469,-1.6391634941101074,-0.005133416038006544,0.19453327357769012,0.0,0.9995799660682678
243,,,,,,,,-1.6029179096221924,2.9629629352712072e-05,-0.018865257501602173,0.2673664689064026,0.07818794250488281,0.009871244430541992,1090.0,0.19263331592082977,91.08000183105469,-1.6391634941101074,-0.005350898485630751,0.20755450427532196,0.0,0.9998448491096497
244,,,,,,,,-1.6056071519851685,0.0001500000071246177,-0.0066331359557807446,0.011684983968734741,0.07231807708740234,0.009850025177001953,1168.0,0.19245785474777222,91.08000183105469,-1.6391634941101074,-0.0051023573614656925,0.030155673623085022,0.0,0.9997068047523499
245,,,,,,,,-1.6140047311782837,2.9629629352712072e-05,-0.027879321947693825,0.0003606262325774878,0.07140612602233887,0.009835958480834961,1181.0,0.1922454833984375,91.08000183105469,-1.5605360269546509,-0.004731586202979088,1.2277876521693543e-05,0.0,0.9992825388908386
246,,,,,,,,-1.6217132806777954,0.0001500000071246177,-0.017436720430850983,0.13031211495399475,0.0847170352935791,0.009819984436035156,1015.0,0.1920054703950882,91.08000183105469,-1.4789732694625854,-0.00541858933866024,0.13403163850307465,0.0,0.9995277523994446
247,,,,,,,,-1.6306250095367432,2.9629629352712072e-05,-0.03843028470873833,5.5721306800842285,0.0850679874420166,0.010310173034667969,1006.0,0.19185097515583038,90.30999755859375,-1.545663833618164,-0.0052398499101400375,-4.778380870819092,-2.6041667461395264,0.9998239874839783
248,,,,,,,,-1.6341004371643066,9.999999747378752e-05,-0.011236618272960186,0.9246807098388672,0.07476592063903809,0.010117053985595703,1130.0,0.19183114171028137,90.30999755859375,-1.545663833618164,-0.004958125296980143,-4.885641574859619,0.0,0.9997237324714661
249,,,,,,,,-1.6305402517318726,4.444444493856281e-05,-0.0053725834004580975,0.00953772570937872,0.07085490226745605,0.01015925407409668,1184.0,0.19207490980625153,90.30999755859375,-1.545663833618164,-0.004726573824882507,0.13599878549575806,0.0,0.9994635581970215
250,-0.004992357455193996,-2.248237371444702,0.0,0.9995912313461304,0.0,0.0,1.0,-1.6231358051300049,4.444444493856281e-05,-0.023055169731378555,0.10728155076503754,0.08102297782897949,0.009746789932250977,1057.0,0.1922154724597931,90.36000061035156,-1.5028998851776123,-0.0048086075112223625,0.11640200018882751,0.0,0.9994433522224426
251,,,,,,,,-1.6198278665542603,9.999999747378752e-05,-0.02617066167294979,0.08802168816328049,0.08084392547607422,0.011158227920532227,1043.0,0.1923004388809204,90.36000061035156,-1.5982840061187744,-0.004948653746396303,0.15623457729816437,0.0,0.9996633529663086
252,,,,,,,,-1.6166236400604248,1.975308623514138e-05,-0.020892787724733353,8.289158821105957,0.0754690170288086,0.009996891021728516,1123.0,0.19237127900123596,90.36000061035156,-1.5982840061187744,-0.0055947876535356045,-9.228156089782715,0.0,0.9997510313987732
253,,,,,,,,-1.6148061752319336,1.975308623514138e-05,-0.021343905478715897,0.0014819877687841654,0.07270193099975586,0.010071992874145508,1159.0,0.19240660965442657,90.36000061035156,-1.5982840061187744,-0.005111148580908775,6.575063338232212e-08,0.0,0.9995486736297607
254,,,,,,,,-1.613288164138794,6.666666740784422e-05,-0.02032497338950634,0.0024011589121073484,0.0793600082397461,0.010508060455322266,1068.0,0.19245770573616028,90.36000061035156,-1.4279727935791016,-0.005623213946819305,0.06291123479604721,0.0,0.9993898272514343
255,,,,,,,,-1.612880825996399,6.666666740784422e-05,-0.01312821451574564,0.09382817894220352,0.07944488525390625,0.010220050811767578,1070.0,0.19240465760231018,91.12999725341797,-1.457404375076294,-0.004870862700045109,0.15368203818798065,0.0,0.9995437264442444
256,,,,,,,,-1.6194427013397217,6.666666740784422e-05,-0.02647177129983902,10.711793899536133,0.07718610763549805,0.010266780853271484,1097.0,0.19208748638629913,91.12999725341797,-1.457404375076294,-0.005272601265460253,-9.356184005737305,0.0,0.9997987747192383
257,,,,,,,,-1.6329923868179321,6.666666740784422e-05,-0.006418495438992977,0.0045832679606974125,0.07125234603881836,0.009881734848022461,1183.0,0.1916620135307312,91.12999725341797,-1.457404375076294,-0.005222267936915159,4.786145950674836e-07,0.0,0.9995402693748474
258,,,,,,,,-1.6474087238311768,2.9629629352712072e-05,-0.020726433023810387,0.0008283148636110127,0.08034873008728027,0.011690378189086914,1043.0,0.19141903519630432,91.12999725341797,-1.372968316078186,-0.00480507081374526,0.006803615018725395,0.0,0.9993094801902771
259,,,,,,,,-1.6516222953796387,9.999999747378752e-05,-0.022615695372223854,0.14235901832580566,0.07803773880004883,0.009999990463256836,1090.0,0.1914033442735672,91.12999725341797,-1.5567094087600708,-0.005225525703281164,0.23152875900268555,0.0,0.9994053840637207
260,,,,,,,,-1.6542696952819824,0.00022499999613501132,-0.013350704684853554,11.793354034423828,0.07843923568725586,0.009908914566040039,1086.0,0.19118018448352814,91.12999725341797,-1.5567094087600708,-0.004986012354493141,-9.682425498962402,0.0,0.999842643737793
261,,,,,,,,-1.6622881889343262,6.666666740784422e-05,-0.013163848780095577,0.008483578450977802,0.07320213317871094,0.00963282585144043,1158.0,0.19107550382614136,91.12999725341797,-1.5567094087600708,-0.004832794424146414,0.008916623890399933,0.0,0.9996092915534973
262,,,,,,,,-1.6619452238082886,2.9629629352712072e-05,-0.034626465290784836,0.0016500932397320867,0.07608866691589355,0.010437250137329102,1109.0,0.19108550250530243,91.95999908447266,-1.4034795761108398,-0.004775665234774351,0.0002071420894935727,0.0,0.9993745684623718
263,,,,,,,,-1.657488226890564,0.0001500000071246177,-0.013655050657689571,9.565958023071289,0.07856512069702148,0.010435104370117188,1078.0,0.19149640202522278,92.29000091552734,-1.438066840171814,-0.005166112910956144,-8.84580135345459,0.0,0.9994163513183594
264,,,,,,,,-1.6409847736358643,2.9629629352712072e-05,-0.025240346789360046,5.087026119232178,0.08111882209777832,0.009876012802124023,1055.0,0.19172745943069458,92.29000091552734,-1.537239670753479,-0.005327839870005846,-4.295220851898193,0.0,0.9997997879981995
265,,,,,,,,-1.6336148977279663,9.999999747378752e-05,-0.010617687366902828,1.2559254169464111,0.07105898857116699,0.009907007217407227,1185.0,0.19201646745204926,92.29000091552734,-1.537239670753479,-0.005340981762856245,-4.67389440536499,0.0,0.9995689392089844
266,,,,,,,,-1.6221380233764648,1.975308623514138e-05,-0.023273078724741936,0.001349358237348497,0.07350468635559082,0.010946273803710938,1136.0,0.19223222136497498,92.29000091552734,-1.5429952144622803,-0.004716426599770784,9.482925378279106e-08,0.0,0.9993155598640442
267,,,,,,,,-1.6173559427261353,4.444444493856281e-05,-0.021257825195789337,2.437668561935425,0.08101820945739746,0.009879112243652344,1056.0,0.19231246411800385,93.05000305175781,-1.4811415672302246,-0.004757970105856657,0.16794945299625397,-2.6041667461395264,0.9994001388549805
268,,,,,,,,-1.6173827648162842,2.9629629352712072e-05,-0.017558444291353226,0.40044689178466797,0.08187294006347656,0.009876012802124023,1046.0,0.19219939410686493,93.05000305175781,-1.4817328453063965,-0.005314333364367485,0.2548188269138336,0.0,0.9997699856758118
269,,,,,,,,-1.6237496137619019,4.444444493856281e-05,-0.018431968986988068,0.13681171834468842,0.07460665702819824,0.009718179702758789,1138.0,0.1919461190700531,93.05000305175781,-1.4817328453063965,-0.004971062298864126,0.15369312465190887,0.0,0.9998227953910828
270,,,,,,,,-1.6312669515609741,1.975308623514138e-05,-0.018018977716565132,0.0005986154428683221,0.07184100151062012,0.010553836822509766,1165.0,0.19183896481990814,93.05000305175781,-1.4817328453063965,-0.00457803113386035,7.014946459094062e-05,0.0,0.9994659423828125
271,,,,,,,,-1.634448528289795,6.666666740784422e-05,-0.02097228355705738,0.0019448228413239121,0.07810497283935547,0.01035308837890625,1085.0,0.1916811317205429,93.80000305175781,-1.3313748836517334,-0.005607685539871454,0.03592890128493309,0.0,0.9992753863334656
272,,,,,,,,-1.6425952911376953,9.999999747378752e-05,-0.005641586612910032,8.527676582336426,0.0868368148803711,0.010847091674804688,982.0,0.19140200316905975,93.80000305175781,-1.3302732706069946,-0.004866706673055887,-9.949958801269531,0.0,0.9997366070747375
273,,,,,,,,-1.6491667032241821,4.444444493856281e-05,-0.011260028928518295,0.21137917041778564,0.0763857364654541,0.01122903823852539,1095.0,0.19136887788772583,93.80000305175781,-1.3302732706069946,-0.005503077059984207,0.3628179132938385,0.0,0.9998221397399902
274,,,,,,,,-1.6481410264968872,4.444444493856281e-05,-0.015964500606060028,0.005772761069238186,0.07115006446838379,0.010566949844360352,1174.0,0.1914227157831192,93.80000305175781,-1.3302732706069946,-0.004510655999183655,0.21995210647583008,0.0,0.9994880557060242
275,,,,,,,,-1.6492105722427368,0.0001500000071246177,-0.009433825500309467,0.005531308241188526,0.07457304000854492,0.010006904602050781,1135.0,0.19124743342399597,93.80000305175781,-1.4290658235549927,-0.005091403145343065,0.05043313279747963,0.0,0.9991982579231262
276,,,,,,,,-1.6639928817749023,6.666666740784422e-05,-0.025185968726873398,4.018954753875732,0.08436298370361328,0.010476827621459961,1012.0,0.19067230820655823,93.80000305175781,-1.4290359020233154,-0.00497045973315835,-4.7186598777771,0.0,0.9996668696403503
277,,,,,,,,-1.6862461566925049,9.999999747378752e-05,-0.009998580440878868,4.918249130249023,0.07852578163146973,0.010595083236694336,1077.0,0.1899590939283371,93.80000305175781,-1.4290359020233154,-0.005512052681297064,-4.910679340362549,0.0,0.9998372197151184
278,,,,,,,,-1.708096981048584,1.975308623514138e-05,-0.02656637318432331,0.00886931549757719,0.07959294319152832,0.010408163070678711,1066.0,0.18969926238059998,93.80000305175781,-1.4290359020233154,-0.004718990530818701,0.04750239476561546,0.0,0.9995715022087097
279,,,,,,,,-1.7120102643966675,1.975308623514138e-05,-0.014245417900383472,0.00492310244590044,0.07655787467956543,0.011476993560791016,1090.0,0.18967434763908386,94.55999755859375,-1.3727736473083496,-0.0052024065516889095,0.0002743325021583587,0.0,0.9991629719734192
280,,,,,,,,-1.713059425354004,0.0001500000071246177,-0.012269758619368076,4.453361988067627,0.08486104011535645,0.010423898696899414,1007.0,0.18962229788303375,95.33000183105469,-1.4052244424819946,-0.004814398009330034,-4.946497440338135,0.0,0.9995549321174622
281,,,,,,,,-1.7167719602584839,2.9629629352712072e-05,-0.024907458573579788,5.379159450531006,0.07715129852294922,0.010333061218261719,1097.0,0.18949845433235168,95.33000183105469,-1.4052244424819946,-0.004795012064278126,-4.647970199584961,0.0,0.9998348355293274
282,,,,,,,,-1.7202839851379395,1.975308623514138e-05,-0.010570165701210499,0.012339171022176743,0.07373285293579102,0.010960102081298828,1133.0,0.1893884390592575,95.33000183105469,-1.4052244424819946,-0.0047249505296349525,0.001621356583200395,0.0,0.999666154384613
283,,,,,,,,-1.7254287004470825,4.444444493856281e-05,-0.025125617161393166,0.0050041889771819115,0.07543611526489258,0.010052919387817383,1122.0,0.18918435275554657,95.33000183105469,-1.502450704574585,-0.00444098562002182,6.171660061227158e-05,0.0,0.9991989135742188
284,,,,,,,,-1.7334034442901611,4.444444493856281e-05,-0.015364482998847961,0.3827980160713196,0.0820469856262207,0.009884834289550781,1044.0,0.1889946311712265,95.33000183105469,-1.5979623794555664,-0.004683301318436861,0.09463109821081161,0.0,0.9994333386421204
285,,,,,,,,-1.7391679286956787,6.666666740784422e-05,-0.011504285037517548,4.93694543838501,0.08004879951477051,0.010761260986328125,1057.0,0.1888550966978073,95.33000183105469,-1.5979623794555664,-0.005750421900302172,-4.7212347984313965,0.0,0.9998397827148438
286,,,,,,,,-1.7439404726028442,2.9629629352712072e-05,-0.020975973457098007,0.010560978204011917,0.0745539665222168,0.010724067687988281,1125.0,0.18878793716430664,95.33000183105469,-1.5979623794555664,-0.004994035232812166,0.04300166666507721,0.0,0.9997417330741882
287,,,,,,,,-1.7461954355239868,4.444444493856281e-05,-0.014090122655034065,0.0015117496950551867,0.07094192504882812,0.010661840438842773,1176.0,0.1887027770280838,95.33000183105469,-1.5983542203903198,-0.004945490043610334,0.013361915946006775,0.0,0.9992222785949707
288,,,,,,,,-1.7493232488632202,6.666666740784422e-05,-0.01691425032913685,5.166427135467529,0.08208990097045898,0.010495185852050781,1036.0,0.18865281343460083,96.08999633789062,-1.628822684288025,-0.004943013656884432,-5.03098726272583,0.0,0.999372661113739
289,,,,,,,,-1.751454472541809,4.444444493856281e-05,-0.026069853454828262,0.8300039172172546,0.08054494857788086,0.010257959365844727,1057.0,0.18855780363082886,96.08999633789062,-1.6286250352859497,-0.00500211538746953,0.3095088303089142,0.0,0.9998472332954407
290,,,,,,,,-1.756034255027771,4.444444493856281e-05,-0.020254261791706085,0.08296813070774078,0.07330703735351562,0.009829044342041016,1154.0,0.18843521177768707,96.08999633789062,-1.6286250352859497,-0.0049471547827124596,0.09495236724615097,0.0,0.9997706413269043
291,,,,,,,,-1.761172890663147,1.975308623514138e-05,-0.0034379600547254086,0.002017093123868108,0.06963992118835449,0.010094165802001953,1204.0,0.18829238414764404,96.08999633789062,-1.6286250352859497,-0.005366369616240263,5.6361059250775725e-06,0.0,0.999274730682373
292,,,,,,,,-1.7656904458999634,9.999999747378752e-05,-0.017777180299162865,0.12668199837207794,0.08153486251831055,0.01030421257019043,1045.0,0.18816472589969635,96.08999633789062,-1.7252110242843628,-0.004965631291270256,0.05052587762475014,0.0,0.9992677569389343
293,,,,,,,,-1.7743310928344727,2.9629629352712072e-05,-0.013587461784482002,0.6424241662025452,0.08200907707214355,0.011480093002319336,1026.0,0.18794815242290497,96.08999633789062,-1.636833906173706,-0.004782401490956545,0.2121448516845703,0.0,0.9998131394386292
294,,,,,,,,-1.7821084260940552,9.999999747378752e-05,-0.010629147291183472,0.17418377101421356,0.0746009349822998,0.01235818862915039,1103.0,0.18767383694648743,96.08999633789062,-1.636833906173706,-0.004772947635501623,0.18476325273513794,0.0,0.9998071193695068
295,,,,,,,,-1.7916730642318726,1.975308623514138e-05,-0.023041483014822006,0.004085886757820845,0.07753300666809082,0.011383056640625,1079.0,0.1875547170639038,96.08999633789062,-1.636833906173706,-0.0047758156433701515,0.0001336077111773193,0.0,0.9993454813957214
296,,,,,,,,-1.7945789098739624,9.999999747378752e-05,-0.014217203482985497,0.006477986462414265,0.08271098136901855,0.01094818115234375,1024.0,0.18742410838603973,96.08999633789062,-1.5536727905273438,-0.005415947642177343,0.01321770716458559,0.0,0.9991629123687744
297,,,,,,,,-1.8028786182403564,4.444444493856281e-05,-0.011072500608861446,0.29953789710998535,0.08513402938842773,0.010222911834716797,1006.0,0.1871974766254425,96.9000015258789,-1.4854685068130493,-0.005038559436798096,0.20960259437561035,0.0,0.9997372627258301
298,,,,,,,,-1.808527946472168,2.9629629352712072e-05,-0.018063051626086235,0.1876448392868042,0.07423686981201172,0.010128021240234375,1137.0,0.1871049851179123,96.9000015258789,-1.4854685068130493,-0.005662256386131048,0.21285663545131683,0.0,0.9998254179954529
299,,,,,,,,-1.8120895624160767,6.666666740784422e-05,-0.015124316327273846,0.00817843433469534,0.07186579704284668,0.009849071502685547,1174.0,0.18700793385505676,96.9000015258789,-1.4854685068130493,-0.004949177149683237,0.0011438856599852443,0.0,0.9994306564331055
300,,,,,,,,-1.8151679039001465,4.444444493856281e-05,-0.020849311724305153,0.003425024449825287,0.07372283935546875,0.009769916534423828,1149.0,0.18696121871471405,96.9000015258789,-1.485413908958435,-0.005425697658210993,0.0005622283206321299,0.0,0.9991128444671631
301,,,,,,,,-1.815122127532959,0.0001500000071246177,-0.010582976043224335,6.289795875549316,0.08502507209777832,0.009747982025146484,1012.0,0.18710994720458984,96.9000015258789,-1.3994227647781372,-0.005012670997530222,-4.880749225616455,0.0,0.999650239944458
302,,,,,,,,-1.8076996803283691,0.0003375000087544322,-0.0158215519040823,0.2631818652153015,0.07408809661865234,0.009660720825195312,1146.0,0.18715940415859222,96.9000015258789,-1.3994227647781372,-0.004912023898214102,0.31175658106803894,0.0,0.9998498558998108
303,,,,,,,,-1.8130487203598022,2.9629629352712072e-05,-0.031067200005054474,0.012598859146237373,0.07296895980834961,0.010370969772338867,1151.0,0.18696385622024536,96.9000015258789,-1.3994227647781372,-0.004601680673658848,0.013465984724462032,0.0,0.9995150566101074
304,,,,,,,,-1.8157343864440918,2.9629629352712072e-05,-0.01347811333835125,0.001964640337973833,0.07129597663879395,0.009785890579223633,1183.0,0.18695025146007538,97.66999816894531,-1.246934413909912,-0.004295160993933678,1.2998480087844655e-06,0.0,0.9990282654762268
305,,,,,,,,-1.8180395364761353,9.999999747378752e-05,-0.026919683441519737,0.11641886830329895,0.0826711654663086,0.00983881950378418,1037.0,0.18673524260520935,97.66999816894531,-1.3439254760742188,-0.004889629781246185,0.10713646560907364,0.0,0.9994804263114929
306,,,,,,,,-1.8260998725891113,2.9629629352712072e-05,-0.020439520478248596,0.22916863858699799,0.07597589492797852,0.009689092636108398,1120.0,0.18663808703422546,97.66999816894531,-1.3439254760742188,-0.005039032548666,0.29104408621788025,0.0,0.9998631477355957
307,,,,,,,,-1.827410101890564,2.9629629352712072e-05,-0.007413285318762064,0.014492210932075977,0.07191801071166992,0.009681940078735352,1176.0,0.18663641810417175,97.66999816894531,-1.3439254760742188,-0.005054369568824768,0.026359261944890022,0.0,0.9996287226676941
308,,,,,,,,-1.8273760080337524,4.444444493856281e-05,-0.019736090674996376,0.0023504404816776514,0.07226800918579102,0.009805917739868164,1169.0,0.1866379678249359,97.66999816894531,-1.3443872928619385,-0.0048914202488958836,3.770596990193553e-08,0.0,0.9991192817687988
309,,,,,,,,-1.8218789100646973,9.999999747378752e-05,-0.022027410566806793,0.083071768283844,0.08191204071044922,0.011300086975097656,1029.0,0.18703070282936096,97.66999816894531,-1.1639679670333862,-0.005165149923413992,0.068795345723629,0.0,0.999398410320282
310,,,,,,,,-1.8060901165008545,2.9629629352712072e-05,-0.016298901289701462,0.1666450947523117,0.07883286476135254,0.009786128997802734,1083.0,0.18734116852283478,97.66999816894531,-1.1639679670333862,-0.004823088180273771,0.23409630358219147,0.0,0.9998788237571716
311,,,,,,,,-1.7996799945831299,4.444444493856281e-05,-0.011631214059889317,0.013128189370036125,0.07333207130432129,0.009626150131225586,1157.0,0.18740087747573853,97.66999816894531,-1.1639679670333862,-0.005277801770716906,0.06043608859181404,0.0,0.9996983408927917
312,,,,,,,,-1.7988256216049194,1.975308623514138e-05,-0.019619068130850792,0.0032322534825652838,0.0687410831451416,0.009601116180419922,1225.0,0.18738138675689697,97.66999816894531,-1.1646791696548462,-0.004879536107182503,7.786089213368541e-07,0.0,0.9991495013237
313,,,,,,,,-1.7992522716522217,4.444444493856281e-05,-0.015234141610562801,0.07600640505552292,0.0818791389465332,0.010030746459960938,1044.0,0.18738994002342224,97.66999816894531,-1.075109601020813,-0.004556587431579828,0.0815705880522728,0.0,0.9993430972099304
314,,,,,,,,-1.8000746965408325,6.666666740784422e-05,-0.009562661871314049,0.10627374053001404,0.08200287818908691,0.010467052459716797,1038.0,0.1872919201850891,97.66999816894531,-1.0751932859420776,-0.005057430360466242,0.25840291380882263,0.0,0.9998483657836914
315,,,,,,,,-1.8044122457504272,4.444444493856281e-05,-0.014501524157822132,0.028915364295244217,0.07498908042907715,0.00983881950378418,1131.0,0.18714366853237152,97.66999816894531,-1.0751932859420776,-0.004870324861258268,0.07474023848772049,0.0,0.9997496604919434
316,,,,,,,,-1.8080190420150757,1.975308623514138e-05,-0.01082716602832079,0.003283709054812789,0.0689849853515625,0.010239124298095703,1211.0,0.1871281862258911,97.66999816894531,-1.0751932859420776,-0.004541643429547548,5.481503194459947e-06,0.0,0.9991917610168457
317,,,,,,,,-1.8063113689422607,2.9629629352712072e-05,-0.018017318099737167,0.023487824946641922,0.07996606826782227,0.0097808837890625,1069.0,0.187237948179245,97.66999816894531,-0.9901124835014343,-0.00467901024967432,0.024325942620635033,0.0,0.999213695526123
318,,,,,,,,-1.8017686605453491,6.666666740784422e-05,-0.012038737535476685,0.051538653671741486,0.0807039737701416,0.009650230407714844,1062.0,0.18736666440963745,97.66999816894531,-0.9911158084869385,-0.0050377920269966125,0.16841007769107819,0.0,0.9998270869255066
319,,,,,,,,-1.7965162992477417,4.444444493856281e-05,-0.02620065212249756,0.0255864430218935,0.07405495643615723,0.01059412956237793,1134.0,0.18748344480991364,97.66999816894531,-0.9911158084869385,-0.0044943951070308685,0.12381887435913086,0.0,0.9997902512550354
320,,,,,,,,-1.7937734127044678,2.9629629352712072e-05,-0.010972253978252411,0.006396655924618244,0.06991267204284668,0.010075092315673828,1200.0,0.18748287856578827,97.66999816894531,-0.9911158084869385,-0.004723140969872475,0.0002255269355373457,0.0,0.999278724193573
321,,,,,,,,-1.7953541278839111,9.999999747378752e-05,-0.01367769856005907,0.005274070426821709,0.07598733901977539,0.009857654571533203,1118.0,0.18740499019622803,97.66999816894531,-0.8969206213951111,-0.004539884626865387,0.0058144195936620235,0.0,0.9991375803947449
322,,,,,,,,-1.8001173734664917,6.666666740784422e-05,-0.014581074006855488,0.04110165685415268,0.08522963523864746,0.01006317138671875,1007.0,0.1872185319662094,97.66999816894531,-0.8066241145133972,-0.004764087963849306,0.14262603223323822,0.0,0.9997512698173523
323,,,,,,,,-1.806278109550476,4.444444493856281e-05,-0.016982754692435265,0.04255971312522888,0.07440710067749023,0.010426998138427734,1131.0,0.18717540800571442,97.66999816894531,-0.8066241145133972,-0.005069633014500141,0.13842707872390747,0.0,0.9998337626457214
324,,,,,,,,-1.804272174835205,1.975308623514138e-05,-0.032473620027303696,0.003493475029245019,0.07054281234741211,0.010195255279541016,1189.0,0.1872938722372055,97.66999816894531,-0.8066241145133972,-0.004782949108630419,0.0014027799479663372,0.0,0.9993699193000793
325,,,,,,,,-1.8010058403015137,6.666666740784422e-05,-0.008580304682254791,0.0020756840240210295,0.07398009300231934,0.01055288314819336,1135.0,0.18734733760356903,98.45999908447266,-0.7406043410301208,-0.005164834205061197,8.838043868308887e-05,0.0,0.9990255832672119
326,,,,,,,,-1.8008536100387573,4.444444493856281e-05,-0.025724073871970177,0.004853132180869579,0.0879979133605957,0.010388851165771484,975.0,0.18730328977108002,98.45999908447266,-0.7416009902954102,-0.0051637147553265095,0.11493281275033951,0.0,0.9996441006660461
327,,,,,,,,-1.8016353845596313,0.0001500000071246177,-0.007641397416591644,0.006161671597510576,0.07495594024658203,0.01044321060180664,1124.0,0.1873825639486313,98.45999908447266,-0.7416009902954102,-0.004859047010540962,0.1716894656419754,0.0,0.9998540878295898
328,,,,,,,,-1.7971572875976562,2.9629629352712072e-05,-0.028287772089242935,0.006620954722166061,0.07027816772460938,0.010329723358154297,1190.0,0.18749241530895233,98.45999908447266,-0.7416009902954102,-0.004634917248040438,0.007893109694123268,0.0,0.9995155334472656
329,,,,,,,,-1.7954092025756836,1.975308623514138e-05,-0.014830858446657658,0.0019639034289866686,0.07386589050292969,0.009783029556274414,1147.0,0.18750646710395813,98.45999908447266,-0.6507166028022766,-0.004688607063144445,4.2225087781844195e-07,0.0,0.9990670084953308
330,,,,,,,,-1.794049620628357,0.0001500000071246177,-0.014570093713700771,0.005841495934873819,0.0838320255279541,0.01014399528503418,1021.0,0.18762756884098053,98.45999908447266,-0.6522329449653625,-0.0053047980181872845,0.09662657976150513,0.0,0.9995121955871582
331,,,,,,,,-1.7894806861877441,0.00022499999613501132,-0.0021541095338761806,0.02828916534781456,0.0767371654510498,0.010071992874145508,1105.0,0.18763169646263123,98.45999908447266,-0.6522329449653625,-0.005327263381332159,0.2246343344449997,0.0,0.9998740553855896
332,,,,,,,,-1.791383147239685,2.9629629352712072e-05,-0.019895898178219795,0.024877581745386124,0.07280182838439941,0.010116100311279297,1157.0,0.1876022219657898,98.45999908447266,-0.6522329449653625,-0.00468512112274766,0.022819802165031433,0.0,0.9996100068092346
333,,,,,,,,-1.7914525270462036,2.9629629352712072e-05,-0.031055450439453125,0.0021932204253971577,0.07476592063903809,0.010827064514160156,1121.0,0.18759064376354218,98.45999908447266,-0.6533116698265076,-0.0050479210913181305,3.6979974993300857e-06,0.0,0.9990944862365723
334,,,,,,,,-1.7916620969772339,6.666666740784422e-05,-0.0164091344922781,0.003511622315272689,0.08329892158508301,0.010246992111206055,1026.0,0.18761803209781647,98.45999908447266,-0.46309587359428406,-0.005517569836229086,0.057462867349386215,0.0,0.9994073510169983
335,,,,,,,,-1.7911683320999146,2.9629629352712072e-05,-0.027768921107053757,0.01817125268280506,0.07916617393493652,0.009978055953979492,1076.0,0.18759886920452118,98.45999908447266,-0.46309587359428406,-0.005106240976601839,0.2118532657623291,0.0,0.9998900294303894
336,,,,,,,,-1.7926433086395264,6.666666740784422e-05,-0.008773164823651314,0.024995457381010056,0.07403111457824707,0.009987115859985352,1142.0,0.18749336898326874,98.45999908447266,-0.46309587359428406,-0.004508350044488907,0.0609755776822567,0.0,0.9996964335441589
337,,,,,,,,-1.7982604503631592,4.444444493856281e-05,-0.011809387244284153,0.004000488203018904,0.07011198997497559,0.009778976440429688,1201.0,0.1873873919248581,98.45999908447266,-0.37038034200668335,-0.0048283422365784645,1.5439701428476837e-06,0.0,0.9991223812103271
338,,,,,,,,-1.800626516342163,4.444444493856281e-05,-0.020306462422013283,0.0029442869126796722,0.08169698715209961,0.009907007217407227,1047.0,0.18736988306045532,98.45999908447266,-0.18132102489471436,-0.0050510806031525135,0.075095534324646,0.0,0.9993255734443665
339,,,,,,,,-1.8000781536102295,6.666666740784422e-05,-0.012478109449148178,0.011155489832162857,0.08023786544799805,0.010312080383300781,1060.0,0.1874838024377823,98.45999908447266,-0.0883764773607254,-0.004588434472680092,0.24711231887340546,0.0,0.999858558177948
340,,,,,,,,-1.7965741157531738,2.9629629352712072e-05,-0.01778212934732437,0.014226973056793213,0.07407188415527344,0.010369062423706055,1136.0,0.18752233684062958,98.45999908447266,-0.0883764773607254,-0.004590501543134451,0.07464289665222168,0.0,0.9997555613517761
341,,,,,,,,-1.797448992729187,4.444444493856281e-05,-0.00786792766302824,0.0017096457304432988,0.07073307037353516,0.009884834289550781,1190.0,0.1874174326658249,98.45999908447266,-0.0883764773607254,-0.004973211791366339,1.888455699372571e-06,0.0,0.9992055892944336
342,,,,,,,,-1.8057183027267456,4.444444493856281e-05,-0.019050417467951775,0.0023106285370886326,0.07941293716430664,0.009763717651367188,1076.0,0.18702232837677002,98.45999908447266,-0.08842349052429199,-0.005062028765678406,0.02631276845932007,0.0,0.9992192387580872
343,,,,,,,,-1.8161171674728394,2.9629629352712072e-05,-0.017604399472475052,0.015431927517056465,0.0831148624420166,0.009716987609863281,1034.0,0.18698561191558838,98.45999908447266,0.006322877481579781,-0.005722756031900644,0.20690171420574188,0.0,0.9998353123664856
344,-0.001278898329474032,0.016652854159474373,-2.5,0.16999515891075134,0.0,1.0,0.0,-1.813744306564331,2.9629629352712072e-05,-0.010627334006130695,0.43520864844322205,0.0789179801940918,0.009820222854614258,1081.0,0.1870940625667572,97.62999725341797,0.029833175241947174,-0.005085709970444441,0.08776385337114334,-2.6041667461395264,0.9998113512992859
345,,,,,,,,-1.811307668685913,6.666666740784422e-05,-0.005091794300824404,0.015157334506511688,0.0715329647064209,0.010376930236816406,1172.0,0.1871422827243805,97.62999725341797,0.029833175241947174,-0.004711104091256857,0.038552429527044296,0.0,0.9993529319763184
346,,,,,,,,-1.8111684322357178,2.9629629352712072e-05,-0.020696792751550674,0.0026725144125521183,0.0767049789428711,0.010436058044433594,1101.0,0.1870807409286499,97.62999725341797,0.029735341668128967,-0.005368873476982117,0.006993070710450411,0.0,0.9992896914482117
347,,,,,,,,-1.815438985824585,9.999999747378752e-05,-0.012635576538741589,2.8213798999786377,0.08440804481506348,0.009891033172607422,1018.0,0.18691574037075043,96.79000091552734,-0.039771199226379395,-0.004674451891332865,0.10290470719337463,-2.6041667461395264,0.9996466636657715
348,,,,,,,,-1.8198249340057373,6.666666740784422e-05,-0.007952802814543247,0.015913203358650208,0.08071613311767578,0.010472774505615234,1052.0,0.18694117665290833,96.79000091552734,-0.04017002135515213,-0.005035034380853176,0.21750454604625702,0.0,0.9997897744178772
349,,,,,,,,-1.8147605657577515,6.666666740784422e-05,-0.00651531619951129,0.006297970190644264,0.07390499114990234,0.01048588752746582,1137.0,0.1872398555278778,96.79000091552734,-0.04017002135515213,-0.004553439561277628,0.05937470123171806,0.0,0.9995506405830383
350,,,,,,,,-1.8046551942825317,1.975308623514138e-05,-0.022725801914930344,0.0013365029590204358,0.07808780670166016,0.012223958969116211,1062.0,0.18740800023078918,97.55999755859375,0.025069324299693108,-0.004015467595309019,0.0001210158588946797,0.0,0.9992673993110657
351,,,,,,,,-1.7991472482681274,6.666666740784422e-05,-0.019862299785017967,0.003429766744375229,0.08327412605285645,0.012126922607421875,1006.0,0.18763841688632965,97.55999755859375,0.11947627365589142,-0.00481919152662158,0.10530155152082443,0.0,0.9994099140167236
352,,,,,,,,-1.7871946096420288,2.9629629352712072e-05,-0.009415422566235065,0.009750975295901299,0.07873201370239258,0.010421991348266602,1076.0,0.18791545927524567,97.55999755859375,0.21393243968486786,-0.0046454863622784615,0.20876598358154297,0.0,0.9997523427009583
353,,,,,,,,-1.7797538042068481,4.444444493856281e-05,-0.028888637199997902,0.00850583240389824,0.07288503646850586,0.009932994842529297,1159.0,0.18810367584228516,97.55999755859375,0.21393243968486786,-0.004966911859810352,0.1381901651620865,0.0,0.9996271133422852
354,,,,,,,,-1.7717803716659546,1.975308623514138e-05,-0.01573849655687809,0.0028945407830178738,0.07464718818664551,0.00966501235961914,1138.0,0.1882956326007843,97.55999755859375,0.2141544073820114,-0.005133329425007105,0.0002353123272769153,0.0,0.99933260679245
355,,,,,,,,-1.7680652141571045,9.999999747378752e-05,-0.01495121419429779,0.005426221992820501,0.0775299072265625,0.01055908203125,1089.0,0.18827052414417267,97.55999755859375,0.2143065482378006,-0.005063255783170462,0.12300849705934525,0.0,0.9993727803230286
356,,,,,,,,-1.7684545516967773,2.9629629352712072e-05,-0.0265314020216465,0.007621406111866236,0.08124327659606934,0.010478019714355469,1046.0,0.18828217685222626,97.55999755859375,0.3081212043762207,-0.00527467206120491,0.14686739444732666,0.0,0.9997515082359314
357,,,,,,,,-1.7675812244415283,6.666666740784422e-05,-0.012302687391638756,0.0016687938477844,0.07823824882507324,0.011775016784667969,1066.0,0.18828633427619934,97.55999755859375,0.3081212043762207,-0.00523272342979908,0.10333219915628433,0.0,0.9996594786643982
358,,,,,,,,-1.7675769329071045,1.316872385359602e-05,-0.018727868795394897,0.004416210111230612,0.09912395477294922,0.011960029602050781,864.0,0.18830768764019012,97.55999755859375,0.3960360288619995,-0.005335328634828329,0.001747570582665503,0.0,0.9993319511413574
359,,,,,,,,-1.7661151885986328,9.999999747378752e-05,-0.009233186952769756,2.865963935852051,0.0840919017791748,0.011135339736938477,1008.0,0.18839362263679504,96.73999786376953,0.4209100306034088,-0.004648485686630011,0.04007253423333168,-2.6041667461395264,0.999331533908844
360,,,,,,,,-1.7606909275054932,2.9629629352712072e-05,-0.010494472458958626,0.014447256922721863,0.08453202247619629,0.010754108428955078,1007.0,0.18847763538360596,96.73999786376953,0.5106952786445618,-0.004721605684608221,0.240804985165596,0.0,0.9997028708457947
361,,,,,,,,-1.7613798379898071,6.666666740784422e-05,-0.005416798405349255,0.013196190819144249,0.0749807357788086,0.010430335998535156,1123.0,0.18829457461833954,96.73999786376953,0.5106952786445618,-0.005543931853026152,0.121738962829113,0.0,0.9998777508735657
362,,,,,,,,-1.7734370231628418,6.666666740784422e-05,-0.005888425279408693,0.006007032003253698,0.07052302360534668,0.010299921035766602,1187.0,0.18783092498779297,96.73999786376953,0.5106952786445618,-0.004480072762817144,0.009822569787502289,0.0,0.9993951916694641
363,,,,,,,,-1.7906486988067627,4.444444493856281e-05,-0.018704678863286972,0.0021956879645586014,0.07516908645629883,0.010383844375610352,1122.0,0.187374085187912,96.73999786376953,0.5097042918205261,-0.004745814483612776,1.3395373343882966e-06,0.0,0.9990556836128235
364,,,,,,,,-1.8053743839263916,6.666666740784422e-05,-0.01311628520488739,0.00424529891461134,0.08250617980957031,0.010026931762695312,1037.0,0.1870536059141159,96.73999786376953,0.6990038156509399,-0.005482873413711786,0.16412022709846497,0.0,0.9996201992034912
365,,,,,,,,-1.8132121562957764,1.975308623514138e-05,-0.030251212418079376,0.018339086323976517,0.07785797119140625,0.010081052780151367,1091.0,0.18696337938308716,96.73999786376953,0.6990038156509399,-0.005468219053000212,0.14374177157878876,0.0,0.9998851418495178
366,,,,,,,,-1.8152804374694824,2.9629629352712072e-05,-0.015969084575772285,0.0014140529092401266,0.07126498222351074,0.01079702377319336,1169.0,0.18691475689411163,96.73999786376953,0.6990038156509399,-0.005553567782044411,0.026337722316384315,0.0,0.9995085597038269
367,,,,,,,,-1.8161033391952515,2.9629629352712072e-05,-0.009470712393522263,0.0018466103356331587,0.0703730583190918,0.010278940200805664,1190.0,0.18693850934505463,96.73999786376953,0.8718793392181396,-0.004471710417419672,4.075985327034459e-09,0.0,0.9990324974060059
368,,,,,,,,-1.8139549493789673,2.9629629352712072e-05,-0.019256852567195892,0.004226202145218849,0.0833888053894043,0.010392189025878906,1023.0,0.18703249096870422,97.51000213623047,0.9370816349983215,-0.004955721087753773,0.12157336622476578,0.0,0.9995949268341064
369,-0.0048914519138634205,0.09241531789302826,0.0,0.9995304346084595,0.0,0.0,1.0,-1.8108514547348022,4.444444493856281e-05,-0.014763500541448593,0.009621263481676579,0.07989096641540527,0.010123968124389648,1066.0,0.18710404634475708,97.51000213623047,1.024165153503418,-0.0051278541795909405,0.19477617740631104,0.0,0.9998833537101746
370,,,,,,,,-1.8090672492980957,2.9629629352712072e-05,-0.02658674120903015,0.0017488925950601697,0.07319903373718262,0.010020017623901367,1153.0,0.18713535368442535,97.51000213623047,1.024165153503418,-0.004344565328210592,0.04380775988101959,0.0,0.9996282458305359
371,,,,,,,,-1.8079591989517212,0.0001500000071246177,-0.005562242120504379,0.001163018518127501,0.06973433494567871,0.009869813919067383,1205.0,0.18721552193164825,97.51000213623047,1.024165153503418,-0.0047487723641097546,5.7679216070027906e-08,0.0,0.9991235136985779
372,-0.004822953138500452,0.0833219662308693,0.0,0.9995470643043518,0.0,0.0,1.0,-1.7984931468963623,4.444444493856281e-05,-0.03903377801179886,0.0030467151664197445,0.08474493026733398,0.010140180587768555,1011.0,0.18758049607276917,97.51000213623047,1.111624002456665,-0.0048038843087852,0.09320306032896042,0.0,0.9995313286781311
373,,,,,,,,-1.7886894941329956,4.444444493856281e-05,-0.02341153286397457,0.010802965611219406,0.07894396781921387,0.010266780853271484,1076.0,0.18777547776699066,97.51000213623047,1.1112371683120728,-0.0048450385220348835,0.22409795224666595,0.0,0.9998350739479065
374,,,,,,,,-1.784009575843811,6.666666740784422e-05,-0.01351439580321312,0.008580564521253109,0.07338619232177734,0.010269880294799805,1147.0,0.18776294589042664,97.51000213623047,1.1112371683120728,-0.00485787121579051,0.08531013876199722,0.0,0.9997105598449707
375,,,,,,,,-1.7867381572723389,0.00022499999613501132,8.411705493927002e-06,0.0007464988739229739,0.07049012184143066,0.01048588752746582,1185.0,0.1877187341451645,97.51000213623047,1.1112371683120728,-0.005596625152975321,2.4355877030757256e-05,0.0,0.9991881251335144
376,,,,,,,,-1.7878918647766113,4.444444493856281e-05,-0.020792655646800995,0.0023812009021639824,0.08324003219604492,0.00976705551147461,1032.0,0.1877068728208542,97.51000213623047,1.2964955568313599,-0.0046308147720992565,0.04704416170716286,0.0,0.999413251876831
377,,,,,,,,-1.7864080667495728,0.0001500000071246177,-0.012853340245783329,0.012669890187680721,0.07937383651733398,0.010280132293701172,1070.0,0.18783624470233917,97.51000213623047,1.296957015991211,-0.00506924744695425,0.25979551672935486,0.0,0.9997876286506653
378,,,,,,,,-1.779508352279663,1.316872385359602e-05,-0.0218935739248991,0.006523797754198313,0.0754690170288086,0.010432004928588867,1117.0,0.18802210688591003,97.51000213623047,1.296957015991211,-0.0051858192309737206,0.09226334095001221,0.0,0.999786376953125
379,,,,,,,,-1.77703058719635,9.999999747378752e-05,-0.0031854596454650164,0.0030079777352511883,0.06979894638061523,0.009878158569335938,1204.0,0.18796102702617645,97.51000213623047,1.296957015991211,-0.004888233263045549,0.00023914877965580672,0.0,0.99923175573349
380,,,,,,,,-1.7824370861053467,1.975308623514138e-05,-0.018265768885612488,0.0014634999679401517,0.0807960033416748,0.010040044784545898,1056.0,0.18785735964775085,97.51000213623047,1.390697717666626,-0.00478383107110858,0.002392296213656664,0.0,0.9992730021476746
381,,,,,,,,-1.7843047380447388,0.0001500000071246177,-0.018156681209802628,7.722207546234131,0.08090090751647949,0.010220050811767578,1053.0,0.18781359493732452,97.51000213623047,1.390702247619629,-0.005249550566077232,-4.832876682281494,0.0,0.999725878238678
382,,,,,,,,-1.7901462316513062,1.975308623514138e-05,-0.017304500564932823,0.015924101695418358,0.07588410377502441,0.010019063949584961,1117.0,0.18762196600437164,97.51000213623047,1.390702247619629,-0.005185311194509268,0.19151552021503448,0.0,0.9998423457145691
383,,,,,,,,-1.7946676015853882,6.666666740784422e-05,-0.011171373538672924,0.005674656014889479,0.07140016555786133,0.009935855865478516,1180.0,0.18754589557647705,97.51000213623047,1.390702247619629,-0.00568584306165576,0.04728739336133003,0.0,0.9993645548820496
384,,,,,,,,-1.794797658920288,1.975308623514138e-05,-0.015440745279192924,0.0018689660355448723,0.07799816131591797,0.009744882583618164,1094.0,0.18764756619930267,97.51000213623047,1.489192008972168,-0.004951654002070427,0.0033438161481171846,0.0,0.9991984367370605
385,,,,,,,,-1.7932369709014893,6.666666740784422e-05,-0.00986772682517767,0.011492055840790272,0.0818941593170166,0.009981870651245117,1044.0,0.18755210936069489,97.51000213623047,1.4890906810760498,-0.00497972359880805,0.3129070997238159,0.0,0.9997082352638245
386,,,,,,,,-1.7995874881744385,2.9629629352712072e-05,-0.01618010178208351,7.022777080535889,0.07630610466003418,0.009788990020751953,1115.0,0.18735907971858978,97.51000213623047,1.4890906810760498,-0.004648665897548199,-4.962581634521484,0.0,0.9998781085014343
387,,,,,,,,-1.8048518896102905,4.444444493856281e-05,-0.009367038495838642,0.001621175673790276,0.06985306739807129,0.010149955749511719,1199.0,0.1871800720691681,97.51000213623047,1.4890906810760498,-0.0043240864761173725,0.06698592752218246,0.0,0.9994322657585144
388,,,,,,,,-1.8107516765594482,4.444444493856281e-05,-0.02101900801062584,0.0015612030401825905,0.07527709007263184,0.010190010070800781,1123.0,0.18709981441497803,97.51000213623047,1.5856969356536865,-0.005327584687620401,0.00046208815183490515,0.0,0.9991331696510315
389,,,,,,,,-1.8107914924621582,0.0001500000071246177,-0.01568223536014557,0.010555556043982506,0.08204793930053711,0.010495185852050781,1037.0,0.18729206919670105,97.51000213623047,1.5836565494537354,-0.004995513241738081,0.2603146731853485,0.0,0.9996283650398254
390,,,,,,,,-1.7889516353607178,6.666666740784422e-05,-0.01670372113585472,0.011408552527427673,0.07837891578674316,0.009821891784667969,1088.0,0.18818581104278564,97.51000213623047,1.5836565494537354,-0.004680962767452002,0.1900266855955124,0.0,0.9998908042907715
391,,,,,,,,-1.7687504291534424,4.444444493856281e-05,-0.02311825007200241,0.00035769291571341455,0.07073092460632324,0.00983572006225586,1191.0,0.1884274184703827,97.51000213623047,1.5836565494537354,-0.00507877254858613,0.02275863289833069,0.0,0.9995455741882324
392,,,,,,,,-1.7656481266021729,2.9629629352712072e-05,-0.009216168895363808,0.00045273685827851295,0.07195115089416504,0.009836912155151367,1173.0,0.18840086460113525,97.51000213623047,1.680484414100647,-0.00523318350315094,1.59014801326407e-10,0.0,0.999133288860321
393,,,,,,,,-1.7656059265136719,9.999999747378752e-05,-0.0075020263902843,0.0020423412788659334,0.08325719833374023,0.00978398323059082,1031.0,0.1885625422000885,97.51000213623047,1.6813493967056274,-0.005464516580104828,0.13635241985321045,0.0,0.9996085166931152
394,-0.005262875929474831,0.10226921737194061,0.0,0.9995598196983337,0.0,0.0,1.0,-1.7599897384643555,2.9629629352712072e-05,-0.02365635335445404,0.010530932806432247,0.08020973205566406,0.009840011596679688,1066.0,0.18861931562423706,97.51000213623047,1.6816564798355103,-0.004388560075312853,0.28097039461135864,0.0,0.9998836517333984
395,,,,,,,,-1.763053059577942,6.666666740784422e-05,-0.01582738384604454,0.006032928358763456,0.07228779792785645,0.01021122932434082,1163.0,0.1883847564458847,97.51000213623047,1.6816564798355103,-0.005047874990850687,0.06078517064452171,0.0,0.9996320605278015
396,,,,,,,,-1.775342345237732,6.666666740784422e-05,-0.005354659166187048,0.0007917762268334627,0.0700368881225586,0.009786844253540039,1202.0,0.18794643878936768,97.51000213623047,1.6816564798355103,-0.004601047374308109,1.409079231962096e-06,0.0,0.9991569519042969
397,-0.004807668272405863,0.10727071762084961,0.0,0.9995586276054382,0.0,0.0,1.0,-1.7986209392547607,9.999999747378752e-05,-0.02128535695374012,0.0029827356338500977,0.0831458568572998,0.009612798690795898,1034.0,0.1870361715555191,97.51000213623047,1.6827856302261353,-0.004536577966064215,0.13573460280895233,0.0,0.9995379447937012
398,,,,,,,,-1.8345023393630981,4.444444493856281e-05,-0.020507944747805595,0.009655806235969067,0.07786393165588379,0.009594917297363281,1097.0,0.18631696701049805,97.51000213623047,1.6830511093139648,-0.005659298971295357,0.24953033030033112,0.0,0.9998359680175781
399,,,,,,,,-1.8494970798492432,1.316872385359602e-05,-0.027525048702955246,0.01223019603639841,0.07201194763183594,0.009927034378051758,1171.0,0.18623392283916473,97.51000213623047,1.6830511093139648,-0.004658779129385948,0.04593151435256004,0.0,0.999701976776123
400,,,,,,,,-1.8501912355422974,6.666666740784422e-05,-0.015637924894690514,0.0008567767799831927,0.06969881057739258,0.009701013565063477,1209.0,0.1862724870443344,97.51000213623047,1.6830511093139648,-0.0050256866961717606,8.19890046841465e-05,0.0,0.9992058873176575
401,,,,,,,,-1.8530011177062988,6.666666740784422e-05,-0.007647798862308264,0.0018352898769080639,0.08381223678588867,0.009797811508178711,1025.0,0.18596692383289337,97.51000213623047,1.683371901512146,-0.004701503086835146,0.04042419046163559,0.0,0.999415397644043
402,,,,,,,,-1.8643107414245605,4.444444493856281e-05,-0.014487644657492638,0.0012689190916717052,0.07844424247741699,0.009875774383544922,1086.0,0.18577098846435547,97.51000213623047,1.6830099821090698,-0.005059404298663139,0.20305734872817993,0.0,0.9997943043708801
403,,,,,,,,-1.8663090467453003,4.444444493856281e-05,-0.01518754381686449,0.005176371894776821,0.07360005378723145,0.01052403450012207,1141.0,0.1858096867799759,97.51000213623047,1.6830099821090698,-0.00442498316988349,0.08656952530145645,0.0,0.999795138835907
404,,,,,,,,-1.8635114431381226,4.444444493856281e-05,-0.01899360492825508,0.002022715285420418,0.07114911079406738,0.00985097885131836,1185.0,0.18588469922542572,97.51000213623047,1.6830099821090698,-0.004810288082808256,0.00022824697953183204,0.0,0.9993414878845215
405,,,,,,,,-1.864203929901123,4.444444493856281e-05,-0.02523166686296463,0.0017796078464016318,0.08345794677734375,0.010452032089233398,1022.0,0.1857968121767044,97.51000213623047,1.7770954370498657,-0.0047871763817965984,0.0017256493447348475,0.0,0.9993837475776672
406,,,,,,,,-1.864156723022461,4.444444493856281e-05,-0.008063585497438908,7.080776214599609,0.09184789657592773,0.009869813919067383,943.0,0.18595167994499207,95.05999755859375,1.5735551118850708,-0.004850370343774557,0.11623137444257736,-7.8125,0.9998288154602051
407,,,,,,,,-1.8583507537841797,6.666666740784422e-05,-0.007911130785942078,11.126869201660156,0.08186793327331543,0.010066032409667969,1044.0,0.18611563742160797,94.19999694824219,1.5040360689163208,-0.004670620895922184,-9.85141658782959,-2.6041667461395264,0.999855101108551
408,,,,,,,,-1.85276198387146,1.975308623514138e-05,-0.01054175291210413,0.012463764287531376,0.07494902610778809,0.009892940521240234,1131.0,0.18625928461551666,94.19999694824219,1.5040360689163208,-0.004770589992403984,0.20005714893341064,0.0,0.9997966289520264
409,,,,,,,,-1.8491861820220947,9.999999747378752e-05,-0.002564749214798212,0.0036215553991496563,0.0710759162902832,0.009710073471069336,1188.0,0.18632066249847412,94.19999694824219,1.5040360689163208,-0.004252579528838396,0.08443034440279007,0.0,0.9993125796318054
410,,,,,,,,-1.8492029905319214,6.666666740784422e-05,-0.015770306810736656,0.0022267960011959076,0.08267807960510254,0.009650945663452148,1039.0,0.18619005382061005,94.19999694824219,1.3143728971481323,-0.0051889847964048386,0.033722586929798126,0.0,0.9994723200798035
411,,,,,,,,-1.8500010967254639,6.666666740784422e-05,-0.012252284213900566,6.236160755157471,0.08356475830078125,0.009708881378173828,1029.0,0.18630430102348328,93.41999816894531,1.2474522590637207,-0.005718117579817772,-4.86596155166626,-2.6041667461395264,0.9998345971107483
412,-0.0008459215750917792,0.019864501431584358,-2.5,0.17999237775802612,0.0,1.0,0.0,-1.838832139968872,6.666666740784422e-05,-0.01582605578005314,2.6365013122558594,0.08440804481506348,0.00993490219116211,1017.0,0.1867169290781021,91.77999877929688,1.1105287075042725,-0.004972771741449833,0.22990882396697998,-5.208333492279053,0.9998721480369568
413,,,,,,,,-1.826560616493225,4.444444493856281e-05,-0.01630016230046749,1.1799873113632202,0.07604813575744629,0.01017904281616211,1113.0,0.18685071170330048,90.97000122070312,1.0439053773880005,-0.005061214789748192,0.1582757979631424,-2.6041667461395264,0.9995346665382385
414,,,,,,,,-1.823142647743225,4.444444493856281e-05,-0.015589101240038872,0.007211585063487291,0.08139991760253906,0.010442972183227539,1045.0,0.18694451451301575,90.97000122070312,0.9501960873603821,-0.004871177952736616,0.045533448457717896,0.0,0.9996027946472168
415,,,,,,,,-1.8209359645843506,4.444444493856281e-05,-0.017408551648259163,0.029689200222492218,0.0747671127319336,0.009886980056762695,1134.0,0.18694929778575897,90.97000122070312,0.9501960873603821,-0.004502411000430584,0.1520385593175888,0.0,0.9996123313903809
416,,,,,,,,-1.8240063190460205,2.9629629352712072e-05,-0.02807452157139778,0.003838334698230028,0.07954096794128418,0.010448932647705078,1066.0,0.18684589862823486,90.97000122070312,0.9507045745849609,-0.004864267539232969,0.035718269646167755,0.0,0.999664843082428
417,,,,,,,,-1.8273861408233643,6.666666740784422e-05,-0.025456730276346207,0.008655721321702003,0.07678103446960449,0.010236978530883789,1103.0,0.1867622584104538,90.97000122070312,0.9504043459892273,-0.0054296161979436874,0.05294375121593475,0.0,0.9995120167732239
418,,,,,,,,-1.8285125494003296,6.666666740784422e-05,-0.014155665412545204,0.013095702044665813,0.07826375961303711,0.009909868240356445,1088.0,0.1867946833372116,90.97000122070312,0.9510322213172913,-0.005467766430228949,0.08457579463720322,0.0,0.9995605945587158
419,,,,,,,,-1.8270180225372314,4.444444493856281e-05,-0.02319129928946495,0.03125357627868652,0.07431507110595703,0.00988006591796875,1140.0,0.18677997589111328,90.97000122070312,0.9510322213172913,-0.004763507749885321,0.16171960532665253,0.0,0.999657392501831
420,,,,,,,,-1.8271046876907349,2.9629629352712072e-05,-0.017810525372624397,2.845628499984741,0.07808089256286621,0.010748147964477539,1080.0,0.18679983913898468,90.12000274658203,0.8826044797897339,-0.004876210354268551,0.023069152608513832,-2.6041667461395264,0.9996743202209473
421,,,,,,,,-1.8212785720825195,6.666666740784422e-05,-0.010390463285148144,7.068219184875488,0.08228731155395508,0.010352134704589844,1036.0,0.18718554079532623,90.12000274658203,0.8830033540725708,-0.004843967035412788,-4.847012042999268,0.0,0.9995534420013428
422,,,,,,,,-1.80696702003479,0.0005062500131316483,-0.008701936341822147,0.7004762291908264,0.08281493186950684,0.00982213020324707,1036.0,0.1872735321521759,89.26000213623047,0.8152561187744141,-0.004809442441910505,0.06667265295982361,-2.6041667461395264,0.9995442032814026
423,,,,,,,,-1.8133286237716675,4.444444493856281e-05,-0.04214434698224068,8.837115287780762,0.08199214935302734,0.010519027709960938,1037.0,0.18707188963890076,88.44000244140625,0.7480801939964294,-0.0056484718807041645,-4.935728073120117,-2.6041667461395264,0.9997949004173279
424,,,,,,,,-1.817037582397461,0.0001500000071246177,-0.01231360249221325,0.06146486476063728,0.07246899604797363,0.01031494140625,1159.0,0.18693356215953827,88.44000244140625,0.7480801939964294,-0.005085349082946777,0.1963161677122116,0.0,0.9995930194854736
425,,,,,,,,-1.821614146232605,1.975308623514138e-05,-0.03162075951695442,0.005640209652483463,0.08093118667602539,0.010885000228881836,1045.0,0.18685601651668549,88.44000244140625,0.6538084149360657,-0.0050110542215406895,0.1789480447769165,0.0,0.9995556473731995
426,,,,,,,,-1.822688341140747,4.444444493856281e-05,-0.01161128468811512,0.8175636529922485,0.08517193794250488,0.012122869491577148,986.0,0.18679264187812805,88.44000244140625,0.5594244003295898,-0.0047983149997889996,-4.917479991912842,0.0,0.9995086193084717
427,,,,,,,,-1.8251335620880127,0.0001500000071246177,-0.015457259491086006,8.104606628417969,0.08418011665344238,0.011350870132446289,1004.0,0.18673266470432281,88.44000244140625,0.5599099397659302,-0.005462829023599625,-9.678118705749512,0.0,0.9995978474617004
428,,,,,,,,-1.821846842765808,4.444444493856281e-05,-0.019802821800112724,0.09728977084159851,0.07736897468566895,0.010461091995239258,1093.0,0.1869390606880188,88.44000244140625,0.5599099397659302,-0.005044352728873491,0.2046155333518982,0.0,0.9996210932731628
429,,,,,,,,-1.816069483757019,6.666666740784422e-05,-0.017341379076242447,0.006762376055121422,0.07884693145751953,0.01049184799194336,1074.0,0.1869433969259262,88.44000244140625,0.4653249680995941,-0.005134599283337593,0.1551184356212616,0.0,0.9995219111442566
430,,,,,,,,-1.8177822828292847,6.666666740784422e-05,-0.02164827100932598,0.0477418527007103,0.07711100578308105,0.010190010070800781,1099.0,0.1869325339794159,88.44000244140625,0.3740095794200897,-0.004754787776619196,0.10155867785215378,0.0,0.9994391798973083
431,,,,,,,,-1.8173753023147583,9.999999747378752e-05,-0.021410150453448296,7.345539569854736,0.07813000679016113,0.010493040084838867,1083.0,0.18693482875823975,88.44000244140625,0.28222399950027466,-0.004838891327381134,-4.9715895652771,0.0,0.9996118545532227
432,,,,,,,,-1.816738486289978,0.0003375000087544322,-0.00887913629412651,6.42509126663208,0.07705807685852051,0.010233879089355469,1099.0,0.18689598143100739,88.44000244140625,0.2821197509765625,-0.005254873540252447,-4.915290832519531,0.0,0.9996640682220459
433,,,,,,,,-1.8179949522018433,2.9629629352712072e-05,-0.006110440939664841,0.015363618731498718,0.07803893089294434,0.00983572006225586,1092.0,0.18686731159687042,88.44000244140625,0.281356543302536,-0.004718916490674019,0.14712905883789062,0.0,0.9995221495628357
434,,,,,,,,-1.8200013637542725,0.0001500000071246177,-0.008853347972035408,0.1522071808576584,0.07792162895202637,0.010195255279541016,1089.0,0.18666119873523712,88.44000244140625,0.28139886260032654,-0.004904839675873518,0.09907692670822144,0.0,0.9994476437568665
435,,,,,,,,-1.8279601335525513,2.9629629352712072e-05,-0.03602791577577591,4.572811603546143,0.07700204849243164,0.010037899017333984,1102.0,0.18659928441047668,88.44000244140625,0.18499165773391724,-0.004783545155078173,-4.965672016143799,0.0,0.9995648264884949
436,,,,,,,,-1.8254696130752563,0.0001500000071246177,-0.012819245457649231,0.09455744922161102,0.07704496383666992,0.009718894958496094,1106.0,0.18671052157878876,88.44000244140625,0.08942815661430359,-0.004824975039809942,0.2546023428440094,0.0,0.9996210932731628
437,,,,,,,,-1.8192943334579468,2.9629629352712072e-05,-0.011954708024859428,1.7607940435409546,0.07606029510498047,0.009704828262329102,1119.0,0.18690773844718933,89.2699966430664,0.15722449123859406,-0.00485157361254096,-4.748742580413818,0.0,0.9994720816612244
438,,,,,,,,-1.8126447200775146,2.9629629352712072e-05,-0.007491753436625004,4.181820869445801,0.07788419723510742,0.009921789169311523,1093.0,0.18705107271671295,89.2699966430664,0.06237153708934784,-0.004806175362318754,-4.7182936668396,0.0,0.9994539618492126
439,,,,,,,,-1.807662844657898,0.0001500000071246177,-0.01747267134487629,0.2232116460800171,0.0795438289642334,0.010258913040161133,1069.0,0.18726815283298492,89.2699966430664,0.06184909865260124,-0.004969300236552954,0.0858784094452858,0.0,0.9995600581169128
440,,,,,,,,-1.7963535785675049,4.444444493856281e-05,-0.024813296273350716,0.14128027856349945,0.07655596733093262,0.011556148529052734,1089.0,0.187523752450943,89.2699966430664,-0.029545530676841736,-0.005240873899310827,0.08676844090223312,0.0,0.9996021389961243
441,,,,,,,,-1.7896608114242554,9.999999747378752e-05,-0.01469908282160759,0.12354381382465363,0.07569313049316406,0.010742902755737305,1110.0,0.1877020001411438,90.11000061035156,-0.05347634479403496,-0.004660997074097395,0.09510470181703568,0.0,0.9995103478431702
442,,,,,,,,-1.7803047895431519,6.666666740784422e-05,-0.01525456365197897,0.15678006410598755,0.07783031463623047,0.010502815246582031,1086.0,0.18797150254249573,90.11000061035156,-0.05311112850904465,-0.004600305575877428,0.09670865535736084,0.0,0.9994637966156006
443,,,,,,,,-1.7714881896972656,4.444444493856281e-05,-0.03366367891430855,4.906671047210693,0.08551692962646484,0.010667085647583008,998.0,0.1881665736436844,90.11000061035156,-0.05279603973031044,-0.005187861155718565,-4.5949625968933105,0.0,0.9995579719543457
444,,,,,,,,-1.7649505138397217,2.9629629352712072e-05,-0.012956678867340088,0.1513727605342865,0.07727289199829102,0.010073184967041016,1099.0,0.1883174329996109,90.11000061035156,-0.053265079855918884,-0.005037985276430845,0.11212596297264099,0.0,0.9996297359466553
445,,,,,,,,-1.7614364624023438,4.444444493856281e-05,-0.012439552694559097,4.1471405029296875,0.07214999198913574,0.00997614860534668,1168.0,0.18835380673408508,90.11000061035156,-0.053304146975278854,-0.004413737449795008,-4.62536096572876,0.0,0.9995148181915283
446,,,,,,,,-1.7613654136657715,2.9629629352712072e-05,-0.01450830977410078,0.1416798233985901,0.07854509353637695,0.01060795783996582,1076.0,0.18832576274871826,90.11000061035156,-0.053304146975278854,-0.0055320686660707,0.07302581518888474,0.0,0.9994633793830872
447,,,,,,,,-1.7634284496307373,6.666666740784422e-05,-0.025713955983519554,0.0989488735795021,0.08146095275878906,0.010214805603027344,1047.0,0.18818946182727814,90.11000061035156,-0.14326557517051697,-0.00485982233658433,0.1038651093840599,0.0,0.9995103478431702
448,,,,,,,,-1.7709628343582153,4.444444493856281e-05,-0.031032616272568703,0.11270071566104889,0.0772409439086914,0.010007143020629883,1100.0,0.18797242641448975,90.11000061035156,-0.2337455302476883,-0.005109266843646765,0.13435949385166168,0.0,0.9996109008789062
449,,,,,,,,-1.776881456375122,4.444444493856281e-05,-0.018128950148820877,0.1025768518447876,0.07454991340637207,0.010607242584228516,1127.0,0.18786346912384033,90.11000061035156,-0.2337455302476883,-0.005346754565834999,0.10650654882192612,0.0,0.9996370673179626
450,,,,,,,,-1.7815444469451904,9.999999747378752e-05,-0.020248590037226677,0.016588475555181503,0.07948875427246094,0.010565042495727539,1066.0,0.187692329287529,90.11000061035156,-0.23433390259742737,-0.005165811628103256,0.0874210000038147,0.0,0.9995507597923279
451,,,,,,,,-1.7874245643615723,4.444444493856281e-05,-0.025691591203212738,0.015340537764132023,0.07905793190002441,0.009978055953979492,1078.0,0.18771636486053467,90.11000061035156,-0.2351492941379547,-0.004704333376139402,0.09777901321649551,0.0,0.999488115310669
452,,,,,,,,-1.78731369972229,4.444444493856281e-05,-0.03017883189022541,0.09652499109506607,0.07803797721862793,0.009875297546386719,1091.0,0.18765628337860107,90.93000030517578,-0.16763082146644592,-0.00479700556024909,0.16838650405406952,0.0,0.9996061325073242
453,,,,,,,,-1.7933255434036255,4.444444493856281e-05,-0.015943115577101707,0.06123986840248108,0.07645010948181152,0.009852886199951172,1112.0,0.1873508244752884,90.93000030517578,-0.16763082146644592,-0.004854818806052208,0.11632222682237625,0.0,0.999681293964386
454,,,,,,,,-1.8078694343566895,2.9629629352712072e-05,-0.018405186012387276,0.005358599592000246,0.0774679183959961,0.009601116180419922,1102.0,0.1869533807039261,90.93000030517578,-0.16649803519248962,-0.004510254133492708,0.02964921109378338,0.0,0.9996073246002197
455,,,,,,,,-1.8194571733474731,4.444444493856281e-05,-0.01587885245680809,0.027121316641569138,0.07950615882873535,0.009781837463378906,1075.0,0.1867629438638687,90.93000030517578,-0.16616281867027283,-0.004756629467010498,0.11006182432174683,0.0,0.9995255470275879
456,,,,,,,,-1.8236395120620728,9.999999747378752e-05,-0.014032010920345783,0.050242360681295395,0.07814717292785645,0.00996088981628418,1089.0,0.1867281198501587,90.93000030517578,-0.16530750691890717,-0.004894884303212166,0.2196190357208252,0.0,0.9996333718299866
457,,,,,,,,-1.8239151239395142,2.9629629352712072e-05,-0.02296191081404686,0.03727485612034798,0.08223581314086914,0.010077953338623047,1039.0,0.18674373626708984,90.93000030517578,-0.16501787304878235,-0.004929427523165941,0.11063474416732788,0.0,0.9997003674507141
458,,,,,,,,-1.8271287679672241,2.9629629352712072e-05,-0.016178898513317108,0.007104435469955206,0.0784139633178711,0.009933948516845703,1086.0,0.1865607053041458,90.93000030517578,-0.16464000940322876,-0.0051276483573019505,0.03226674720644951,0.0,0.9996054172515869
459,,,,,,,,-1.8344700336456299,9.999999747378752e-05,-0.010989938862621784,0.02647675946354866,0.07762908935546875,0.010197877883911133,1093.0,0.18630945682525635,90.93000030517578,-0.1636846363544464,-0.004921440500766039,0.12331419438123703,0.0,0.9995082020759583
460,,,,,,,,-1.8425530195236206,2.9629629352712072e-05,-0.019345084205269814,5.528463363647461,0.07858896255493164,0.010190963745117188,1081.0,0.18617916107177734,90.93000030517578,-0.16314879059791565,-0.005106678232550621,-5.053858280181885,0.0,0.9996099472045898
461,,,,,,,,-1.8436096906661987,4.444444493856281e-05,-0.014761778526008129,0.01597427763044834,0.07780027389526367,0.009723901748657227,1096.0,0.18622629344463348,90.93000030517578,-0.16235235333442688,-0.004741381388157606,0.18802344799041748,0.0,0.9996681213378906
462,,,,,,,,-1.844007968902588,9.999999747378752e-05,-0.01757008582353592,2.206697940826416,0.08037400245666504,0.010706901550292969,1054.0,0.18609535694122314,90.93000030517578,-0.16163288056850433,-0.005981115158647299,-4.347790718078613,0.0,0.9995684027671814
463,,,,,,,,-1.8487437963485718,4.444444493856281e-05,-0.019718723371624947,0.028727466240525246,0.07822513580322266,0.009934186935424805,1088.0,0.1859925091266632,90.93000030517578,-0.2607266306877136,-0.004883069545030594,0.10957615822553635,0.0,0.9995377659797668
464,,,,,,,,-1.8508045673370361,2.9629629352712072e-05,-0.02429896965622902,5.257339954376221,0.07991194725036621,0.010074853897094727,1066.0,0.18602554500102997,90.93000030517578,-0.26028555631637573,-0.004853767342865467,-4.392261981964111,0.0,0.9995778203010559
465,,,,,,,,-1.8487143516540527,4.444444493856281e-05,-0.02175089530646801,4.100137710571289,0.07807707786560059,0.00966191291809082,1094.0,0.18609602749347687,90.93000030517578,-0.34333309531211853,-0.0051782336086034775,-4.5556440353393555,0.0,0.9996417164802551
466,,,,,,,,-1.8399848937988281,0.0001500000071246177,-0.016230367124080658,0.02581571415066719,0.07495808601379395,0.0101470947265625,1128.0,0.18669986724853516,90.93000030517578,-0.3431663513183594,-0.005121354479342699,0.11360222101211548,0.0,0.9995617270469666
467,,,,,,,,-1.8044674396514893,9.999999747378752e-05,-0.020756950601935387,0.03426095098257065,0.07702183723449707,0.01023411750793457,1100.0,0.18779881298542023,90.93000030517578,-0.429166704416275,-0.005571110639721155,0.09728607535362244,0.0,0.9994482398033142
468,,,,,,,,-1.7848681211471558,9.999999747378752e-05,-0.014202963560819626,0.03413063660264015,0.08199501037597656,0.009885072708129883,1044.0,0.18770411610603333,90.93000030517578,-0.5185816287994385,-0.004824308678507805,0.12064126878976822,0.0,0.9995811581611633
469,,,,,,,,-1.7948400974273682,2.9629629352712072e-05,-0.020460136234760284,4.711623191833496,0.07782602310180664,0.010513782501220703,1086.0,0.18744611740112305,90.93000030517578,-0.5179266333580017,-0.005114973988384008,-4.27520751953125,0.0,0.9996630549430847
470,,,,,,,,-1.8033726215362549,9.999999747378752e-05,-0.021776726469397545,3.9817452430725098,0.07346105575561523,0.009758949279785156,1153.0,0.1872246414422989,90.93000030517578,-0.5179420709609985,-0.004942703060805798,-4.040056228637695,0.0,0.999588668346405
471,,,,,,,,-1.81519615650177,4.444444493856281e-05,-0.020235810428857803,0.033870305866003036,0.08070993423461914,0.010159969329833984,1056.0,0.18700695037841797,90.93000030517578,-0.5179420709609985,-0.00509096123278141,0.09790307283401489,0.0,0.9995370507240295
472,,,,,,,,-1.8179566860198975,4.444444493856281e-05,-0.019081976264715195,0.01736944168806076,0.08067178726196289,0.009882926940917969,1060.0,0.1870761215686798,90.93000030517578,-0.6019961833953857,-0.004611822310835123,0.09214317053556442,0.0,0.9995093941688538
473,,,,,,,,-1.8194984197616577,6.666666740784422e-05,-0.027472665533423424,0.02516816183924675,0.07670187950134277,0.01001596450805664,1107.0,0.18690167367458344,90.93000030517578,-0.6814206838607788,-0.005382610950618982,0.13578534126281738,0.0,0.999642550945282
474,,,,,,,,-1.8311728239059448,2.9629629352712072e-05,-0.04005444049835205,0.023497356101870537,0.07495403289794922,0.010174036026000977,1127.0,0.18657155334949493,90.93000030517578,-0.6814206838607788,-0.005008781794458628,0.09001723676919937,0.0,0.9996623992919922
475,,,,,,,,-1.8423540592193604,4.444444493856281e-05,-0.027336854487657547,0.00592306163161993,0.07830619812011719,0.009739875793457031,1090.0,0.1862892359495163,90.93000030517578,-0.6805423498153687,-0.004537466447800398,0.10288786888122559,0.0,0.9995853304862976
476,,,,,,,,-1.8492724895477295,9.999999747378752e-05,-0.009520666673779488,0.8639927506446838,0.07878565788269043,0.00980830192565918,1083.0,0.1862558126449585,90.93000030517578,-0.6807641386985779,-0.004790224600583315,-4.856130599975586,0.0,0.9995341897010803
477,,,,,,,,-1.8524835109710693,9.999999747378752e-05,-0.027155539020895958,8.666481971740723,0.07771992683410645,0.009607315063476562,1099.0,0.18600894510746002,90.93000030517578,-0.6808086037635803,-0.004719289485365152,-9.180266380310059,0.0,0.9996138215065002
478,,,,,,,,-1.8594739437103271,2.9629629352712072e-05,-0.02046845108270645,0.023230744525790215,0.07454180717468262,0.009559154510498047,1141.0,0.18589773774147034,90.93000030517578,-0.6808086037635803,-0.004635764751583338,0.0665745958685875,0.0,0.999629020690918
479,,,,,,,,-1.859666109085083,6.666666740784422e-05,-0.013904169201850891,0.00633331760764122,0.079376220703125,0.01041269302368164,1069.0,0.18598340451717377,90.93000030517578,-0.7751179337501526,-0.0049758669920265675,0.028580546379089355,0.0,0.9995224475860596
480,,,,,,,,-1.8575079441070557,2.9629629352712072e-05,-0.019667724147439003,0.015011148527264595,0.07652997970581055,0.009968996047973633,1109.0,0.1859813928604126,90.93000030517578,-0.7706372141838074,-0.004872057121247053,0.09301640838384628,0.0,0.9994769096374512
481,,,,,,,,-1.8596456050872803,6.666666740784422e-05,-0.01772632636129856,11.077580451965332,0.08008193969726562,0.010558128356933594,1059.0,0.1858666092157364,90.93000030517578,-0.8586177825927734,-0.005619622301310301,-9.330851554870605,0.0,0.9996270537376404
482,,,,,,,,-1.8619513511657715,4.444444493856281e-05,-0.022364219650626183,0.03075931780040264,0.07743120193481445,0.009814739227294922,1100.0,0.1859845370054245,90.93000030517578,-0.8596893548965454,-0.004611865617334843,0.06614475697278976,0.0,0.9996735453605652
483,,,,,,,,-1.857918620109558,6.666666740784422e-05,-0.01564379781484604,0.005804905667901039,0.07890200614929199,0.010119915008544922,1078.0,0.18600113689899445,90.93000030517578,-0.8603477478027344,-0.0047457534819841385,0.03725016489624977,0.0,0.9995161890983582
484,,,,,,,,-1.8622300624847412,4.444444493856281e-05,-0.017408888787031174,0.028133651241660118,0.07881307601928711,0.009984731674194336,1081.0,0.18580463528633118,90.93000030517578,-0.9491826891899109,-0.004355231765657663,0.10690534114837646,0.0,0.9994475245475769
485,,,,,,,,-1.867189884185791,2.9629629352712072e-05,-0.038757625967264175,0.030779151245951653,0.07918286323547363,0.009734869003295898,1079.0,0.18579617142677307,90.93000030517578,-0.9461160898208618,-0.004576157312840223,0.14066030085086823,0.0,0.9996145367622375
486,,,,,,,,-1.863030195236206,9.999999747378752e-05,-0.013728420250117779,0.013077454641461372,0.0772547721862793,0.009615182876586914,1105.0,0.18606308102607727,90.93000030517578,-0.9462229609489441,-0.005396440625190735,0.11757618188858032,0.0,0.9996716976165771
487,,,,,,,,-1.8503649234771729,4.444444493856281e-05,-0.015537827275693417,0.008709300309419632,0.07843518257141113,0.01005101203918457,1084.0,0.18632562458515167,90.93000030517578,-0.9467297792434692,-0.0048375558108091354,0.06892354041337967,0.0,0.999596118927002
488,,,,,,,,-1.846299171447754,6.666666740784422e-05,-0.023132076486945152,0.016718663275241852,0.07940816879272461,0.010512828826904297,1067.0,0.1862919181585312,90.93000030517578,-0.9469195604324341,-0.005229049827903509,0.07245110720396042,0.0,0.9995139241218567
489,,,,,,,,-1.846434473991394,6.666666740784422e-05,-0.02038823626935482,0.018176116049289703,0.08015012741088867,0.009942054748535156,1065.0,0.18644186854362488,90.93000030517578,-0.9468204975128174,-0.005222816485911608,0.0734400674700737,0.0,0.9996107220649719
490,,,,,,,,-1.8418880701065063,1.975308623514138e-05,-0.015318876132369041,0.020125925540924072,0.07852292060852051,0.010522127151489258,1078.0,0.1864541620016098,90.93000030517578,-0.9465370178222656,-0.004869303200393915,0.13725267350673676,0.0,0.9996638894081116
491,,,,,,,,-1.843904972076416,6.666666740784422e-05,-0.01719718426465988,4.6428070068359375,0.07548809051513672,0.010335922241210938,1118.0,0.18630841374397278,90.93000030517578,-0.9471514821052551,-0.0047472636215388775,-4.976017951965332,0.0,0.9995706677436829
492,,,,,,,,-1.8495526313781738,4.444444493856281e-05,-0.027898753061890602,0.021427705883979797,0.07731103897094727,0.010152101516723633,1097.0,0.18622219562530518,90.93000030517578,-0.9484257102012634,-0.0049017383717000484,0.2055538445711136,0.0,0.9995391964912415
493,,,,,,,,-1.8528368473052979,6.666666740784422e-05,-0.015618814155459404,0.015380710363388062,0.08154892921447754,0.0100250244140625,1048.0,0.18603047728538513,90.93000030517578,-0.9487176537513733,-0.0050462898798286915,0.10013381391763687,0.0,0.9996101260185242
494,,,,,,,,-1.8605220317840576,4.444444493856281e-05,-0.01254134252667427,0.018396545201539993,0.07970523834228516,0.010247945785522461,1067.0,0.1858815848827362,90.93000030517578,-1.0439382791519165,-0.004610985983163118,0.10889192670583725,0.0,0.9996485710144043
495,,,,,,,,-1.8636434078216553,4.444444493856281e-05,-0.023569995537400246,0.013484316878020763,0.07487988471984863,0.010309219360351562,1126.0,0.1858285665512085,90.93000030517578,-1.0446491241455078,-0.005292240530252457,0.08593564480543137,0.0,0.9996117949485779
496,,,,,,,,-1.8641611337661743,6.666666740784422e-05,-0.01667371764779091,0.01017272099852562,0.08002471923828125,0.010572195053100586,1059.0,0.18583974242210388,90.93000030517578,-1.0446491241455078,-0.004663666244596243,0.06222120299935341,0.0,0.9995669722557068
497,,,,,,,,-1.863437294960022,2.9629629352712072e-05,-0.02677672728896141,0.008327769115567207,0.08266496658325195,0.009891033172607422,1037.0,0.1858106553554535,90.93000030517578,-1.0444859266281128,-0.005337219685316086,0.08101699501276016,0.0,0.9995977282524109
498,,,,,,,,-1.863285779953003,6.666666740784422e-05,-0.012610239908099174,0.01048754621297121,0.0782477855682373,0.010325193405151367,1083.0,0.18583320081233978,90.93000030517578,-1.0446078777313232,-0.004911933559924364,0.13268627226352692,0.0,0.999699592590332
499,,,,,,,,-1.8612914085388184,4.444444493856281e-05,-0.0079652089625597,0.007624064572155476,0.07468008995056152,0.0096588134765625,1138.0,0.18588894605636597,90.93000030517578,-1.0446078777313232,-0.005162043962627649,0.09036727994680405,0.0,0.999652624130249
500,,,,,,,,-1.8598014116287231,2.9629629352712072e-05,-0.013642561621963978,0.008213733322918415,0.0774538516998291,0.009736061096191406,1101.0,0.18585586547851562,90.93000030517578,-1.0443965196609497,-0.004777212161570787,0.047953564673662186,0.0,0.9996040463447571
501,,,,,,,,-1.8623868227005005,6.666666740784422e-05,-0.01807449385523796,0.0013993429020047188,0.07897281646728516,0.00986337661743164,1080.0,0.18576580286026,91.75,-0.9761414527893066,-0.004738953430205584,0.0754196047782898,0.0,0.9995610117912292
502,,,,,,,,-1.8629329204559326,6.666666740784422e-05,-0.015426035970449448,0.008334041573107243,0.0775301456451416,0.010504961013793945,1090.0,0.18589217960834503,92.55000305175781,-0.9091929793357849,-0.004876071121543646,0.1570303589105606,0.0,0.9996441006660461
503,,,,,,,,-1.8604470491409302,9.999999747378752e-05,-0.02567518688738346,0.010351577773690224,0.07750988006591797,0.009893178939819336,1098.0,0.185794860124588,92.55000305175781,-0.9091929793357849,-0.005044322926551104,0.09763196855783463,0.0,0.9996866583824158
504,,,,,,,,-1.8679451942443848,2.9629629352712072e-05,-0.02443484216928482,0.007722913287580013,0.07982587814331055,0.010041236877441406,1068.0,0.18558111786842346,92.55000305175781,-0.9090446829795837,-0.004456052556633949,0.02986539900302887,0.0,0.9996029734611511
505,,,,,,,,-1.8781437873840332,6.666666740784422e-05,-0.017948519438505173,0.002526463009417057,0.07900691032409668,0.010345935821533203,1074.0,0.18504837155342102,93.37999725341797,-0.8409363031387329,-0.004128190688788891,0.11922892928123474,0.0,0.9995331764221191
506,,,,,,,,-1.89934241771698,4.444444493856281e-05,-0.02626623772084713,0.005673535168170929,0.07896804809570312,0.010432958602905273,1073.0,0.18465761840343475,94.23999786376953,-0.7713804841041565,-0.005333854351192713,0.1535044014453888,0.0,0.9996625781059265
507,,,,,,,,-1.9090156555175781,9.999999747378752e-05,-0.015555519610643387,0.013109210878610611,0.07832002639770508,0.010066032409667969,1086.0,0.18444472551345825,94.23999786376953,-0.7716741561889648,-0.004629320930689573,0.10124170035123825,0.0,0.999734103679657
508,,,,,,,,-1.9121129512786865,6.666666740784422e-05,-0.007839118130505085,0.007335844915360212,0.07865309715270996,0.010025978088378906,1082.0,0.18457691371440887,94.23999786376953,-0.675053596496582,-0.004800544120371342,0.05881344899535179,0.0,0.9996330738067627
509,,,,,,,,-1.9067659378051758,4.444444493856281e-05,-0.016698384657502174,0.002818689914420247,0.07785964012145996,0.009668111801147461,1096.0,0.18465128540992737,94.23999786376953,-0.5811126828193665,-0.005102649796754122,0.1232592836022377,0.0,0.9995620846748352
510,,,,,,,,-1.9062589406967163,6.666666740784422e-05,-0.015698246657848358,0.004280704539269209,0.07823610305786133,0.009735107421875,1091.0,0.184648334980011,94.23999786376953,-0.5813222527503967,-0.0048444680869579315,0.07529018074274063,0.0,0.9996879696846008
511,,,,,,,,-1.9074498414993286,9.999999747378752e-05,-0.024331288412213326,3.1784279346466064,0.08111405372619629,0.009546995162963867,1058.0,0.1845831573009491,94.95999908447266,-0.5159718990325928,-0.004004200454801321,0.07062789797782898,-2.6041667461395264,0.9997468590736389
512,,,,,,,,-1.9130234718322754,2.9629629352712072e-05,-0.016580728814005852,0.002386834705248475,0.0776669979095459,0.010474920272827148,1089.0,0.18435056507587433,95.77999877929688,-0.44763293862342834,-0.004832693841308355,0.07946375757455826,0.0,0.999638020992279
513,,,,,,,,-1.9186046123504639,9.999999747378752e-05,-0.015277302823960781,0.0021983340848237276,0.07856893539428711,0.010027170181274414,1083.0,0.18428806960582733,96.58999633789062,-0.3810460865497589,-0.004356918856501579,0.08162785321474075,0.0,0.9996325969696045
514,,,,,,,,-1.9198344945907593,4.444444493856281e-05,-0.00910258386284113,0.0038330331444740295,0.07913708686828613,0.010956048965454102,1065.0,0.1842719465494156,96.58999633789062,-0.2874012291431427,-0.0049549974501132965,0.07153987139463425,0.0,0.9997368454933167
515,,,,,,,,-1.9198788404464722,1.975308623514138e-05,-0.030480116605758667,0.006714701186865568,0.07353401184082031,0.009951114654541016,1149.0,0.18432681262493134,96.58999633789062,-0.2871074974536896,-0.004457017872482538,0.13006602227687836,0.0,0.9996303915977478
516,,,,,,,,-1.9188711643218994,9.999999747378752e-05,-0.01459506805986166,0.0051461015827953815,0.08022284507751465,0.010699987411499023,1055.0,0.18427741527557373,96.58999633789062,-0.28753823041915894,-0.004451614338904619,0.0982685312628746,0.0,0.9996439814567566
517,,,,,,,,-1.9239931106567383,2.9629629352712072e-05,-0.01361460704356432,0.004897471517324448,0.07808613777160645,0.010055780410766602,1089.0,0.18409624695777893,96.58999633789062,-0.28776124119758606,-0.00460415193811059,0.09061352163553238,0.0,0.9996201992034912
518,,,,,,,,-1.927969217300415,6.666666740784422e-05,-0.018654819577932358,0.004238233435899019,0.08139395713806152,0.010317087173461914,1046.0,0.184014230966568,96.58999633789062,-0.28684502840042114,-0.0044530839659273624,0.0711788609623909,0.0,0.9997310638427734
519,,,,,,,,-1.9289345741271973,1.975308623514138e-05,-0.033536918461322784,0.0048010097816586494,0.07275795936584473,0.009670257568359375,1164.0,0.18402054905891418,96.58999633789062,-0.28684502840042114,-0.005130103323608637,0.09669176489114761,0.0,0.999647319316864
520,,,,,,,,-1.9300358295440674,9.999999747378752e-05,-0.012780156917870045,0.005398781970143318,0.07721972465515137,0.009563207626342773,1106.0,0.1838979721069336,96.58999633789062,-0.2859925329685211,-0.004567982163280249,0.07006699591875076,0.0,0.9996552467346191
521,,,,,,,,-1.936672329902649,4.444444493856281e-05,-0.01971828192472458,0.006066871341317892,0.07945084571838379,0.009935140609741211,1073.0,0.18376997113227844,96.58999633789062,-0.2859925329685211,-0.0051442296244204044,0.14322532713413239,0.0,0.9995960593223572
522,,,,,,,,-1.93582022190094,2.9629629352712072e-05,-0.019566398113965988,0.005461238790303469,0.08318495750427246,0.009943962097167969,1030.0,0.18392527103424072,97.44000244140625,-0.21788185834884644,-0.004657309502363205,0.1083904430270195,0.0,0.9996855854988098
523,,,,,,,,-1.931919813156128,0.0001500000071246177,-0.014299942180514336,7.284005165100098,0.07436394691467285,0.009769916534423828,1141.0,0.18389515578746796,97.44000244140625,-0.21788185834884644,-0.0049392967484891415,-4.869653701782227,0.0,0.9996464848518372
524,,,,,,,,-1.9458153247833252,9.999999747378752e-05,-0.016965407878160477,0.008963964879512787,0.07659697532653809,0.00962209701538086,1113.0,0.1831686645746231,98.30000305175781,-0.1483628749847412,-0.004733663517981768,0.0610777847468853,0.0,0.9996557235717773
525,,,,,,,,-1.9786994457244873,6.666666740784422e-05,-0.025707921013236046,0.007461318280547857,0.07848691940307617,0.010017156600952148,1084.0,0.18226659297943115,98.30000305175781,-0.14742280542850494,-0.004220448900014162,0.21240384876728058,0.0,0.9995891451835632
526,,,,,,,,-2.0105373859405518,0.00022499999613501132,-0.013484727591276169,0.9627847075462341,0.07996082305908203,0.009741067886352539,1070.0,0.18134310841560364,99.12000274658203,-0.17298251390457153,-0.0049622985534369946,-4.897825717926025,0.0,0.999636173248291
527,,,,,,,,-2.0457639694213867,1.975308623514138e-05,-0.019375670701265335,0.007203210610896349,0.07999992370605469,0.010973930358886719,1055.0,0.18088562786579132,99.12000274658203,-0.17298251390457153,-0.004342366475611925,0.18581698834896088,0.0,0.9996996521949768
528,,,,,,,,-2.0530786514282227,2.9629629352712072e-05,-0.016197288408875465,0.0031760456040501595,0.07727575302124023,0.01031494140625,1096.0,0.18077513575553894,99.12000274658203,-0.07760024815797806,-0.005018586292862892,0.027499793097376823,0.0,0.9996693730354309
529,,,,,,,,-2.056447744369507,9.999999747378752e-05,-0.014507628977298737,0.0037838714197278023,0.07845711708068848,0.009767770767211914,1088.0,0.18074044585227966,99.12000274658203,-0.17306478321552277,-0.004253225866705179,0.07803193479776382,0.0,0.9996312260627747
530,,,,,,,,-2.058506727218628,4.444444493856281e-05,-0.020113348960876465,0.0032281039748340845,0.0804142951965332,0.010187625885009766,1059.0,0.18063463270664215,99.12000274658203,-0.07861437648534775,-0.004913777112960815,0.06996786594390869,0.0,0.9996560215950012
531,,,,,,,,-2.0641345977783203,1.975308623514138e-05,-0.018560834228992462,0.005559052340686321,0.07807731628417969,0.009819746017456055,1092.0,0.18050479888916016,99.12000274658203,-0.07904122769832611,-0.004440390504896641,0.12233585119247437,0.0,0.9997217059135437
532,,,,,,,,-2.0683836936950684,6.666666740784422e-05,-0.01535329781472683,0.0027923956513404846,0.07860684394836426,0.009683847427368164,1087.0,0.18038228154182434,99.12000274658203,0.01565731316804886,-0.005286625120788813,0.06307808309793472,0.0,0.9996693730354309
533,,,,,,,,-2.0685958862304688,9.999999747378752e-05,-0.006744773592799902,0.004352543503046036,0.07790589332580566,0.009762048721313477,1095.0,0.18063409626483917,99.12000274658203,0.10674288868904114,-0.004636142868548632,0.08023234456777573,0.0,0.9996142983436584
534,,,,,,,,-2.0555708408355713,2.9629629352712072e-05,-0.028636984527111053,0.0023100634571164846,0.07872891426086426,0.009660959243774414,1086.0,0.1807975471019745,99.12000274658203,0.19872093200683594,-0.004466744139790535,0.06266412138938904,0.0,0.9996344447135925
535,,,,,,,,-2.054291248321533,1.975308623514138e-05,-0.02089589461684227,0.004926241002976894,0.0791170597076416,0.009963035583496094,1077.0,0.18070852756500244,99.12000274658203,0.1988373100757599,-0.004184354562312365,0.0870511531829834,0.0,0.9996890425682068
536,,,,,,,,-2.0570895671844482,0.0001500000071246177,-0.006542690098285675,0.005698377266526222,0.0768880844116211,0.010042667388916016,1104.0,0.1806408315896988,99.12000274658203,0.19880391657352448,-0.0043766736052930355,0.10006333142518997,0.0,0.9996079802513123
537,,,,,,,,-2.0598433017730713,2.9629629352712072e-05,-0.017430096864700317,0.0037951460108160973,0.07820320129394531,0.00989389419555664,1089.0,0.18055230379104614,99.12000274658203,0.19851157069206238,-0.005343146622180939,0.0857296884059906,0.0,0.999620258808136
538,,,,,,,,-2.0614702701568604,9.999999747378752e-05,-0.011906621977686882,0.0035602222196757793,0.07820916175842285,0.009994983673095703,1088.0,0.18047961592674255,99.12000274658203,0.2938843071460724,-0.004045798908919096,0.09170039743185043,0.0,0.9996107220649719
539,,,,,,,,-2.059579849243164,9.999999747378752e-05,-0.011575909331440926,0.0017457713838666677,0.08067083358764648,0.010081052780151367,1057.0,0.18072836101055145,99.12000274658203,0.3902808427810669,-0.004864310845732689,0.06392985582351685,0.0,0.9997210502624512
540,,,,,,,,-2.050705671310425,4.444444493856281e-05,-0.02206832356750965,0.00528017058968544,0.0736541748046875,0.009887933731079102,1149.0,0.1808428019285202,99.12000274658203,0.39050036668777466,-0.004810171667486429,0.09725960344076157,0.0,0.9996376037597656
541,,,,,,,,-2.047919273376465,6.666666740784422e-05,-0.017315253615379333,0.0039196680299937725,0.07838201522827148,0.009640932083129883,1090.0,0.18091653287410736,99.12000274658203,0.4856623709201813,-0.004681110382080078,0.09088709205389023,0.0,0.9996549487113953
542,,,,,,,,-2.043799638748169,4.444444493856281e-05,-0.022134514525532722,7.43177604675293,0.07674908638000488,0.009834051132202148,1108.0,0.18102949857711792,99.12000274658203,0.48492419719696045,-0.0046654436737298965,-4.989931583404541,0.0,0.9996114373207092
543,,,,,,,,-2.0383999347686768,9.999999747378752e-05,-0.003754459321498871,0.00765281030908227,0.08244490623474121,0.009864091873168945,1039.0,0.1812487095594406,99.12000274658203,0.5768533945083618,-0.004883399698883295,0.16813147068023682,0.0,0.999725878238678
544,,,,,,,,-2.023709774017334,4.444444493856281e-05,-0.016851380467414856,0.0044575035572052,0.0731041431427002,0.009821891784667969,1157.0,0.18174488842487335,99.12000274658203,0.5768533945083618,-0.004005766939371824,0.12592023611068726,0.0,0.9996050000190735
545,,,,,,,,-2.0092666149139404,1.975308623514138e-05,-0.029497947543859482,0.004892383236438036,0.07726526260375977,0.010341882705688477,1095.0,0.1820092499256134,99.12000274658203,0.5739795565605164,-0.004658825695514679,0.03186747059226036,0.0,0.9996255040168762
546,,,,,,,,-1.9997072219848633,6.666666740784422e-05,-0.015223518013954163,0.005073249340057373,0.07812619209289551,0.01043081283569336,1084.0,0.18235935270786285,99.12000274658203,0.5739795565605164,-0.004476288799196482,0.09105362743139267,0.0,0.9996201992034912
547,,,,,,,,-1.984039068222046,4.444444493856281e-05,-0.014324531890451908,0.001484806532971561,0.08112001419067383,0.009731769561767578,1056.0,0.18270938098430634,99.12000274658203,0.5739712715148926,-0.004504810087382793,0.07001376152038574,0.0,0.9996883869171143
548,,,,,,,,-1.9771429300308228,4.444444493856281e-05,-0.019458716735243797,0.005590649321675301,0.07405710220336914,0.009791851043701172,1144.0,0.182696133852005,99.12000274658203,0.5739712715148926,-0.005299037788063288,0.1183880865573883,0.0,0.9996461868286133
549,,,,,,,,-1.9782592058181763,9.999999747378752e-05,-0.011124324053525925,0.0007477097678929567,0.0760200023651123,0.009807109832763672,1118.0,0.18274210393428802,99.12000274658203,0.5731499791145325,-0.004905032459646463,0.05451476573944092,0.0,0.9996547698974609
550,,,,,,,,-1.974085807800293,6.666666740784422e-05,-0.02484525553882122,2.5758583545684814,0.08007502555847168,0.010326147079467773,1061.0,0.18283362686634064,99.12000274658203,0.6633438467979431,-0.004689397290349007,-4.951354503631592,0.0,0.9995730519294739
551,,,,,,,,-1.9749735593795776,6.666666740784422e-05,0.003214618656784296,0.004147135186940432,0.07903385162353516,0.010601997375488281,1071.0,0.18272963166236877,99.12000274658203,0.7531905174255371,-0.004608697723597288,0.09693372249603271,0.0,0.9996542930603027
552,,,,,,,,-1.9799360036849976,2.9629629352712072e-05,-0.021626217290759087,0.009198855608701706,0.0773169994354248,0.009833097457885742,1101.0,0.18262872099876404,99.12000274658203,0.7531905174255371,-0.004661420825868845,0.16092818975448608,0.0,0.9996483325958252
553,,,,,,,,-1.9823302030563354,4.444444493856281e-05,-0.01957073248922825,0.002335534431040287,0.07696890830993652,0.009804964065551758,1106.0,0.1826646625995636,99.12000274658203,0.6565054059028625,-0.004667512606829405,0.038481321185827255,0.0,0.9996242523193359
554,,,,,,,,-1.976645827293396,6.666666740784422e-05,-0.01341654360294342,0.0030039562843739986,0.07833600044250488,0.009750127792358398,1089.0,0.182927206158638,99.12000274658203,0.6561203002929688,-0.003812977112829685,0.0896749496459961,0.0,0.9995853900909424
555,,,,,,,,-1.9683470726013184,4.444444493856281e-05,-0.0240334402769804,0.0025962137151509523,0.08092164993286133,0.01006317138671875,1055.0,0.1830321103334427,99.12000274658203,0.6562179327011108,-0.005024590063840151,0.07941403239965439,0.0,0.9996493458747864
556,,,,,,,,-1.9690587520599365,2.9629629352712072e-05,-0.011226997710764408,0.003940464463084936,0.07949590682983398,0.010064125061035156,1071.0,0.18288925290107727,99.12000274658203,0.6564486622810364,-0.004334652796387672,0.1101684495806694,0.0,0.9996809363365173
557,,,,,,,,-1.972496509552002,4.444444493856281e-05,-0.00990482047200203,0.00403698580339551,0.07747793197631836,0.010330915451049805,1093.0,0.1829061508178711,99.12000274658203,0.6557038426399231,-0.004895387217402458,0.044157806783914566,0.0,0.9996238350868225
558,,,,,,,,-1.967720627784729,9.999999747378752e-05,-0.02389094978570938,0.0028334164526313543,0.07813596725463867,0.010016918182373047,1089.0,0.18314652144908905,99.12000274658203,0.6551288366317749,-0.004078337457031012,0.07960524410009384,0.0,0.9995781779289246
559,,,,,,,,-1.9585360288619995,4.444444493856281e-05,-0.02575889602303505,0.006097935605794191,0.07828593254089355,0.009921073913574219,1088.0,0.1833106279373169,99.12000274658203,0.6542649269104004,-0.004490518476814032,0.1013791486620903,0.0,0.9996076226234436
560,,,,,,,,-1.9536436796188354,9.999999747378752e-05,-0.011911004781723022,6.055386543273926,0.07873392105102539,0.010374069213867188,1077.0,0.1834433674812317,99.12000274658203,0.6535869836807251,-0.00487392395734787,-4.9694342613220215,0.0,0.9996766448020935
561,,,,,,,,-1.9513940811157227,6.666666740784422e-05,-0.03195476531982422,0.008386862464249134,0.07789325714111328,0.010380744934082031,1087.0,0.18336355686187744,99.12000274658203,0.6527754068374634,-0.00513475202023983,0.1283658742904663,0.0,0.9996194243431091
562,,,,,,,,-1.9585380554199219,1.975308623514138e-05,-0.014312275685369968,0.005963629111647606,0.08019900321960449,0.010705947875976562,1056.0,0.1831493079662323,99.12000274658203,0.6521080136299133,-0.005470477044582367,0.0770292803645134,0.0,0.999614417552948
563,,,,,,,,-1.9637413024902344,6.666666740784422e-05,-0.008261914364993572,6.5312981605529785,0.08005809783935547,0.01046609878540039,1060.0,0.1831410974264145,99.12000274658203,0.5552350282669067,-0.004685534629970789,-5.022131443023682,0.0,0.9996163249015808
564,,,,,,,,-1.9656915664672852,4.444444493856281e-05,-0.011129640974104404,0.01353451143950224,0.07989096641540527,0.00981593132019043,1070.0,0.18296591937541962,99.12000274658203,0.5547380447387695,-0.005430251359939575,0.12211722880601883,0.0,0.9997178912162781
565,,,,,,,,-1.973818063735962,2.9629629352712072e-05,-0.01747785694897175,0.010608171112835407,0.07384490966796875,0.009807109832763672,1147.0,0.18281924724578857,99.12000274658203,0.5539993643760681,-0.005100655369460583,0.12854216992855072,0.0,0.9995930790901184
566,,,,,,,,-1.9767656326293945,6.666666740784422e-05,-0.018924470990896225,0.006841459311544895,0.0785529613494873,0.009783029556274414,1086.0,0.1828167885541916,99.12000274658203,0.5556573867797852,-0.005078739952296019,0.05450930818915367,0.0,0.9996395111083984
567,,,,,,,,-1.9765708446502686,4.444444493856281e-05,-0.021890979260206223,0.009218065068125725,0.07930588722229004,0.009839773178100586,1076.0,0.1827986091375351,99.12000274658203,0.5552352666854858,-0.004799797665327787,0.09859470278024673,0.0,0.999594509601593
568,,,,,,,,-1.9769976139068604,9.999999747378752e-05,-0.01908569410443306,0.004948177374899387,0.08136129379272461,0.009800910949707031,1053.0,0.18279621005058289,99.12000274658203,0.6391425132751465,-0.0045125712640583515,0.0795094445347786,0.0,0.9997022747993469
569,,,,,,,,-1.9775506258010864,6.666666740784422e-05,-0.018140718340873718,0.009411310777068138,0.07361006736755371,0.010737895965576172,1138.0,0.18265490233898163,99.12000274658203,0.6391425132751465,-0.004841638263314962,0.1469125896692276,0.0,0.9995916485786438
570,,,,,,,,-1.98496413230896,0.0001500000071246177,-0.011021343991160393,0.006462416611611843,0.07838797569274902,0.010316133499145508,1082.0,0.18239285051822662,99.12000274658203,0.7246800661087036,-0.004929941613227129,0.058737222105264664,0.0,0.999610960483551
571,,,,,,,,-1.9940557479858398,0.0001500000071246177,-0.013957628980278969,0.004428333602845669,0.0786280632019043,0.009990930557250977,1083.0,0.18223369121551514,99.12000274658203,0.7246800661087036,-0.004621516913175583,0.10760801285505295,0.0,0.9996057152748108
572,,,,,,,,-2.000054121017456,2.9629629352712072e-05,-0.026929037645459175,0.001786835608072579,0.08249187469482422,0.010286092758178711,1034.0,0.1822388917207718,99.12000274658203,0.8140279650688171,-0.0045256842859089375,0.08500444889068604,0.0,0.9997010827064514
573,,,,,,,,-1.9985243082046509,4.444444493856281e-05,-0.012805108912289143,0.0012776682851836085,0.07452797889709473,0.010231971740722656,1132.0,0.18230251967906952,99.12000274658203,0.8140279650688171,-0.004811528604477644,0.11697306483983994,0.0,0.9996414184570312
574,,,,,,,,-1.9933313131332397,4.444444493856281e-05,-0.026098599657416344,0.000514816609211266,0.07710599899291992,0.010197877883911133,1099.0,0.18253831565380096,99.12000274658203,0.8141502141952515,-0.0044975802302360535,0.03365219756960869,0.0,0.9996673464775085
575,,,,,,,,-1.9848341941833496,6.666666740784422e-05,-0.016382966190576553,0.0008470447501167655,0.07870173454284668,0.009785175323486328,1084.0,0.18270756304264069,99.12000274658203,0.8133448958396912,-0.004391717258840799,0.10937225073575974,0.0,0.9996528029441833
576,,,,,,,,-1.9807251691818237,6.666666740784422e-05,-0.019727123901247978,0.0008358069462701678,0.08081889152526855,0.010036945343017578,1056.0,0.18279270827770233,99.12000274658203,0.976726233959198,-0.004582918714731932,0.0727497860789299,0.0,0.9997108578681946
577,,,,,,,,-1.9810971021652222,6.666666740784422e-05,-0.01893829181790352,0.0011596432887017727,0.07705092430114746,0.009753942489624023,1105.0,0.18271854519844055,99.12000274658203,0.976726233959198,-0.004370740614831448,0.12597757577896118,0.0,0.9997045397758484
578,,,,,,,,-1.9881774187088013,0.0003375000087544322,-0.011115729808807373,0.0006778515526093543,0.07712411880493164,0.009729862213134766,1105.0,0.18239536881446838,99.12000274658203,0.9760850071907043,-0.004390614107251167,0.027298875153064728,0.0,0.9997078776359558
579,,,,,,,,-2.007380723953247,2.9629629352712072e-05,-0.024710921570658684,4.751986026763916,0.07970809936523438,0.010258913040161133,1067.0,0.18203036487102509,99.12000274658203,0.9757704138755798,-0.004334480036050081,-4.949560642242432,0.0,0.9996497631072998
580,,,,,,,,-2.0163559913635254,0.0001500000071246177,-0.017745278775691986,3.652815580368042,0.07850170135498047,0.009996175765991211,1084.0,0.1817104071378708,99.12000274658203,0.9754809737205505,-0.004359605722129345,-4.749750137329102,0.0,0.9996785521507263
581,,,,,,,,-2.0337233543395996,4.444444493856281e-05,-0.00478022824972868,4.620126247406006,0.07743692398071289,0.010040044784545898,1097.0,0.18138980865478516,99.12000274658203,0.9755465388298035,-0.005003382917493582,-4.836436748504639,0.0,0.9997148513793945
582,,,,,,,,-2.0377426147460938,2.9629629352712072e-05,-0.018557680770754814,0.009014090523123741,0.0781707763671875,0.01038217544555664,1084.0,0.18144547939300537,99.12000274658203,0.9765325784683228,-0.0040799882262945175,0.11681032180786133,0.0,0.999670684337616
583,,,,,,,,-2.034240961074829,4.444444493856281e-05,-0.013968056067824364,5.8725972175598145,0.08057284355163574,0.010089874267578125,1058.0,0.1815676987171173,99.12000274658203,0.9739781022071838,-0.005031913053244352,-4.952956199645996,0.0,0.9996517300605774
584,,,,,,,,-2.0341053009033203,0.00022499999613501132,-0.01954473927617073,0.02300921268761158,0.07844305038452148,0.010324954986572266,1081.0,0.18126769363880157,99.12000274658203,0.9653023481369019,-0.004405918065458536,0.18059080839157104,0.0,0.9996652603149414
585,,,,,,,,-2.0537238121032715,1.975308623514138e-05,-0.044099949300289154,0.023684175685048103,0.078125,0.009911060333251953,1090.0,0.1809023916721344,99.12000274658203,0.9653144478797913,-0.004898455459624529,0.12302026897668839,0.0,0.9997072219848633
586,,,,,,,,-2.059389114379883,9.999999747378752e-05,-0.012413568794727325,0.012526030652225018,0.07603979110717773,0.009610414505004883,1120.0,0.18086203932762146,99.12000274658203,0.8697568774223328,-0.004898947197943926,0.0717778131365776,0.0,0.9996532797813416
587,,,,,,,,-2.062396287918091,4.444444493856281e-05,-0.017662877216935158,0.013679206371307373,0.07811784744262695,0.009715080261230469,1092.0,0.18076184391975403,99.12000274658203,0.9584488868713379,-0.004064188804477453,0.08249790221452713,0.0,0.9996902942657471
588,,,,,,,,-2.0613346099853516,4.444444493856281e-05,-0.026676176115870476,0.010890191420912743,0.07958006858825684,0.010977029800415039,1060.0,0.18100126087665558,99.12000274658203,1.0522431135177612,-0.004678942263126373,0.06815604120492935,0.0,0.9996758103370667
589,,,,,,,,-2.049678325653076,6.666666740784422e-05,-0.0196756049990654,0.017848830670118332,0.07969927787780762,0.010036945343017578,1069.0,0.18133261799812317,99.12000274658203,1.052096962928772,-0.004779437091201544,0.11104872077703476,0.0,0.9997695088386536
590,,,,,,,,-2.038813352584839,6.666666740784422e-05,-0.016839729622006416,0.010250115767121315,0.07484793663024902,0.009988069534301758,1131.0,0.18147900700569153,99.12000274658203,1.051734209060669,-0.00490425294265151,0.07521093636751175,0.0,0.9996669888496399
591,,,,,,,,-2.032954216003418,6.666666740784422e-05,-0.017714617773890495,7.267204284667969,0.07932090759277344,0.010122060775756836,1073.0,0.18163390457630157,99.12000274658203,1.0507216453552246,-0.004905777983367443,-5.014426231384277,0.0,0.9996657371520996
592,,,,,,,,-2.028459310531616,0.00022499999613501132,-0.004410771653056145,0.022427132353186607,0.07798099517822266,0.010358095169067383,1086.0,0.18161480128765106,99.12000274658203,1.0508339405059814,-0.004195606801658869,0.20951668918132782,0.0,0.9996218681335449
593,,,,,,,,-2.03410005569458,2.9629629352712072e-05,-0.01637238636612892,0.013487409800291061,0.08206605911254883,0.009840011596679688,1044.0,0.18136681616306305,99.12000274658203,1.0502663850784302,-0.0038534041959792376,0.11980581283569336,0.0,0.9997362494468689
594,,,,,,,,-2.040252923965454,6.666666740784422e-05,-0.026610111817717552,0.013438981026411057,0.07423591613769531,0.010488033294677734,1133.0,0.18116310238838196,99.12000274658203,1.0502663850784302,-0.00481785275042057,0.09667446464300156,0.0,0.9996479153633118
595,,,,,,,,-2.0502266883850098,6.666666740784422e-05,-0.01864725351333618,0.006886365823447704,0.07830119132995605,0.00986480712890625,1088.0,0.18081825971603394,99.12000274658203,0.9562165141105652,-0.004760176409035921,0.06046241894364357,0.0,0.9996786117553711
596,,,,,,,,-2.061291217803955,2.9629629352712072e-05,-0.012811931781470776,3.1173641681671143,0.08127021789550781,0.01015782356262207,1050.0,0.18063156306743622,98.31999969482422,0.889481246471405,-0.0043533905409276485,0.11787551641464233,-2.6041667461395264,0.9996169209480286
597,,,,,,,,-2.0665600299835205,9.999999747378752e-05,-0.02042786218225956,2.9847939014434814,0.08596396446228027,0.009824752807617188,1002.0,0.180461585521698,97.45999908447266,0.9146193861961365,-0.004642842337489128,0.08464615792036057,-2.6041667461395264,0.9997425675392151
598,,,,,,,,-2.0671021938323975,4.444444493856281e-05,-0.032621629536151886,4.785358905792236,0.07503104209899902,0.010562896728515625,1121.0,0.1806630641222,97.45999908447266,0.9146193861961365,-0.0046206326223909855,-4.325323104858398,0.0,0.9997233748435974
599,,,,,,,,-2.0576395988464355,2.9629629352712072e-05,-0.017692673951387405,0.005584850441664457,0.07873797416687012,0.009760856628417969,1084.0,0.1808171570301056,97.45999908447266,0.9147231578826904,-0.004821873269975185,0.06301414966583252,0.0,0.9998143315315247
600,,,,,,,,-2.052929401397705,6.666666740784422e-05,-0.01874457858502865,1.9854425191879272,0.07267999649047852,0.009696006774902344,1165.0,0.18095281720161438,97.45999908447266,0.914917528629303,-0.004676271695643663,-4.620856761932373,0.0,0.999485194683075
601,,,,,,,,-2.0474793910980225,1.975308623514138e-05,-0.018323121592402458,0.02759123407304287,0.08003091812133789,0.01001429557800293,1066.0,0.18103069067001343,97.45999908447266,0.8282673358917236,-0.005173875950276852,0.0672249123454094,0.0,0.9995357990264893
602,,,,,,,,-2.044545888900757,0.0001500000071246177,-0.01090982649475336,7.128796577453613,0.07730889320373535,0.010053873062133789,1098.0,0.18121491372585297,97.45999908447266,0.8282673358917236,-0.004539859481155872,-4.916109085083008,0.0,0.999673068523407
603,,,,,,,,-2.0374886989593506,6.666666740784422e-05,-0.02253933995962143,0.015887219458818436,0.0786740779876709,0.010025978088378906,1082.0,0.18125689029693604,97.45999908447266,0.7386584877967834,-0.00451532332226634,0.12549231946468353,0.0,0.9997722506523132
604,,,,,,,,-2.046161413192749,6.666666740784422e-05,-0.01909722201526165,0.039827633649110794,0.07287406921386719,0.009754180908203125,1161.0,0.1807844340801239,97.45999908447266,0.7386584877967834,-0.004888934548944235,0.18578286468982697,0.0,0.9995610117912292
605,,,,,,,,-2.0608630180358887,2.9629629352712072e-05,-0.019073057919740677,0.003018581075593829,0.07940101623535156,0.009638071060180664,1078.0,0.1805843710899353,97.45999908447266,0.7387224435806274,-0.0046431380324065685,0.06789999455213547,0.0,0.9995694160461426
606,,,,,,,,-2.064241409301758,4.444444493856281e-05,-0.016222206875681877,5.35595178604126,0.08563399314880371,0.010223865509033203,1001.0,0.18056190013885498,95.81999969482422,0.509171187877655,-0.004814541433006525,0.0777459666132927,-5.208333492279053,0.999762237071991
607,,,,,,,,-2.06296706199646,4.444444493856281e-05,-0.02261488325893879,0.08811990916728973,0.08126997947692871,0.009855031967163086,1053.0,0.18066930770874023,95.81999969482422,0.5083217620849609,-0.005078185815364122,0.14003901183605194,0.0,0.9997593760490417
608,,,,,,,,-2.059605836868286,6.666666740784422e-05,-0.018571216613054276,0.03808625414967537,0.07405900955200195,0.009774923324584961,1145.0,0.18076814711093903,95.81999969482422,0.5083217620849609,-0.004654014948755503,0.09028148651123047,0.0,0.9997539520263672
609,,,,,,,,-2.060852527618408,1.316872385359602e-05,-0.021569987758994102,0.002537859370931983,0.07836508750915527,0.009773969650268555,1089.0,0.1806379109621048,95.81999969482422,0.5078083276748657,-0.004836091306060553,0.00632422836497426,0.0,0.99969482421875
610,,,,,,,,-2.0653092861175537,9.999999747378752e-05,-0.012515933252871037,0.024422084912657738,0.07668280601501465,0.010344982147216797,1103.0,0.18054716289043427,95.81999969482422,0.5080235004425049,-0.0036245696246623993,0.0803275853395462,0.0,0.999464213848114
611,-0.004507893696427345,0.07092535495758057,0.0,0.9996628761291504,0.0,0.0,1.0,-2.0671305656433105,0.0001500000071246177,-0.010307040065526962,0.0474255345761776,0.08402609825134277,0.009856939315795898,1022.0,0.1806255578994751,96.69999694824219,0.5760505795478821,-0.0049876137636601925,0.11073559522628784,0.0,0.9997466206550598
612,,,,,,,,-2.066570281982422,1.975308623514138e-05,-0.03816721588373184,0.025130417197942734,0.0745551586151123,0.009800910949707031,1138.0,0.18059782683849335,96.69999694824219,0.5760505795478821,-0.004764182027429342,0.12121456861495972,0.0,0.9997339248657227
613,,,,,,,,-2.0658111572265625,9.999999747378752e-05,-0.012166774831712246,0.0014203283935785294,0.07973504066467285,0.009773969650268555,1072.0,0.18075604736804962,96.69999694824219,0.5753223299980164,-0.004466454032808542,0.006555549800395966,0.0,0.9997167587280273
614,,,,,,,,-2.058340072631836,9.999999747378752e-05,-0.018637899309396744,4.987348556518555,0.07346367835998535,0.009827136993408203,1152.0,0.1809549182653427,96.69999694824219,0.5753223299980164,-0.00482926145195961,-4.952497959136963,0.0,0.9994756579399109
615,,,,,,,,-2.0447940826416016,4.444444493856281e-05,-0.01558037381619215,7.036934852600098,0.08169913291931152,0.009990930557250977,1047.0,0.1814665049314499,96.69999694824219,0.5754242539405823,-0.0047965808771550655,-4.8909831047058105,0.0,0.9997299313545227
616,,,,,,,,-2.0318639278411865,6.666666740784422e-05,-0.015180683694779873,0.04371054098010063,0.07719302177429199,0.011090755462646484,1087.0,0.18165847659111023,96.69999694824219,0.5754242539405823,-0.004350624512881041,0.23880653083324432,0.0,0.9997103214263916
617,,,,,,,,-2.028189182281494,4.444444493856281e-05,-0.015890516340732574,0.0027725433465093374,0.08086299896240234,0.010617971420288086,1049.0,0.18163231015205383,96.69999694824219,0.481315553188324,-0.0046512591652572155,0.03722948953509331,0.0,0.999718189239502
618,,,,,,,,-2.0317845344543457,0.0001500000071246177,-0.0140038151293993,0.027311258018016815,0.07352375984191895,0.01001119613647461,1149.0,0.18145716190338135,96.69999694824219,0.481315553188324,-0.004839737433940172,0.0703129842877388,0.0,0.9995008111000061
619,,,,,,,,-2.0391159057617188,4.444444493856281e-05,-0.025345822796225548,0.0032243274617940187,0.08036208152770996,0.009755849838256836,1065.0,0.18119877576828003,96.69999694824219,0.3851128816604614,-0.004768799524754286,0.04061500355601311,0.0,0.9996759295463562
620,,,,,,,,-2.0456786155700684,0.0001500000071246177,-0.01853393204510212,0.04816008359193802,0.07770824432373047,0.009586811065673828,1099.0,0.18104079365730286,96.69999694824219,0.383922278881073,-0.0052146282978355885,0.2486708164215088,0.0,0.9997429251670837
621,,,,,,,,-2.0506644248962402,2.9629629352712072e-05,-0.02356242761015892,0.0035959898959845304,0.07715106010437012,0.009862899780273438,1103.0,0.18099631369113922,96.69999694824219,0.38394030928611755,-0.005595784168690443,0.03310617059469223,0.0,0.9997110962867737
622,,,,,,,,-2.0500969886779785,6.666666740784422e-05,-0.009764840826392174,0.020557265728712082,0.07623720169067383,0.009988784790039062,1113.0,0.18101871013641357,96.69999694824219,0.38394030928611755,-0.004732926841825247,0.06757645308971405,0.0,0.9995039105415344
623,,,,,,,,-2.049006700515747,9.999999747378752e-05,-0.01457597129046917,3.113135576248169,0.08122396469116211,0.010380029678344727,1047.0,0.18113361299037933,95.83999633789062,0.3162582516670227,-0.004625439643859863,0.014808987267315388,-2.6041667461395264,0.9995784759521484
624,,,,,,,,-2.0385899543762207,4.444444493856281e-05,-0.026718486100435257,0.03927008435130119,0.08237886428833008,0.00989532470703125,1040.0,0.18154655396938324,95.83999633789062,0.3150392770767212,-0.005124465096741915,0.15206269919872284,0.0,0.9997503757476807
625,,,,,,,,-2.0301294326782227,4.444444493856281e-05,-0.02318979613482952,0.00780881941318512,0.07482600212097168,0.009930849075317383,1132.0,0.181595116853714,95.83999633789062,0.3143145740032196,-0.004798980429768562,0.0926055833697319,0.0,0.9997031092643738
626,,,,,,,,-2.0304477214813232,2.9629629352712072e-05,-0.019378939643502235,0.018680021166801453,0.07795381546020508,0.00976705551147461,1094.0,0.18152804672718048,95.83999633789062,0.3143145740032196,-0.00503948051482439,0.03808452561497688,0.0,0.9996268153190613
627,,,,,,,,-2.0364110469818115,9.999999747378752e-05,-0.01596817560493946,0.001987966476008296,0.07586002349853516,0.00996708869934082,1118.0,0.1812411993741989,95.83999633789062,0.4079717993736267,-0.00443986477330327,0.03411148861050606,0.0,0.9994416832923889
628,,,,,,,,-2.0383858680725098,9.999999747378752e-05,-0.021890774369239807,0.01695694401860237,0.08512115478515625,0.010498762130737305,1003.0,0.18164648115634918,95.83999633789062,0.5017521977424622,-0.004429912660270929,0.09254398196935654,0.0,0.9997287392616272
629,,,,,,,,-2.027447462081909,6.666666740784422e-05,-0.015426384285092354,4.888071537017822,0.07883024215698242,0.010505914688110352,1074.0,0.1816253364086151,94.22000122070312,0.36673563718795776,-0.00480071222409606,0.08282876759767532,-5.208333492279053,0.9997335076332092
630,,,,,,,,-2.034032106399536,6.666666740784422e-05,-0.018287789076566696,0.030567418783903122,0.08082890510559082,0.009830951690673828,1058.0,0.1814311295747757,94.22000122070312,0.36670008301734924,-0.004697440192103386,0.08528531342744827,0.0,0.9996938705444336
631,,,,,,,,-2.0402231216430664,1.975308623514138e-05,-0.03571062535047531,0.003908803686499596,0.07636022567749023,0.009788036346435547,1114.0,0.18133476376533508,94.22000122070312,0.36668598651885986,-0.004990457557141781,0.10183721780776978,0.0,0.9995593428611755
632,,,,,,,,-2.0427465438842773,4.444444493856281e-05,-0.015148836188018322,0.021362075582146645,0.0795748233795166,0.009711265563964844,1075.0,0.18126262724399567,94.22000122070312,0.36639076471328735,-0.004874349106103182,0.0827343761920929,0.0,0.9996726512908936
633,-0.000737339723855257,0.008597427047789097,-2.5,0.16999521851539612,0.0,1.0,0.0,-2.0476346015930176,2.9629629352712072e-05,-0.01569220796227455,0.47640275955200195,0.07473492622375488,0.009656190872192383,1137.0,0.18112699687480927,93.38999938964844,0.29804426431655884,-0.0046246848069131374,0.07633712887763977,-2.6041667461395264,0.9995377659797668
634,,,,,,,,-2.054633378982544,2.9629629352712072e-05,-0.018155425786972046,0.009196823462843895,0.08059191703796387,0.009571075439453125,1064.0,0.18090064823627472,93.38999938964844,0.29886454343795776,-0.0049320850521326065,0.09835689514875412,0.0,0.9997122287750244
635,,,,,,,,-2.065368175506592,6.666666740784422e-05,-0.020678652450442314,0.005454288329929113,0.07524299621582031,0.009946823120117188,1126.0,0.18051061034202576,93.38999938964844,0.29886454343795776,-0.004483517725020647,0.1362912803888321,0.0,0.9995735287666321
636,-0.004854839760810137,0.10668522864580154,0.0,0.9995862245559692,0.0,0.0,1.0,-2.0746445655822754,2.9629629352712072e-05,-0.019043173640966415,0.01132587343454361,0.07703614234924316,0.009759902954101562,1106.0,0.18052946031093597,93.38999938964844,0.2995735704898834,-0.004876080900430679,0.030687576159834862,0.0,0.9995854496955872
637,,,,,,,,-2.070474863052368,4.444444493856281e-05,-0.029038559645414352,0.004039905499666929,0.07607603073120117,0.009632110595703125,1120.0,0.1806567907333374,93.38999938964844,0.29925015568733215,-0.005025013815611601,0.06954507529735565,0.0,0.9994952082633972
638,,,,,,,,-2.0677058696746826,6.666666740784422e-05,-0.02092788927257061,0.0065323542803525925,0.08039617538452148,0.009645700454711914,1066.0,0.1806587427854538,93.38999938964844,0.2991754412651062,-0.004551746416836977,0.0776602104306221,0.0,0.9996473789215088
639,,,,,,,,-2.0693111419677734,2.9629629352712072e-05,-0.020916355773806572,0.007206403650343418,0.07816505432128906,0.010524749755859375,1082.0,0.1806010901927948,93.38999938964844,0.2991754412651062,-0.004583199508488178,0.1469755619764328,0.0,0.9996026158332825
640,,,,,,,,-2.0697953701019287,4.444444493856281e-05,-0.018652718514204025,0.004472075030207634,0.07705426216125488,0.010078907012939453,1101.0,0.18064533174037933,93.38999938964844,0.2992430627346039,-0.004166109953075647,0.025144701823592186,0.0,0.9995899796485901
641,,,,,,,,-2.0657055377960205,4.444444493856281e-05,-0.026049241423606873,0.004548996686935425,0.07564783096313477,0.010233879089355469,1117.0,0.1807732880115509,93.38999938964844,0.2995198369026184,-0.004464006517082453,0.07721935212612152,0.0,0.9994354844093323
642,,,,,,,,-2.061772108078003,4.444444493856281e-05,-0.02705559879541397,0.006523572374135256,0.08094096183776855,0.009757041931152344,1058.0,0.18079563975334167,93.38999938964844,0.3940894901752472,-0.004623763263225555,0.0989331305027008,0.0,0.9995695948600769
643,,,,,,,,-2.0714924335479736,9.999999747378752e-05,-0.007959124632179737,0.006009596865624189,0.07518601417541504,0.010805130004882812,1116.0,0.18003018200397491,93.38999938964844,0.3940894901752472,-0.00479351170361042,0.1223214641213417,0.0,0.9996249675750732
644,,,,,,,,-2.1051383018493652,1.975308623514138e-05,-0.02019091695547104,0.002981046447530389,0.07847309112548828,0.010571002960205078,1078.0,0.1795078068971634,93.38999938964844,0.39438343048095703,-0.004031710792332888,0.008098294027149677,0.0,0.9996126294136047
645,,,,,,,,-2.116199254989624,2.9629629352712072e-05,-0.016747448593378067,0.0018469392089173198,0.07585835456848145,0.009980916976928711,1118.0,0.1793619841337204,93.38999938964844,0.3946065604686737,-0.0039258492179214954,0.05589969828724861,0.0,0.9994204640388489
646,,,,,,,,-2.1212120056152344,4.444444493856281e-05,-0.02275657095015049,0.003811180591583252,0.07860708236694336,0.009772062301635742,1086.0,0.1792459487915039,93.38999938964844,0.3941202461719513,-0.004527892917394638,0.06688477098941803,0.0,0.9995208382606506
647,,,,,,,,-2.127063751220703,2.9629629352712072e-05,-0.02479020319879055,0.005061908159404993,0.0780341625213623,0.010390996932983398,1085.0,0.17907758057117462,93.38999938964844,0.3941202461719513,-0.004958337638527155,0.12368801981210709,0.0,0.9996854662895203
648,,,,,,,,-2.1319539546966553,1.975308623514138e-05,-0.020419415086507797,0.002357926219701767,0.0793910026550293,0.010030746459960938,1073.0,0.17900080978870392,93.38999938964844,0.3938050866127014,-0.004721845965832472,0.025506116449832916,0.0,0.9996326565742493
649,,,,,,,,-2.134279489517212,2.9629629352712072e-05,-0.02395865134894848,0.002662400482222438,0.07472801208496094,0.00968027114868164,1137.0,0.1789606809616089,93.38999938964844,0.3933525085449219,-0.004178904462605715,0.06490973383188248,0.0,0.9994616508483887
650,,,,,,,,-2.136378765106201,2.9629629352712072e-05,-0.018118344247341156,0.0023354694712907076,0.0759730339050293,0.010359048843383789,1111.0,0.17888949811458588,93.38999938964844,0.48917844891548157,-0.004838266875594854,0.05797753855586052,0.0,0.9995050430297852
651,,,,,,,,-2.138925313949585,2.9629629352712072e-05,-0.0210250336676836,0.007918902672827244,0.08036184310913086,0.009850263595581055,1064.0,0.17883577942848206,93.38999938964844,0.48917844891548157,-0.005069906823337078,0.11555487662553787,0.0,0.9997223019599915
652,,,,,,,,-2.1393673419952393,2.9629629352712072e-05,-0.01577768474817276,0.004465125966817141,0.07822275161743164,0.010102033615112305,1086.0,0.17887070775032043,93.38999938964844,0.488256573677063,-0.004346804227679968,0.07326076179742813,0.0,0.9996126294136047
653,,,,,,,,-2.1398558616638184,2.9629629352712072e-05,-0.01833721064031124,0.002040374558418989,0.073822021484375,0.010254144668579102,1141.0,0.1787889152765274,93.38999938964844,0.4872959554195404,-0.004904804285615683,0.0467926561832428,0.0,0.9994852542877197
654,,,,,,,,-2.1425843238830566,1.975308623514138e-05,-0.022775810211896896,0.003499082988128066,0.07653212547302246,0.010009765625,1109.0,0.17876672744750977,93.38999938964844,0.4871232211589813,-0.004492247477173805,0.04721793532371521,0.0,0.9994943141937256
655,,,,,,,,-2.14393949508667,2.9629629352712072e-05,-0.016982397064566612,0.00477916095405817,0.0809779167175293,0.009798049926757812,1057.0,0.17869967222213745,93.38999938964844,0.48749881982803345,-0.004639182239770889,0.07389070838689804,0.0,0.9997466206550598
656,,,,,,,,-2.1456329822540283,9.999999747378752e-05,-0.0096434336155653,0.0011556318495422602,0.0760810375213623,0.009705781936645508,1119.0,0.1787143498659134,93.38999938964844,0.4869759976863861,-0.004319734871387482,0.08103511482477188,0.0,0.9996019005775452
657,,,,,,,,-2.1429197788238525,4.444444493856281e-05,-0.025307726114988327,3.182403564453125,0.07983112335205078,0.009939908981323242,1069.0,0.17878089845180511,92.54000091552734,0.4186643362045288,-0.004326864145696163,0.0006886192713864148,-2.6041667461395264,0.9995428919792175
658,-0.004520949441939592,0.05550692230463028,0.0,0.9995730519294739,0.0,0.0,1.0,-2.143174886703491,4.444444493856281e-05,-0.016457010060548782,0.0063440375961363316,0.0759119987487793,0.010202884674072266,1114.0,0.17861376702785492,92.54000091552734,0.41821783781051636,-0.004347342532128096,0.12246587127447128,0.0,0.9995177388191223
659,,,,,,,,-2.149763584136963,4.444444493856281e-05,-0.02704130858182907,3.301877021789551,0.08615708351135254,0.010843992233276367,989.0,0.17847640812397003,91.69000244140625,0.44500330090522766,-0.004238402005285025,0.06560010462999344,-2.6041667461395264,0.9998318552970886
660,,,,,,,,-2.1551196575164795,0.00022499999613501132,-0.01246570236980915,0.008194910362362862,0.07691788673400879,0.010313034057617188,1100.0,0.17822463810443878,91.69000244140625,0.44500330090522766,-0.004591894801706076,0.1758267879486084,0.0,0.9996438026428223
661,,,,,,,,-2.1674768924713135,1.975308623514138e-05,-0.028171561658382416,0.0036868457682430744,0.07891607284545898,0.010617256164550781,1072.0,0.1779996156692505,91.69000244140625,0.44450661540031433,-0.004646365065127611,0.019123418256640434,0.0,0.9995728135108948
662,,,,,,,,-2.1708436012268066,0.0001500000071246177,-0.011191814206540585,0.002819306682795286,0.07747316360473633,0.010409832000732422,1092.0,0.17796590924263,91.69000244140625,0.5428280830383301,-0.0046548908576369286,0.08255833387374878,0.0,0.999579131603241
663,,,,,,,,-2.1687211990356445,2.9629629352712072e-05,-0.014617876149713993,0.002527945674955845,0.0798802375793457,0.010684013366699219,1060.0,0.1781175285577774,91.69000244140625,0.5425235629081726,-0.004519195761531591,0.05338364467024803,0.0,0.9996297955513
664,,,,,,,,-2.1682662963867188,9.999999747378752e-05,-0.017919789999723434,0.004991820082068443,0.07934188842773438,0.010398149490356445,1069.0,0.17788879573345184,91.69000244140625,0.5425235629081726,-0.004124851431697607,0.15369556844234467,0.0,0.9996962547302246
665,,,,,,,,-2.1791110038757324,1.975308623514138e-05,-0.016263853758573532,0.003840822959318757,0.0768740177154541,0.009847879409790039,1106.0,0.17771756649017334,91.69000244140625,0.5422714352607727,-0.004269078839570284,0.02435957081615925,0.0,0.9995832443237305
666,,,,,,,,-2.1801631450653076,0.0001500000071246177,-0.006531840655952692,2.541776657104492,0.07978701591491699,0.010276079177856445,1065.0,0.17785389721393585,90.81999969482422,0.47286316752433777,-0.0039122565649449825,0.0026435628533363342,-2.6041667461395264,0.9996469616889954
667,,,,,,,,-2.169726848602295,4.444444493856281e-05,-0.024848172441124916,0.009951155632734299,0.0790250301361084,0.009957075119018555,1078.0,0.17807909846305847,90.81999969482422,0.4726407825946808,-0.004517583176493645,0.12637276947498322,0.0,0.9995754361152649
668,,,,,,,,-2.1633737087249756,2.9629629352712072e-05,-0.022119659930467606,0.006654742639511824,0.08012104034423828,0.009814977645874023,1067.0,0.17819595336914062,90.81999969482422,0.47183531522750854,-0.004518614616245031,0.10914918035268784,0.0,0.9998427033424377
669,,,,,,,,-2.157451868057251,6.666666740784422e-05,-0.008837665431201458,0.000989659340120852,0.07471895217895508,0.010406970977783203,1127.0,0.17840078473091125,90.81999969482422,0.47183531522750854,-0.004760579206049442,0.04015623405575752,0.0,0.9995946288108826
670,,,,,,,,-2.148355722427368,6.666666740784422e-05,-0.01925775781273842,0.000946618034504354,0.07733297348022461,0.009929180145263672,1100.0,0.1785932332277298,90.81999969482422,0.47086602449417114,-0.004731293767690659,1.849266300268937e-05,0.0,0.999567985534668
671,,,,,,,,-2.1420466899871826,2.9629629352712072e-05,-0.016980862244963646,0.004563788417726755,0.07529592514038086,0.009907960891723633,1126.0,0.1786961704492569,90.81999969482422,0.47066301107406616,-0.0051158699207007885,0.15077926218509674,0.0,0.9995598196983337
672,,,,,,,,-2.1390254497528076,6.666666740784422e-05,-0.026983968913555145,0.006453253794461489,0.08137106895446777,0.00981903076171875,1052.0,0.17876091599464417,90.81999969482422,0.47037845849990845,-0.004214232321828604,0.08700097352266312,0.0,0.9998490810394287
673,,,,,,,,-2.138059139251709,2.9629629352712072e-05,-0.016684116795659065,0.0009050131775438786,0.07643914222717285,0.010134696960449219,1108.0,0.1787203550338745,90.81999969482422,0.47037845849990845,-0.004639682359993458,0.07985817641019821,0.0,0.9996066093444824
674,,,,,,,,-2.1355297565460205,0.0001500000071246177,-0.0054802014492452145,0.0010204407153651118,0.07773089408874512,0.010324954986572266,1090.0,0.1789979785680771,90.81999969482422,0.4698270261287689,-0.004435613285750151,1.0373823897680268e-05,0.0,0.9995315670967102
675,,,,,,,,-2.1253061294555664,4.444444493856281e-05,-0.009488360956311226,2.8633921146392822,0.07816863059997559,0.010485172271728516,1082.0,0.1790498048067093,90.0,0.4955677390098572,-0.004627987276762724,0.1337909698486328,-2.6041667461395264,0.9995589256286621
676,,,,,,,,-2.125694751739502,9.999999747378752e-05,-0.01202439609915018,0.012459301389753819,0.08271408081054688,0.009824037551879883,1037.0,0.17897388339042664,90.0,0.5883159637451172,-0.004689032677561045,0.13940656185150146,0.0,0.9998227953910828
677,,,,,,,,-2.1480114459991455,0.0001500000071246177,-0.0169290192425251,0.8224844932556152,0.07860183715820312,0.00984334945678711,1085.0,0.17764979600906372,89.1500015258789,0.6163254380226135,-0.004320142325013876,0.09066527336835861,-2.6041667461395264,0.9997804760932922
678,,,,,,,,-2.1931777000427246,2.9629629352712072e-05,-0.014323154464364052,0.0014374946476891637,0.07506465911865234,0.01035308837890625,1123.0,0.177078515291214,89.1500015258789,0.6170604825019836,-0.004051692318171263,0.03983905166387558,0.0,0.9994945526123047
679,,,,,,,,-2.205904006958008,0.00022499999613501132,-0.012949263677001,0.004693592432886362,0.07945704460144043,0.010281085968017578,1069.0,0.17686045169830322,89.1500015258789,0.7120082974433899,-0.0045233736746013165,0.06467637419700623,0.0,0.999546229839325
680,,,,,,,,-2.211735248565674,6.666666740784422e-05,-0.028857816010713577,0.006979125551879406,0.07767510414123535,0.010040760040283203,1094.0,0.17700935900211334,89.1500015258789,0.7126514315605164,-0.004820822272449732,0.15652857720851898,0.0,0.9997089505195618
681,,,,,,,,-2.209352493286133,1.975308623514138e-05,-0.005747663322836161,3.077246904373169,0.07964324951171875,0.010159730911254883,1069.0,0.17704859375953674,88.29000091552734,0.6434184312820435,-0.004553796257823706,0.04874499514698982,-2.6041667461395264,0.99977046251297
682,,,,,,,,-2.2083921432495117,4.444444493856281e-05,-0.0197189599275589,0.004485197365283966,0.0754690170288086,0.009706974029541016,1127.0,0.17710964381694794,88.29000091552734,0.6434184312820435,-0.004285331349819899,0.05154736712574959,0.0,0.9995116591453552
683,-0.0045370906591415405,0.0955287516117096,0.0,0.9996217489242554,0.0,0.0,1.0,-2.206713914871216,4.444444493856281e-05,-0.013649149797856808,0.00582781620323658,0.08037996292114258,0.010741949081420898,1053.0,0.17711296677589417,88.29000091552734,0.6443100571632385,-0.00467713875696063,0.068064846098423,0.0,0.9995926022529602
684,,,,,,,,-2.2127504348754883,9.999999747378752e-05,-0.014376124367117882,0.008083143271505833,0.08020401000976562,0.010103940963745117,1063.0,0.17681171000003815,88.29000091552734,0.6434246897697449,-0.004195899236947298,0.14428551495075226,0.0,0.9997270703315735
685,,,,,,,,-2.2245194911956787,9.999999747378752e-05,-0.010954632423818111,0.002790153492242098,0.07308220863342285,0.010410070419311523,1149.0,0.1766560822725296,88.29000091552734,0.6433730721473694,-0.0045456853695213795,0.09323102235794067,0.0,0.9996140003204346
686,,,,,,,,-2.228883981704712,1.975308623514138e-05,-0.02550320327281952,5.716825485229492,0.08026695251464844,0.009754180908203125,1066.0,0.17655889689922333,86.52999877929688,0.5994547605514526,-0.0036633170675486326,0.00010229713370790705,-5.208333492279053,0.9995597004890442
687,,,,,,,,-2.231276035308838,4.444444493856281e-05,-0.019379163160920143,0.004814498592168093,0.07989096641540527,0.009932994842529297,1068.0,0.17650344967842102,87.33000183105469,0.6664116978645325,-0.004438891541212797,0.046425092965364456,0.0,0.9994990229606628
688,,,,,,,,-2.231905460357666,0.00022499999613501132,-0.018614133819937706,2.8010237216949463,0.08349490165710449,0.009742975234985352,1029.0,0.17653711140155792,87.30999755859375,0.6659184098243713,-0.004726869985461235,0.11866241693496704,-2.6041667461395264,0.999800980091095
689,,,,,,,,-2.2348601818084717,4.444444493856281e-05,-0.016546066850423813,0.01718228869140148,0.0789949893951416,0.011111974716186523,1065.0,0.17633581161499023,87.30999755859375,0.6659184098243713,-0.004724568221718073,0.07309084385633469,0.0,0.9997351765632629
690,,,,,,,,-2.240396499633789,1.975308623514138e-05,-0.022644078359007835,0.0021095469128340483,0.07235360145568848,0.010192155838012695,1162.0,0.17631196975708008,87.30999755859375,0.6659184098243713,-0.004845699295401573,0.05132139101624489,0.0,0.9993889927864075
691,,,,,,,,-2.240220069885254,6.666666740784422e-05,-0.012504220940172672,0.005501594394445419,0.0796511173248291,0.009931087493896484,1071.0,0.17631305754184723,87.30999755859375,0.6648343205451965,-0.003905767807736993,0.025505585595965385,0.0,0.999501645565033
692,,,,,,,,-2.2416749000549316,2.9629629352712072e-05,-0.017562611028552055,0.010181277990341187,0.07849478721618652,0.010503292083740234,1078.0,0.17622220516204834,87.30999755859375,0.7505846619606018,-0.005200780462473631,0.14023125171661377,0.0,0.9996622204780579
693,,,,,,,,-2.2479467391967773,6.666666740784422e-05,-0.013038625940680504,0.0053658271208405495,0.08069419860839844,0.010398149490356445,1053.0,0.17595168948173523,87.30999755859375,0.751008152961731,-0.004201557952910662,0.09368932247161865,0.0,0.9997854232788086
694,,,,,,,,-2.2570178508758545,2.9629629352712072e-05,-0.007794754579663277,0.0015667728148400784,0.07253909111022949,0.009963035583496094,1163.0,0.1758393496274948,87.30999755859375,0.751008152961731,-0.004797684960067272,0.04060528054833412,0.0,0.9994427561759949
695,,,,,,,,-2.260546922683716,2.9629629352712072e-05,-0.02158867008984089,0.003404584713280201,0.08605790138244629,0.01095724105834961,989.0,0.17571787536144257,87.30999755859375,0.8391910195350647,-0.004109397064894438,0.0035015575122088194,0.0,0.9995004534721375
696,,,,,,,,-2.2646901607513428,6.666666740784422e-05,-0.021786734461784363,0.007409990299493074,0.07855415344238281,0.009870052337646484,1085.0,0.1756466031074524,87.30999755859375,0.8396620750427246,-0.004501591436564922,0.15540464222431183,0.0,0.9996376037597656
697,,,,,,,,-2.2682480812072754,6.666666740784422e-05,-0.008951084688305855,0.005067534279078245,0.07852888107299805,0.010360002517700195,1080.0,0.17566093802452087,87.30999755859375,0.9329169988632202,-0.004048370290547609,0.10228923708200455,0.0,0.9997974038124084
698,,,,,,,,-2.271749496459961,4.444444493856281e-05,-0.014920414425432682,0.0012636613100767136,0.07245588302612305,0.01001596450805664,1164.0,0.17550377547740936,87.30999755859375,0.9329169988632202,-0.004229049663990736,0.05939152464270592,0.0,0.9994987845420837
699,,,,,,,,-2.2803256511688232,4.444444493856281e-05,-0.021406140178442,0.0026313920971006155,0.07975578308105469,0.010167121887207031,1067.0,0.17532674968242645,88.94999694824219,1.0676746368408203,-0.004746508318930864,0.00012063813483109698,0.0,0.9994659423828125
700,,,,,,,,-2.2850279808044434,1.975308623514138e-05,-0.025272535160183907,0.01065745297819376,0.0787649154663086,0.009961128234863281,1081.0,0.17522995173931122,88.94999694824219,1.068184494972229,-0.004373364616185427,0.19639118015766144,0.0,0.999625027179718
701,,,,,,,,-2.287461042404175,6.666666740784422e-05,-0.01033454854041338,0.0053707873448729515,0.07960796356201172,0.009704113006591797,1074.0,0.17521145939826965,88.94999694824219,1.0675734281539917,-0.00432607950642705,0.07875064760446548,0.0,0.9997937679290771
702,,,,,,,,-2.286550283432007,1.975308623514138e-05,-0.016434410586953163,0.0014552943175658584,0.07353901863098145,0.01014089584350586,1147.0,0.1752869337797165,88.94999694824219,1.0675734281539917,-0.0040384032763540745,0.05489593371748924,0.0,0.9995711445808411
703,,,,,,,,-2.284109115600586,6.666666740784422e-05,-0.013289674185216427,0.0020939167588949203,0.07714629173278809,0.010291814804077148,1097.0,0.17535057663917542,88.94999694824219,1.0684977769851685,-0.004422207362949848,0.0006458769203163683,0.0,0.999450147151947
704,,,,,,,,-2.2828338146209717,6.666666740784422e-05,-0.018719421699643135,0.008753392845392227,0.08137011528015137,0.009943008422851562,1051.0,0.1753920614719391,88.94999694824219,1.0684350728988647,-0.004896693397313356,0.14811348915100098,0.0,0.999622642993927
705,,,,,,,,-2.288358688354492,9.999999747378752e-05,-0.020282641053199768,0.00704934960231185,0.07773017883300781,0.009634017944335938,1098.0,0.17495609819889069,88.94999694824219,1.067846417427063,-0.004715006798505783,0.12414505332708359,0.0,0.9997617602348328
706,,,,,,,,-2.3080363273620605,2.9629629352712072e-05,-0.005382802803069353,0.005682886578142643,0.07212972640991211,0.009658098220825195,1173.0,0.1745310127735138,88.94999694824219,1.067846417427063,-0.0042165182530879974,0.09675702452659607,0.0,0.9995959401130676
707,,,,,,,,-2.317444086074829,4.444444493856281e-05,-0.013539193198084831,0.002307795686647296,0.07492208480834961,0.010104179382324219,1129.0,0.1744353175163269,88.94999694824219,1.068080186843872,-0.004781957250088453,0.006777819711714983,0.0,0.9993863701820374
708,-0.004455108195543289,0.08738836646080017,0.0,0.999589741230011,0.0,0.0,1.0,-2.31607985496521,4.444444493856281e-05,-0.029557129368185997,0.00621243380010128,0.08099102973937988,0.009754180908203125,1057.0,0.17462845146656036,88.94999694824219,1.0686070919036865,-0.004482677206397057,0.06604965776205063,0.0,0.9996147751808167
709,,,,,,,,-2.306285858154297,2.9629629352712072e-05,-0.02506656013429165,0.006259797606617212,0.07993698120117188,0.01114964485168457,1053.0,0.1748722642660141,88.94999694824219,1.1631247997283936,-0.004707949701696634,0.136955127120018,0.0,0.999750554561615
710,,,,,,,,-2.2996363639831543,1.975308623514138e-05,-0.022060172632336617,0.003992075566202402,0.08150219917297363,0.011052608489990234,1037.0,0.1749495565891266,88.94999694824219,1.1631247997283936,-0.004493888933211565,0.05642922595143318,0.0,0.9996773600578308
711,,,,,,,,-2.29856014251709,2.9629629352712072e-05,-0.01924840360879898,0.0028067203238606453,0.07316398620605469,0.0102081298828125,1151.0,0.17488601803779602,88.94999694824219,1.2579883337020874,-0.004028062801808119,0.01509858574718237,0.0,0.9993982315063477
712,,,,,,,,-2.301013946533203,4.444444493856281e-05,-0.013987583108246326,0.0036428887397050858,0.08185815811157227,0.009990692138671875,1045.0,0.17482611536979675,88.94999694824219,1.258506417274475,-0.004830181133002043,0.036696162074804306,0.0,0.9995728135108948
713,,,,,,,,-2.3031551837921143,6.666666740784422e-05,-0.020009955391287804,0.0050350092351436615,0.07796287536621094,0.009974002838134766,1091.0,0.174718976020813,88.94999694824219,1.2580771446228027,-0.0049742162227630615,0.10684829950332642,0.0,0.9997232556343079
714,,,,,,,,-2.315091848373413,6.666666740784422e-05,-0.01988307200372219,0.002480569062754512,0.07810211181640625,0.009861946105957031,1091.0,0.1743212640285492,88.94999694824219,1.2580771446228027,-0.004177688155323267,0.05612858757376671,0.0,0.9997501969337463
715,,,,,,,,-2.3303775787353516,2.9629629352712072e-05,-0.00815456174314022,0.0006100130267441273,0.0727846622467041,0.010375022888183594,1154.0,0.17417477071285248,88.94999694824219,1.2580771446228027,-0.004643633496016264,0.03382660821080208,0.0,0.9994773268699646
716,,,,,,,,-2.341085433959961,0.00022499999613501132,-0.01357817742973566,0.0029704193584620953,0.07961201667785645,0.010364055633544922,1066.0,0.17348819971084595,88.94999694824219,1.255450963973999,-0.004436323884874582,0.03322697803378105,0.0,0.9995928406715393
717,,,,,,,,-2.382031202316284,2.9629629352712072e-05,-0.015450995415449142,0.004844602197408676,0.0797879695892334,0.010280847549438477,1065.0,0.17283104360103607,89.80999755859375,1.323603868484497,-0.003991978242993355,0.15173794329166412,0.0,0.9997199177742004
718,,,,,,,,-2.392563581466675,9.999999747378752e-05,-0.02056245133280754,3.54206919670105,0.08005404472351074,0.010193109512329102,1063.0,0.17282819747924805,88.9800033569336,1.255642294883728,-0.004284093622118235,0.0711001455783844,-2.6041667461395264,0.9997941851615906
719,,,,,,,,-2.396573305130005,6.666666740784422e-05,-0.011730175465345383,0.008143294602632523,0.07599186897277832,0.010397195816040039,1111.0,0.17262797057628632,88.9800033569336,1.255642294883728,-0.004109035711735487,0.06902460753917694,0.0,0.9995110034942627
720,,,,,,,,-2.407803535461426,2.9629629352712072e-05,-0.03908258676528931,0.0033697413746267557,0.08072495460510254,0.00970602035522461,1061.0,0.17242388427257538,88.9800033569336,1.255385398864746,-0.004165159538388252,0.038132231682538986,0.0,0.9996374249458313
721,,,,,,,,-2.4115149974823,1.975308623514138e-05,-0.021201055496931076,0.002845650538802147,0.07791304588317871,0.009647130966186523,1096.0,0.17248283326625824,88.9800033569336,1.2557295560836792,-0.0045998841524124146,0.18208622932434082,0.0,0.9997384548187256
722,,,,,,,,-2.4071404933929443,2.9629629352712072e-05,-0.02271813526749611,0.00207273056730628,0.07477307319641113,0.010109901428222656,1130.0,0.17259672284126282,88.9800033569336,1.2557295560836792,-0.004626857116818428,0.0979645848274231,0.0,0.9996772408485413
723,-0.004477919545024633,0.09636562317609787,0.0,0.9996460676193237,0.0,0.0,1.0,-2.4019598960876465,1.975308623514138e-05,-0.02991410158574581,0.000796568754594773,0.07820320129394531,0.009788990020751953,1091.0,0.1727018803358078,89.80999755859375,1.3240094184875488,-0.004621394444257021,0.02253943681716919,0.0,0.9995596408843994
724,,,,,,,,-2.400317907333374,9.999999747378752e-05,-0.00913452822715044,0.0019530896097421646,0.08089804649353027,0.009996175765991211,1056.0,0.17263996601104736,90.5999984741211,1.3912584781646729,-0.0038460467476397753,0.03160205855965614,0.0,0.9995736479759216
725,,,,,,,,-2.404043197631836,2.9629629352712072e-05,-0.026679234579205513,0.0012482254533097148,0.0778501033782959,0.009764909744262695,1095.0,0.17257578670978546,90.5999984741211,1.3919354677200317,-0.004429945256561041,0.10847198963165283,0.0,0.9997369647026062
726,-0.0007287260377779603,0.002194606466218829,-2.5,0.1549973487854004,0.0,1.0,0.0,-2.407712459564209,4.444444493856281e-05,-0.024949535727500916,3.9164247512817383,0.08684086799621582,0.011462211608886719,976.0,0.1724756509065628,89.73999786376953,1.323464035987854,-0.004232550039887428,0.01211946364492178,-5.208333492279053,0.9997448325157166
727,,,,,,,,-2.411189556121826,6.666666740784422e-05,-0.028826091438531876,0.005309421569108963,0.08732724189758301,0.010309934616088867,983.0,0.17247577011585236,89.73999786376953,1.3223302364349365,-0.004457797855138779,0.08569168299436569,0.0,0.9996034502983093
728,,,,,,,,-2.4116854667663574,4.444444493856281e-05,-0.009519421495497227,0.0022297720424830914,0.07887101173400879,0.010123014450073242,1078.0,0.17253462970256805,89.73999786376953,1.3210489749908447,-0.004051276948302984,0.06254758685827255,0.0,0.9996798634529114
729,,,,,,,,-2.407944679260254,2.9629629352712072e-05,-0.01889897510409355,0.0015126983635127544,0.07677388191223145,0.010381221771240234,1101.0,0.17270243167877197,89.73999786376953,1.3210489749908447,-0.004221006762236357,0.09576549381017685,0.0,0.999688446521759
730,,,,,,,,-2.399735450744629,1.975308623514138e-05,-0.018882352858781815,0.0014645555056631565,0.07328605651855469,0.010230064392089844,1149.0,0.17293605208396912,89.73999786376953,1.3208657503128052,-0.0042986576445400715,0.022197812795639038,0.0,0.9996070861816406
731,,,,,,,,-2.391242027282715,9.999999747378752e-05,-0.014239976182579994,0.0024871102068573236,0.08080196380615234,0.009719133377075195,1060.0,0.17312046885490417,89.73999786376953,1.3199657201766968,-0.004049144219607115,0.05188733711838722,0.0,0.9996328353881836
732,,,,,,,,-2.3873910903930664,6.666666740784422e-05,-0.018830886110663414,0.0035014112945646048,0.07439517974853516,0.010622978210449219,1129.0,0.17299434542655945,89.73999786376953,1.3199710845947266,-0.004334563389420509,0.1284719854593277,0.0,0.999616801738739
733,-0.00444937776774168,0.048453036695718765,0.0,0.9996452331542969,0.0,0.0,1.0,-2.390592098236084,0.0001500000071246177,-0.018321767449378967,0.001630348851904273,0.08113598823547363,0.010006904602050781,1053.0,0.17311620712280273,89.73999786376953,1.3195699453353882,-0.004704805091023445,0.05672723054885864,0.0,0.9997522234916687
734,,,,,,,,-2.3787949085235596,2.9629629352712072e-05,-0.012754078954458237,0.0012617016909644008,0.07292389869689941,0.010574102401733398,1149.0,0.17335905134677887,89.73999786376953,1.3195699453353882,-0.0042011248879134655,0.05327116325497627,0.0,0.9995951652526855
735,,,,,,,,-2.374307870864868,9.999999747378752e-05,-0.015508584678173065,0.0010337834246456623,0.0822451114654541,0.010059118270874023,1040.0,0.17329762876033783,89.73999786376953,1.319937825202942,-0.004386491142213345,0.014819055795669556,0.0,0.9996111392974854
736,,,,,,,,-2.376816749572754,2.9629629352712072e-05,-0.02690405584871769,0.0017242762260138988,0.07376599311828613,0.010457992553710938,1139.0,0.17328891158103943,89.73999786376953,1.319191575050354,-0.004341117572039366,0.08752652257680893,0.0,0.9995453357696533
737,,,,,,,,-2.3771257400512695,6.666666740784422e-05,-0.018628766760230064,0.002531761070713401,0.08223509788513184,0.010343074798583984,1036.0,0.17318925261497498,89.73999786376953,1.3183778524398804,-0.003999878186732531,0.050267528742551804,0.0,0.9997835159301758
738,,,,,,,,-2.387221574783325,4.444444493856281e-05,-0.012928535230457783,0.0044379387982189655,0.07311177253723145,0.009771108627319336,1158.0,0.1727285385131836,89.73999786376953,1.3183778524398804,-0.004385081119835377,0.09427115321159363,0.0,0.9995596408843994
739,,,,,,,,-2.402477741241455,6.666666740784422e-05,-0.021287521347403526,0.0013011612463742495,0.08201384544372559,0.010734796524047852,1035.0,0.17246706783771515,89.73999786376953,1.3173449039459229,-0.004479157272726297,0.008848925121128559,0.0,0.9995934963226318
740,,,,,,,,-2.4104292392730713,2.9629629352712072e-05,-0.011204710230231285,0.0012654181336984038,0.07318782806396484,0.010478019714355469,1147.0,0.1724032163619995,89.73999786376953,1.3173449039459229,-0.0043741315603256226,0.1415216326713562,0.0,0.9995288848876953
741,,,,,,,,-2.4108829498291016,2.9629629352712072e-05,-0.015256877057254314,0.00235695275478065,0.08256411552429199,0.0104217529296875,1032.0,0.17248040437698364,89.73999786376953,1.3176188468933105,-0.004554477985948324,0.02614142931997776,0.0,0.9997916221618652
742,,,,,,,,-2.410125732421875,2.9629629352712072e-05,-0.018302666023373604,0.0019542896188795567,0.07284402847290039,0.009685993194580078,1163.0,0.17244727909564972,89.73999786376953,1.3176188468933105,-0.003833676455542445,0.11074516922235489,0.0,0.9996055960655212
743,,,,,,,,-2.411147356033325,4.444444493856281e-05,-0.017244767397642136,0.0006583616486750543,0.0786440372467041,0.009892940521240234,1084.0,0.17248326539993286,89.73999786376953,1.3179501295089722,-0.004619418177753687,0.000210885118576698,0.0,0.9996252059936523
744,,,,,,,,-2.4090089797973633,0.0001500000071246177,-0.015431789681315422,0.0004628821334335953,0.07590293884277344,0.009552240371704102,1123.0,0.17259618639945984,89.73999786376953,1.3179501295089722,-0.004646630492061377,0.09886541217565536,0.0,0.9995723366737366
745,,,,,,,,-2.4103775024414062,4.444444493856281e-05,-0.016326209530234337,0.0007125892443582416,0.08134698867797852,0.009538888931274414,1056.0,0.17254921793937683,89.73999786376953,1.317724347114563,-0.004170155618339777,0.022322332486510277,0.0,0.9997571110725403
746,,,,,,,,-2.4140121936798096,9.999999747378752e-05,-0.009135255590081215,0.0003171449643559754,0.07350707054138184,0.010336160659790039,1144.0,0.172628253698349,89.73999786376953,1.317724347114563,-0.00438225781545043,0.11853509396314621,0.0,0.9996141791343689
747,,,,,,,,-2.4125053882598877,2.9629629352712072e-05,-0.022841716185212135,0.00137131882365793,0.07824087142944336,0.010212182998657227,1085.0,0.1726817786693573,89.73999786376953,1.3175992965698242,-0.0038846302777528763,0.0007529885624535382,0.0,0.9996179938316345
748,-0.00422638701274991,0.059250764548778534,0.0,0.9996349811553955,0.0,0.0,1.0,-2.411613702774048,4.444444493856281e-05,-0.025084473192691803,0.001076020416803658,0.07689023017883301,0.009846925735473633,1106.0,0.17273008823394775,89.73999786376953,1.317314863204956,-0.004766970407217741,0.07986902445554733,0.0,0.9996178150177002
749,,,,,,,,-2.408656358718872,1.975308623514138e-05,-0.017038777470588684,0.0035882957745343447,0.08252406120300293,0.009685039520263672,1041.0,0.17281080782413483,89.73999786376953,1.3166286945343018,-0.004045350942760706,0.03209564462304115,0.0,0.9997184872627258
750,,,,,,,,-2.4075393676757812,6.666666740784422e-05,-0.013199672102928162,0.0009194090962409973,0.07379007339477539,0.009750127792358398,1149.0,0.17282287776470184,89.73999786376953,1.3166286945343018,-0.004548447206616402,0.14812521636486053,0.0,0.9996474385261536
751,,,,,,,,-2.405982494354248,2.9629629352712072e-05,-0.0069352732971310616,0.0016286135651171207,0.07909607887268066,0.010133981704711914,1075.0,0.17291733622550964,90.58999633789062,1.3846522569656372,-0.0036850031465291977,0.006566702853888273,0.0,0.999610424041748
752,,,,,,,,-2.4033305644989014,6.666666740784422e-05,-0.013221622444689274,0.0007624363643117249,0.07730817794799805,0.010421037673950195,1094.0,0.17295615375041962,90.58999633789062,1.3845936059951782,-0.004149582702666521,0.06464526802301407,0.0,0.9996122717857361
753,,,,,,,,-2.4038338661193848,1.975308623514138e-05,-0.02287898398935795,0.002568533644080162,0.07861089706420898,0.009751081466674805,1086.0,0.1728891283273697,90.58999633789062,1.3849434852600098,-0.00482914038002491,0.055729568004608154,0.0,0.9996809959411621
754,,,,,,,,-2.4056806564331055,2.9629629352712072e-05,-0.01572376675903797,0.0004222440184094012,0.07767295837402344,0.00976109504699707,1097.0,0.17282038927078247,90.58999633789062,1.3849434852600098,-0.005009906366467476,0.09031040221452713,0.0,0.999715268611908
755,,,,,,,,-2.4081971645355225,9.999999747378752e-05,-0.004214809276163578,0.0028728896286338568,0.07260489463806152,0.00967097282409668,1166.0,0.17280460894107819,91.44000244140625,1.452977180480957,-0.004347633104771376,0.021951213479042053,0.0,0.9996232986450195
756,,,,,,,,-2.4095003604888916,4.444444493856281e-05,-0.027408409863710403,0.000586864713113755,0.08228898048400879,0.01013326644897461,1038.0,0.172682985663414,91.44000244140625,1.4530361890792847,-0.0043158517219126225,0.035349998623132706,0.0,0.9996207356452942
757,,,,,,,,-2.413611888885498,2.9629629352712072e-05,-0.016838625073432922,0.0006996371666900814,0.07517290115356445,0.010709047317504883,1117.0,0.17264768481254578,91.44000244140625,1.4517489671707153,-0.004005949478596449,0.09320972114801407,0.0,0.9996135234832764
758,-0.004827889613807201,0.05296643450856209,0.0,0.9996379017829895,0.0,0.0,1.0,-2.414728879928589,4.444444493856281e-05,-0.02418394945561886,0.0006789313047192991,0.0822451114654541,0.01014399528503418,1039.0,0.1725931614637375,91.44000244140625,1.4511985778808594,-0.005369645077735186,0.07374200224876404,0.0,0.9997668862342834
759,,,,,,,,-2.418241262435913,2.9629629352712072e-05,-0.013846434652805328,0.00020465825218707323,0.07389688491821289,0.010601282119750977,1136.0,0.17249970138072968,91.44000244140625,1.4511985778808594,-0.003957283217459917,0.056744158267974854,0.0,0.9996111989021301
760,,,,,,,,-2.421051502227783,9.999999747378752e-05,-0.01328248530626297,0.0005476336227729917,0.08222699165344238,0.009892940521240234,1042.0,0.17248141765594482,91.44000244140625,1.4502438306808472,-0.0043749939650297165,0.018605386838316917,0.0,0.9996235966682434
761,,,,,,,,-2.4225821495056152,1.975308623514138e-05,-0.018719058483839035,0.00019984503160230815,0.07322311401367188,0.01010894775390625,1152.0,0.17246787250041962,91.44000244140625,1.4501177072525024,-0.004087780136615038,0.10029510408639908,0.0,0.9995765686035156
762,,,,,,,,-2.4224278926849365,4.444444493856281e-05,-0.020269816741347313,0.00074806745396927,0.08286714553833008,0.010095834732055664,1032.0,0.1725061684846878,92.30999755859375,1.5186517238616943,-0.004685260355472565,0.028727881610393524,0.0,0.9997696876525879
763,,,,,,,,-2.421699047088623,2.9629629352712072e-05,-0.010264006443321705,0.0029801558703184128,0.07338213920593262,0.009728670120239258,1155.0,0.1725182682275772,92.30999755859375,1.5186517238616943,-0.0039205970242619514,0.07609942555427551,0.0,0.99958735704422
764,,,,,,,,-2.4224436283111572,6.666666740784422e-05,-0.01434845756739378,0.0009439370478503406,0.0815739631652832,0.009866952896118164,1049.0,0.17245379090309143,92.30999755859375,1.517538070678711,-0.004398721735924482,0.004808149766176939,0.0,0.99958735704422
765,,,,,,,,-2.4271867275238037,2.9629629352712072e-05,-0.024072419852018356,0.0004207972378935665,0.0732872486114502,0.009905815124511719,1153.0,0.1723019778728485,92.30999755859375,1.517538070678711,-0.0038882216904312372,0.1005803644657135,0.0,0.9995508193969727
766,,,,,,,,-2.432849645614624,4.444444493856281e-05,-0.014989347197115421,0.0006171267596073449,0.08286213874816895,0.010505914688110352,1028.0,0.17214316129684448,92.30999755859375,1.5170514583587646,-0.00420015724375844,0.019263267517089844,0.0,0.9997713565826416
767,,,,,,,,-2.4363224506378174,1.316872385359602e-05,-0.0031302771531045437,0.0016903356881812215,0.07351016998291016,0.009881019592285156,1151.0,0.17211398482322693,92.30999755859375,1.5170514583587646,-0.004306195769459009,0.10149362683296204,0.0,0.9996002316474915
768,,,,,,,,-2.436558485031128,4.444444493856281e-05,-0.01580912619829178,0.00063938251696527,0.07814383506774902,0.009788274765014648,1091.0,0.17208512127399445,92.30999755859375,1.5163735151290894,-0.004543102812021971,0.00016897624300327152,0.0,0.9996120929718018
769,,,,,,,,-2.440469980239868,6.666666740784422e-05,-0.011755339801311493,0.0003370967460796237,0.07564187049865723,0.010639190673828125,1112.0,0.1719103753566742,92.30999755859375,1.5163735151290894,-0.004315664526075125,0.08722934871912003,0.0,0.9995870590209961
770,,,,,,,,-2.4526586532592773,2.9629629352712072e-05,-0.009099247865378857,0.0015800619730725884,0.08224010467529297,0.010283946990966797,1037.0,0.17154216766357422,92.30999755859375,1.5156581401824951,-0.004397509153932333,0.0201235581189394,0.0,0.9997637271881104
771,,,,,,,,-2.463313102722168,1.975308623514138e-05,-0.01915823295712471,0.00039816260687075555,0.07297158241271973,0.01024007797241211,1153.0,0.1714421510696411,92.30999755859375,1.5156581401824951,-0.003994521219283342,0.10653521865606308,0.0,0.9996015429496765
772,,,,,,,,-2.4666528701782227,0.0001500000071246177,-0.002121950965374708,0.001255459152162075,0.07613086700439453,0.009809017181396484,1117.0,0.17128685116767883,93.12999725341797,1.5827330350875854,-0.004339678678661585,0.0012767211301252246,0.0,0.9996095299720764
773,-0.004235520958900452,0.04707392677664757,0.0,0.9996290802955627,0.0,0.0,1.0,-2.475491762161255,2.9629629352712072e-05,-0.02164342999458313,0.0006214015884324908,0.0779261589050293,0.010272979736328125,1088.0,0.1710452288389206,93.12999725341797,1.5820304155349731,-0.004482607822865248,0.08591333776712418,0.0,0.9996033310890198
774,,,,,,,,-2.479567289352417,6.666666740784422e-05,-0.012499792501330376,0.002052830997854471,0.08416008949279785,0.012571096420288086,992.0,0.17107395827770233,93.9800033569336,1.6494967937469482,-0.004421245772391558,0.058083996176719666,0.0,0.9997380375862122
775,,,,,,,,-2.4820401668548584,2.9629629352712072e-05,-0.022605067119002342,0.0008730029803700745,0.0769960880279541,0.012443780899047852,1073.0,0.1709316521883011,93.9800033569336,1.6494967937469482,-0.004290474113076925,0.15067610144615173,0.0,0.9996723532676697
776,,,,,,,,-2.4900269508361816,2.9629629352712072e-05,-0.01786934584379196,0.0022216502111405134,0.08080196380615234,0.012617111206054688,1027.0,0.1707681268453598,93.9800033569336,1.6482152938842773,-0.003587256418541074,0.0112780025228858,0.0,0.9996430277824402
777,,,,,,,,-2.4956934452056885,9.999999747378752e-05,-0.009271401911973953,0.0004414582799654454,0.08316612243652344,0.012551069259643555,1002.0,0.17066635191440582,93.9800033569336,1.6485867500305176,-0.0043810331262648106,0.04676339030265808,0.0,0.9996301531791687
778,,,,,,,,-2.4972476959228516,2.9629629352712072e-05,-0.02098132111132145,0.0012125419452786446,0.08683896064758301,0.012567996978759766,965.0,0.17073990404605865,93.9800033569336,1.6479929685592651,-0.0047311061061918736,0.053604062646627426,0.0,0.9996933937072754
779,,,,,,,,-2.4957101345062256,0.0001500000071246177,-0.011201206594705582,0.0003071064129471779,0.08492016792297363,0.014932870864868164,961.0,0.17063526809215546,93.9800033569336,1.6479929685592651,-0.003939798101782799,0.07980016618967056,0.0,0.9997026324272156
780,,,,,,,,-2.509502649307251,4.444444493856281e-05,-0.028825251385569572,0.0012764473212882876,0.12848210334777832,0.019456148147583008,648.0,0.17011676728725433,94.83999633789062,1.71602463722229,-0.0040797037072479725,0.025204425677657127,0.0,0.9996135830879211
781,,,,,,,,-2.521538019180298,4.444444493856281e-05,-0.019493140280246735,0.0004793959087692201,0.09849190711975098,0.012100934982299805,868.0,0.16996891796588898,94.83999633789062,1.7154505252838135,-0.0041248369961977005,0.046673864126205444,0.0,0.9996306896209717
782,,,,,,,,-2.5232341289520264,4.444444493856281e-05,-0.00954083539545536,0.0012951031094416976,0.09816098213195801,0.016018152236938477,840.0,0.1699470728635788,94.83999633789062,1.7140898704528809,-0.004543122369796038,0.09313169121742249,0.0,0.9996342658996582
783,-0.003913013264536858,0.05793583765625954,0.0,0.9996745586395264,0.0,0.0,1.0,-2.5262372493743896,4.444444493856281e-05,-0.0215810164809227,0.0005303464713506401,0.09862780570983887,0.010827064514160156,877.0,0.16976292431354523,94.83999633789062,1.7139065265655518,-0.004901090171188116,0.07147795706987381,0.0,0.9997488856315613
784,,,,,,,,-2.5328824520111084,1.316872385359602e-05,-0.011974573135375977,0.0011165502946823835,0.07622241973876953,0.011134862899780273,1098.0,0.16974207758903503,94.83999633789062,1.7139065265655518,-0.003837199881672859,0.07362151890993118,0.0,0.9996077418327332
785,,,,,,,,-2.532360553741455,6.666666740784422e-05,-0.012828024104237556,0.000803067407105118,0.08357906341552734,0.010146856307983398,1024.0,0.1698024421930313,95.72000122070312,1.7828574180603027,-0.004016714170575142,0.03609781339764595,0.0,0.9996436238288879
786,,,,,,,,-2.529304027557373,1.316872385359602e-05,-0.017121192067861557,0.0015347000444307923,0.07544112205505371,0.011084794998168945,1109.0,0.1698746383190155,96.5999984741211,1.85150945186615,-0.004361514467746019,0.1399550586938858,0.0,0.9996200203895569
787,,,,,,,,-2.5262577533721924,0.0001500000071246177,-0.009573033079504967,0.0013513698941096663,0.08290719985961914,0.01043081283569336,1028.0,0.16996179521083832,96.5999984741211,1.8509817123413086,-0.004749583546072245,0.027437575161457062,0.0,0.9998195767402649
788,,,,,,,,-2.519113779067993,1.316872385359602e-05,-0.01649586856365204,0.0023472981993108988,0.0727391242980957,0.009797096252441406,1163.0,0.17005164921283722,96.5999984741211,1.8509817123413086,-0.004411798436194658,0.06223001703619957,0.0,0.9996461868286133
789,,,,,,,,-2.5196266174316406,0.0001500000071246177,-0.01790660060942173,2.979586124420166,0.0817253589630127,0.010579824447631836,1040.0,0.16980253159999847,96.58999633789062,1.8507554531097412,-0.0037648307625204325,3.871502849506214e-05,-2.6041667461395264,0.9996477961540222
790,,,,,,,,-2.5331666469573975,1.316872385359602e-05,-0.017068054527044296,0.00789381843060255,0.072113037109375,0.010732889175415039,1158.0,0.1696268767118454,96.58999633789062,1.8507554531097412,-0.004586628172546625,0.08289914578199387,0.0,0.9996199607849121
791,,,,,,,,-2.533888816833496,9.999999747378752e-05,-0.00852107536047697,3.197240114212036,0.0947728157043457,0.012135028839111328,897.0,0.16972990334033966,95.75,1.782120704650879,-0.00466234190389514,0.013821921311318874,-2.6041667461395264,0.999862015247345
792,,,,,,,,-2.5259597301483154,4.444444493856281e-05,-0.01697136089205742,0.006166599690914154,0.07894396781921387,0.010184288024902344,1077.0,0.1699775904417038,95.75,1.782120704650879,-0.00402165437117219,0.1092461347579956,0.0,0.9996354579925537
793,,,,,,,,-2.5176777839660645,2.9629629352712072e-05,-0.015439613722264767,0.0013545387191697955,0.07384204864501953,0.010113954544067383,1143.0,0.1701299548149109,95.75,1.7808417081832886,-0.0041639492847025394,0.028252677991986275,0.0,0.9996256828308105
794,,,,,,,,-2.5157315731048584,2.9629629352712072e-05,-0.012114956974983215,0.0020818368066102266,0.07618188858032227,0.01025700569152832,1110.0,0.17008209228515625,95.75,1.7808417081832886,-0.004565140698105097,0.07269985973834991,0.0,0.9996445178985596
795,,,,,,,,-2.5175492763519287,0.0001500000071246177,-0.012921788729727268,0.0007874365546740592,0.07841086387634277,0.010105133056640625,1084.0,0.17007718980312347,95.75,1.780250072479248,-0.003755580633878708,0.04255298897624016,0.0,0.9997207522392273
796,,,,,,,,-2.5156607627868652,1.975308623514138e-05,-0.01834372989833355,0.0015068688662722707,0.07632160186767578,0.009896278381347656,1113.0,0.17010672390460968,95.75,1.780250072479248,-0.004048699513077736,0.07513502240180969,0.0,0.9996935725212097
797,,,,,,,,-2.515355110168457,6.666666740784422e-05,-0.007270867936313152,0.0009038187563419342,0.07218503952026367,0.010098934173583984,1166.0,0.17011161148548126,95.75,1.780250072479248,-0.0038309700321406126,0.02899518609046936,0.0,0.999626636505127
798,-0.0037799039855599403,0.05532050505280495,0.0,0.9996867179870605,0.0,0.0,2.0,-2.5132453441619873,1.975308623514138e-05,-0.02265593409538269,0.003538837656378746,0.07697176933288574,0.010981082916259766,1091.0,0.1702021211385727,95.75,1.7797764539718628,-0.004243429284542799,0.06321799010038376,0.0,0.9996955394744873
799,,,,,,,,-2.5088212490081787,6.666666740784422e-05,-0.007257441524416208,0.002010284923017025,0.07780194282531738,0.009961843490600586,1093.0,0.17039254307746887,95.75,1.7793821096420288,-0.004021668806672096,0.11232876777648926,0.0,0.9996938109397888
800,,,,,,,,-2.4974920749664307,2.9629629352712072e-05,-0.025527849793434143,0.0014930651523172855,0.0791168212890625,0.00993204116821289,1078.0,0.17069686949253082,95.75,1.77822744846344,-0.004612265154719353,0.06166476011276245,0.0,0.9997100234031677
801,,,,,,,,-2.4902052879333496,4.444444493856281e-05,-0.015268766321241856,0.000760408176574856,0.07408380508422852,0.010748147964477539,1131.0,0.17078456282615662,95.75,1.77822744846344,-0.004215841647237539,0.04866442084312439,0.0,0.9996246695518494
802,,,,,,,,-2.488776922225952,1.975308623514138e-05,-0.017005816102027893,0.0022166725248098373,0.07812094688415527,0.010356903076171875,1085.0,0.17079202830791473,95.75,1.7784814834594727,-0.004592109005898237,0.028019217774271965,0.0,0.9997074604034424
803,,,,,,,,-2.4895272254943848,4.444444493856281e-05,-0.016132108867168427,0.0018594498978927732,0.07487702369689941,0.01001119613647461,1130.0,0.1707565188407898,95.75,1.7774722576141357,-0.004236589185893536,0.10520702600479126,0.0,0.9996582865715027
804,,,,,,,,-2.490494728088379,4.444444493856281e-05,-0.014703860506415367,2.8419930934906006,0.08337116241455078,0.0101470947265625,1026.0,0.17076008021831512,94.88999938964844,1.7090814113616943,-0.004722475539892912,0.0018846569582819939,-2.6041667461395264,0.9998035430908203
805,,,,,,,,-2.4891645908355713,1.316872385359602e-05,-0.035323791205883026,0.004337017890065908,0.07419610023498535,0.010065078735351562,1139.0,0.17078222334384918,94.88999938964844,1.7090814113616943,-0.004098393488675356,0.11233130097389221,0.0,0.9996228814125061
806,,,,,,,,-2.487220287322998,9.999999747378752e-05,-0.015896450728178024,0.0009607806568965316,0.07702183723449707,0.010148048400878906,1101.0,0.17094185948371887,94.88999938964844,1.708017110824585,-0.004792455118149519,0.0018067831406369805,0.0,0.9997775554656982
807,,,,,,,,-2.475541114807129,1.975308623514138e-05,-0.018624624237418175,0.002556738443672657,0.07509708404541016,0.010615110397338867,1120.0,0.17122824490070343,94.88999938964844,1.708017110824585,-0.004296473227441311,0.149521142244339,0.0,0.9996144771575928
808,,,,,,,,-2.46854829788208,0.0001500000071246177,-0.014088946394622326,0.0009881636360660195,0.07978701591491699,0.010093212127685547,1068.0,0.17137236893177032,94.88999938964844,1.7066231966018677,-0.004007935058325529,0.00019674938812386245,0.0,0.9997141361236572
809,,,,,,,,-2.4618515968322754,2.9629629352712072e-05,-0.012372719123959541,1.7284578084945679,0.0758810043334961,0.009623050689697266,1122.0,0.17159071564674377,94.02999877929688,1.6385475397109985,-0.003722207620739937,0.07414557784795761,-2.6041667461395264,0.9996363520622253
810,,,,,,,,-2.4581518173217773,9.999999747378752e-05,-0.015894772484898567,0.002151483204215765,0.0779731273651123,0.010365962982177734,1086.0,0.17160090804100037,94.02999877929688,1.638127326965332,-0.004928769078105688,0.06988143920898438,0.0,0.9997698664665222
811,,,,,,,,-2.4633753299713135,4.444444493856281e-05,-0.016181405633687973,0.0024970434606075287,0.0739278793334961,0.0107879638671875,1133.0,0.1713964194059372,94.02999877929688,1.638127326965332,-0.004155188333243132,0.09322472661733627,0.0,0.999713122844696
812,,,,,,,,-2.4705567359924316,4.444444493856281e-05,-0.01683291606605053,0.0011495553189888597,0.07800865173339844,0.010230064392089844,1087.0,0.17125649750232697,94.02999877929688,1.6382097005844116,-0.004359284415841103,0.0011727128876373172,0.0,0.999695360660553
813,,,,,,,,-2.4802985191345215,6.666666740784422e-05,-0.026242045685648918,0.0026530632749199867,0.07732796669006348,0.010436058044433594,1093.0,0.1707039177417755,94.02999877929688,1.638900876045227,-0.0042646643705666065,0.06279411166906357,0.0,0.9996601939201355
814,,,,,,,,-2.502265214920044,1.316872385359602e-05,-0.016286134719848633,0.0013396418653428555,0.07799673080444336,0.010901451110839844,1079.0,0.17043356597423553,94.02999877929688,1.6384845972061157,-0.004856961313635111,0.059354737401008606,0.0,0.9997625350952148
815,,,,,,,,-2.507708787918091,6.666666740784422e-05,-0.015916723757982254,0.00551051227375865,0.08068990707397461,0.01275491714477539,1027.0,0.17031028866767883,94.02999877929688,1.6384845972061157,-0.004157049115747213,0.12463579326868057,0.0,0.999764621257782
816,,,,,,,,-2.5167274475097656,4.444444493856281e-05,-0.004511752165853977,0.0017864059191197157,0.08367371559143066,0.011820077896118164,1005.0,0.17004576325416565,94.02999877929688,1.6385561227798462,-0.004193759057670832,0.015450913459062576,0.0,0.9997089505195618
817,,,,,,,,-2.5234599113464355,2.9629629352712072e-05,-0.01502255629748106,0.002094633411616087,0.08608102798461914,0.01154780387878418,983.0,0.16998246312141418,94.86000061035156,1.7059773206710815,-0.003983417991548777,0.03752975910902023,0.0,0.9996389746665955
818,,,,,,,,-2.525724172592163,4.444444493856281e-05,-0.021676955744624138,0.0017383276717737317,0.07492780685424805,0.010624885559082031,1122.0,0.16989591717720032,94.86000061035156,1.705742597579956,-0.004050517454743385,0.057944029569625854,0.0,0.9997023940086365
819,,,,,,,,-2.5293047428131104,2.9629629352712072e-05,-0.007461166940629482,0.004203372169286013,0.07593989372253418,0.009849071502685547,1119.0,0.1698283851146698,94.86000061035156,1.705742597579956,-0.003731022821739316,0.09232433885335922,0.0,0.9998112320899963
820,,,,,,,,-2.5315208435058594,0.0001500000071246177,-0.003163494635373354,0.001994746271520853,0.07429003715515137,0.010360956192016602,1134.0,0.16973868012428284,94.86000061035156,1.7048978805541992,-0.004054586868733168,0.04473820701241493,0.0,0.9996982216835022
821,,,,,,,,-2.533888816833496,2.9629629352712072e-05,-0.037406470626592636,0.0017816650215536356,0.07990908622741699,0.009890079498291016,1069.0,0.16969060897827148,94.86000061035156,1.703865647315979,-0.0039122807793319225,0.023146169260144234,0.0,0.99966961145401
822,,,,,,,,-2.5370678901672363,2.9629629352712072e-05,-0.014946297742426395,0.003813968040049076,0.07266092300415039,0.010220766067504883,1158.0,0.1695793867111206,94.86000061035156,1.703865647315979,-0.004171137232333422,0.10605630278587341,0.0,0.9996933341026306
823,-0.0038863809313625097,0.06548724323511124,0.0,0.9997251033782959,0.0,0.0,2.0,-2.540524959564209,2.9629629352712072e-05,-0.020080504938960075,0.004362958483397961,0.07815909385681152,0.010416984558105469,1083.0,0.169576957821846,94.86000061035156,1.703071117401123,-0.004068179987370968,0.07113635540008545,0.0,0.9998411536216736
824,,,,,,,,-2.540806293487549,2.9629629352712072e-05,-0.005259242374449968,0.002080353442579508,0.0773000717163086,0.010899782180786133,1088.0,0.1695355325937271,94.86000061035156,1.703071117401123,-0.0038431938737630844,0.07996682822704315,0.0,0.9997079968452454
825,,,,,,,,-2.5392329692840576,9.999999747378752e-05,-0.018943093717098236,0.0024269092828035355,0.07982587814331055,0.01005697250366211,1068.0,0.16979463398456573,95.72000122070312,1.7708131074905396,-0.00421519810333848,0.0282957274466753,0.0,0.9997269511222839
826,,,,,,,,-2.5228140354156494,6.666666740784422e-05,-0.010551726445555687,0.0013882159255445004,0.07596302032470703,0.010289907455444336,1113.0,0.17020857334136963,95.72000122070312,1.7708131074905396,-0.004048133734613657,0.10081581026315689,0.0,0.9997367858886719
827,,,,,,,,-2.513491153717041,4.444444493856281e-05,-0.02097175642848015,0.0028207991272211075,0.07929396629333496,0.010565042495727539,1068.0,0.17018795013427734,96.55000305175781,1.8389414548873901,-0.0038627253379672766,0.05362920090556145,0.0,0.9998595118522644
828,,,,,,,,-2.5170130729675293,6.666666740784422e-05,-0.008927877061069012,0.0022931925486773252,0.07652997970581055,0.009962081909179688,1109.0,0.17001816630363464,96.55000305175781,1.8389414548873901,-0.00464373454451561,0.10688770562410355,0.0,0.9997220039367676
829,,,,,,,,-2.5235419273376465,1.975308623514138e-05,-0.019062982872128487,0.0008078107493929565,0.07797574996948242,0.010838985443115234,1080.0,0.169968381524086,96.55000305175781,1.8397483825683594,-0.004344875458627939,0.002103445352986455,0.0,0.9997415542602539
830,-0.004416612442582846,0.049406133592128754,0.0,0.9997573494911194,0.0,0.0,1.0,-2.5239577293395996,6.666666740784422e-05,-0.008406033739447594,0.0006780917174182832,0.07722592353820801,0.010133981704711914,1098.0,0.17001502215862274,96.55000305175781,1.8394910097122192,-0.004226083401590586,0.08148893713951111,0.0,0.9997259974479675
831,,,,,,,,-2.520491123199463,4.444444493856281e-05,-0.014980489388108253,0.0007015670416876674,0.07835793495178223,0.010946989059448242,1074.0,0.17005743086338043,96.55000305175781,1.8394232988357544,-0.004368186462670565,0.03292083740234375,0.0,0.9998555779457092
832,,,,,,,,-2.521296501159668,1.975308623514138e-05,-0.023320619016885757,0.0008965781307779253,0.07329607009887695,0.009716987609863281,1156.0,0.16998779773712158,96.55000305175781,1.8394232988357544,-0.004114530049264431,0.14127515256404877,0.0,0.9997323155403137
833,,,,,,,,-2.523390769958496,4.444444493856281e-05,-0.014429371803998947,0.000985405989922583,0.07754659652709961,0.00979924201965332,1099.0,0.1699468046426773,96.55000305175781,1.8392047882080078,-0.004122138023376465,0.00011483420530566946,0.0,0.9997671246528625
834,,,,,,,,-2.524996280670166,2.9629629352712072e-05,-0.021243223920464516,3.4025444984436035,0.07931184768676758,0.009689092636108398,1078.0,0.1699611097574234,95.69999694824219,1.770836353302002,-0.0042763627134263515,0.059892814606428146,-2.6041667461395264,0.9997305274009705
835,,,,,,,,-2.5254814624786377,4.444444493856281e-05,-0.026401128619909286,0.0026035646442323923,0.08158493041992188,0.009911060333251953,1049.0,0.1698826551437378,95.69999694824219,1.7707408666610718,-0.004331940319389105,0.03683776035904884,0.0,0.9998354315757751
836,,,,,,,,-2.532306671142578,2.9629629352712072e-05,-0.021413803100585938,0.0015333278570324183,0.07293581962585449,0.01029515266418457,1153.0,0.16970661282539368,95.69999694824219,1.7707408666610718,-0.004058238118886948,0.1014554426074028,0.0,0.9998002052307129
837,,,,,,,,-2.535904884338379,6.666666740784422e-05,-0.017111236229538918,0.0014248593943193555,0.07816100120544434,0.00973200798034668,1092.0,0.16982463002204895,95.69999694824219,1.77079439163208,-0.004038445185869932,0.0007755437982268631,0.0,0.9998107552528381
838,,,,,,,,-2.526329517364502,2.9629629352712072e-05,-0.008638505823910236,0.0008905974100343883,0.07527279853820801,0.010283231735229492,1122.0,0.17006003856658936,95.69999694824219,1.770693063735962,-0.004296113271266222,0.05955325439572334,0.0,0.999705970287323
839,,,,,,,,-2.5206949710845947,1.975308623514138e-05,-0.017234299331903458,0.0010604698909446597,0.08194494247436523,0.010586261749267578,1037.0,0.17006050050258636,95.69999694824219,1.7697678804397583,-0.004158921539783478,0.030034497380256653,0.0,0.9998447299003601
840,,,,,,,,-2.5209460258483887,2.9629629352712072e-05,-0.021178197115659714,0.001182778854854405,0.07527589797973633,0.01006007194519043,1124.0,0.17005984485149384,95.69999694824219,1.7697678804397583,-0.004010830074548721,0.1316782832145691,0.0,0.9998364448547363
841,,,,,,,,-2.5226173400878906,2.9629629352712072e-05,-0.0078823771327734,0.0009601262281648815,0.0761420726776123,0.009731054306030273,1117.0,0.1699349582195282,95.69999694824219,1.7699394226074219,-0.0042442562989890575,0.0062544033862650394,0.0,0.9998483657836914
842,,,,,,,,-2.529799222946167,6.666666740784422e-05,-0.013188648037612438,0.0005572953959926963,0.07580375671386719,0.009556055068969727,1124.0,0.1697068214416504,95.69999694824219,1.7699394226074219,-0.004301479551941156,0.04420793056488037,0.0,0.9997466206550598
843,,,,,,,,-2.539405345916748,4.444444493856281e-05,-0.016662342473864555,0.0025189006701111794,0.07861018180847168,0.009772062301635742,1086.0,0.1694888174533844,95.69999694824219,1.768983244895935,-0.004312237724661827,0.05197151377797127,0.0,0.9998311996459961
844,,,,,,,,-2.5432889461517334,2.9629629352712072e-05,-0.012829767540097237,2.7413079738616943,0.08208799362182617,0.009624004364013672,1046.0,0.1695779412984848,94.81999969482422,1.7001087665557861,-0.0040677632205188274,0.10847699642181396,-2.6041667461395264,0.9998728632926941
845,,,,,,,,-2.5370004177093506,4.444444493856281e-05,-0.032659802585840225,0.002571368357166648,0.07551383972167969,0.010226964950561523,1119.0,0.16979940235614777,94.81999969482422,1.7000010013580322,-0.004416415933519602,0.07111256569623947,0.0,0.9998275637626648
846,,,,,,,,-2.5302982330322266,2.9629629352712072e-05,-0.008920636028051376,0.002726617967709899,0.07782387733459473,0.00978994369506836,1095.0,0.16993489861488342,94.81999969482422,1.7000010013580322,-0.0042458283714950085,0.0679788663983345,0.0,0.9998062252998352
847,,,,,,,,-2.529191017150879,4.444444493856281e-05,-0.0147035401314497,3.2863614559173584,0.07933902740478516,0.010101079940795898,1073.0,0.16988351941108704,93.97000122070312,1.6327799558639526,-0.004574688617140055,0.04457278549671173,-2.6041667461395264,0.9997963905334473
848,-0.0029761611949652433,0.03786582127213478,-0.8333333134651184,0.7198784351348877,0.0,0.3333333432674408,0.6666666865348816,-2.5306384563446045,6.666666740784422e-05,-0.008215762674808502,3.1956405639648438,0.09128689765930176,0.01068425178527832,941.0,0.1701049506664276,93.12999725341797,1.5650662183761597,-0.003971828613430262,0.0397159643471241,-2.6041667461395264,0.9998838305473328
849,,,,,,,,-2.5183823108673096,0.00022499999613501132,-0.01066683977842331,4.299155235290527,0.0873410701751709,0.01020503044128418,984.0,0.17047841846942902,91.37999725341797,1.4272600412368774,-0.004024948924779892,0.08734539896249771,-5.208333492279053,0.9998660087585449
850,,,,,,,,-2.5131468772888184,4.444444493856281e-05,-0.029090100899338722,4.328800201416016,0.08776283264160156,0.010065078735351562,981.0,0.17052172124385834,89.66000366210938,1.291773796081543,-0.003934379201382399,0.002701960736885667,-5.208333492279053,0.9999071955680847
851,,,,,,,,-2.5091464519500732,4.444444493856281e-05,-0.009269868023693562,3.4979538917541504,0.08329010009765625,0.009861946105957031,1030.0,0.17077681422233582,87.9000015258789,1.1545910835266113,-0.0043837265111505985,0.09981417655944824,-5.208333492279053,0.9998051524162292
852,,,,,,,,-2.5029191970825195,4.444444493856281e-05,-0.021397974342107773,2.0571441650390625,0.08538699150085449,0.00972604751586914,1009.0,0.17079317569732666,87.0199966430664,1.085638403892517,-0.004367481451481581,0.10219482332468033,-2.6041667461395264,0.9998747706413269
853,,,,,,,,-2.504030466079712,2.9629629352712072e-05,-0.012875936925411224,5.973756313323975,0.08647513389587402,0.00960993766784668,999.0,0.17075686156749725,83.52999877929688,0.8118835091590881,-0.00441434932872653,0.008001883514225483,-10.416666984558105,0.9998889565467834
854,,,,,,,,-2.504237174987793,2.9629629352712072e-05,-0.02506849728524685,1.6730461120605469,0.08222389221191406,0.009822845458984375,1042.0,0.1708216667175293,82.62999725341797,0.7437507510185242,-0.0045624468475580215,0.18057483434677124,-2.6041667461395264,0.9998219013214111
855,,,,,,,,-2.49812388420105,2.9629629352712072e-05,-0.015574510209262371,0.03072996996343136,0.08059215545654297,0.010251998901367188,1056.0,0.17100733518600464,82.62999725341797,0.7448868155479431,-0.003882985794916749,0.07001051306724548,0.0,0.9998595118522644
856,,,,,,,,-2.490562915802002,9.999999747378752e-05,-0.007718830835074186,0.030679836869239807,0.0788111686706543,0.010524749755859375,1074.0,0.17112214863300323,82.62999725341797,0.7448868155479431,-0.004093145485967398,0.09880121797323227,0.0,0.9998032450675964
857,,,,,,,,-2.4842610359191895,2.9629629352712072e-05,-0.00832277350127697,0.006590021774172783,0.07803201675415039,0.010302066802978516,1086.0,0.1711864471435547,82.62999725341797,0.7456740736961365,-0.00414264714345336,0.02506033517420292,0.0,0.9997930526733398
858,-0.004448902793228626,0.09792876988649368,0.0,0.9998078346252441,0.0,0.0,1.0,-2.476731777191162,2.9629629352712072e-05,-0.019094642251729965,0.03515911102294922,0.07776379585266113,0.009654045104980469,1098.0,0.17144182324409485,82.62999725341797,0.7465462684631348,-0.004680372774600983,0.08224748820066452,0.0,0.9997822642326355
859,,,,,,,,-2.4685609340667725,2.9629629352712072e-05,-0.014712651260197163,0.020025696605443954,0.07906699180603027,0.009762048721313477,1080.0,0.17149955034255981,82.62999725341797,0.7468527555465698,-0.0039552380330860615,0.07623333483934402,0.0,0.9998526573181152
860,-0.004375739488750696,0.09952359646558762,0.0,0.9998056888580322,0.0,0.0,1.0,-2.4678752422332764,1.975308623514138e-05,-0.025898147374391556,0.018983392044901848,0.08018803596496582,0.010053157806396484,1063.0,0.17151473462581635,82.62999725341797,0.7477461695671082,-0.004283014219254255,0.07940243929624557,0.0,0.9998199343681335
861,,,,,,,,-2.4663398265838623,1.975308623514138e-05,-0.016343625262379646,0.004067638888955116,0.07552099227905273,0.010170698165893555,1120.0,0.17158672213554382,82.62999725341797,0.7478414177894592,-0.0042822700925171375,0.024406520649790764,0.0,0.9997830390930176
862,,,,,,,,-2.4635558128356934,2.9629629352712072e-05,-0.014043278992176056,0.03373618796467781,0.08082818984985352,0.0101318359375,1055.0,0.17166557908058167,82.62999725341797,0.7478656768798828,-0.004480954259634018,0.09662273526191711,0.0,0.9998041987419128
863,,,,,,,,-2.46187162399292,4.444444493856281e-05,-0.017518704757094383,0.011195464991033077,0.08142709732055664,0.010334014892578125,1046.0,0.1716764271259308,82.62999725341797,0.7481805682182312,-0.004594205413013697,0.11119559407234192,0.0,0.9998331665992737
864,,,,,,,,-2.459678888320923,1.975308623514138e-05,-0.016115685924887657,0.013010800816118717,0.07993507385253906,0.0098419189453125,1069.0,0.17177370190620422,82.62999725341797,0.7474436163902283,-0.005025412421673536,0.07711568474769592,0.0,0.99983149766922
865,,,,,,,,-2.4572558403015137,6.666666740784422e-05,-0.017347076907753944,0.0033985739573836327,0.07499504089355469,0.009896993637084961,1130.0,0.17182108759880066,82.62999725341797,0.7474436163902283,-0.0040769316256046295,0.03804074972867966,0.0,0.9997645020484924
866,,,,,,,,-2.4565346240997314,6.666666740784422e-05,-0.01387648843228817,0.022423142567276955,0.08246397972106934,0.009773731231689453,1040.0,0.17188546061515808,82.62999725341797,0.7488579750061035,-0.0044983928091824055,0.0421067476272583,0.0,0.9998226165771484
867,,,,,,,,-2.458456516265869,6.666666740784422e-05,-0.028414344415068626,0.009767669253051281,0.08045601844787598,0.010174989700317383,1059.0,0.1718241423368454,82.62999725341797,0.7490891814231873,-0.004528772551566362,0.11507705599069595,0.0,0.99982088804245
868,,,,,,,,-2.4601681232452393,6.666666740784422e-05,-0.020048033446073532,0.012538290582597256,0.0795588493347168,0.010450124740600586,1066.0,0.17189890146255493,82.62999725341797,0.7493197321891785,-0.004368218127638102,0.10977844148874283,0.0,0.9998493194580078
869,,,,,,,,-2.457768678665161,2.9629629352712072e-05,-0.024216752499341965,0.003087818855419755,0.0749211311340332,0.010009765625,1130.0,0.17194198071956635,82.62999725341797,0.7493197321891785,-0.004235945641994476,0.06431011110544205,0.0,0.9997550845146179
870,,,,,,,,-2.4607620239257812,6.666666740784422e-05,-0.01206252072006464,0.012690527364611626,0.08244609832763672,0.009900093078613281,1039.0,0.17168574035167694,82.62999725341797,0.7495228052139282,-0.004849753808230162,0.010312016122043133,0.0,0.9997904896736145
871,,,,,,,,-2.479022979736328,4.444444493856281e-05,-0.021281767636537552,0.009904053993523121,0.07878303527832031,0.010176897048950195,1079.0,0.17124469578266144,82.62999725341797,0.7505911588668823,-0.0048713721334934235,0.14985497295856476,0.0,0.9997461438179016
872,,,,,,,,-2.4913249015808105,4.444444493856281e-05,-0.03294750303030014,0.008183207362890244,0.07924461364746094,0.010917186737060547,1064.0,0.17117100954055786,82.62999725341797,0.7506920695304871,-0.00436460180208087,0.06320007890462875,0.0,0.9998301863670349
873,,,,,,,,-2.4941823482513428,2.9629629352712072e-05,-0.02331344410777092,0.006210579536855221,0.07484126091003418,0.009955883026123047,1132.0,0.17102162539958954,82.62999725341797,0.7506920695304871,-0.004221840761601925,0.10361137241125107,0.0,0.9997243881225586
874,,,,,,,,-2.4987378120422363,1.975308623514138e-05,-0.017754090949892998,0.01201769057661295,0.08072185516357422,0.009922027587890625,1059.0,0.17094479501247406,82.62999725341797,0.7503167986869812,-0.004352024290710688,0.0016516012838110328,0.0,0.9997561573982239
875,,,,,,,,-2.4995498657226562,4.444444493856281e-05,-0.020294133573770523,0.011769218370318413,0.07733798027038574,0.00991201400756836,1100.0,0.17096176743507385,83.5199966430664,0.819264829158783,-0.004401999060064554,0.18837331235408783,0.0,0.9997499585151672
876,,,,,,,,-2.4989163875579834,1.975308623514138e-05,-0.01715042069554329,0.00871154572814703,0.07875466346740723,0.010446310043334961,1076.0,0.17097005248069763,83.5199966430664,0.819658100605011,-0.00423129228875041,0.05218322575092316,0.0,0.9998259544372559
877,,,,,,,,-2.4974937438964844,0.00022499999613501132,-0.007182478904724121,0.004629349336028099,0.07537102699279785,0.009843826293945312,1126.0,0.17106293141841888,83.5199966430664,0.819658100605011,-0.004027445334941149,0.058008018881082535,0.0,0.999714195728302
878,,,,,,,,-2.4903512001037598,9.999999747378752e-05,-0.010846889577805996,0.0060045234858989716,0.07896018028259277,0.009990930557250977,1079.0,0.17135357856750488,83.5199966430664,0.8217822909355164,-0.0036888306494802237,0.004196325782686472,0.0,0.9997140765190125
879,,,,,,,,-2.476228713989258,2.9629629352712072e-05,-0.033287905156612396,0.008368441835045815,0.07644104957580566,0.010231971740722656,1107.0,0.1717159003019333,84.36000061035156,0.8894784450531006,-0.004492559004575014,0.14578041434288025,0.0,0.9997203946113586
880,,,,,,,,-2.4689812660217285,6.666666740784422e-05,-0.014677686616778374,0.012429389171302319,0.07910394668579102,0.010133028030395508,1075.0,0.1717418134212494,84.36000061035156,0.8896552920341492,-0.004448114428669214,0.07836208492517471,0.0,0.9998225569725037
881,,,,,,,,-2.4693877696990967,1.316872385359602e-05,-0.03402280434966087,0.0070960200391709805,0.07850790023803711,0.010224342346191406,1081.0,0.1717667281627655,84.36000061035156,0.8896552920341492,-0.0042410860769450665,0.10697682946920395,0.0,0.9997455477714539
882,,,,,,,,-2.46728253364563,0.0001500000071246177,-0.010794103145599365,0.0034535673912614584,0.0796658992767334,0.010432004928588867,1065.0,0.17192085087299347,84.36000061035156,0.8906252384185791,-0.004532404709607363,0.034515246748924255,0.0,0.9996984004974365
883,-0.0044066570699214935,0.06338334083557129,0.0,0.9997373819351196,0.0,0.0,1.0,-2.4499974250793457,4.444444493856281e-05,-0.02308519557118416,0.012310277670621872,0.0768730640411377,0.010486841201782227,1098.0,0.1723916083574295,84.36000061035156,0.8908644318580627,-0.004318388178944588,0.09132856130599976,0.0,0.9997286200523376
884,,,,,,,,-2.4339754581451416,2.9629629352712072e-05,-0.019137587398290634,0.012941005639731884,0.07782411575317383,0.00976109504699707,1096.0,0.1725536733865738,84.36000061035156,0.8911646008491516,-0.004374861717224121,0.09961461275815964,0.0,0.9998137950897217
885,-0.004508988931775093,0.09437306970357895,0.0,0.9997327327728271,0.0,0.0,1.0,-2.4286134243011475,1.975308623514138e-05,-0.018873952329158783,0.007512986660003662,0.07951784133911133,0.00997304916381836,1072.0,0.17264118790626526,84.36000061035156,0.8920318484306335,-0.003946331795305014,0.09607788175344467,0.0,0.9997588992118835
886,,,,,,,,-2.4245173931121826,2.9629629352712072e-05,-0.01683644950389862,0.0022628088481724262,0.07333564758300781,0.009702205657958984,1156.0,0.17273733019828796,84.36000061035156,0.8918322324752808,-0.003630624385550618,0.03578030318021774,0.0,0.9996841549873352
887,,,,,,,,-2.4183733463287354,1.975308623514138e-05,-0.019943807274103165,0.013124613091349602,0.08039593696594238,0.009855031967163086,1063.0,0.1729363054037094,84.36000061035156,0.8927303552627563,-0.004690900910645723,0.08750724792480469,0.0,0.9997404217720032
888,,,,,,,,-2.410290241241455,1.975308623514138e-05,-0.021715443581342697,0.008765969425439835,0.07794022560119629,0.010065793991088867,1090.0,0.1730787605047226,84.36000061035156,0.8937157392501831,-0.0044969916343688965,0.08871304243803024,0.0,0.9998015761375427
889,,,,,,,,-2.406412124633789,1.975308623514138e-05,-0.030999334529042244,0.008390460163354874,0.07988786697387695,0.009888887405395508,1069.0,0.17308875918388367,84.36000061035156,0.8933396935462952,-0.004278474487364292,0.10425129532814026,0.0,0.9997919201850891
890,,,,,,,,-2.4078176021575928,2.9629629352712072e-05,-0.008662942796945572,0.001847173785790801,0.07413792610168457,0.009820938110351562,1143.0,0.1730024665594101,84.36000061035156,0.8933396935462952,-0.0037563082296401262,0.03879858925938606,0.0,0.999666154384613
891,,,,,,,,-2.4143385887145996,4.444444493856281e-05,-0.019256900995969772,0.011242466047406197,0.08058595657348633,0.009756326675415039,1062.0,0.1727616786956787,84.36000061035156,0.8938684463500977,-0.004308856558054686,0.02579593099653721,0.0,0.999739944934845
892,,,,,,,,-2.426781177520752,6.666666740784422e-05,-0.01462890487164259,0.005044650286436081,0.0793297290802002,0.009925127029418945,1075.0,0.1723840981721878,84.36000061035156,0.8945842981338501,-0.004359673708677292,0.14218242466449738,0.0,0.999764621257782
893,,,,,,,,-2.4369490146636963,4.444444493856281e-05,-0.02442946657538414,0.004684192128479481,0.07966279983520508,0.010586261749267578,1063.0,0.17226257920265198,85.22000122070312,0.9627999663352966,-0.004210104700177908,0.10167098045349121,0.0,0.9998068809509277
894,,,,,,,,-2.440080165863037,2.9629629352712072e-05,-0.01782127469778061,0.0016852859407663345,0.07376527786254883,0.010519027709960938,1139.0,0.17210520803928375,85.22000122070312,0.9627999663352966,-0.004072665236890316,0.06852506846189499,0.0,0.9996888637542725
895,,,,,,,,-2.4516170024871826,0.00022499999613501132,-0.008653094992041588,0.008118613623082638,0.08073687553405762,0.009570837020874023,1063.0,0.171413853764534,85.22000122070312,0.9634895920753479,-0.004475731868296862,0.010619637556374073,0.0,0.9997444748878479
896,,,,,,,,-2.487172842025757,4.444444493856281e-05,-0.035695601254701614,0.0046289945021271706,0.07731914520263672,0.009717941284179688,1102.0,0.17079317569732666,85.22000122070312,0.96430903673172,-0.00446786405518651,0.14485542476177216,0.0,0.9997450709342957
897,,,,,,,,-2.498077630996704,4.444444493856281e-05,-0.021440638229250908,0.004869393538683653,0.07927703857421875,0.010421991348266602,1070.0,0.1706329584121704,85.22000122070312,0.9645665287971497,-0.004384014289826155,0.0588373988866806,0.0,0.9998173713684082
898,,,,,,,,-2.5062577724456787,4.444444493856281e-05,-0.019870739430189133,0.0018718177452683449,0.0764610767364502,0.010038137435913086,1109.0,0.17039372026920319,85.22000122070312,0.9645665287971497,-0.00404746038839221,0.09503493458032608,0.0,0.9996790885925293
899,,,,,,,,-2.5154268741607666,4.444444493856281e-05,-0.018573833629488945,0.004487568512558937,0.07991313934326172,0.009616851806640625,1072.0,0.17022454738616943,86.08000183105469,1.0335290431976318,-0.004195177461951971,0.0016361946472898126,0.0,0.9997013211250305
900,,,,,,,,-2.5198841094970703,4.444444493856281e-05,-0.025571396574378014,0.002699103206396103,0.0763401985168457,0.010235786437988281,1108.0,0.170197993516922,86.08000183105469,1.0329214334487915,-0.004755678121000528,0.14629815518856049,0.0,0.9997237324714661
901,,,,,,,,-2.5189452171325684,2.9629629352712072e-05,-0.025452205911278725,0.003308567451313138,0.07945799827575684,0.009718179702758789,1076.0,0.17027661204338074,86.08000183105469,1.0337058305740356,-0.0043302979320287704,0.061404164880514145,0.0,0.9998095631599426
902,,,,,,,,-2.5164923667907715,4.444444493856281e-05,-0.019327670335769653,0.0013823676854372025,0.07517790794372559,0.011305093765258789,1110.0,0.1702727973461151,86.08000183105469,1.0337058305740356,-0.0041682422161102295,0.06728346645832062,0.0,0.9996952414512634
903,,,,,,,,-2.5191807746887207,4.444444493856281e-05,-0.017704034224152565,0.002274469006806612,0.0801701545715332,0.009908914566040039,1065.0,0.16999505460262299,86.08000183105469,1.0341778993606567,-0.004337250255048275,0.005298686679452658,0.0,0.9996902942657471
904,,,,,,,,-2.524158477783203,4.444444493856281e-05,-0.02355419658124447,0.0025115846656262875,0.07683300971984863,0.010246038436889648,1102.0,0.1701282411813736,86.08000183105469,1.034363031387329,-0.004359425976872444,0.11021087318658829,0.0,0.9997084736824036
905,,,,,,,,-2.5158026218414307,6.666666740784422e-05,-0.015534935519099236,0.0022464089561253786,0.08094906806945801,0.010175943374633789,1053.0,0.17030084133148193,86.08000183105469,1.0342800617218018,-0.005042275879532099,0.05341329053044319,0.0,0.999828040599823
906,,,,,,,,-2.515552043914795,4.444444493856281e-05,-0.020181842148303986,0.0020526652224361897,0.0780789852142334,0.010026931762695312,1089.0,0.17026254534721375,86.08000183105469,1.0342800617218018,-0.004219401627779007,0.07818887382745743,0.0,0.9997288584709167
907,,,,,,,,-2.5158650875091553,6.666666740784422e-05,-0.013199495151638985,0.0008968220790848136,0.07686114311218262,0.009707927703857422,1108.0,0.17034544050693512,86.08000183105469,1.0343600511550903,-0.00440015085041523,0.018942246213555336,0.0,0.9996883869171143
908,-0.004480089992284775,0.06721363216638565,0.0,0.9997479915618896,0.0,0.0,1.0,-2.508660316467285,2.9629629352712072e-05,-0.015999939292669296,0.0024100651498883963,0.07729983329772949,0.009493112564086914,1106.0,0.17048867046833038,86.08000183105469,1.034785509109497,-0.004397878888994455,0.08588317781686783,0.0,0.9997262954711914
909,,,,,,,,-2.5024325847625732,6.666666740784422e-05,-0.024858321994543076,0.002812165068462491,0.07829475402832031,0.009715080261230469,1090.0,0.17070594429969788,86.08000183105469,1.0341259241104126,-0.004010889213532209,0.06284061819314957,0.0,0.9998224377632141
910,-0.004371593240648508,0.06906885653734207,0.0,0.9997499585151672,0.0,0.0,1.0,-2.4923136234283447,2.9629629352712072e-05,-0.018022112548351288,0.0025711338967084885,0.07838678359985352,0.009643077850341797,1090.0,0.17086228728294373,86.08000183105469,1.0345423221588135,-0.004678418394178152,0.07283655554056168,0.0,0.9997727274894714
911,,,,,,,,-2.4888112545013428,9.999999747378752e-05,-0.006991832982748747,0.0013114032335579395,0.07562923431396484,0.010109901428222656,1119.0,0.17090125381946564,86.08000183105469,1.0349266529083252,-0.0041786073707044125,0.03399938344955444,0.0,0.9996982216835022
912,,,,,,,,-2.488309383392334,1.975308623514138e-05,-0.0217086523771286,0.0020029046572744846,0.07930874824523926,0.009804010391235352,1077.0,0.1708955019712448,86.08000183105469,1.0351494550704956,-0.0046887774951756,0.08430591225624084,0.0,0.999774158000946
913,,,,,,,,-2.4888386726379395,2.9629629352712072e-05,-0.013926287181675434,0.0023718583397567272,0.07872295379638672,0.009773015975952148,1084.0,0.17084243893623352,86.08000183105469,1.0345700979232788,-0.004415801260620356,0.09721308946609497,0.0,0.9998180866241455
914,,,,,,,,-2.4953742027282715,9.999999747378752e-05,-0.018531791865825653,0.0038135740906000137,0.07921004295349121,0.009643077850341797,1080.0,0.1704975813627243,86.08000183105469,1.035010576248169,-0.004241400398313999,0.07996050268411636,0.0,0.9997828006744385
915,,,,,,,,-2.5049612522125244,2.9629629352712072e-05,-0.005388036370277405,0.0007444582297466695,0.07376813888549805,0.009843826293945312,1148.0,0.1705140918493271,86.08000183105469,1.035010576248169,-0.004131439607590437,0.04695269465446472,0.0,0.9996976852416992
916,,,,,,,,-2.5044984817504883,2.9629629352712072e-05,-0.026893675327301025,0.0021548166405409575,0.08307719230651855,0.010603904724121094,1024.0,0.17047762870788574,86.08000183105469,1.0347706079483032,-0.004581037443131208,0.030169224366545677,0.0,0.9997683167457581
917,,,,,,,,-2.504713773727417,4.444444493856281e-05,-0.019140293821692467,0.002625261666253209,0.07846403121948242,0.010135889053344727,1083.0,0.17057736217975616,86.08000183105469,1.0351349115371704,-0.004395757336169481,0.10764903575181961,0.0,0.9997788071632385
918,,,,,,,,-2.5003256797790527,4.444444493856281e-05,-0.016870778053998947,0.0013819007435813546,0.0792691707611084,0.010174989700317383,1073.0,0.17066451907157898,86.08000183105469,1.0346380472183228,-0.0045739454217255116,0.10423770546913147,0.0,0.9998068809509277
919,,,,,,,,-2.497495174407959,1.975308623514138e-05,-0.016178973019123077,0.0012292858446016908,0.07629203796386719,0.010601997375488281,1104.0,0.170741468667984,86.08000183105469,1.0346380472183228,-0.003686158685013652,0.0710483118891716,0.0,0.9997079372406006
920,,,,,,,,-2.493703842163086,6.666666740784422e-05,-0.018963903188705444,0.0018782303668558598,0.08084511756896973,0.010189056396484375,1054.0,0.17092736065387726,86.08000183105469,1.0352782011032104,-0.004773444961756468,0.020332152023911476,0.0,0.999774158000946
921,,,,,,,,-2.483229398727417,2.9629629352712072e-05,-0.02329210750758648,0.0018699326319620013,0.07956099510192871,0.01119685173034668,1057.0,0.1712294965982437,86.08000183105469,1.0355056524276733,-0.004175516311079264,0.1542109251022339,0.0,0.9997720718383789
922,,,,,,,,-2.4745545387268066,2.9629629352712072e-05,-0.0287555493414402,0.0013121028896421194,0.08052301406860352,0.010092020034790039,1059.0,0.17137016355991364,86.08000183105469,1.0358079671859741,-0.003783865598961711,0.08353164047002792,0.0,0.999826967716217
923,,,,,,,,-2.4715428352355957,1.975308623514138e-05,-0.011547536589205265,0.0009880708530545235,0.07543396949768066,0.010465145111083984,1117.0,0.17139646410942078,86.08000183105469,1.0358079671859741,-0.004271524026989937,0.06477057933807373,0.0,0.9997350573539734
924,,,,,,,,-2.472759485244751,2.9629629352712072e-05,-0.013670437037944794,0.0014970701886340976,0.08115196228027344,0.01001596450805664,1053.0,0.17131350934505463,86.93000030517578,1.1049530506134033,-0.004267625976353884,0.0009120653267018497,0.0,0.9997671246528625
925,,,,,,,,-2.477663993835449,4.444444493856281e-05,-0.014377901330590248,0.0016643285052850842,0.07636809349060059,0.009860992431640625,1113.0,0.1711883246898651,86.93000030517578,1.1056352853775024,-0.004508893471211195,0.13439933955669403,0.0,0.9997480511665344
926,,,,,,,,-2.482196092605591,1.975308623514138e-05,-0.02119951695203781,0.0018733382457867265,0.08044886589050293,0.010549068450927734,1054.0,0.17113029956817627,86.93000030517578,1.1050472259521484,-0.0038940475787967443,0.07231216877698898,0.0,0.9998459219932556
927,,,,,,,,-2.4838473796844482,6.666666740784422e-05,-0.009124855510890484,0.0009147023083642125,0.07635879516601562,0.010308027267456055,1107.0,0.17110903561115265,86.93000030517578,1.1050472259521484,-0.004244192037731409,0.07800643891096115,0.0,0.9997493624687195
928,,,,,,,,-2.4874937534332275,4.444444493856281e-05,-0.0029680251609534025,0.0017238706350326538,0.07941412925720215,0.010364770889282227,1069.0,0.17091791331768036,86.93000030517578,1.1057138442993164,-0.004589390009641647,0.004408054985105991,0.0,0.9997596144676208
929,,,,,,,,-2.4950499534606934,9.999999747378752e-05,-0.018128804862499237,0.001472843112424016,0.07816410064697266,0.010499715805053711,1082.0,0.17074158787727356,86.93000030517578,1.1062326431274414,-0.004378124605864286,0.16532666981220245,0.0,0.9997718334197998
930,,,,,,,,-2.503793478012085,4.444444493856281e-05,-0.01441202312707901,0.0017998875118792057,0.08077120780944824,0.009871959686279297,1059.0,0.17050528526306152,86.93000030517578,1.1067835092544556,-0.004542984534054995,0.0833239033818245,0.0,0.9998553395271301
931,,,,,,,,-2.509099245071411,2.9629629352712072e-05,-0.017640622332692146,0.0009780549444258213,0.07711482048034668,0.009942054748535156,1102.0,0.1704232096672058,86.93000030517578,1.1067835092544556,-0.004457153845578432,0.09392537921667099,0.0,0.9997777342796326
932,,,,,,,,-2.509650707244873,2.9629629352712072e-05,-0.019143136218190193,0.0013511554570868611,0.07777619361877441,0.010442018508911133,1088.0,0.1704319268465042,86.93000030517578,1.1077486276626587,-0.004278901964426041,0.015130318701267242,0.0,0.9997128844261169
933,-0.0044373986311256886,0.06739447265863419,0.0,0.9997614622116089,0.0,0.0,1.0,-2.508885622024536,4.444444493856281e-05,-0.027826674282550812,0.0013143318938091397,0.07730984687805176,0.009798288345336914,1102.0,0.17042791843414307,86.93000030517578,1.1081088781356812,-0.004192499443888664,0.11610700935125351,0.0,0.9997633099555969
934,,,,,,,,-2.5083670616149902,1.975308623514138e-05,-0.024107154458761215,0.0017175559187307954,0.07898902893066406,0.010613203048706055,1071.0,0.17041625082492828,86.93000030517578,1.1093204021453857,-0.004763544537127018,0.09198585152626038,0.0,0.9998393058776855
935,-0.004370005801320076,0.06377186626195908,0.0,0.999784529209137,0.0,0.0,1.0,-2.5096676349639893,2.9629629352712072e-05,-0.012510436587035656,0.0014784089289605618,0.07981395721435547,0.010538816452026367,1062.0,0.17031222581863403,86.93000030517578,1.109264612197876,-0.004096054006367922,0.08758065849542618,0.0,0.9998011589050293
936,,,,,,,,-2.513584852218628,2.9629629352712072e-05,-0.01613011583685875,0.0014023821568116546,0.07460570335388184,0.010213136672973633,1131.0,0.17024381458759308,87.80999755859375,1.178126573562622,-0.004497542046010494,0.031042473390698433,0.0,0.9997296929359436
937,,,,,,,,-2.5127482414245605,2.9629629352712072e-05,-0.018428688868880272,0.001217096229083836,0.08090901374816895,0.009843111038208008,1057.0,0.17038056254386902,87.80999755859375,1.179102897644043,-0.004246989730745554,0.11175384372472763,0.0,0.9997847676277161
938,,,,,,,,-2.508540391921997,4.444444493856281e-05,-0.017378585413098335,0.0026635315734893084,0.07967281341552734,0.00990605354309082,1071.0,0.17039719223976135,87.80999755859375,1.1784518957138062,-0.004505019169300795,0.09375975281000137,0.0,0.9998235106468201
939,,,,,,,,-2.509209632873535,6.666666740784422e-05,-0.02155723050236702,0.0013197034131735563,0.07901406288146973,0.01058506965637207,1071.0,0.1703900396823883,88.66000366210938,1.2468966245651245,-0.004303091671317816,0.1104118824005127,0.0,0.999830424785614
940,,,,,,,,-2.5091941356658936,1.975308623514138e-05,-0.03851504623889923,0.001219388796016574,0.07443523406982422,0.010033845901489258,1136.0,0.17044597864151,88.66000366210938,1.2468966245651245,-0.0049028354696929455,0.049823056906461716,0.0,0.9997501969337463
941,,,,,,,,-2.5060713291168213,6.666666740784422e-05,-0.018462011590600014,0.0010042154463008046,0.08091902732849121,0.009920120239257812,1056.0,0.17057374119758606,88.66000366210938,1.248274564743042,-0.0043007065542042255,0.05624765157699585,0.0,0.9998044967651367
942,,,,,,,,-2.499807119369507,6.666666740784422e-05,-0.020190108567476273,0.000853401783388108,0.07801699638366699,0.009875059127807617,1092.0,0.17075583338737488,89.5,1.3167998790740967,-0.004251002799719572,0.12733684480190277,0.0,0.9997945427894592
943,,,,,,,,-2.496532917022705,1.975308623514138e-05,-0.03684799745678902,0.0006680606165900826,0.07928299903869629,0.009998798370361328,1075.0,0.1707252711057663,90.37999725341797,1.385859489440918,-0.004223363474011421,0.09044310450553894,0.0,0.9998469352722168
944,,,,,,,,-2.4989168643951416,2.9629629352712072e-05,-0.0112330736592412,0.0006874660612083972,0.07269501686096191,0.009691715240478516,1165.0,0.1706254631280899,90.37999725341797,1.385859489440918,-0.004061967134475708,0.0772571787238121,0.0,0.9997348189353943
945,,,,,,,,-2.50272536277771,2.9629629352712072e-05,-0.021152641624212265,0.0013607355067506433,0.08165192604064941,0.010547876358032227,1041.0,0.17058412730693817,91.25,1.4545741081237793,-0.004225923214107752,0.028758898377418518,0.0,0.9997949004173279
946,,,,,,,,-2.506600856781006,0.0001500000071246177,-0.014270530082285404,0.0009341760305687785,0.0785830020904541,0.010516881942749023,1077.0,0.170378178358078,92.0999984741211,1.5231777429580688,-0.0048944223672151566,0.16458898782730103,0.0,0.9997878074645996
947,,,,,,,,-2.5226011276245117,6.666666740784422e-05,-0.017446236684918404,0.0009508804650977254,0.0793600082397461,0.010023832321166992,1074.0,0.17009013891220093,92.97000122070312,1.5920300483703613,-0.004541987087577581,0.09609273821115494,0.0,0.9998498558998108
948,,,,,,,,-2.5330960750579834,4.444444493856281e-05,-0.017832694575190544,0.0004150543245486915,0.07365107536315918,0.010048866271972656,1146.0,0.16998399794101715,92.97000122070312,1.5920300483703613,-0.004885140340775251,0.08493568748235703,0.0,0.9997667670249939
949,,,,,,,,-2.5358803272247314,4.444444493856281e-05,-0.019589267671108246,0.0012303495313972235,0.08215570449829102,0.010207414627075195,1039.0,0.17003071308135986,94.7300033569336,1.7307636737823486,-0.00408245949074626,0.0010838076705113053,0.0,0.9998092651367188
950,,,,,,,,-2.534179449081421,4.444444493856281e-05,-0.015203251503407955,0.0006915083504281938,0.0775296688079834,0.010091066360473633,1095.0,0.1701042801141739,94.7300033569336,1.7314931154251099,-0.004344431217759848,0.17954516410827637,0.0,0.9997922778129578
951,,,,,,,,-2.532496213912964,2.9629629352712072e-05,-0.015477464534342289,0.0007474537123925984,0.07874631881713867,0.010436058044433594,1076.0,0.17010419070720673,95.61000061035156,1.8006219863891602,-0.004507850389927626,0.08108862489461899,0.0,0.9998623728752136
952,,,,,,,,-2.5320188999176025,4.444444493856281e-05,-0.010408898815512657,0.0009366469457745552,0.07488512992858887,0.009946823120117188,1131.0,0.170183002948761,95.61000061035156,1.8006219863891602,-0.004393203649669886,0.08769861608743668,0.0,0.9997876286506653
953,,,,,,,,-2.529844284057617,4.444444493856281e-05,-0.020540695637464523,0.001300486852414906,0.07791900634765625,0.009572029113769531,1097.0,0.17011980712413788,96.5,1.8705941438674927,-0.004653888288885355,0.0030742709059268236,0.0,0.9997988343238831
954,,,,,,,,-2.5348241329193115,1.975308623514138e-05,-0.02409329079091549,0.000834474980365485,0.07703828811645508,0.010226964950561523,1100.0,0.1699589043855667,97.3499984741211,1.939134120941162,-0.0042392476461827755,0.16628038883209229,0.0,0.9997817873954773
955,,,,,,,,-2.539369583129883,6.666666740784422e-05,-0.008595003746449947,0.0016270724590867758,0.07944679260253906,0.009982109069824219,1073.0,0.16988633573055267,98.25,2.0086476802825928,-0.004274002742022276,0.09357409924268723,0.0,0.9998615384101868
956,,,,,,,,-2.540182590484619,2.9629629352712072e-05,-0.010959146544337273,0.0010091750882565975,0.07721710205078125,0.010067939758300781,1099.0,0.1698521375656128,98.25,2.0086476802825928,-0.0042129927314817905,0.10653272271156311,0.0,0.9998197555541992
957,,,,,,,,-2.5410637855529785,6.666666740784422e-05,-0.012662970460951328,0.000961598358117044,0.07590818405151367,0.009830713272094727,1119.0,0.1697929948568344,99.0999984741211,2.077197313308716,-0.0039050625637173653,0.014903674833476543,0.0,0.9997678399085999
958,-0.0043270168825984,0.09680282324552536,0.0,0.9998195171356201,0.0,0.0,1.0,-2.5442585945129395,4.444444493856281e-05,-0.021244607865810394,0.0009008795605041087,0.07725882530212402,0.010146141052246094,1098.0,0.16962078213691711,99.0999984741211,2.077191114425659,-0.004029658157378435,0.13314317166805267,0.0,0.9997871518135071
959,,,,,,,,-2.549365282058716,2.9629629352712072e-05,-0.01578056626021862,0.0013232973869889975,0.07813715934753418,0.010456085205078125,1083.0,0.16947980225086212,100.0,2.147136926651001,-0.003905228106305003,0.0992916002869606,0.0,0.99985271692276
960,-0.0036208617966622114,0.08602219820022583,0.0,0.9998132586479187,0.0,0.0,1.0,-2.555537700653076,6.666666740784422e-05,-0.010258876718580723,0.0007122146780602634,0.07943892478942871,0.011721134185791016,1053.0,0.1692337542772293,100.0,2.146770715713501,-0.004503653850406408,0.11269083619117737,0.0,0.9998366236686707
961,,,,,,,,-2.5653839111328125,1.975308623514138e-05,-0.015687309205532074,0.0005551152862608433,0.08097004890441895,0.01209402084350586,1031.0,0.168965682387352,100.0,2.14632248878479,-0.004208382219076157,0.03513109311461449,0.0,0.9997727870941162
962,,,,,,,,-2.5738821029663086,4.444444493856281e-05,-0.02113483101129532,7.90391206741333,0.08498215675354004,0.011590003967285156,994.0,0.16871781647205353,100.0,2.1461315155029297,-0.0046429201029241085,-5.005359172821045,0.0,0.9998125433921814
963,,,,,,,,-2.5850114822387695,2.9629629352712072e-05,-0.014906276017427444,0.008578012697398663,0.08240103721618652,0.010761022567749023,1030.0,0.16845420002937317,100.0,2.1468701362609863,-0.004750484135001898,0.24694781005382538,0.0,0.999842643737793
964,,,,,,,,-2.5941784381866455,0.0001500000071246177,-0.00975721888244152,0.003484567394480109,0.08173799514770508,0.011218786239624023,1032.0,0.16818766295909882,100.0,2.146873950958252,-0.004466054495424032,0.18110091984272003,0.0,0.9998509883880615
965,,,,,,,,-2.6063570976257324,1.975308623514138e-05,-0.022052407264709473,1.8733959197998047,0.08604598045349121,0.021142005920410156,895.0,0.1680980920791626,100.0,2.146873950958252,-0.004069210961461067,-4.9999518394470215,0.0,0.9997702240943909
966,,,,,,,,-2.6083905696868896,2.9629629352712072e-05,-0.01547173596918583,0.001062909490428865,0.09984087944030762,0.010612964630126953,869.0,0.16811908781528473,100.0,2.053905963897705,-0.004576849285513163,0.10684337466955185,0.0,0.9998231530189514
967,,,,,,,,-2.6093027591705322,6.666666740784422e-05,-0.005329911597073078,0.005491211544722319,0.07840418815612793,0.010133028030395508,1084.0,0.16803662478923798,100.0,2.053821563720703,-0.004379075486212969,0.22995860874652863,0.0,0.9998090863227844
968,,,,,,,,-2.6216204166412354,9.999999747378752e-05,-0.007479167077690363,0.00446042837575078,0.07791399955749512,0.010223865509033203,1089.0,0.1675310879945755,100.0,1.958463191986084,-0.003836826654151082,0.24017761647701263,0.0,0.9998599886894226
969,,,,,,,,-2.6426079273223877,4.444444493856281e-05,-0.01321885921061039,0.001469615614041686,0.07410478591918945,0.010322093963623047,1137.0,0.16724815964698792,100.0,1.958463191986084,-0.0037238530348986387,0.1557849794626236,0.0,0.9997754693031311
970,,,,,,,,-2.649803400039673,4.444444493856281e-05,-0.025765785947442055,2.9168832302093506,0.08029294013977051,0.009847879409790039,1065.0,0.1671474128961563,99.9800033569336,1.9138381481170654,-0.004404317121952772,0.04091554507613182,-2.6041667461395264,0.9998526573181152
971,,,,,,,,-2.6543056964874268,2.9629629352712072e-05,-0.02481583133339882,0.005620395299047232,0.0793161392211914,0.010228157043457031,1072.0,0.16703440248966217,99.9800033569336,1.9143370389938354,-0.004072424024343491,0.20041029155254364,0.0,0.9997993111610413
972,,,,,,,,-2.657144546508789,4.444444493856281e-05,-0.01592666655778885,0.0017172822263091803,0.07729911804199219,0.010624885559082031,1091.0,0.16700783371925354,99.9800033569336,1.915684700012207,-0.004236769396811724,0.10586667060852051,0.0,0.9998680949211121
973,,,,,,,,-2.660923957824707,0.00022499999613501132,-0.01124819926917553,0.0010936673497781157,0.07431507110595703,0.010406255722045898,1133.0,0.16670529544353485,99.9800033569336,1.915684700012207,-0.003900185227394104,0.09896916151046753,0.0,0.9997880458831787
974,,,,,,,,-2.6803054809570312,1.975308623514138e-05,-0.035103000700473785,0.0010322569869458675,0.07993769645690918,0.00992727279663086,1068.0,0.16627775132656097,99.9800033569336,1.917206883430481,-0.00433385232463479,0.0015020715072751045,0.0,0.9998076558113098
975,,,,,,,,-2.6890995502471924,4.444444493856281e-05,-0.016344372183084488,6.626248836517334,0.07877802848815918,0.010576963424682617,1074.0,0.1661561131477356,99.9800033569336,1.917052984237671,-0.003914836328476667,-4.924488067626953,0.0,0.9997785091400146
976,,,,,,,,-2.694662570953369,4.444444493856281e-05,-0.019858065992593765,0.0056879594922065735,0.08122396469116211,0.010232925415039062,1049.0,0.16607566177845,99.9800033569336,1.9177072048187256,-0.003724943147972226,0.16346657276153564,0.0,0.9998631477355957
977,,,,,,,,-2.69689679145813,1.975308623514138e-05,-0.013162839226424694,0.001994713442400098,0.07680487632751465,0.010210037231445312,1103.0,0.1660788357257843,99.9800033569336,1.9177072048187256,-0.003960252273827791,0.104500912129879,0.0,0.9997766613960266
978,,,,,,,,-2.695826292037964,4.444444493856281e-05,-0.018921777606010437,0.0005980792921036482,0.07951211929321289,0.010281085968017578,1069.0,0.1661185324192047,99.9800033569336,1.8215458393096924,-0.004241131246089935,0.0048827496357262135,0.0,0.9997966885566711
979,,,,,,,,-2.694967031478882,6.666666740784422e-05,-0.009629016742110252,0.0015544600319117308,0.07433485984802246,0.010354042053222656,1133.0,0.16603143513202667,99.9800033569336,1.822237253189087,-0.004150014370679855,0.17151761054992676,0.0,0.9997773170471191
980,,,,,,,,-2.6992807388305664,2.9629629352712072e-05,-0.021817989647388458,0.0006695425254292786,0.0784759521484375,0.010389089584350586,1080.0,0.1659170538187027,99.9800033569336,1.8221441507339478,-0.0034484684001654387,0.06982243806123734,0.0,0.999869167804718
981,,,,,,,,-2.699765205383301,9.999999747378752e-05,-0.021778613328933716,0.0009108157246373594,0.07661890983581543,0.009907007217407227,1109.0,0.16595470905303955,99.9800033569336,1.8221441507339478,-0.0033177894074469805,0.09780304878950119,0.0,0.9998083114624023
982,,,,,,,,-2.697826862335205,1.975308623514138e-05,-0.0119705218821764,0.000741438998375088,0.07806515693664551,0.010167837142944336,1088.0,0.16594135761260986,99.9800033569336,1.8218411207199097,-0.004165026359260082,0.020432718098163605,0.0,0.999786376953125
983,,,,,,,,-2.698486089706421,2.9629629352712072e-05,-0.01899297535419464,0.0008693580748513341,0.07621502876281738,0.009926795959472656,1114.0,0.16586428880691528,99.9800033569336,1.8218411207199097,-0.003966329153627157,0.14808988571166992,0.0,0.9997994303703308
984,,,,,,,,-2.7003378868103027,1.316872385359602e-05,-0.02452501654624939,0.000970665249042213,0.07729196548461914,0.010948896408081055,1087.0,0.165852889418602,99.9800033569336,1.8225030899047852,-0.0037232497707009315,0.07892187684774399,0.0,0.9998557567596436
985,-0.004016284830868244,0.08915206789970398,0.0,0.9998055100440979,0.0,0.0,1.0,-2.6999943256378174,1.975308623514138e-05,-0.018456600606441498,0.0006371050840243697,0.07964491844177246,0.010342121124267578,1066.0,0.1658458262681961,99.9800033569336,1.8232516050338745,-0.0041862293146550655,0.09265641123056412,0.0,0.9998252391815186
986,,,,,,,,-2.702024459838867,1.975308623514138e-05,-0.014166620559990406,0.0006252384628169239,0.07337093353271484,0.009896993637084961,1152.0,0.1657261997461319,99.9800033569336,1.8230661153793335,-0.004496043082326651,0.036443840712308884,0.0,0.9997722506523132
987,,,,,,,,-2.705963611602783,2.9629629352712072e-05,-0.014973724260926247,0.0007783147157169878,0.0795297622680664,0.010172367095947266,1070.0,0.1656632423400879,99.9800033569336,1.8236520290374756,-0.004097124096006155,0.10551755875349045,0.0,0.9997979998588562
988,,,,,,,,-2.707381010055542,2.9629629352712072e-05,-0.008821201510727406,0.0010954511817544699,0.07803606986999512,0.009557962417602539,1095.0,0.16566285490989685,99.9800033569336,1.8234131336212158,-0.004049479495733976,0.08908150345087051,0.0,0.9998292922973633
989,,,,,,,,-2.7084100246429443,2.9629629352712072e-05,-0.026047244668006897,0.0009577532182447612,0.07864499092102051,0.010118961334228516,1081.0,0.16559818387031555,99.9800033569336,1.8231219053268433,-0.004380777478218079,0.11684759706258774,0.0,0.9998089671134949
990,,,,,,,,-2.7119767665863037,1.975308623514138e-05,-0.027187781408429146,0.00039522707811556756,0.07274389266967773,0.009940862655639648,1161.0,0.16556131839752197,99.9800033569336,1.8231219053268433,-0.0038312876131385565,0.056158725172281265,0.0,0.999744713306427
991,,,,,,,,-2.7119927406311035,2.9629629352712072e-05,-0.021268241107463837,0.0005776062607765198,0.07971715927124023,0.009880781173706055,1071.0,0.1656654179096222,99.9800033569336,1.8236056566238403,-0.004326276481151581,0.054781198501586914,0.0,0.9998111128807068
992,,,,,,,,-2.7088398933410645,4.444444493856281e-05,-0.02127140946686268,0.0006878038984723389,0.07710099220275879,0.010290145874023438,1098.0,0.165667325258255,99.9800033569336,1.8235735893249512,-0.004035267513245344,0.12139453738927841,0.0,0.9998186230659485
993,,,,,,,,-2.712921619415283,4.444444493856281e-05,-0.02195107564330101,0.0006720275850966573,0.07992100715637207,0.009897232055664062,1068.0,0.1654682755470276,99.9800033569336,1.8239755630493164,-0.004340974148362875,0.09542754292488098,0.0,0.9998259544372559
994,,,,,,,,-2.721724510192871,1.975308623514138e-05,-0.011982118710875511,0.0007037842296995223,0.07334280014038086,0.011429071426391602,1132.0,0.16536031663417816,99.9800033569336,1.8239755630493164,-0.003995584324002266,0.09083181619644165,0.0,0.9997434616088867
995,,,,,,,,-2.7239484786987305,6.666666740784422e-05,-0.01528360415250063,0.0005536432727240026,0.08136391639709473,0.009974956512451172,1051.0,0.16532762348651886,99.9800033569336,1.824119210243225,-0.004073164891451597,0.022028064355254173,0.0,0.999805212020874
996,,,,,,,,-2.730056047439575,1.975308623514138e-05,-0.024372177198529243,0.001020528026856482,0.07685613632202148,0.009883880615234375,1106.0,0.16511213779449463,99.9800033569336,1.824131965637207,-0.0040002851746976376,0.14821362495422363,0.0,0.9997946619987488
997,,,,,,,,-2.7374024391174316,1.975308623514138e-05,-0.022211110219359398,0.0005871372995898128,0.08133482933044434,0.011803150177001953,1030.0,0.16496850550174713,99.9800033569336,1.8248168230056763,-0.004080511629581451,0.07765936106443405,0.0,0.9998590350151062
998,,,,,,,,-2.740541934967041,4.444444493856281e-05,-0.005342313554137945,0.000729400897398591,0.08087325096130371,0.01213979721069336,1032.0,0.1649969518184662,99.9800033569336,1.8248168230056763,-0.003822101978585124,0.08272511512041092,0.0,0.9997706413269043
999,,,,,,,,-2.7349274158477783,2.9629629352712072e-05,-0.010383045300841331,0.000643923704046756,0.09368205070495605,0.010789155960083008,918.0,0.16519290208816528,99.9800033569336,1.8248710632324219,-0.004050502087920904,0.0010592608014121652,0.0,0.9997991919517517
1000,,,,,,,,-2.7290964126586914,1.316872385359602e-05,-0.016620179638266563,0.0006027356721460819,0.07800579071044922,0.010276079177856445,1087.0,0.16524988412857056,99.9800033569336,1.824460506439209,-0.004076256416738033,0.1645990014076233,0.0,0.9997792840003967
1001,,,,,,,,-2.7283830642700195,6.666666740784422e-05,-0.008810106664896011,0.0013338983990252018,0.07888984680175781,0.011152029037475586,1066.0,0.1652083694934845,99.9800033569336,1.8247005939483643,-0.0038996038492769003,0.0828602984547615,0.0,0.9998502731323242
1002,,,,,,,,-2.7298662662506104,1.316872385359602e-05,-0.023044338449835777,0.0009868612978607416,0.07524299621582031,0.01031494140625,1122.0,0.16520218551158905,99.9800033569336,1.8247005939483643,-0.00394775765016675,0.09794735908508301,0.0,0.9997782111167908
1003,,,,,,,,-2.728818655014038,9.999999747378752e-05,-0.00760485976934433,0.0009160889312624931,0.0803220272064209,0.010200262069702148,1060.0,0.1652711033821106,99.9800033569336,1.8248976469039917,-0.004305856768041849,0.005579319316893816,0.0,0.9997771382331848
1004,,,,,,,,-2.7281832695007324,2.9629629352712072e-05,-0.01047010812908411,0.0004999270895496011,0.07545304298400879,0.010264158248901367,1119.0,0.16508989036083221,99.9800033569336,1.8255287408828735,-0.0039924136362969875,0.15612885355949402,0.0,0.999775230884552
1005,,,,,,,,-2.733781576156616,2.9629629352712072e-05,-0.013971509411931038,0.000872472592163831,0.07815408706665039,0.010303974151611328,1085.0,0.16505129635334015,99.9800033569336,1.825508952140808,-0.0041996752843260765,0.06525908410549164,0.0,0.999864399433136
1006,,,,,,,,-2.732517719268799,1.975308623514138e-05,-0.02280271053314209,0.00042703471262939274,0.07794404029846191,0.010637760162353516,1083.0,0.16512112319469452,99.9800033569336,1.825508952140808,-0.004062095191329718,0.10303264856338501,0.0,0.999794065952301
1007,,,,,,,,-2.7296276092529297,2.9629629352712072e-05,-0.01935211755335331,0.0009736423380672932,0.07739591598510742,0.010263204574584961,1095.0,0.16517548263072968,99.9800033569336,1.8256616592407227,-0.004413408227264881,0.02170468121767044,0.0,0.9997672438621521
1008,,,,,,,,-2.7313895225524902,2.9629629352712072e-05,-0.013366937637329102,0.00025825382908806205,0.0771939754486084,0.010463953018188477,1095.0,0.16499003767967224,99.9800033569336,1.8256616592407227,-0.0040151700377464294,0.12528644502162933,0.0,0.9997962117195129
1009,,,,,,,,-2.738774538040161,6.666666740784422e-05,-0.00962914526462555,0.0010941666550934315,0.07806086540222168,0.010361194610595703,1085.0,0.16490720212459564,99.9800033569336,1.8261525630950928,-0.0042162747122347355,0.06972125917673111,0.0,0.999853789806366
1010,-0.00405713589861989,0.09135043621063232,0.0,0.9998049736022949,0.0,0.0,1.0,-2.7402429580688477,6.666666740784422e-05,-0.014105885289609432,0.0007278290577232838,0.08036613464355469,0.010565996170043945,1055.0,0.16493842005729675,99.9800033569336,1.8268076181411743,-0.003669234924018383,0.08716404438018799,0.0,0.9997976422309875
1011,,,,,,,,-2.7397301197052,1.316872385359602e-05,-0.020449018105864525,0.0004558684304356575,0.07338881492614746,0.00991201400756836,1152.0,0.16492478549480438,99.9800033569336,1.8272684812545776,-0.003707439871504903,0.03908854350447655,0.0,0.9997355341911316
1012,,,,,,,,-2.739459276199341,4.444444493856281e-05,-0.018601451069116592,0.00033851887565106153,0.08211517333984375,0.011140108108520508,1029.0,0.16495367884635925,99.9800033569336,1.8273711204528809,-0.0039603388868272305,0.10347755998373032,0.0,0.9997937679290771
1013,,,,,,,,-2.736912965774536,9.999999747378752e-05,-0.01190966833382845,0.0006975056021474302,0.08416604995727539,0.015069007873535156,967.0,0.16503509879112244,99.9800033569336,1.8278461694717407,-0.004134824965149164,0.07800902426242828,0.0,0.9998300671577454
1014,,,,,,,,-2.7375943660736084,1.975308623514138e-05,-0.020771950483322144,0.0009368254104629159,0.08983397483825684,0.011590242385864258,946.0,0.16486474871635437,99.9800033569336,1.8280103206634521,-0.004326289985328913,0.0978614091873169,0.0,0.9998002648353577
1015,,,,,,,,-2.7435877323150635,4.444444493856281e-05,-0.011025029234588146,0.000718812458217144,0.0766439437866211,0.010290145874023438,1104.0,0.16471268236637115,99.9800033569336,1.8280103206634521,-0.004015475045889616,0.05116201564669609,0.0,0.9997305870056152
1016,,,,,,,,-2.7472221851348877,1.975308623514138e-05,-0.01977386698126793,0.00047414639266207814,0.08077573776245117,0.01005697250366211,1056.0,0.16473862528800964,99.9800033569336,1.8289512395858765,-0.004242139868438244,0.053774598985910416,0.0,0.9998043179512024
1017,,,,,,,,-2.746975898742676,4.444444493856281e-05,-0.014296934008598328,0.0007470390410162508,0.0788581371307373,0.01016688346862793,1078.0,0.16470758616924286,99.9800033569336,1.8292548656463623,-0.0037593692541122437,0.11326076835393906,0.0,0.9998039603233337
1018,,,,,,,,-2.750188112258911,2.9629629352712072e-05,-0.018301760777831078,0.00046114553697407246,0.07875704765319824,0.01020193099975586,1079.0,0.16462485492229462,99.9800033569336,1.8294631242752075,-0.004386458080261946,0.09187642484903336,0.0,0.9998146891593933
1019,,,,,,,,-2.7564892768859863,1.975308623514138e-05,-0.023266062140464783,0.0004185110446996987,0.07333111763000488,0.009929895401000977,1153.0,0.164465069770813,99.9800033569336,1.8294631242752075,-0.0033130422234535217,0.08115088194608688,0.0,0.9997467994689941
1020,,,,,,,,-2.765012502670288,0.0001500000071246177,-0.0042540933936834335,0.0004090133006684482,0.07989215850830078,0.010504007339477539,1061.0,0.16416865587234497,99.9800033569336,1.8293485641479492,-0.004104455467313528,0.02404693327844143,0.0,0.9998030662536621
1021,,,,,,,,-2.784425735473633,1.975308623514138e-05,-0.024802787229418755,0.0009149768739007413,0.0781550407409668,0.010682106018066406,1080.0,0.16374817490577698,99.9800033569336,1.8298040628433228,-0.004761520307511091,0.15176884829998016,0.0,0.9997880458831787
1022,,,,,,,,-2.7942004203796387,2.9629629352712072e-05,-0.013022713363170624,0.0007433092687278986,0.07784390449523926,0.010432004928588867,1087.0,0.16364075243473053,99.9800033569336,1.8301016092300415,-0.00397125817835331,0.09225759655237198,0.0,0.9998512268066406
1023,,,,,,,,-2.7974560260772705,1.316872385359602e-05,-0.015349188819527626,0.00037959773908369243,0.07607388496398926,0.010598897933959961,1107.0,0.16359646618366241,99.9800033569336,1.8301016092300415,-0.00376134947873652,0.09214643388986588,0.0,0.9997779726982117
1024,,,,,,,,-2.7979352474212646,6.666666740784422e-05,-0.015286608599126339,0.000701472454238683,0.07978081703186035,0.010204315185546875,1066.0,0.16361896693706512,99.9800033569336,1.8308502435684204,-0.0040550981648266315,0.0011253057746216655,0.0,0.9998007416725159
1025,,,,,,,,-2.7964510917663574,1.975308623514138e-05,-0.026035109534859657,0.0004741096927318722,0.07700085639953613,0.01017904281616211,1101.0,0.1635618358850479,99.9800033569336,1.8306618928909302,-0.004228060133755207,0.17037253081798553,0.0,0.9997794032096863
1026,,,,,,,,-2.799014091491699,2.9629629352712072e-05,-0.01273755170404911,0.0008329430129379034,0.0776519775390625,0.011003255844116211,1082.0,0.16347885131835938,99.9800033569336,1.8310437202453613,-0.004133647307753563,0.07974443584680557,0.0,0.9998454451560974
1027,,,,,,,,-2.8003711700439453,4.444444493856281e-05,-0.01919991709291935,0.0005815466865897179,0.07494401931762695,0.01108407974243164,1115.0,0.16353003680706024,99.9800033569336,1.8310437202453613,-0.003880205797031522,0.0974019393324852,0.0,0.9997622966766357
1028,,,,,,,,-2.7963273525238037,4.444444493856281e-05,-0.023107757791876793,0.0004164072743151337,0.0801398754119873,0.010055065155029297,1064.0,0.16363155841827393,99.9800033569336,1.830998182296753,-0.003786614863201976,0.00487695774063468,0.0,0.9997594356536865
1029,,,,,,,,-2.794133186340332,6.666666740784422e-05,-0.018712911754846573,0.00030805449932813644,0.0760960578918457,0.010159730911254883,1112.0,0.16357700526714325,99.9800033569336,1.8310493230819702,-0.00406297342851758,0.1513623148202896,0.0,0.9997501373291016
1030,,,,,,,,-2.794312000274658,9.999999747378752e-05,-0.0136339720338583,0.0007960680522955954,0.07845687866210938,0.00981593132019043,1087.0,0.16362722218036652,99.9800033569336,1.8316190242767334,-0.003987621981650591,0.07564109563827515,0.0,0.9998515248298645
1031,,,,,,,,-2.7914652824401855,1.975308623514138e-05,-0.026557128876447678,0.0005952920182608068,0.07904219627380371,0.010504961013793945,1072.0,0.16371634602546692,99.9800033569336,1.8316190242767334,-0.0036421827971935272,0.09299162030220032,0.0,0.9997775554656982
1032,,,,,,,,-2.7892332077026367,1.975308623514138e-05,-0.012249466963112354,0.00043438663124106824,0.07707595825195312,0.010243892669677734,1099.0,0.1637255847454071,99.9800033569336,1.8321263790130615,-0.0036192864645272493,0.020618945360183716,0.0,0.999721348285675
1033,,,,,,,,-2.7897374629974365,2.9629629352712072e-05,-0.013963202945888042,0.0003813595394603908,0.07627081871032715,0.01017308235168457,1110.0,0.16365954279899597,99.9800033569336,1.8321263790130615,-0.00372980791144073,0.12217038869857788,0.0,0.999762237071991
1034,,,,,,,,-2.7916367053985596,2.9629629352712072e-05,-0.02435523457825184,0.001127949682995677,0.07840394973754883,0.010402917861938477,1080.0,0.16361327469348907,99.9800033569336,1.8323960304260254,-0.003876548958942294,0.08800182491540909,0.0,0.9998322129249573
1035,-0.0038703137543052435,0.08350636065006256,0.0,0.9997756481170654,0.0,0.0,1.0,-2.7931299209594727,2.9629629352712072e-05,-0.01416290644556284,0.0004031776625197381,0.07964110374450684,0.009948968887329102,1071.0,0.16357466578483582,99.9800033569336,1.8326516151428223,-0.004265627358108759,0.09313491731882095,0.0,0.999783992767334
1036,,,,,,,,-2.796164035797119,4.444444493856281e-05,-0.013792877085506916,0.0006445114267989993,0.07461714744567871,0.010360002517700195,1129.0,0.16344903409481049,99.9800033569336,1.832128643989563,-0.003951627761125565,0.03712590038776398,0.0,0.9997196197509766
1037,,,,,,,,-2.8022119998931885,2.9629629352712072e-05,-0.022640138864517212,0.00033451561466790736,0.08002400398254395,0.010210990905761719,1063.0,0.16334091126918793,99.9800033569336,1.832261562347412,-0.003472761018201709,0.11566603183746338,0.0,0.9997844696044922
1038,,,,,,,,-2.804755687713623,2.9629629352712072e-05,-0.014935674145817757,0.000731215113773942,0.07685279846191406,0.010131120681762695,1103.0,0.16333553194999695,99.9800033569336,1.8320324420928955,-0.0038894852623343468,0.08185956627130508,0.0,0.9998305439949036
1039,,,,,,,,-2.8052399158477783,4.444444493856281e-05,-0.02095060981810093,0.0009165421943180263,0.08016085624694824,0.010895252227783203,1054.0,0.16335351765155792,99.9800033569336,1.8323607444763184,-0.0039204806089401245,0.11091786623001099,0.0,0.9998138546943665
1040,,,,,,,,-2.803907871246338,4.444444493856281e-05,-0.01190720684826374,0.00048453619820065796,0.07513904571533203,0.010455846786499023,1121.0,0.16339844465255737,99.9800033569336,1.8323607444763184,-0.004031834192574024,0.05109064280986786,0.0,0.9997405409812927
1041,,,,,,,,-2.8001184463500977,1.975308623514138e-05,-0.017385149374604225,0.0004376249562483281,0.08419108390808105,0.011266708374023438,1005.0,0.16351303458213806,99.9800033569336,1.832537293434143,-0.004504779353737831,0.06924726814031601,0.0,0.9998080134391785
1042,,,,,,,,-2.796563148498535,1.975308623514138e-05,-0.011220596730709076,0.0006078904843889177,0.07999396324157715,0.010234832763671875,1063.0,0.16356322169303894,99.9800033569336,1.8328871726989746,-0.004304469097405672,0.11951474100351334,0.0,0.9997996687889099
1043,,,,,,,,-2.7927632331848145,9.999999747378752e-05,-0.009899267926812172,0.00033397634979337454,0.08010697364807129,0.010506868362426758,1059.0,0.16374461352825165,99.9800033569336,1.8330142498016357,-0.0037928714882582426,0.09697777032852173,0.0,0.9998329281806946
1044,,,,,,,,-2.7816848754882812,1.975308623514138e-05,-0.019748803228139877,0.00025783845921978354,0.0728142261505127,0.009926795959472656,1160.0,0.1639138162136078,99.9800033569336,1.8330142498016357,-0.0033026786986738443,0.09803471714258194,0.0,0.9997393488883972
1045,,,,,,,,-2.7775888442993164,4.444444493856281e-05,-0.021555062383413315,0.0003116946027148515,0.07981276512145996,0.009997129440307617,1068.0,0.16393111646175385,99.9800033569336,1.8330310583114624,-0.004102371633052826,0.025837207213044167,0.0,0.9997963309288025
1046,,,,,,,,-2.7753665447235107,2.9629629352712072e-05,-0.015238886699080467,0.0007643759017810225,0.0807180404663086,0.010868072509765625,1048.0,0.16405647993087769,99.9800033569336,1.8329987525939941,-0.003921713214367628,0.15239043533802032,0.0,0.9997774958610535
1047,,,,,,,,-2.7688629627227783,2.9629629352712072e-05,-0.017316091805696487,0.0005142749287188053,0.08015322685241699,0.010112762451171875,1063.0,0.16417257487773895,99.9800033569336,1.8334124088287354,-0.0037567028775811195,0.08853396773338318,0.0,0.9998380541801453
1048,,,,,,,,-2.7647955417633057,1.316872385359602e-05,-0.018975909799337387,0.0004835909348912537,0.07464385032653809,0.010344982147216797,1129.0,0.16423667967319489,99.9800033569336,1.8334124088287354,-0.003981984686106443,0.09638715535402298,0.0,0.9997391700744629
1049,,,,,,,,-2.7616379261016846,2.9629629352712072e-05,-0.011129532009363174,0.00045449467143043876,0.0815119743347168,0.011484861373901367,1032.0,0.16433276236057281,99.9800033569336,1.833319902420044,-0.004582032095640898,0.00136101758107543,0.0,0.9997753500938416
1050,,,,,,,,-2.759406089782715,4.444444493856281e-05,-0.01996718719601631,0.0004039808118250221,0.07891583442687988,0.010030031204223633,1079.0,0.1643543243408203,99.9800033569336,1.833364486694336,-0.003655277192592621,0.1863774210214615,0.0,0.9997518658638
1051,,,,,,,,-2.7601003646850586,1.975308623514138e-05,-0.018184926360845566,0.00046959062456153333,0.07794499397277832,0.010382890701293945,1086.0,0.16433317959308624,99.9800033569336,1.8336516618728638,-0.004023657646030188,0.08113832771778107,0.0,0.9998445510864258
1052,,,,,,,,-2.760744094848633,1.975308623514138e-05,-0.01694590598344803,0.00036902574356645346,0.07428503036499023,0.010209083557128906,1136.0,0.16431422531604767,99.9800033569336,1.8336516618728638,-0.003717181272804737,0.09994222968816757,0.0,0.9997644424438477
1053,,,,,,,,-2.7606403827667236,4.444444493856281e-05,-0.013921337202191353,0.0002645650820340961,0.0795440673828125,0.011111021041870117,1058.0,0.164338618516922,99.9800033569336,1.8335957527160645,-0.0042535471729934216,0.004723645746707916,0.0,0.9997613430023193
1054,,,,,,,,-2.759404182434082,1.316872385359602e-05,-0.01916147768497467,0.0003696420171763748,0.07478761672973633,0.009924173355102539,1133.0,0.16433434188365936,99.9800033569336,1.8334840536117554,-0.004260845482349396,0.17095093429088593,0.0,0.9997684955596924
1055,,,,,,,,-2.7601466178894043,6.666666740784422e-05,-0.012661818414926529,0.0005977328401058912,0.07747817039489746,0.009823799133300781,1099.0,0.16428154706954956,99.9800033569336,1.8336820602416992,-0.0036429930478334427,0.07820051908493042,0.0,0.999847948551178
1056,,,,,,,,-2.7632296085357666,1.975308623514138e-05,-0.019216731190681458,0.0005280869081616402,0.07647895812988281,0.01018214225769043,1107.0,0.16419155895709991,99.9800033569336,1.8336820602416992,-0.004041315522044897,0.09869600087404251,0.0,0.9997671246528625
1057,,,,,,,,-2.764468193054199,2.9629629352712072e-05,-0.016413236036896706,0.0006012114463374019,0.07880330085754395,0.010480880737304688,1075.0,0.16426722705364227,99.9800033569336,1.8336646556854248,-0.004463727120310068,0.01689852401614189,0.0,0.9997239112854004
1058,,,,,,,,-2.758765459060669,4.444444493856281e-05,-0.008414608426392078,0.0003717532963491976,0.07564496994018555,0.010216236114501953,1118.0,0.16442997753620148,99.9800033569336,1.8336646556854248,-0.004239323083311319,0.14787925779819489,0.0,0.9997455477714539
1059,,,,,,,,-2.7513039112091064,1.316872385359602e-05,-0.020671134814620018,0.0008690438698977232,0.07571887969970703,0.010071992874145508,1119.0,0.1645420789718628,99.9800033569336,1.833824872970581,-0.004076455719769001,0.07892566174268723,0.0,0.9998206496238708
1060,-0.004507360514253378,0.0854506641626358,0.0,0.9997615814208984,0.0,0.0,1.0,-2.7468860149383545,2.9629629352712072e-05,-0.013251244090497494,0.0005624673212878406,0.07771801948547363,0.01027679443359375,1090.0,0.16466909646987915,99.9800033569336,1.8339347839355469,-0.004006505012512207,0.0967942550778389,0.0,0.9997825622558594
1061,,,,,,,,-2.7396492958068848,2.9629629352712072e-05,-0.014067639596760273,0.0005351279978640378,0.07315421104431152,0.010339975357055664,1149.0,0.16484542191028595,99.9800033569336,1.8341405391693115,-0.003742918139323592,0.03678234666585922,0.0,0.9997089505195618
1062,,,,,,,,-2.7348031997680664,4.444444493856281e-05,-0.020806865766644478,0.000333979754941538,0.07881593704223633,0.009961843490600586,1081.0,0.16486185789108276,99.9800033569336,1.833876371383667,-0.004473646637052298,0.11828627437353134,0.0,0.9997737407684326
1063,,,,,,,,-2.7335357666015625,4.444444493856281e-05,-0.014733275398612022,0.00041218099067918956,0.07649374008178711,0.010303020477294922,1106.0,0.16499783098697662,99.9800033569336,1.8335918188095093,-0.003666697070002556,0.07745859771966934,0.0,0.9998130202293396
1064,,,,,,,,-2.7250308990478516,4.444444493856281e-05,-0.01785113289952278,0.0007762544555589557,0.07878518104553223,0.010344982147216797,1077.0,0.1652688980102539,99.9800033569336,1.8335508108139038,-0.003890278981998563,0.10723650455474854,0.0,0.9998035430908203
1065,,,,,,,,-2.7153878211975098,1.975308623514138e-05,-0.031084485352039337,0.00021874409867450595,0.07302618026733398,0.01039886474609375,1150.0,0.1654035449028015,99.9800033569336,1.8335508108139038,-0.003500825958326459,0.052301276475191116,0.0,0.9997220039367676
1066,,,,,,,,-2.7096335887908936,6.666666740784422e-05,-0.013655343092978,0.00033809756860136986,0.07906794548034668,0.00997018814086914,1078.0,0.16559766232967377,99.9800033569336,1.8337522745132446,-0.0041883341036736965,0.06421547383069992,0.0,0.9997962117195129
1067,,,,,,,,-2.694859504699707,6.666666740784422e-05,-0.009192625992000103,0.0007677340181544423,0.0766448974609375,0.01027822494506836,1104.0,0.16600410640239716,99.9800033569336,1.8333998918533325,-0.003969291690737009,0.11734775453805923,0.0,0.9998047947883606
1068,,,,,,,,-2.680694818496704,1.975308623514138e-05,-0.014568070881068707,0.00043213757453486323,0.07757782936096191,0.01011514663696289,1094.0,0.16613833606243134,99.9800033569336,1.8330967426300049,-0.003991263452917337,0.1018255278468132,0.0,0.9998310208320618
1069,,,,,,,,-2.6795332431793213,9.999999747378752e-05,-0.004031929653137922,0.00022599250951316208,0.07266402244567871,0.010370969772338867,1156.0,0.1659901887178421,99.9800033569336,1.8330967426300049,-0.004123416263610125,0.08537929505109787,0.0,0.9997475743293762
1070,,,,,,,,-2.6898062229156494,6.666666740784422e-05,-0.024205539375543594,0.0003453411045484245,0.07929015159606934,0.009908914566040039,1076.0,0.16571566462516785,99.9800033569336,1.9273403882980347,-0.004449950996786356,0.03312578424811363,0.0,0.9997937083244324
1071,,,,,,,,-2.7005956172943115,2.9629629352712072e-05,-0.015706587582826614,0.0011413536267355084,0.07876300811767578,0.010229110717773438,1078.0,0.1655036360025406,99.9800033569336,1.9273827075958252,-0.004576471168547869,0.16862338781356812,0.0,0.9997830390930176
1072,,,,,,,,-2.70774245262146,0.0001500000071246177,-0.01249946840107441,0.00048029501340352,0.07797002792358398,0.010561943054199219,1084.0,0.16538852453231812,99.9800033569336,2.023569345474243,-0.004164088051766157,0.09918180853128433,0.0,0.9998373985290527
1073,,,,,,,,-2.713312864303589,1.316872385359602e-05,-0.022324442863464355,0.00024168321397155523,0.07443094253540039,0.010611295700073242,1128.0,0.1653231680393219,99.9800033569336,2.023569345474243,-0.004155069123953581,0.0875956192612648,0.0,0.999742329120636
1074,,,,,,,,-2.7144532203674316,6.666666740784422e-05,-0.00649671396240592,0.0004223589785397053,0.07903623580932617,0.011082887649536133,1065.0,0.16532646119594574,100.0,2.068214178085327,-0.003884684294462204,0.0014748653629794717,0.0,0.9997747540473938
1075,,,,,,,,-2.7127363681793213,2.9629629352712072e-05,-0.017174048349261284,0.0003761648840736598,0.07707905769348145,0.010509014129638672,1096.0,0.16530977189540863,100.0,2.068416118621826,-0.0035623505245894194,0.19844157993793488,0.0,0.9997484087944031
1076,,,,,,,,-2.7119486331939697,1.975308623514138e-05,-0.018223704770207405,0.000350590911693871,0.0787498950958252,0.00987386703491211,1083.0,0.1653493493795395,100.0,2.0676462650299072,-0.003847441403195262,0.09249142557382584,0.0,0.9998533725738525
1077,,,,,,,,-2.7104339599609375,2.9629629352712072e-05,-0.010663719847798347,0.00021501218725461513,0.07378792762756348,0.010004043579101562,1145.0,0.16534022986888885,100.0,2.0676462650299072,-0.0034362487494945526,0.09931234270334244,0.0,0.999782145023346
1078,,,,,,,,-2.709852695465088,1.975308623514138e-05,-0.02026175521314144,0.0004524060641415417,0.07948803901672363,0.01053619384765625,1066.0,0.16536512970924377,100.0,2.06699275970459,-0.004181884694844484,0.00371007458306849,0.0,0.9997860789299011
1079,,,,,,,,-2.7064239978790283,4.444444493856281e-05,-0.015218719840049744,0.00038098928052932024,0.07467818260192871,0.010648012161254883,1125.0,0.16545186936855316,100.0,2.0669989585876465,-0.004019798245280981,0.17408467829227448,0.0,0.9997813701629639
1080,,,,,,,,-2.701223373413086,4.444444493856281e-05,-0.018864326179027557,0.0009860914433375,0.07776403427124023,0.010042905807495117,1093.0,0.16556909680366516,100.0,2.066908121109009,-0.004499590490013361,0.08405684679746628,0.0,0.9998629689216614
1081,,,,,,,,-2.697526693344116,1.975308623514138e-05,-0.01341225951910019,0.0005895588546991348,0.07641983032226562,0.009891271591186523,1112.0,0.16560064256191254,100.0,2.066908121109009,-0.0040111723355948925,0.11370742321014404,0.0,0.9998006820678711
1082,,,,,,,,-2.6966772079467773,1.975308623514138e-05,-0.015879986807703972,0.0007069376879371703,0.07666921615600586,0.010604143142700195,1099.0,0.16559970378875732,100.0,2.1635265350341797,-0.0041012950241565704,0.05299508571624756,0.0,0.9997770190238953
1083,,,,,,,,-2.697286367416382,6.666666740784422e-05,-0.019193198531866074,0.00026173543301410973,0.07557821273803711,0.01031804084777832,1117.0,0.1655309498310089,100.0,2.1635265350341797,-0.004009055905044079,0.17902608215808868,0.0,0.9997857213020325
1084,,,,,,,,-2.699955701828003,1.975308623514138e-05,-0.02631959319114685,0.000331275281496346,0.07613587379455566,0.010236978530883789,1111.0,0.16549089550971985,100.0,2.1635191440582275,-0.003967147786170244,0.0984739437699318,0.0,0.9998440742492676
1085,-0.00429896404966712,0.1364106386899948,0.0,0.9997947216033936,0.0,0.0,1.0,-2.702486753463745,4.444444493856281e-05,-0.02203896827995777,0.0011982993455603719,0.07760310173034668,0.009805917739868164,1098.0,0.16534791886806488,100.0,2.164360284805298,-0.00431239977478981,0.14519254863262177,0.0,0.9998142123222351
1086,,,,,,,,-2.7096338272094727,1.975308623514138e-05,-0.01791699230670929,0.00019255757797509432,0.07127189636230469,0.009747982025146484,1184.0,0.1652156561613083,100.0,2.164459466934204,-0.0035288778599351645,0.0364968478679657,0.0,0.9997685551643372
1087,,,,,,,,-2.7153143882751465,4.444444493856281e-05,-0.015769578516483307,0.0005173124955035746,0.07942891120910645,0.010607004165649414,1066.0,0.1650153398513794,100.0,2.164895534515381,-0.003923052456229925,0.13825251162052155,0.0,0.9998100399971008
1088,,,,,,,,-2.723863363265991,2.9629629352712072e-05,-0.026056991890072823,0.0002939843980129808,0.07657313346862793,0.010180950164794922,1106.0,0.16482248902320862,100.0,2.16607666015625,-0.00423900131136179,0.08105594664812088,0.0,0.9998323321342468
1089,,,,,,,,-2.7280147075653076,2.9629629352712072e-05,-0.018365804105997086,0.0009591488051228225,0.07850813865661621,0.010575056076049805,1077.0,0.16480545699596405,100.0,2.1662397384643555,-0.004216383211314678,0.12543834745883942,0.0,0.9998190999031067
1090,,,,,,,,-2.7263927459716797,2.9629629352712072e-05,-0.007420271635055542,0.000496340508107096,0.07212185859680176,0.010258197784423828,1165.0,0.164835125207901,100.0,2.1662397384643555,-0.0038187645841389894,0.05277062952518463,0.0,0.9997396469116211
1091,,,,,,,,-2.72471284866333,2.9629629352712072e-05,-0.03220035508275032,0.0003342479176353663,0.08068203926086426,0.010202169418334961,1056.0,0.16483953595161438,100.0,2.166538715362549,-0.0040864162147045135,0.07494974881410599,0.0,0.9998067021369934
1092,,,,,,,,-2.7247660160064697,4.444444493856281e-05,-0.006258117966353893,0.0008107550092972815,0.07752299308776855,0.01106882095336914,1083.0,0.1647890955209732,100.0,2.1667368412017822,-0.0042976816184818745,0.12156456708908081,0.0,0.9998118281364441
1093,,,,,,,,-2.7283523082733154,4.444444493856281e-05,-0.016364844515919685,0.0003765735309571028,0.07805418968200684,0.009898900985717773,1091.0,0.16466748714447021,100.0,2.1670150756835938,-0.004029312636703253,0.1036134585738182,0.0,0.9998369812965393
1094,,,,,,,,-2.7331838607788086,2.9629629352712072e-05,-0.03265208378434181,0.0003188189002685249,0.0733790397644043,0.010321855545043945,1146.0,0.1646326184272766,100.0,2.1670150756835938,-0.003772065741941333,0.10383453220129013,0.0,0.9997477531433105
1095,,,,,,,,-2.7326500415802,4.444444493856281e-05,-0.015103577636182308,0.00029402042855508626,0.07981109619140625,0.010175943374633789,1066.0,0.1646815687417984,100.0,2.167346239089966,-0.003777582896873355,0.029126422479748726,0.0,0.9997901916503906
1096,,,,,,,,-2.7297582626342773,1.975308623514138e-05,-0.0319100059568882,0.0008905044523999095,0.07632017135620117,0.010571956634521484,1104.0,0.1647758185863495,100.0,2.167389154434204,-0.004054858814924955,0.1657678633928299,0.0,0.9997778534889221
1097,,,,,,,,-2.7262473106384277,2.9629629352712072e-05,-0.008725397288799286,0.0005827764980494976,0.07878899574279785,0.009982824325561523,1081.0,0.16480384767055511,100.0,2.1677489280700684,-0.0041833436116576195,0.10988817363977432,0.0,0.9998397827148438
1098,,,,,,,,-2.726896286010742,2.9629629352712072e-05,-0.02436196431517601,0.00036792413447983563,0.07423520088195801,0.010097980499267578,1138.0,0.1647450029850006,100.0,2.1677489280700684,-0.003941170871257782,0.1003764271736145,0.0,0.9997520446777344
1099,,,,,,,,-2.7289528846740723,2.9629629352712072e-05,-0.01320567075163126,0.0002975199604406953,0.07904386520385742,0.009771108627319336,1080.0,0.16470129787921906,100.0,2.1681158542633057,-0.0040057506412267685,0.0017816139152273536,0.0,0.9997977614402771
1100,,,,,,,,-2.7310128211975098,1.975308623514138e-05,-0.022145919501781464,0.0005877895746380091,0.07771492004394531,0.010078191757202148,1093.0,0.16463077068328857,100.0,2.168452501296997,-0.004447010811418295,0.2169564962387085,0.0,0.9997742176055908
1101,,,,,,,,-2.7333133220672607,4.444444493856281e-05,-0.01941884681582451,0.0005432761390693486,0.0776827335357666,0.010029077529907227,1094.0,0.16458284854888916,100.0,2.1685755252838135,-0.004168992396444082,0.1306375414133072,0.0,0.9998688697814941
1102,,,,,,,,-2.735126495361328,1.316872385359602e-05,-0.02261861227452755,0.00042249279795214534,0.0745401382446289,0.010592937469482422,1127.0,0.1645076721906662,100.0,2.1685755252838135,-0.004069941118359566,0.11859190464019775,0.0,0.9997739791870117
1103,,,,,,,,-2.7381484508514404,2.9629629352712072e-05,-0.01247897557914257,0.0006646727561019361,0.07868099212646484,0.010634183883666992,1074.0,0.1644337922334671,100.0,2.1700875759124756,-0.004476175177842379,0.005760603118687868,0.0,0.9997772574424744
1104,,,,,,,,-2.7411270141601562,2.9629629352712072e-05,-0.01635022833943367,0.000302163913147524,0.07470011711120605,0.010577917098999023,1125.0,0.16437916457653046,100.0,2.170642137527466,-0.004698507022112608,0.1854257583618164,0.0,0.9997581839561462
1105,,,,,,,,-2.7429683208465576,2.9629629352712072e-05,-0.02395847626030445,0.0008359371568076313,0.0797128677368164,0.010250091552734375,1067.0,0.16434744000434875,100.0,2.171276330947876,-0.004169908817857504,0.09258195012807846,0.0,0.9998531937599182
1106,,,,,,,,-2.744293212890625,9.999999747378752e-05,-0.01157828513532877,0.0006425572792068124,0.0773320198059082,0.010007143020629883,1099.0,0.1643407642841339,100.0,2.171276330947876,-0.004184307064861059,0.12366312742233276,0.0,0.9998072981834412
1107,,,,,,,,-2.7431068420410156,2.9629629352712072e-05,-0.010652654804289341,0.0006836835527792573,0.07670283317565918,0.010490179061889648,1101.0,0.16441665589809418,100.0,2.171804428100586,-0.004112608730792999,0.01687474548816681,0.0,0.9997715950012207
1108,,,,,,,,-2.7406179904937744,1.975308623514138e-05,-0.015950147062540054,0.0003039117727894336,0.07528495788574219,0.009797096252441406,1128.0,0.16446129977703094,100.0,2.171804428100586,-0.004189895000308752,0.16743963956832886,0.0,0.9997923970222473
1109,,,,,,,,-2.739649534225464,2.9629629352712072e-05,-0.016538351774215698,0.0010984496911987662,0.07776999473571777,0.009903907775878906,1094.0,0.1644355058670044,100.0,2.1724727153778076,-0.003952591214329004,0.09283819794654846,0.0,0.9998458027839661
1110,-0.004652426578104496,0.09419584274291992,0.0,0.999804675579071,0.0,0.0,1.0,-2.744992256164551,9.999999747378752e-05,-0.00199606129899621,0.00032884610118344426,0.07808208465576172,0.009814023971557617,1092.0,0.16402652859687805,100.0,2.1725566387176514,-0.00428289407864213,0.10918905586004257,0.0,0.9998132586479187
1111,,,,,,,,-2.766141414642334,2.9629629352712072e-05,-0.019043853506445885,0.00048367975978180766,0.07293224334716797,0.01027679443359375,1153.0,0.1636347770690918,100.0,2.1727843284606934,-0.003979665692895651,0.035395387560129166,0.0,0.9997467994689941
1112,,,,,,,,-2.7802631855010986,6.666666740784422e-05,-0.0188420619815588,0.00038475915789604187,0.078826904296875,0.010406255722045898,1075.0,0.16321788728237152,100.0,2.1731479167938232,-0.0039009845349937677,0.12810064852237701,0.0,0.9998130798339844
1113,,,,,,,,-2.7999937534332275,2.9629629352712072e-05,-0.01932446099817753,0.000422403565607965,0.07619500160217285,0.010596275329589844,1106.0,0.16287022829055786,100.0,2.1735801696777344,-0.003840044839307666,0.08379999548196793,0.0,0.9998318552970886
1114,,,,,,,,-2.811371088027954,1.975308623514138e-05,-0.010357188992202282,0.00024093542015179992,0.08022117614746094,0.010296821594238281,1060.0,0.16268698871135712,100.0,2.173679828643799,-0.003923632670193911,0.12255865335464478,0.0,0.9998300671577454
1115,,,,,,,,-2.8170363903045654,2.9629629352712072e-05,-0.009038522839546204,0.0006164830992929637,0.07238292694091797,0.010389089584350586,1159.0,0.1625809371471405,100.0,2.173679828643799,-0.004030589479953051,0.049927640706300735,0.0,0.9997692108154297
1116,,,,,,,,-2.8184850215911865,4.444444493856281e-05,-0.018536675721406937,0.00028336793184280396,0.08059215545654297,0.009979963302612305,1059.0,0.16264216601848602,100.0,2.1743156909942627,-0.004604778718203306,0.09196075797080994,0.0,0.9998316764831543
1117,,,,,,,,-2.8159656524658203,1.975308623514138e-05,-0.02929178811609745,0.0017805760726332664,0.07657814025878906,0.010353803634643555,1104.0,0.16265824437141418,100.0,2.1747539043426514,-0.0040678116492927074,0.15409409999847412,0.0,0.9998106956481934
1118,,,,,,,,-2.8173680305480957,2.9629629352712072e-05,-0.018107960000634193,5.159316062927246,0.07764887809753418,0.010022163391113281,1095.0,0.1625736653804779,100.0,2.174884080886841,-0.0036657124292105436,-4.9183268547058105,0.0,0.999835193157196
1119,,,,,,,,-2.820718765258789,2.9629629352712072e-05,-0.02108183689415455,0.003693309612572193,0.07324910163879395,0.009926795959472656,1154.0,0.16255280375480652,100.0,2.174884080886841,-0.004011599812656641,0.13825781643390656,0.0,0.9997690320014954
1120,,,,,,,,-2.8212835788726807,1.975308623514138e-05,-0.023157238960266113,0.0006409708294086158,0.07896876335144043,0.010288238525390625,1075.0,0.16252095997333527,100.0,2.1763720512390137,-0.0038791056722402573,0.044969961047172546,0.0,0.9998151659965515
1121,,,,,,,,-2.8227286338806152,6.666666740784422e-05,-0.013975480571389198,0.001324312062934041,0.07852602005004883,0.010782003402709961,1074.0,0.16249516606330872,100.0,2.0806288719177246,-0.0036444300785660744,0.17494283616542816,0.0,0.999790608882904
1122,,,,,,,,-2.8239145278930664,4.444444493856281e-05,-0.02421296387910843,0.0014740237966179848,0.07850980758666992,0.010442018508911133,1079.0,0.1625024974346161,100.0,2.081636428833008,-0.003890478750690818,0.11263721436262131,0.0,0.9998599886894226
1123,,,,,,,,-2.822777271270752,4.444444493856281e-05,-0.02382587268948555,5.947729110717773,0.07300186157226562,0.009938955307006836,1157.0,0.1625402867794037,100.0,2.081636428833008,-0.0036402728874236345,-5.0021071434021,0.0,0.9997732043266296
1124,,,,,,,,-2.8200576305389404,6.666666740784422e-05,-0.018516460433602333,0.0032120193354785442,0.08194470405578613,0.010477066040039062,1038.0,0.1626233160495758,100.0,2.0825486183166504,-0.0035909749567508698,0.11780574172735214,0.0,0.9998180270195007
1125,,,,,,,,-2.818880081176758,4.444444493856281e-05,-0.015648283064365387,6.3816633224487305,0.07654404640197754,0.010025978088378906,1108.0,0.16247907280921936,100.0,2.0830767154693604,-0.003852617694064975,-4.856106281280518,0.0,0.9997603297233582
1126,,,,,,,,-2.824674606323242,2.9629629352712072e-05,-0.02113453298807144,0.00988449715077877,0.07957100868225098,0.010468006134033203,1066.0,0.16235366463661194,100.0,1.9877846240997314,-0.004221621435135603,0.26978006958961487,0.0,0.9998651146888733
1127,,,,,,,,-2.8290648460388184,2.9629629352712072e-05,-0.011611245572566986,0.009095698595046997,0.07497715950012207,0.011432886123657227,1110.0,0.1622266322374344,100.0,1.9877846240997314,-0.0037474820856004953,0.2834114134311676,0.0,0.9997723698616028
1128,,,,,,,,-2.8344342708587646,2.9629629352712072e-05,-0.025570059195160866,0.0014899398665875196,0.0811920166015625,0.010823965072631836,1043.0,0.1621001809835434,100.0,1.8989557027816772,-0.003662629285827279,0.09555817395448685,0.0,0.9998044967651367
1129,,,,,,,,-2.837552070617676,6.666666740784422e-05,-0.025719091296195984,0.006340510211884975,0.07467198371887207,0.010437965393066406,1127.0,0.16218926012516022,100.0,1.8991849422454834,-0.004221229813992977,0.1885487288236618,0.0,0.9997865557670593
1130,,,,,,,,-2.833462953567505,2.9629629352712072e-05,-0.02086355723440647,0.0024655188899487257,0.07793521881103516,0.010101079940795898,1090.0,0.16223184764385223,100.0,1.899928331375122,-0.003948232624679804,0.08258896321058273,0.0,0.9998695254325867
1131,,,,,,,,-2.833125114440918,9.999999747378752e-06,-0.02221149392426014,0.0021411406341940165,0.07758188247680664,0.010185003280639648,1093.0,0.16222073137760162,100.0,1.899928331375122,-0.0039590164087712765,0.11576832085847855,0.0,0.9998213648796082
1132,,,,,,,,-2.8324460983276367,2.2500000341096893e-05,-0.015164944343268871,0.0003477561112958938,0.07661199569702148,0.010272979736328125,1104.0,0.16228839755058289,100.0,1.9003740549087524,-0.0037126585375517607,0.012772694230079651,0.0,0.9998087882995605
1133,,,,,,,,-2.8270933628082275,0.00011390625149942935,-0.007355113979429007,0.004224162083119154,0.07657885551452637,0.009986162185668945,1108.0,0.16245998442173004,100.0,1.9003740549087524,-0.004223358817398548,0.16957855224609375,0.0,0.9998009204864502
1134,,,,,,,,-2.8162899017333984,5.062499985797331e-05,-0.02353101409971714,0.000986468861810863,0.07601618766784668,0.010135650634765625,1114.0,0.16280758380889893,100.0,1.900901436805725,-0.003234659554436803,0.08556248992681503,0.0,0.9998712539672852
1135,-0.0041280388832092285,0.08542981743812561,0.0,0.9998304843902588,0.0,0.0,1.0,-2.8080193996429443,5.062499985797331e-05,-0.013942545279860497,7.7029218673706055,0.07853913307189941,0.009989023208618164,1084.0,0.16278378665447235,100.0,1.9008262157440186,-0.004295088816434145,-5.02454948425293,0.0,0.9998424649238586
1136,,,,,,,,-2.81323504447937,2.2500000341096893e-05,-0.033599842339754105,0.007124781608581543,0.07355809211730957,0.010603904724121094,1140.0,0.16262367367744446,100.0,1.9014506340026855,-0.0034695540089160204,0.10916078090667725,0.0,0.9997989535331726
1137,,,,,,,,-2.8184850215911865,2.2500000341096893e-05,-0.010195108130574226,7.449645042419434,0.07985210418701172,0.009946823120117188,1069.0,0.16256166994571686,100.0,1.9015313386917114,-0.003891853615641594,-4.9362006187438965,0.0,0.9998330473899841
1138,,,,,,,,-2.820056676864624,3.3749998692655936e-05,-0.00851485226303339,0.006942542269825935,0.0775449275970459,0.009936094284057617,1097.0,0.16252410411834717,100.0,1.9015973806381226,-0.0037898048758506775,0.18237467110157013,0.0,0.9998457431793213
1139,,,,,,,,-2.82279896736145,5.062499985797331e-05,-0.011892386712133884,0.007268526125699282,0.07847285270690918,0.010523080825805664,1078.0,0.16243545711040497,100.0,1.804842472076416,-0.003786306129768491,0.28586387634277344,0.0,0.9998442530632019
1140,,,,,,,,-2.8291068077087402,7.593750342493877e-05,-0.015892794355750084,1.7836024761199951,0.07349324226379395,0.01021575927734375,1146.0,0.16222108900547028,100.0,1.804842472076416,-0.0035690933000296354,-4.844113826751709,0.0,0.9997835159301758
1141,,,,,,,,-2.8423750400543213,0.00017085937724914402,-0.010331126861274242,7.476936340332031,0.0810098648071289,0.009946107864379883,1055.0,0.16184301674365997,100.0,1.7166812419891357,-0.004184512887150049,-4.996211528778076,0.0,0.9998538494110107
1142,,,,,,,,-2.863279342651367,2.2500000341096893e-05,-0.030807975679636,2.988828182220459,0.07710838317871094,0.010895729064941406,1090.0,0.16157343983650208,100.0,1.716582179069519,-0.0036369841545820236,-4.910539627075195,0.0,0.9998283386230469
1143,,,,,,,,-2.8685336112976074,3.3749998692655936e-05,-0.012014227919280529,0.029742756858468056,0.07840323448181152,0.010319709777832031,1082.0,0.1615801304578781,100.0,1.6204627752304077,-0.0037046184297651052,0.13001877069473267,0.0,0.9998558163642883
1144,,,,,,,,-2.867537260055542,5.062499985797331e-05,-0.020742954686284065,3.956324815750122,0.07526779174804688,0.01059412956237793,1118.0,0.1616477519273758,100.0,1.6204627752304077,-0.0036167872603982687,-5.012746334075928,0.0,0.9997797012329102
1145,,,,,,,,-2.8667471408843994,3.3749998692655936e-05,-0.012211907655000687,0.007396724075078964,0.08105182647705078,0.009904146194458008,1055.0,0.1616365760564804,100.0,1.4259262084960938,-0.003891447326168418,0.04286791384220123,0.0,0.9998435378074646
1146,,,,,,,,-2.8680801391601562,2.2500000341096893e-05,-0.03931688144803047,0.06507908552885056,0.07855796813964844,0.010309934616088867,1080.0,0.1615923047065735,100.0,1.4265345335006714,-0.004001985769718885,0.15659981966018677,0.0,0.9998050332069397
1147,,,,,,,,-2.8672611713409424,2.2500000341096893e-05,-0.024922221899032593,5.361259937286377,0.07704901695251465,0.010039806365966797,1102.0,0.1617262214422226,100.0,1.3288737535476685,-0.003836602671071887,-4.932371139526367,0.0,0.9998716711997986
1148,,,,,,,,-2.862069845199585,2.2500000341096893e-05,-0.02136562392115593,4.866866111755371,0.07307219505310059,0.01046299934387207,1149.0,0.1617790013551712,100.0,1.3288737535476685,-0.0038946252316236496,-4.877918243408203,0.0,0.9998054504394531
1149,,,,,,,,-2.8594818115234375,3.3749998692655936e-05,-0.019482627511024475,0.02488156035542488,0.07856202125549316,0.009744882583618164,1087.0,0.1618846207857132,100.0,1.3288862705230713,-0.0033781621605157852,0.32826390862464905,0.0,0.9998397827148438
1150,,,,,,,,-2.854236364364624,2.2500000341096893e-05,-0.020208749920129776,3.8835020065307617,0.07803702354431152,0.010148048400878906,1088.0,0.16198308765888214,100.0,1.2400617599487305,-0.00415968568995595,-4.666983127593994,0.0,0.999797523021698
1151,,,,,,,,-2.8520829677581787,3.3749998692655936e-05,-0.020253311842679977,0.08022729307413101,0.07779669761657715,0.010224103927612305,1090.0,0.16204044222831726,100.0,1.1475070714950562,-0.0035111980978399515,0.10868927836418152,0.0,0.9998834729194641
1152,,,,,,,,-2.850101947784424,3.3749998692655936e-05,-0.012553361244499683,0.06953947246074677,0.07377314567565918,0.010501861572265625,1139.0,0.16209003329277039,100.0,1.1475070714950562,-0.003573833266273141,0.09529289603233337,0.0,0.9998151659965515
1153,,,,,,,,-2.849449396133423,2.2500000341096893e-05,-0.022010579705238342,0.00534351309761405,0.07953786849975586,0.009861230850219727,1073.0,0.16209819912910461,100.0,1.0506483316421509,-0.003689368022605777,0.0030595685821026564,0.0,0.9998311996459961
1154,,,,,,,,-2.8491156101226807,5.062499985797331e-05,-0.015477164648473263,5.194290637969971,0.07592916488647461,0.009685039520263672,1121.0,0.1621185690164566,100.0,1.0505369901657104,-0.0036055410746484995,-4.92237663269043,0.0,0.9997954964637756
1155,,,,,,,,-2.8461318016052246,7.593750342493877e-05,-0.008961041457951069,0.08335747569799423,0.07828974723815918,0.009871244430541992,1088.0,0.16224586963653564,100.0,1.0504957437515259,-0.004059485625475645,0.15886689722537994,0.0,0.9998860955238342
1156,,,,,,,,-2.8442435264587402,1.4999999621068127e-05,-0.03502215817570686,6.277561664581299,0.0763692855834961,0.009662866592407227,1115.0,0.16220690310001373,100.0,1.0504957437515259,-0.003969505429267883,-5.025021076202393,0.0,0.9998090863227844
1157,,,,,,,,-2.8463242053985596,3.3749998692655936e-05,-0.011049601249396801,0.005658591631799936,0.07699394226074219,0.01064300537109375,1095.0,0.16218146681785583,100.0,0.9540929794311523,-0.003866039216518402,0.09507811069488525,0.0,0.9998037219047546
1158,,,,,,,,-2.8484089374542236,9.999999747378752e-06,-0.012704514898359776,0.1413632482290268,0.07564711570739746,0.010303974151611328,1116.0,0.1621360182762146,100.0,0.9540929794311523,-0.003871215507388115,0.13577152788639069,0.0,0.9998095035552979
1159,,,,,,,,-2.8497962951660156,5.062499985797331e-05,-0.011706599034368992,0.012247839011251926,0.0788872241973877,0.01059579849243164,1072.0,0.1621256321668625,100.0,0.9541661739349365,-0.003920563962310553,0.07862656563520432,0.0,0.9998652935028076
1160,-0.004244585987180471,-4.75696325302124,0.0,0.9998040795326233,0.0,0.0,1.0,-2.849022626876831,5.062499985797331e-05,-0.026015017181634903,0.05472407117486,0.07798910140991211,0.010286808013916016,1087.0,0.1621110439300537,100.0,0.8572241067886353,-0.004258266184478998,0.09369554370641708,0.0,0.9998227953910828
1161,,,,,,,,-2.8525707721710205,9.999999747378752e-06,-0.007858465425670147,0.0010441453196108341,0.07363104820251465,0.01014089584350586,1145.0,0.16200406849384308,100.0,0.8569711446762085,-0.003604309633374214,0.03539049252867699,0.0,0.9997873902320862
1162,,,,,,,,-2.85494327545166,0.00011390625149942935,-0.006705467589199543,0.04172106087207794,0.08064794540405273,0.009762048721313477,1061.0,0.1620047688484192,100.0,0.8569723963737488,-0.004112937953323126,0.10528189688920975,0.0,0.9998247027397156
1163,,,,,,,,-2.8573825359344482,1.4999999621068127e-05,-0.027281640097498894,0.007425220217555761,0.07711005210876465,0.01036977767944336,1097.0,0.1618974804878235,100.0,0.8569296598434448,-0.0041551836766302586,0.07762196660041809,0.0,0.9998559951782227
1164,,,,,,,,-2.8607728481292725,9.999999747378752e-06,-0.02303152345120907,0.02012680284678936,0.07796621322631836,0.010057926177978516,1090.0,0.1618424654006958,100.0,0.8568407297134399,-0.00427163066342473,0.0996212363243103,0.0,0.9998332858085632
1165,,,,,,,,-2.86338210105896,3.3749998692655936e-05,-0.013814415782690048,0.017115896567702293,0.07269001007080078,0.009938955307006836,1161.0,0.16176405549049377,100.0,0.8568407297134399,-0.0034420916344970465,0.07153848558664322,0.0,0.9997770190238953
1166,,,,,,,,-2.868631362915039,2.2500000341096893e-05,-0.022321613505482674,0.028773663565516472,0.08016610145568848,0.01016688346862793,1062.0,0.16166631877422333,100.0,0.8566322326660156,-0.0037371693179011345,0.07102379202842712,0.0,0.9998301863670349
1167,,,,,,,,-2.8711020946502686,5.062499985797331e-05,-0.012214531190693378,0.01673394814133644,0.07804107666015625,0.010649681091308594,1082.0,0.1616763174533844,100.0,0.8563685417175293,-0.00400549964979291,0.12066397815942764,0.0,0.9998318552970886
1168,,,,,,,,-2.8743093013763428,5.062499985797331e-05,-0.006189374718815088,0.026911064982414246,0.07761883735656738,0.010062217712402344,1094.0,0.1614805907011032,100.0,0.8567125201225281,-0.004335631150752306,0.10038777440786362,0.0,0.9998562932014465
1169,,,,,,,,-2.882817029953003,2.2500000341096893e-05,-0.014850475825369358,0.016694575548171997,0.07219409942626953,0.009851932525634766,1170.0,0.16135385632514954,100.0,0.8567125201225281,-0.00406812597066164,0.0778089389204979,0.0,0.9997890591621399
1170,,,,,,,,-2.885953903198242,7.593750342493877e-05,-0.02194327302277088,0.0020556754898279905,0.07949686050415039,0.009871244430541992,1074.0,0.16136814653873444,100.0,0.8568814396858215,-0.004297046456485987,0.01713758520781994,0.0,0.9998423457145691
1171,,,,,,,,-2.885469913482666,3.3749998692655936e-05,-0.020067648962140083,0.022737445309758186,0.07757377624511719,0.009837150573730469,1098.0,0.1613740473985672,100.0,0.8571551442146301,-0.004241708666086197,0.1376098245382309,0.0,0.9998294711112976
1172,,,,,,,,-2.886632204055786,2.2500000341096893e-05,-0.021208934485912323,0.014952941797673702,0.07856297492980957,0.010895967483520508,1073.0,0.16131219267845154,100.0,0.8569811582565308,-0.004104535561054945,0.07353007793426514,0.0,0.9998696446418762
1173,,,,,,,,-2.8887808322906494,2.2500000341096893e-05,-0.01748400367796421,0.019401825964450836,0.07274508476257324,0.009872674942016602,1161.0,0.1612553894519806,100.0,0.8569811582565308,-0.0034479934256523848,0.10438889265060425,0.0,0.9997832775115967
1174,,,,,,,,-2.890800952911377,9.999999747378752e-06,-0.017827723175287247,0.004440763965249062,0.08051419258117676,0.010515213012695312,1054.0,0.16121946275234222,100.0,0.8564713597297668,-0.004256418440490961,0.0010853614658117294,0.0,0.9998140335083008
1175,,,,,,,,-2.8921396732330322,5.062499985797331e-05,-0.013754324987530708,0.028943976387381554,0.07796788215637207,0.010237932205200195,1088.0,0.16118855774402618,100.0,0.8560061454772949,-0.0042183552868664265,0.17714834213256836,0.0,0.9997968673706055
1176,,,,,,,,-2.892854928970337,2.2500000341096893e-05,-0.01249526347965002,0.018240831792354584,0.07705330848693848,0.010592937469482422,1095.0,0.16120845079421997,100.0,0.8563233017921448,-0.0037523095961660147,0.09241106361150742,0.0,0.9998688697814941
1177,,,,,,,,-2.8931984901428223,2.2500000341096893e-05,-0.010944967158138752,0.011014681309461594,0.07585597038269043,0.01036691665649414,1113.0,0.16120755672454834,100.0,0.8563233017921448,-0.0036710419226437807,0.0760626494884491,0.0,0.9997853636741638
1178,,,,,,,,-2.892883777618408,5.062499985797331e-05,-0.02268015779554844,0.0025877344887703657,0.07758903503417969,0.009921073913574219,1097.0,0.16122999787330627,100.0,0.8559343218803406,-0.0037010738160461187,0.00388459418900311,0.0,0.9997987747192383
1179,,,,,,,,-2.890192747116089,2.2500000341096893e-05,-0.028620511293411255,0.014461255632340908,0.07448196411132812,0.010403156280517578,1130.0,0.1613544523715973,100.0,0.8560197949409485,-0.0040685683488845825,0.12862668931484222,0.0,0.9997888207435608
1180,,,,,,,,-2.8859636783599854,2.2500000341096893e-05,-0.010709384456276894,0.014147375710308552,0.07699203491210938,0.009772062301635742,1106.0,0.1613796353340149,100.0,0.8555976748466492,-0.003622249932959676,0.0698605552315712,0.0,0.999871551990509
1181,,,,,,,,-2.886078119277954,7.593750342493877e-05,-0.0019900165498256683,0.009316325187683105,0.07601284980773926,0.00982213020324707,1118.0,0.16133442521095276,100.0,0.8555976748466492,-0.0033901396673172712,0.10081524401903152,0.0,0.9998111128807068
1182,,,,,,,,-2.8890817165374756,1.4999999621068127e-05,-0.018808742985129356,0.0024977242574095726,0.07686614990234375,0.009855031967163086,1106.0,0.1612349897623062,100.0,0.8543890118598938,-0.004014911595731974,0.0161917582154274,0.0,0.999800980091095
1183,,,,,,,,-2.891832113265991,1.4999999621068127e-05,-0.03199769929051399,0.018785908818244934,0.07539892196655273,0.010267019271850586,1120.0,0.1612049788236618,100.0,0.8543890118598938,-0.003647220553830266,0.15314452350139618,0.0,0.9998190999031067
1184,,,,,,,,-2.8935346603393555,3.3749998692655936e-05,-0.018643023446202278,0.005113318096846342,0.07902789115905762,0.010010004043579102,1078.0,0.1611638218164444,100.0,0.8543750047683716,-0.0039394875057041645,0.094934843480587,0.0,0.9998794198036194
1185,-0.003611669410020113,0.0739300549030304,0.0,0.9998296499252319,0.0,0.0,1.0,-2.8956778049468994,2.2500000341096893e-05,-0.005976805929094553,0.008669931441545486,0.07899308204650879,0.010306835174560547,1075.0,0.16112294793128967,100.0,0.854071319103241,-0.004213413689285517,0.0985749140381813,0.0,0.9998157620429993
1186,,,,,,,,-2.898228883743286,3.3749998692655936e-05,-0.009792109951376915,0.0018798920791596174,0.07432293891906738,0.010424137115478516,1132.0,0.1610529124736786,100.0,0.854204535484314,-0.003772766562178731,0.03406767174601555,0.0,0.9997854232788086
1187,,,,,,,,-2.900283098220825,2.2500000341096893e-05,-0.020271455869078636,0.006325135938823223,0.07978105545043945,0.009682178497314453,1073.0,0.1610546112060547,100.0,0.8544754385948181,-0.0038206942845135927,0.07329226285219193,0.0,0.9998272061347961
1188,,,,,,,,-2.900886297225952,5.062499985797331e-05,-0.011678963899612427,0.0023721843026578426,0.07818102836608887,0.010033845901489258,1088.0,0.1609778106212616,100.0,0.8545599579811096,-0.00364330573938787,0.0697026476264,0.0,0.9998655915260315
1189,,,,,,,,-2.9015095233917236,2.2500000341096893e-05,-0.019389888271689415,0.0028650059830397367,0.07778406143188477,0.009745359420776367,1096.0,0.16106078028678894,100.0,0.853234589099884,-0.0036151104141026735,0.08019424229860306,0.0,0.9998273849487305
1190,,,,,,,,-2.8992104530334473,5.062499985797331e-05,-0.01471442449837923,0.00221256329677999,0.07375693321228027,0.010243892669677734,1142.0,0.16102701425552368,100.0,0.853234589099884,-0.004307528492063284,0.07198571413755417,0.0,0.9997751116752625
1191,,,,,,,,-2.9016330242156982,2.2500000341096893e-05,-0.016411960124969482,0.004911279305815697,0.08053779602050781,0.010308027267456055,1056.0,0.16099326312541962,100.0,0.8518258333206177,-0.00431344797834754,0.05100025609135628,0.0,0.9998300671577454
1192,,,,,,,,-2.8993642330169678,5.062499985797331e-05,-0.02189931645989418,0.0025137097109109163,0.07741308212280273,0.010404109954833984,1093.0,0.1611628234386444,100.0,0.8501474857330322,-0.0035858203191310167,0.11883747577667236,0.0,0.9998293519020081
1193,,,,,,,,-2.893298387527466,9.999999747378752e-06,-0.02182026207447052,0.002012336626648903,0.07846808433532715,0.0101470947265625,1083.0,0.16120758652687073,100.0,0.8501092791557312,-0.004132526461035013,0.06388724595308304,0.0,0.9998364448547363
1194,,,,,,,,-2.8926613330841064,7.593750342493877e-05,-0.01220992486923933,0.0018847414758056402,0.07218313217163086,0.009911775588989258,1169.0,0.16123458743095398,100.0,0.8501092791557312,-0.0036322337109595537,0.06851500272750854,0.0,0.9997797012329102
1195,,,,,,,,-2.8894004821777344,2.2500000341096893e-05,-0.02140144631266594,0.0011895321076735854,0.07997584342956543,0.009903907775878906,1068.0,0.16132016479969025,100.0,0.8494939804077148,-0.0038155277725309134,0.010501724667847157,0.0,0.9998307228088379
1196,,,,,,,,-2.885411500930786,2.2500000341096893e-05,-0.022751584649086,0.002307681832462549,0.07784199714660645,0.010164976119995117,1090.0,0.16146329045295715,100.0,0.8488403558731079,-0.0037163228262215853,0.11557640880346298,0.0,0.9998143315315247
1197,,,,,,,,-2.8810062408447266,0.00011390625149942935,-0.007337311748415232,0.0035484670661389828,0.0771939754486084,0.009793996810913086,1103.0,0.1615532636642456,100.0,0.84830641746521,-0.003493068739771843,0.10199763625860214,0.0,0.9998641014099121
1198,,,,,,,,-2.8800888061523438,9.999999747378752e-06,-0.022961953654885292,0.0012568749953061342,0.07541775703430176,0.010967016220092773,1111.0,0.16156789660453796,100.0,0.84830641746521,-0.0038243066519498825,0.07104802131652832,0.0,0.999800443649292
1199,,,,,,,,-2.879678964614868,5.062499985797331e-05,-0.01964838057756424,3.440150022506714,0.08035469055175781,0.010226249694824219,1059.0,0.1616058349609375,99.12000274658203,0.7775142192840576,-0.00383715215139091,0.0005572739173658192,-2.6041667461395264,0.9998371601104736
1200,,,,,,,,-2.8780832290649414,9.999999747378752e-06,-0.01466896291822195,0.00618476839736104,0.08059096336364746,0.010122060775756836,1058.0,0.16161444783210754,99.12000274658203,0.7774602770805359,-0.004347641486674547,0.14158403873443604,0.0,0.9998080730438232
1201,,,,,,,,-2.878387451171875,2.2500000341096893e-05,-0.012950281612575054,0.0015902004670351744,0.07878613471984863,0.009968996047973633,1081.0,0.16158506274223328,99.12000274658203,0.7769664525985718,-0.004051665309816599,0.07099459320306778,0.0,0.9998853802680969
1202,,,,,,,,-2.879305362701416,3.3749998692655936e-05,-0.011993788182735443,0.001124994014389813,0.07402896881103516,0.010061025619506836,1141.0,0.16160136461257935,99.12000274658203,0.7769664525985718,-0.0042470586486160755,0.059742093086242676,0.0,0.9998086094856262
1203,,,,,,,,-2.8767740726470947,9.999999747378752e-06,-0.029162153601646423,0.00038751246756874025,0.07408380508422852,0.009931087493896484,1142.0,0.16169753670692444,99.12000274658203,0.7771288156509399,-0.003676153952255845,0.003008781699463725,0.0,0.9997823238372803
1204,,,,,,,,-2.874314308166504,2.2500000341096893e-05,-0.01758355274796486,0.0024671878200024366,0.07785987854003906,0.00993800163269043,1093.0,0.1617165505886078,99.12000274658203,0.7752315402030945,-0.003924516960978508,0.08825143426656723,0.0,0.9998176693916321
1205,,,,,,,,-2.8756377696990967,2.2500000341096893e-05,-0.02086465246975422,0.0015104931080713868,0.07904410362243652,0.010439872741699219,1072.0,0.1616545170545578,99.12000274658203,0.7742397785186768,-0.004009146708995104,0.10034450143575668,0.0,0.9998865127563477
1206,,,,,,,,-2.8775949478149414,7.593750342493877e-05,-0.007374322507530451,0.00224387738853693,0.07692599296569824,0.010515928268432617,1097.0,0.16166560351848602,99.12000274658203,0.7742397785186768,-0.0036007463932037354,0.09614352136850357,0.0,0.9998423457145691
1207,,,,,,,,-2.877401113510132,1.4999999621068127e-05,-0.016860635951161385,0.000562521570827812,0.07128405570983887,0.010142803192138672,1178.0,0.16165560483932495,99.12000274658203,0.772529125213623,-0.003308940678834915,0.03001265414059162,0.0,0.9998016953468323
1208,,,,,,,,-2.878544807434082,2.2500000341096893e-05,-0.017893478274345398,0.002326514571905136,0.07941818237304688,0.010408878326416016,1068.0,0.16161352396011353,99.12000274658203,0.7724003791809082,-0.004378739278763533,0.07288710027933121,0.0,0.9998190999031067
1209,,,,,,,,-2.880228042602539,3.3749998692655936e-05,-0.02477245219051838,0.001222211983986199,0.07667207717895508,0.009852886199951172,1109.0,0.16164453327655792,99.12000274658203,0.7712703347206116,-0.004034958779811859,0.1148320809006691,0.0,0.9998604655265808
1210,-0.0023917865473777056,0.05084126442670822,-1.25,0.5499088168144226,0.0,0.5,0.5,-2.8822169303894043,3.3749998692655936e-05,-0.020809181034564972,3.0920825004577637,0.0819239616394043,0.010626077651977539,1037.0,0.16150197386741638,98.22000122070312,0.7016498446464539,-0.004331518430262804,0.038508687168359756,-2.6041667461395264,0.9998602867126465
1211,,,,,,,,-2.886939287185669,2.2500000341096893e-05,-0.01153227873146534,0.0017228047363460064,0.07246613502502441,0.010490894317626953,1157.0,0.16144207119941711,98.22000122070312,0.7016498446464539,-0.0038186132442206144,0.06001092866063118,0.0,0.9997654557228088
1212,,,,,,,,-2.8874616622924805,3.3749998692655936e-05,-0.01171305775642395,0.0011023293482139707,0.0809483528137207,0.009854793548583984,1057.0,0.16144484281539917,98.22000122070312,0.7005311250686646,-0.003687815507873893,0.01874319650232792,0.0,0.9998428821563721
1213,,,,,,,,-2.887291193008423,2.2500000341096893e-05,-0.024068044498562813,0.0007920546922832727,0.07756185531616211,0.009943008422851562,1097.0,0.1613735854625702,98.22000122070312,0.6998652815818787,-0.003970119636505842,0.099100261926651,0.0,0.9998464584350586
1214,,,,,,,,-2.888371706008911,0.00011390625149942935,-0.006548567209392786,0.00036702261422760785,0.07670187950134277,0.010114192962646484,1105.0,0.16139325499534607,98.22000122070312,0.6990846991539001,-0.003968837670981884,0.05714280530810356,0.0,0.9998406767845154
1215,,,,,,,,-2.88796067237854,2.2500000341096893e-05,-0.01641189120709896,0.0002091908681904897,0.0725407600402832,0.01034402847290039,1158.0,0.1613408923149109,98.22000122070312,0.6990846991539001,-0.003781863721087575,0.05663127079606056,0.0,0.9997580051422119
1216,,,,,,,,-2.890716552734375,2.2500000341096893e-05,-0.007101485971361399,0.0006808923208154738,0.07940387725830078,0.009896993637084961,1075.0,0.16123850643634796,98.22000122070312,0.6972660422325134,-0.0037590451538562775,0.0058126989752054214,0.0,0.9998271465301514
1217,,,,,,,,-2.89617657661438,3.3749998692655936e-05,-0.018618708476424217,1.948771357536316,0.08337807655334473,0.010362863540649414,1024.0,0.16110236942768097,97.37000274658203,0.6278611421585083,-0.003928518388420343,0.05977208912372589,-2.6041667461395264,0.9998522400856018
1218,,,,,,,,-2.90151309967041,7.593750342493877e-05,-0.007891310378909111,0.0033284362871199846,0.0756070613861084,0.010491132736206055,1115.0,0.16101686656475067,97.37000274658203,0.6269554495811462,-0.004296343307942152,0.145035520195961,0.0,0.999847412109375
1219,,,,,,,,-2.904622793197632,9.999999747378752e-06,-0.01348152756690979,2.723468065261841,0.07727718353271484,0.009878873825073242,1101.0,0.16099387407302856,96.51000213623047,0.5581609606742859,-0.003796878270804882,0.0020364774391055107,-2.6041667461395264,0.9998424053192139
1220,,,,,,,,-2.904440402984619,1.4999999621068127e-05,-0.006501489784568548,0.0024062192533165216,0.07483577728271484,0.009881258010864258,1133.0,0.1610410511493683,96.51000213623047,0.5562000274658203,-0.0038389756809920073,0.10313469171524048,0.0,0.9997799396514893
1221,,,,,,,,-2.9037880897521973,2.2500000341096893e-05,-0.013014237396419048,0.0020507555454969406,0.08207893371582031,0.01006007194519043,1041.0,0.16100522875785828,96.51000213623047,0.6516479253768921,-0.004316633567214012,0.10462815314531326,0.0,0.9998679757118225
1222,,,,,,,,-2.907000780105591,3.3749998692655936e-05,-0.02042219415307045,0.0007328775827772915,0.07384800910949707,0.00983881950378418,1147.0,0.16087205708026886,96.51000213623047,0.6516479253768921,-0.004117164295166731,0.11971163004636765,0.0,0.9998440742492676
1223,,,,,,,,-2.913306474685669,1.4999999621068127e-05,-0.010632650926709175,0.00026957792579196393,0.07763099670410156,0.009948968887329102,1096.0,0.16072259843349457,96.51000213623047,0.651091456413269,-0.003982401918619871,0.001349632628262043,0.0,0.9998307228088379
1224,,,,,,,,-2.918886661529541,3.3749998692655936e-05,-0.01381104439496994,0.0008868246804922819,0.07566523551940918,0.010413885116577148,1115.0,0.1605602651834488,96.51000213623047,0.6509072780609131,-0.003777719335630536,0.06592711061239243,0.0,0.9997718930244446
1225,,,,,,,,-2.926110029220581,3.3749998692655936e-05,-0.012468702159821987,0.0021533346734941006,0.07994580268859863,0.010152101516723633,1065.0,0.16041387617588043,96.51000213623047,0.6490428447723389,-0.004215871449559927,0.09608745574951172,0.0,0.9998578429222107
1226,,,,,,,,-2.939100503921509,7.593750342493877e-05,-0.010715567506849766,0.0028251572512090206,0.0726170539855957,0.010153770446777344,1159.0,0.1597689688205719,96.51000213623047,0.6490428447723389,-0.003995254635810852,0.15935878455638885,0.0,0.9998481273651123
1227,,,,,,,,-2.9674220085144043,3.3749998692655936e-05,-0.014804697595536709,0.00042692580609582365,0.0742790699005127,0.010007858276367188,1138.0,0.15934105217456818,96.51000213623047,0.7440338134765625,-0.0037104354705661535,0.009861073456704617,0.0,0.9998456835746765
1228,,,,,,,,-2.977799892425537,3.3749998692655936e-05,-0.01284482516348362,0.0007247490575537086,0.07380509376525879,0.009764909744262695,1148.0,0.15920403599739075,96.51000213623047,0.7425445914268494,-0.0038453389424830675,0.059046175330877304,0.0,0.9997753500938416
1229,,,,,,,,-2.981938600540161,2.2500000341096893e-05,-0.017857380211353302,0.0005925227887928486,0.08047366142272949,0.010244131088256836,1058.0,0.1591683328151703,96.51000213623047,0.8325356245040894,-0.004266350995749235,0.05294303968548775,0.0,0.9998521208763123
1230,,,,,,,,-2.984835147857666,3.3749998692655936e-05,-0.012035231105983257,0.0008253698470070958,0.07648730278015137,0.010100841522216797,1108.0,0.15899088978767395,96.51000213623047,0.8325356245040894,-0.004117628559470177,0.09306567907333374,0.0,0.9998670220375061
1231,,,,,,,,-2.992973804473877,9.999999747378752e-06,-0.00838224682956934,0.00029929642914794385,0.07323074340820312,0.009900093078613281,1154.0,0.15886923670768738,96.51000213623047,0.8312735557556152,-0.0035889253485947847,0.026031283661723137,0.0,0.9998422265052795
1232,,,,,,,,-2.9979493618011475,3.3749998692655936e-05,-0.006332410033792257,0.0006361682317219675,0.07564878463745117,0.010051965713500977,1120.0,0.15869103372097015,96.51000213623047,0.8304967880249023,-0.003463148372247815,0.04324956610798836,0.0,0.999769926071167
1233,,,,,,,,-3.00561261177063,1.4999999621068127e-05,-0.018614912405610085,0.0005358741618692875,0.07479286193847656,0.009803056716918945,1134.0,0.15860049426555634,96.51000213623047,0.829707682132721,-0.004025155678391457,0.05062668025493622,0.0,0.9998350143432617
1234,,,,,,,,-3.007373571395874,2.2500000341096893e-05,-0.01753310300409794,0.001051324768923223,0.08097314834594727,0.010041952133178711,1054.0,0.1585874855518341,96.51000213623047,0.8285324573516846,-0.0038428560364991426,0.07631855458021164,0.0,0.9998624920845032
1235,,,,,,,,-3.007629632949829,3.3749998692655936e-05,-0.009993220679461956,0.0003283700789324939,0.07089614868164062,0.009775876998901367,1190.0,0.15860792994499207,96.51000213623047,0.8285324573516846,-0.003307151608169079,0.04657018184661865,0.0,0.9998310208320618
1236,-0.0035389820113778114,0.05862210690975189,0.0,0.9998224973678589,0.0,0.0,1.0,-3.0049054622650146,1.4999999621068127e-05,-0.01546864490956068,0.0012304509291425347,0.07582283020019531,0.00991511344909668,1119.0,0.158681258559227,96.51000213623047,0.8280079364776611,-0.0038983577396720648,0.03995271027088165,0.0,0.9997990131378174
1237,,,,,,,,-2.997727155685425,5.062499985797331e-05,-0.008577427826821804,0.001655604806728661,0.07510495185852051,0.010969877243041992,1115.0,0.15905189514160156,96.51000213623047,0.8268446922302246,-0.003496194491162896,0.08660068362951279,0.0,0.9998235106468201
1238,-0.002604998415336013,0.03245922178030014,-0.8333333134651184,0.7032169699668884,0.0,0.3333333432674408,0.6666666865348816,-2.9772894382476807,2.2500000341096893e-05,-0.023076260462403297,3.1440770626068115,0.08641886711120605,0.009938240051269531,996.0,0.1594279557466507,95.62000274658203,0.8527204990386963,-0.00440709525719285,0.09043415635824203,-2.6041667461395264,0.9998774528503418
1239,,,,,,,,-2.966818332672119,1.4999999621068127e-05,-0.018723204731941223,0.001364357303828001,0.07352805137634277,0.009921789169311523,1150.0,0.15954646468162537,95.62000274658203,0.8527204990386963,-0.004055866505950689,0.0846610739827156,0.0,0.9998237490653992
1240,,,,,,,,-2.959693670272827,5.062499985797331e-05,-0.012840965762734413,0.0010717029217630625,0.07524800300598145,0.010087013244628906,1124.0,0.15973451733589172,95.62000274658203,0.9420593976974487,-0.00361042283475399,0.030134016647934914,0.0,0.9998287558555603
1241,,,,,,,,-2.9528121948242188,2.2500000341096893e-05,-0.016318470239639282,0.0006755580543540418,0.07452201843261719,0.010093927383422852,1134.0,0.15967459976673126,95.62000274658203,0.9414615631103516,-0.003606043988838792,0.07891401648521423,0.0,0.9998090267181396
1242,,,,,,,,-2.9557223320007324,7.593750342493877e-05,-0.0198640339076519,0.0011700427858158946,0.07778000831604004,0.009948015213012695,1094.0,0.15962040424346924,95.62000274658203,1.0364813804626465,-0.0037577387411147356,0.07620590180158615,0.0,0.9998394846916199
1243,,,,,,,,-2.956468343734741,0.00017085937724914402,-0.006723886821419001,0.0005290333065204322,0.07597112655639648,0.00986170768737793,1118.0,0.15957418084144592,95.62000274658203,1.0364813804626465,-0.004007295705378056,0.1076759621500969,0.0,0.9998438954353333
1244,,,,,,,,-2.957645893096924,1.4999999621068127e-05,-0.009813371114432812,0.0006436543189920485,0.07519412040710449,0.009747028350830078,1130.0,0.15958274900913239,95.62000274658203,1.1334145069122314,-0.0035923884715884924,0.017763517796993256,0.0,0.9998323917388916
1245,,,,,,,,-2.95666241645813,7.593750342493877e-05,-0.016301946714520454,0.000562907662242651,0.07494211196899414,0.009620904922485352,1135.0,0.1596582978963852,95.62000274658203,1.230506420135498,-0.0037965027149766684,0.09360721707344055,0.0,0.9998083114624023
1246,,,,,,,,-2.9526710510253906,9.999999747378752e-06,-0.008456897921860218,0.0005721612251363695,0.0756981372833252,0.01050710678100586,1113.0,0.15972888469696045,95.62000274658203,1.230048656463623,-0.004348209127783775,0.06750159710645676,0.0,0.9998378753662109
1247,,,,,,,,-2.9512574672698975,7.593750342493877e-05,-0.014790324494242668,0.0006886631017550826,0.07665491104125977,0.010078191757202148,1106.0,0.15970654785633087,95.62000274658203,1.3270156383514404,-0.00438289949670434,0.08236634731292725,0.0,0.9998452067375183
1248,,,,,,,,-2.9542229175567627,2.2500000341096893e-05,-0.02195001393556595,0.0005323119694367051,0.0754690170288086,0.010127067565917969,1121.0,0.15961797535419464,95.62000274658203,1.3269882202148438,-0.004328839015215635,0.03213491663336754,0.0,0.9998326301574707
1249,,,,,,,,-2.9557337760925293,7.593750342493877e-05,-0.015333326533436775,0.00037701884866692126,0.07614898681640625,0.010728836059570312,1105.0,0.15970158576965332,95.62000274658203,1.3264778852462769,-0.003768672002479434,0.0656573474407196,0.0,0.9998021125793457
1250,,,,,,,,-2.9516565799713135,3.3749998692655936e-05,-0.011282090097665787,0.0009270779555663466,0.07583999633789062,0.010206222534179688,1115.0,0.15975482761859894,95.62000274658203,1.414588451385498,-0.0036496755201369524,0.08929560333490372,0.0,0.9998475909233093
1251,,,,,,,,-2.9517133235931396,2.2500000341096893e-05,-0.017650816589593887,0.0009653957677073777,0.07637500762939453,0.010987997055053711,1098.0,0.1597239226102829,95.62000274658203,1.5063093900680542,-0.0037581792566925287,0.08340529352426529,0.0,0.9998502731323242
1252,,,,,,,,-2.9534730911254883,1.4999999621068127e-05,-0.015946540981531143,0.000593889388255775,0.07602620124816895,0.010237932205200195,1112.0,0.1597069352865219,95.62000274658203,1.6028705835342407,-0.004259114619344473,0.0826062262058258,0.0,0.9998251795768738
1253,,,,,,,,-2.9524059295654297,5.062499985797331e-05,-0.011212224140763283,0.001031394931487739,0.0755000114440918,0.0100250244140625,1122.0,0.1598043292760849,95.62000274658203,1.6027783155441284,-0.0039116027764976025,0.095697782933712,0.0,0.9997970461845398
1254,,,,,,,,-2.9448366165161133,1.4999999621068127e-05,-0.017712827771902084,0.0013373724650591612,0.07696223258972168,0.009947776794433594,1104.0,0.1600165218114853,95.62000274658203,1.602410912513733,-0.0035003835801035166,0.09580689668655396,0.0,0.9998399615287781
1255,,,,,,,,-2.939239501953125,3.3749998692655936e-05,-0.006115622818470001,0.000726991449482739,0.07680392265319824,0.009898900985717773,1107.0,0.1600578874349594,95.62000274658203,1.6025251150131226,-0.0038259606808423996,0.0706879273056984,0.0,0.9998626708984375
1256,,,,,,,,-2.9387049674987793,3.3749998692655936e-05,-0.021157920360565186,0.00038563518319278955,0.07235097885131836,0.00989222526550293,1167.0,0.16006986796855927,95.62000274658203,1.6991544961929321,-0.003862660378217697,0.06328380852937698,0.0,0.9998343586921692
1257,,,,,,,,-2.9376044273376465,1.4999999621068127e-05,-0.013647005893290043,0.0004682040016632527,0.0767068862915039,0.009860038757324219,1108.0,0.1600891351699829,95.62000274658203,1.6993067264556885,-0.003800680162385106,0.047238584607839584,0.0,0.9998026490211487
1258,,,,,,,,-2.9369711875915527,5.062499985797331e-05,-0.009929856285452843,0.0009388812468387187,0.0742802619934082,0.009987831115722656,1139.0,0.16009660065174103,95.62000274658203,1.698608160018921,-0.004203734919428825,0.07411082088947296,0.0,0.9998229146003723
1259,,,,,,,,-2.936436653137207,2.2500000341096893e-05,-0.017700811848044395,0.001125245587900281,0.08071017265319824,0.010027170181274414,1057.0,0.1601206213235855,95.62000274658203,1.7948997020721436,-0.004277434665709734,0.11653774976730347,0.0,0.9998494982719421
1260,,,,,,,,-2.9369029998779297,2.2500000341096893e-05,-0.009743420407176018,0.0005033448687754571,0.07144975662231445,0.009956121444702148,1179.0,0.16002285480499268,95.62000274658203,1.7948997020721436,-0.0034806819166988134,0.08280673623085022,0.0,0.9998292922973633
1261,-0.0040884544141590595,0.06346629559993744,0.0,0.9998300075531006,0.0,0.0,1.0,-2.9399352073669434,9.999999747378752e-06,-0.029549244791269302,0.0004768897779285908,0.07561588287353516,0.010614156723022461,1113.0,0.16002576053142548,95.62000274658203,1.7945709228515625,-0.0034624096006155014,0.03437941148877144,0.0,0.999832808971405
1262,,,,,,,,-2.937399387359619,7.593750342493877e-05,-0.012989554554224014,0.0005390428123064339,0.07497787475585938,0.009865999221801758,1131.0,0.16016332805156708,95.62000274658203,1.7948094606399536,-0.004139571916311979,0.057314593344926834,0.0,0.9998287558555603
1263,-0.00389687716960907,0.07501919567584991,0.0,0.999836802482605,0.0,0.0,1.0,-2.928751230239868,5.062499985797331e-05,-0.00209890422411263,0.000734098139218986,0.08237314224243164,0.010478734970092773,1033.0,0.16031596064567566,95.62000274658203,1.7944668531417847,-0.003857637522742152,0.06050882861018181,0.0,0.9998523592948914
1264,,,,,,,,-2.9234561920166016,2.2500000341096893e-05,-0.03341049328446388,0.0003401795693207532,0.07335305213928223,0.009964942932128906,1152.0,0.16036401689052582,95.62000274658203,1.7944668531417847,-0.0034923471976071596,0.09018848091363907,0.0,0.9998328685760498
1265,,,,,,,,-2.922858476638794,1.4999999621068127e-05,-0.02587568573653698,0.0005681663751602173,0.0754690170288086,0.009948015213012695,1123.0,0.16033151745796204,95.62000274658203,1.7941434383392334,-0.0039751529693603516,0.019639519974589348,0.0,0.9998285174369812
1266,,,,,,,,-2.9246482849121094,3.3749998692655936e-05,-0.009915086440742016,0.0007582533289678395,0.07504487037658691,0.010428905487060547,1123.0,0.1602686196565628,95.62000274658203,1.7935734987258911,-0.004137152805924416,0.0462077260017395,0.0,0.9998041987419128
1267,,,,,,,,-2.928178071975708,3.3749998692655936e-05,-0.015233421698212624,0.0016504103550687432,0.07722711563110352,0.010298728942871094,1096.0,0.16018998622894287,95.62000274658203,1.7924668788909912,-0.0035124700516462326,0.07386153191328049,0.0,0.999846875667572
1268,,,,,,,,-2.9311318397521973,1.4999999621068127e-05,-0.01542911771684885,0.0005734978476539254,0.07657289505004883,0.010209083557128906,1106.0,0.16016487777233124,95.62000274658203,1.7924668788909912,-0.004113403614610434,0.11600586026906967,0.0,0.9998334050178528
1269,,,,,,,,-2.9316139221191406,9.999999747378752e-06,-0.012747203931212425,0.0003994926519226283,0.07639002799987793,0.009991884231567383,1111.0,0.16017398238182068,95.62000274658203,1.7912827730178833,-0.004116327967494726,0.019453462213277817,0.0,0.9998323917388916
1270,,,,,,,,-2.930365562438965,3.3749998692655936e-05,-0.018208034336566925,0.0003613356966525316,0.07604098320007324,0.010714054107666016,1106.0,0.1602237969636917,95.62000274658203,1.7909005880355835,-0.004103649407625198,0.060617540031671524,0.0,0.9998123049736023
1271,,,,,,,,-2.9286954402923584,1.4999999621068127e-05,-0.015228169038891792,0.0005439632222987711,0.07747411727905273,0.010265111923217773,1094.0,0.1602185070514679,95.62000274658203,1.790836215019226,-0.003756592283025384,0.052222657948732376,0.0,0.999840259552002
1272,,,,,,,,-2.928603410720825,3.3749998692655936e-05,-0.01459934189915657,0.0006104178028181195,0.07617998123168945,0.010154962539672852,1111.0,0.16025720536708832,95.62000274658203,1.7905163764953613,-0.00393427349627018,0.07080942392349243,0.0,0.999847412109375
1273,,,,,,,,-2.9271020889282227,5.062499985797331e-05,-0.007392100058495998,0.0005486999871209264,0.07665205001831055,0.010925054550170898,1096.0,0.16031613945960999,95.62000274658203,1.7903361320495605,-0.0038392487913370132,0.029947197064757347,0.0,0.9998430609703064
1274,,,,,,,,-2.9275894165039062,5.062499985797331e-05,-0.01593806967139244,0.0004196662048343569,0.0761270523071289,0.010383129119873047,1109.0,0.16026347875595093,95.62000274658203,1.7897037267684937,-0.0041955034248530865,0.09659641981124878,0.0,0.9998059868812561
1275,,,,,,,,-2.9322495460510254,1.4999999621068127e-05,-0.017620980739593506,0.0006097792065702379,0.07863783836364746,0.01050114631652832,1076.0,0.16019852459430695,95.62000274658203,1.7891907691955566,-0.0038644669111818075,0.0950603261590004,0.0,0.9998485445976257
1276,,,,,,,,-2.9342832565307617,2.2500000341096893e-05,-0.009900481440126896,0.000548244861420244,0.07605385780334473,0.009919166564941406,1116.0,0.16019923985004425,95.62000274658203,1.7882177829742432,-0.00435447134077549,0.10708769410848618,0.0,0.9998636245727539
1277,,,,,,,,-2.9339308738708496,7.593750342493877e-05,-0.012030120939016342,0.0004624432185664773,0.0747373104095459,0.010535717010498047,1125.0,0.1602461189031601,95.62000274658203,1.788669466972351,-0.0041350326500833035,0.047936007380485535,0.0,0.9998518824577332
1278,,,,,,,,-2.93135929107666,2.2500000341096893e-05,-0.006289442535489798,0.0002807228884194046,0.07547903060913086,0.010315656661987305,1118.0,0.16032592952251434,95.62000274658203,1.7884844541549683,-0.004424978047609329,0.05684901401400566,0.0,0.999821662902832
1279,,,,,,,,-2.930201292037964,1.4999999621068127e-05,-0.012749497778713703,0.00028426371864043176,0.07741427421569824,0.010083675384521484,1097.0,0.160312682390213,95.62000274658203,1.7882912158966064,-0.003931696992367506,0.05877913162112236,0.0,0.9998490214347839
1280,,,,,,,,-2.9312589168548584,5.062499985797331e-05,-0.013362775556743145,0.00047076234477572143,0.07599830627441406,0.010449886322021484,1110.0,0.1602928787469864,95.62000274658203,1.7881367206573486,-0.004225012846291065,0.10345146805047989,0.0,0.9998664259910583
1281,,,,,,,,-2.933973789215088,9.999999747378752e-06,-0.02872469648718834,0.0005145511822775006,0.07229399681091309,0.00963592529296875,1171.0,0.1602168083190918,95.62000274658203,1.7880499362945557,-0.004070375580340624,0.05520319566130638,0.0,0.9998394846916199
1282,,,,,,,,-2.9357593059539795,1.4999999621068127e-05,-0.018620993942022324,0.00039996535633690655,0.07654404640197754,0.00995182991027832,1109.0,0.16020524501800537,95.62000274658203,1.7878615856170654,-0.00380028341896832,0.040511563420295715,0.0,0.9998316168785095
1283,,,,,,,,-2.9368252754211426,2.2500000341096893e-05,-0.010330709628760815,0.00041895059985108674,0.0755300521850586,0.010057210922241211,1121.0,0.1601342260837555,95.62000274658203,1.7878819704055786,-0.0043336995877325535,0.054107602685689926,0.0,0.9998578429222107
1284,,,,,,,,-2.939390182495117,2.2500000341096893e-05,-0.025279005989432335,2.816272258758545,0.08574700355529785,0.010152816772460938,1001.0,0.16010519862174988,94.73999786376953,1.7177941799163818,-0.0038613167125731707,0.024160072207450867,-2.6041667461395264,0.9998943209648132
1285,,,,,,,,-2.9398720264434814,5.062499985797331e-05,-0.017907150089740753,0.002610110444948077,0.07292819023132324,0.010024785995483398,1157.0,0.16012246906757355,94.73999786376953,1.7177941799163818,-0.004161378368735313,0.1919165998697281,0.0,0.9998345375061035
1286,-0.004362362436950207,0.05190658196806908,0.0,0.9998508095741272,0.0,0.0,1.0,-2.9385414123535156,9.999999747378752e-06,-0.030087467283010483,0.0006215765606611967,0.07743000984191895,0.010011911392211914,1097.0,0.16020072996616364,94.73999786376953,1.7168996334075928,-0.003968107048422098,0.04668613150715828,0.0,0.9998693466186523
1287,,,,,,,,-2.9364888668060303,2.2500000341096893e-05,-0.013750830665230751,0.00039188837399706244,0.07569503784179688,0.010208845138549805,1117.0,0.1602158546447754,94.73999786376953,1.716135859489441,-0.003909160383045673,0.07426436990499496,0.0,0.9998272061347961
1288,,,,,,,,-2.9344208240509033,3.3749998692655936e-05,-0.010376383550465107,0.000225675234105438,0.0810692310333252,0.01051187515258789,1048.0,0.16032564640045166,94.73999786376953,1.717203974723816,-0.004093747586011887,0.03143501281738281,0.0,0.9998569488525391
1289,,,,,,,,-2.929551839828491,3.3749998692655936e-05,-0.019821058958768845,0.00027852738276124,0.07233476638793945,0.009876012802124023,1167.0,0.1603899747133255,94.73999786376953,1.717203974723816,-0.004131716210395098,0.08959665149450302,0.0,0.9998398423194885
1290,,,,,,,,-2.9285659790039062,3.3749998692655936e-05,-0.020026445388793945,0.0004322260501794517,0.07604217529296875,0.009702920913696289,1119.0,0.1603759378194809,94.73999786376953,1.717747688293457,-0.0038399796467274427,0.022130057215690613,0.0,0.9998877048492432
1291,,,,,,,,-2.929464817047119,9.999999747378752e-06,-0.011250144802033901,0.0004138783842790872,0.07425594329833984,0.009874105453491211,1141.0,0.160356342792511,94.73999786376953,1.717599868774414,-0.004090128932148218,0.04895024374127388,0.0,0.9998348355293274
1292,,,,,,,,-2.930166244506836,3.3749998692655936e-05,-0.010206491686403751,0.0005600651493296027,0.0761561393737793,0.010669231414794922,1105.0,0.16034643352031708,94.73999786376953,1.7155179977416992,-0.00407106988132,0.08767420053482056,0.0,0.999843418598175
1293,,,,,,,,-2.931030035018921,5.062499985797331e-05,-0.016618328168988228,0.00019990597502328455,0.07721090316772461,0.01004481315612793,1100.0,0.16032709181308746,94.73999786376953,1.7155179977416992,-0.0038406376261264086,0.09587550163269043,0.0,0.9998571276664734
1294,,,,,,,,-2.9329299926757812,1.4999999621068127e-05,-0.022398507222533226,0.000263067806372419,0.07665896415710449,0.010426759719848633,1102.0,0.16031083464622498,94.73999786376953,1.7153537273406982,-0.00407424196600914,0.021007144823670387,0.0,0.9998852610588074
1295,,,,,,,,-2.933872938156128,2.2500000341096893e-05,-0.015805523842573166,0.00023896581842564046,0.07697606086730957,0.010123968124389648,1102.0,0.1602918952703476,94.73999786376953,1.715988278388977,-0.0037717660889029503,0.06410431116819382,0.0,0.9998425841331482
1296,,,,,,,,-2.9345345497131348,1.4999999621068127e-05,-0.01832200400531292,0.0002185716584790498,0.07453417778015137,0.010270833969116211,1132.0,0.1602945774793625,94.73999786376953,1.715738296508789,-0.00392824225127697,0.0691891610622406,0.0,0.9998538494110107
1297,,,,,,,,-2.9336071014404297,5.062499985797331e-05,-0.017439916729927063,0.0009300402016378939,0.0814669132232666,0.010123014450073242,1048.0,0.16034720838069916,94.73999786376953,1.71580171585083,-0.003652088111266494,0.08958502858877182,0.0,0.9998822212219238
1298,,,,,,,,-2.9299283027648926,9.999999747378752e-06,-0.011438248679041862,0.0003869872016366571,0.07746505737304688,0.010241985321044922,1094.0,0.16042909026145935,94.73999786376953,1.7157014608383179,-0.004304000176489353,0.0659540593624115,0.0,0.9998817443847656
1299,,,,,,,,-2.927675247192383,5.062499985797331e-05,-0.012174539268016815,0.00017416817718185484,0.07686686515808105,0.010404109954833984,1100.0,0.16045284271240234,95.62000274658203,1.7845574617385864,-0.003923128359019756,0.049612779170274734,0.0,0.999842643737793
1300,,,,,,,,-2.9279167652130127,3.3749998692655936e-05,-0.014383215457201004,0.00016147173300851136,0.07155990600585938,0.010051965713500977,1176.0,0.1603873074054718,95.62000274658203,1.7845574617385864,-0.0039245812222361565,0.049625981599092484,0.0,0.9998428225517273
1301,-0.003961564972996712,0.07462051510810852,0.0,0.9998658895492554,0.0,0.0,1.0,-2.9346981048583984,3.3749998692655936e-05,-0.02298569492995739,0.00047014106530696154,0.08185100555419922,0.009804010391235352,1047.0,0.16009995341300964,95.62000274658203,1.7842046022415161,-0.004299288149923086,0.05068002641201019,0.0,0.9999011158943176
1302,,,,,,,,-2.944847583770752,5.062499985797331e-05,-0.014090288430452347,0.0005180487059988081,0.07551217079162598,0.009764909744262695,1125.0,0.1600065678358078,95.62000274658203,1.783076524734497,-0.004132040310651064,0.11428394168615341,0.0,0.9998685717582703
1303,,,,,,,,-2.9479541778564453,9.999999747378752e-06,-0.01868436299264431,0.001123631140217185,0.076416015625,0.00984811782836914,1112.0,0.1599912941455841,95.62000274658203,1.783020257949829,-0.0034243296831846237,0.10290419310331345,0.0,0.9998601078987122
1304,,,,,,,,-2.949031114578247,0.00011390625149942935,-0.002566301729530096,2.206282138824463,0.0765829086303711,0.010072946548461914,1107.0,0.159968763589859,94.7300033569336,1.7141740322113037,-0.004163104575127363,0.0205837469547987,-2.6041667461395264,0.999869167804718
1305,,,,,,,,-2.9497292041778564,1.4999999621068127e-05,-0.02265552617609501,2.910654067993164,0.08725309371948242,0.009887933731079102,988.0,0.15999697148799896,93.83999633789062,1.6455799341201782,-0.004221204202622175,0.04413134977221489,-2.6041667461395264,0.9998955726623535
1306,,,,,,,,-2.947451591491699,3.3749998692655936e-05,-0.0153134660795331,1.4669240713119507,0.07850480079650879,0.01023101806640625,1081.0,0.16006909310817719,92.95999908447266,1.5770338773727417,-0.0038250728975981474,0.09912461042404175,-2.6041667461395264,0.9998905062675476
1307,,,,,,,,-2.943570375442505,9.999999747378752e-06,-0.015567983500659466,0.006129749119281769,0.07722115516662598,0.010164976119995117,1098.0,0.16013163328170776,92.95999908447266,1.5770338773727417,-0.004028691910207272,0.14142024517059326,0.0,0.9998607635498047
1308,,,,,,,,-2.942063331604004,1.4999999621068127e-05,-0.014906597323715687,0.0006587383104488254,0.07584834098815918,0.00993204116821289,1119.0,0.16011957824230194,93.86000061035156,1.6460987329483032,-0.003868788480758667,0.02525275945663452,0.0,0.9998712539672852
1309,,,,,,,,-2.9452743530273438,5.062499985797331e-05,-0.009242764674127102,0.0022622644901275635,0.07751870155334473,0.010258913040161133,1093.0,0.15994031727313995,93.86000061035156,1.6453256607055664,-0.004015762824565172,0.10201249271631241,0.0,0.9998295903205872
1310,,,,,,,,-2.9538140296936035,2.2500000341096893e-05,-0.019164761528372765,0.0009567824308760464,0.07669973373413086,0.010251045227050781,1104.0,0.15984657406806946,93.86000061035156,1.6460367441177368,-0.0036010444164276123,0.05179852619767189,0.0,0.9998683929443359
1311,-0.0023752895649522543,0.05099734291434288,-1.25,0.5799257159233093,0.0,0.5,0.5,-2.9567453861236572,3.3749998692655936e-05,-0.012968732044100761,3.250196695327759,0.08078217506408691,0.010293960571289062,1054.0,0.15977875888347626,93.0199966430664,1.5790187120437622,-0.004095717333257198,0.05064161494374275,-2.6041667461395264,0.9998806118965149
1312,,,,,,,,-2.9617462158203125,1.4999999621068127e-05,-0.024670593440532684,0.005057208705693483,0.07517004013061523,0.009969949722290039,1127.0,0.15967175364494324,93.0199966430664,1.5800361633300781,-0.004210236016660929,0.06000146642327309,0.0,0.9998399615287781
1313,,,,,,,,-2.9667916297912598,2.2500000341096893e-05,-0.011293543502688408,0.0015808837488293648,0.075469970703125,0.010006904602050781,1123.0,0.15957720577716827,93.0199966430664,1.579786777496338,-0.003450404852628708,0.05973925068974495,0.0,0.9998399615287781
1314,,,,,,,,-2.9704341888427734,2.2500000341096893e-05,-0.0256457831710577,0.0015729443402960896,0.07727384567260742,0.01009988784790039,1098.0,0.15954211354255676,93.87000274658203,1.6476655006408691,-0.003892651991918683,0.05177319422364235,0.0,0.9998579621315002
1315,,,,,,,,-2.972785234451294,5.062499985797331e-05,-0.008901910856366158,0.001399441622197628,0.07347869873046875,0.009937047958374023,1150.0,0.1594134122133255,93.87000274658203,1.6476919651031494,-0.0040894984267652035,0.06909918785095215,0.0,0.9998493790626526
1316,,,,,,,,-2.9804165363311768,1.4999999621068127e-05,-0.020203014835715294,0.0013424422359094024,0.07835602760314941,0.01032400131225586,1082.0,0.1592763066291809,93.87000274658203,1.6476587057113647,-0.00418192520737648,0.045346859842538834,0.0,0.9998562932014465
1317,,,,,,,,-2.9839928150177,5.062499985797331e-05,-0.012359216809272766,0.0013207553420215845,0.07320690155029297,0.010685205459594727,1144.0,0.15926383435726166,94.7300033569336,1.7158632278442383,-0.0036183602642267942,0.05798131600022316,0.0,0.9998388290405273
1318,,,,,,,,-2.984731435775757,2.2500000341096893e-05,-0.012265007011592388,0.0027806826401501894,0.08154010772705078,0.010641813278198242,1041.0,0.15920348465442657,94.7300033569336,1.7161763906478882,-0.0039037892129272223,0.06995762139558792,0.0,0.9998719096183777
1319,,,,,,,,-2.989030361175537,2.2500000341096893e-05,-0.0152393514290452,0.0009246114059351385,0.07315707206726074,0.010213136672973633,1151.0,0.15904514491558075,94.7300033569336,1.7161763906478882,-0.003990119323134422,0.08456012606620789,0.0,0.9998462200164795
1320,-0.004156914539635181,0.05139236897230148,0.0,0.9998558759689331,0.0,0.0,1.0,-2.997316837310791,3.3749998692655936e-05,-0.020087553188204765,0.0012528449296951294,0.07773113250732422,0.010234832763671875,1091.0,0.15883246064186096,94.7300033569336,1.7151533365249634,-0.004119363613426685,0.026789957657456398,0.0,0.9998590350151062
1321,,,,,,,,-3.0054068565368652,9.999999747378752e-06,-0.022155653685331345,0.002829898614436388,0.07407116889953613,0.010563850402832031,1134.0,0.1587233990430832,94.7300033569336,1.7151533365249634,-0.0037409907672554255,0.0938815176486969,0.0,0.9998457431793213
1322,,,,,,,,-3.0089993476867676,3.3749998692655936e-05,-0.011587634682655334,0.0009622359066270292,0.07939386367797852,0.0103759765625,1069.0,0.15863244235515594,94.7300033569336,1.714096188545227,-0.004003144335001707,0.052368540316820145,0.0,0.9998776912689209
1323,,,,,,,,-3.0142295360565186,1.4999999621068127e-05,-0.007083332631736994,0.0011417597997933626,0.07324504852294922,0.010220050811767578,1150.0,0.15853698551654816,94.7300033569336,1.714096188545227,-0.004004291258752346,0.07056660950183868,0.0,0.9998416900634766
1324,,,,,,,,-3.0162606239318848,5.062499985797331e-05,-0.020083211362361908,0.0014815323520451784,0.07489371299743652,0.010393142700195312,1125.0,0.15854512155056,94.7300033569336,1.713840365409851,-0.003960879519581795,0.03838927671313286,0.0,0.9998607039451599
1325,,,,,,,,-3.0152053833007812,2.2500000341096893e-05,-0.019814327359199524,0.0013975304318591952,0.07573509216308594,0.010414838790893555,1114.0,0.15858528017997742,94.7300033569336,1.7146626710891724,-0.004087189212441444,0.10010507702827454,0.0,0.9998409152030945
1326,,,,,,,,-3.013214588165283,1.4999999621068127e-05,-0.016056887805461884,0.0009928338695317507,0.07664895057678223,0.011001110076904297,1095.0,0.15863986313343048,94.7300033569336,1.7134007215499878,-0.003664821619167924,0.05307777598500252,0.0,0.9998676776885986
1327,,,,,,,,-3.0110063552856445,3.3749998692655936e-05,-0.010491659864783287,0.0017809075070545077,0.07605886459350586,0.010637998580932617,1107.0,0.1586916148662567,94.7300033569336,1.7134007215499878,-0.004124640952795744,0.11360660940408707,0.0,0.9998376965522766
1328,,,,,,,,-3.007552146911621,1.4999999621068127e-05,-0.031657423824071884,0.00041353865526616573,0.07511091232299805,0.01046299934387207,1121.0,0.15878742933273315,94.7300033569336,1.7133886814117432,-0.0036523714661598206,0.032295119017362595,0.0,0.9998586773872375
1329,,,,,,,,-3.0051469802856445,1.4999999621068127e-05,-0.014719291590154171,0.0014424131950363517,0.0740809440612793,0.010512113571166992,1134.0,0.15877467393875122,94.7300033569336,1.7134149074554443,-0.004405982326716185,0.0713055357336998,0.0,0.9998357892036438
1330,,,,,,,,-3.006614923477173,1.4999999621068127e-05,-0.022656047716736794,0.0010083522647619247,0.07800793647766113,0.010458946228027344,1085.0,0.15874263644218445,94.7300033569336,1.7140699625015259,-0.004345529247075319,0.08125682920217514,0.0,0.9998605847358704
1331,,,,,,,,-3.0082640647888184,3.3749998692655936e-05,-0.016202999278903008,0.0013698054244741797,0.07763004302978516,0.010732173919677734,1086.0,0.15868771076202393,94.7300033569336,1.7141754627227783,-0.00381127349101007,0.11322415620088577,0.0,0.9998522400856018
1332,,,,,,,,-3.0099639892578125,2.2500000341096893e-05,-0.01980612240731716,0.0006675309268757701,0.07647895812988281,0.010525941848754883,1103.0,0.15869608521461487,94.7300033569336,1.7141729593276978,-0.004167272709310055,0.034728650003671646,0.0,0.9998469352722168
1333,,,,,,,,-3.0105133056640625,3.3749998692655936e-05,-0.016001209616661072,0.0005187347996979952,0.0740659236907959,0.01021718978881836,1139.0,0.15865199267864227,94.7300033569336,1.71499502658844,-0.004084409214556217,0.05766807869076729,0.0,0.9998350739479065
1334,,,,,,,,-3.013364315032959,3.3749998692655936e-05,-0.008710958063602448,0.0004977862117812037,0.07607293128967285,0.009865045547485352,1117.0,0.15862509608268738,94.7300033569336,1.7156705856323242,-0.003989282995462418,0.05132148787379265,0.0,0.9998521208763123
1335,,,,,,,,-3.009188175201416,7.593750342493877e-05,-0.018801746889948845,0.0010992716997861862,0.07755804061889648,0.010164976119995117,1094.0,0.15894962847232819,94.7300033569336,1.7156083583831787,-0.0038869616109877825,0.07341279834508896,0.0,0.9998660683631897
1336,,,,,,,,-2.9964253902435303,2.2500000341096893e-05,-0.009968509897589684,0.0005617605056613684,0.07370615005493164,0.00978708267211914,1149.0,0.1590229868888855,94.7300033569336,1.7157379388809204,-0.0040221563540399075,0.09151158481836319,0.0,0.9998432993888855
1337,,,,,,,,-2.996257781982422,2.2500000341096893e-05,-0.005150020122528076,0.0012743915431201458,0.07601594924926758,0.009853839874267578,1117.0,0.15894988179206848,94.7300033569336,1.7157444953918457,-0.004022650886327028,0.08905413001775742,0.0,0.9998364448547363
1338,,,,,,,,-3.0004682540893555,3.3749998692655936e-05,-0.01491630170494318,0.0006115806172601879,0.07546210289001465,0.010102033615112305,1121.0,0.15881547331809998,95.62000274658203,1.7848409414291382,-0.004109691828489304,0.052272066473960876,0.0,0.9998481273651123
1339,,,,,,,,-3.007591962814331,0.00017085937724914402,-0.005786227062344551,0.0014015705091878772,0.07647109031677246,0.010013818740844727,1110.0,0.15860457718372345,95.62000274658203,1.7848272323608398,-0.004175439942628145,0.0896872878074646,0.0,0.9998700022697449
1340,,,,,,,,-3.0190508365631104,1.4999999621068127e-05,-0.016395781189203262,0.0005184056353755295,0.07161068916320801,0.010145187377929688,1174.0,0.15841472148895264,95.62000274658203,1.784814715385437,-0.004049457609653473,0.07340835779905319,0.0,0.999842643737793
1341,,,,,,,,-3.0224483013153076,2.2500000341096893e-05,-0.026651140302419662,0.0005311770364642143,0.07798409461975098,0.00980997085571289,1093.0,0.15841615200042725,95.62000274658203,1.7846180200576782,-0.003825270803645253,0.04216812923550606,0.0,0.9998512268066406
1342,,,,,,,,-3.0223212242126465,1.4999999621068127e-05,-0.01097842212766409,0.0004672449140343815,0.0736551284790039,0.00976109504699707,1150.0,0.15842628479003906,95.62000274658203,1.7853816747665405,-0.0031959200277924538,0.06220891699194908,0.0,0.999836266040802
1343,,,,,,,,-3.0222907066345215,2.2500000341096893e-05,-0.0057983738370239735,0.0007838432211428881,0.08118200302124023,0.01053309440612793,1046.0,0.15840952098369598,95.62000274658203,1.7846859693527222,-0.004327661823481321,0.0399438738822937,0.0,0.9998713135719299
1344,,,,,,,,-3.02408766746521,3.3749998692655936e-05,-0.024650290608406067,0.0007793913828209043,0.07110810279846191,0.009807825088500977,1186.0,0.15834635496139526,95.62000274658203,1.7846859693527222,-0.003548770910128951,0.0990147814154625,0.0,0.9998363852500916
1345,-0.0038430551066994667,0.05282806605100632,0.0,0.9998552799224854,0.0,0.0,1.0,-3.0280861854553223,1.4999999621068127e-05,-0.027295313775539398,0.0006471942760981619,0.0758829116821289,0.010262012481689453,1114.0,0.15828333795070648,95.62000274658203,1.7838013172149658,-0.004568933043628931,0.024712933227419853,0.0,0.999871551990509
1346,,,,,,,,-3.030155897140503,1.4999999621068127e-05,-0.014981066808104515,0.0005091570783406496,0.07334518432617188,0.009901046752929688,1153.0,0.15826085209846497,95.62000274658203,1.7838013172149658,-0.003668959951028228,0.06184803321957588,0.0,0.9998343586921692
1347,,,,,,,,-3.032414197921753,3.3749998692655936e-05,-0.009479204192757607,0.0012171035632491112,0.07884407043457031,0.009907007217407227,1081.0,0.15815941989421844,95.62000274658203,1.7836841344833374,-0.003757479367777705,0.05821087956428528,0.0,0.9998639225959778
1348,,,,,,,,-3.0365939140319824,3.3749998692655936e-05,-0.013471823185682297,0.0007147324504330754,0.07245206832885742,0.00973200798034668,1168.0,0.15810874104499817,95.62000274658203,1.7836841344833374,-0.0038890677969902754,0.13349848985671997,0.0,0.9998390078544617
1349,,,,,,,,-3.037832736968994,1.4999999621068127e-05,-0.02577214129269123,0.0008696609293110669,0.07653403282165527,0.010327816009521484,1105.0,0.1580771952867508,95.62000274658203,1.7832508087158203,-0.0036587074864655733,0.03781748563051224,0.0,0.9998674392700195
1350,,,,,,,,-3.0399932861328125,2.2500000341096893e-05,-0.014996154233813286,0.0012248005950823426,0.07415485382080078,0.01005411148071289,1140.0,0.15798260271549225,95.62000274658203,1.7832186222076416,-0.003717252751812339,0.0877613052725792,0.0,0.9998332858085632
1351,,,,,,,,-3.045147180557251,1.4999999621068127e-05,-0.016985628753900528,0.0005902717239223421,0.07915425300598145,0.010146617889404297,1075.0,0.15782923996448517,95.62000274658203,1.7846121788024902,-0.0038767035584896803,0.06721312552690506,0.0,0.9998710751533508
1352,,,,,,,,-3.0528223514556885,3.3749998692655936e-05,-0.015731044113636017,0.0014453206676989794,0.07524728775024414,0.010272741317749023,1122.0,0.15759773552417755,95.62000274658203,1.7846121788024902,-0.003794008167460561,0.09066858142614365,0.0,0.9998379349708557
1353,,,,,,,,-3.0637571811676025,1.4999999621068127e-05,-0.021736185997724533,0.0006080191233195364,0.07603883743286133,0.010132074356079102,1114.0,0.1573999673128128,95.62000274658203,1.7839224338531494,-0.003847987623885274,0.04822593927383423,0.0,0.9998580813407898
1354,,,,,,,,-3.067976951599121,5.062499985797331e-05,-0.013605400919914246,0.0004932443262077868,0.07568097114562988,0.010719060897827148,1111.0,0.15742163360118866,95.62000274658203,1.7847180366516113,-0.003583369543775916,0.1119946613907814,0.0,0.999840259552002
1355,,,,,,,,-3.0635504722595215,1.4999999621068127e-05,-0.041381195187568665,0.0003906161873601377,0.07665801048278809,0.01022481918334961,1104.0,0.15757417678833008,95.62000274658203,1.7837718725204468,-0.003798864781856537,0.08050396293401718,0.0,0.9998624920845032
1356,,,,,,,,-3.0596635341644287,1.4999999621068127e-05,-0.014635976403951645,0.0006452373345382512,0.07627701759338379,0.009929895401000977,1113.0,0.1575894057750702,95.62000274658203,1.7836507558822632,-0.00405687652528286,0.08304024487733841,0.0,0.9998567700386047
1357,,,,,,,,-3.0594608783721924,2.2500000341096893e-05,-0.020062781870365143,0.00039223412750288844,0.07513284683227539,0.010111093521118164,1126.0,0.1575995683670044,95.62000274658203,1.7834789752960205,-0.003736031474545598,0.038639653474092484,0.0,0.9998612403869629
1358,,,,,,,,-3.061007261276245,2.2500000341096893e-05,-0.0012082699686288834,6.64749002456665,0.08027410507202148,0.009804964065551758,1065.0,0.15754295885562897,94.33999633789062,1.6575287580490112,-0.0042666178196668625,0.05948704853653908,-5.208333492279053,0.999871015548706
1359,,,,,,,,-3.063476324081421,9.999999747378752e-06,-0.02323080413043499,1.788143277168274,0.08188486099243164,0.010442972183227539,1039.0,0.15750224888324738,94.33999633789062,1.6067829132080078,-0.004229814279824495,0.0855211392045021,-2.6041667461395264,0.9998977780342102
1360,,,,,,,,-3.0645592212677,7.593750342493877e-05,-0.01513764075934887,0.0022617164067924023,0.07132291793823242,0.010339975357055664,1175.0,0.15748584270477295,94.33999633789062,1.6067829132080078,-0.004423728212714195,0.1095861867070198,0.0,0.9998763203620911
1361,,,,,,,,-3.062927484512329,1.4999999621068127e-05,-0.016145266592502594,0.0006270770682021976,0.07403707504272461,0.010301828384399414,1138.0,0.15755069255828857,94.33999633789062,1.6059950590133667,-0.003896985901519656,0.0014586789766326547,0.0,0.9998313784599304
1362,,,,,,,,-3.061772584915161,3.3749998692655936e-05,-0.013051331974565983,0.0008969044429250062,0.07213163375854492,0.010105133056640625,1167.0,0.15748773515224457,94.33999633789062,1.6058956384658813,-0.0037703642155975103,0.06091045215725899,0.0,0.9998109936714172
1363,-0.004144475795328617,0.07012283802032471,0.0,0.9998509883880615,0.0,0.0,1.0,-3.0684726238250732,3.3749998692655936e-05,-0.02526867762207985,0.0008619513246230781,0.08280396461486816,0.01054525375366211,1028.0,0.15725825726985931,94.33999633789062,1.606296420097351,-0.004800349473953247,0.09873031824827194,0.0,0.9999004006385803
1364,,,,,,,,-3.076944351196289,1.4999999621068127e-05,-0.01709265448153019,0.0004923307569697499,0.0723409652709961,0.009826898574829102,1168.0,0.1571490466594696,94.33999633789062,1.606296420097351,-0.004080228041857481,0.11366385221481323,0.0,0.9998734593391418
1365,,,,,,,,-3.081495761871338,5.062499985797331e-05,-0.011310616508126259,0.0002720631309784949,0.07161211967468262,0.01011204719543457,1174.0,0.15698593854904175,94.33999633789062,1.6064215898513794,-0.004133583977818489,0.0049174572341144085,0.0,0.9998295903205872
1366,,,,,,,,-3.0901145935058594,2.2500000341096893e-05,-0.021255599334836006,0.0006825557793490589,0.07520270347595215,0.01015615463256836,1124.0,0.15689654648303986,94.33999633789062,1.6064215898513794,-0.0037251131143420935,0.03637081757187843,0.0,0.9997978210449219
1367,-0.004182140808552504,0.06834440678358078,0.0,0.9998480677604675,0.0,0.0,1.0,-3.092531204223633,1.4999999621068127e-05,-0.011460465379059315,0.0006926797796040773,0.08153390884399414,0.010851144790649414,1039.0,0.15688607096672058,94.33999633789062,1.6071122884750366,-0.004285451490432024,0.0601067952811718,0.0,0.9998977184295654
1368,,,,,,,,-3.094372510910034,7.593750342493877e-05,-0.006390484981238842,0.0005000361707061529,0.077056884765625,0.010360240936279297,1098.0,0.15681354701519012,94.33999633789062,1.6071122884750366,-0.004363247659057379,0.13703469932079315,0.0,0.9998774528503418
1369,,,,,,,,-3.098386764526367,9.999999747378752e-06,-0.021061524748802185,0.00038525962736457586,0.07082223892211914,0.010490894317626953,1180.0,0.15675610303878784,94.33999633789062,1.6071122884750366,-0.0032074495684355497,0.03482918068766594,0.0,0.9998288154602051
1370,-0.0035960793029516935,0.04677018150687218,0.0,0.9998428821563721,0.0,0.0,1.0,-3.100952386856079,7.593750342493877e-05,-0.006843177136033773,0.0004632818454410881,0.07527399063110352,0.01015782356262207,1123.0,0.1566232442855835,94.33999633789062,1.6062209606170654,-0.003658244153484702,0.023518426343798637,0.0,0.9998019337654114
1371,,,,,,,,-3.1095261573791504,9.999999747378752e-06,-0.00488628214225173,0.0002610348165035248,0.07972502708435059,0.010174989700317383,1067.0,0.15646730363368988,94.33999633789062,1.6061922311782837,-0.0038817625027149916,0.039336930960416794,0.0,0.9998818039894104
1372,,,,,,,,-3.111967086791992,1.4999999621068127e-05,-0.010741137899458408,0.0005052095511928201,0.07812094688415527,0.009860992431640625,1091.0,0.15647897124290466,94.33999633789062,1.6070843935012817,-0.004446310456842184,0.1261657327413559,0.0,0.9998893737792969
1373,,,,,,,,-3.111351728439331,3.3749998692655936e-05,-0.012069188058376312,0.00029619690030813217,0.0708608627319336,0.009718894958496094,1191.0,0.15645663440227509,94.33999633789062,1.6070843935012817,-0.0035399708431214094,0.02489127777516842,0.0,0.9998534321784973
1374,,,,,,,,-3.1121342182159424,2.2500000341096893e-05,-0.019899962469935417,0.0002933073556050658,0.07402706146240234,0.010031938552856445,1142.0,0.15642143785953522,94.33999633789062,1.6071151494979858,-0.003518906654790044,0.015443354845046997,0.0,0.9998061656951904
1375,,,,,,,,-3.11283016204834,9.999999747378752e-06,-0.007186288479715586,0.0004315363767091185,0.07926511764526367,0.010835886001586914,1065.0,0.1563962996006012,94.33999633789062,1.6065685749053955,-0.003814753144979477,0.04194413125514984,0.0,0.9998679161071777
1376,,,,,,,,-3.1128547191619873,7.593750342493877e-05,-0.01368288416415453,0.00047282970626838505,0.0775139331817627,0.010445833206176758,1091.0,0.15640556812286377,94.33999633789062,1.6055216789245605,-0.00436405697837472,0.16157126426696777,0.0,0.9998911023139954
1377,,,,,,,,-3.113128900527954,1.4999999621068127e-05,-0.00888766348361969,0.0003345326113048941,0.07276511192321777,0.010071754455566406,1158.0,0.15633177757263184,94.33999633789062,1.6055216789245605,-0.003972998354583979,0.04494284465909004,0.0,0.9998605847358704
1378,,,,,,,,-3.114434242248535,2.2500000341096893e-05,-0.015263175591826439,0.00016132132441271096,0.07543420791625977,0.010614871978759766,1115.0,0.15632364153862,94.33999633789062,1.6047756671905518,-0.003677980974316597,0.0006454283138737082,0.0,0.9998188018798828
1379,,,,,,,,-3.1146371364593506,2.2500000341096893e-05,-0.015721740201115608,0.0003007786290254444,0.07967495918273926,0.010499954223632812,1064.0,0.15627969801425934,94.33999633789062,1.6054723262786865,-0.004161825403571129,0.058405276387929916,0.0,0.9998393058776855
1380,,,,,,,,-3.116276979446411,1.4999999621068127e-05,-0.020245561376214027,0.0004995715571567416,0.07836580276489258,0.010225296020507812,1083.0,0.15624602138996124,94.33999633789062,1.605300784111023,-0.004325170069932938,0.15815375745296478,0.0,0.999885082244873
1381,,,,,,,,-3.116708993911743,2.2500000341096893e-05,-0.008870028890669346,0.00026377339963801205,0.07202982902526855,0.010171890258789062,1167.0,0.15625274181365967,94.33999633789062,1.605300784111023,-0.0035022178199142218,0.06290877610445023,0.0,0.9998621940612793
1382,,,,,,,,-3.116459369659424,2.2500000341096893e-05,-0.008883919566869736,3.2342121601104736,0.07843470573425293,0.01086115837097168,1075.0,0.15623049437999725,94.91999816894531,1.6172974109649658,-0.003987334202975035,4.301701846998185e-05,-2.6041667461395264,0.9998469352722168
1383,,,,,,,,-3.1154723167419434,0.00011390625149942935,-0.008078500628471375,0.0030385523568838835,0.07727217674255371,0.010339021682739258,1095.0,0.15635856986045837,94.91999816894531,1.6182159185409546,-0.004593331832438707,0.10789951682090759,0.0,0.9998380541801453
1384,,,,,,,,-3.1045258045196533,2.2500000341096893e-05,-0.017783330753445625,0.000842045119497925,0.07833194732666016,0.00984501838684082,1088.0,0.1565832644701004,94.91999816894531,1.6183185577392578,-0.004185057710856199,0.06939860433340073,0.0,0.99989914894104
1385,,,,,,,,-3.09963059425354,9.999999747378752e-06,-0.027083871886134148,0.0008192673558369279,0.07042694091796875,0.00991201400756836,1194.0,0.15661364793777466,94.91999816894531,1.6183185577392578,-0.003985757939517498,0.10546158999204636,0.0,0.9998323917388916
1386,,,,,,,,-3.099116086959839,5.062499985797331e-05,-0.015255944803357124,3.2365760803222656,0.07810807228088379,0.010247945785522461,1086.0,0.15661852061748505,94.63999938964844,1.5612330436706543,-0.0038034645840525627,0.001385148148983717,-2.6041667461395264,0.9998589158058167
1387,,,,,,,,-3.0985107421875,1.4999999621068127e-05,-0.012885695323348045,0.003954668994992971,0.07336282730102539,0.010632991790771484,1142.0,0.15665723383426666,94.63999938964844,1.5612330436706543,-0.004084568005055189,0.2014598399400711,0.0,0.9998524188995361
1388,,,,,,,,-3.096689224243164,1.4999999621068127e-05,-0.019572515040636063,0.0004119458608329296,0.07511496543884277,0.009912729263305664,1129.0,0.15667840838432312,94.63999938964844,1.5613359212875366,-0.0037737656384706497,0.01931465044617653,0.0,0.9999076724052429
1389,,,,,,,,-3.096646547317505,2.2500000341096893e-05,-0.014417480677366257,0.0006112385890446603,0.07407283782958984,0.009927034378051758,1142.0,0.15663906931877136,94.63999938964844,1.5613359212875366,-0.003635258413851261,0.09572241455316544,0.0,0.9997952580451965
1390,,,,,,,,-3.09775972366333,2.2500000341096893e-05,-0.019488686695694923,0.0005405694246292114,0.07245206832885742,0.010000944137573242,1164.0,0.15662738680839539,94.63999938964844,1.5627832412719727,-0.004107811953872442,0.00853872299194336,0.0,0.9998340010643005
1391,,,,,,,,-3.099379539489746,3.3749998692655936e-05,-0.01166545506566763,0.0008013590122573078,0.0790870189666748,0.009922981262207031,1078.0,0.15653128921985626,94.63999938964844,1.5627832412719727,-0.004877351224422455,0.1945050209760666,0.0,0.9998748898506165
1392,,,,,,,,-3.1044552326202393,3.3749998692655936e-05,-0.01691860891878605,0.00023649987997487187,0.07121682167053223,0.009884119033813477,1183.0,0.15639425814151764,94.63999938964844,1.5636544227600098,-0.003547399304807186,0.07036606222391129,0.0,0.9998960494995117
1393,,,,,,,,-3.1071488857269287,1.4999999621068127e-05,-0.020423712208867073,3.0073511600494385,0.08140802383422852,0.01066279411315918,1042.0,0.1563669890165329,94.2699966430664,1.5056482553482056,-0.003995917271822691,0.04797779396176338,-2.6041667461395264,0.999851405620575
1394,,,,,,,,-3.1059160232543945,2.2500000341096893e-05,-0.015154252760112286,1.5722121000289917,0.07767105102539062,0.010360002517700195,1090.0,0.1564180999994278,94.06999969482422,1.4525058269500732,-0.0037862882018089294,0.13274316489696503,-2.6041667461395264,0.9998756051063538
1395,-0.0038275946862995625,0.09777025878429413,0.0,0.9998572468757629,0.0,0.0,1.0,-3.10270094871521,1.4999999621068127e-05,-0.016662761569023132,0.003035125322639942,0.07675385475158691,0.01032710075378418,1102.0,0.1564696580171585,94.06999969482422,1.4533218145370483,-0.004365724977105856,0.07738269120454788,0.0,0.9998822808265686
1396,,,,,,,,-3.1018002033233643,5.062499985797331e-05,-0.01102705579251051,0.7310365438461304,0.07749199867248535,0.010470151901245117,1091.0,0.15640167891979218,93.83000183105469,1.3985464572906494,-0.0035500824451446533,0.06616949290037155,-2.6041667461395264,0.9998643398284912
1397,,,,,,,,-3.1061859130859375,1.4999999621068127e-05,-0.023498130962252617,0.987201452255249,0.07494592666625977,0.009982109069824219,1130.0,0.15629318356513977,93.68000030517578,1.3461014032363892,-0.0035664148163050413,0.057881709188222885,-2.6041667461395264,0.9998502731323242
1398,,,,,,,,-3.11049485206604,7.593750342493877e-05,-0.007370573468506336,2.454667806625366,0.08079385757446289,0.010164260864257812,1055.0,0.1561630815267563,93.5199966430664,1.292386531829834,-0.004182075150310993,0.03386005386710167,-2.6041667461395264,0.9998698234558105
1399,,,,,,,,-3.1184184551239014,7.593750342493877e-05,6.585568189620972e-05,0.01203561294823885,0.07140302658081055,0.010469198226928711,1172.0,0.1559138298034668,93.5199966430664,1.292386531829834,-0.003913250286132097,0.16713805496692657,0.0,0.9998347163200378
1400,,,,,,,,-3.1251144409179688,1.4999999621068127e-05,-0.03129661828279495,0.002390581648796797,0.07811498641967773,0.010653018951416016,1081.0,0.15585178136825562,93.5199966430664,1.2927545309066772,-0.004263443406671286,0.020387941971421242,0.0,0.9998738765716553
1401,,,,,,,,-3.1256752014160156,3.3749998692655936e-05,-0.010594596154987812,0.0023582519497722387,0.0756533145904541,0.010421991348266602,1115.0,0.155837282538414,93.5199966430664,1.292853593826294,-0.003979434259235859,0.0896720215678215,0.0,0.9998307228088379
1402,,,,,,,,-3.126108169555664,9.999999747378752e-06,-0.02660093829035759,0.002770633902400732,0.08040595054626465,0.010468244552612305,1056.0,0.15583372116088867,94.41000366210938,1.3627439737319946,-0.00406223488971591,0.048022687435150146,0.0,0.9998623728752136
1403,,,,,,,,-3.1266744136810303,7.593750342493877e-05,-0.003184492466971278,0.0022867778316140175,0.0714571475982666,0.010221719741821289,1175.0,0.15578819811344147,94.41000366210938,1.3627439737319946,-0.004222830757498741,0.1636936068534851,0.0,0.9998412728309631
1404,,,,,,,,-3.129514694213867,2.2500000341096893e-05,-0.013928157277405262,0.0014527760213240981,0.07599711418151855,0.009723901748657227,1119.0,0.1557687669992447,94.41000366210938,1.3626676797866821,-0.003605764592066407,0.0068725477904081345,0.0,0.9998751282691956
1405,,,,,,,,-3.131624698638916,2.2500000341096893e-05,-0.023105325177311897,0.001508882618509233,0.07577300071716309,0.009856939315795898,1121.0,0.1556432992219925,95.30000305175781,1.4314148426055908,-0.0038738271687179804,0.061356235295534134,0.0,0.9998210072517395
1406,,,,,,,,-3.1383702754974365,3.3749998692655936e-05,-0.004198418464511633,0.0016302157891914248,0.07557988166809082,0.010148048400878906,1119.0,0.15544697642326355,96.18000030517578,1.5001375675201416,-0.004599209409207106,0.07247055321931839,0.0,0.9998490214347839
1407,,,,,,,,-3.149806499481201,3.3749998692655936e-05,-0.020351678133010864,0.0011810787254944444,0.07524609565734863,0.010009050369262695,1126.0,0.15513259172439575,96.18000030517578,1.5001375675201416,-0.003945313859730959,0.12435207515954971,0.0,0.9998595118522644
1408,,,,,,,,-3.163447141647339,5.062499985797331e-05,-0.00994801800698042,0.0006584717193618417,0.0755150318145752,0.01005101203918457,1121.0,0.15482988953590393,96.18000030517578,1.500186800956726,-0.0038941476959735155,0.019098222255706787,0.0,0.9998694062232971
1409,,,,,,,,-3.1735005378723145,9.999999747378752e-06,-0.031310345977544785,2.755911111831665,0.07913780212402344,0.010111331939697266,1075.0,0.15478521585464478,95.83000183105469,1.4428391456604004,-0.004035123623907566,0.10065344721078873,-2.6041667461395264,0.9998466968536377
1410,,,,,,,,-3.172187089920044,2.2500000341096893e-05,-0.013104823417961597,0.0026544961147010326,0.07186102867126465,0.00982809066772461,1175.0,0.15491168200969696,95.83000183105469,1.4422502517700195,-0.0038506395649164915,0.20345616340637207,0.0,0.9998664259910583
1411,,,,,,,,-3.1645853519439697,1.4999999621068127e-05,-0.007660542149096727,0.000657400581985712,0.07311677932739258,0.01019597053527832,1152.0,0.1550959348678589,95.83000183105469,1.4422502517700195,-0.0038804311770945787,0.08209937065839767,0.0,0.9998798370361328
1412,,,,,,,,-3.1567280292510986,5.062499985797331e-05,-0.018948199227452278,0.0008165781036950648,0.07419109344482422,0.010218143463134766,1137.0,0.15530699491500854,96.66999816894531,1.5109087228775024,-0.0039075990207493305,0.026298105716705322,0.0,0.9998162388801575
1413,,,,,,,,-3.145443916320801,2.2500000341096893e-05,-0.012524916790425777,0.0009204841917380691,0.07792997360229492,0.009850263595581055,1093.0,0.15551169216632843,96.66999816894531,1.5119106769561768,-0.00406820559874177,0.09197241067886353,0.0,0.9998264312744141
1414,,,,,,,,-3.1386349201202393,5.062499985797331e-05,-0.012780756689608097,0.0006356597295962274,0.0724191665649414,0.009851694107055664,1166.0,0.15562470257282257,96.66999816894531,1.5119106769561768,-0.003983772359788418,0.13301104307174683,0.0,0.9998708367347717
1415,-0.004020595923066139,0.10047300904989243,0.0,0.9998563528060913,0.0,0.0,1.0,-3.1308560371398926,3.3749998692655936e-05,-0.02020138129591942,0.0006023062742315233,0.07731199264526367,0.010061025619506836,1098.0,0.15589173138141632,96.66999816894531,1.5129598379135132,-0.004222346004098654,0.04418094828724861,0.0,0.999893844127655
1416,,,,,,,,-3.121786594390869,3.3749998692655936e-05,-0.006479175761342049,0.0006688520661555231,0.07093095779418945,0.010171175003051758,1183.0,0.15601646900177002,96.66999816894531,1.5136979818344116,-0.003669372759759426,0.02751670964062214,0.0,0.999808132648468
1417,,,,,,,,-3.118523120880127,0.00011390625149942935,-0.01597161777317524,0.0009057479910552502,0.07775211334228516,0.009771108627319336,1096.0,0.15605933964252472,96.66999816894531,1.514155387878418,-0.00442452821880579,0.04730364307761192,0.0,0.9998207092285156
1418,,,,,,,,-3.1205387115478516,2.2500000341096893e-05,-0.024422917515039444,0.0005424282280728221,0.07611632347106934,0.009769916534423828,1117.0,0.15586897730827332,96.66999816894531,1.514155387878418,-0.004327028524130583,0.10088082402944565,0.0,0.9998751282691956
1419,,,,,,,,-3.1270689964294434,9.999999747378752e-06,-0.015783846378326416,0.0005993943777866662,0.07589197158813477,0.009922027587890625,1118.0,0.1557474136352539,96.66999816894531,1.5140235424041748,-0.0034302882850170135,0.06867346912622452,0.0,0.9998974800109863
1420,,,,,,,,-3.132221221923828,0.00011390625149942935,-0.008811050094664097,0.0007992811733856797,0.06927919387817383,0.009793758392333984,1214.0,0.1555406153202057,96.66999816894531,1.5140235424041748,-0.003996626008301973,0.07293153554201126,0.0,0.9998030066490173
1421,,,,,,,,-3.1436967849731445,9.999999747378752e-06,-0.02083459123969078,0.0005369875580072403,0.07699394226074219,0.0101470947265625,1101.0,0.15537816286087036,96.66999816894531,1.5141093730926514,-0.004412426147609949,0.04746454581618309,0.0,0.9998061060905457
1422,,,,,,,,-3.1455788612365723,1.4999999621068127e-05,-0.01947210729122162,0.0005416043568402529,0.07741904258728027,0.010270833969116211,1094.0,0.1554197520017624,96.66999816894531,1.5136014223098755,-0.004346422851085663,0.13452556729316711,0.0,0.9998697638511658
1423,,,,,,,,-3.1429531574249268,3.3749998692655936e-05,-0.01772455871105194,0.00021562798065133393,0.07514286041259766,0.010206937789916992,1124.0,0.15548615157604218,96.66999816894531,1.514582872390747,-0.003989014308899641,0.09335204213857651,0.0,0.9998853802680969
1424,,,,,,,,-3.1421241760253906,1.4999999621068127e-05,-0.013661598786711693,0.00013358891010284424,0.07088518142700195,0.011214733123779297,1169.0,0.15546880662441254,96.66999816894531,1.514582872390747,-0.003969982266426086,0.07656850665807724,0.0,0.9998157620429993
1425,,,,,,,,-3.142033338546753,9.999999747378752e-06,-0.026877397671341896,0.0001899529161164537,0.07518792152404785,0.010421037673950195,1121.0,0.15549060702323914,96.66999816894531,1.5155450105667114,-0.0036584946792572737,0.016031751409173012,0.0,0.9998183250427246
1426,,,,,,,,-3.1415183544158936,1.4999999621068127e-05,-0.021514197811484337,0.00014323301729746163,0.07822108268737793,0.011323928833007812,1072.0,0.15547271072864532,96.66999816894531,1.5160259008407593,-0.004254527390003204,0.0834142193198204,0.0,0.9998676776885986
1427,,,,,,,,-3.143237352371216,2.2500000341096893e-05,-0.009605123661458492,0.0003078372392337769,0.08603978157043457,0.010779142379760742,991.0,0.15537139773368835,96.66999816894531,1.5165283679962158,-0.004411391448229551,0.12161854654550552,0.0,0.9998747706413269
1428,,,,,,,,-3.1479406356811523,1.4999999621068127e-05,-0.021478792652487755,0.0007394355488941073,0.0751640796661377,0.01175999641418457,1104.0,0.15525929629802704,96.66999816894531,1.5165283679962158,-0.0038123626727610826,0.10286843776702881,0.0,0.9998321533203125
1429,,,,,,,,-3.1525816917419434,3.3749998692655936e-05,-0.005726075731217861,0.0002691764966584742,0.07758021354675293,0.01001596450805664,1095.0,0.15515023469924927,96.66999816894531,1.5160046815872192,-0.0037636093329638243,0.0012445504544302821,0.0,0.9998281598091125
1430,,,,,,,,-3.1580076217651367,3.3749998692655936e-05,-0.021290505304932594,0.0007207827875390649,0.07793521881103516,0.010901927947998047,1080.0,0.1550271213054657,96.66999816894531,1.51568603515625,-0.004094595089554787,0.10623630881309509,0.0,0.9998510479927063
1431,,,,,,,,-3.163909673690796,9.999999747378752e-06,-0.02144095115363598,0.0006983509520068765,0.07580995559692383,0.010131120681762695,1117.0,0.15490475296974182,96.66999816894531,1.5164742469787598,-0.004030175041407347,0.20986707508563995,0.0,0.9998704791069031
1432,,,,,,,,-3.1684200763702393,0.00011390625149942935,-0.005497131496667862,0.0007335901609621942,0.07228970527648926,0.010989189147949219,1152.0,0.1547330617904663,96.66999816894531,1.5164742469787598,-0.003930710256099701,0.09707748889923096,0.0,0.9998522400856018
1433,,,,,,,,-3.177713632583618,9.999999747378752e-06,-0.018984142690896988,0.0002598004066385329,0.07577276229858398,0.010136127471923828,1117.0,0.15460509061813354,96.66999816894531,1.5174201726913452,-0.003584805177524686,0.005725024733692408,0.0,0.9998183846473694
1434,,,,,,,,-3.180741548538208,2.2500000341096893e-05,-0.01586019992828369,0.00034060541656799614,0.07810688018798828,0.01165628433227539,1069.0,0.15454213321208954,96.66999816894531,1.5177582502365112,-0.004140783566981554,0.05916796624660492,0.0,0.9998406767845154
1435,,,,,,,,-3.1850674152374268,2.2500000341096893e-05,-0.005406028125435114,0.0005079021793790162,0.07402610778808594,0.010087966918945312,1141.0,0.15445734560489655,96.66999816894531,1.518739938735962,-0.0042427051812410355,0.1729121208190918,0.0,0.9998719692230225
1436,,,,,,,,-3.1858365535736084,1.4999999621068127e-05,-0.011388687416911125,0.00046766403829678893,0.07513904571533203,0.009997844696044922,1127.0,0.15452218055725098,96.66999816894531,1.518739938735962,-0.003919821698218584,0.07825178653001785,0.0,0.9998814463615417
1437,,,,,,,,-3.1823391914367676,1.4999999621068127e-05,-0.020347189158201218,0.00035855709575116634,0.07441210746765137,0.009986162185668945,1137.0,0.15460170805454254,96.66999816894531,1.5187808275222778,-0.0031705182045698166,0.023490095511078835,0.0,0.9998181462287903
1438,,,,,,,,-3.180178642272949,3.3749998692655936e-05,-0.013437043875455856,0.00027591848629526794,0.07775115966796875,0.00998997688293457,1094.0,0.15457108616828918,96.66999816894531,1.5197902917861938,-0.0041156490333378315,0.06423915177583694,0.0,0.999828040599823
1439,,,,,,,,-3.18202543258667,1.4999999621068127e-05,-0.02008192427456379,0.0004976856289431453,0.07509875297546387,0.00979924201965332,1130.0,0.15452471375465393,96.66999816894531,1.5197902917861938,-0.004322769585996866,0.18976616859436035,0.0,0.9998632073402405
1440,-0.0037476452998816967,0.09536021947860718,0.0,0.9998502731323242,0.0,0.0,1.0,-3.1830008029937744,2.2500000341096893e-05,-0.018277741968631744,0.0005979181150905788,0.07519912719726562,0.009919881820678711,1127.0,0.1544792354106903,96.66999816894531,1.5199044942855835,-0.0037953637074679136,0.07169374078512192,0.0,0.9998909831047058
1441,,,,,,,,-3.184718370437622,9.999999747378752e-06,-0.01927204430103302,0.0002696713781915605,0.06979703903198242,0.010277986526489258,1198.0,0.15443947911262512,96.66999816894531,1.5193711519241333,-0.00390040990896523,0.0517854280769825,0.0,0.9998123645782471
1442,,,,,,,,-3.185655355453491,3.3749998692655936e-05,-0.02095777913928032,0.0002608760551083833,0.07753610610961914,0.009984731674194336,1096.0,0.1543969064950943,96.66999816894531,1.520552396774292,-0.004160428885370493,0.050032779574394226,0.0,0.9998165965080261
1443,,,,,,,,-3.1860029697418213,5.062499985797331e-05,-0.0011535317171365023,0.000289614632492885,0.07514500617980957,0.010031938552856445,1127.0,0.15442825853824615,96.66999816894531,1.520552396774292,-0.0048805889673531055,0.1345578283071518,0.0,0.9998757243156433
1444,,,,,,,,-3.183145523071289,1.4999999621068127e-05,-0.03195502236485481,0.00048631473327986896,0.0766899585723877,0.010169029235839844,1105.0,0.1544550061225891,96.66999816894531,1.5213011503219604,-0.003435118356719613,0.07301440834999084,0.0,0.9998919367790222
1445,,,,,,,,-3.1826047897338867,9.999999747378752e-06,-0.0053667533211410046,0.00047835824079811573,0.06971406936645508,0.009920120239257812,1205.0,0.1544339954853058,96.66999816894531,1.5213011503219604,-0.003645867807790637,0.040115226060152054,0.0,0.999803364276886
1446,,,,,,,,-3.1840248107910156,1.4999999621068127e-05,-0.008517855778336525,0.00019561148656066507,0.07825469970703125,0.012206077575683594,1061.0,0.15437816083431244,96.66999816894531,1.5215351581573486,-0.0034640775993466377,0.029058799147605896,0.0,0.9998154640197754
1447,,,,,,,,-3.1880431175231934,3.3749998692655936e-05,-0.010013679042458534,0.000417386821936816,0.08121490478515625,0.012002944946289062,1029.0,0.1542206108570099,96.66999816894531,1.5229578018188477,-0.0037941187620162964,0.10745957493782043,0.0,0.9998777508735657
1448,,,,,,,,-3.195399522781372,3.3749998692655936e-05,-0.010854129679501057,0.0004077985358890146,0.07857275009155273,0.01220703125,1057.0,0.1541033238172531,96.66999816894531,1.5222517251968384,-0.004034108016639948,0.0990188792347908,0.0,0.9998909831047058
1449,,,,,,,,-3.1959941387176514,7.593750342493877e-05,-0.00030314625473693013,0.00024646217934787273,0.07631397247314453,0.011263132095336914,1096.0,0.15425188839435577,96.66999816894531,1.5222517251968384,-0.0036664127837866545,0.10126758366823196,0.0,0.9998165965080261
1450,,,,,,,,-3.1891977787017822,2.2500000341096893e-05,-0.02252401039004326,0.0002090541966026649,0.08095884323120117,0.013313055038452148,1018.0,0.15429991483688354,96.66999816894531,1.5225924253463745,-0.0034791708458215,0.021310484036803246,0.0,0.9998244643211365
1451,,,,,,,,-3.187772274017334,2.2500000341096893e-05,-0.01941930316388607,0.000296707235975191,0.10675716400146484,0.01499176025390625,788.0,0.1543828845024109,96.66999816894531,1.522958517074585,-0.004120561759918928,0.1032552719116211,0.0,0.9998703002929688
1452,,,,,,,,-3.184102773666382,2.2500000341096893e-05,-0.01807190291583538,0.0006035043625161052,0.08921289443969727,0.01269221305847168,942.0,0.15443216264247894,96.66999816894531,1.5230478048324585,-0.0046523441560566425,0.11672326922416687,0.0,0.9998739361763
1453,,,,,,,,-3.183932065963745,2.2500000341096893e-05,-0.03212849795818329,2.7267630100250244,0.08439993858337402,0.013002872467041016,985.0,0.1544058471918106,96.44000244140625,1.469403862953186,-0.004419231321662664,0.0999443531036377,-2.6041667461395264,0.9998692870140076
1454,,,,,,,,-3.182095766067505,2.2500000341096893e-05,-0.01881123147904873,0.0028374844696372747,0.0759730339050293,0.011250019073486328,1100.0,0.15454109013080597,96.44000244140625,1.469403862953186,-0.0035868443083018064,0.0712386965751648,0.0,0.9998185038566589
1455,,,,,,,,-3.176452398300171,5.062499985797331e-05,-0.015026580542325974,0.00029296104912646115,0.08139395713806152,0.011510133743286133,1033.0,0.1546143740415573,96.44000244140625,1.469034194946289,-0.003641916438937187,0.0004369711095932871,0.0,0.9998642802238464
1456,,,,,,,,-3.173529863357544,9.999999747378752e-06,-0.01849215105175972,0.00035427219700068235,0.07877826690673828,0.011189937591552734,1067.0,0.15463751554489136,96.44000244140625,1.4690792560577393,-0.0038862917572259903,0.1264389604330063,0.0,0.9998276233673096
1457,,,,,,,,-3.1741387844085693,3.3749998692655936e-05,-0.01904086023569107,0.0003840820863842964,0.08120298385620117,0.011839866638183594,1031.0,0.15456174314022064,96.44000244140625,1.4686102867126465,-0.004009103402495384,0.06596896797418594,0.0,0.9998860359191895
1458,,,,,,,,-3.1773595809936523,2.2500000341096893e-05,-0.008850930258631706,0.0004190123872831464,0.0762319564819336,0.012319803237915039,1084.0,0.15451237559318542,96.44000244140625,1.4686102867126465,-0.0037811677902936935,0.07844379544258118,0.0,0.9998272061347961
1459,,,,,,,,-3.178525924682617,1.4999999621068127e-05,-0.038409825414419174,0.0002271980483783409,0.0824272632598877,0.011452913284301758,1022.0,0.15448100864887238,96.83000183105469,1.5257471799850464,-0.0034588922280818224,0.0011941317934542894,0.0,0.9998507499694824
1460,,,,,,,,-3.180077314376831,3.3749998692655936e-05,-0.016990110278129578,0.00026721940957941115,0.07378816604614258,0.009980916976928711,1146.0,0.1544335037469864,97.72000122070312,1.5948145389556885,-0.003962712828069925,0.12902404367923737,0.0,0.9998261332511902
1461,,,,,,,,-3.1817448139190674,3.3749998692655936e-05,-0.015312140807509422,0.00022365346376318485,0.07829618453979492,0.010859966278076172,1076.0,0.15442076325416565,97.72000122070312,1.645122766494751,-0.004374140407890081,0.04972325265407562,0.0,0.9998883605003357
1462,,,,,,,,-3.1804141998291016,2.2500000341096893e-05,0.0018689215648919344,0.0004338549915701151,0.07473468780517578,0.010233163833618164,1129.0,0.15445396304130554,97.72000122070312,1.645122766494751,-0.0036823812406510115,0.09916824847459793,0.0,0.999828040599823
1463,,,,,,,,-3.1785295009613037,9.999999747378752e-06,-0.010627968236804008,0.00039654469583183527,0.07461786270141602,0.009918928146362305,1135.0,0.154483824968338,97.72000122070312,1.6455267667770386,-0.0036757837515324354,0.014982917346060276,0.0,0.9998403191566467
1464,,,,,,,,-3.1780357360839844,5.062499985797331e-05,-0.015035778284072876,0.00041510825394652784,0.07277798652648926,0.010268926620483398,1155.0,0.15443909168243408,97.72000122070312,1.6455267667770386,-0.004278684500604868,0.10194698721170425,0.0,0.9998225569725037
1465,-0.0040498096495866776,0.0777265727519989,0.0,0.9998471736907959,0.0,0.0,1.0,-3.1828060150146484,3.3749998692655936e-05,-0.013337001204490662,0.00032460008515045047,0.07756781578063965,0.010009050369262695,1096.0,0.15427112579345703,97.72000122070312,1.6458345651626587,-0.004077275283634663,0.062051039189100266,0.0,0.9998905658721924
1466,,,,,,,,-3.1902613639831543,3.3749998692655936e-05,-0.01787400059401989,0.0005131526850163937,0.0774238109588623,0.010953903198242188,1086.0,0.15409666299819946,97.72000122070312,1.6458345651626587,-0.003722169203683734,0.0915217399597168,0.0,0.9998391270637512
1467,,,,,,,,-3.1969704627990723,9.999999747378752e-06,-0.0201572272926569,0.0002979458658955991,0.07157015800476074,0.010122060775756836,1175.0,0.15401700139045715,97.72000122070312,1.6455810070037842,-0.0036954963579773903,0.02185240387916565,0.0,0.9998219609260559
1468,,,,,,,,-3.1982593536376953,7.593750342493877e-05,-0.009772014804184437,0.00017366900283377618,0.07686185836791992,0.010190010070800781,1102.0,0.15408536791801453,97.72000122070312,1.6455810070037842,-0.004404270555824041,0.08758336305618286,0.0,0.9998514652252197
1469,,,,,,,,-3.193795680999756,3.3749998692655936e-05,-0.015667837113142014,0.00024506208137609065,0.0759890079498291,0.010618925094604492,1108.0,0.15415862202644348,97.72000122070312,1.6457107067108154,-0.00302025000564754,0.06714959442615509,0.0,0.9998939037322998
1470,,,,,,,,-3.1913645267486572,2.2500000341096893e-05,-0.010403400287032127,3.486463785171509,0.07808589935302734,0.009927988052368164,1090.0,0.15422691404819489,97.44000244140625,1.590575098991394,-0.004133846610784531,0.08434001356363297,-2.6041667461395264,0.9998507499694824
1471,,,,,,,,-3.187014102935791,2.2500000341096893e-05,-0.01642623171210289,0.002218246925622225,0.07398200035095215,0.010658025741577148,1134.0,0.15436376631259918,97.44000244140625,1.590575098991394,-0.004076814744621515,0.0952046811580658,0.0,0.9998510479927063
1472,,,,,,,,-3.182281494140625,5.062499985797331e-05,-0.009499205276370049,0.0003059923474211246,0.0753777027130127,0.010500907897949219,1117.0,0.1544002741575241,97.44000244140625,1.5908873081207275,-0.003407072275876999,0.05463641881942749,0.0,0.9998548626899719
1473,,,,,,,,-3.1850972175598145,2.2500000341096893e-05,-0.021938461810350418,0.0003750838222913444,0.07444190979003906,0.01004481315612793,1136.0,0.15420332551002502,97.44000244140625,1.5909135341644287,-0.003928459715098143,0.06410141289234161,0.0,0.9998342394828796
1474,,,,,,,,-3.195058584213257,3.3749998692655936e-05,-0.015196103602647781,0.00030777414212934673,0.07668018341064453,0.009864091873168945,1109.0,0.153975710272789,97.44000244140625,1.5909003019332886,-0.004061519633978605,0.06758285313844681,0.0,0.9998455047607422
1475,,,,,,,,-3.2041022777557373,1.4999999621068127e-05,-0.01954267919063568,0.0002585823822300881,0.07596015930175781,0.009776830673217773,1119.0,0.15385428071022034,97.44000244140625,1.590895175933838,-0.00446875998750329,0.08068332821130753,0.0,0.9998660683631897
1476,,,,,,,,-3.2077550888061523,3.3749998692655936e-05,-0.006955011747777462,0.00023438404605258256,0.07384395599365234,0.009677648544311523,1149.0,0.1538124829530716,97.44000244140625,1.5919233560562134,-0.0032151539344340563,0.046256210654973984,0.0,0.9998592734336853
1477,,,,,,,,-3.207916736602783,2.2500000341096893e-05,-0.014427107758820057,0.0004280999128241092,0.07471585273742676,0.010738849639892578,1123.0,0.15382660925388336,97.44000244140625,1.5917155742645264,-0.0036507409531623125,0.09460105746984482,0.0,0.9998328685760498
1478,,,,,,,,-3.2095446586608887,3.3749998692655936e-05,-0.00684245815500617,0.00020017827046103776,0.07631778717041016,0.009847164154052734,1114.0,0.15373225510120392,97.44000244140625,1.591997504234314,-0.0034876063000410795,0.053898412734270096,0.0,0.9998483061790466
1479,,,,,,,,-3.212540626525879,1.4999999621068127e-05,-0.005380954593420029,0.00048248673556372523,0.07883024215698242,0.010796070098876953,1071.0,0.15373638272285461,97.44000244140625,1.5921739339828491,-0.0040847426280379295,0.1107107624411583,0.0,0.9998741149902344
1480,,,,,,,,-3.211091995239258,7.593750342493877e-05,-0.001202431507408619,0.000506486976519227,0.0768880844116211,0.010524749755859375,1098.0,0.15380582213401794,97.44000244140625,1.5922660827636719,-0.0038365137297660112,0.041537731885910034,0.0,0.9998589158058167
1481,,,,,,,,-3.2073111534118652,1.4999999621068127e-05,-0.018462374806404114,0.00033855100627988577,0.07406377792358398,0.010393142700195312,1136.0,0.15386144816875458,97.44000244140625,1.592284917831421,-0.0037775617092847824,0.05687445402145386,0.0,0.9998248219490051
1482,,,,,,,,-3.20538330078125,2.2500000341096893e-05,-0.021612297743558884,0.0003206015971954912,0.07681989669799805,0.010017156600952148,1105.0,0.15393461287021637,97.44000244140625,1.5931679010391235,-0.004289948381483555,0.05330852046608925,0.0,0.9998412728309631
1483,,,,,,,,-3.1997926235198975,2.2500000341096893e-05,-0.005609101615846157,0.000222402872168459,0.07582831382751465,0.009807825088500977,1121.0,0.1540810465812683,97.44000244140625,1.5930308103561401,-0.0036124561447650194,0.06919895857572556,0.0,0.9998676180839539
1484,,,,,,,,-3.1951496601104736,1.4999999621068127e-05,-0.017373012378811836,0.0007196366204880178,0.07462501525878906,0.00991511344909668,1135.0,0.15412980318069458,97.73999786376953,1.648847222328186,-0.004170131403952837,0.10852155834436417,0.0,0.9998555183410645
1485,,,,,,,,-3.1940269470214844,5.062499985797331e-05,-0.014336669817566872,0.0006921733729541302,0.07150816917419434,0.00989985466003418,1179.0,0.15413135290145874,97.73999786376953,1.6480735540390015,-0.0038809366524219513,0.1029140055179596,0.0,0.999829113483429
1486,,,,,,,,-3.1954166889190674,1.4999999621068127e-05,-0.017780058085918427,0.000319520739139989,0.07790374755859375,0.010256290435791016,1088.0,0.15407679975032806,97.73999786376953,1.6482402086257935,-0.003692982718348503,0.04144510626792908,0.0,0.9998477101325989
1487,,,,,,,,-3.19901442527771,3.3749998692655936e-05,-0.012965391390025616,0.00023898288782220334,0.07809281349182129,0.010286092758178711,1086.0,0.15395455062389374,97.73999786376953,1.6492695808410645,-0.003928952384740114,0.06538268178701401,0.0,0.9998605847358704
1488,,,,,,,,-3.209115743637085,5.062499985797331e-05,-0.00830054096877575,0.0006131991976872087,0.07398796081542969,0.010469198226928711,1136.0,0.1536092311143875,98.0199966430664,1.7055158615112305,-0.003622300224378705,0.10691642761230469,0.0,0.9998508095741272
1489,,,,,,,,-3.2240536212921143,1.4999999621068127e-05,-0.017062470316886902,0.0003628979902714491,0.07198596000671387,0.01001596450805664,1170.0,0.15341849625110626,98.0199966430664,1.7055158615112305,-0.003862588433548808,0.08349009603261948,0.0,0.9998392462730408
1490,-0.0038113365881145,0.05324426293373108,0.0,0.9998505115509033,0.0,0.0,1.0,-3.2295150756835938,5.062499985797331e-05,-0.019390273839235306,0.0003932040126528591,0.07501411437988281,0.009940862655639648,1130.0,0.15336397290229797,98.0199966430664,1.7046005725860596,-0.0038880936335772276,0.043527472764253616,0.0,0.9998540878295898
1491,,,,,,,,-3.231081008911133,1.4999999621068127e-05,-0.012119121849536896,0.0002548014454077929,0.08249592781066895,0.01040506362915039,1033.0,0.15334679186344147,98.0199966430664,1.7053210735321045,-0.003931055311113596,0.06573599576950073,0.0,0.999860942363739
1492,,,,,,,,-3.2324178218841553,2.2500000341096893e-05,-0.01975635252892971,0.0004766785423271358,0.07201409339904785,0.010435104370117188,1164.0,0.15333907306194305,98.0199966430664,1.7060911655426025,-0.0036570343654602766,0.11214834451675415,0.0,0.9998505711555481
1493,,,,,,,,-3.229599952697754,2.2500000341096893e-05,-0.01154828630387783,0.0003631497675087303,0.07293081283569336,0.009814023971557617,1160.0,0.1535089761018753,98.0199966430664,1.7060911655426025,-0.0035567234735935926,0.04735543951392174,0.0,0.9998524188995361
1494,,,,,,,,-3.2249274253845215,1.4999999621068127e-05,-0.01593976467847824,0.00023507385049015284,0.0751349925994873,0.010225057601928711,1124.0,0.1535225808620453,98.0199966430664,1.7052390575408936,-0.003734261030331254,0.050163719803094864,0.0,0.9998445510864258
1495,,,,,,,,-3.229098320007324,3.3749998692655936e-05,-0.019043734297156334,0.0003515478456392884,0.07840800285339355,0.01020503044128418,1083.0,0.15333938598632812,98.38999938964844,1.7625210285186768,-0.003739364678040147,0.11369695514440536,0.0,0.9998547434806824
1496,,,,,,,,-3.2390966415405273,2.2500000341096893e-05,-0.006836832966655493,0.00040927916415967047,0.0747840404510498,0.010159969329833984,1130.0,0.15315678715705872,98.38999938964844,1.7625210285186768,-0.004275457467883825,0.12852440774440765,0.0,0.9998570084571838
1497,,,,,,,,-3.245694637298584,3.3749998692655936e-05,-0.010714705102145672,0.0002390728477621451,0.07375383377075195,0.009785175323486328,1149.0,0.15306560695171356,98.58999633789062,1.8157029151916504,-0.003936607390642166,0.05571291968226433,0.0,0.9998598098754883
1498,,,,,,,,-3.249671697616577,9.999999747378752e-06,-0.03739750385284424,0.00016966453404165804,0.07451295852661133,0.009984970092773438,1136.0,0.15298105776309967,98.58999633789062,1.8157130479812622,-0.003968451172113419,0.03633634373545647,0.0,0.9998356699943542
1499,,,,,,,,-3.254478931427002,2.2500000341096893e-05,-0.014146406203508377,0.00015230329881887883,0.0778498649597168,0.010039091110229492,1092.0,0.15281420946121216,98.83000183105469,1.871148943901062,-0.0036329757422208786,0.07599020004272461,0.0,0.9998483061790466
1500,,,,,,,,-3.2632603645324707,3.3749998692655936e-05,-0.008608159609138966,0.0004134570772293955,0.07498598098754883,0.01060628890991211,1121.0,0.15260760486125946,98.9800033569336,1.924208641052246,-0.004021477419883013,0.08424189686775208,0.0,0.9998604655265808
1501,,,,,,,,-3.2689549922943115,1.4999999621068127e-05,-0.02744927443563938,0.00020944452262483537,0.0731818675994873,0.009785175323486328,1157.0,0.15258091688156128,98.9800033569336,1.9241968393325806,-0.003520325757563114,0.0466776080429554,0.0,0.9998572468757629
1502,,,,,,,,-3.269317626953125,1.4999999621068127e-05,-0.011553402990102768,0.00035298592410981655,0.07487297058105469,0.01053309440612793,1124.0,0.1525607854127884,99.13999938964844,1.9774359464645386,-0.003855520160868764,0.08861028403043747,0.0,0.9998276233673096
1503,,,,,,,,-3.2705113887786865,3.3749998692655936e-05,-0.010968332178890705,0.0003160182968713343,0.07800173759460449,0.010288000106811523,1087.0,0.15253397822380066,99.13999938964844,1.977283000946045,-0.003915716428309679,0.10189992189407349,0.0,0.999853789806366
1504,,,,,,,,-3.2733042240142822,5.062499985797331e-05,-0.011651815846562386,0.0001920397044159472,0.07584905624389648,0.010213851928710938,1115.0,0.15238669514656067,99.13999938964844,1.9775199890136719,-0.0037260560784488916,0.08051319420337677,0.0,0.9998689293861389
1505,,,,,,,,-3.280496835708618,9.999999747378752e-06,-0.030254697427153587,0.0002882281260099262,0.07379508018493652,0.009963035583496094,1146.0,0.1522594392299652,99.13999938964844,1.9774892330169678,-0.003512768307700753,0.049245685338974,0.0,0.9998552203178406
1506,,,,,,,,-3.2848119735717773,3.3749998692655936e-05,-0.010717655532062054,0.00040093614370562136,0.07418608665466309,0.010061979293823242,1139.0,0.15213191509246826,99.13999938964844,1.9781252145767212,-0.003468416864052415,0.10230641812086105,0.0,0.9998270869255066
1507,,,,,,,,-3.2927587032318115,3.3749998692655936e-05,-0.027838336303830147,0.00040193580207414925,0.0758199691772461,0.00987696647644043,1120.0,0.1519617736339569,99.13999938964844,1.9774411916732788,-0.0034828856587409973,0.09397131949663162,0.0,0.9998435378074646
1508,,,,,,,,-3.296537399291992,2.2500000341096893e-05,-0.01552331168204546,0.0005159651627764106,0.07586312294006348,0.009980916976928711,1118.0,0.15196414291858673,99.13999938964844,1.977602481842041,-0.003689940320327878,0.10646700114011765,0.0,0.9998555183410645
1509,,,,,,,,-3.296415090560913,2.2500000341096893e-05,-0.021728843450546265,0.00030127924401313066,0.07444095611572266,0.010137081146240234,1135.0,0.15193478763103485,99.13999938964844,1.9783145189285278,-0.003812567563727498,0.1028132438659668,0.0,0.999849796295166
1510,,,,,,,,-3.2985215187072754,1.4999999621068127e-05,-0.024315115064382553,0.0003713645855896175,0.07066488265991211,0.009811878204345703,1192.0,0.15188312530517578,99.13999938964844,1.978256344795227,-0.003607475897297263,0.05440273880958557,0.0,0.9998289942741394
1511,,,,,,,,-3.300571918487549,3.3749998692655936e-05,-0.015709208324551582,0.00022403604816645384,0.07787084579467773,0.010138273239135742,1090.0,0.15181389451026917,99.13999938964844,1.9790151119232178,-0.0037632789462804794,0.07813011109828949,0.0,0.9998502731323242
1512,,,,,,,,-3.3036856651306152,3.3749998692655936e-05,-0.015675533562898636,0.0004741334996651858,0.07849597930908203,0.010051965713500977,1084.0,0.151739701628685,99.48999786376953,2.0365829467773438,-0.00428267614915967,0.07971585541963577,0.0,0.999869167804718
1513,,,,,,,,-3.304896593093872,2.2500000341096893e-05,-0.02513279765844345,0.00032294803531840444,0.07422733306884766,0.010252714157104492,1136.0,0.15174393355846405,99.48999786376953,2.0362582206726074,-0.003988923039287329,0.06842684745788574,0.0,0.9998583793640137
1514,,,,,,,,-3.304084062576294,3.3749998692655936e-05,-0.013386739417910576,0.0002483651041984558,0.07282710075378418,0.010310888290405273,1154.0,0.151724711060524,99.48999786376953,2.0362582206726074,-0.003978768829256296,0.0895494595170021,0.0,0.9998350143432617
1515,-0.0039479914121329784,0.07891270518302917,0.0,0.9998462200164795,0.0,0.0,1.0,-3.307037830352783,3.3749998692655936e-05,-0.01400722749531269,0.0006194040179252625,0.07640194892883301,0.010367155075073242,1106.0,0.15158574283123016,99.48999786376953,2.036039113998413,-0.0035327195655554533,0.043749693781137466,0.0,0.9998526573181152
1516,,,,,,,,-3.3145289421081543,3.3749998692655936e-05,-0.015131700783967972,0.00033371293102391064,0.07950806617736816,0.009834051132202148,1074.0,0.151389941573143,99.48999786376953,2.0352063179016113,-0.004071442876011133,0.0960332378745079,0.0,0.9998533129692078
1517,,,,,,,,-3.3214240074157715,9.999999747378752e-06,-0.025971444323658943,0.0003329292230773717,0.07087302207946777,0.009905338287353516,1188.0,0.15130046010017395,99.48999786376953,2.03529953956604,-0.003597338916733861,0.12819857895374298,0.0,0.9998456835746765
1518,,,,,,,,-3.3240067958831787,5.062499985797331e-05,-0.012760831043124199,0.000400223711039871,0.0742490291595459,0.010015010833740234,1139.0,0.15125742554664612,99.48999786376953,2.03529953956604,-0.0036628907546401024,0.053668051958084106,0.0,0.999852180480957
1519,,,,,,,,-3.326350450515747,2.2500000341096893e-05,-0.013773474842309952,0.00015843419532757252,0.07496285438537598,0.010098934173583984,1128.0,0.1511881947517395,99.48999786376953,2.034374475479126,-0.0033216115552932024,0.04488389566540718,0.0,0.9998441338539124
1520,,,,,,,,-3.328977108001709,2.2500000341096893e-05,-0.01817990280687809,0.0003580845659598708,0.0786590576171875,0.01011800765991211,1081.0,0.15114644169807434,99.48999786376953,2.035015821456909,-0.0036363257095217705,0.0851859375834465,0.0,0.999854564666748
1521,,,,,,,,-3.3323659896850586,3.3749998692655936e-05,-0.01504752691835165,0.00031872265390120447,0.07471203804016113,0.01012110710144043,1131.0,0.1510063260793686,99.48999786376953,2.035015821456909,-0.004167690873146057,0.1073257103562355,0.0,0.9998591542243958
1522,,,,,,,,-3.339006185531616,2.2500000341096893e-05,-0.013871156610548496,0.00017727771773934364,0.07466983795166016,0.010485172271728516,1127.0,0.1509014070034027,99.48999786376953,2.035064458847046,-0.003419831395149231,0.04095027223229408,0.0,0.9998652338981628
1523,,,,,,,,-3.34112286567688,3.3749998692655936e-05,-0.01060218084603548,0.0002103886508848518,0.07513618469238281,0.010210037231445312,1124.0,0.15089936554431915,99.48999786376953,2.0351603031158447,-0.0038725186605006456,0.033958468586206436,0.0,0.9998385310173035
1524,,,,,,,,-3.3414623737335205,2.2500000341096893e-05,-0.010723168030381203,0.00021161457698326558,0.07766580581665039,0.009897947311401367,1096.0,0.1508692502975464,99.48999786376953,2.0359950065612793,-0.0035521716345101595,0.06878926604986191,0.0,0.9998488426208496
1525,,,,,,,,-3.34287691116333,9.999999747378752e-06,-0.013553527183830738,0.00023278531443793327,0.0790262222290039,0.010818958282470703,1068.0,0.15086252987384796,99.48999786376953,2.035982370376587,-0.003607292426750064,0.09291711449623108,0.0,0.9998638033866882
1526,,,,,,,,-3.344647169113159,0.00011390625149942935,-0.00877152569591999,8.399781654588878e-05,0.07474374771118164,0.010212182998657227,1129.0,0.15072913467884064,99.48999786376953,2.0359392166137695,-0.0035658981651067734,0.044524867087602615,0.0,0.9998584389686584
1527,,,,,,,,-3.352442979812622,1.4999999621068127e-05,-0.0013062346260994673,0.00024989040684886277,0.07583498954772949,0.010418176651000977,1113.0,0.15064924955368042,99.48999786376953,2.0351545810699463,-0.0041123959235847,0.05365439131855965,0.0,0.9998224377632141
1528,,,,,,,,-3.3542797565460205,3.3749998692655936e-05,-0.022595221176743507,0.00019965969840995967,0.07697606086730957,0.010261058807373047,1100.0,0.15062899887561798,99.48999786376953,2.034477710723877,-0.003545045852661133,0.07360783964395523,0.0,0.9998448491096497
1529,,,,,,,,-3.3550000190734863,9.999999747378752e-06,-0.023860257118940353,0.00032196793472394347,0.07818794250488281,0.010222911834716797,1085.0,0.15060484409332275,99.48999786376953,2.033949613571167,-0.003747069276869297,0.10807856172323227,0.0,0.999866783618927
1530,,,,,,,,-3.3570961952209473,1.4999999621068127e-05,-0.011835841462016106,0.0001914920430863276,0.07486486434936523,0.010217905044555664,1128.0,0.15054477751255035,99.48999786376953,2.0337002277374268,-0.0034878626465797424,0.0521160364151001,0.0,0.9998496174812317
1531,,,,,,,,-3.3621280193328857,2.2500000341096893e-05,-0.024037286639213562,0.0002544438175391406,0.07427310943603516,0.010026931762695312,1138.0,0.15036088228225708,99.48999786376953,2.0336360931396484,-0.0036243211943656206,0.09933760017156601,0.0,0.9998261332511902
1532,,,,,,,,-3.3707337379455566,9.999999747378752e-06,-0.02238306775689125,0.00011831262236228213,0.07862186431884766,0.010289192199707031,1079.0,0.1502217948436737,99.48999786376953,2.034022808074951,-0.0035916802007704973,0.06404376029968262,0.0,0.9998500347137451
1533,,,,,,,,-3.3752031326293945,3.3749998692655936e-05,-0.008871646597981453,0.00014036611537449062,0.0773630142211914,0.01088094711303711,1087.0,0.15011905133724213,99.48999786376953,2.0338199138641357,-0.003725964343175292,0.07747737318277359,0.0,0.9998658299446106
1534,,,,,,,,-3.380727767944336,9.999999747378752e-06,-0.02255001850426197,0.00013483154179994017,0.07564997673034668,0.010319948196411133,1116.0,0.15002301335334778,99.48999786376953,2.0344042778015137,-0.0036156780552119017,0.059510212391614914,0.0,0.9998448491096497
1535,,,,,,,,-3.383118152618408,7.593750342493877e-05,-0.00838877260684967,0.00014325877418741584,0.07447504997253418,0.010679960250854492,1127.0,0.15001937747001648,99.48999786376953,2.0337255001068115,-0.0037540439516305923,0.0694315955042839,0.0,0.9998363852500916
1536,,,,,,,,-3.3801069259643555,1.4999999621068127e-05,-0.027890417724847794,0.00017590122297406197,0.0783529281616211,0.011388063430786133,1069.0,0.15012095868587494,99.48999786376953,2.0331151485443115,-0.0036538701970130205,0.054768502712249756,0.0,0.999851405620575
1537,,,,,,,,-3.3761770725250244,2.2500000341096893e-05,-0.011714043095707893,0.00015642502694390714,0.07942819595336914,0.010323047637939453,1069.0,0.15018117427825928,99.48999786376953,2.032236337661743,-0.0036911668721586466,0.07154125720262527,0.0,0.9998629689216614
1538,,,,,,,,-3.37162709236145,3.3749998692655936e-05,-0.019125670194625854,0.00011034765338990837,0.07421302795410156,0.01070404052734375,1130.0,0.15032871067523956,99.48999786376953,2.0315628051757812,-0.0038313500117510557,0.07009001821279526,0.0,0.9998572468757629
1539,,,,,,,,-3.365128993988037,1.4999999621068127e-05,-0.021608425304293633,9.785708243725821e-05,0.07204413414001465,0.01004791259765625,1169.0,0.15040554106235504,99.48999786376953,2.0315628051757812,-0.003178495215252042,0.06298603862524033,0.0,0.9998347163200378
1540,-0.0035401456989347935,0.0644092783331871,0.0,0.9998501539230347,0.0,0.0,1.0,-3.3645219802856445,2.2500000341096893e-05,-0.023074932396411896,0.0002846921852324158,0.07680106163024902,0.010457038879394531,1100.0,0.15036535263061523,99.48999786376953,2.031034469604492,-0.003498735837638378,0.03725103661417961,0.0,0.9998512864112854
1541,,,,,,,,-3.3653013706207275,1.4999999621068127e-05,-0.017915483564138412,0.0002421245735604316,0.08161473274230957,0.01009511947631836,1046.0,0.15041035413742065,99.48999786376953,2.0301709175109863,-0.003916617017239332,0.06873343884944916,0.0,0.9998639225959778
1542,,,,,,,,-3.3624091148376465,2.2500000341096893e-05,-0.019309375435113907,0.0001643314171815291,0.07274866104125977,0.01038217544555664,1154.0,0.15050143003463745,99.48999786376953,2.0302281379699707,-0.003548727370798588,0.07338333874940872,0.0,0.9998505711555481
1543,,,,,,,,-3.3585126399993896,7.593750342493877e-05,-0.007969499565660954,0.00018855421512853354,0.07454419136047363,0.010113000869750977,1133.0,0.15057840943336487,99.48999786376953,2.0302281379699707,-0.0034690771717578173,0.045023705810308456,0.0,0.9998398423194885
1544,,,,,,,,-3.350320339202881,5.062499985797331e-05,-0.016622299328446388,0.0001732799137244001,0.07556724548339844,0.010456085205078125,1115.0,0.15080365538597107,99.48999786376953,2.0295276641845703,-0.0035398344043642282,0.043105144053697586,0.0,0.9998331069946289
1545,,,,,,,,-3.346614122390747,2.2500000341096893e-05,-0.021005189046263695,0.00023376500757876784,0.0783989429473877,0.010306835174560547,1082.0,0.15072961151599884,99.48999786376953,2.0283873081207275,-0.003918552305549383,0.08796370774507523,0.0,0.9998460412025452
1546,,,,,,,,-3.345679521560669,2.2500000341096893e-05,-0.01325591467320919,0.00022547453409060836,0.0739278793334961,0.009902238845825195,1145.0,0.1508469581604004,99.48999786376953,2.0283873081207275,-0.003805625019595027,0.10274165868759155,0.0,0.9998480677604675
1547,,,,,,,,-3.3409855365753174,1.4999999621068127e-05,-0.023240847513079643,0.00029366969829425216,0.07439398765563965,0.009924173355102539,1138.0,0.15087464451789856,99.48999786376953,2.027635335922241,-0.003312258282676339,0.060090478509664536,0.0,0.9998604655265808
1548,,,,,,,,-3.3404455184936523,2.2500000341096893e-05,-0.012368396855890751,0.00023489708837587386,0.07599091529846191,0.010725021362304688,1107.0,0.15089623630046844,99.48999786376953,2.027026653289795,-0.0034306515008211136,0.06428264081478119,0.0,0.9998422265052795
1549,,,,,,,,-3.33846116065979,5.062499985797331e-05,-0.010324922390282154,0.0004987737047486007,0.07726883888244629,0.009937286376953125,1100.0,0.15095888078212738,99.48999786376953,2.0276565551757812,-0.0034092741552740335,0.10805659741163254,0.0,0.9998430609703064
1550,,,,,,,,-3.3353610038757324,9.999999747378752e-06,-0.030831603333353996,0.0005793428863398731,0.07540202140808105,0.010194778442382812,1121.0,0.15097086131572723,99.48999786376953,2.027327299118042,-0.003718700259923935,0.13829293847084045,0.0,0.9998572468757629
1551,,,,,,,,-3.3344929218292236,2.2500000341096893e-05,-0.015202997252345085,0.00015814827929716557,0.07521486282348633,0.009797096252441406,1129.0,0.15100640058517456,99.48999786376953,2.0274739265441895,-0.004080227576196194,0.06547410786151886,0.0,0.9998549818992615
1552,,,,,,,,-3.3314390182495117,3.3749998692655936e-05,-0.004826612304896116,0.0002352142328163609,0.07345199584960938,0.009816169738769531,1152.0,0.15105831623077393,99.48999786376953,2.0283567905426025,-0.003608203260228038,0.053797781467437744,0.0,0.9998285174369812
1553,,,,,,,,-3.328904390335083,1.4999999621068127e-05,-0.03416735306382179,0.00047341687604784966,0.07689929008483887,0.011562824249267578,1085.0,0.15111291408538818,99.48999786376953,2.0291099548339844,-0.0037518704775720835,0.10441690683364868,0.0,0.9998520016670227
1554,,,,,,,,-3.3269596099853516,3.3749998692655936e-05,-0.01232504565268755,0.00020040912204422057,0.07570981979370117,0.00994729995727539,1120.0,0.15112954378128052,99.48999786376953,2.0291929244995117,-0.0033665348310023546,0.07837901264429092,0.0,0.9998652935028076
1555,,,,,,,,-3.329833507537842,0.00011390625149942935,-0.010006838478147984,0.00020395811588969082,0.07434701919555664,0.009943008422851562,1138.0,0.15091809630393982,99.48999786376953,2.028972864151001,-0.003626730525866151,0.054097965359687805,0.0,0.99985671043396
1556,,,,,,,,-3.3420019149780273,9.999999747378752e-06,-0.015447666868567467,0.00034816042170859873,0.07388591766357422,0.010534048080444336,1137.0,0.1507590413093567,99.48999786376953,2.029022216796875,-0.0036613133270293474,0.10491452366113663,0.0,0.9998288154602051
1557,,,,,,,,-3.344552516937256,3.3749998692655936e-05,-0.024648655205965042,0.00015279922808986157,0.07825207710266113,0.009849071502685547,1089.0,0.15073849260807037,99.72000122070312,2.0828371047973633,-0.0036257405299693346,0.050734784454107285,0.0,0.9998510479927063
1558,,,,,,,,-3.3451716899871826,9.999999747378752e-06,-0.021020928397774696,0.00014620140427723527,0.07560324668884277,0.009974956512451172,1121.0,0.15075096487998962,99.72000122070312,2.0829780101776123,-0.0040133181028068066,0.06227999925613403,0.0,0.9998661875724792
1559,,,,,,,,-3.344442129135132,7.593750342493877e-05,-0.008746609091758728,0.0001955290063051507,0.07561016082763672,0.011417865753173828,1103.0,0.15076614916324615,99.72000122070312,2.083550453186035,-0.004048426169902086,0.05657227337360382,0.0,0.99985671043396
1560,,,,,,,,-3.3466384410858154,1.4999999621068127e-05,-0.018744872882962227,0.00011938001989619806,0.07319402694702148,0.010152101516723633,1151.0,0.1506509780883789,99.72000122070312,2.082660675048828,-0.0039834133349359035,0.06810832768678665,0.0,0.9998285174369812
1561,,,,,,,,-3.351855993270874,5.062499985797331e-05,-0.0174640454351902,0.0004950539441779256,0.07864117622375488,0.009892702102661133,1084.0,0.15047220885753632,99.72000122070312,2.082444190979004,-0.003988954704254866,0.08375656604766846,0.0,0.9998452067375183
1562,,,,,,,,-3.3653676509857178,5.062499985797331e-05,-0.01351085864007473,0.00020341026538517326,0.07794690132141113,0.009885072708129883,1092.0,0.15007373690605164,99.72000122070312,2.0823116302490234,-0.0038974620401859283,0.08748885989189148,0.0,0.9998669624328613
1563,,,,,,,,-3.3786816596984863,1.4999999621068127e-05,-0.02154846303164959,0.0005930332117713988,0.07343888282775879,0.009803056716918945,1153.0,0.14993712306022644,99.72000122070312,2.0823974609375,-0.0038379859179258347,0.11415064334869385,0.0,0.9998601078987122
1564,,,,,,,,-3.3821170330047607,3.3749998692655936e-05,-0.013418630696833134,0.00028254278004169464,0.07277631759643555,0.009898900985717773,1161.0,0.14995478093624115,99.72000122070312,2.0823974609375,-0.003540775505825877,0.08900803327560425,0.0,0.9998409748077393
1565,-0.003895157016813755,0.08560483157634735,0.0,0.9998536109924316,0.0,0.0,1.0,-3.38000226020813,1.4999999621068127e-05,-0.026555318385362625,0.00026607405743561685,0.07640194892883301,0.010421037673950195,1105.0,0.14999645948410034,99.72000122070312,2.083028554916382,-0.0037285301368683577,0.06756198406219482,0.0,0.9998447299003601
1566,,,,,,,,-3.379833459854126,9.999999747378752e-06,-0.008304396644234657,0.00040317431557923555,0.08132004737854004,0.012876033782958984,1019.0,0.14994262158870697,99.72000122070312,2.0839145183563232,-0.004025639500468969,0.08672142773866653,0.0,0.9998588562011719
1567,,,,,,,,-3.381603717803955,3.3749998692655936e-05,-0.010381286963820457,0.00015267710841726512,0.07428717613220215,0.010949850082397461,1126.0,0.14992864429950714,99.72000122070312,2.0845465660095215,-0.003315074136480689,0.08433482050895691,0.0,0.9998559951782227
1568,,,,,,,,-3.380607843399048,2.2500000341096893e-05,-0.020441848784685135,0.00022585511032957584,0.07308697700500488,0.009826898574829102,1157.0,0.14995424449443817,99.72000122070312,2.0845465660095215,-0.0035705806221812963,0.05079323425889015,0.0,0.9998539090156555
1569,,,,,,,,-3.3790621757507324,9.999999747378752e-06,-0.01625228300690651,0.00019480197806842625,0.07386279106140137,0.010154247283935547,1142.0,0.14998963475227356,99.72000122070312,2.0854060649871826,-0.003340351628139615,0.04044162854552269,0.0,0.9998480677604675
1570,,,,,,,,-3.377497434616089,5.062499985797331e-05,-0.015103243291378021,0.00037333578802645206,0.07847094535827637,0.009630918502807617,1089.0,0.1500171720981598,99.72000122070312,2.0847573280334473,-0.003951387945562601,0.08087653666734695,0.0,0.9998505115509033
1571,,,,,,,,-3.375631332397461,5.062499985797331e-05,-0.008715225383639336,0.0003669676079880446,0.07522296905517578,0.009998798370361328,1126.0,0.15002810955047607,99.72000122070312,2.0847573280334473,-0.003854707581922412,0.10442301630973816,0.0,0.9998576045036316
1572,,,,,,,,-3.3731589317321777,9.999999747378752e-06,-0.02328021451830864,0.0001956826017703861,0.07422494888305664,0.009830951690673828,1142.0,0.15008319914340973,99.72000122070312,2.0849790573120117,-0.0035075752530246973,0.05727687478065491,0.0,0.9998624324798584
1573,,,,,,,,-3.3704004287719727,1.4999999621068127e-05,-0.018709754571318626,0.00017467010184191167,0.07424092292785645,0.009720087051391602,1143.0,0.15015117824077606,99.72000122070312,2.0840513706207275,-0.003921134397387505,0.06240774691104889,0.0,0.9998378753662109
1574,,,,,,,,-3.3678905963897705,9.999999747378752e-06,-0.022657161578536034,0.00029449976864270866,0.07745838165283203,0.009883880615234375,1099.0,0.1501535177230835,99.72000122070312,2.084937334060669,-0.0037167209666222334,0.05984299257397652,0.0,0.9998534321784973
1575,,,,,,,,-3.36963152885437,7.593750342493877e-05,-0.010314698331058025,0.00024416280211880803,0.07686972618103027,0.010489225387573242,1098.0,0.15005815029144287,100.0,2.1404314041137695,-0.00410960940644145,0.11705511808395386,0.0,0.9998600482940674
1576,,,,,,,,-3.3767688274383545,2.2500000341096893e-05,-0.009519669227302074,0.00012224553211126477,0.0762491226196289,0.009916067123413086,1114.0,0.1499054729938507,100.0,2.141033411026001,-0.0034559890627861023,0.04041612148284912,0.0,0.9998601078987122
1577,,,,,,,,-3.381742238998413,3.3749998692655936e-05,-0.015276742167770863,0.00011191207158844918,0.07401204109191895,0.00981903076171875,1145.0,0.14981479942798615,100.0,2.1406986713409424,-0.0036177218426018953,0.0603591650724411,0.0,0.9998158812522888
1578,,,,,,,,-3.3855679035186768,1.4999999621068127e-05,-0.031533535569906235,0.0002630706876516342,0.07646703720092773,0.009757041931152344,1113.0,0.14978674054145813,100.0,2.140751361846924,-0.0035271344240754843,0.1011858880519867,0.0,0.9998440146446228
1579,,,,,,,,-3.386404037475586,3.3749998692655936e-05,-0.008665231987833977,0.00019545256509445608,0.07543706893920898,0.009846687316894531,1125.0,0.14973102509975433,100.0,2.1409523487091064,-0.004205999430269003,0.08375070244073868,0.0,0.9998633861541748
1580,,,,,,,,-3.3881349563598633,1.4999999621068127e-05,-0.02380933240056038,0.00020589445193763822,0.0733339786529541,0.010064840316772461,1151.0,0.1497158706188202,100.0,2.1402926445007324,-0.003892600769177079,0.08350029587745667,0.0,0.9998445510864258
1581,,,,,,,,-3.3884191513061523,0.00011390625149942935,-0.008824944496154785,0.00014928406744729728,0.07288813591003418,0.010055065155029297,1157.0,0.14969007670879364,100.0,2.141051769256592,-0.003570812987163663,0.09686728566884995,0.0,0.9998159408569336
1582,,,,,,,,-3.3899927139282227,9.999999747378752e-06,-0.036995820701122284,0.00026844930835068226,0.07616901397705078,0.010119915008544922,1112.0,0.14968733489513397,100.0,2.1412160396575928,-0.0036350477021187544,0.04824753478169441,0.0,0.9998414516448975
1583,,,,,,,,-3.391300916671753,3.3749998692655936e-05,-0.015067837201058865,0.0002623618929646909,0.07584881782531738,0.009811162948608398,1120.0,0.14958077669143677,100.0,2.141895055770874,-0.003553732531145215,0.05529969558119774,0.0,0.9998564720153809
1584,,,,,,,,-3.398400068283081,1.4999999621068127e-05,-0.014760755933821201,0.00016025107470341027,0.07474207878112793,0.010540962219238281,1125.0,0.1494312286376953,100.0,2.1417577266693115,-0.0038274945691227913,0.06285388767719269,0.0,0.9998466968536377
1585,,,,,,,,-3.4034082889556885,2.2500000341096893e-05,-0.016565509140491486,0.00027151827816851437,0.07154679298400879,0.010224103927612305,1174.0,0.14934861660003662,100.0,2.1416990756988525,-0.003598766401410103,0.04807037115097046,0.0,0.9998249411582947
1586,,,,,,,,-3.4047234058380127,3.3749998692655936e-05,-0.0221847090870142,0.0001538573415018618,0.07719922065734863,0.009981870651245117,1101.0,0.14939026534557343,100.0,2.1407992839813232,-0.00374594796448946,0.047158654779195786,0.0,0.9998486638069153
1587,,,,,,,,-3.4039220809936523,9.999999747378752e-06,-0.01691107451915741,0.00032453067251481116,0.07770705223083496,0.009863853454589844,1096.0,0.1493387371301651,100.0,2.1409924030303955,-0.0038489217404276133,0.10003764182329178,0.0,0.9998647570610046
1588,,,,,,,,-3.4071996212005615,3.3749998692655936e-05,-0.013855860568583012,0.00013332339585758746,0.0736382007598877,0.010126829147338867,1146.0,0.14922285079956055,100.0,2.140838384628296,-0.0033192106056958437,0.0736149474978447,0.0,0.9998566508293152
1589,,,,,,,,-3.412679672241211,2.2500000341096893e-05,-0.02806909754872322,0.00011826273839687929,0.07189607620239258,0.01016092300415039,1169.0,0.14915809035301208,100.0,2.140838384628296,-0.003322673263028264,0.04897412657737732,0.0,0.9998350143432617
1590,-0.003267819993197918,0.07734798640012741,0.0,0.9998520016670227,0.0,0.0,1.0,-3.414738893508911,1.4999999621068127e-05,-0.019929852336645126,0.00011665753845591098,0.076416015625,0.010519027709960938,1104.0,0.14911824464797974,100.0,2.1415822505950928,-0.0037980482447892427,0.03692027926445007,0.0,0.999849259853363
1591,,,,,,,,-3.4170401096343994,9.999999747378752e-06,-0.01798071153461933,0.00013105192920193076,0.08139204978942871,0.010551929473876953,1044.0,0.1490471214056015,100.0,2.140667676925659,-0.003709845244884491,0.08782318234443665,0.0,0.9998682141304016
1592,,,,,,,,-3.4203782081604004,3.3749998692655936e-05,-0.02087518945336342,6.297678470611572,0.07808589935302734,0.010586738586425781,1082.0,0.14896385371685028,98.27999877929688,2.0034186840057373,-0.0034099079202860594,0.04640224203467369,-5.208333492279053,0.9998760223388672
1593,,,,,,,,-3.4256584644317627,9.999999747378752e-06,-0.007086004130542278,6.453532695770264,0.08283591270446777,0.010387182235717773,1029.0,0.1488392949104309,96.58999633789062,1.8659663200378418,-0.004355971235781908,0.0033863901626318693,-5.208333492279053,0.9998695254325867
1594,,,,,,,,-3.4299423694610596,5.062499985797331e-05,-0.012460166588425636,0.003593873232603073,0.07690310478210449,0.010468006134033203,1098.0,0.1487702578306198,96.58999633789062,1.8659714460372925,-0.0038340941537171602,0.13716794550418854,0.0,0.9998614192008972
1595,,,,,,,,-3.4310786724090576,2.2500000341096893e-05,-0.01694723218679428,0.0015845497837290168,0.07831883430480957,0.010110855102539062,1085.0,0.14882071316242218,96.58999633789062,1.8667621612548828,-0.0037661276292055845,0.09361431002616882,0.0,0.9999178051948547
1596,,,,,,,,-3.42997407913208,2.2500000341096893e-05,-0.017421124503016472,0.0006281760870479047,0.06903886795043945,0.009963035583496094,1215.0,0.14881110191345215,96.58999633789062,1.8667621612548828,-0.003527176333591342,0.027072884142398834,0.0,0.9998120665550232
1597,,,,,,,,-3.4310898780822754,2.2500000341096893e-05,-0.02048836462199688,0.0004470630956348032,0.07129812240600586,0.009863853454589844,1182.0,0.14877624809741974,96.58999633789062,1.8658462762832642,-0.003662681905552745,3.1999061320675537e-06,0.0,0.9998039603233337
1598,,,,,,,,-3.431913375854492,3.3749998692655936e-05,-0.023416485637426376,0.0006956153665669262,0.07490897178649902,0.00988006591796875,1132.0,0.14876288175582886,96.58999633789062,1.8658775091171265,-0.003937496803700924,0.09154064208269119,0.0,0.9998590350151062
1599,,,,,,,,-3.4313735961914062,1.4999999621068127e-05,-0.018869733437895775,0.00042777028284035623,0.07851696014404297,0.01099705696105957,1072.0,0.1487898826599121,96.58999633789062,1.8648337125778198,-0.0038629574701189995,0.062266964465379715,0.0,0.9999127388000488
1600,,,,,,,,-3.4297969341278076,7.593750342493877e-05,-0.006408333778381348,0.0005743817891925573,0.0709071159362793,0.009840011596679688,1188.0,0.14881746470928192,96.58999633789062,1.8648337125778198,-0.003325813449919224,0.05470697581768036,0.0,0.9998326897621155
1601,,,,,,,,-3.4277939796447754,1.4999999621068127e-05,-0.011590645648539066,0.0003020425792783499,0.06964421272277832,0.01031804084777832,1200.0,0.14885826408863068,96.58999633789062,1.8636794090270996,-0.0034217967186123133,2.104801524183131e-06,0.0,0.9998074173927307
1602,,,,,,,,-3.4273815155029297,3.3749998692655936e-05,-0.023957345634698868,2.812319040298462,0.0870218276977539,0.01043391227722168,985.0,0.1488158106803894,96.3499984741211,1.8084745407104492,-0.004398228134959936,0.11117950826883316,-2.6041667461395264,0.9998989105224609
1603,,,,,,,,-3.4303197860717773,1.4999999621068127e-05,-0.01417624019086361,0.007522217463701963,0.07316112518310547,0.010645866394042969,1145.0,0.1487427055835724,96.3499984741211,1.8084745407104492,-0.0037403174210339785,0.2646038830280304,0.0,0.9999024868011475
1604,,,,,,,,-3.4326488971710205,7.593750342493877e-05,-0.0005810767179355025,0.0005665239877998829,0.06798005104064941,0.010264158248901367,1226.0,0.14869293570518494,96.3499984741211,1.8084745407104492,-0.0032825882080942392,0.0009445508476346731,0.0,0.9998466968536377
1605,,,,,,,,-3.4387478828430176,5.062499985797331e-05,-0.005360860843211412,0.0002689366228878498,0.06708884239196777,0.01073002815246582,1233.0,0.14846709370613098,96.3499984741211,1.8084745407104492,-0.0033401234541088343,5.445621818062074e-12,0.0,0.999765157699585
1606,,,,,,,,-3.44970440864563,3.3749998692655936e-05,-0.019757669419050217,0.00032164083677344024,0.0868220329284668,0.009999990463256836,991.0,0.14826856553554535,96.3499984741211,1.8092637062072754,-0.004030997399240732,0.04981837794184685,0.0,0.9998881816864014
1607,,,,,,,,-3.454347610473633,9.999999747378752e-06,-0.022160729393363,0.002098523313179612,0.07479000091552734,0.01003885269165039,1131.0,0.14824901521205902,96.3499984741211,1.8092637062072754,-0.004106504842638969,0.2656600773334503,0.0,0.9998950362205505
1608,,,,,,,,-3.4546334743499756,3.3749998692655936e-05,-0.01421450637280941,0.00014168219058774412,0.06924009323120117,0.00985860824584961,1213.0,0.14824797213077545,96.3499984741211,1.8092637062072754,-0.002902264939621091,0.009884211234748363,0.0,0.9998719692230225
1609,,,,,,,,-3.454817771911621,2.2500000341096893e-05,-0.010702705010771751,0.00011595183605095372,0.06687712669372559,0.010596752166748047,1239.0,0.14825798571109772,96.3499984741211,1.8092637062072754,-0.0030517017003148794,1.75014377989946e-10,0.0,0.9997587203979492
1610,,,,,,,,-3.4534006118774414,1.4999999621068127e-05,-0.023051483556628227,0.00033433508360758424,0.08257889747619629,0.010449886322021484,1031.0,0.14831487834453583,96.3499984741211,1.8084968328475952,-0.004079625941812992,0.02441781759262085,0.0,0.9998729825019836
1611,,,,,,,,-3.450986385345459,5.062499985797331e-05,-0.014490257017314434,0.0010341528104618192,0.0766761302947998,0.009866952896118164,1109.0,0.14835749566555023,96.3499984741211,1.8084968328475952,-0.004279833287000656,0.2279188483953476,0.0,0.9998958706855774
1612,,,,,,,,-3.448904514312744,1.4999999621068127e-05,-0.025350309908390045,7.018011092441157e-05,0.06948208808898926,0.009863138198852539,1209.0,0.14839179813861847,96.3499984741211,1.8084968328475952,-0.0031822326127439737,0.026840290054678917,0.0,0.9998947978019714
1613,,,,,,,,-3.44861102104187,1.4999999621068127e-05,-0.020890479907393456,3.3302981853485107,0.07309317588806152,0.010066986083984375,1154.0,0.14838972687721252,96.18000030517578,1.7543632984161377,-0.0031973058357834816,2.0659001620515483e-07,-2.6041667461395264,0.9997763633728027
1614,,,,,,,,-3.448524236679077,3.3749998692655936e-05,-0.016148682683706284,0.003010046435520053,0.07681512832641602,0.010117053985595703,1104.0,0.14839518070220947,96.18000030517578,1.7545405626296997,-0.0031984734814614058,0.10026945918798447,0.0,0.999842643737793
1615,-0.003233488881960511,0.04855949804186821,0.0,0.9998471140861511,0.0,0.0,1.0,-3.4503226280212402,7.593750342493877e-05,-0.0042445301078259945,0.0008408316061832011,0.08244490623474121,0.009827852249145508,1040.0,0.14826546609401703,96.18000030517578,1.7543392181396484,-0.004678031895309687,0.16856937110424042,0.0,0.9999141693115234
1616,,,,,,,,-3.4562838077545166,1.4999999621068127e-05,-0.02329762652516365,0.0002036903752014041,0.07096314430236816,0.009644031524658203,1190.0,0.14822115004062653,96.18000030517578,1.7543392181396484,-0.0031549064442515373,0.04421307146549225,0.0,0.9998753070831299
1617,,,,,,,,-3.455997943878174,7.593750342493877e-05,-0.010220187716186047,0.00024555696290917695,0.07031416893005371,0.010169744491577148,1192.0,0.14824345707893372,96.18000030517578,1.7552332878112793,-0.003416735678911209,2.0334352939244127e-06,0.0,0.9997920393943787
1618,,,,,,,,-3.4576900005340576,1.4999999621068127e-05,-0.031456463038921356,0.0003643064701464027,0.0772700309753418,0.010272979736328125,1096.0,0.14816375076770782,96.18000030517578,1.755179524421692,-0.003689688863232732,0.07367607951164246,0.0,0.9998270869255066
1619,,,,,,,,-3.4620916843414307,2.2500000341096893e-05,-0.014677410013973713,5.4287109375,0.08760976791381836,0.010807037353515625,975.0,0.1480402648448944,94.4800033569336,1.616982340812683,-0.0043866452760994434,0.09467101097106934,-5.208333492279053,0.9999452233314514
1620,,,,,,,,-3.4662938117980957,2.2500000341096893e-05,-0.01651979796588421,0.0032839493360370398,0.07537579536437988,0.009992122650146484,1124.0,0.14801184833049774,94.4800033569336,1.616982340812683,-0.003555068513378501,0.21789807081222534,0.0,0.9998671412467957
1621,,,,,,,,-3.4651951789855957,2.2500000341096893e-05,-0.016196582466363907,0.00020328350365161896,0.06897497177124023,0.010196924209594727,1212.0,0.14808781445026398,94.4800033569336,1.616982340812683,-0.003147188341245055,0.01977301575243473,0.0,0.9998517036437988
1622,-0.00368285970762372,0.09703805297613144,0.0,0.9998572468757629,0.0,0.0,1.0,-3.4607555866241455,1.4999999621068127e-05,-0.014723869040608406,0.0007248318870551884,0.07330822944641113,0.009676933288574219,1156.0,0.14818018674850464,94.4800033569336,1.6177204847335815,-0.0037632195744663477,0.050661180168390274,0.0,0.9998042583465576
1623,,,,,,,,-3.4588396549224854,3.3749998692655936e-05,-0.008428916335105896,0.0003420969587750733,0.08005619049072266,0.009790897369384766,1068.0,0.14814476668834686,94.4800033569336,1.6192504167556763,-0.003436935832723975,0.06348740309476852,0.0,0.999885082244873
1624,,,,,,,,-3.4593138694763184,9.999999747378752e-06,-0.019899241626262665,0.00022019536118023098,0.0770258903503418,0.010560035705566406,1096.0,0.14819541573524475,94.4800033569336,1.6192504167556763,-0.004107045941054821,0.139363095164299,0.0,0.9998666644096375
1625,,,,,,,,-3.4570212364196777,1.4999999621068127e-05,-0.011067956686019897,0.00026861709193326533,0.06935620307922363,0.009894132614135742,1211.0,0.1482032984495163,94.4800033569336,1.6192504167556763,-0.0030358873773366213,0.021870439872145653,0.0,0.9998574256896973
1626,,,,,,,,-3.4554343223571777,3.3749998692655936e-05,-0.008887690491974354,0.0005107291508466005,0.0732259750366211,0.010043859481811523,1152.0,0.14834193885326385,94.4800033569336,1.6200776100158691,-0.0038665402680635452,0.028923997655510902,0.0,0.9998032450675964
1627,,,,,,,,-3.4463846683502197,2.2500000341096893e-05,-0.016094762831926346,0.0003991850826423615,0.07797694206237793,0.010014057159423828,1091.0,0.14849483966827393,94.4800033569336,1.6196967363357544,-0.0036369292065501213,0.07388083636760712,0.0,0.9998540878295898
1628,,,,,,,,-3.444572925567627,3.3749998692655936e-05,-0.008673617616295815,0.0010589385638013482,0.0770261287689209,0.010894060134887695,1091.0,0.14840875566005707,94.4800033569336,1.6195380687713623,-0.003763509215787053,0.23563741147518158,0.0,0.9998767971992493
1629,,,,,,,,-3.4442825317382812,3.3749998692655936e-05,-0.009468945674598217,0.00015297190111596137,0.07181096076965332,0.010046958923339844,1172.0,0.14859072864055634,94.4800033569336,1.6195380687713623,-0.003552469424903393,0.06670329719781876,0.0,0.9998572468757629
1630,,,,,,,,-3.4353067874908447,1.4999999621068127e-05,-0.01767542213201523,0.00025749430642463267,0.07288718223571777,0.009959220886230469,1158.0,0.14869235455989838,94.4800033569336,1.6200835704803467,-0.003136084647849202,0.0013398309238255024,0.0,0.9998049139976501
1631,,,,,,,,-3.4331932067871094,3.3749998692655936e-05,-0.023570939898490906,0.00024841021513566375,0.07756185531616211,0.01059103012084961,1089.0,0.14866873621940613,94.4800033569336,1.620897889137268,-0.0039704181253910065,0.10309793800115585,0.0,0.9998259544372559
1632,,,,,,,,-3.434326648712158,2.2500000341096893e-05,-0.01582678034901619,0.00027512974338606,0.07722997665405273,0.010174989700317383,1098.0,0.14862926304340363,94.4800033569336,1.620910406112671,-0.00397305516526103,0.10748928040266037,0.0,0.9998912811279297
1633,,,,,,,,-3.435272693634033,9.999999747378752e-06,-0.011115792207419872,0.0002580936998128891,0.0708768367767334,0.009782075881958008,1190.0,0.14862306416034698,94.4800033569336,1.620910406112671,-0.0033573349937796593,0.05105821415781975,0.0,0.9998677372932434
1634,,,,,,,,-3.4356775283813477,9.999999747378752e-06,-0.013526109047234058,0.00020587317703757435,0.07087898254394531,0.009859085083007812,1189.0,0.14861129224300385,94.4800033569336,1.621618628501892,-0.0029193859081715345,2.3902639441075735e-05,0.0,0.9998071789741516
1635,,,,,,,,-3.4360694885253906,3.3749998692655936e-05,-0.014650031924247742,0.0005099412519484758,0.07405686378479004,0.009813070297241211,1144.0,0.1486019343137741,94.4800033569336,1.6211808919906616,-0.003990859724581242,0.10635892301797867,0.0,0.9998104572296143
1636,,,,,,,,-3.4362952709198,9.999999747378752e-06,-0.025614488869905472,3.280792713165283,0.08203482627868652,0.010087251663208008,1042.0,0.14859503507614136,93.62999725341797,1.5525047779083252,-0.004141229670494795,0.059018444269895554,-2.6041667461395264,0.9999191164970398
1637,,,,,,,,-3.4357075691223145,3.3749998692655936e-05,-0.0031702553387731314,0.0011260813334956765,0.07129907608032227,0.009816884994506836,1183.0,0.14861290156841278,93.62999725341797,1.5525047779083252,-0.0034079805482178926,0.17281067371368408,0.0,0.9998680949211121
1638,,,,,,,,-3.4339802265167236,5.062499985797331e-05,-0.0155660230666399,5.224044434726238e-05,0.07251095771789551,0.009836912155151367,1165.0,0.14869904518127441,93.62999725341797,1.5533289909362793,-0.003206095425412059,0.0005053955828770995,0.0,0.999864399433136
1639,,,,,,,,-3.4315366744995117,2.2500000341096893e-05,-0.026809148490428925,0.00016743066953495145,0.07286381721496582,0.009952068328857422,1159.0,0.14867646992206573,93.62999725341797,1.5533761978149414,-0.0036498953122645617,0.05869060754776001,0.0,0.9998037219047546
1640,,,,,,,,-3.433439254760742,2.2500000341096893e-05,-0.03232048079371452,0.0006787539459764957,0.08315587043762207,0.010715961456298828,1022.0,0.148624449968338,93.62999725341797,1.5540010929107666,-0.003881782293319702,0.06351128220558167,0.0,0.9998820424079895
1641,,,,,,,,-3.435175895690918,9.999999747378752e-06,-0.00659814802929759,0.0009618031908757985,0.07425212860107422,0.012470722198486328,1106.0,0.1486320197582245,93.62999725341797,1.5540010929107666,-0.0034077223390340805,0.20737071335315704,0.0,0.9998514652252197
1642,,,,,,,,-3.434845209121704,2.2500000341096893e-05,-0.00623127818107605,0.00010250695049762726,0.07299685478210449,0.010245084762573242,1153.0,0.14864003658294678,93.62999725341797,1.554107904434204,-0.003256744472309947,0.0063804518431425095,0.0,0.9998579621315002
1643,,,,,,,,-3.435868501663208,2.2500000341096893e-05,-0.013989955186843872,8.940129191614687e-05,0.07222676277160645,0.01040196418762207,1161.0,0.14860989153385162,93.62999725341797,1.554107904434204,-0.0033758366480469704,0.04265173152089119,0.0,0.9997963905334473
1644,,,,,,,,-3.4368667602539062,2.2500000341096893e-05,-0.019529083743691444,0.0002499066758900881,0.07878923416137695,0.01024007797241211,1078.0,0.1486082524061203,93.62999725341797,1.5557565689086914,-0.0038817664608359337,0.03508710116147995,0.0,0.9998689293861389
1645,,,,,,,,-3.439682960510254,0.00011390625149942935,-0.005349665880203247,0.0009670678991824389,0.07516980171203613,0.01032710075378418,1122.0,0.14844530820846558,93.62999725341797,1.5557565689086914,-0.00422672787681222,0.175006702542305,0.0,0.9998685717582703
1646,,,,,,,,-3.4502158164978027,2.2500000341096893e-05,-0.018456285819411278,0.00020213644893374294,0.06918215751647949,0.010003805160522461,1212.0,0.14826656877994537,93.62999725341797,1.5557565689086914,-0.003036944195628166,0.0303186047822237,0.0,0.999867856502533
1647,-0.0036415199283510447,0.05249670147895813,0.0,0.9998519420623779,0.0,0.0,1.0,-3.455615520477295,2.2500000341096893e-05,-0.0195380337536335,0.00019318835984449834,0.07354068756103516,0.010268211364746094,1145.0,0.14815786480903625,93.62999725341797,1.554890751838684,-0.0032217958942055702,0.03269416093826294,0.0,0.9998142123222351
1648,,,,,,,,-3.461211919784546,1.4999999621068127e-05,-0.013381733559072018,0.0004023593501187861,0.07677125930786133,0.010268926620483398,1102.0,0.14807355403900146,93.62999725341797,1.554168462753296,-0.003107931464910507,0.04170144721865654,0.0,0.9998533129692078
1649,,,,,,,,-3.464383125305176,2.2500000341096893e-05,-0.015745148062705994,0.0004611517651937902,0.07871007919311523,0.010856151580810547,1071.0,0.14801764488220215,93.62999725341797,1.554168462753296,-0.004654724150896072,0.15524856746196747,0.0,0.9998838305473328
1650,,,,,,,,-3.4673280715942383,3.3749998692655936e-05,-0.00777405546978116,0.00010626602306729183,0.0700690746307373,0.00999593734741211,1199.0,0.14795906841754913,93.62999725341797,1.554168462753296,-0.0029046498239040375,0.04210248962044716,0.0,0.9998703002929688
1651,,,,,,,,-3.4687838554382324,5.062499985797331e-05,-0.025293808430433273,3.601973056793213,0.07666897773742676,0.010487079620361328,1101.0,0.1479494273662567,92.79000091552734,1.4847708940505981,-0.003686274169012904,0.0027348268777132034,-2.6041667461395264,0.9998301863670349
1652,,,,,,,,-3.4649786949157715,5.062499985797331e-05,-0.010710557922720909,0.0051694465801119804,0.07942700386047363,0.010442018508911133,1068.0,0.1481950581073761,92.79000091552734,1.485638976097107,-0.003923623822629452,0.050939012318849564,0.0,0.9998329281806946
1653,,,,,,,,-3.4566431045532227,1.4999999621068127e-05,-0.01978699117898941,0.0017524778377264738,0.07953524589538574,0.009923696517944336,1073.0,0.14823615550994873,92.79000091552734,1.4843400716781616,-0.004185270052403212,0.16753531992435455,0.0,0.9999153017997742
1654,,,,,,,,-3.458150863647461,3.3749998692655936e-05,-0.00593387708067894,0.0003469107032287866,0.07036805152893066,0.009948968887329102,1195.0,0.14817006886005402,92.79000091552734,1.4843400716781616,-0.003427550895139575,0.07212607562541962,0.0,0.9998772740364075
1655,,,,,,,,-3.4599339962005615,1.4999999621068127e-05,-0.028661146759986877,0.00017016706988215446,0.06824541091918945,0.010391712188720703,1220.0,0.1481960117816925,92.79000091552734,1.4843400716781616,-0.0028524629306048155,3.169308911310509e-06,0.0,0.9998133778572083
1656,-0.0033180241007357836,0.08047518134117126,0.0,0.9998587369918823,0.0,0.0,1.0,-3.456876754760742,3.3749998692655936e-05,-0.009701082482933998,0.001626901444979012,0.07834291458129883,0.009768009185791016,1089.0,0.14830629527568817,92.79000091552734,1.4842532873153687,-0.003753999248147011,0.057365745306015015,0.0,0.9998278021812439
1657,,,,,,,,-3.450835943222046,2.2500000341096893e-05,-0.022169768810272217,0.0006614730227738619,0.0786290168762207,0.010035991668701172,1082.0,0.1484397053718567,92.79000091552734,1.4844447374343872,-0.003898854600265622,0.11994659900665283,0.0,0.999904453754425
1658,,,,,,,,-3.4468088150024414,1.4999999621068127e-05,-0.008489303290843964,0.0003067103389184922,0.0735170841217041,0.010191917419433594,1146.0,0.1484520137310028,92.79000091552734,1.4844447374343872,-0.003815998323261738,0.12278151512145996,0.0,0.9998788237571716
1659,,,,,,,,-3.4469408988952637,1.4999999621068127e-05,-0.00459595350548625,0.00010934744932455942,0.06921219825744629,0.009903907775878906,1213.0,0.14845557510852814,92.79000091552734,1.4844447374343872,-0.003323132870718837,1.7026950445142575e-05,0.0,0.9998210072517395
1660,,,,,,,,-3.4460670948028564,3.3749998692655936e-05,-0.012311408296227455,0.00039431455661542714,0.07813382148742676,0.010600090026855469,1081.0,0.14848172664642334,92.79000091552734,1.4853577613830566,-0.003624160774052143,0.025342648848891258,0.0,0.9998196959495544
1661,,,,,,,,-3.444044828414917,3.3749998692655936e-05,-0.02721409872174263,0.0006010858924128115,0.07949709892272949,0.010002851486206055,1072.0,0.14851991832256317,92.79000091552734,1.4844050407409668,-0.003966962452977896,0.09405333548784256,0.0,0.9998909831047058
1662,,,,,,,,-3.4422922134399414,9.999999747378752e-06,-0.0065588937141001225,0.001119343563914299,0.07149219512939453,0.009943723678588867,1178.0,0.14855661988258362,92.79000091552734,1.4844050407409668,-0.00368680153042078,0.17089195549488068,0.0,0.9998828768730164
1663,,,,,,,,-3.4407389163970947,5.062499985797331e-05,-0.01255335658788681,8.1008838606067e-05,0.07120299339294434,0.010189056396484375,1179.0,0.14857478439807892,92.79000091552734,1.4844050407409668,-0.003136581974104047,0.0005115242674946785,0.0,0.999839723110199
1664,,,,,,,,-3.440746545791626,9.999999747378752e-06,-0.032700229436159134,0.0003689245495479554,0.0742950439453125,0.010117053985595703,1137.0,0.14856186509132385,92.79000091552734,1.4827930927276611,-0.003777048783376813,0.0021564315538853407,0.0,0.9998047947883606
1665,,,,,,,,-3.441561698913574,2.2500000341096893e-05,-0.015235930681228638,4.392923355102539,0.08171486854553223,0.009969949722290039,1047.0,0.14853061735630035,92.79000091552734,1.482908844947815,-0.004354982171207666,-4.950097560882568,0.0,0.9998834729194641
1666,,,,,,,,-3.441818952560425,9.999999747378752e-06,-0.018333859741687775,0.002548410091549158,0.07287096977233887,0.010049104690551758,1157.0,0.14857742190361023,92.79000091552734,1.482908844947815,-0.00395907973870635,0.14178380370140076,0.0,0.999894917011261
1667,,,,,,,,-3.4402365684509277,5.062499985797331e-05,-0.010252089239656925,0.00022478323080576956,0.06708598136901855,0.009721040725708008,1249.0,0.14862410724163055,92.79000091552734,1.482908844947815,-0.003121730638667941,0.004370519425719976,0.0,0.9998384118080139
1668,,,,,,,,-3.438649892807007,1.4999999621068127e-05,-0.019401323050260544,0.000136880436912179,0.07282710075378418,0.009784698486328125,1162.0,0.14865925908088684,92.79000091552734,1.3860474824905396,-0.003372571663931012,3.25324508594349e-05,0.0,0.9997784495353699
1669,,,,,,,,-3.4386534690856934,2.2500000341096893e-05,-0.02096877433359623,0.001817892538383603,0.0805521011352539,0.010568857192993164,1053.0,0.14865751564502716,92.79000091552734,1.3849711418151855,-0.004372311290353537,0.12759657204151154,0.0,0.9998566508293152
1670,,,,,,,,-3.440704107284546,2.2500000341096893e-05,-0.0143755953758955,6.178153991699219,0.08042073249816895,0.009861230850219727,1063.0,0.14854471385478973,91.08999633789062,1.248026967048645,-0.003769493894651532,0.03564881905913353,-5.208333492279053,0.9999464154243469
1671,,,,,,,,-3.4458088874816895,2.2500000341096893e-05,-0.023838529363274574,0.004179461393505335,0.07166171073913574,0.010122060775756836,1173.0,0.148472860455513,91.08999633789062,1.248026967048645,-0.0036482028663158417,0.16790169477462769,0.0,0.9998357892036438
1672,,,,,,,,-3.4466805458068848,0.00011390625149942935,-0.004422457423061132,0.00017460201343055815,0.07309985160827637,0.010810136795043945,1144.0,0.14855411648750305,91.08999633789062,1.2489755153656006,-0.0035329789388924837,0.00031563869561068714,0.0,0.9998578429222107
1673,,,,,,,,-3.4399664402008057,2.2500000341096893e-05,0.0001157879814854823,0.0006154628936201334,0.07811617851257324,0.010326862335205078,1085.0,0.14867684245109558,91.08999633789062,1.248227834701538,-0.0036188142839819193,0.05671245977282524,0.0,0.9998272061347961
1674,,,,,,,,-3.4369723796844482,2.2500000341096893e-05,-0.013350171968340874,0.00030812236946076155,0.07721590995788574,0.009990930557250977,1100.0,0.1487208753824234,91.08999633789062,1.2490185499191284,-0.004066803026944399,0.0509430356323719,0.0,0.9998810291290283
1675,,,,,,,,-3.4343106746673584,3.3749998692655936e-05,-0.019004780799150467,0.002294475445523858,0.0720682144165039,0.010535717010498047,1162.0,0.14882947504520416,91.08999633789062,1.2490185499191284,-0.0040256367065012455,0.16079150140285492,0.0,0.999849796295166
1676,,,,,,,,-3.428816795349121,1.4999999621068127e-05,-0.0152969965711236,0.00012099814193788916,0.0701909065246582,0.010189056396484375,1194.0,0.14891576766967773,91.08999633789062,1.2480928897857666,-0.0033301899675279856,0.00405772915109992,0.0,0.9998500943183899
1677,,,,,,,,-3.4253194332122803,2.2500000341096893e-05,-0.018668346107006073,0.0007873133872635663,0.07889604568481445,0.009944915771484375,1080.0,0.14898830652236938,91.08999633789062,1.2478712797164917,-0.003413531696423888,0.046431899070739746,0.0,0.9998230934143066
1678,,,,,,,,-3.4211807250976562,9.999999747378752e-06,-0.02165181003510952,0.0011813873425126076,0.07573604583740234,0.009988069534301758,1119.0,0.14905688166618347,91.08999633789062,1.2472376823425293,-0.0035931486636400223,0.11376884579658508,0.0,0.9998692870140076
1679,,,,,,,,-3.417226552963257,7.593750342493877e-05,-0.007860989309847355,2.9531877040863037,0.0777430534362793,0.009903907775878906,1095.0,0.14922931790351868,90.23999786376953,1.179337501525879,-0.003794626099988818,0.09375638514757156,-2.6041667461395264,0.9998929500579834
1680,,,,,,,,-3.406481981277466,9.999999747378752e-06,-0.0214775912463665,0.003739365842193365,0.0685129165649414,0.009799957275390625,1225.0,0.14938193559646606,90.23999786376953,1.179337501525879,-0.0033186774235218763,0.07422889024019241,0.0,0.9998320937156677
1681,-0.0034440048038959503,0.07699555158615112,0.0,0.9998493194580078,0.0,0.0,1.0,-3.403885841369629,9.999999747378752e-06,-0.011464203707873821,0.0006547795492224395,0.07987213134765625,0.010131120681762695,1066.0,0.14937494695186615,90.23999786376953,1.1802235841751099,-0.003857329487800598,0.02681075967848301,0.0,0.999851644039154
1682,,,,,,,,-3.405277729034424,7.593750342493877e-05,-0.007677449844777584,0.0006097143632359803,0.07167172431945801,0.009972095489501953,1175.0,0.14931246638298035,90.23999786376953,1.1813428401947021,-0.003677541157230735,0.08161359280347824,0.0,0.9998297691345215
1683,,,,,,,,-3.4064319133758545,1.4999999621068127e-05,-0.016035648062825203,0.0009437723201699555,0.08045005798339844,0.010123968124389648,1059.0,0.1493300050497055,90.23999786376953,1.1813539266586304,-0.0038474968168884516,0.04033191129565239,0.0,0.9998847842216492
1684,,,,,,,,-3.405179738998413,9.999999747378752e-06,-0.01704234443604946,0.0008416073396801949,0.07060885429382324,0.010490179061889648,1183.0,0.14937669038772583,90.23999786376953,1.1813539266586304,-0.0032455569598823786,0.08497530966997147,0.0,0.9998345375061035
1685,,,,,,,,-3.402754545211792,2.2500000341096893e-05,-0.017552390694618225,0.00042040093103423715,0.07789778709411621,0.009718179702758789,1095.0,0.14944159984588623,90.23999786376953,1.1803399324417114,-0.003331989049911499,0.01866915635764599,0.0,0.9998617172241211
1686,,,,,,,,-3.3998987674713135,9.999999747378752e-06,-0.03214889019727707,0.0007641363190487027,0.07403087615966797,0.011171102523803711,1126.0,0.14947205781936646,90.23999786376953,1.1803399324417114,-0.0034685544669628143,0.08549380302429199,0.0,0.9998214244842529
1687,,,,,,,,-3.399846315383911,2.2500000341096893e-05,-0.018371380865573883,0.0005447519943118095,0.07968783378601074,0.010802984237670898,1060.0,0.14943479001522064,91.95999908447266,1.3169012069702148,-0.003578426083549857,0.0256191398948431,0.0,0.9998844265937805
1688,,,,,,,,-3.4040725231170654,5.062499985797331e-05,-0.013607027940452099,0.0006073177792131901,0.07034587860107422,0.010011911392211914,1194.0,0.14924637973308563,91.95999908447266,1.3169012069702148,-0.004197555128484964,0.08493532985448837,0.0,0.9998306632041931
1689,,,,,,,,-3.4140751361846924,2.2500000341096893e-05,-0.01725800149142742,0.0002324743109056726,0.07376575469970703,0.010454177856445312,1139.0,0.14907868206501007,92.80999755859375,1.384867548942566,-0.0032314183190464973,0.005354628432542086,0.0,0.9998642802238464
1690,,,,,,,,-3.420978546142578,3.3749998692655936e-05,-0.019510935992002487,0.0006328175077214837,0.07682585716247559,0.009836196899414062,1107.0,0.1489168256521225,92.80999755859375,1.384867548942566,-0.004201051779091358,0.08680083602666855,0.0,0.9998303055763245
1691,,,,,,,,-3.427607297897339,9.999999747378752e-06,-0.010992517694830894,0.00027802158729173243,0.07607078552246094,0.009893178939819336,1116.0,0.14883574843406677,93.6500015258789,1.4526255130767822,-0.0036768235731869936,0.024117201566696167,0.0,0.9998729825019836
1692,,,,,,,,-3.429187774658203,1.4999999621068127e-05,-0.01845916174352169,0.0007577198557555676,0.0727701187133789,0.009897947311401367,1161.0,0.14885181188583374,93.6500015258789,1.4526255130767822,-0.003822083817794919,0.09497270733118057,0.0,0.9998287558555603
1693,,,,,,,,-3.42754864692688,9.999999747378752e-06,-0.024107573553919792,0.00016029435209929943,0.07239699363708496,0.010291099548339844,1160.0,0.14889732003211975,93.6500015258789,1.451596736907959,-0.0031197580974549055,0.01923454739153385,0.0,0.9998571276664734
1694,,,,,,,,-3.4262919425964355,3.3749998692655936e-05,-0.011388137936592102,0.0006988150998950005,0.07635092735290527,0.00973200798034668,1115.0,0.14887697994709015,93.6500015258789,1.4517245292663574,-0.003710552817210555,0.08084899187088013,0.0,0.9998323321342468
1695,,,,,,,,-3.430896282196045,3.3749998692655936e-05,-0.00914650596678257,0.0002730377309489995,0.0750889778137207,0.01069784164428711,1119.0,0.14870508015155792,93.6500015258789,1.4515584707260132,-0.004429329186677933,0.03711836040019989,0.0,0.9998700022697449
1696,,,,,,,,-3.436098337173462,7.593750342493877e-05,-0.01627867855131626,0.0012403337750583887,0.07369494438171387,0.01057887077331543,1139.0,0.14866967499256134,93.6500015258789,1.4508696794509888,-0.0036436303053051233,0.10639979690313339,0.0,0.9998448491096497
1697,,,,,,,,-3.4370551109313965,2.2500000341096893e-05,-0.008986180648207664,0.0002146691840607673,0.07437610626220703,0.009921789169311523,1138.0,0.14868797361850739,93.6500015258789,1.4510879516601562,-0.0034436520654708147,0.05715537071228027,0.0,0.9998583197593689
1698,,,,,,,,-3.4343743324279785,2.2500000341096893e-05,-0.023903414607048035,0.0004887454560957849,0.07797002792358398,0.010194063186645508,1088.0,0.14878740906715393,93.6500015258789,1.4512817859649658,-0.0033237971365451813,0.0635027289390564,0.0,0.9998469948768616
1699,,,,,,,,-3.43347430229187,2.2500000341096893e-05,-0.019471844658255577,0.00021368546003941447,0.07433414459228516,0.010396003723144531,1133.0,0.1487102210521698,93.6500015258789,1.451570749282837,-0.0036447395104914904,0.05382845178246498,0.0,0.9998576045036316
1700,,,,,,,,-3.4376935958862305,2.2500000341096893e-05,-0.017588334158062935,0.0002855253405869007,0.07542991638183594,0.010399103164672852,1118.0,0.14867262542247772,93.88999938964844,1.5071321725845337,-0.0040735467337071896,0.07203661650419235,0.0,0.9998617172241211
1701,,,,,,,,-3.439052104949951,1.4999999621068127e-05,-0.012388709932565689,0.00023448988213203847,0.0702047348022461,0.009969949722290039,1197.0,0.14866292476654053,93.88999938964844,1.5073206424713135,-0.003939738031476736,0.04406378045678139,0.0,0.9998378157615662
1702,,,,,,,,-3.4391841888427734,3.3749998692655936e-05,-0.019651416689157486,0.0004252744547557086,0.07950615882873535,0.009940862655639648,1073.0,0.1486932337284088,93.88999938964844,1.5064042806625366,-0.0034062087070196867,0.050348471850156784,0.0,0.9998617172241211
1703,,,,,,,,-3.43821120262146,9.999999747378752e-06,-0.026834208518266678,0.0001978171057999134,0.07420015335083008,0.009959936141967773,1140.0,0.14869320392608643,93.88999938964844,1.5065802335739136,-0.00370812532491982,0.06771773844957352,0.0,0.9998500943183899
1704,,,,,,,,-3.4385879039764404,3.3749998692655936e-05,-0.02133367955684662,0.0002890751347877085,0.0785832405090332,0.009881734848022461,1085.0,0.14867006242275238,93.88999938964844,1.5055476427078247,-0.0036726444959640503,0.04989698529243469,0.0,0.9998748898506165
1705,,,,,,,,-3.4367709159851074,2.2500000341096893e-05,-0.0050782812759280205,0.00010082992230309173,0.07033300399780273,0.010929107666015625,1181.0,0.14877693355083466,93.88999938964844,1.5055476427078247,-0.0034738844260573387,0.07138604670763016,0.0,0.9998347163200378
1706,-0.0036822976544499397,0.056707605719566345,0.0,0.9998542070388794,0.0,0.0,1.0,-3.4305834770202637,9.999999747378752e-06,-0.02120269648730755,0.0008757833275012672,0.08028817176818848,0.010246992111206055,1060.0,0.1488858461380005,93.88999938964844,1.504746913909912,-0.004436504561454058,0.053629085421562195,0.0,0.9998654723167419
1707,,,,,,,,-3.4263839721679688,0.00011390625149942935,-0.003480528946965933,0.0001655144733376801,0.07305788993835449,0.010560035705566406,1148.0,0.14896398782730103,93.88999938964844,1.504624605178833,-0.003976223524659872,0.10347188264131546,0.0,0.9998316168785095
1708,,,,,,,,-3.421412944793701,9.999999747378752e-06,-0.014886019751429558,0.0002145392936654389,0.08048105239868164,0.010661125183105469,1053.0,0.14898517727851868,93.88999938964844,1.5037492513656616,-0.0038177359383553267,0.036986906081438065,0.0,0.999883234500885
1709,,,,,,,,-3.421201705932617,9.999999747378752e-06,-0.012842178344726562,0.000126243379781954,0.07004213333129883,0.010571002960205078,1190.0,0.14896632730960846,93.88999938964844,1.5037492513656616,-0.003309721127152443,0.08310798555612564,0.0,0.9998335242271423
1710,,,,,,,,-3.423114061355591,2.2500000341096893e-05,-0.007955525070428848,0.0007085025426931679,0.07888174057006836,0.01032710075378418,1076.0,0.14887627959251404,94.05999755859375,1.5569908618927002,-0.003723587142303586,0.03429668769240379,0.0,0.9998752474784851
1711,,,,,,,,-3.4274892807006836,3.3749998692655936e-05,-0.002823643386363983,0.0002467226586304605,0.07294297218322754,0.010178089141845703,1154.0,0.148797407746315,94.05999755859375,1.5569908618927002,-0.004078902304172516,0.1295442134141922,0.0,0.9998274445533752
1712,,,,,,,,-3.429370164871216,2.2500000341096893e-05,-0.007249684073030949,0.0005486932350322604,0.0798490047454834,0.010335206985473633,1064.0,0.14872556924819946,94.05999755859375,1.5560842752456665,-0.00350055075250566,0.033110253512859344,0.0,0.9998878836631775
1713,,,,,,,,-3.4338643550872803,3.3749998692655936e-05,-0.0154807660728693,0.00029779045144096017,0.0707240104675293,0.010493993759155273,1182.0,0.14853689074516296,94.05999755859375,1.5560842752456665,-0.003956744913011789,0.09081663936376572,0.0,0.9998356699943542
1714,,,,,,,,-3.445678234100342,9.999999747378752e-06,-0.006891476921737194,0.00029848425765521824,0.07541894912719727,0.009910106658935547,1125.0,0.14826904237270355,94.05999755859375,1.5563164949417114,-0.003315207315608859,0.005315078422427177,0.0,0.9998686909675598
1715,,,,,,,,-3.454023599624634,7.593750342493877e-05,-0.009660904295742512,0.00035931423190049827,0.07753610610961914,0.009831905364990234,1098.0,0.14811480045318604,94.05999755859375,1.5563164949417114,-0.004032908007502556,0.08616765588521957,0.0,0.999826967716217
1716,,,,,,,,-3.4618587493896484,9.999999747378752e-06,-0.01815139316022396,0.00035735522396862507,0.07719993591308594,0.010394096374511719,1095.0,0.14799794554710388,94.05999755859375,1.555686116218567,-0.003378313034772873,0.027218757197260857,0.0,0.9998815655708313
1717,,,,,,,,-3.4641103744506836,2.2500000341096893e-05,-0.019036751240491867,0.000337614503223449,0.07319211959838867,0.009898900985717773,1155.0,0.14796940982341766,94.05999755859375,1.555686116218567,-0.0030996277928352356,0.08909942954778671,0.0,0.9998384118080139
1718,,,,,,,,-3.4650652408599854,1.4999999621068127e-05,-0.007394533138722181,0.0002627446665428579,0.07357025146484375,0.010351896286010742,1143.0,0.14795200526714325,94.05999755859375,1.5557010173797607,-0.0035485669504851103,0.017764588817954063,0.0,0.9998647570610046
1719,,,,,,,,-3.464883327484131,9.999999747378752e-06,-0.015741238370537758,0.0007502163061872125,0.07640695571899414,0.009998083114624023,1111.0,0.1479785293340683,94.91000366210938,1.6237213611602783,-0.003470286028459668,0.1490386575460434,0.0,0.999845564365387
1720,,,,,,,,-3.4638707637786865,9.999999747378752e-06,-0.02041127160191536,3.3168482780456543,0.0751497745513916,0.00983285903930664,1129.0,0.14799170196056366,94.87999725341797,1.6221810579299927,-0.00385949551127851,0.061642665416002274,-2.6041667461395264,0.999873161315918
1721,,,,,,,,-3.462742328643799,3.3749998692655936e-05,-0.014988886192440987,0.002002379857003689,0.07801604270935059,0.010581016540527344,1083.0,0.14805729687213898,94.87999725341797,1.6214200258255005,-0.00413413904607296,0.10912761092185974,0.0,0.9998573660850525
1722,,,,,,,,-3.458739995956421,9.999999747378752e-06,-0.01767463982105255,0.00015574022836517543,0.07408595085144043,0.010297060012817383,1137.0,0.14814767241477966,94.87999725341797,1.621526837348938,-0.0036268318071961403,0.09517226368188858,0.0,0.9998582005500793
1723,,,,,,,,-3.4561374187469482,1.4999999621068127e-05,-0.018751049414277077,5.901819229125977,0.08422493934631348,0.010105133056640625,1017.0,0.14817650616168976,93.1500015258789,1.4838058948516846,-0.003951799590140581,0.0032865453977137804,-5.208333492279053,0.9998793601989746
1724,,,,,,,,-3.45491361618042,2.2500000341096893e-05,-0.01048504002392292,0.001269460772164166,0.07363033294677734,0.010417938232421875,1142.0,0.14821122586727142,93.1500015258789,1.4838058948516846,-0.0029373718425631523,0.10355788469314575,0.0,0.9998214244842529
1725,,,,,,,,-3.4519379138946533,2.2500000341096893e-05,-0.024458536878228188,3.4043564796447754,0.08027315139770508,0.010567903518676758,1056.0,0.14831463992595673,92.30000305175781,1.4168319702148438,-0.003895976347848773,0.0350554920732975,-2.6041667461395264,0.9999229311943054
1726,,,,,,,,-3.447314977645874,2.2500000341096893e-05,-0.02132219821214676,0.0023937569931149483,0.07387208938598633,0.010283946990966797,1140.0,0.14837780594825745,92.30000305175781,1.4168319702148438,-0.003803658066317439,0.07757732272148132,0.0,0.9998378753662109
1727,,,,,,,,-3.444558620452881,5.062499985797331e-05,-0.0074858167208731174,0.0005083467112854123,0.0765848159790039,0.010874032974243164,1097.0,0.14844171702861786,92.30000305175781,1.4150943756103516,-0.0036887710448354483,0.012113355100154877,0.0,0.9998648166656494
1728,,,,,,,,-3.4418601989746094,3.3749998692655936e-05,-0.01670672558248043,0.0013669806066900492,0.07613396644592285,0.010560989379882812,1107.0,0.1484735757112503,92.30000305175781,1.4150943756103516,-0.003842178964987397,0.11368808150291443,0.0,0.9998317360877991
1729,,,,,,,,-3.441801071166992,1.4999999621068127e-05,-0.00934950914233923,0.00032900620135478675,0.07405376434326172,0.01068115234375,1132.0,0.14847099781036377,92.30000305175781,1.4144114255905151,-0.0038849301636219025,0.04843611642718315,0.0,0.9998801350593567
1730,-0.0038870752323418856,0.05084872245788574,0.0,0.9998423457145691,0.0,0.0,1.0,-3.440422773361206,3.3749998692655936e-05,-0.010373083874583244,0.000725695863366127,0.07417011260986328,0.010190248489379883,1137.0,0.14854033291339874,92.30000305175781,1.4134109020233154,-0.0038149480242282152,0.09434843808412552,0.0,0.9998335838317871
1731,,,,,,,,-3.4358878135681152,9.999999747378752e-06,-0.009030724875628948,7.512049342039973e-05,0.07248830795288086,0.009893655776977539,1165.0,0.1486121416091919,92.30000305175781,1.4133557081222534,-0.0034502160269767046,0.03178661689162254,0.0,0.999847412109375
1732,,,,,,,,-3.433504104614258,7.593750342493877e-05,-0.009008307941257954,0.0012172909919172525,0.07744216918945312,0.010532855987548828,1091.0,0.1486429125070572,92.30000305175781,1.4142605066299438,-0.0038472935557365417,0.09186654537916183,0.0,0.9998393654823303
1733,,,,,,,,-3.432833671569824,1.4999999621068127e-05,-0.009282706305384636,0.0003338090318720788,0.07616209983825684,0.010338068008422852,1109.0,0.14860108494758606,92.30000305175781,1.4146547317504883,-0.003984859213232994,0.06169235706329346,0.0,0.9998711943626404
1734,,,,,,,,-3.4332072734832764,3.3749998692655936e-05,-0.01496034674346447,0.0004769854713231325,0.07489728927612305,0.009805917739868164,1133.0,0.1486596316099167,93.1500015258789,1.4828064441680908,-0.003902920288965106,0.0860874280333519,0.0,0.9998505115509033
1735,,,,,,,,-3.4313151836395264,9.999999747378752e-06,-0.007119402289390564,7.133936742320657e-05,0.07244420051574707,0.009931802749633789,1165.0,0.14864344894886017,93.1500015258789,1.4817529916763306,-0.003815889358520508,0.040024202316999435,0.0,0.9998409152030945
1736,,,,,,,,-3.4324429035186768,7.593750342493877e-05,-0.006530667655169964,0.0006688558496534824,0.08043718338012695,0.010447025299072266,1056.0,0.1486055999994278,93.1500015258789,1.482456088066101,-0.0037858858704566956,0.06504476815462112,0.0,0.9998602271080017
1737,,,,,,,,-3.435821533203125,9.999999747378752e-06,-0.0200033076107502,0.00017768148973118514,0.07534527778625488,0.009948968887329102,1125.0,0.14854644238948822,93.1500015258789,1.4825154542922974,-0.0035949042066931725,0.0644078329205513,0.0,0.9998565316200256
1738,,,,,,,,-3.4389333724975586,0.00011390625149942935,-0.007368309888988733,0.00047956695198081434,0.07541894912719727,0.009988069534301758,1124.0,0.14839211106300354,93.1500015258789,1.4816784858703613,-0.004077112302184105,0.06333858519792557,0.0,0.9998611807823181
1739,,,,,,,,-3.45597767829895,2.2500000341096893e-05,-0.013842618092894554,0.0005551747744902968,0.06957793235778809,0.009882211685180664,1208.0,0.14799703657627106,93.1500015258789,1.4818106889724731,-0.0036567403003573418,0.10598423331975937,0.0,0.9998311996459961
1740,,,,,,,,-3.46596360206604,3.3749998692655936e-05,-0.008968147449195385,0.0011496205115690827,0.08025002479553223,0.009955883026123047,1064.0,0.14791609346866608,93.1500015258789,1.4810065031051636,-0.0038022613152861595,0.062218088656663895,0.0,0.999860942363739
1741,,,,,,,,-3.4697189331054688,9.999999747378752e-06,-0.015426957048475742,0.00013213229249231517,0.07261800765991211,0.00993204116821289,1162.0,0.14785923063755035,93.1500015258789,1.4801713228225708,-0.00374223873950541,0.10745972394943237,0.0,0.9998314380645752
1742,,,,,,,,-3.471060037612915,2.2500000341096893e-05,-0.013746073469519615,0.00044561352115124464,0.07726502418518066,0.009685993194580078,1104.0,0.14787057042121887,93.1500015258789,1.4809430837631226,-0.003910555504262447,0.06825248897075653,0.0,0.9998685717582703
1743,,,,,,,,-3.4695186614990234,9.999999747378752e-06,-0.03225473314523697,0.000191213795915246,0.07048916816711426,0.009870767593383789,1194.0,0.14790503680706024,93.1500015258789,1.4809430837631226,-0.0033468089532107115,0.08120385557413101,0.0,0.999835193157196
1744,,,,,,,,-3.468550682067871,3.3749998692655936e-05,-0.01586725004017353,0.0004822055925615132,0.08044981956481934,0.010389089584350586,1056.0,0.14788903295993805,93.1500015258789,1.4819990396499634,-0.003757740370929241,0.02677246183156967,0.0,0.9998651146888733
1745,,,,,,,,-3.4710326194763184,9.999999747378752e-06,-0.013355531729757786,0.0006456515984609723,0.07369184494018555,0.0103912353515625,1141.0,0.14783713221549988,93.1500015258789,1.481444001197815,-0.004372202325612307,0.13641229271888733,0.0,0.9998224377632141
1746,,,,,,,,-3.472869873046875,5.062499985797331e-05,-0.007068507373332977,0.00070919533027336,0.07900214195251465,0.010417938232421875,1073.0,0.14778351783752441,93.1500015258789,1.4816279411315918,-0.003875465365126729,0.06456056982278824,0.0,0.9998800158500671
1747,,,,,,,,-3.4806647300720215,2.2500000341096893e-05,-0.017082372680306435,0.00016174842312466353,0.07006120681762695,0.010186910629272461,1196.0,0.1475486010313034,93.1500015258789,1.4816279411315918,-0.003326267236843705,0.09936413913965225,0.0,0.9998242259025574
1748,,,,,,,,-3.488724946975708,2.2500000341096893e-05,-0.01455309521406889,0.000266709947027266,0.07767605781555176,0.009913206100463867,1096.0,0.14742635190486908,93.98999786376953,1.550262451171875,-0.003662050934508443,0.0049478537403047085,0.0,0.9998602271080017
1749,,,,,,,,-3.493443250656128,9.999999747378752e-06,-0.018989108502864838,0.0004487384285312146,0.07385611534118652,0.009788036346435547,1147.0,0.14734423160552979,93.98999786376953,1.550262451171875,-0.0034878437872976065,0.12241224199533463,0.0,0.999819278717041
1750,,,,,,,,-3.4936225414276123,0.00011390625149942935,-0.007494337856769562,0.0005261008045636117,0.07488703727722168,0.009865999221801758,1132.0,0.14749132096767426,93.98999786376953,1.5504566431045532,-0.00367734394967556,0.03296038135886192,0.0,0.9998833537101746
1751,,,,,,,,-3.4770724773406982,1.4999999621068127e-05,-0.016775239259004593,0.000557232357095927,0.07394599914550781,0.01040792465209961,1138.0,0.1478434056043625,93.98999786376953,1.5504566431045532,-0.0037925250362604856,0.10895812511444092,0.0,0.9998354315757751
1752,,,,,,,,-3.4668054580688477,1.4999999621068127e-05,-0.021125968545675278,0.00016255633090622723,0.07366013526916504,0.010149717330932617,1145.0,0.14799049496650696,93.98999786376953,1.5507800579071045,-0.0030808018054813147,0.025780700147151947,0.0,0.9998556971549988
1753,,,,,,,,-3.460076332092285,7.593750342493877e-05,-0.0123025793582201,0.00031877978472039104,0.07609009742736816,0.009791135787963867,1117.0,0.14813843369483948,93.98999786376953,1.5507800579071045,-0.004252269398421049,0.11076094955205917,0.0,0.9998320937156677
1754,,,,,,,,-3.448638439178467,1.4999999621068127e-05,-0.01270404364913702,0.0003355855878908187,0.07625484466552734,0.010949850082397461,1100.0,0.14836327731609344,93.98999786376953,1.5498573780059814,-0.003426970914006233,0.03307005390524864,0.0,0.9998725056648254
1755,-0.004008421674370766,0.09737735241651535,0.0,0.9998383522033691,0.0,0.0,1.0,-3.443537950515747,3.3749998692655936e-05,-0.019625792279839516,0.0004434310249052942,0.07655119895935059,0.011015892028808594,1096.0,0.148341566324234,93.98999786376953,1.5504547357559204,-0.004053809214383364,0.1128745973110199,0.0,0.9998353123664856
1756,,,,,,,,-3.445767879486084,9.999999747378752e-06,-0.015195467509329319,0.000125859456602484,0.07377481460571289,0.01018214225769043,1143.0,0.14833424985408783,93.98999786376953,1.5507034063339233,-0.003174632089212537,0.053564440459012985,0.0,0.9998452067375183
1757,,,,,,,,-3.444467306137085,2.2500000341096893e-05,-0.005971564445644617,0.0003540711186360568,0.07735800743103027,0.010706901550292969,1090.0,0.148392453789711,93.98999786376953,1.5499948263168335,-0.0040230765007436275,0.08510931581258774,0.0,0.9998359084129333
1758,,,,,,,,-3.4421727657318115,9.999999747378752e-06,-0.01645038090646267,0.0002416475908830762,0.07583785057067871,0.010270118713378906,1114.0,0.14841148257255554,93.98999786376953,1.5501612424850464,-0.0037876476999372244,0.042506590485572815,0.0,0.9998703002929688
1759,,,,,,,,-3.4411134719848633,3.3749998692655936e-05,-0.014111172407865524,0.0007082063239067793,0.07541298866271973,0.010497093200683594,1117.0,0.1484399288892746,93.98999786376953,1.5507261753082275,-0.0037575718015432358,0.13247500360012054,0.0,0.9998502731323242
1760,,,,,,,,-3.439133405685425,9.999999747378752e-06,-0.010105028748512268,0.0001451903226552531,0.07169198989868164,0.010429859161376953,1168.0,0.14848409593105316,93.98999786376953,1.5507615804672241,-0.0037209715228527784,0.07484907656908035,0.0,0.9998409152030945
1761,,,,,,,,-3.4371297359466553,7.593750342493877e-05,-0.008553189225494862,0.0004993930924683809,0.0783839225769043,0.010550975799560547,1079.0,0.1485246866941452,93.98999786376953,1.55072820186615,-0.003630271879956126,0.060158852487802505,0.0,0.9998541474342346
1762,,,,,,,,-3.434203624725342,1.4999999621068127e-05,-0.0015870921779423952,0.00018522751634009182,0.07704710960388184,0.010275840759277344,1099.0,0.1486012190580368,93.98999786376953,1.5516971349716187,-0.0036355622578412294,0.1018395647406578,0.0,0.9998571872711182
1763,,,,,,,,-3.4325544834136963,1.4999999621068127e-05,-0.01581229455769062,0.0003601864445954561,0.0749979019165039,0.010480880737304688,1123.0,0.1485905945301056,93.98999786376953,1.552560567855835,-0.003906077006831765,0.0632692202925682,0.0,0.9998623728752136
1764,,,,,,,,-3.4328510761260986,2.2500000341096893e-05,-0.016666846349835396,0.00037675691419281065,0.06992363929748535,0.01059412956237793,1192.0,0.14864249527454376,93.98999786376953,1.5516743659973145,-0.0033419376704841852,0.05559273436665535,0.0,0.9998299479484558
1765,,,,,,,,-3.4298746585845947,3.3749998692655936e-05,-0.014870920218527317,0.00042900315020233393,0.07909202575683594,0.010020971298217773,1077.0,0.1487184464931488,93.98999786376953,1.6490912437438965,-0.0038991651963442564,0.03046799637377262,0.0,0.9998577237129211
1766,,,,,,,,-3.4286069869995117,1.4999999621068127e-05,-0.029073545709252357,0.00019276524835731834,0.07434892654418945,0.01001286506652832,1137.0,0.1486971080303192,93.98999786376953,1.649126410484314,-0.004258225206285715,0.090817391872406,0.0,0.9998407363891602
1767,,,,,,,,-3.4298911094665527,1.4999999621068127e-05,-0.012630010955035686,0.00021716204355470836,0.07869696617126465,0.010151147842407227,1080.0,0.14868202805519104,93.98999786376953,1.649228572845459,-0.0034886396024376154,0.058666616678237915,0.0,0.9998636841773987
1768,,,,,,,,-3.4296092987060547,2.2500000341096893e-05,-0.009587089531123638,0.00019692409841809422,0.06953167915344238,0.010309219360351562,1202.0,0.14872705936431885,93.98999786376953,1.649228572845459,-0.003773881820961833,0.07766919583082199,0.0,0.9998285174369812
1769,,,,,,,,-3.424717903137207,3.3749998692655936e-05,-0.021702997386455536,0.0002526077732909471,0.07865500450134277,0.01009511947631836,1081.0,0.14892937242984772,94.83999633789062,1.71731698513031,-0.003331189975142479,0.01958336867392063,0.0,0.9998724460601807
1770,,,,,,,,-3.418732166290283,1.4999999621068127e-05,-0.007552511990070343,0.000361247337423265,0.07196688652038574,0.009871959686279297,1173.0,0.14894667267799377,95.69000244140625,1.7855321168899536,-0.004166781436651945,0.1337994635105133,0.0,0.9998343586921692
1771,,,,,,,,-3.418826103210449,9.999999747378752e-06,-0.018563151359558105,0.00021305217524059117,0.07803225517272949,0.009975671768188477,1090.0,0.1489664912223816,95.69000244140625,1.7849260568618774,-0.004043881315737963,0.04273848235607147,0.0,0.9998829960823059
1772,,,,,,,,-3.4173405170440674,7.593750342493877e-05,-0.00435769185423851,0.00012454530224204063,0.06975889205932617,0.010059118270874023,1202.0,0.14903786778450012,95.69000244140625,1.7849260568618774,-0.003312214044854045,0.08743046969175339,0.0,0.999829113483429
1773,,,,,,,,-3.4138894081115723,9.999999747378752e-06,-0.014556122943758965,0.0002297988103237003,0.07807493209838867,0.010288000106811523,1086.0,0.1490846425294876,95.69000244140625,1.7847073078155518,-0.0037005431950092316,0.006878696382045746,0.0,0.9998648166656494
1774,,,,,,,,-3.4122910499572754,0.00017085937724914402,-0.005890462547540665,0.0004140006785746664,0.07367610931396484,0.01034998893737793,1142.0,0.14917996525764465,95.69000244140625,1.7847073078155518,-0.004114840645343065,0.1864529252052307,0.0,0.9998195767402649
1775,,,,,,,,-3.400970458984375,1.4999999621068127e-05,-0.02633184753358364,0.00035661374568007886,0.07773280143737793,0.01036524772644043,1089.0,0.1494324803352356,95.69000244140625,1.7849910259246826,-0.0036961857695132494,0.05740511789917946,0.0,0.9998833537101746
1776,,,,,,,,-3.397794246673584,2.2500000341096893e-05,-0.014216567389667034,0.0002551604702603072,0.07383298873901367,0.010306119918823242,1140.0,0.1493692398071289,95.69000244140625,1.7849910259246826,-0.004032922443002462,0.11407261341810226,0.0,0.9998283386230469
1777,,,,,,,,-3.4035372734069824,3.3749998692655936e-05,-0.020197223871946335,0.00025041389744728804,0.07412886619567871,0.00997614860534668,1141.0,0.14918456971645355,95.69000244140625,1.7867070436477661,-0.003749518422409892,0.014691236428916454,0.0,0.999852180480957
1778,,,,,,,,-3.4116697311401367,9.999999747378752e-06,-0.02183062583208084,0.0002052046183962375,0.07655191421508789,0.009938955307006836,1109.0,0.14908383786678314,95.69000244140625,1.7867070436477661,-0.004105134401470423,0.1639546900987625,0.0,0.9998294711112976
1779,,,,,,,,-3.4153547286987305,2.2500000341096893e-05,-0.005128677934408188,0.00019570895528886467,0.07718396186828613,0.010324954986572266,1097.0,0.14899858832359314,95.69000244140625,1.786695122718811,-0.0036212278064340353,0.04942023381590843,0.0,0.9998796582221985
1780,-0.004100598394870758,0.06477182358503342,0.0,0.9998518228530884,0.0,0.0,1.0,-3.417529344558716,5.062499985797331e-05,-0.014412756077945232,0.0002386062842560932,0.07430696487426758,0.009779930114746094,1141.0,0.14906024932861328,96.54000091552734,1.8548997640609741,-0.003873648354783654,0.12771452963352203,0.0,0.9998390674591064
1781,,,,,,,,-3.4131083488464355,9.999999747378752e-06,-0.012573419138789177,0.0001050266801030375,0.07195806503295898,0.010654926300048828,1162.0,0.1491134911775589,96.54000091552734,1.855681300163269,-0.003000497119501233,0.0330812893807888,0.0,0.9998493194580078
1782,,,,,,,,-3.411468744277954,1.4999999621068127e-05,-0.013761533424258232,0.0002718746545724571,0.07961082458496094,0.009933233261108398,1072.0,0.14913225173950195,96.54000091552734,1.8557186126708984,-0.003953481558710337,0.13339819014072418,0.0,0.9998471736907959
1783,,,,,,,,-3.4111595153808594,2.2500000341096893e-05,-0.014676365070044994,0.00016564418911002576,0.07657384872436523,0.010500907897949219,1102.0,0.14910532534122467,96.54000091552734,1.8556302785873413,-0.00387426745146513,0.04383381828665733,0.0,0.9998717308044434
1784,,,,,,,,-3.414259433746338,3.3749998692655936e-05,-0.014938637614250183,0.0004164238052908331,0.07491779327392578,0.009910106658935547,1131.0,0.14900706708431244,96.54000091552734,1.855799913406372,-0.00390442437492311,0.07623251527547836,0.0,0.9998485445976257
1785,,,,,,,,-3.4211995601654053,1.4999999621068127e-05,-0.02331945113837719,0.0003166917013004422,0.07292699813842773,0.010058879852294922,1156.0,0.14887328445911407,96.54000091552734,1.8567736148834229,-0.0038946408312767744,0.040035150945186615,0.0,0.9998342990875244
1786,,,,,,,,-3.4243857860565186,3.3749998692655936e-05,-0.010920676402747631,0.0002965816529467702,0.07858800888061523,0.010101318359375,1082.0,0.14887700974941254,96.54000091552734,1.8570891618728638,-0.0037534257862716913,0.0648546814918518,0.0,0.9998564720153809
1787,,,,,,,,-3.4227919578552246,1.4999999621068127e-05,-0.02889089286327362,0.0003089247038587928,0.07467007637023926,0.009976625442504883,1134.0,0.148909792304039,96.54000091552734,1.8570683002471924,-0.003834071336314082,0.07392507791519165,0.0,0.9998528361320496
1788,,,,,,,,-3.4213643074035645,5.062499985797331e-05,-0.004879494197666645,0.00020980642875656486,0.0757601261138916,0.00972604751586914,1122.0,0.14894965291023254,96.54000091552734,1.8569048643112183,-0.0036909289192408323,0.06569124013185501,0.0,0.9998567700386047
1789,,,,,,,,-3.4209253787994385,9.999999747378752e-06,-0.027794191613793373,0.0002134100504918024,0.06976008415222168,0.009843826293945312,1205.0,0.14890345931053162,96.54000091552734,1.8571912050247192,-0.003525800770148635,0.06598702073097229,0.0,0.9998281002044678
1790,,,,,,,,-3.423576593399048,3.3749998692655936e-05,-0.019721785560250282,0.00029336806619539857,0.08015275001525879,0.00991201400756836,1065.0,0.14880812168121338,96.54000091552734,1.8574680089950562,-0.004137145355343819,0.031287942081689835,0.0,0.9998612403869629
1791,,,,,,,,-3.4286065101623535,9.999999747378752e-06,-0.029454123228788376,0.00021484257013071328,0.07646703720092773,0.010751962661743164,1100.0,0.14871728420257568,96.54000091552734,1.8577330112457275,-0.0035117960069328547,0.13092027604579926,0.0,0.9998399615287781
1792,,,,,,,,-3.4297969341278076,7.593750342493877e-05,-0.006300711538642645,0.0002062571729766205,0.07750892639160156,0.009891986846923828,1098.0,0.14877483248710632,96.54000091552734,1.8578962087631226,-0.004011715762317181,0.049375783652067184,0.0,0.9998631477355957
1793,,,,,,,,-3.4238059520721436,2.2500000341096893e-05,-0.007476078812032938,0.00015544751659035683,0.06997179985046387,0.009922027587890625,1201.0,0.1489042043685913,96.54000091552734,1.8578962087631226,-0.003622179152444005,0.06909001618623734,0.0,0.9998269081115723
1794,,,,,,,,-3.4205284118652344,9.999999747378752e-06,-0.009102224372327328,9.24481064430438e-05,0.07828569412231445,0.009959220886230469,1087.0,0.14891621470451355,96.54000091552734,1.8589726686477661,-0.0033462776336818933,0.02148277871310711,0.0,0.9998676776885986
1795,,,,,,,,-3.4210894107818604,3.3749998692655936e-05,-0.015621805563569069,0.00038487621350213885,0.07211923599243164,0.009930849075317383,1170.0,0.14888907968997955,96.54000091552734,1.859056830406189,-0.0040571545250713825,0.13997642695903778,0.0,0.9998292922973633
1796,,,,,,,,-3.4217896461486816,1.4999999621068127e-05,-0.001459506107494235,0.00011659925803542137,0.08252167701721191,0.010222196578979492,1035.0,0.14891965687274933,96.54000091552734,1.8589599132537842,-0.003978595603257418,0.0631718635559082,0.0,0.999880313873291
1797,,,,,,,,-3.4192094802856445,2.2500000341096893e-05,-0.011785676702857018,0.00016196051728911698,0.07057595252990723,0.010599851608276367,1182.0,0.1489986926317215,96.54000091552734,1.8589599132537842,-0.0035550619941204786,0.09713124483823776,0.0,0.999829113483429
1798,,,,,,,,-3.416452646255493,2.2500000341096893e-05,-0.013297824189066887,9.553239215165377e-05,0.07815384864807129,0.010081052780151367,1088.0,0.1490325927734375,96.54000091552734,1.8598403930664062,-0.003915540874004364,0.005344875622540712,0.0,0.9998645186424255
1799,,,,,,,,-3.4168875217437744,2.2500000341096893e-05,-0.026383893564343452,0.0004072781011927873,0.07335090637207031,0.009968996047973633,1152.0,0.1489567905664444,96.54000091552734,1.8598403930664062,-0.0037025336641818285,0.14035244286060333,0.0,0.9998281002044678
1800,,,,,,,,-3.422600746154785,3.3749998692655936e-05,-0.01334686204791069,0.00020175782265141606,0.0767221450805664,0.010562896728515625,1099.0,0.14877426624298096,96.54000091552734,1.8597660064697266,-0.0037270362954586744,0.053078457713127136,0.0,0.9998838305473328
1801,,,,,,,,-3.42779803276062,2.2500000341096893e-05,-0.020252862945199013,0.0002351123112021014,0.07344603538513184,0.009972095489501953,1150.0,0.14878107607364655,96.54000091552734,1.8597660064697266,-0.004214832559227943,0.10761994123458862,0.0,0.9998337626457214
1802,,,,,,,,-3.4248785972595215,1.4999999621068127e-05,-0.023306427523493767,6.975239375606179e-05,0.07448816299438477,0.010335922241210938,1131.0,0.1488635092973709,96.54000091552734,1.8605494499206543,-0.003222209168598056,0.012083932757377625,0.0,0.999853789806366
1803,,,,,,,,-3.422778844833374,5.062499985797331e-05,-0.008949552662670612,0.0003727831062860787,0.07642030715942383,0.010205745697021484,1108.0,0.14883556962013245,96.54000091552734,1.8605494499206543,-0.004007081501185894,0.14197559654712677,0.0,0.9998374581336975
1804,,,,,,,,-3.427799701690674,3.3749998692655936e-05,-0.011442471295595169,8.67973649292253e-05,0.07588815689086914,0.010185003280639648,1115.0,0.1486404985189438,96.54000091552734,1.8612736463546753,-0.0035682907328009605,0.024907300248742104,0.0,0.9998810291290283
1805,-0.0037748056929558516,0.05538807809352875,0.0,0.9998536109924316,0.0,0.0,1.0,-3.4356284141540527,1.4999999621068127e-05,-0.017966724932193756,0.0002884869172703475,0.07570910453796387,0.009891986846923828,1121.0,0.14849992096424103,96.54000091552734,1.8613307476043701,-0.004243307281285524,0.09740414470434189,0.0,0.9998409748077393
1806,,,,,,,,-3.4417946338653564,2.2500000341096893e-05,-0.016227513551712036,0.00010888079850701615,0.074005126953125,0.009929180145263672,1143.0,0.14834655821323395,96.54000091552734,1.8620901107788086,-0.0038853848818689585,0.05259375646710396,0.0,0.9998467564582825
1807,,,,,,,,-3.446889638900757,2.2500000341096893e-05,-0.01677415333688259,0.00017106183804571629,0.07786178588867188,0.010448217391967773,1087.0,0.14831455051898956,96.54000091552734,1.8621526956558228,-0.003807505825534463,0.07742918282747269,0.0,0.9998407363891602
1808,,,,,,,,-3.447409152984619,9.999999747378752e-06,-0.014302602969110012,9.302006219513714e-05,0.07521510124206543,0.010068178176879883,1125.0,0.14831730723381042,96.54000091552734,1.862174153327942,-0.0038978944066911936,0.04072942957282066,0.0,0.999867856502533
1809,,,,,,,,-3.4485652446746826,7.593750342493877e-05,-0.01374899037182331,0.00022682086273562163,0.07434296607971191,0.010869026184082031,1126.0,0.1481933295726776,96.54000091552734,1.862809419631958,-0.004035735968500376,0.09668680280447006,0.0,0.9998443722724915
1810,,,,,,,,-3.4563074111938477,9.999999747378752e-06,-0.021435609087347984,0.00011846218694699928,0.07269001007080078,0.010469675064086914,1154.0,0.1481025367975235,96.54000091552734,1.8618171215057373,-0.0035939167719334364,0.07334902882575989,0.0,0.9998371601104736
1811,,,,,,,,-3.458660125732422,5.062499985797331e-05,-0.008613943122327328,7.316547998925671e-05,0.07918691635131836,0.010154962539672852,1074.0,0.1480390876531601,96.54000091552734,1.8620498180389404,-0.003915117587894201,0.05796407535672188,0.0,0.9998475909233093
1812,,,,,,,,-3.46294903755188,9.999999747378752e-06,-0.013808324001729488,0.0002350055583519861,0.07594799995422363,0.009907960891723633,1118.0,0.14798758924007416,96.54000091552734,1.8622856140136719,-0.0035759173333644867,0.05477316305041313,0.0,0.999849796295166
1813,,,,,,,,-3.4647057056427,3.3749998692655936e-05,-0.013637942261993885,0.00027259293710812926,0.07509493827819824,0.01036214828491211,1123.0,0.14793875813484192,96.54000091552734,1.863020420074463,-0.003715207800269127,0.10098858922719955,0.0,0.999860942363739
1814,,,,,,,,-3.468742609024048,1.4999999621068127e-05,-0.02286476083099842,0.00011497297236928716,0.0702049732208252,0.010148048400878906,1194.0,0.14782550930976868,96.54000091552734,1.8621505498886108,-0.0031288343016058207,0.06901638954877853,0.0,0.9998390078544617
1815,,,,,,,,-3.473355293273926,1.4999999621068127e-05,-0.025929482653737068,9.084837074624375e-05,0.07920002937316895,0.010144948959350586,1074.0,0.14774219691753387,96.54000091552734,1.8619195222854614,-0.004125069826841354,0.040449704974889755,0.0,0.9998679161071777
1816,,,,,,,,-3.475828170776367,5.062499985797331e-05,-0.013713558204472065,0.00012106410576961935,0.07369017601013184,0.009862899780273438,1148.0,0.14775198698043823,96.54000091552734,1.8627241849899292,-0.0035128341987729073,0.0930129885673523,0.0,0.9998419284820557
1817,,,,,,,,-3.4727437496185303,9.999999747378752e-06,-0.021260257810354233,0.00023525582219008356,0.07655000686645508,0.009877920150756836,1110.0,0.14784233272075653,96.54000091552734,1.862848162651062,-0.003600762225687504,0.08740251511335373,0.0,0.9998748302459717
1818,,,,,,,,-3.470125913619995,2.2500000341096893e-05,-0.01328123826533556,0.00011151387298014015,0.06863689422607422,0.009979963302612305,1221.0,0.14786620438098907,96.54000091552734,1.862848162651062,-0.0032364174257963896,0.07362564653158188,0.0,0.9998310208320618
1819,,,,,,,,-3.4701850414276123,1.4999999621068127e-05,-0.03471050038933754,8.551661449018866e-05,0.0798649787902832,0.010066986083984375,1067.0,0.14784300327301025,96.54000091552734,1.8633185625076294,-0.003697218606248498,0.0252405796200037,0.0,0.9998704791069031
1820,,,,,,,,-3.4710216522216797,7.593750342493877e-05,-0.0082451943308115,0.0002597624552436173,0.07230210304260254,0.010344982147216797,1161.0,0.14784970879554749,96.54000091552734,1.8642640113830566,-0.003972938284277916,0.08987782150506973,0.0,0.9998286366462708
1821,,,,,,,,-3.4712295532226562,9.999999747378752e-06,-0.028216542676091194,0.00013398203009273857,0.07932114601135254,0.01019287109375,1072.0,0.147842675447464,97.41999816894531,1.9329380989074707,-0.003817424876615405,0.06353157013654709,0.0,0.999884307384491
1822,,,,,,,,-3.4723117351531982,5.062499985797331e-05,-0.012386748567223549,0.0004325010522734374,0.07016205787658691,0.010124921798706055,1195.0,0.14779755473136902,97.41999816894531,1.9329380989074707,-0.0034885022323578596,0.1407870501279831,0.0,0.9998383522033691
1823,,,,,,,,-3.4771714210510254,1.4999999621068127e-05,-0.02651536464691162,6.109956302680075e-05,0.07863807678222656,0.010487079620361328,1077.0,0.14768202602863312,97.41999816894531,1.9319608211517334,-0.003850945271551609,0.008703108876943588,0.0,0.9998712539672852
1824,,,,,,,,-3.4794921875,2.2500000341096893e-05,-0.02699824422597885,0.0002820967056322843,0.07412385940551758,0.01029205322265625,1137.0,0.14771297574043274,97.41999816894531,1.9319608211517334,-0.004164664074778557,0.13998804986476898,0.0,0.9998230338096619
1825,,,,,,,,-3.476530075073242,7.593750342493877e-05,-0.013072039000689983,0.0001402685302309692,0.07927179336547852,0.010535955429077148,1068.0,0.14782142639160156,98.2699966430664,2.0009076595306396,-0.0035856508184224367,0.05556619167327881,0.0,0.9998882412910461
1826,,,,,,,,-3.4715335369110107,1.4999999621068127e-05,-0.015574623830616474,0.00016407007933594286,0.07268810272216797,0.010046958923339844,1160.0,0.1479003131389618,98.2699966430664,2.0009076595306396,-0.003721627639606595,0.13842442631721497,0.0,0.999836266040802
1827,,,,,,,,-3.4693496227264404,1.4999999621068127e-05,-0.015012642368674278,6.963832129258662e-05,0.07257294654846191,0.009818792343139648,1165.0,0.1479404717683792,99.1500015258789,2.0693724155426025,-0.0033458315301686525,0.024087337777018547,0.0,0.9998582005500793
1828,,,,,,,,-3.469075918197632,1.4999999621068127e-05,-0.012847868725657463,0.0002672889386303723,0.07610774040222168,0.009858131408691406,1116.0,0.14791961014270782,99.1500015258789,2.0693724155426025,-0.004191766958683729,0.13280867040157318,0.0,0.9998266696929932
1829,,,,,,,,-3.471920967102051,1.4999999621068127e-05,-0.015816140919923782,7.887253741500899e-05,0.07481908798217773,0.009816884994506836,1134.0,0.1478365659713745,99.1500015258789,2.0694518089294434,-0.0034552558790892363,0.045218393206596375,0.0,0.9998757243156433
1830,-0.003531496273353696,0.09895842522382736,0.0,0.9998471140861511,0.0,0.0,1.0,-3.4749512672424316,3.3749998692655936e-05,-0.018817462027072906,0.0001531460729893297,0.07425785064697266,0.009864330291748047,1141.0,0.14780589938163757,100.0,2.1383450031280518,-0.0039919898845255375,0.11079108715057373,0.0,0.9998366832733154
1831,,,,,,,,-3.473971128463745,2.2500000341096893e-05,-0.011025513522326946,0.00010812466643983498,0.07507801055908203,0.010306119918823242,1124.0,0.14784958958625793,100.0,2.1383588314056396,-0.0034172895830124617,0.0505475215613842,0.0,0.9998502731323242
1832,,,,,,,,-3.472123861312866,3.3749998692655936e-05,-0.019142886623740196,0.00018996448488906026,0.07640385627746582,0.010057926177978516,1110.0,0.14786580204963684,100.0,2.139472484588623,-0.0042079598642885685,0.07898331433534622,0.0,0.9998486638069153
1833,,,,,,,,-3.470306158065796,3.3749998692655936e-05,-0.006218802183866501,0.0001223673898493871,0.07527518272399902,0.010152816772460938,1123.0,0.14791372418403625,100.0,2.1395132541656494,-0.0036987976636737585,0.03998951613903046,0.0,0.999873161315918
1834,,,,,,,,-3.466031551361084,2.2500000341096893e-05,-0.033906497061252594,0.00017234763072337955,0.07604503631591797,0.009982824325561523,1115.0,0.14801515638828278,100.0,2.1404542922973633,-0.0032960448879748583,0.12289180606603622,0.0,0.9998490214347839
1835,,,,,,,,-3.4629135131835938,2.2500000341096893e-05,-0.011889846995472908,0.00012267325655557215,0.0710151195526123,0.009858131408691406,1187.0,0.1480240374803543,100.0,2.1404430866241455,-0.0036771397572010756,0.04407448694109917,0.0,0.9998338222503662
1836,,,,,,,,-3.4638819694519043,2.2500000341096893e-05,-0.014705808833241463,0.00018878102127928287,0.07913994789123535,0.010297060012817383,1073.0,0.1479441374540329,100.0,2.1397745609283447,-0.0036415643990039825,0.10042092949151993,0.0,0.9998622536659241
1837,,,,,,,,-3.4662938117980957,9.999999747378752e-06,-0.013314344920217991,0.00011138700938317925,0.07477998733520508,0.01046895980834961,1126.0,0.147953063249588,100.0,2.1404149532318115,-0.003792542265728116,0.11356537789106369,0.0,0.9998559951782227
1838,,,,,,,,-3.4656457901000977,9.999999747378752e-06,-0.031857457011938095,0.00018904780154116452,0.07577323913574219,0.010681867599487305,1110.0,0.14795637130737305,100.0,2.1404130458831787,-0.003709473880007863,0.10308277606964111,0.0,0.9998624324798584
1839,,,,,,,,-3.4641847610473633,7.593750342493877e-05,-0.012912849895656109,0.0001613287313375622,0.07105898857116699,0.010352134704589844,1179.0,0.1480746567249298,100.0,2.141430377960205,-0.0036401899997144938,0.05887062847614288,0.0,0.9998299479484558
1840,,,,,,,,-3.455181837081909,2.2500000341096893e-05,-0.0075581795535981655,0.00010444261715747416,0.07937097549438477,0.009843826293945312,1076.0,0.14825394749641418,100.0,2.141573667526245,-0.004348898772150278,0.06335016340017319,0.0,0.9998626112937927
1841,,,,,,,,-3.450356960296631,7.593750342493877e-05,-0.014796635136008263,0.00018226358224637806,0.07404303550720215,0.010671854019165039,1133.0,0.1483352780342102,100.0,2.142312526702881,-0.00401850463822484,0.14775606989860535,0.0,0.9998330473899841
1842,,,,,,,,-3.4485273361206055,1.4999999621068127e-05,-0.020107729360461235,0.00015279905346687883,0.07747101783752441,0.009878873825073242,1099.0,0.14831195771694183,100.0,2.1422646045684814,-0.004225315060466528,0.05643196403980255,0.0,0.9998738169670105
1843,,,,,,,,-3.449821949005127,5.062499985797331e-05,-0.010965408757328987,0.00020911036699544638,0.06915688514709473,0.009857177734375,1214.0,0.1482851803302765,100.0,2.1422646045684814,-0.0030266500543802977,0.06280387192964554,0.0,0.9998295903205872
1844,,,,,,,,-3.4513306617736816,2.2500000341096893e-05,-0.021934881806373596,7.424473733408377e-05,0.07945394515991211,0.010325908660888672,1069.0,0.14822308719158173,100.0,2.1438310146331787,-0.003595951944589615,0.02602509595453739,0.0,0.9998688697814941
1845,,,,,,,,-3.454572916030884,1.4999999621068127e-05,-0.016444522887468338,0.0002921685518231243,0.08802485466003418,0.01277303695678711,952.0,0.14815573394298553,100.0,2.143841505050659,-0.004158690571784973,0.140670046210289,0.0,0.9998227953910828
1846,,,,,,,,-3.456186056137085,3.3749998692655936e-05,-0.01332732755690813,3.6048216819763184,0.09971809387207031,0.013157129287719727,850.0,0.14815190434455872,99.16000366210938,2.074183702468872,-0.0036599256563931704,0.006863999646157026,-2.6041667461395264,0.9998986124992371
1847,,,,,,,,-3.4566171169281006,1.4999999621068127e-05,-0.02599005401134491,0.004118982702493668,0.08120298385620117,0.013978004455566406,1008.0,0.14813940227031708,99.16000366210938,2.074183702468872,-0.003718704916536808,0.12178206443786621,0.0,0.9998185038566589
1848,,,,,,,,-3.4587252140045166,2.2500000341096893e-05,-0.01746751181781292,0.0005319693009369075,0.09720396995544434,0.010808944702148438,888.0,0.1480291187763214,99.16000366210938,2.07474684715271,-0.003633457235991955,0.005144090857356787,0.0,0.9998994469642639
1849,,,,,,,,-3.4635140895843506,5.062499985797331e-05,-0.011342853307723999,0.0009349507163278759,0.07441902160644531,0.010575056076049805,1129.0,0.14796145260334015,99.16000366210938,2.07474684715271,-0.003848802065476775,0.1461813598871231,0.0,0.9998252987861633
1850,,,,,,,,-3.4648470878601074,9.999999747378752e-06,-0.015876997262239456,0.00014892095350660384,0.07340693473815918,0.009882926940917969,1152.0,0.14795614778995514,99.16000366210938,2.0744898319244385,-0.00365026225335896,0.011835361830890179,0.0,0.9998643398284912
1851,,,,,,,,-3.4647231101989746,3.3749998692655936e-05,-0.010704460553824902,0.00016970583237707615,0.07378530502319336,0.010277032852172852,1142.0,0.14798232913017273,99.16000366210938,2.0744898319244385,-0.004273352678865194,0.10632380098104477,0.0,0.9998390078544617
1852,,,,,,,,-3.4597184658050537,2.2500000341096893e-05,-0.007066145073622465,0.00014003299293108284,0.0750269889831543,0.010479211807250977,1122.0,0.1481768786907196,99.16000366210938,2.0736489295959473,-0.003603122429922223,0.018346568569540977,0.0,0.9998843669891357
1853,,,,,,,,-3.4515743255615234,2.2500000341096893e-05,-0.02542017586529255,2.0627193450927734,0.0822441577911377,0.010269880294799805,1037.0,0.14830371737480164,98.7300033569336,2.015096664428711,-0.004429279826581478,0.13534198701381683,-2.6041667461395264,0.9998757243156433
1854,,,,,,,,-3.447197198867798,2.2500000341096893e-05,-0.019884128123521805,0.0022245333530008793,0.07126092910766602,0.01040506362915039,1175.0,0.14836379885673523,98.7300033569336,2.0151736736297607,-0.00357407727278769,0.07204874604940414,0.0,0.9998736381530762
1855,,,,,,,,-3.446028232574463,2.2500000341096893e-05,-0.01416258979588747,3.160316228866577,0.0796210765838623,0.01032710075378418,1067.0,0.14836086332798004,98.30000305175781,1.9564582109451294,-0.003995646256953478,0.06428340077400208,-2.6041667461395264,0.999867856502533
1856,,,,,,,,-3.4459481239318848,1.4999999621068127e-05,-0.02490408346056938,0.002699097152799368,0.07442522048950195,0.010280847549438477,1133.0,0.14839747548103333,98.30000305175781,1.9567360877990723,-0.004075756762176752,0.10169891268014908,0.0,0.9998589158058167
1857,,,,,,,,-3.4443612098693848,7.593750342493877e-05,-0.01143239252269268,0.000801003712695092,0.07885098457336426,0.01000213623046875,1080.0,0.14840149879455566,98.30000305175781,1.9560846090316772,-0.004211793188005686,0.11546418815851212,0.0,0.9998871684074402
1858,,,,,,,,-3.4465830326080322,1.4999999621068127e-05,-0.03303205594420433,0.00036513086524792016,0.07101702690124512,0.010528087615966797,1177.0,0.1483699530363083,98.30000305175781,1.9560846090316772,-0.0035299118608236313,0.06140057370066643,0.0,0.9998473525047302
1859,,,,,,,,-3.44714093208313,1.4999999621068127e-05,-0.022558707743883133,0.000581319909542799,0.07976794242858887,0.010586023330688477,1062.0,0.14840543270111084,98.30000305175781,1.9566384553909302,-0.003828502492979169,0.044217418879270554,0.0,0.9998423457145691
1860,,,,,,,,-3.44520902633667,2.2500000341096893e-05,-0.004197020549327135,0.00044855274609290063,0.07804298400878906,0.010840892791748047,1080.0,0.14845474064350128,98.30000305175781,1.9566148519515991,-0.004571270663291216,0.10795453190803528,0.0,0.9998454451560974
1861,,,,,,,,-3.4432194232940674,2.2500000341096893e-05,-0.015155352652072906,0.0006043759058229625,0.07874512672424316,0.010205984115600586,1079.0,0.14845110476016998,98.30000305175781,1.9566892385482788,-0.004162005614489317,0.10563211888074875,0.0,0.9998981356620789
1862,,,,,,,,-3.443657159805298,1.4999999621068127e-05,-0.017169160768389702,0.00027974677504971623,0.06950187683105469,0.010023832321166992,1207.0,0.14845865964889526,98.30000305175781,1.9566892385482788,-0.003630047896876931,0.06479565799236298,0.0,0.9998376965522766
1863,,,,,,,,-3.443298578262329,7.593750342493877e-05,-0.010749876499176025,0.00024558318546041846,0.07544398307800293,0.010377168655395508,1118.0,0.14841720461845398,98.30000305175781,1.957249641418457,-0.003402149537578225,0.00838755164295435,0.0,0.9998475909233093
1864,,,,,,,,-3.4482381343841553,5.062499985797331e-05,-0.01453629694879055,0.0002476137597113848,0.07478928565979004,0.0098419189453125,1134.0,0.14826205372810364,98.30000305175781,1.9573416709899902,-0.0041683027520775795,0.09798342734575272,0.0,0.9998279213905334
1865,,,,,,,,-3.454751968383789,1.4999999621068127e-05,-0.02370426617562771,0.00012242078082636,0.08066606521606445,0.009872913360595703,1060.0,0.14815261960029602,98.30000305175781,1.9564260244369507,-0.004016373306512833,0.05844436585903168,0.0,0.9999073147773743
1866,,,,,,,,-3.4609456062316895,3.3749998692655936e-05,-0.011014293879270554,0.00012852525105699897,0.070526123046875,0.009898900985717773,1193.0,0.14795935153961182,98.30000305175781,1.9564260244369507,-0.003396897343918681,0.09829628467559814,0.0,0.9998411536216736
1867,,,,,,,,-3.4699769020080566,9.999999747378752e-06,-0.010834923945367336,7.791817915858701e-05,0.07501626014709473,0.00997471809387207,1129.0,0.1478596180677414,98.30000305175781,1.9565008878707886,-0.0033824837300926447,0.00013291119830682874,0.0,0.9998525977134705
1868,,,,,,,,-3.473341703414917,3.3749998692655936e-05,-0.01198224350810051,3.673893928527832,0.07887721061706543,0.010390043258666992,1075.0,0.14779183268547058,97.47000122070312,1.8880454301834106,-0.0040522306226193905,0.06249057129025459,-2.6041667461395264,0.9998400211334229
1869,,,,,,,,-3.4789791107177734,9.999999747378752e-06,-0.006553615443408489,0.003372469451278448,0.08239483833312988,0.00978708267211914,1041.0,0.1476612687110901,97.47000122070312,1.8886528015136719,-0.004271404817700386,0.09127182513475418,0.0,0.9998970627784729
1870,,,,,,,,-3.4837234020233154,5.062499985797331e-05,-0.0021234191954135895,0.0005443795234896243,0.0727701187133789,0.010033845901489258,1159.0,0.1475687026977539,97.47000122070312,1.8886528015136719,-0.003834037808701396,0.1314447969198227,0.0,0.9998676776885986
1871,,,,,,,,-3.489171028137207,2.2500000341096893e-05,-0.012886946089565754,0.00030135700944811106,0.07406425476074219,0.010263919830322266,1138.0,0.14749158918857574,97.47000122070312,1.888423204421997,-0.003048032522201538,0.0010031188139691949,0.0,0.9998593330383301
1872,,,,,,,,-3.4908411502838135,9.999999747378752e-06,-0.013759022578597069,0.00035409905831329525,0.07094788551330566,0.010390996932983398,1180.0,0.147501602768898,97.47000122070312,1.8881829977035522,-0.0031948562245815992,0.06606338173151016,0.0,0.9997925758361816
1873,,,,,,,,-3.489931344985962,7.593750342493877e-05,-0.010796887800097466,0.0005892511107958853,0.08224678039550781,0.00958108901977539,1045.0,0.14754433929920197,97.47000122070312,1.8890565633773804,-0.004184405785053968,0.06478499621152878,0.0,0.9998999238014221
1874,,,,,,,,-3.488359212875366,9.999999747378752e-06,-0.006554235704243183,3.0449914932250977,0.07913494110107422,0.009938955307006836,1077.0,0.1475370228290558,96.62999725341797,1.8204561471939087,-0.0040515027940273285,0.15456263720989227,-2.6041667461395264,0.9998865127563477
1875,,,,,,,,-3.4885003566741943,9.999999747378752e-06,-0.013168185949325562,0.0009031313820742071,0.07231712341308594,0.009846925735473633,1168.0,0.14754801988601685,96.62999725341797,1.8205595016479492,-0.003585138125345111,0.05509607493877411,0.0,0.9998461604118347
1876,,,,,,,,-3.486985445022583,7.593750342493877e-05,-0.009059969335794449,0.000594966346397996,0.07573699951171875,0.012206077575683594,1091.0,0.14761897921562195,96.62999725341797,1.8205595016479492,-0.0035455599427223206,0.059239063411951065,0.0,0.9998286366462708
1877,,,,,,,,-3.481398344039917,2.2500000341096893e-05,-0.01570342853665352,0.00024663115618750453,0.08512306213378906,0.011625051498413086,992.0,0.14771561324596405,96.62999725341797,1.8214261531829834,-0.003810241585597396,0.032901160418987274,0.0,0.9998844265937805
1878,,,,,,,,-3.479661226272583,2.2500000341096893e-05,-0.010634595528244972,0.00033415365032851696,0.08109593391418457,0.011362075805664062,1038.0,0.1476738303899765,96.62999725341797,1.8204833269119263,-0.0038970112800598145,0.10189247876405716,0.0,0.9998593330383301
1879,,,,,,,,-3.483259916305542,9.999999747378752e-06,-0.016115929931402206,0.00012464428436942399,0.07676124572753906,0.010716915130615234,1097.0,0.14757707715034485,96.62999725341797,1.8197535276412964,-0.0034654175397008657,0.05045458301901817,0.0,0.9998576641082764
1880,,,,,,,,-3.4864659309387207,9.999999747378752e-06,-0.015191871672868729,0.0005277835298329592,0.07438802719116211,0.010483980178833008,1131.0,0.14754047989845276,96.62999725341797,1.8197535276412964,-0.0036848883610218763,0.044832099229097366,0.0,0.9998443126678467
1881,,,,,,,,-3.487459659576416,3.3749998692655936e-05,-0.009194260463118553,0.00010759262659121305,0.07887411117553711,0.010077953338623047,1079.0,0.14754243195056915,96.62999725341797,1.8189764022827148,-0.003836321644484997,0.02279621548950672,0.0,0.9998666644096375
1882,,,,,,,,-3.488081455230713,2.2500000341096893e-05,-0.016187578439712524,0.0001934061583597213,0.07507610321044922,0.010365962982177734,1123.0,0.14748947322368622,96.62999725341797,1.818001627922058,-0.004252281505614519,0.09895507246255875,0.0,0.999843180179596
1883,,,,,,,,-3.4907565116882324,9.999999747378752e-06,-0.017298389226198196,0.0004215011722408235,0.07176399230957031,0.009832143783569336,1176.0,0.1474333554506302,96.62999725341797,1.818001627922058,-0.0034915313590317965,0.05867724120616913,0.0,0.9998736381530762
1884,,,,,,,,-3.4939281940460205,0.00011390625149942935,-0.002680264413356781,0.00020495260832831264,0.0752878189086914,0.009885311126708984,1127.0,0.14727665483951569,96.62999725341797,1.8172661066055298,-0.0033742033410817385,0.035909343510866165,0.0,0.999850332736969
1885,,,,,,,,-3.5034191608428955,1.4999999621068127e-05,-0.02342325448989868,0.00017956970259547234,0.0762939453125,0.00995182991027832,1113.0,0.14710628986358643,96.62999725341797,1.8159035444259644,-0.004238314926624298,0.03376146778464317,0.0,0.9998443722724915
1886,,,,,,,,-3.5079941749572754,5.062499985797331e-05,-0.00688981031998992,1.6361366510391235,0.07891988754272461,0.009871959686279297,1081.0,0.14701245725154877,95.79000091552734,1.7479619979858398,-0.003906366415321827,0.132949098944664,-2.6041667461395264,0.999880313873291
1887,,,,,,,,-3.5117321014404297,9.999999747378752e-06,-0.014495722949504852,4.278597354888916,0.0805058479309082,0.009996175765991211,1060.0,0.1469765454530716,94.94999694824219,1.6801807880401611,-0.004221052397042513,-5.037077903747559,-2.6041667461395264,0.9998981952667236
1888,,,,,,,,-3.513899087905884,3.3749998692655936e-05,-0.02314973808825016,2.2044851779937744,0.08047819137573242,0.010076761245727539,1060.0,0.14687493443489075,94.11000061035156,1.6120387315750122,-0.0035307074431329966,0.0455983467400074,-2.6041667461395264,0.9998793005943298
1889,,,,,,,,-3.51875638961792,9.999999747378752e-06,-0.021531593054533005,3.1676125526428223,0.07198190689086914,0.012163162231445312,1140.0,0.14680637419223785,94.11000061035156,1.6122444868087769,-0.0034931814298033714,-4.903968334197998,0.0,0.9998261332511902
1890,,,,,,,,-3.5193190574645996,5.062499985797331e-05,-0.011018946766853333,3.0280678272247314,0.08606815338134766,0.010025978088378906,999.0,0.146876260638237,93.27999877929688,1.447891354560852,-0.003661136142909527,0.025607435032725334,-2.6041667461395264,0.9999101758003235
1891,,,,,,,,-3.513798952102661,3.3749998692655936e-05,-0.008822940289974213,0.022583380341529846,0.06909322738647461,0.01013493537902832,1211.0,0.14701350033283234,93.27999877929688,1.447891354560852,-0.003777375677600503,0.15548433363437653,0.0,0.9998056292533875
1892,,,,,,,,-3.5091421604156494,2.2500000341096893e-05,-0.00992013979703188,2.6616127490997314,0.08112192153930664,0.010003089904785156,1053.0,0.14709354937076569,92.41000366210938,1.2830241918563843,-0.00413938146084547,0.0026390228886157274,-2.6041667461395264,0.9998998641967773
1893,,,,,,,,-3.5070834159851074,9.999999747378752e-06,-0.026201961562037468,3.1832528114318848,0.08624887466430664,0.01078033447265625,989.0,0.1471005380153656,90.68000030517578,1.1454235315322876,-0.004362280946224928,0.025183886289596558,-5.208333492279053,0.9998548030853271
1894,,,,,,,,-3.507357120513916,2.2500000341096893e-05,-0.02622268721461296,0.014854955486953259,0.0780479907989502,0.009805917739868164,1092.0,0.1470935195684433,90.68000030517578,1.1454644203186035,-0.004436471965163946,0.09627038985490799,0.0,0.9998651146888733
1895,,,,,,,,-3.507333278656006,9.999999747378752e-06,-0.009943967685103416,0.01409277692437172,0.07464599609375,0.009996891021728516,1134.0,0.14710558950901031,90.68000030517578,1.1454644203186035,-0.004191654268652201,0.10047966241836548,0.0,0.9998767971992493
1896,,,,,,,,-3.505960702896118,2.2500000341096893e-05,-0.008541502989828587,0.0034039656165987253,0.06851506233215332,0.010438919067382812,1215.0,0.14717420935630798,90.68000030517578,1.1454644203186035,-0.0032727320212870836,0.012680485844612122,0.0,0.9998337626457214
1897,,,,,,,,-3.5029654502868652,1.4999999621068127e-05,-0.016271600499749184,0.0016826464561745524,0.07908797264099121,0.010452032089233398,1072.0,0.1471901834011078,90.68000030517578,1.1447477340698242,-0.003487984649837017,0.010100911371409893,0.0,0.9998202323913574
1898,,,,,,,,-3.502584934234619,9.999999747378752e-06,-0.0162170622497797,1.5266335010528564,0.08291411399841309,0.010022878646850586,1032.0,0.14720430970191956,89.80999755859375,1.0753720998764038,-0.004246191121637821,0.05637316033244133,-2.6041667461395264,0.9998626708984375
1899,-0.003935313317924738,0.05934226140379906,0.0,0.9998492002487183,0.0,0.0,1.0,-3.5007903575897217,3.3749998692655936e-05,-0.014332388527691364,0.02386181615293026,0.07708311080932617,0.010343790054321289,1098.0,0.14728064835071564,89.80999755859375,1.074559211730957,-0.004870634526014328,0.14652104675769806,0.0,0.9998924136161804
1900,,,,,,,,-3.497076988220215,1.4999999621068127e-05,-0.012957094237208366,0.002381609519943595,0.06768584251403809,0.009957075119018555,1236.0,0.14729495346546173,89.80999755859375,1.074559211730957,-0.0030357518699020147,0.053519170731306076,0.0,0.999863862991333
1901,,,,,,,,-3.497304677963257,3.3749998692655936e-05,-0.007840285077691078,0.0011073957430198789,0.07234930992126465,0.0106658935546875,1156.0,0.14726708829402924,89.80999755859375,1.0744178295135498,-0.003250233829021454,0.0003873594105243683,0.0,0.9998055100440979
1902,,,,,,,,-3.498755931854248,2.2500000341096893e-05,-0.010054211132228374,0.009835273027420044,0.07853984832763672,0.009995222091674805,1084.0,0.1472073793411255,89.80999755859375,1.073578953742981,-0.0037467849906533957,0.10312701016664505,0.0,0.9998369216918945
1903,,,,,,,,-3.500030279159546,5.062499985797331e-05,-0.012173311784863472,0.013948644511401653,0.0784919261932373,0.00992727279663086,1085.0,0.14725306630134583,89.80999755859375,1.074572205543518,-0.004127171356230974,0.15534694492816925,0.0,0.9998970627784729
1904,,,,,,,,-3.497540235519409,9.999999747378752e-06,-0.01748061366379261,0.004826083779335022,0.07094192504882812,0.010074138641357422,1184.0,0.14729492366313934,89.80999755859375,1.074572205543518,-0.0032612960785627365,0.09474911540746689,0.0,0.9998655915260315
1905,,,,,,,,-3.4947097301483154,5.062499985797331e-05,-0.01827842742204666,0.0005299729527905583,0.07119011878967285,0.010493993759155273,1175.0,0.14745274186134338,89.80999755859375,1.0753127336502075,-0.003455465892329812,8.232123036577832e-06,0.0,0.9998061060905457
1906,,,,,,,,-3.4855237007141113,1.4999999621068127e-05,-0.013513408601284027,0.010468301363289356,0.07668089866638184,0.009904861450195312,1108.0,0.14761951565742493,89.80999755859375,1.0749129056930542,-0.003716336330398917,0.10541871935129166,0.0,0.9998100399971008
1907,,,,,,,,-3.482447624206543,2.2500000341096893e-05,-0.016653960570693016,0.009773604571819305,0.08006501197814941,0.009747982025146484,1068.0,0.1476178914308548,89.80999755859375,1.0756452083587646,-0.004924524109810591,0.09728523343801498,0.0,0.9999110102653503
1908,,,,,,,,-3.485542058944702,3.3749998692655936e-05,-0.01621219329535961,0.004492143169045448,0.0691220760345459,0.009871244430541992,1215.0,0.1474485844373703,89.80999755859375,1.0756452083587646,-0.003981366287916899,0.0899772047996521,0.0,0.999862015247345
1909,,,,,,,,-3.495762825012207,1.4999999621068127e-05,-0.020587235689163208,0.0003104828647337854,0.07088303565979004,0.01034402847290039,1181.0,0.14725762605667114,89.80999755859375,1.0767340660095215,-0.0031904075294733047,2.154366666218266e-05,0.0,0.9998165965080261
1910,,,,,,,,-3.5014595985412598,3.3749998692655936e-05,-0.010670086368918419,0.00824984535574913,0.07560300827026367,0.00984501838684082,1123.0,0.1471819132566452,89.80999755859375,1.0760011672973633,-0.003760484280064702,0.08979058265686035,0.0,0.9997954964637756
1911,,,,,,,,-3.5037097930908203,9.999999747378752e-06,-0.011740309186279774,0.004541413392871618,0.08285284042358398,0.01041722297668457,1029.0,0.14716753363609314,89.80999755859375,1.0757312774658203,-0.004182312171906233,0.10722310096025467,0.0,0.9999048113822937
1912,,,,,,,,-3.504274368286133,9.999999747378752e-06,-0.012571875937283039,0.00668030371889472,0.06954813003540039,0.01039266586303711,1200.0,0.14715707302093506,89.80999755859375,1.0757312774658203,-0.003830467350780964,0.14041577279567719,0.0,0.9998709559440613
1913,,,,,,,,-3.5048999786376953,7.593750342493877e-05,-0.002516442444175482,0.00015598355093970895,0.0690910816192627,0.009962081909179688,1214.0,0.14711695909500122,89.80999755859375,1.0763801336288452,-0.0030977576971054077,0.0004553754406515509,0.0,0.99982088804245
1914,,,,,,,,-3.5092177391052246,9.999999747378752e-06,-0.02046472392976284,0.004312205594033003,0.07358384132385254,0.009782075881958008,1151.0,0.14701461791992188,89.80999755859375,1.075588583946228,-0.004161435645073652,0.047916799783706665,0.0,0.9997947812080383
1915,,,,,,,,-3.5128257274627686,3.3749998692655936e-05,-0.01557076908648014,0.004166728351265192,0.08655619621276855,0.010319709777832031,990.0,0.14693386852741241,89.80999755859375,1.076625108718872,-0.0039665657095611095,0.06621342897415161,0.0,0.999896764755249
1916,,,,,,,,-3.5182852745056152,3.3749998692655936e-05,-0.011163981631398201,0.00511858519166708,0.07187485694885254,0.009973287582397461,1172.0,0.14681865274906158,89.80999755859375,1.076625108718872,-0.0046860272996127605,0.12177786976099014,0.0,0.9998725056648254
1917,,,,,,,,-3.523249864578247,1.4999999621068127e-05,-0.010674480348825455,0.00022820488084107637,0.0677800178527832,0.010183095932006836,1231.0,0.14672043919563293,89.80999755859375,1.076625108718872,-0.0031185653060674667,0.00277114100754261,0.0,0.999840259552002
1918,,,,,,,,-3.5259811878204346,1.4999999621068127e-05,-0.029097359627485275,0.001361004076898098,0.07276415824890137,0.009998798370361328,1159.0,0.14670515060424805,89.80999755859375,1.0769034624099731,-0.0034806926269084215,0.018482431769371033,0.0,0.9997990727424622
1919,-0.003855854971334338,0.05490142107009888,0.0,0.9998505115509033,0.0,0.0,1.0,-3.5264344215393066,1.4999999621068127e-05,-0.009178375825285912,0.004601152613759041,0.08484196662902832,0.010751962661743164,1004.0,0.14668039977550507,89.80999755859375,1.0750606060028076,-0.004539222456514835,0.07701310515403748,0.0,0.9998738169670105
1920,,,,,,,,-3.5291635990142822,2.2500000341096893e-05,-0.013824857771396637,0.004319575149565935,0.07554984092712402,0.009964227676391602,1122.0,0.14659322798252106,89.80999755859375,1.0750606060028076,-0.004104186315089464,0.15813256800174713,0.0,0.9998750686645508
1921,,,,,,,,-3.5329678058624268,1.4999999621068127e-05,-0.013996100053191185,0.00038746013888157904,0.06653213500976562,0.009844064712524414,1256.0,0.1465512365102768,89.80999755859375,1.0750606060028076,-0.002721356227993965,0.013268384151160717,0.0,0.9998443722724915
1922,,,,,,,,-3.5338528156280518,5.062499985797331e-05,-0.012409655377268791,0.0006397122633643448,0.07087111473083496,0.010467767715454102,1180.0,0.14657023549079895,89.80999755859375,1.074148416519165,-0.003359094960615039,0.010422366671264172,0.0,0.9997918009757996
1923,,,,,,,,-3.5341224670410156,2.2500000341096893e-05,-0.017960453405976295,0.001703779911622405,0.08102297782897949,0.009989023208618164,1054.0,0.14653898775577545,89.80999755859375,1.073352336883545,-0.004282816778868437,0.07277867943048477,0.0,0.999845027923584
1924,-0.003610540647059679,0.05090717971324921,0.0,0.9998428821563721,0.0,0.0,1.0,-3.53708553314209,3.3749998692655936e-05,-0.016656477004289627,0.005281862802803516,0.07604026794433594,0.010690927505493164,1106.0,0.14645890891551971,89.80999755859375,1.0731699466705322,-0.00504212686792016,0.1730394810438156,0.0,0.999891996383667
1925,,,,,,,,-3.540703058242798,9.999999747378752e-06,-0.014183847233653069,0.00041095734923146665,0.06742715835571289,0.009970903396606445,1240.0,0.14641772210597992,89.80999755859375,1.0731699466705322,-0.0031109086703509092,0.058047324419021606,0.0,0.999865710735321
1926,,,,,,,,-3.541640281677246,9.999999747378752e-06,-0.026477625593543053,0.0007657455280423164,0.06996417045593262,0.009860992431640625,1202.0,0.1464097797870636,89.80999755859375,1.0721479654312134,-0.0033536485861986876,0.00023434283502865583,0.0,0.9998040199279785
1927,-0.0029054780025035143,0.05060768499970436,-0.8333333134651184,0.7165644764900208,0.0,0.3333333432674408,0.6666666865348816,-3.5414464473724365,3.3749998692655936e-05,-0.007056836970150471,0.5163923501968384,0.08418679237365723,0.010411977767944336,1014.0,0.14645731449127197,88.95999908447266,1.0039560794830322,-0.004069460555911064,0.025343647226691246,-2.6041667461395264,0.9998481273651123
1928,,,,,,,,-3.5377261638641357,9.999999747378752e-06,-0.02113889344036579,0.0038048222195357084,0.07941007614135742,0.010342836380004883,1069.0,0.14654897153377533,88.95999908447266,1.0046745538711548,-0.004585748538374901,0.1807302087545395,0.0,0.9999027848243713
1929,,,,,,,,-3.5351500511169434,7.593750342493877e-05,-0.011897917836904526,0.0005389050347730517,0.06835103034973145,0.009704828262329102,1229.0,0.14658638834953308,88.95999908447266,1.0046745538711548,-0.0032896262127906084,0.053480807691812515,0.0,0.9998816847801208
1930,,,,,,,,-3.534482002258301,2.2500000341096893e-05,-0.0017681389581412077,0.00019621776300482452,0.06395697593688965,0.009702920913696289,1303.0,0.14655597507953644,88.95999908447266,1.0046745538711548,-0.0029822385404258966,8.072015020843537e-07,0.0,0.9997732043266296
1931,,,,,,,,-3.5363426208496094,3.3749998692655936e-05,-0.022557180374860764,0.0014097918756306171,0.07811689376831055,0.009881973266601562,1090.0,0.14652153849601746,88.95999908447266,1.0032821893692017,-0.003482704982161522,0.034114956855773926,0.0,0.9998202323913574
1932,,,,,,,,-3.537285327911377,9.999999747378752e-06,-0.018206484615802765,1.7227288484573364,0.0843958854675293,0.009963035583496094,1017.0,0.1465182602405548,88.11000061035156,0.9333986043930054,-0.004900974687188864,0.1399386078119278,-2.6041667461395264,0.999927818775177
1933,,,,,,,,-3.536688804626465,0.00011390625149942935,-0.006423708982765675,0.0014016185887157917,0.07341694831848145,0.010014057159423828,1150.0,0.14651602506637573,88.11000061035156,0.9333986043930054,-0.004419384524226189,0.15821395814418793,0.0,0.9998831748962402
1934,,,,,,,,-3.5347213745117188,9.999999747378752e-06,-0.026997921988368034,0.00014960776024963707,0.06559300422668457,0.00985097885131836,1272.0,0.14659015834331512,88.11000061035156,0.9333986043930054,-0.0032131473999470472,2.905815199483186e-05,0.0,0.9998056888580322
1935,,,,,,,,-3.531445264816284,9.999999747378752e-06,-0.011050057597458363,0.000324317195918411,0.07017803192138672,0.010794878005981445,1185.0,0.14663493633270264,88.11000061035156,0.9344266653060913,-0.003346092766150832,0.00043973815627396107,0.0,0.99977707862854
1936,,,,,,,,-3.529700994491577,2.2500000341096893e-05,-0.02157960645854473,3.6354658603668213,0.08913516998291016,0.010799884796142578,960.0,0.14666257798671722,88.0999984741211,0.933100700378418,-0.004895349964499474,0.04889144003391266,-2.6041667461395264,0.9999048113822937
1937,,,,,,,,-3.528735876083374,2.2500000341096893e-05,-0.01682320609688759,0.0038278766442090273,0.07242894172668457,0.01015925407409668,1162.0,0.14667056500911713,88.0999984741211,0.933100700378418,-0.004428202286362648,0.15867571532726288,0.0,0.9998815655708313
1938,,,,,,,,-3.529374122619629,9.999999747378752e-06,-0.014110137708485126,0.00014867467689327896,0.06688094139099121,0.00997018814086914,1249.0,0.14664411544799805,88.0999984741211,0.933100700378418,-0.002941268729045987,0.009023674763739109,0.0,0.9998641014099121
1939,,,,,,,,-3.531024217605591,3.3749998692655936e-05,-0.012604903429746628,9.483499161433429e-05,0.07377290725708008,0.010185956954956055,1143.0,0.14659439027309418,88.0999984741211,0.9329267144203186,-0.003288042964413762,3.967290922446409e-06,0.0,0.9997736811637878
1940,,,,,,,,-3.5368146896362305,1.4999999621068127e-05,-0.020433640107512474,0.0010074537713080645,0.08258819580078125,0.010740995407104492,1028.0,0.14641153812408447,88.0999984741211,0.931659460067749,-0.0045530423521995544,0.06417080760002136,0.0,0.9998409152030945
1941,,,,,,,,-3.544027328491211,7.593750342493877e-05,-0.014720235019922256,0.005288015119731426,0.07858490943908691,0.010619878768920898,1076.0,0.14624765515327454,88.0999984741211,0.931659460067749,-0.004590082913637161,0.20692472159862518,0.0,0.9998984336853027
1942,,,,,,,,-3.551703691482544,9.999999747378752e-06,-0.010097257792949677,0.00037155862082727253,0.06789588928222656,0.010005950927734375,1232.0,0.14617179334163666,88.0999984741211,0.931659460067749,-0.0030773726757615805,0.048972997814416885,0.0,0.9998785853385925
1943,,,,,,,,-3.5533103942871094,9.999999747378752e-06,-0.011363799683749676,0.0001613834174349904,0.07068634033203125,0.010043859481811523,1189.0,0.14614589512348175,88.0999984741211,0.9317806959152222,-0.0035205890890210867,9.768441344704115e-08,0.0,0.9997782111167908
1944,,,,,,,,-3.554197311401367,1.4999999621068127e-05,-0.011812761425971985,0.0009080689051188529,0.07640218734741211,0.009872913360595703,1112.0,0.14613540470600128,88.0999984741211,0.9316993355751038,-0.0040529388934373856,0.05204184353351593,0.0,0.9998144507408142
1945,,,,,,,,-3.5570356845855713,0.00011390625149942935,-0.009558306075632572,0.002168716862797737,0.0796208381652832,0.009969234466552734,1071.0,0.14592912793159485,88.52999877929688,0.9909729957580566,-0.004639213439077139,0.13614903390407562,0.0,0.9999110102653503
1946,,,,,,,,-3.5705738067626953,5.062499985797331e-05,-0.015393334440886974,0.00044355873251333833,0.06993794441223145,0.010470151901245117,1193.0,0.14573398232460022,88.52999877929688,0.9909729957580566,-0.0038274982944130898,0.0758882388472557,0.0,0.9998858571052551
1947,,,,,,,,-3.576923131942749,9.999999747378752e-06,-0.009324656799435616,0.00016021360352169722,0.06781792640686035,0.00988006591796875,1235.0,0.1456359475851059,88.52999877929688,0.9908326268196106,-0.003392161801457405,2.0026814127049875e-06,0.0,0.9997866153717041
1948,,,,,,,,-3.5785062313079834,3.3749998692655936e-05,-0.013890954665839672,0.000912862247787416,0.07668495178222656,0.010303020477294922,1103.0,0.1456734836101532,88.95999908447266,1.0491658449172974,-0.0038927134592086077,0.04797618091106415,0.0,0.9997965693473816
1949,-0.003936699591577053,0.07404441386461258,0.0,0.9998466372489929,0.0,0.0,1.0,-3.574350595474243,1.4999999621068127e-05,-0.030015937983989716,0.0021871463395655155,0.0856480598449707,0.010533809661865234,998.0,0.14575853943824768,88.95999908447266,1.049428939819336,-0.004355910699814558,0.12417922168970108,0.0,0.9999167323112488
1950,,,,,,,,-3.5723447799682617,3.3749998692655936e-05,-0.006527000106871128,0.00034068230888806283,0.07013821601867676,0.010370731353759766,1192.0,0.14574098587036133,88.95999908447266,1.049428939819336,-0.0037267813459038734,0.10241261124610901,0.0,0.9998784065246582
1951,,,,,,,,-3.574962615966797,2.2500000341096893e-05,-0.016726456582546234,0.00018544412159826607,0.06737613677978516,0.01071476936340332,1229.0,0.1456545889377594,88.95999908447266,1.049428939819336,-0.003017703304067254,3.974093033320969e-06,0.0,0.9998088479042053
1952,-0.0037166494876146317,0.07587991654872894,0.0,0.9998477101325989,0.0,0.0,1.0,-3.5799407958984375,1.4999999621068127e-05,-0.014825962483882904,0.000644965039100498,0.07495903968811035,0.010120868682861328,1128.0,0.14553330838680267,88.95999908447266,1.0492771863937378,-0.003568909363821149,0.02913794107735157,0.0,0.9997879862785339
1953,,,,,,,,-3.5856621265411377,1.4999999621068127e-05,-0.009734833613038063,3.386122703552246,0.08969998359680176,0.009924173355102539,963.0,0.14541156589984894,88.08000183105469,0.9786067008972168,-0.00513577600941062,0.09210861474275589,-2.6041667461395264,0.999915361404419
1954,,,,,,,,-3.5917537212371826,1.4999999621068127e-05,-0.01881212554872036,0.00345974019728601,0.07161402702331543,0.00998377799987793,1176.0,0.14528776705265045,88.08000183105469,0.9786067008972168,-0.0037459672894328833,0.24640202522277832,0.0,0.9998858571052551
1955,,,,,,,,-3.59736704826355,1.4999999621068127e-05,-0.012807903811335564,0.00012626401439774781,0.07011604309082031,0.010236024856567383,1194.0,0.14518287777900696,88.08000183105469,0.9786067008972168,-0.003219461068511009,0.0066597554832696915,0.0,0.9998529553413391
1956,,,,,,,,-3.601444721221924,2.2500000341096893e-05,-0.011627279222011566,0.0012664726236835122,0.07380080223083496,0.010119199752807617,1143.0,0.14514489471912384,88.08000183105469,0.9787347912788391,-0.0035313747357577085,0.03485490754246712,0.0,0.9997898936271667
1957,,,,,,,,-3.6014962196350098,3.3749998692655936e-05,-0.008934837765991688,0.0011049718596041203,0.08180403709411621,0.009948015213012695,1046.0,0.14518655836582184,88.08000183105469,0.9803306460380554,-0.004375713411718607,0.10515597462654114,0.0,0.99985671043396
1958,,,,,,,,-3.599081039428711,2.2500000341096893e-05,-0.01833663508296013,0.001811735681258142,0.07494497299194336,0.010206222534179688,1127.0,0.14524754881858826,88.08000183105469,0.9803306460380554,-0.0051572578959167,0.1945452243089676,0.0,0.9998786449432373
1959,,,,,,,,-3.59840726852417,2.2500000341096893e-05,-0.007066108286380768,0.000156350462930277,0.0688929557800293,0.010019063949584961,1216.0,0.1452299803495407,88.08000183105469,0.9803306460380554,-0.003135164501145482,0.02653268538415432,0.0,0.9998602271080017
1960,,,,,,,,-3.6003506183624268,9.999999747378752e-06,-0.022606493905186653,0.0003760377876460552,0.07336711883544922,0.010020971298217773,1151.0,0.1451920121908188,88.08000183105469,0.9812164902687073,-0.0032130673062056303,0.0012444162275642157,0.0,0.9997974038124084
1961,,,,,,,,-3.6028811931610107,1.4999999621068127e-05,-0.014397099614143372,0.0005982462898828089,0.08086419105529785,0.00983285903930664,1058.0,0.14511406421661377,88.91000366210938,1.049221396446228,-0.004178788512945175,0.10310760140419006,0.0,0.9998437762260437
1962,-0.004025203175842762,0.10123593360185623,0.0,0.9998480677604675,0.0,0.0,1.0,-3.6059305667877197,9.999999747378752e-06,-0.014936227351427078,0.0008916199440136552,0.07805919647216797,0.010090827941894531,1089.0,0.14510701596736908,88.91000366210938,1.0498684644699097,-0.004271813202649355,0.14673690497875214,0.0,0.9998920559883118
1963,,,,,,,,-3.6057586669921875,1.4999999621068127e-05,-0.008424472995102406,0.000176919624209404,0.06938385963439941,0.010521173477172852,1201.0,0.14510396122932434,88.91000366210938,1.0498684644699097,-0.003176409751176834,0.031146729364991188,0.0,0.9998714327812195
1964,,,,,,,,-3.6060805320739746,1.4999999621068127e-05,-0.025462888181209564,8.828868885757402e-05,0.07216215133666992,0.01074671745300293,1157.0,0.1451060026884079,88.91000366210938,1.0507473945617676,-0.003209252143278718,4.660088052332867e-06,0.0,0.9998095035552979
1965,,,,,,,,-3.605167865753174,2.2500000341096893e-05,-0.015607799403369427,0.00026817191974259913,0.07753491401672363,0.010066986083984375,1095.0,0.1451413929462433,88.91000366210938,1.050004243850708,-0.004274276085197926,0.05873875319957733,0.0,0.9998193383216858
1966,,,,,,,,-3.6025969982147217,9.999999747378752e-06,-0.019526230171322823,0.0018851426430046558,0.07986617088317871,0.009918928146362305,1069.0,0.1451885998249054,88.91000366210938,1.0499184131622314,-0.004624401219189167,0.18541036546230316,0.0,0.9999096989631653
1967,,,,,,,,-3.6015114784240723,1.4999999621068127e-05,-0.022030973806977272,0.0002225682546850294,0.069976806640625,0.010682106018066406,1190.0,0.14517198503017426,88.91000366210938,1.0499184131622314,-0.0036160957533866167,0.07990444451570511,0.0,0.9998685717582703
1968,,,,,,,,-3.6025986671447754,1.4999999621068127e-05,-0.01527753472328186,8.477980736643076e-05,0.07038998603820801,0.009945154190063477,1194.0,0.14514848589897156,89.75,1.1177024841308594,-0.003040140261873603,6.1138962337281555e-06,0.0,0.9998138546943665
1969,,,,,,,,-3.603822708129883,2.2500000341096893e-05,-0.012952359393239021,0.0003721630200743675,0.07634305953979492,0.010033845901489258,1111.0,0.14508689939975739,89.75,1.1183243989944458,-0.0039997398853302,0.06681028753519058,0.0,0.9998028874397278
1970,,,,,,,,-3.60685396194458,3.3749998692655936e-05,-0.014055294916033745,0.0013252603821456432,0.08097720146179199,0.00989079475402832,1056.0,0.14504468441009521,89.75,1.1173908710479736,-0.004427995067089796,0.12004374712705612,0.0,0.9999125599861145
1971,,,,,,,,-3.6076719760894775,2.2500000341096893e-05,-0.006475933361798525,0.00032044373801909387,0.06974101066589355,0.010421037673950195,1197.0,0.14505775272846222,89.75,1.1173908710479736,-0.0036052733194082975,0.09984282404184341,0.0,0.999865710735321
1972,,,,,,,,-3.6078975200653076,1.4999999621068127e-05,-0.022239595651626587,0.00011035893840016797,0.06839203834533691,0.009902000427246094,1226.0,0.14505672454833984,89.75,1.1176812648773193,-0.0033835668582469225,2.134985516022425e-05,0.0,0.9998229146003723
1973,,,,,,,,-3.6086652278900146,7.593750342493877e-05,-0.0034116108436137438,0.00033384989365004003,0.07389426231384277,0.010780811309814453,1133.0,0.14504000544548035,89.75,1.1182949542999268,-0.0038585271686315536,0.043225500732660294,0.0,0.9997982978820801
1974,,,,,,,,-3.6088318824768066,2.2500000341096893e-05,-0.019472545012831688,0.0006865966133773327,0.08450794219970703,0.010762929916381836,1007.0,0.1450546383857727,89.75,1.1181045770645142,-0.00416053319349885,0.07285236567258835,0.0,0.9999065399169922
1975,,,,,,,,-3.6067819595336914,2.2500000341096893e-05,-0.021807802841067314,0.0005994169623591006,0.07120609283447266,0.010046958923339844,1181.0,0.14510276913642883,89.75,1.1181045770645142,-0.004250343423336744,0.11457785218954086,0.0,0.9998677372932434
1976,,,,,,,,-3.6044018268585205,5.062499985797331e-05,-0.006674668751657009,8.315240120282397e-05,0.06895899772644043,0.009886026382446289,1217.0,0.14514286816120148,89.75,1.1181045770645142,-0.0032789846882224083,0.000242949157836847,0.0,0.999840497970581
1977,-0.0039533283561468124,0.0576782263815403,0.0,0.9998538494110107,0.0,0.0,1.0,-3.600539207458496,5.062499985797331e-05,-0.005564327817410231,0.00027783296536654234,0.07491612434387207,0.009801864624023438,1133.0,0.145242378115654,89.75,1.1181857585906982,-0.0036532748490571976,0.027561137452721596,0.0,0.9997970461845398
1978,,,,,,,,-3.5976884365081787,9.999999747378752e-06,-0.0351981520652771,3.3895084857940674,0.08768510818481445,0.009955883026123047,983.0,0.14525318145751953,89.70999908447266,1.1174522638320923,-0.004708923865109682,0.02488054521381855,-2.6041667461395264,0.9999027848243713
1979,,,,,,,,-3.5992321968078613,3.3749998692655936e-05,-0.016994448378682137,0.0012929190415889025,0.0724029541015625,0.009858131408691406,1167.0,0.14513470232486725,89.70999908447266,1.1174522638320923,-0.0039938087575137615,0.2106727808713913,0.0,0.9998629093170166
1980,,,,,,,,-3.6071863174438477,1.4999999621068127e-05,-0.006432319991290569,6.485306221293285e-05,0.0680081844329834,0.009711980819702148,1235.0,0.1449987143278122,89.70999908447266,1.1174522638320923,-0.0030229080002754927,0.0028912026900798082,0.0,0.9998795390129089
1981,,,,,,,,-3.6114981174468994,9.999999747378752e-06,-0.018996775150299072,0.0005966771859675646,0.07383584976196289,0.00989222526550293,1146.0,0.14493349194526672,89.70999908447266,1.1172351837158203,-0.003487616777420044,0.020277371630072594,0.0,0.9997965693473816
1982,,,,,,,,-3.614725351333618,2.2500000341096893e-05,-0.010453172959387302,0.00017489986203145236,0.07859683036804199,0.010638236999511719,1075.0,0.1448657214641571,91.38999938964844,1.2534908056259155,-0.004077030811458826,0.04372082278132439,0.0,0.999835193157196
1983,,,,,,,,-3.6222188472747803,0.00017085937724914402,-0.010255331173539162,0.001479491125792265,0.07781195640563965,0.010429859161376953,1087.0,0.14443808794021606,91.38999938964844,1.2534908056259155,-0.004584770184010267,0.20412768423557281,0.0,0.9998636245727539
1984,,,,,,,,-3.6486077308654785,1.4999999621068127e-05,-0.0042251842096447945,0.00015482326853089035,0.07192182540893555,0.010656118392944336,1162.0,0.14405940473079681,91.38999938964844,1.2534908056259155,-0.00286821648478508,0.017069580033421516,0.0,0.9998881816864014
1985,,,,,,,,-3.6559126377105713,3.3749998692655936e-05,-0.019070861861109734,0.0002672298578545451,0.07592010498046875,0.010413169860839844,1111.0,0.14398449659347534,91.38999938964844,1.2532492876052856,-0.0034487450029700994,0.0011529194889590144,0.0,0.9998075366020203
1986,,,,,,,,-3.6613354682922363,2.2500000341096893e-05,-0.024455562233924866,0.0001508085842942819,0.07466888427734375,0.009924888610839844,1134.0,0.14387057721614838,92.22000122070312,1.4182380437850952,-0.003689408302307129,0.06782624125480652,0.0,0.9998137354850769
1987,-0.003690573154017329,0.061070892959833145,0.0,0.999850869178772,0.0,0.0,1.0,-3.668069839477539,5.062499985797331e-05,-0.003989127930253744,0.000954481540247798,0.08042502403259277,0.010216951370239258,1059.0,0.1436845064163208,92.22000122070312,1.5149272680282593,-0.004752300214022398,0.13375882804393768,0.0,0.9998968243598938
1988,,,,,,,,-3.6780028343200684,2.2500000341096893e-05,-0.023054445162415504,0.0001050277569447644,0.07116508483886719,0.010009050369262695,1182.0,0.14356926083564758,92.22000122070312,1.5149272680282593,-0.003311870852485299,0.036944735795259476,0.0,0.9998838305473328
1989,,,,,,,,-3.6812894344329834,9.999999747378752e-06,-0.020162153989076614,5.226778012001887e-05,0.07159018516540527,0.009899139404296875,1178.0,0.1435776650905609,92.22000122070312,1.514052391052246,-0.0028462025802582502,6.4452683545823675e-06,0.0,0.9998334050178528
1990,,,,,,,,-3.680133581161499,7.593750342493877e-05,0.003913498017936945,0.00014062425179872662,0.07283902168273926,0.010020017623901367,1158.0,0.14361628890037537,93.94000244140625,1.6505091190338135,-0.00343907973729074,0.06742829829454422,0.0,0.9998026490211487
1991,,,,,,,,-3.676314353942871,9.999999747378752e-06,-0.024469375610351562,0.0018310998566448689,0.0838308334350586,0.01003718376159668,1022.0,0.14371681213378906,94.81999969482422,1.7191338539123535,-0.004094860982149839,0.1454225778579712,0.0,0.9999227523803711
1992,,,,,,,,-3.6721742153167725,1.4999999621068127e-05,-0.0049634212628006935,0.00015242095105350018,0.07118678092956543,0.01029515266418457,1178.0,0.14381739497184753,94.81999969482422,1.7191338539123535,-0.0038758059963583946,0.12630073726177216,0.0,0.9998714327812195
1993,,,,,,,,-3.6672606468200684,1.4999999621068127e-05,-0.027010662481188774,4.259308843757026e-05,0.07282710075378418,0.010436058044433594,1152.0,0.14389470219612122,94.81999969482422,1.7183712720870972,-0.003189561888575554,3.5938239761890145e-06,0.0,0.9998373985290527
1994,,,,,,,,-3.663300037384033,3.3749998692655936e-05,-0.01538556907325983,0.000610998016782105,0.0706319808959961,0.009921073913574219,1191.0,0.14399516582489014,94.81999969482422,1.7183712720870972,-0.003300229087471962,0.09966465085744858,0.0,0.9997884631156921
1995,,,,,,,,-3.6593539714813232,7.593750342493877e-05,-0.003632825566455722,3.5254225730895996,0.0881040096282959,0.010884761810302734,969.0,0.14400529861450195,95.1500015258789,1.7287938594818115,-0.004442100878804922,0.06309448182582855,-2.6041667461395264,0.9999306797981262
1996,,,,,,,,-3.6623497009277344,3.3749998692655936e-05,-0.010413935407996178,6.979896545410156,0.07942819595336914,0.01086878776550293,1063.0,0.14387820661067963,93.91000366210938,1.604266881942749,-0.005392482038587332,0.18459761142730713,-5.208333492279053,0.9998705983161926
1997,,,,,,,,-3.664529323577881,1.4999999621068127e-05,-0.02548099309206009,0.002824889263138175,0.07421207427978516,0.009921073913574219,1141.0,0.14398762583732605,93.91000366210938,1.604266881942749,-0.0036858487874269485,0.1570400446653366,0.0,0.9998936653137207
1998,,,,,,,,-3.658493757247925,2.2500000341096893e-05,-0.012618129141628742,0.00041287578642368317,0.07004714012145996,0.01003408432006836,1198.0,0.14415223896503448,93.91000366210938,1.604266881942749,-0.002951432019472122,0.009461364708840847,0.0,0.9998536705970764
1999,,,,,,,,-3.651191234588623,1.4999999621068127e-05,-0.02111910842359066,0.0006425139727070928,0.07803702354431152,0.010751962661743164,1081.0,0.14426274597644806,93.91000366210938,1.6046093702316284,-0.0036793590988963842,4.324750079831574e-06,0.0,0.9998211860656738
2000,,,,,,,,-3.6482815742492676,5.062499985797331e-05,-0.018546108156442642,0.0012168994871899486,0.07605123519897461,0.01065969467163086,1107.0,0.14426591992378235,93.91000366210938,1.6046631336212158,-0.00399384368211031,0.10063376277685165,0.0,0.9998382925987244
2001,,,,,,,,-3.649165391921997,1.4999999621068127e-05,-0.010754738934338093,6.156589508056641,0.08328890800476074,0.009978055953979492,1029.0,0.14424988627433777,92.16999816894531,1.4670755863189697,-0.00400589732453227,0.05790843442082405,-5.208333492279053,0.9999432563781738
2002,,,,,,,,-3.649524688720703,3.3749998692655936e-05,-0.013871826231479645,0.0023699726443737745,0.07527709007263184,0.009987115859985352,1125.0,0.14422762393951416,92.16999816894531,1.4670755863189697,-0.003532272996380925,0.04240298643708229,0.0,0.9998555183410645
2003,,,,,,,,-3.6542141437530518,5.062499985797331e-05,-0.016333194449543953,0.0009369534673169255,0.07491803169250488,0.009980916976928711,1130.0,0.14402201771736145,92.16999816894531,1.4652401208877563,-0.0032944781705737114,0.01897685043513775,0.0,0.9998320937156677
2004,,,,,,,,-3.661883592605591,9.999999747378752e-06,-0.014331766404211521,2.906233549118042,0.07929491996765137,0.010545969009399414,1068.0,0.14397357404232025,91.29000091552734,1.3956559896469116,-0.0036960251163691282,0.07260096073150635,-2.6041667461395264,0.9998696446418762
2005,-0.0020521478727459908,0.039671074599027634,-1.6666666269302368,0.4966072142124176,0.0,0.6666666865348816,0.3333333432674408,-3.6624603271484375,3.3749998692655936e-05,-0.006642172113060951,6.6108832359313965,0.08245611190795898,0.010109901428222656,1037.0,0.14397408068180084,89.77999877929688,1.264388084411621,-0.004285592585802078,0.06551413983106613,-5.208333492279053,0.999889075756073
2006,,,,,,,,-3.6602931022644043,9.999999747378752e-06,-0.007847645319998264,7.393282890319824,0.09085202217102051,0.009968757629394531,952.0,0.1440446674823761,87.16999816894531,1.0569429397583008,-0.004456697031855583,0.031034907326102257,-7.8125,0.9999169707298279
2007,,,,,,,,-3.657679557800293,9.999999747378752e-06,-0.012892457656562328,5.19876766204834,0.07390427589416504,0.010557889938354492,1136.0,0.14406731724739075,87.16999816894531,1.0571037530899048,-0.004214014392346144,-4.885675430297852,0.0,0.9998741149902344
2008,,,,,,,,-3.6571574211120605,3.3749998692655936e-05,-0.007358468137681484,0.004815463442355394,0.07431197166442871,0.01070404052734375,1129.0,0.14407795667648315,87.16999816894531,1.0571037530899048,-0.0034884922206401825,0.07628306746482849,0.0,0.9999046921730042
2009,,,,,,,,-3.6546452045440674,7.593750342493877e-05,0.0007134348270483315,0.0015587940579280257,0.0703580379486084,0.010376214981079102,1189.0,0.14418116211891174,87.16999816894531,1.0571037530899048,-0.0025578755885362625,0.01282444130629301,0.0,0.9998023509979248
2010,,,,,,,,-3.647829055786133,7.593750342493877e-05,-0.011670373380184174,2.893651008605957,0.08070492744445801,0.010419130325317383,1053.0,0.1443544179201126,86.30000305175781,0.8928287625312805,-0.003764648223295808,0.00011421375529607758,-2.6041667461395264,0.9998445510864258
2011,,,,,,,,-3.63925838470459,9.999999747378752e-06,-0.018382351845502853,6.344033718109131,0.07830190658569336,0.010035037994384766,1086.0,0.14447566866874695,86.30000305175781,0.8928287625312805,-0.004565234761685133,-4.910486221313477,0.0,0.9998783469200134
2012,-0.001605741330422461,0.019763091579079628,-1.6666666269302368,0.409952849149704,0.0,0.6666666865348816,0.3333333432674408,-3.636702060699463,5.062499985797331e-05,-0.0063791885040700436,5.191087245941162,0.08210086822509766,0.010226964950561523,1039.0,0.14447863399982452,84.52999877929688,0.754580557346344,-0.003670367179438472,0.04879526421427727,-5.208333492279053,0.9999444484710693
2013,,,,,,,,-3.6375010013580322,2.2500000341096893e-05,-0.019552038982510567,2.7446913719177246,0.07788705825805664,0.010175943374633789,1090.0,0.14446431398391724,83.69000244140625,0.6868317127227783,-0.0033408470917493105,0.0022374882828444242,-2.6041667461395264,0.9998323321342468
2014,,,,,,,,-3.637223958969116,9.999999747378752e-06,-0.014489492401480675,1.7531840801239014,0.07817220687866211,0.010442972183227539,1083.0,0.1444748491048813,83.69000244140625,0.5890991687774658,-0.0036094768438488245,0.006879886612296104,-2.6041667461395264,0.9998337626457214
2015,-0.0013078945921733975,0.01234439667314291,-2.0,0.2959693968296051,0.0,0.800000011920929,0.4000000059604645,-3.6366124153137207,7.593750342493877e-05,-0.009587902575731277,8.512784004211426,0.09644699096679688,0.009845972061157227,903.0,0.1444792002439499,81.0199966430664,0.3814682364463806,-0.005432778969407082,0.044653598219156265,-10.416666984558105,0.9999499320983887
2016,,,,,,,,-3.63510799407959,9.999999747378752e-06,-0.02149391360580921,4.786346912384033,0.08845710754394531,0.009898900985717773,976.0,0.14451295137405396,78.41999816894531,0.17531882226467133,-0.004210248123854399,0.07389067113399506,-7.8125,0.999943733215332
2017,,,,,,,,-3.6333377361297607,2.2500000341096893e-05,-0.017835894599556923,0.8535837531089783,0.07748913764953613,0.009797811508178711,1099.0,0.14454950392246246,77.55000305175781,0.10610651969909668,-0.0037201617378741503,0.10528018325567245,-2.6041667461395264,0.9998877048492432
2018,,,,,,,,-3.630944013595581,9.999999747378752e-06,-0.016118299216032028,4.394556522369385,0.07548403739929199,0.010831832885742188,1112.0,0.14459964632987976,77.36000061035156,0.05253668129444122,-0.0037430012598633766,0.028970306739211082,-5.208333492279053,0.9998695254325867
2019,,,,,,,,-3.6277074813842773,7.593750342493877e-05,-0.014731260016560555,2.668313980102539,0.08697891235351562,0.010242223739624023,987.0,0.1447504609823227,76.1500015258789,-0.07203145325183868,-0.004798884969204664,0.09655532240867615,-5.208333492279053,0.9999203681945801
2020,,,,,,,,-3.616823196411133,1.4999999621068127e-05,-0.017843004316091537,5.902056694030762,0.0702199935913086,0.010339021682739258,1191.0,0.1449705958366394,76.1500015258789,-0.07203145325183868,-0.00391886942088604,-4.918759822845459,0.0,0.9998719096183777
2021,,,,,,,,-3.6116366386413574,2.2500000341096893e-05,-0.015485923737287521,0.020610015839338303,0.07615399360656738,0.009772062301635742,1117.0,0.14503474533557892,76.1500015258789,-0.07215540111064911,-0.003152185119688511,0.0430796779692173,0.0,0.9998863339424133
2022,,,,,,,,-3.60968017578125,5.062499985797331e-05,-0.009147611446678638,0.017321396619081497,0.06970906257629395,0.009956836700439453,1205.0,0.1450444906949997,76.1500015258789,-0.07215540111064911,-0.003688092576339841,0.04782151058316231,0.0,0.9997971653938293
2023,,,,,,,,-3.6097049713134766,1.4999999621068127e-05,-0.01444491557776928,3.9107983112335205,0.08613991737365723,0.009935140609741211,999.0,0.14501145482063293,74.41999816894531,-0.30576422810554504,-0.004529840778559446,0.0012789975153282285,-5.208333492279053,0.9998981356620789
2024,,,,,,,,-3.61029052734375,5.062499985797331e-05,-0.006247412413358688,4.2849225997924805,0.08724498748779297,0.010164976119995117,985.0,0.14502736926078796,71.79000091552734,-0.5121729969978333,-0.00441741244867444,0.09716031700372696,-7.8125,0.999910831451416
2025,,,,,,,,-3.6096630096435547,2.2500000341096893e-05,-0.01807093620300293,0.04679853841662407,0.07909893989562988,0.01029205322265625,1073.0,0.14501015841960907,71.79000091552734,-0.5123387575149536,-0.00393978226929903,0.1399523764848709,0.0,0.9999033808708191
2026,,,,,,,,-3.610344886779785,2.2500000341096893e-05,-0.012570682913064957,1.8981292247772217,0.07570409774780273,0.010484933853149414,1113.0,0.14505735039710999,71.44000244140625,-0.5698714256286621,-0.003521254286170006,0.11178191751241684,-2.6041667461395264,0.9998970627784729
2027,,,,,,,,-3.6087145805358887,9.999999747378752e-06,-0.030485719442367554,0.9396495819091797,0.07820296287536621,0.010063886642456055,1087.0,0.14506307244300842,70.8499984741211,-0.6306579113006592,-0.0035192372743040323,0.08903525024652481,-2.6041667461395264,0.9998491406440735
2028,,,,,,,,-3.609980821609497,7.593750342493877e-05,-0.015397559851408005,0.01954084448516369,0.07685399055480957,0.009817123413085938,1107.0,0.14496973156929016,71.7300033569336,-0.5608879327774048,-0.0038257192354649305,0.03171174228191376,0.0,0.9998838305473328
2029,,,,,,,,-3.6169698238372803,1.4999999621068127e-05,-0.01692645251750946,7.212759971618652,0.07548689842224121,0.010542154312133789,1115.0,0.1448391228914261,71.7300033569336,-0.5608879327774048,-0.0039749895222485065,-5.0030999183654785,0.0,0.9998586177825928
2030,,,,,,,,-3.6195595264434814,9.999999747378752e-06,-0.016583049669861794,0.02693743258714676,0.07363510131835938,0.010340213775634766,1143.0,0.14481985569000244,71.7300033569336,-0.5607562065124512,-0.0031611835584044456,0.07817140966653824,0.0,0.9998593330383301
2031,,,,,,,,-3.6200618743896484,2.2500000341096893e-05,-0.014028428122401237,0.030393609777092934,0.07857823371887207,0.010344982147216797,1079.0,0.1448301523923874,71.7300033569336,-0.5617883205413818,-0.003671593964099884,0.06605494767427444,0.0,0.9998549818992615
2032,,,,,,,,-3.6198570728302,2.2500000341096893e-05,-0.007602742873132229,0.0164773091673851,0.07749724388122559,0.009970903396606445,1097.0,0.1447848677635193,71.7300033569336,-0.5627190470695496,-0.003897608956322074,0.05546863377094269,0.0,0.9998641014099121
2033,,,,,,,,-3.62038516998291,5.062499985797331e-05,-0.012871305458247662,7.554742813110352,0.07540202140808105,0.009808778762817383,1126.0,0.14484384655952454,71.7300033569336,-0.6603030562400818,-0.003649363527074456,-5.002495288848877,0.0,0.9998863339424133
2034,-0.0027615041472017765,0.0692034512758255,-1.25,0.6799221634864807,0.0,0.5,0.5,-3.615070104598999,9.999999747378752e-06,-0.01381057221442461,0.33732157945632935,0.07724428176879883,0.010023832321166992,1100.0,0.1449175775051117,71.08999633789062,-0.7241687774658203,-0.003978379536420107,0.12598282098770142,-2.6041667461395264,0.9998502731323242
2035,,,,,,,,-3.613701343536377,3.3749998692655936e-05,-0.014556648209691048,0.028568845242261887,0.08056378364562988,0.00992894172668457,1060.0,0.14495180547237396,71.08999633789062,-0.7241240739822388,-0.004646614659577608,0.06415870040655136,0.0,0.9998831152915955
2036,,,,,,,,-3.6120901107788086,9.999999747378752e-06,-0.027450023218989372,0.022594913840293884,0.06997108459472656,0.010179996490478516,1197.0,0.14495313167572021,71.08999633789062,-0.7241240739822388,-0.0034018259029835463,0.07702500373125076,0.0,0.9998494982719421
2037,,,,,,,,-3.6120543479919434,3.3749998692655936e-05,-0.01824832335114479,1.98593270778656,0.07940983772277832,0.01015329360961914,1071.0,0.14497514069080353,70.55999755859375,-0.8831185102462769,-0.003732477081939578,0.012541435658931732,-2.6041667461395264,0.9998750686645508
2038,,,,,,,,-3.6111114025115967,1.4999999621068127e-05,-0.023740114644169807,0.035031240433454514,0.08021998405456543,0.010619878768920898,1056.0,0.144974485039711,70.55999755859375,-0.8833867907524109,-0.004292591009289026,0.18259911239147186,0.0,0.9998726844787598
2039,,,,,,,,-3.6109421253204346,2.2500000341096893e-05,-0.018406322225928307,0.02357553318142891,0.0756368637084961,0.009856939315795898,1122.0,0.14499953389167786,70.55999755859375,-0.8834414482116699,-0.003634393448010087,0.08680728822946548,0.0,0.9999029040336609
2040,,,,,,,,-3.6081089973449707,2.2500000341096893e-05,-0.011461388319730759,0.007521547377109528,0.06791400909423828,0.010141849517822266,1229.0,0.14508716762065887,70.55999755859375,-0.8834414482116699,-0.0031307090539485216,0.03240366652607918,0.0,0.9998231530189514
2041,,,,,,,,-3.6033661365509033,2.2500000341096893e-05,-0.016698671504855156,0.004532886669039726,0.0792231559753418,0.010056018829345703,1075.0,0.1451583206653595,70.55999755859375,-0.8823441863059998,-0.003566320054233074,0.00015490023361053318,0.0,0.999833881855011
2042,,,,,,,,-3.5968825817108154,2.2500000341096893e-05,-0.028514230623841286,5.4221978187561035,0.08325409889221191,0.01024007797241211,1026.0,0.14538946747779846,69.66999816894531,-0.9527543187141418,-0.0036349825095385313,-4.964292526245117,-2.6041667461395264,0.9998757243156433
2043,,,,,,,,-3.586981773376465,9.999999747378752e-06,-0.01526631135493517,0.02177545055747032,0.07595109939575195,0.009888172149658203,1118.0,0.14545781910419464,69.66999816894531,-0.952460527420044,-0.00397053686901927,0.11373650282621384,0.0,0.9999017715454102
2044,,,,,,,,-3.5856518745422363,1.4999999621068127e-05,-0.008484024554491043,0.013797336257994175,0.06902289390563965,0.009824037551879883,1217.0,0.14542323350906372,69.66999816894531,-0.952460527420044,-0.003554057329893112,0.043211519718170166,0.0,0.9998428821563721
2045,,,,,,,,-3.587224006652832,3.3749998692655936e-05,-0.01752702333033085,0.004575816914439201,0.07146692276000977,0.009817838668823242,1181.0,0.1453874707221985,69.66999816894531,-1.0491533279418945,-0.003269027918577194,8.705937034392264e-06,0.0,0.9998164176940918
2046,,,,,,,,-3.58767032623291,2.2500000341096893e-05,-0.024712564423680305,3.878601551055908,0.08354997634887695,0.009937047958374023,1026.0,0.1454092413187027,67.9800033569336,-1.1859149932861328,-0.004232028964906931,0.022460298612713814,-5.208333492279053,0.9998871684074402
2047,-0.0016174651682376862,0.016923896968364716,-1.6666666269302368,0.41328510642051697,0.0,0.6666666865348816,0.3333333432674408,-3.5849084854125977,2.2500000341096893e-05,-0.018551241606473923,2.5307440757751465,0.08726382255554199,0.010351181030273438,983.0,0.14550577104091644,67.0999984741211,-1.2547483444213867,-0.005091956350952387,0.1538171023130417,-5.208333492279053,0.9999234676361084
2048,,,,,,,,-3.58001708984375,3.3749998692655936e-05,-0.02116076648235321,0.038512714207172394,0.07360315322875977,0.010428190231323242,1142.0,0.14560113847255707,67.0999984741211,-1.2547483444213867,-0.0036077762488275766,0.10155576467514038,0.0,0.9999188780784607
2049,,,,,,,,-3.575972080230713,1.4999999621068127e-05,-0.009522653184831142,0.005020166747272015,0.06967496871948242,0.010941028594970703,1190.0,0.14566592872142792,67.0999984741211,-1.2547483444213867,-0.0033611953258514404,0.01438019797205925,0.0,0.999823272228241
2050,,,,,,,,-3.573399066925049,9.999999747378752e-06,-0.01592983677983284,2.160724639892578,0.07554101943969727,0.010590076446533203,1114.0,0.14571000635623932,66.22000122070312,-1.322327971458435,-0.0033573515247553587,1.222001537826145e-05,-2.6041667461395264,0.9997985363006592
2051,,,,,,,,-3.5719797611236572,3.3749998692655936e-05,-0.01557693537324667,6.5052056312561035,0.09462594985961914,0.009969234466552734,917.0,0.14572212100028992,63.63999938964844,-1.527994990348816,-0.005053297150880098,0.0013560699298977852,-7.8125,0.9999092221260071
2052,,,,,,,,-3.568803548812866,1.4999999621068127e-05,-0.015346760861575603,1.1331218481063843,0.08494734764099121,0.009948968887329102,1011.0,0.14584223926067352,62.790000915527344,-1.596705675125122,-0.004360018763691187,0.154926136136055,-2.6041667461395264,0.9999268651008606
2053,,,,,,,,-3.5647473335266113,3.3749998692655936e-05,-0.014704650267958641,0.019358661025762558,0.07161283493041992,0.010331153869628906,1171.0,0.1458861529827118,62.790000915527344,-1.596705675125122,-0.003621574491262436,0.0678352490067482,0.0,0.9999268054962158
2054,,,,,,,,-3.563621997833252,3.3749998692655936e-05,-0.010495610535144806,0.0045003946870565414,0.06728482246398926,0.01066899299621582,1231.0,0.14590150117874146,62.790000915527344,-1.596705675125122,-0.0029083385597914457,8.697617886355147e-06,0.0,0.9997904896736145
2055,,,,,,,,-3.5664820671081543,3.3749998692655936e-05,-0.00720690842717886,0.0027467801701277494,0.07171130180358887,0.010128974914550781,1173.0,0.1457744538784027,62.790000915527344,-1.5968163013458252,-0.0034627094864845276,3.9089815828674546e-09,0.0,0.9997646808624268
2056,,,,,,,,-3.572356939315796,2.2500000341096893e-05,-0.03781044855713844,10.05292797088623,0.10070204734802246,0.010242938995361328,865.0,0.14574317634105682,58.93000030517578,-1.8824677467346191,-0.0059030973352491856,0.0006716942880302668,-13.020833015441895,0.9999505877494812
2057,,,,,,,,-3.5701217651367188,2.2500000341096893e-05,-0.017492854967713356,8.020753860473633,0.08647823333740234,0.010214805603027344,992.0,0.1458590030670166,56.75,-2.0305116176605225,-0.004843995440751314,0.14826306700706482,-10.416666984558105,0.9999432563781738
2058,,,,,,,,-3.5638587474823,1.4999999621068127e-05,-0.0236043743789196,2.1610755920410156,0.08542013168334961,0.01024484634399414,1003.0,0.14596010744571686,55.900001525878906,-2.0994014739990234,-0.0040871924720704556,0.031934238970279694,-2.6041667461395264,0.9999372959136963
2059,,,,,,,,-3.559298038482666,2.2500000341096893e-05,-0.016549203544855118,0.05631560832262039,0.06961297988891602,0.009690046310424805,1210.0,0.14605839550495148,55.900001525878906,-2.0994014739990234,-0.0036669352557510138,0.0765528753399849,0.0,0.9998348355293274
2060,,,,,,,,-3.553555488586426,1.4999999621068127e-05,-0.011453871615231037,0.004813875071704388,0.07242393493652344,0.009861946105957031,1166.0,0.14617052674293518,56.77000045776367,-2.0303990840911865,-0.0040300567634403706,0.0008339341729879379,0.0,0.9998238682746887
2061,,,,,,,,-3.5488502979278564,2.2500000341096893e-05,-0.018060144037008286,0.09292249381542206,0.07368898391723633,0.01001882553100586,1146.0,0.14626029133796692,56.77000045776367,-2.0303990840911865,-0.003952382132411003,0.1112743392586708,0.0,0.999842643737793
2062,,,,,,,,-3.542794704437256,3.3749998692655936e-05,-0.022896498441696167,0.013713780790567398,0.07892775535583496,0.009945154190063477,1080.0,0.14644348621368408,57.63999938964844,-1.9620976448059082,-0.0040933419950306416,0.04824124649167061,0.0,0.9999181628227234
2063,,,,,,,,-3.5319676399230957,1.4999999621068127e-05,-0.012984178029000759,3.9783105850219727,0.07832026481628418,0.010402679443359375,1082.0,0.14665691554546356,56.810001373291016,-2.0296623706817627,-0.004311563912779093,0.03216521814465523,-5.208333492279053,0.9998599886894226
2064,,,,,,,,-3.5247538089752197,3.3749998692655936e-05,-0.014201893471181393,1.9640897512435913,0.07748103141784668,0.010811090469360352,1087.0,0.14676684141159058,56.79999923706055,-2.0298948287963867,-0.003909338265657425,5.794693424832076e-05,-2.6041667461395264,0.9998294711112976
2065,-0.0018502810271456838,0.023584814742207527,-1.6666666269302368,0.41995179653167725,0.0,0.6666666865348816,0.3333333432674408,-3.519352912902832,1.4999999621068127e-05,-0.0241280198097229,3.90560245513916,0.08690309524536133,0.010008811950683594,990.0,0.14687970280647278,56.54999923706055,-2.0357162952423096,-0.004581851419061422,0.05007472634315491,-5.208333492279053,0.9998920559883118
2066,,,,,,,,-3.5160720348358154,5.062499985797331e-05,-0.017424961552023888,3.2591187953948975,0.0867471694946289,0.010046005249023438,991.0,0.14684897661209106,55.720001220703125,-2.1037139892578125,-0.004910570103675127,0.07195214182138443,-7.8125,0.9999241232872009
2067,,,,,,,,-3.5210537910461426,2.2500000341096893e-05,-0.0076222606003284454,0.12062832713127136,0.07611489295959473,0.010304927825927734,1110.0,0.14668412506580353,55.720001220703125,-2.1037139892578125,-0.004372122697532177,0.1626555174589157,0.0,0.9998628497123718
2068,,,,,,,,-3.5284194946289062,3.3749998692655936e-05,-0.01522549707442522,0.00734706548973918,0.07240700721740723,0.01057887077331543,1156.0,0.14652134478092194,55.720001220703125,-2.0076990127563477,-0.0033162522595375776,0.015367004089057446,0.0,0.9998550415039062
2069,,,,,,,,-3.5354533195495605,3.3749998692655936e-05,-0.014341240748763084,1.0778318643569946,0.07246589660644531,0.009938955307006836,1164.0,0.14645178616046906,54.869998931884766,-2.0758471488952637,-0.003204317530617118,0.009430189616978168,-2.6041667461395264,0.9998076558113098
2070,,,,,,,,-3.5354220867156982,1.4999999621068127e-05,-0.021727843210101128,0.06671908497810364,0.07841897010803223,0.009881019592285156,1087.0,0.146518275141716,55.7400016784668,-2.005969762802124,-0.004365880973637104,0.06864757090806961,0.0,0.9998750686645508
2071,-0.00343730254098773,0.05124157667160034,0.0,0.9998435974121094,0.0,0.0,1.0,-3.533106803894043,9.999999747378752e-06,-0.014781550504267216,0.20153649151325226,0.07811713218688965,0.010174989700317383,1087.0,0.1465533822774887,56.619998931884766,-1.9374032020568848,-0.0043099853210151196,0.16475419700145721,0.0,0.9998993873596191
2072,,,,,,,,-3.53195858001709,2.2500000341096893e-05,-0.014034138061106205,0.008861326612532139,0.06757092475891113,0.01063084602355957,1227.0,0.1465596705675125,56.619998931884766,-1.9374032020568848,-0.0037067800294607878,0.027219707146286964,0.0,0.9998433589935303
2073,,,,,,,,-3.53141450881958,2.2500000341096893e-05,-0.011378484778106213,0.0037547170650213957,0.07111024856567383,0.010113716125488281,1181.0,0.14658048748970032,57.5099983215332,-1.8686381578445435,-0.0030458627734333277,0.0002425172715447843,0.0,0.9997860789299011
2074,,,,,,,,-3.5308408737182617,1.4999999621068127e-05,-0.026333941146731377,0.07567321509122849,0.07708907127380371,0.010725975036621094,1093.0,0.14657500386238098,59.20000076293945,-1.7318968772888184,-0.00387687049806118,0.0945400521159172,0.0,0.9998487830162048
2075,,,,,,,,-3.5324478149414062,2.2500000341096893e-05,-0.01395924761891365,0.12836146354675293,0.07804679870605469,0.009994029998779297,1090.0,0.1465073823928833,59.20000076293945,-1.6351004838943481,-0.004246399737894535,0.12785299122333527,0.0,0.9998946189880371
2076,,,,,,,,-3.538417100906372,1.4999999621068127e-05,-0.002099752426147461,0.025827765464782715,0.0684659481048584,0.010083675384521484,1222.0,0.1463453471660614,59.20000076293945,-1.6351004838943481,-0.0036514850798994303,0.0750608965754509,0.0,0.9998471140861511
2077,,,,,,,,-3.5439140796661377,9.999999747378752e-06,-0.020424988120794296,0.0011515392689034343,0.0692908763885498,0.010504007339477539,1203.0,0.14629170298576355,59.20000076293945,-1.6344492435455322,-0.003271845169365406,1.138915558840381e-05,0.0,0.9997839331626892
2078,,,,,,,,-3.546184539794922,2.2500000341096893e-05,-0.02049333229660988,0.08215580880641937,0.07418394088745117,0.009905099868774414,1141.0,0.1462307721376419,60.09000015258789,-1.565948486328125,-0.0038842465728521347,0.08859279006719589,0.0,0.9998354911804199
2079,,,,,,,,-3.5494751930236816,9.999999747378752e-06,-0.010368064977228642,2.334169626235962,0.07787919044494629,0.009860038757324219,1094.0,0.14617285132408142,60.9900016784668,-1.4961867332458496,-0.005106656812131405,0.14543716609477997,-2.6041667461395264,0.9999011158943176
